attempt_key,provider_year_key,cms_provider_number,fiscal_year,provider_name,state_abbr,street_address,city,zip5,external_manual_lane,attempt_label,attempt_query,result_index,geocoder_point_fips,geocoder_point_county_name,geocoder_point_state_abbr,geocoder_lat,geocoder_lon,geocoder_name,geocoder_display_name,geocoder_category,geocoder_type,geocoder_address_house_number,geocoder_address_road,geocoder_address_city,geocoder_address_county,geocoder_address_state,geocoder_address_postcode,house_number_supported,zip_supported,city_supported,state_supported,health_result_supported,provider_name_supported,road_supported,manual_geocode_confidence,candidate_failures,result_json
eb65070729952c398076,100209__2023,100209,2023,HCA FLORIDA KENDALL HOSPITAL,FL,11750 BIRD ROAD,MIAMI,33175,same_city_unresolved_after_census_external_geocoder,address_only,"11750 BIRD ROAD, MIAMI, FL, 33175",0,12086,"Miami-Dade County, Florida",FL,25.7310036,-80.3862433,Kendall Regional Medical Center,"Kendall Regional Medical Center, 11750, Southwest 40th Street, Miami, Miami-Dade County, Florida, 33175, United States",amenity,hospital,11750,Southwest 40th Street,Miami,Miami-Dade County,Florida,33175,True,True,True,True,True,True,False,0.96,,"{""address"": {""ISO3166-2-lvl4"": ""US-FL"", ""amenity"": ""Kendall Regional Medical Center"", ""city"": ""Miami"", ""country"": ""United States"", ""country_code"": ""us"", ""county"": ""Miami-Dade County"", ""house_number"": ""11750"", ""postcode"": ""33175"", ""road"": ""Southwest 40th Street"", ""state"": ""Florida""}, ""addresstype"": ""amenity"", ""boundingbox"": [""25.7300054"", ""25.7318952"", ""-80.3880944"", ""-80.3844825""], ""category"": ""amenity"", ""display_name"": ""Kendall Regional Medical Center, 11750, Southwest 40th Street, Miami, Miami-Dade County, Florida, 33175, United States"", ""extratags"": {""emergency"": ""yes"", ""healthcare"": ""hospital"", ""healthcare:speciality"": ""general;psychiatry;paediatrics;gynaecology;emergency;trauma"", ""opening_hours"": ""24/7"", ""operator"": ""HCA East Florida"", ""operator:type"": ""private_for_profit"", ""phone"": ""+1 305 223 3000"", ""website"": ""https://kendallmed.com/""}, ""importance"": 5.170290684362581e-05, ""lat"": ""25.7310036"", ""licence"": ""Data \u00a9 OpenStreetMap contributors, ODbL 1.0. http://osm.org/copyright"", ""lon"": ""-80.3862433"", ""name"": ""Kendall Regional Medical Center"", ""osm_id"": 18102244, ""osm_type"": ""relation"", ""place_id"": 303622554, ""place_rank"": 30, ""type"": ""hospital""}"
eb65070729952c398076,100209__2023,100209,2023,HCA FLORIDA KENDALL HOSPITAL,FL,11750 BIRD ROAD,MIAMI,33175,same_city_unresolved_after_census_external_geocoder,address_only,"11750 BIRD ROAD, MIAMI, FL, 33175",1,12086,"Miami-Dade County, Florida",FL,25.7307014,-80.3857472,,"11750, Southwest 40th Street, Miami, Miami-Dade County, Florida, 33175, United States",building,hospital,11750,Southwest 40th Street,Miami,Miami-Dade County,Florida,33175,True,True,True,True,False,True,False,0.88,confidence_below_0_90,"{""address"": {""ISO3166-2-lvl4"": ""US-FL"", ""city"": ""Miami"", ""country"": ""United States"", ""country_code"": ""us"", ""county"": ""Miami-Dade County"", ""house_number"": ""11750"", ""postcode"": ""33175"", ""road"": ""Southwest 40th Street"", ""state"": ""Florida""}, ""addresstype"": ""building"", ""boundingbox"": [""25.7300831"", ""25.7313254"", ""-80.3868797"", ""-80.3845757""], ""category"": ""building"", ""display_name"": ""11750, Southwest 40th Street, Miami, Miami-Dade County, Florida, 33175, United States"", ""extratags"": {""height"": ""31.4"", ""layer"": ""1""}, ""importance"": 5.170290684362581e-05, ""lat"": ""25.7307014"", ""licence"": ""Data \u00a9 OpenStreetMap contributors, ODbL 1.0. http://osm.org/copyright"", ""lon"": ""-80.3857472"", ""name"": """", ""osm_id"": 8886947, ""osm_type"": ""relation"", ""place_id"": 304499640, ""place_rank"": 30, ""type"": ""hospital""}"
eb65070729952c398076,100209__2023,100209,2023,HCA FLORIDA KENDALL HOSPITAL,FL,11750 BIRD ROAD,MIAMI,33175,same_city_unresolved_after_census_external_geocoder,address_only,"11750 BIRD ROAD, MIAMI, FL, 33175",2,12086,"Miami-Dade County, Florida",FL,25.7319554,-80.3851459,,"11750, Southwest 40th Street, Miami-Dade County, Florida, 33175, United States",place,house,11750,Southwest 40th Street,,Miami-Dade County,Florida,33175,True,True,True,True,False,True,False,0.88,confidence_below_0_90,"{""address"": {""ISO3166-2-lvl4"": ""US-FL"", ""country"": ""United States"", ""country_code"": ""us"", ""county"": ""Miami-Dade County"", ""house_number"": ""11750"", ""postcode"": ""33175"", ""road"": ""Southwest 40th Street"", ""state"": ""Florida""}, ""addresstype"": ""place"", ""boundingbox"": [""25.7319054"", ""25.7320054"", ""-80.3851959"", ""-80.3850959""], ""category"": ""place"", ""display_name"": ""11750, Southwest 40th Street, Miami-Dade County, Florida, 33175, United States"", ""extratags"": null, ""importance"": 9.99999999995449e-06, ""lat"": ""25.7319554"", ""licence"": ""Data \u00a9 OpenStreetMap contributors, ODbL 1.0. http://osm.org/copyright"", ""lon"": ""-80.3851459"", ""name"": """", ""osm_id"": 1237941668, ""osm_type"": ""way"", ""place_id"": 388708624, ""place_rank"": 30, ""type"": ""house""}"
a414ef3b22cffbc74dd5,190064__2024,190064,2024,OUR LADY OF THE LAKE RMC,LA,5000 HENNESSY BLVD,BATON ROUGE,70808,same_city_unresolved_after_census_external_geocoder,address_only,"5000 HENNESSY BLVD, BATON ROUGE, LA, 70808",0,22033,"East Baton Rouge Parish, Louisiana",LA,30.4037402,-91.1062235,Saint Francis Chapel at Our Lady of the Lake Regional Medical Center,"Saint Francis Chapel at Our Lady of the Lake Regional Medical Center, 5000, Hennessy Boulevard, Baton Rouge, East Baton Rouge Parish, Louisiana, 70808, United States",amenity,place_of_worship,5000,Hennessy Boulevard,Baton Rouge,East Baton Rouge Parish,Louisiana,70808,True,True,True,True,False,True,True,0.92,,"{""address"": {""ISO3166-2-lvl4"": ""US-LA"", ""amenity"": ""Saint Francis Chapel at Our Lady of the Lake Regional Medical Center"", ""city"": ""Baton Rouge"", ""country"": ""United States"", ""country_code"": ""us"", ""county"": ""East Baton Rouge Parish"", ""house_number"": ""5000"", ""postcode"": ""70808"", ""road"": ""Hennessy Boulevard"", ""state"": ""Louisiana""}, ""addresstype"": ""amenity"", ""boundingbox"": [""30.4036902"", ""30.4037902"", ""-91.1062735"", ""-91.1061735""], ""category"": ""amenity"", ""display_name"": ""Saint Francis Chapel at Our Lady of the Lake Regional Medical Center, 5000, Hennessy Boulevard, Baton Rouge, East Baton Rouge Parish, Louisiana, 70808, United States"", ""extratags"": {""denomination"": ""roman_catholic"", ""diocese"": ""Baton Rouge"", ""phone"": ""+1 225-765-8896"", ""religion"": ""christian"", ""website"": ""https://ololrmc.com/""}, ""importance"": 6.807888914316042e-05, ""lat"": ""30.4037402"", ""licence"": ""Data \u00a9 OpenStreetMap contributors, ODbL 1.0. http://osm.org/copyright"", ""lon"": ""-91.1062235"", ""name"": ""Saint Francis Chapel at Our Lady of the Lake Regional Medical Center"", ""osm_id"": 9776283134, ""osm_type"": ""node"", ""place_id"": 304245455, ""place_rank"": 30, ""type"": ""place_of_worship""}"
a414ef3b22cffbc74dd5,190064__2024,190064,2024,OUR LADY OF THE LAKE RMC,LA,5000 HENNESSY BLVD,BATON ROUGE,70808,same_city_unresolved_after_census_external_geocoder,address_only,"5000 HENNESSY BLVD, BATON ROUGE, LA, 70808",1,22033,"East Baton Rouge Parish, Louisiana",LA,30.4040708,-91.1056168,,"5000, Hennessy Boulevard, Baton Rouge, East Baton Rouge Parish, Louisiana, 70836, United States",place,house,5000,Hennessy Boulevard,Baton Rouge,East Baton Rouge Parish,Louisiana,70836,True,False,True,True,False,False,True,0.7,postcode_not_supported; confidence_below_0_90,"{""address"": {""ISO3166-2-lvl4"": ""US-LA"", ""city"": ""Baton Rouge"", ""country"": ""United States"", ""country_code"": ""us"", ""county"": ""East Baton Rouge Parish"", ""house_number"": ""5000"", ""postcode"": ""70836"", ""road"": ""Hennessy Boulevard"", ""state"": ""Louisiana""}, ""addresstype"": ""place"", ""boundingbox"": [""30.4040208"", ""30.4041208"", ""-91.1056668"", ""-91.1055668""], ""category"": ""place"", ""display_name"": ""5000, Hennessy Boulevard, Baton Rouge, East Baton Rouge Parish, Louisiana, 70836, United States"", ""extratags"": {""access"": ""yes"", ""door"": ""automatic""}, ""importance"": 6.807888914316042e-05, ""lat"": ""30.4040708"", ""licence"": ""Data \u00a9 OpenStreetMap contributors, ODbL 1.0. http://osm.org/copyright"", ""lon"": ""-91.1056168"", ""name"": """", ""osm_id"": 8555291155, ""osm_type"": ""node"", ""place_id"": 303063296, ""place_rank"": 30, ""type"": ""house""}"
19b3026ab8a8fd67f74d,370093__2024,370093,2024,OU MEDICAL CENTER,OK,1200 CHILDRENS AVE,OKLAHOMA CITY,73104,same_city_unresolved_after_census_external_geocoder,provider_city_zip,"OU MEDICAL CENTER, OKLAHOMA CITY, OK, 73104",0,40109,"Oklahoma County, Oklahoma",OK,35.4812872,-97.5010817,OU Medical Center,"OU Medical Center, 700, Northeast 13th Street, Oklahoma City, Oklahoma County, Oklahoma, 73104, United States",amenity,hospital,700,Northeast 13th Street,Oklahoma City,Oklahoma County,Oklahoma,73104,False,True,True,True,True,True,False,0.78,house_number_not_supported; confidence_below_0_90,"{""address"": {""ISO3166-2-lvl4"": ""US-OK"", ""amenity"": ""OU Medical Center"", ""city"": ""Oklahoma City"", ""country"": ""United States"", ""country_code"": ""us"", ""county"": ""Oklahoma County"", ""house_number"": ""700"", ""postcode"": ""73104"", ""road"": ""Northeast 13th Street"", ""state"": ""Oklahoma""}, ""addresstype"": ""amenity"", ""boundingbox"": [""35.4803321"", ""35.4822092"", ""-97.5031652"", ""-97.4991223""], ""category"": ""amenity"", ""display_name"": ""OU Medical Center, 700, Northeast 13th Street, Oklahoma City, Oklahoma County, Oklahoma, 73104, United States"", ""extratags"": {""beds"": ""350"", ""emergency"": ""yes"", ""healthcare"": ""hospital"", ""opening_hours"": ""24/7"", ""operator"": ""OU Medicine"", ""phone"": ""+1 405 271 4700"", ""website"": ""https://www.oumedicine.com/ou-medical-center"", ""wikidata"": ""Q7073144""}, ""importance"": 0.2917175836992075, ""lat"": ""35.4812872"", ""licence"": ""Data \u00a9 OpenStreetMap contributors, ODbL 1.0. http://osm.org/copyright"", ""lon"": ""-97.5010817"", ""name"": ""OU Medical Center"", ""osm_id"": 176911625, ""osm_type"": ""way"", ""place_id"": 339674421, ""place_rank"": 30, ""type"": ""hospital""}"
35a68dffca120a0b0361,450788__2024,450788,2024,CORPUS CHRISTI MEDICAL CENTER,TX,7101 SOUTH PADRE ISLAND DRIVE,CORPUS CHRISTI,78412,same_city_unresolved_after_census_external_geocoder,address_only,"7101 SOUTH PADRE ISLAND DRIVE, CORPUS CHRISTI, TX, 78412",0,48355,"Nueces County, Texas",TX,27.6931502,-97.3449380,Corpus Christi Medical Center - Bay Area,"Corpus Christi Medical Center - Bay Area, 7101, South Padre Island Drive, Corpus Christi, Nueces County, Texas, 78412, United States",amenity,hospital,7101,South Padre Island Drive,Corpus Christi,Nueces County,Texas,78412,True,True,True,True,True,True,True,1.0,,"{""address"": {""ISO3166-2-lvl4"": ""US-TX"", ""amenity"": ""Corpus Christi Medical Center - Bay Area"", ""city"": ""Corpus Christi"", ""country"": ""United States"", ""country_code"": ""us"", ""county"": ""Nueces County"", ""house_number"": ""7101"", ""postcode"": ""78412"", ""road"": ""South Padre Island Drive"", ""state"": ""Texas""}, ""addresstype"": ""amenity"", ""boundingbox"": [""27.6906816"", ""27.6948350"", ""-97.3469382"", ""-97.3425882""], ""category"": ""amenity"", ""display_name"": ""Corpus Christi Medical Center - Bay Area, 7101, South Padre Island Drive, Corpus Christi, Nueces County, Texas, 78412, United States"", ""extratags"": {""emergency"": ""yes"", ""healthcare"": ""hospital"", ""opening_hours"": ""24/7"", ""operator"": ""HCA"", ""operator:type"": ""private"", ""operator:wikidata"": ""Q1630431"", ""phone"": ""+1 361 761 1000"", ""website"": ""https://ccmedicalcenter.com/location/bay-area""}, ""importance"": 6.79385061417108e-05, ""lat"": ""27.6931502"", ""licence"": ""Data \u00a9 OpenStreetMap contributors, ODbL 1.0. http://osm.org/copyright"", ""lon"": ""-97.3449380"", ""name"": ""Corpus Christi Medical Center - Bay Area"", ""osm_id"": 262704576, ""osm_type"": ""way"", ""place_id"": 315881231, ""place_rank"": 30, ""type"": ""hospital""}"
35a68dffca120a0b0361,450788__2024,450788,2024,CORPUS CHRISTI MEDICAL CENTER,TX,7101 SOUTH PADRE ISLAND DRIVE,CORPUS CHRISTI,78412,same_city_unresolved_after_census_external_geocoder,address_only,"7101 SOUTH PADRE ISLAND DRIVE, CORPUS CHRISTI, TX, 78412",1,48355,"Nueces County, Texas",TX,27.6949445,-97.3435087,,"7101, South Padre Island Drive, Corpus Christi, Nueces County, Texas, 78412, United States",place,house,7101,South Padre Island Drive,Corpus Christi,Nueces County,Texas,78412,True,True,True,True,False,True,True,0.92,,"{""address"": {""ISO3166-2-lvl4"": ""US-TX"", ""city"": ""Corpus Christi"", ""country"": ""United States"", ""country_code"": ""us"", ""county"": ""Nueces County"", ""house_number"": ""7101"", ""postcode"": ""78412"", ""road"": ""South Padre Island Drive"", ""state"": ""Texas""}, ""addresstype"": ""place"", ""boundingbox"": [""27.6948945"", ""27.6949945"", ""-97.3435587"", ""-97.3434587""], ""category"": ""place"", ""display_name"": ""7101, South Padre Island Drive, Corpus Christi, Nueces County, Texas, 78412, United States"", ""extratags"": null, ""importance"": 9.99999999995449e-06, ""lat"": ""27.6949445"", ""licence"": ""Data \u00a9 OpenStreetMap contributors, ODbL 1.0. http://osm.org/copyright"", ""lon"": ""-97.3435087"", ""name"": """", ""osm_id"": 474482314, ""osm_type"": ""way"", ""place_id"": 406632779, ""place_rank"": 30, ""type"": ""house""}"
86632b38a7d4f1557bf2,290041__2023,290041,2023,SUMMERLIN HOSPITAL MEDICAL CENTER,NV,657 TOWN CENTER DRIVE,LAS VEGAS,89114,same_city_unresolved_after_census_external_geocoder,address_only,"657 TOWN CENTER DRIVE, LAS VEGAS, NV, 89114",0,32003,"Clark County, Nevada",NV,36.1811913,-115.3169384,Summerlin Hospital,"Summerlin Hospital, 657, North Town Center Drive, The Crossing, Summerlin North, Summerlin, Las Vegas, Clark County, Nevada, 89144, United States",amenity,hospital,657,North Town Center Drive,Las Vegas,Clark County,Nevada,89144,True,False,True,True,True,True,True,0.82,postcode_not_supported; confidence_below_0_90,"{""address"": {""ISO3166-2-lvl4"": ""US-NV"", ""amenity"": ""Summerlin Hospital"", ""city"": ""Las Vegas"", ""country"": ""United States"", ""country_code"": ""us"", ""county"": ""Clark County"", ""house_number"": ""657"", ""neighbourhood"": ""The Crossing"", ""postcode"": ""89144"", ""quarter"": ""Summerlin North"", ""road"": ""North Town Center Drive"", ""state"": ""Nevada"", ""suburb"": ""Summerlin""}, ""addresstype"": ""amenity"", ""boundingbox"": [""36.1788962"", ""36.1835315"", ""-115.3199324"", ""-115.3140988""], ""category"": ""amenity"", ""display_name"": ""Summerlin Hospital, 657, North Town Center Drive, The Crossing, Summerlin North, Summerlin, Las Vegas, Clark County, Nevada, 89144, United States"", ""extratags"": {""emergency"": ""yes"", ""healthcare"": ""hospital"", ""opening_hours"": ""24/7"", ""operator"": ""Universal Health Services"", ""operator:short"": ""UHS"", ""operator:type"": ""private"", ""operator:wikidata"": ""Q7893967"", ""phone"": ""+1 702 233 7000"", ""website"": ""https://www.summerlinhospital.com/"", ""wikidata"": ""Q7637626"", ""wikipedia"": ""en:Summerlin Hospital""}, ""importance"": 0.244781979759108, ""lat"": ""36.1811913"", ""licence"": ""Data \u00a9 OpenStreetMap contributors, ODbL 1.0. http://osm.org/copyright"", ""lon"": ""-115.3169384"", ""name"": ""Summerlin Hospital"", ""osm_id"": 388950708, ""osm_type"": ""way"", ""place_id"": 321998467, ""place_rank"": 30, ""type"": ""hospital""}"
86632b38a7d4f1557bf2,290041__2023,290041,2023,SUMMERLIN HOSPITAL MEDICAL CENTER,NV,657 TOWN CENTER DRIVE,LAS VEGAS,89114,same_city_unresolved_after_census_external_geocoder,address_only,"657 TOWN CENTER DRIVE, LAS VEGAS, NV, 89114",1,32003,"Clark County, Nevada",NV,36.1659411,-115.3243742,,"657, South Town Center Drive, Summerlin North, Summerlin, Las Vegas, Clark County, Nevada, 89144, United States",place,house,657,South Town Center Drive,Las Vegas,Clark County,Nevada,89144,True,False,True,True,False,True,True,0.74,postcode_not_supported; confidence_below_0_90,"{""address"": {""ISO3166-2-lvl4"": ""US-NV"", ""city"": ""Las Vegas"", ""country"": ""United States"", ""country_code"": ""us"", ""county"": ""Clark County"", ""house_number"": ""657"", ""postcode"": ""89144"", ""quarter"": ""Summerlin North"", ""road"": ""South Town Center Drive"", ""state"": ""Nevada"", ""suburb"": ""Summerlin""}, ""addresstype"": ""place"", ""boundingbox"": [""36.1658911"", ""36.1659911"", ""-115.3244242"", ""-115.3243242""], ""category"": ""place"", ""display_name"": ""657, South Town Center Drive, Summerlin North, Summerlin, Las Vegas, Clark County, Nevada, 89144, United States"", ""extratags"": null, ""importance"": 9.99999999995449e-06, ""lat"": ""36.1659411"", ""licence"": ""Data \u00a9 OpenStreetMap contributors, ODbL 1.0. http://osm.org/copyright"", ""lon"": ""-115.3243742"", ""name"": """", ""osm_id"": 1047086805, ""osm_type"": ""way"", ""place_id"": 391336006, ""place_rank"": 30, ""type"": ""house""}"
86632b38a7d4f1557bf2,290041__2023,290041,2023,SUMMERLIN HOSPITAL MEDICAL CENTER,NV,657 TOWN CENTER DRIVE,LAS VEGAS,89114,same_city_unresolved_after_census_external_geocoder,address_only,"657 TOWN CENTER DRIVE, LAS VEGAS, NV, 89114",2,32003,"Clark County, Nevada",NV,36.1790442,-115.3168993,,"657, North Town Center Drive, The Canyons, Summerlin North, Summerlin, Las Vegas, Clark County, Nevada, 89144, United States",place,house,657,North Town Center Drive,Las Vegas,Clark County,Nevada,89144,True,False,True,True,False,True,True,0.74,postcode_not_supported; confidence_below_0_90,"{""address"": {""ISO3166-2-lvl4"": ""US-NV"", ""city"": ""Las Vegas"", ""country"": ""United States"", ""country_code"": ""us"", ""county"": ""Clark County"", ""house_number"": ""657"", ""neighbourhood"": ""The Canyons"", ""postcode"": ""89144"", ""quarter"": ""Summerlin North"", ""road"": ""North Town Center Drive"", ""state"": ""Nevada"", ""suburb"": ""Summerlin""}, ""addresstype"": ""place"", ""boundingbox"": [""36.1789942"", ""36.1790942"", ""-115.3169493"", ""-115.3168493""], ""category"": ""place"", ""display_name"": ""657, North Town Center Drive, The Canyons, Summerlin North, Summerlin, Las Vegas, Clark County, Nevada, 89144, United States"", ""extratags"": null, ""importance"": 9.99999999995449e-06, ""lat"": ""36.1790442"", ""licence"": ""Data \u00a9 OpenStreetMap contributors, ODbL 1.0. http://osm.org/copyright"", ""lon"": ""-115.3168993"", ""name"": """", ""osm_id"": 827097298, ""osm_type"": ""way"", ""place_id"": 391382652, ""place_rank"": 30, ""type"": ""house""}"
92db0f45fc7e0fbf6d06,290041__2023,290041,2023,SUMMERLIN HOSPITAL MEDICAL CENTER,NV,657 TOWN CENTER DRIVE,LAS VEGAS,89114,same_city_unresolved_after_census_external_geocoder,address_no_zip,"657 TOWN CENTER DRIVE, LAS VEGAS, NV",0,32003,"Clark County, Nevada",NV,36.1811913,-115.3169384,Summerlin Hospital,"Summerlin Hospital, 657, North Town Center Drive, The Canyons, Summerlin North, Summerlin, Las Vegas, Clark County, Nevada, 89144, United States",amenity,hospital,657,North Town Center Drive,Las Vegas,Clark County,Nevada,89144,True,False,True,True,True,True,True,0.82,postcode_not_supported; confidence_below_0_90,"{""address"": {""ISO3166-2-lvl4"": ""US-NV"", ""amenity"": ""Summerlin Hospital"", ""city"": ""Las Vegas"", ""country"": ""United States"", ""country_code"": ""us"", ""county"": ""Clark County"", ""house_number"": ""657"", ""neighbourhood"": ""The Canyons"", ""postcode"": ""89144"", ""quarter"": ""Summerlin North"", ""road"": ""North Town Center Drive"", ""state"": ""Nevada"", ""suburb"": ""Summerlin""}, ""addresstype"": ""amenity"", ""boundingbox"": [""36.1788962"", ""36.1835315"", ""-115.3199324"", ""-115.3140988""], ""category"": ""amenity"", ""display_name"": ""Summerlin Hospital, 657, North Town Center Drive, The Canyons, Summerlin North, Summerlin, Las Vegas, Clark County, Nevada, 89144, United States"", ""extratags"": {""emergency"": ""yes"", ""healthcare"": ""hospital"", ""opening_hours"": ""24/7"", ""operator"": ""Universal Health Services"", ""operator:short"": ""UHS"", ""operator:type"": ""private"", ""operator:wikidata"": ""Q7893967"", ""phone"": ""+1 702 233 7000"", ""website"": ""https://www.summerlinhospital.com/"", ""wikidata"": ""Q7637626"", ""wikipedia"": ""en:Summerlin Hospital""}, ""importance"": 0.244781979759108, ""lat"": ""36.1811913"", ""licence"": ""Data \u00a9 OpenStreetMap contributors, ODbL 1.0. http://osm.org/copyright"", ""lon"": ""-115.3169384"", ""name"": ""Summerlin Hospital"", ""osm_id"": 388950708, ""osm_type"": ""way"", ""place_id"": 320841963, ""place_rank"": 30, ""type"": ""hospital""}"
92db0f45fc7e0fbf6d06,290041__2023,290041,2023,SUMMERLIN HOSPITAL MEDICAL CENTER,NV,657 TOWN CENTER DRIVE,LAS VEGAS,89114,same_city_unresolved_after_census_external_geocoder,address_no_zip,"657 TOWN CENTER DRIVE, LAS VEGAS, NV",1,32003,"Clark County, Nevada",NV,36.1790442,-115.3168993,,"657, North Town Center Drive, The Canyons, Summerlin North, Summerlin, Las Vegas, Clark County, Nevada, 89144, United States",place,house,657,North Town Center Drive,Las Vegas,Clark County,Nevada,89144,True,False,True,True,False,True,True,0.74,postcode_not_supported; confidence_below_0_90,"{""address"": {""ISO3166-2-lvl4"": ""US-NV"", ""city"": ""Las Vegas"", ""country"": ""United States"", ""country_code"": ""us"", ""county"": ""Clark County"", ""house_number"": ""657"", ""neighbourhood"": ""The Canyons"", ""postcode"": ""89144"", ""quarter"": ""Summerlin North"", ""road"": ""North Town Center Drive"", ""state"": ""Nevada"", ""suburb"": ""Summerlin""}, ""addresstype"": ""place"", ""boundingbox"": [""36.1789942"", ""36.1790942"", ""-115.3169493"", ""-115.3168493""], ""category"": ""place"", ""display_name"": ""657, North Town Center Drive, The Canyons, Summerlin North, Summerlin, Las Vegas, Clark County, Nevada, 89144, United States"", ""extratags"": null, ""importance"": 9.99999999995449e-06, ""lat"": ""36.1790442"", ""licence"": ""Data \u00a9 OpenStreetMap contributors, ODbL 1.0. http://osm.org/copyright"", ""lon"": ""-115.3168993"", ""name"": """", ""osm_id"": 827097298, ""osm_type"": ""way"", ""place_id"": 400657524, ""place_rank"": 30, ""type"": ""house""}"
92db0f45fc7e0fbf6d06,290041__2023,290041,2023,SUMMERLIN HOSPITAL MEDICAL CENTER,NV,657 TOWN CENTER DRIVE,LAS VEGAS,89114,same_city_unresolved_after_census_external_geocoder,address_no_zip,"657 TOWN CENTER DRIVE, LAS VEGAS, NV",2,32003,"Clark County, Nevada",NV,36.1659411,-115.3243742,,"657, South Town Center Drive, Summerlin North, Summerlin, Las Vegas, Clark County, Nevada, 89144, United States",place,house,657,South Town Center Drive,Las Vegas,Clark County,Nevada,89144,True,False,True,True,False,True,True,0.74,postcode_not_supported; confidence_below_0_90,"{""address"": {""ISO3166-2-lvl4"": ""US-NV"", ""city"": ""Las Vegas"", ""country"": ""United States"", ""country_code"": ""us"", ""county"": ""Clark County"", ""house_number"": ""657"", ""postcode"": ""89144"", ""quarter"": ""Summerlin North"", ""road"": ""South Town Center Drive"", ""state"": ""Nevada"", ""suburb"": ""Summerlin""}, ""addresstype"": ""place"", ""boundingbox"": [""36.1658911"", ""36.1659911"", ""-115.3244242"", ""-115.3243242""], ""category"": ""place"", ""display_name"": ""657, South Town Center Drive, Summerlin North, Summerlin, Las Vegas, Clark County, Nevada, 89144, United States"", ""extratags"": null, ""importance"": 9.99999999995449e-06, ""lat"": ""36.1659411"", ""licence"": ""Data \u00a9 OpenStreetMap contributors, ODbL 1.0. http://osm.org/copyright"", ""lon"": ""-115.3243742"", ""name"": """", ""osm_id"": 1047086805, ""osm_type"": ""way"", ""place_id"": 400596782, ""place_rank"": 30, ""type"": ""house""}"
c921d4ae437f7fe068e6,030115__2023,030115,2023,BANNER ESTRELLA MEDICAL CENTER,AZ,9201 WEST THOMAS ROAD,PHOENIX,85037,same_city_unresolved_after_census_external_geocoder,address_only,"9201 WEST THOMAS ROAD, PHOENIX, AZ, 85037",0,04013,"Maricopa County, Arizona",AZ,33.4782685,-112.2573789,Banner Estrella Medical Center,"Banner Estrella Medical Center, 9201, West Thomas Road, Maryvale, Phoenix, Maricopa County, Arizona, 85037, United States",amenity,hospital,9201,West Thomas Road,Phoenix,Maricopa County,Arizona,85037,True,True,True,True,True,True,True,1.0,,"{""address"": {""ISO3166-2-lvl4"": ""US-AZ"", ""amenity"": ""Banner Estrella Medical Center"", ""city"": ""Phoenix"", ""country"": ""United States"", ""country_code"": ""us"", ""county"": ""Maricopa County"", ""house_number"": ""9201"", ""postcode"": ""85037"", ""road"": ""West Thomas Road"", ""state"": ""Arizona"", ""suburb"": ""Maryvale""}, ""addresstype"": ""amenity"", ""boundingbox"": [""33.4769022"", ""33.4795490"", ""-112.2598068"", ""-112.2553209""], ""category"": ""amenity"", ""display_name"": ""Banner Estrella Medical Center, 9201, West Thomas Road, Maryvale, Phoenix, Maricopa County, Arizona, 85037, United States"", ""extratags"": {""beds"": ""317"", ""emergency"": ""yes"", ""healthcare"": ""hospital"", ""healthcare:speciality"": ""emergency;trauma"", ""internet_access"": ""wlan"", ""opening_hours"": ""24/7"", ""operator"": ""Banner Health"", ""operator:type"": ""private"", ""operator:wikidata"": ""Q4856918"", ""operator:wikipedia"": ""en:Banner Health"", ""phone"": ""+1 623 327 4000"", ""smoking"": ""no"", ""start_date"": ""2005"", ""website"": ""https://www.bannerhealth.com/locations/phoenix/banner-estrella-medical-center"", ""wheelchair"": ""yes"", ""wikidata"": ""Q30279926""}, ""importance"": 7.330205233839959e-05, ""lat"": ""33.4782685"", ""licence"": ""Data \u00a9 OpenStreetMap contributors, ODbL 1.0. http://osm.org/copyright"", ""lon"": ""-112.2573789"", ""name"": ""Banner Estrella Medical Center"", ""osm_id"": 420229489, ""osm_type"": ""way"", ""place_id"": 316896172, ""place_rank"": 30, ""type"": ""hospital""}"
c921d4ae437f7fe068e6,030115__2023,030115,2023,BANNER ESTRELLA MEDICAL CENTER,AZ,9201 WEST THOMAS ROAD,PHOENIX,85037,same_city_unresolved_after_census_external_geocoder,address_only,"9201 WEST THOMAS ROAD, PHOENIX, AZ, 85037",1,04013,"Maricopa County, Arizona",AZ,33.4781467,-112.2577009,,"9201, West Thomas Road, Maryvale, Phoenix, Maricopa County, Arizona, 85037, United States",building,hospital,9201,West Thomas Road,Phoenix,Maricopa County,Arizona,85037,True,True,True,True,False,False,True,0.88,confidence_below_0_90,"{""address"": {""ISO3166-2-lvl4"": ""US-AZ"", ""city"": ""Phoenix"", ""country"": ""United States"", ""country_code"": ""us"", ""county"": ""Maricopa County"", ""house_number"": ""9201"", ""postcode"": ""85037"", ""road"": ""West Thomas Road"", ""state"": ""Arizona"", ""suburb"": ""Maryvale""}, ""addresstype"": ""building"", ""boundingbox"": [""33.4773353"", ""33.4788943"", ""-112.2589778"", ""-112.2570899""], ""category"": ""building"", ""display_name"": ""9201, West Thomas Road, Maryvale, Phoenix, Maricopa County, Arizona, 85037, United States"", ""extratags"": {""air_conditioning"": ""yes"", ""smoking"": ""no""}, ""importance"": 7.330205233839959e-05, ""lat"": ""33.4781467"", ""licence"": ""Data \u00a9 OpenStreetMap contributors, ODbL 1.0. http://osm.org/copyright"", ""lon"": ""-112.2577009"", ""name"": """", ""osm_id"": 6149745, ""osm_type"": ""relation"", ""place_id"": 320849051, ""place_rank"": 30, ""type"": ""hospital""}"
c921d4ae437f7fe068e6,030115__2023,030115,2023,BANNER ESTRELLA MEDICAL CENTER,AZ,9201 WEST THOMAS ROAD,PHOENIX,85037,same_city_unresolved_after_census_external_geocoder,address_only,"9201 WEST THOMAS ROAD, PHOENIX, AZ, 85037",2,04013,"Maricopa County, Arizona",AZ,33.4779251,-112.2564882,ChargePoint,"ChargePoint, 9201, West Thomas Road, Maryvale, Phoenix, Maricopa County, Arizona, 85037, United States",amenity,charging_station,9201,West Thomas Road,Phoenix,Maricopa County,Arizona,85037,True,True,True,True,False,False,True,0.88,confidence_below_0_90,"{""address"": {""ISO3166-2-lvl4"": ""US-AZ"", ""amenity"": ""ChargePoint"", ""city"": ""Phoenix"", ""country"": ""United States"", ""country_code"": ""us"", ""county"": ""Maricopa County"", ""house_number"": ""9201"", ""postcode"": ""85037"", ""road"": ""West Thomas Road"", ""state"": ""Arizona"", ""suburb"": ""Maryvale""}, ""addresstype"": ""amenity"", ""boundingbox"": [""33.4778751"", ""33.4779751"", ""-112.2565382"", ""-112.2564382""], ""category"": ""amenity"", ""display_name"": ""ChargePoint, 9201, West Thomas Road, Maryvale, Phoenix, Maricopa County, Arizona, 85037, United States"", ""extratags"": {""access"": ""yes"", ""brand:wikidata"": ""Q5176149"", ""fee"": ""yes"", ""operator"": ""ChargePoint"", ""operator:wikidata"": ""Q5176149""}, ""importance"": 7.330205233839959e-05, ""lat"": ""33.4779251"", ""licence"": ""Data \u00a9 OpenStreetMap contributors, ODbL 1.0. http://osm.org/copyright"", ""lon"": ""-112.2564882"", ""name"": ""ChargePoint"", ""osm_id"": 11332315404, ""osm_type"": ""node"", ""place_id"": 316887921, ""place_rank"": 30, ""type"": ""charging_station""}"
9ba05bd72c1a59f51e58,450079__2024,450079,2024,BAYLOR S&W MEDICAL CENTER - IRVING,TX,1901 NORTH MACARTHUR BLVD,IRVING,75061,same_city_unresolved_after_census_external_geocoder,address_only,"1901 NORTH MACARTHUR BLVD, IRVING, TX, 75061",0,48113,"Dallas County, Texas",TX,32.8349110,-96.9610187,Baylor Scott & White Medical Center – Irving,"Baylor Scott & White Medical Center – Irving, 1901, North MacArthur Boulevard, Irving, Dallas County, Texas, 75061, United States",amenity,hospital,1901,North MacArthur Boulevard,Irving,Dallas County,Texas,75061,True,True,True,True,True,True,True,1.0,,"{""address"": {""ISO3166-2-lvl4"": ""US-TX"", ""amenity"": ""Baylor Scott & White Medical Center \u2013 Irving"", ""city"": ""Irving"", ""country"": ""United States"", ""country_code"": ""us"", ""county"": ""Dallas County"", ""house_number"": ""1901"", ""postcode"": ""75061"", ""road"": ""North MacArthur Boulevard"", ""state"": ""Texas""}, ""addresstype"": ""amenity"", ""boundingbox"": [""32.8337302"", ""32.8362662"", ""-96.9627337"", ""-96.9593151""], ""category"": ""amenity"", ""display_name"": ""Baylor Scott & White Medical Center \u2013 Irving, 1901, North MacArthur Boulevard, Irving, Dallas County, Texas, 75061, United States"", ""extratags"": {""beds"": ""296"", ""emergency"": ""yes"", ""healthcare"": ""hospital"", ""opening_hours"": ""24/7"", ""operator"": ""Baylor Scott & White Health"", ""operator:type"": ""private"", ""operator:wikidata"": ""Q41568258"", ""operator:wikipedia"": ""en:Baylor Scott & White Health"", ""phone"": ""+1 972 579 8100"", ""website"": ""https://www.bswhealth.com/locations/irving/about""}, ""importance"": 6.166704814216857e-05, ""lat"": ""32.8349110"", ""licence"": ""Data \u00a9 OpenStreetMap contributors, ODbL 1.0. http://osm.org/copyright"", ""lon"": ""-96.9610187"", ""name"": ""Baylor Scott & White Medical Center \u2013 Irving"", ""osm_id"": 291275007, ""osm_type"": ""way"", ""place_id"": 331913909, ""place_rank"": 30, ""type"": ""hospital""}"
9ba05bd72c1a59f51e58,450079__2024,450079,2024,BAYLOR S&W MEDICAL CENTER - IRVING,TX,1901 NORTH MACARTHUR BLVD,IRVING,75061,same_city_unresolved_after_census_external_geocoder,address_only,"1901 NORTH MACARTHUR BLVD, IRVING, TX, 75061",1,48113,"Dallas County, Texas",TX,32.8338990,-96.9589739,,"1901, North MacArthur Boulevard, Irving, Dallas County, Texas, 75061, United States",place,house,1901,North MacArthur Boulevard,Irving,Dallas County,Texas,75061,True,True,True,True,False,True,True,0.92,,"{""address"": {""ISO3166-2-lvl4"": ""US-TX"", ""city"": ""Irving"", ""country"": ""United States"", ""country_code"": ""us"", ""county"": ""Dallas County"", ""house_number"": ""1901"", ""postcode"": ""75061"", ""road"": ""North MacArthur Boulevard"", ""state"": ""Texas""}, ""addresstype"": ""place"", ""boundingbox"": [""32.8338490"", ""32.8339490"", ""-96.9590239"", ""-96.9589239""], ""category"": ""place"", ""display_name"": ""1901, North MacArthur Boulevard, Irving, Dallas County, Texas, 75061, United States"", ""extratags"": null, ""importance"": 9.99999999995449e-06, ""lat"": ""32.8338990"", ""licence"": ""Data \u00a9 OpenStreetMap contributors, ODbL 1.0. http://osm.org/copyright"", ""lon"": ""-96.9589739"", ""name"": """", ""osm_id"": 1046531960, ""osm_type"": ""way"", ""place_id"": 410995775, ""place_rank"": 30, ""type"": ""house""}"
8931c2fbcfafff3f41af,370056__2024,370056,2024,COMANCHE COUNTY MEMORIAL HOSPITAL,OK,3401 W GORE,LAWTON,73502,same_city_unresolved_after_census_external_geocoder,provider_city_zip,"COMANCHE COUNTY MEMORIAL HOSPITAL, LAWTON, OK, 73502",0,40031,"Comanche County, Oklahoma",OK,34.6103991,-98.4337771,Comanche County Memorial Hospital,"Comanche County Memorial Hospital, 3401, Southwest Gore Boulevard, Lawton, Comanche County, Oklahoma, 73505, United States",amenity,hospital,3401,Southwest Gore Boulevard,Lawton,Comanche County,Oklahoma,73505,True,False,True,True,True,True,True,0.82,postcode_not_supported; confidence_below_0_90,"{""address"": {""ISO3166-2-lvl4"": ""US-OK"", ""amenity"": ""Comanche County Memorial Hospital"", ""city"": ""Lawton"", ""country"": ""United States"", ""country_code"": ""us"", ""county"": ""Comanche County"", ""house_number"": ""3401"", ""postcode"": ""73505"", ""road"": ""Southwest Gore Boulevard"", ""state"": ""Oklahoma""}, ""addresstype"": ""amenity"", ""boundingbox"": [""34.6089797"", ""34.6122998"", ""-98.4359847"", ""-98.4315698""], ""category"": ""amenity"", ""display_name"": ""Comanche County Memorial Hospital, 3401, Southwest Gore Boulevard, Lawton, Comanche County, Oklahoma, 73505, United States"", ""extratags"": {""emergency"": ""yes"", ""healthcare"": ""hospital"", ""opening_hours"": ""24/7"", ""phone"": ""+1 580 355 8620"", ""website"": ""https://www.ccmhonline.com/""}, ""importance"": 5.943312733649222e-05, ""lat"": ""34.6103991"", ""licence"": ""Data \u00a9 OpenStreetMap contributors, ODbL 1.0. http://osm.org/copyright"", ""lon"": ""-98.4337771"", ""name"": ""Comanche County Memorial Hospital"", ""osm_id"": 454913008, ""osm_type"": ""way"", ""place_id"": 329438763, ""place_rank"": 30, ""type"": ""hospital""}"
8931c2fbcfafff3f41af,370056__2024,370056,2024,COMANCHE COUNTY MEMORIAL HOSPITAL,OK,3401 W GORE,LAWTON,73502,same_city_unresolved_after_census_external_geocoder,provider_city_zip,"COMANCHE COUNTY MEMORIAL HOSPITAL, LAWTON, OK, 73502",1,40031,"Comanche County, Oklahoma",OK,34.6102234,-98.4342623,Comanche County Memorial Hospital,"Comanche County Memorial Hospital, 3401, Southwest Gore Boulevard, Lawton, Comanche County, Oklahoma, 73505, United States",building,yes,3401,Southwest Gore Boulevard,Lawton,Comanche County,Oklahoma,73505,True,False,True,True,False,True,True,0.74,postcode_not_supported; confidence_below_0_90,"{""address"": {""ISO3166-2-lvl4"": ""US-OK"", ""building"": ""Comanche County Memorial Hospital"", ""city"": ""Lawton"", ""country"": ""United States"", ""country_code"": ""us"", ""county"": ""Comanche County"", ""house_number"": ""3401"", ""postcode"": ""73505"", ""road"": ""Southwest Gore Boulevard"", ""state"": ""Oklahoma""}, ""addresstype"": ""building"", ""boundingbox"": [""34.6090730"", ""34.6113823"", ""-98.4356254"", ""-98.4318437""], ""category"": ""building"", ""display_name"": ""Comanche County Memorial Hospital, 3401, Southwest Gore Boulevard, Lawton, Comanche County, Oklahoma, 73505, United States"", ""extratags"": null, ""importance"": 5.943312733649222e-05, ""lat"": ""34.6102234"", ""licence"": ""Data \u00a9 OpenStreetMap contributors, ODbL 1.0. http://osm.org/copyright"", ""lon"": ""-98.4342623"", ""name"": ""Comanche County Memorial Hospital"", ""osm_id"": 1304696145, ""osm_type"": ""way"", ""place_id"": 333089657, ""place_rank"": 30, ""type"": ""yes""}"
8002916c2ad640732608,190204__2023,190204,2023,OCHSNER MEDICAL CENTER -NORTHSHORE,LA,100 MEDICAL CENTER DRIVE,SLIDELL,70461,same_city_unresolved_after_census_external_geocoder,address_only,"100 MEDICAL CENTER DRIVE, SLIDELL, LA, 70461",0,22103,"St. Tammany Parish, Louisiana",LA,30.2871350,-89.7421309,Ochsner Medical Center - North Shore,"Ochsner Medical Center - North Shore, 100, Medical Center Drive, Pearl Acres, Slidell, St. Tammany Parish, Louisiana, 70461, United States",amenity,hospital,100,Medical Center Drive,Slidell,St. Tammany Parish,Louisiana,70461,True,True,True,True,True,True,True,1.0,,"{""address"": {""ISO3166-2-lvl4"": ""US-LA"", ""amenity"": ""Ochsner Medical Center - North Shore"", ""country"": ""United States"", ""country_code"": ""us"", ""county"": ""St. Tammany Parish"", ""hamlet"": ""Pearl Acres"", ""house_number"": ""100"", ""postcode"": ""70461"", ""road"": ""Medical Center Drive"", ""state"": ""Louisiana"", ""town"": ""Slidell""}, ""addresstype"": ""amenity"", ""boundingbox"": [""30.2861606"", ""30.2884209"", ""-89.7438571"", ""-89.7405674""], ""category"": ""amenity"", ""display_name"": ""Ochsner Medical Center - North Shore, 100, Medical Center Drive, Pearl Acres, Slidell, St. Tammany Parish, Louisiana, 70461, United States"", ""extratags"": {""beds"": ""165"", ""emergency"": ""yes"", ""healthcare"": ""hospital"", ""opening_hours"": ""24/7"", ""operator"": ""Ochsner Health"", ""phone"": ""+1 985 649 7070"", ""website"": ""https://www.ochsner.org/locations/ochsner-medical-center-north-shore""}, ""importance"": 3.500190737769158e-05, ""lat"": ""30.2871350"", ""licence"": ""Data \u00a9 OpenStreetMap contributors, ODbL 1.0. http://osm.org/copyright"", ""lon"": ""-89.7421309"", ""name"": ""Ochsner Medical Center - North Shore"", ""osm_id"": 489709063, ""osm_type"": ""way"", ""place_id"": 302978015, ""place_rank"": 30, ""type"": ""hospital""}"
8002916c2ad640732608,190204__2023,190204,2023,OCHSNER MEDICAL CENTER -NORTHSHORE,LA,100 MEDICAL CENTER DRIVE,SLIDELL,70461,same_city_unresolved_after_census_external_geocoder,address_only,"100 MEDICAL CENTER DRIVE, SLIDELL, LA, 70461",1,22103,"St. Tammany Parish, Louisiana",LA,30.2863470,-89.7430230,,"100, Medical Center Drive, Pearl Acres, Slidell, St. Tammany Parish, Louisiana, 70461, United States",place,house,100,Medical Center Drive,Slidell,St. Tammany Parish,Louisiana,70461,True,True,True,True,False,False,True,0.88,confidence_below_0_90,"{""address"": {""ISO3166-2-lvl4"": ""US-LA"", ""country"": ""United States"", ""country_code"": ""us"", ""county"": ""St. Tammany Parish"", ""hamlet"": ""Pearl Acres"", ""house_number"": ""100"", ""postcode"": ""70461"", ""road"": ""Medical Center Drive"", ""state"": ""Louisiana"", ""town"": ""Slidell""}, ""addresstype"": ""place"", ""boundingbox"": [""30.2862970"", ""30.2863970"", ""-89.7430730"", ""-89.7429730""], ""category"": ""place"", ""display_name"": ""100, Medical Center Drive, Pearl Acres, Slidell, St. Tammany Parish, Louisiana, 70461, United States"", ""extratags"": null, ""importance"": 9.99999999995449e-06, ""lat"": ""30.2863470"", ""licence"": ""Data \u00a9 OpenStreetMap contributors, ODbL 1.0. http://osm.org/copyright"", ""lon"": ""-89.7430230"", ""name"": """", ""osm_id"": 13501328, ""osm_type"": ""way"", ""place_id"": 407424725, ""place_rank"": 30, ""type"": ""house""}"
ab90a1a2e359401e835f,190054__2023,190054,2023,IBERIA MEDICAL CENTER,LA,2315 W MAIN STREET,NEW IBERIA,70562,same_city_unresolved_after_census_external_geocoder,address_only,"2315 W MAIN STREET, NEW IBERIA, LA, 70562",0,22045,"Iberia Parish, Louisiana",LA,30.0096681,-91.8218167,West Main Street,"West Main Street, Leesburg, New Iberia, Iberia Parish, Louisiana, 70560, United States",highway,primary,,West Main Street,New Iberia,Iberia Parish,Louisiana,70560,False,False,True,True,False,False,True,0.52,house_number_not_supported; postcode_not_supported; confidence_below_0_90,"{""address"": {""ISO3166-2-lvl4"": ""US-LA"", ""country"": ""United States"", ""country_code"": ""us"", ""county"": ""Iberia Parish"", ""hamlet"": ""Leesburg"", ""postcode"": ""70560"", ""road"": ""West Main Street"", ""state"": ""Louisiana"", ""town"": ""New Iberia""}, ""addresstype"": ""road"", ""boundingbox"": [""30.0059183"", ""30.0133950"", ""-91.8253260"", ""-91.8183324""], ""category"": ""highway"", ""display_name"": ""West Main Street, Leesburg, New Iberia, Iberia Parish, Louisiana, 70560, United States"", ""extratags"": {""lanes"": ""2"", ""name_1"": ""State Route 182"", ""oneway"": ""yes""}, ""importance"": 0.053390170901045204, ""lat"": ""30.0096681"", ""licence"": ""Data \u00a9 OpenStreetMap contributors, ODbL 1.0. http://osm.org/copyright"", ""lon"": ""-91.8218167"", ""name"": ""West Main Street"", ""osm_id"": 1426310950, ""osm_type"": ""way"", ""place_id"": 301906547, ""place_rank"": 26, ""type"": ""primary""}"
ab90a1a2e359401e835f,190054__2023,190054,2023,IBERIA MEDICAL CENTER,LA,2315 W MAIN STREET,NEW IBERIA,70562,same_city_unresolved_after_census_external_geocoder,address_only,"2315 W MAIN STREET, NEW IBERIA, LA, 70562",1,22045,"Iberia Parish, Louisiana",LA,30.0183412,-91.8299262,West Main Street,"West Main Street, New Iberia, Iberia Parish, Louisiana, 70560, United States",highway,primary,,West Main Street,New Iberia,Iberia Parish,Louisiana,70560,False,False,True,True,False,False,True,0.52,house_number_not_supported; postcode_not_supported; confidence_below_0_90,"{""address"": {""ISO3166-2-lvl4"": ""US-LA"", ""country"": ""United States"", ""country_code"": ""us"", ""county"": ""Iberia Parish"", ""postcode"": ""70560"", ""road"": ""West Main Street"", ""state"": ""Louisiana"", ""town"": ""New Iberia""}, ""addresstype"": ""road"", ""boundingbox"": [""30.0133950"", ""30.0232430"", ""-91.8345790"", ""-91.8253260""], ""category"": ""highway"", ""display_name"": ""West Main Street, New Iberia, Iberia Parish, Louisiana, 70560, United States"", ""extratags"": {""lanes"": ""2"", ""name_1"": ""State Route 182"", ""oneway"": ""yes""}, ""importance"": 0.053390170901045204, ""lat"": ""30.0183412"", ""licence"": ""Data \u00a9 OpenStreetMap contributors, ODbL 1.0. http://osm.org/copyright"", ""lon"": ""-91.8299262"", ""name"": ""West Main Street"", ""osm_id"": 12645367, ""osm_type"": ""way"", ""place_id"": 303925062, ""place_rank"": 26, ""type"": ""primary""}"
d332624928a008e4e057,190054__2023,190054,2023,IBERIA MEDICAL CENTER,LA,2315 W MAIN STREET,NEW IBERIA,70562,same_city_unresolved_after_census_external_geocoder,address_no_zip,"2315 W MAIN STREET, NEW IBERIA, LA",0,22045,"Iberia Parish, Louisiana",LA,30.0183412,-91.8299262,West Main Street,"West Main Street, New Iberia, Iberia Parish, Louisiana, 70560, United States",highway,primary,,West Main Street,New Iberia,Iberia Parish,Louisiana,70560,False,False,True,True,False,False,True,0.52,house_number_not_supported; postcode_not_supported; confidence_below_0_90,"{""address"": {""ISO3166-2-lvl4"": ""US-LA"", ""country"": ""United States"", ""country_code"": ""us"", ""county"": ""Iberia Parish"", ""postcode"": ""70560"", ""road"": ""West Main Street"", ""state"": ""Louisiana"", ""town"": ""New Iberia""}, ""addresstype"": ""road"", ""boundingbox"": [""30.0133950"", ""30.0232430"", ""-91.8345790"", ""-91.8253260""], ""category"": ""highway"", ""display_name"": ""West Main Street, New Iberia, Iberia Parish, Louisiana, 70560, United States"", ""extratags"": {""lanes"": ""2"", ""name_1"": ""State Route 182"", ""oneway"": ""yes""}, ""importance"": 0.053390170901045204, ""lat"": ""30.0183412"", ""licence"": ""Data \u00a9 OpenStreetMap contributors, ODbL 1.0. http://osm.org/copyright"", ""lon"": ""-91.8299262"", ""name"": ""West Main Street"", ""osm_id"": 12645367, ""osm_type"": ""way"", ""place_id"": 303925062, ""place_rank"": 26, ""type"": ""primary""}"
d332624928a008e4e057,190054__2023,190054,2023,IBERIA MEDICAL CENTER,LA,2315 W MAIN STREET,NEW IBERIA,70562,same_city_unresolved_after_census_external_geocoder,address_no_zip,"2315 W MAIN STREET, NEW IBERIA, LA",1,22045,"Iberia Parish, Louisiana",LA,30.0096681,-91.8218167,West Main Street,"West Main Street, Leesburg, New Iberia, Iberia Parish, Louisiana, 70560, United States",highway,primary,,West Main Street,New Iberia,Iberia Parish,Louisiana,70560,False,False,True,True,False,False,True,0.52,house_number_not_supported; postcode_not_supported; confidence_below_0_90,"{""address"": {""ISO3166-2-lvl4"": ""US-LA"", ""country"": ""United States"", ""country_code"": ""us"", ""county"": ""Iberia Parish"", ""hamlet"": ""Leesburg"", ""postcode"": ""70560"", ""road"": ""West Main Street"", ""state"": ""Louisiana"", ""town"": ""New Iberia""}, ""addresstype"": ""road"", ""boundingbox"": [""30.0059183"", ""30.0133950"", ""-91.8253260"", ""-91.8183324""], ""category"": ""highway"", ""display_name"": ""West Main Street, Leesburg, New Iberia, Iberia Parish, Louisiana, 70560, United States"", ""extratags"": {""lanes"": ""2"", ""name_1"": ""State Route 182"", ""oneway"": ""yes""}, ""importance"": 0.053390170901045204, ""lat"": ""30.0096681"", ""licence"": ""Data \u00a9 OpenStreetMap contributors, ODbL 1.0. http://osm.org/copyright"", ""lon"": ""-91.8218167"", ""name"": ""West Main Street"", ""osm_id"": 1426310950, ""osm_type"": ""way"", ""place_id"": 301906547, ""place_rank"": 26, ""type"": ""primary""}"
1118e4e0e746a23eb050,190054__2023,190054,2023,IBERIA MEDICAL CENTER,LA,2315 W MAIN STREET,NEW IBERIA,70562,same_city_unresolved_after_census_external_geocoder,provider_city_zip,"IBERIA MEDICAL CENTER, NEW IBERIA, LA, 70562",0,22045,"Iberia Parish, Louisiana",LA,29.9900194,-91.7854211,Iberia Medical Center,"Iberia Medical Center, Haik Memorial Drive, Berard, New Iberia, Iberia Parish, Louisiana, 70563, United States",building,hospital,,Haik Memorial Drive,New Iberia,Iberia Parish,Louisiana,70563,False,False,True,True,False,True,False,0.52,house_number_not_supported; postcode_not_supported; confidence_below_0_90,"{""address"": {""ISO3166-2-lvl4"": ""US-LA"", ""building"": ""Iberia Medical Center"", ""country"": ""United States"", ""country_code"": ""us"", ""county"": ""Iberia Parish"", ""hamlet"": ""Berard"", ""postcode"": ""70563"", ""road"": ""Haik Memorial Drive"", ""state"": ""Louisiana"", ""town"": ""New Iberia""}, ""addresstype"": ""building"", ""boundingbox"": [""29.9893689"", ""29.9906721"", ""-91.7863155"", ""-91.7848403""], ""category"": ""building"", ""display_name"": ""Iberia Medical Center, Haik Memorial Drive, Berard, New Iberia, Iberia Parish, Louisiana, 70563, United States"", ""extratags"": {""building:levels"": ""4""}, ""importance"": 3.500190737769158e-05, ""lat"": ""29.9900194"", ""licence"": ""Data \u00a9 OpenStreetMap contributors, ODbL 1.0. http://osm.org/copyright"", ""lon"": ""-91.7854211"", ""name"": ""Iberia Medical Center"", ""osm_id"": 617441505, ""osm_type"": ""way"", ""place_id"": 305692739, ""place_rank"": 30, ""type"": ""hospital""}"
1118e4e0e746a23eb050,190054__2023,190054,2023,IBERIA MEDICAL CENTER,LA,2315 W MAIN STREET,NEW IBERIA,70562,same_city_unresolved_after_census_external_geocoder,provider_city_zip,"IBERIA MEDICAL CENTER, NEW IBERIA, LA, 70562",1,22045,"Iberia Parish, Louisiana",LA,29.9901275,-91.7860696,Iberia Medical Center,"Iberia Medical Center, 2315, East Main Street, Berard, New Iberia, Iberia Parish, Louisiana, 70560, United States",amenity,hospital,2315,East Main Street,New Iberia,Iberia Parish,Louisiana,70560,True,False,True,True,True,True,True,0.82,postcode_not_supported; confidence_below_0_90,"{""address"": {""ISO3166-2-lvl4"": ""US-LA"", ""amenity"": ""Iberia Medical Center"", ""country"": ""United States"", ""country_code"": ""us"", ""county"": ""Iberia Parish"", ""hamlet"": ""Berard"", ""house_number"": ""2315"", ""postcode"": ""70560"", ""road"": ""East Main Street"", ""state"": ""Louisiana"", ""town"": ""New Iberia""}, ""addresstype"": ""amenity"", ""boundingbox"": [""29.9886290"", ""29.9916372"", ""-91.7881519"", ""-91.7839805""], ""category"": ""amenity"", ""display_name"": ""Iberia Medical Center, 2315, East Main Street, Berard, New Iberia, Iberia Parish, Louisiana, 70560, United States"", ""extratags"": {""emergency"": ""yes"", ""healthcare"": ""hospital"", ""opening_hours"": ""24/7"", ""operator"": ""Iberia Medical Center"", ""phone"": ""+1 337 364 0441"", ""website"": ""https://www.iberiamedicalcenter.com/""}, ""importance"": 3.500190737769158e-05, ""lat"": ""29.9901275"", ""licence"": ""Data \u00a9 OpenStreetMap contributors, ODbL 1.0. http://osm.org/copyright"", ""lon"": ""-91.7860696"", ""name"": ""Iberia Medical Center"", ""osm_id"": 489426018, ""osm_type"": ""way"", ""place_id"": 304099092, ""place_rank"": 30, ""type"": ""hospital""}"
9a9b9951f09870cf2dc5,474001__2023,474001,2023,BRATTLEBORO RETREAT,VT,ANNA MARSH LANE,BRATTLEBORO,05302,same_city_unresolved_after_census_external_geocoder,address_only,"ANNA MARSH LANE, BRATTLEBORO, VT, 05302",0,50025,"Windham County, Vermont",VT,42.8580672,-72.5615207,Anna Marsh Lane,"Anna Marsh Lane, Brattleboro Downtown Historic District, Brattleboro, Windham County, Vermont, 05302, United States",highway,residential,,Anna Marsh Lane,Brattleboro,Windham County,Vermont,05302,False,True,True,True,False,False,True,0.7,house_number_not_supported; confidence_below_0_90,"{""address"": {""ISO3166-2-lvl4"": ""US-VT"", ""country"": ""United States"", ""country_code"": ""us"", ""county"": ""Windham County"", ""neighbourhood"": ""Brattleboro Downtown Historic District"", ""postcode"": ""05302"", ""road"": ""Anna Marsh Lane"", ""state"": ""Vermont"", ""town"": ""Brattleboro""}, ""addresstype"": ""road"", ""boundingbox"": [""42.8580298"", ""42.8595930"", ""-72.5637141"", ""-72.5603634""], ""category"": ""highway"", ""display_name"": ""Anna Marsh Lane, Brattleboro Downtown Historic District, Brattleboro, Windham County, Vermont, 05302, United States"", ""extratags"": {""access"": ""permissive"", ""ownership"": ""private_nonprofit"", ""surface"": ""asphalt""}, ""importance"": 0.053389948119325514, ""lat"": ""42.8580672"", ""licence"": ""Data \u00a9 OpenStreetMap contributors, ODbL 1.0. http://osm.org/copyright"", ""lon"": ""-72.5615207"", ""name"": ""Anna Marsh Lane"", ""osm_id"": 19725201, ""osm_type"": ""way"", ""place_id"": 350658591, ""place_rank"": 26, ""type"": ""residential""}"
9a9b9951f09870cf2dc5,474001__2023,474001,2023,BRATTLEBORO RETREAT,VT,ANNA MARSH LANE,BRATTLEBORO,05302,same_city_unresolved_after_census_external_geocoder,address_only,"ANNA MARSH LANE, BRATTLEBORO, VT, 05302",1,50025,"Windham County, Vermont",VT,42.8595649,-72.5624515,Anna Marsh Lane,"Anna Marsh Lane, Brattleboro, Windham County, Vermont, 05302, United States",highway,residential,,Anna Marsh Lane,Brattleboro,Windham County,Vermont,05302,False,True,True,True,False,False,True,0.7,house_number_not_supported; confidence_below_0_90,"{""address"": {""ISO3166-2-lvl4"": ""US-VT"", ""country"": ""United States"", ""country_code"": ""us"", ""county"": ""Windham County"", ""postcode"": ""05302"", ""road"": ""Anna Marsh Lane"", ""state"": ""Vermont"", ""town"": ""Brattleboro""}, ""addresstype"": ""road"", ""boundingbox"": [""42.8595040"", ""42.8596950"", ""-72.5641270"", ""-72.5607450""], ""category"": ""highway"", ""display_name"": ""Anna Marsh Lane, Brattleboro, Windham County, Vermont, 05302, United States"", ""extratags"": {""access"": ""permissive"", ""foot"": ""yes"", ""ownership"": ""private_nonprofit"", ""surface"": ""asphalt""}, ""importance"": 0.053389948119325514, ""lat"": ""42.8595649"", ""licence"": ""Data \u00a9 OpenStreetMap contributors, ODbL 1.0. http://osm.org/copyright"", ""lon"": ""-72.5624515"", ""name"": ""Anna Marsh Lane"", ""osm_id"": 19725200, ""osm_type"": ""way"", ""place_id"": 354184976, ""place_rank"": 26, ""type"": ""residential""}"
ee4f6b0dde68e4c46bcf,474001__2023,474001,2023,BRATTLEBORO RETREAT,VT,ANNA MARSH LANE,BRATTLEBORO,05302,same_city_unresolved_after_census_external_geocoder,provider_address,"BRATTLEBORO RETREAT, ANNA MARSH LANE, BRATTLEBORO, VT, 05302",0,50025,"Windham County, Vermont",VT,42.8593730,-72.5626186,Brattleboro Retreat,"Brattleboro Retreat, Anna Marsh Lane, Brattleboro, Windham County, Vermont, 05302, United States",amenity,hospital,,Anna Marsh Lane,Brattleboro,Windham County,Vermont,05302,False,True,True,True,True,True,True,0.82,house_number_not_supported; confidence_below_0_90,"{""address"": {""ISO3166-2-lvl4"": ""US-VT"", ""amenity"": ""Brattleboro Retreat"", ""country"": ""United States"", ""country_code"": ""us"", ""county"": ""Windham County"", ""postcode"": ""05302"", ""road"": ""Anna Marsh Lane"", ""state"": ""Vermont"", ""town"": ""Brattleboro""}, ""addresstype"": ""amenity"", ""boundingbox"": [""42.8593230"", ""42.8594230"", ""-72.5626686"", ""-72.5625686""], ""category"": ""amenity"", ""display_name"": ""Brattleboro Retreat, Anna Marsh Lane, Brattleboro, Windham County, Vermont, 05302, United States"", ""extratags"": {""emergency"": ""no"", ""healthcare"": ""hospital"", ""healthcare:speciality"": ""psychiatry"", ""phone"": ""+1 802 257 7785"", ""website"": ""https://www.brattlebororetreat.org/"", ""wikidata"": ""Q4958128"", ""wikipedia"": ""en:Brattleboro Retreat""}, ""importance"": 0.3151525238377993, ""lat"": ""42.8593730"", ""licence"": ""Data \u00a9 OpenStreetMap contributors, ODbL 1.0. http://osm.org/copyright"", ""lon"": ""-72.5626186"", ""name"": ""Brattleboro Retreat"", ""osm_id"": 356557575, ""osm_type"": ""node"", ""place_id"": 354149383, ""place_rank"": 30, ""type"": ""hospital""}"
6465d7adff798f469935,474001__2023,474001,2023,BRATTLEBORO RETREAT,VT,ANNA MARSH LANE,BRATTLEBORO,05302,same_city_unresolved_after_census_external_geocoder,address_no_zip,"ANNA MARSH LANE, BRATTLEBORO, VT",0,50025,"Windham County, Vermont",VT,42.8580672,-72.5615207,Anna Marsh Lane,"Anna Marsh Lane, Brattleboro Downtown Historic District, Brattleboro, Windham County, Vermont, 05304, United States",highway,residential,,Anna Marsh Lane,Brattleboro,Windham County,Vermont,05304,False,False,True,True,False,False,True,0.52,house_number_not_supported; postcode_not_supported; confidence_below_0_90,"{""address"": {""ISO3166-2-lvl4"": ""US-VT"", ""country"": ""United States"", ""country_code"": ""us"", ""county"": ""Windham County"", ""neighbourhood"": ""Brattleboro Downtown Historic District"", ""postcode"": ""05304"", ""road"": ""Anna Marsh Lane"", ""state"": ""Vermont"", ""town"": ""Brattleboro""}, ""addresstype"": ""road"", ""boundingbox"": [""42.8580298"", ""42.8595930"", ""-72.5637141"", ""-72.5603634""], ""category"": ""highway"", ""display_name"": ""Anna Marsh Lane, Brattleboro Downtown Historic District, Brattleboro, Windham County, Vermont, 05304, United States"", ""extratags"": {""access"": ""permissive"", ""ownership"": ""private_nonprofit"", ""surface"": ""asphalt""}, ""importance"": 0.053389948119325514, ""lat"": ""42.8580672"", ""licence"": ""Data \u00a9 OpenStreetMap contributors, ODbL 1.0. http://osm.org/copyright"", ""lon"": ""-72.5615207"", ""name"": ""Anna Marsh Lane"", ""osm_id"": 19725201, ""osm_type"": ""way"", ""place_id"": 355544298, ""place_rank"": 26, ""type"": ""residential""}"
6465d7adff798f469935,474001__2023,474001,2023,BRATTLEBORO RETREAT,VT,ANNA MARSH LANE,BRATTLEBORO,05302,same_city_unresolved_after_census_external_geocoder,address_no_zip,"ANNA MARSH LANE, BRATTLEBORO, VT",1,50025,"Windham County, Vermont",VT,42.8595649,-72.5624515,Anna Marsh Lane,"Anna Marsh Lane, Brattleboro, Windham County, Vermont, 05304, United States",highway,residential,,Anna Marsh Lane,Brattleboro,Windham County,Vermont,05304,False,False,True,True,False,False,True,0.52,house_number_not_supported; postcode_not_supported; confidence_below_0_90,"{""address"": {""ISO3166-2-lvl4"": ""US-VT"", ""country"": ""United States"", ""country_code"": ""us"", ""county"": ""Windham County"", ""postcode"": ""05304"", ""road"": ""Anna Marsh Lane"", ""state"": ""Vermont"", ""town"": ""Brattleboro""}, ""addresstype"": ""road"", ""boundingbox"": [""42.8595040"", ""42.8596950"", ""-72.5641270"", ""-72.5607450""], ""category"": ""highway"", ""display_name"": ""Anna Marsh Lane, Brattleboro, Windham County, Vermont, 05304, United States"", ""extratags"": {""access"": ""permissive"", ""foot"": ""yes"", ""ownership"": ""private_nonprofit"", ""surface"": ""asphalt""}, ""importance"": 0.053389948119325514, ""lat"": ""42.8595649"", ""licence"": ""Data \u00a9 OpenStreetMap contributors, ODbL 1.0. http://osm.org/copyright"", ""lon"": ""-72.5624515"", ""name"": ""Anna Marsh Lane"", ""osm_id"": 19725200, ""osm_type"": ""way"", ""place_id"": 358315029, ""place_rank"": 26, ""type"": ""residential""}"
31fd43c767265c2eac33,474001__2023,474001,2023,BRATTLEBORO RETREAT,VT,ANNA MARSH LANE,BRATTLEBORO,05302,same_city_unresolved_after_census_external_geocoder,provider_city_zip,"BRATTLEBORO RETREAT, BRATTLEBORO, VT, 05302",0,50025,"Windham County, Vermont",VT,42.8593730,-72.5626186,Brattleboro Retreat,"Brattleboro Retreat, Anna Marsh Lane, Brattleboro, Windham County, Vermont, 05302, United States",amenity,hospital,,Anna Marsh Lane,Brattleboro,Windham County,Vermont,05302,False,True,True,True,True,True,True,0.82,house_number_not_supported; confidence_below_0_90,"{""address"": {""ISO3166-2-lvl4"": ""US-VT"", ""amenity"": ""Brattleboro Retreat"", ""country"": ""United States"", ""country_code"": ""us"", ""county"": ""Windham County"", ""postcode"": ""05302"", ""road"": ""Anna Marsh Lane"", ""state"": ""Vermont"", ""town"": ""Brattleboro""}, ""addresstype"": ""amenity"", ""boundingbox"": [""42.8593230"", ""42.8594230"", ""-72.5626686"", ""-72.5625686""], ""category"": ""amenity"", ""display_name"": ""Brattleboro Retreat, Anna Marsh Lane, Brattleboro, Windham County, Vermont, 05302, United States"", ""extratags"": {""emergency"": ""no"", ""healthcare"": ""hospital"", ""healthcare:speciality"": ""psychiatry"", ""phone"": ""+1 802 257 7785"", ""website"": ""https://www.brattlebororetreat.org/"", ""wikidata"": ""Q4958128"", ""wikipedia"": ""en:Brattleboro Retreat""}, ""importance"": 0.3151525238377993, ""lat"": ""42.8593730"", ""licence"": ""Data \u00a9 OpenStreetMap contributors, ODbL 1.0. http://osm.org/copyright"", ""lon"": ""-72.5626186"", ""name"": ""Brattleboro Retreat"", ""osm_id"": 356557575, ""osm_type"": ""node"", ""place_id"": 354149383, ""place_rank"": 30, ""type"": ""hospital""}"
9415931f7273e3b5be7f,514009__2024,514009,2024,MILDRED MITCHELL-BATEMAN HOSPITAL,WV,1530 NORWAY AVENUE,HUNTINGTON,25706,same_city_unresolved_after_census_external_geocoder,address_only,"1530 NORWAY AVENUE, HUNTINGTON, WV, 25706",0,54011,"Cabell County, West Virginia",WV,38.4137371,-82.4132337,Mildred Mitchell-Bateman Hospital,"Mildred Mitchell-Bateman Hospital, 1530, Norway Avenue, Huntington, Cabell County, West Virginia, 25705, United States",amenity,hospital,1530,Norway Avenue,Huntington,Cabell County,West Virginia,25705,True,False,True,True,True,True,True,0.82,postcode_not_supported; confidence_below_0_90,"{""address"": {""ISO3166-2-lvl4"": ""US-WV"", ""amenity"": ""Mildred Mitchell-Bateman Hospital"", ""city"": ""Huntington"", ""country"": ""United States"", ""country_code"": ""us"", ""county"": ""Cabell County"", ""house_number"": ""1530"", ""postcode"": ""25705"", ""road"": ""Norway Avenue"", ""state"": ""West Virginia""}, ""addresstype"": ""amenity"", ""boundingbox"": [""38.4106665"", ""38.4167549"", ""-82.4160272"", ""-82.4116378""], ""category"": ""amenity"", ""display_name"": ""Mildred Mitchell-Bateman Hospital, 1530, Norway Avenue, Huntington, Cabell County, West Virginia, 25705, United States"", ""extratags"": {""contact:phone"": ""+1-304-525-7801"", ""contact:website"": ""https://dhhr.wv.gov/officeofhealthfacilities/Pages/Mildred-Mitchell-Bateman-Hospital.aspx"", ""emergency"": ""no"", ""healthcare"": ""hospital"", ""healthcare:speciality"": ""psychiatry"", ""operator"": ""West Virginia Department of Health and Human Resources"", ""operator:wikidata"": ""Q22073480""}, ""importance"": 6.046311131451923e-05, ""lat"": ""38.4137371"", ""licence"": ""Data \u00a9 OpenStreetMap contributors, ODbL 1.0. http://osm.org/copyright"", ""lon"": ""-82.4132337"", ""name"": ""Mildred Mitchell-Bateman Hospital"", ""osm_id"": 789401790, ""osm_type"": ""way"", ""place_id"": 339509301, ""place_rank"": 30, ""type"": ""hospital""}"
0b65ff05f0197e3dbe41,514009__2024,514009,2024,MILDRED MITCHELL-BATEMAN HOSPITAL,WV,1530 NORWAY AVENUE,HUNTINGTON,25706,same_city_unresolved_after_census_external_geocoder,provider_address,"MILDRED MITCHELL-BATEMAN HOSPITAL, 1530 NORWAY AVENUE, HUNTINGTON, WV, 25706",0,54011,"Cabell County, West Virginia",WV,38.4137371,-82.4132337,Mildred Mitchell-Bateman Hospital,"Mildred Mitchell-Bateman Hospital, 1530, Norway Avenue, Huntington, Cabell County, West Virginia, 25705, United States",amenity,hospital,1530,Norway Avenue,Huntington,Cabell County,West Virginia,25705,True,False,True,True,True,True,True,0.82,postcode_not_supported; confidence_below_0_90,"{""address"": {""ISO3166-2-lvl4"": ""US-WV"", ""amenity"": ""Mildred Mitchell-Bateman Hospital"", ""city"": ""Huntington"", ""country"": ""United States"", ""country_code"": ""us"", ""county"": ""Cabell County"", ""house_number"": ""1530"", ""postcode"": ""25705"", ""road"": ""Norway Avenue"", ""state"": ""West Virginia""}, ""addresstype"": ""amenity"", ""boundingbox"": [""38.4106665"", ""38.4167549"", ""-82.4160272"", ""-82.4116378""], ""category"": ""amenity"", ""display_name"": ""Mildred Mitchell-Bateman Hospital, 1530, Norway Avenue, Huntington, Cabell County, West Virginia, 25705, United States"", ""extratags"": {""contact:phone"": ""+1-304-525-7801"", ""contact:website"": ""https://dhhr.wv.gov/officeofhealthfacilities/Pages/Mildred-Mitchell-Bateman-Hospital.aspx"", ""emergency"": ""no"", ""healthcare"": ""hospital"", ""healthcare:speciality"": ""psychiatry"", ""operator"": ""West Virginia Department of Health and Human Resources"", ""operator:wikidata"": ""Q22073480""}, ""importance"": 6.046311131451923e-05, ""lat"": ""38.4137371"", ""licence"": ""Data \u00a9 OpenStreetMap contributors, ODbL 1.0. http://osm.org/copyright"", ""lon"": ""-82.4132337"", ""name"": ""Mildred Mitchell-Bateman Hospital"", ""osm_id"": 789401790, ""osm_type"": ""way"", ""place_id"": 340144994, ""place_rank"": 30, ""type"": ""hospital""}"
b8278222d095f6301571,514009__2024,514009,2024,MILDRED MITCHELL-BATEMAN HOSPITAL,WV,1530 NORWAY AVENUE,HUNTINGTON,25706,same_city_unresolved_after_census_external_geocoder,address_no_zip,"1530 NORWAY AVENUE, HUNTINGTON, WV",0,54011,"Cabell County, West Virginia",WV,38.4137371,-82.4132337,Mildred Mitchell-Bateman Hospital,"Mildred Mitchell-Bateman Hospital, 1530, Norway Avenue, Huntington, Cabell County, West Virginia, 25705, United States",amenity,hospital,1530,Norway Avenue,Huntington,Cabell County,West Virginia,25705,True,False,True,True,True,True,True,0.82,postcode_not_supported; confidence_below_0_90,"{""address"": {""ISO3166-2-lvl4"": ""US-WV"", ""amenity"": ""Mildred Mitchell-Bateman Hospital"", ""city"": ""Huntington"", ""country"": ""United States"", ""country_code"": ""us"", ""county"": ""Cabell County"", ""house_number"": ""1530"", ""postcode"": ""25705"", ""road"": ""Norway Avenue"", ""state"": ""West Virginia""}, ""addresstype"": ""amenity"", ""boundingbox"": [""38.4106665"", ""38.4167549"", ""-82.4160272"", ""-82.4116378""], ""category"": ""amenity"", ""display_name"": ""Mildred Mitchell-Bateman Hospital, 1530, Norway Avenue, Huntington, Cabell County, West Virginia, 25705, United States"", ""extratags"": {""contact:phone"": ""+1-304-525-7801"", ""contact:website"": ""https://dhhr.wv.gov/officeofhealthfacilities/Pages/Mildred-Mitchell-Bateman-Hospital.aspx"", ""emergency"": ""no"", ""healthcare"": ""hospital"", ""healthcare:speciality"": ""psychiatry"", ""operator"": ""West Virginia Department of Health and Human Resources"", ""operator:wikidata"": ""Q22073480""}, ""importance"": 6.046311131451923e-05, ""lat"": ""38.4137371"", ""licence"": ""Data \u00a9 OpenStreetMap contributors, ODbL 1.0. http://osm.org/copyright"", ""lon"": ""-82.4132337"", ""name"": ""Mildred Mitchell-Bateman Hospital"", ""osm_id"": 789401790, ""osm_type"": ""way"", ""place_id"": 340390538, ""place_rank"": 30, ""type"": ""hospital""}"
c886c9ed3b5cbf9020a4,514009__2024,514009,2024,MILDRED MITCHELL-BATEMAN HOSPITAL,WV,1530 NORWAY AVENUE,HUNTINGTON,25706,same_city_unresolved_after_census_external_geocoder,provider_city_zip,"MILDRED MITCHELL-BATEMAN HOSPITAL, HUNTINGTON, WV, 25706",0,54011,"Cabell County, West Virginia",WV,38.4137371,-82.4132337,Mildred Mitchell-Bateman Hospital,"Mildred Mitchell-Bateman Hospital, 1530, Norway Avenue, Huntington, Cabell County, West Virginia, 25705, United States",amenity,hospital,1530,Norway Avenue,Huntington,Cabell County,West Virginia,25705,True,False,True,True,True,True,True,0.82,postcode_not_supported; confidence_below_0_90,"{""address"": {""ISO3166-2-lvl4"": ""US-WV"", ""amenity"": ""Mildred Mitchell-Bateman Hospital"", ""city"": ""Huntington"", ""country"": ""United States"", ""country_code"": ""us"", ""county"": ""Cabell County"", ""house_number"": ""1530"", ""postcode"": ""25705"", ""road"": ""Norway Avenue"", ""state"": ""West Virginia""}, ""addresstype"": ""amenity"", ""boundingbox"": [""38.4106665"", ""38.4167549"", ""-82.4160272"", ""-82.4116378""], ""category"": ""amenity"", ""display_name"": ""Mildred Mitchell-Bateman Hospital, 1530, Norway Avenue, Huntington, Cabell County, West Virginia, 25705, United States"", ""extratags"": {""contact:phone"": ""+1-304-525-7801"", ""contact:website"": ""https://dhhr.wv.gov/officeofhealthfacilities/Pages/Mildred-Mitchell-Bateman-Hospital.aspx"", ""emergency"": ""no"", ""healthcare"": ""hospital"", ""healthcare:speciality"": ""psychiatry"", ""operator"": ""West Virginia Department of Health and Human Resources"", ""operator:wikidata"": ""Q22073480""}, ""importance"": 6.046311131451923e-05, ""lat"": ""38.4137371"", ""licence"": ""Data \u00a9 OpenStreetMap contributors, ODbL 1.0. http://osm.org/copyright"", ""lon"": ""-82.4132337"", ""name"": ""Mildred Mitchell-Bateman Hospital"", ""osm_id"": 789401790, ""osm_type"": ""way"", ""place_id"": 340790026, ""place_rank"": 30, ""type"": ""hospital""}"
6f78496f066e0ec00eb1,054089__2024,054089,2024,JEWISH HOME FOR THE AGED,CA,302 SILVER AVENUE,SAN FRANCISCO,94112,same_city_unresolved_after_census_external_geocoder,address_only,"302 SILVER AVENUE, SAN FRANCISCO, CA, 94112",0,06075,"San Francisco County, California",CA,37.7278216,-122.4307220,San Francisco Campus for Jewish Living,"San Francisco Campus for Jewish Living, 302, Silver Avenue, St. Mary's Park, Excelsior, San Francisco, California, 94112, United States",amenity,social_facility,302,Silver Avenue,San Francisco,,California,94112,True,True,True,True,True,True,True,1.0,,"{""address"": {""ISO3166-2-lvl4"": ""US-CA"", ""amenity"": ""San Francisco Campus for Jewish Living"", ""city"": ""San Francisco"", ""country"": ""United States"", ""country_code"": ""us"", ""house_number"": ""302"", ""neighbourhood"": ""St. Mary's Park"", ""postcode"": ""94112"", ""quarter"": ""Excelsior"", ""road"": ""Silver Avenue"", ""state"": ""California""}, ""addresstype"": ""amenity"", ""boundingbox"": [""37.7266731"", ""37.7286311"", ""-122.4322703"", ""-122.4288873""], ""category"": ""amenity"", ""display_name"": ""San Francisco Campus for Jewish Living, 302, Silver Avenue, St. Mary's Park, Excelsior, San Francisco, California, 94112, United States"", ""extratags"": {""social_facility"": ""nursing_home"", ""social_facility:for"": ""senior"", ""website"": ""https://sfcjl.org/""}, ""importance"": 8.251392385743523e-05, ""lat"": ""37.7278216"", ""licence"": ""Data \u00a9 OpenStreetMap contributors, ODbL 1.0. http://osm.org/copyright"", ""lon"": ""-122.4307220"", ""name"": ""San Francisco Campus for Jewish Living"", ""osm_id"": 199597329, ""osm_type"": ""way"", ""place_id"": 324209693, ""place_rank"": 30, ""type"": ""social_facility""}"
63afa68805c71821f78d,670112__2024,670112,2024,CUMBERLAND SURGICAL HOSPITAL,TX,5330 NORTH LOOP 1604 WEST,SAN ANTONIO,78249,same_city_unresolved_after_census_external_geocoder,address_only,"5330 NORTH LOOP 1604 WEST, SAN ANTONIO, TX, 78249",0,48029,"Bexar County, Texas",TX,29.5907654,-98.5903578,Cumberland Surgical Hospital,"Cumberland Surgical Hospital, 5330, North Loop 1604 West, San Antonio, Bexar County, Texas, 78249, United States",amenity,hospital,5330,North Loop 1604 West,San Antonio,Bexar County,Texas,78249,True,True,True,True,True,True,True,1.0,,"{""address"": {""ISO3166-2-lvl4"": ""US-TX"", ""amenity"": ""Cumberland Surgical Hospital"", ""city"": ""San Antonio"", ""country"": ""United States"", ""country_code"": ""us"", ""county"": ""Bexar County"", ""house_number"": ""5330"", ""postcode"": ""78249"", ""road"": ""North Loop 1604 West"", ""state"": ""Texas""}, ""addresstype"": ""amenity"", ""boundingbox"": [""29.5900362"", ""29.5914945"", ""-98.5914156"", ""-98.5892999""], ""category"": ""amenity"", ""display_name"": ""Cumberland Surgical Hospital, 5330, North Loop 1604 West, San Antonio, Bexar County, Texas, 78249, United States"", ""extratags"": {""emergency"": ""yes"", ""healthcare"": ""hospital"", ""opening_hours"": ""24/7"", ""phone"": ""+1-210-877-8000""}, ""importance"": 7.262149996180693e-05, ""lat"": ""29.5907654"", ""licence"": ""Data \u00a9 OpenStreetMap contributors, ODbL 1.0. http://osm.org/copyright"", ""lon"": ""-98.5903578"", ""name"": ""Cumberland Surgical Hospital"", ""osm_id"": 419446707, ""osm_type"": ""way"", ""place_id"": 315032205, ""place_rank"": 30, ""type"": ""hospital""}"
5653964ef944ec1c3f0a,343025__2023,343025,2023,CAREPARTNERS REHAB HOSPITAL,NC,68 SWEETEN CREEK ROAD,ASHEVILLE,28803,same_city_unresolved_after_census_external_geocoder,address_only,"68 SWEETEN CREEK ROAD, ASHEVILLE, NC, 28803",0,37021,"Buncombe County, North Carolina",NC,35.5619733,-82.5307953,,"68, Sweeten Creek Road, Biltmore, Biltmore Village, Asheville, Buncombe County, North Carolina, 28803, United States",building,yes,68,Sweeten Creek Road,Asheville,Buncombe County,North Carolina,28803,True,True,True,True,False,False,True,0.88,confidence_below_0_90,"{""address"": {""ISO3166-2-lvl4"": ""US-NC"", ""city"": ""Asheville"", ""country"": ""United States"", ""country_code"": ""us"", ""county"": ""Buncombe County"", ""house_number"": ""68"", ""neighbourhood"": ""Biltmore"", ""postcode"": ""28803"", ""quarter"": ""Biltmore Village"", ""road"": ""Sweeten Creek Road"", ""state"": ""North Carolina""}, ""addresstype"": ""building"", ""boundingbox"": [""35.5616397"", ""35.5623068"", ""-82.5309690"", ""-82.5306217""], ""category"": ""building"", ""display_name"": ""68, Sweeten Creek Road, Biltmore, Biltmore Village, Asheville, Buncombe County, North Carolina, 28803, United States"", ""extratags"": null, ""importance"": 6.473105973902522e-05, ""lat"": ""35.5619733"", ""licence"": ""Data \u00a9 OpenStreetMap contributors, ODbL 1.0. http://osm.org/copyright"", ""lon"": ""-82.5307953"", ""name"": """", ""osm_id"": 1084067378, ""osm_type"": ""way"", ""place_id"": 342222317, ""place_rank"": 30, ""type"": ""yes""}"
5653964ef944ec1c3f0a,343025__2023,343025,2023,CAREPARTNERS REHAB HOSPITAL,NC,68 SWEETEN CREEK ROAD,ASHEVILLE,28803,same_city_unresolved_after_census_external_geocoder,address_only,"68 SWEETEN CREEK ROAD, ASHEVILLE, NC, 28803",1,37021,"Buncombe County, North Carolina",NC,35.5620193,-82.5314618,CarePartners Rehabilitation Hospital,"CarePartners Rehabilitation Hospital, 68, Sweeten Creek Road, Biltmore, Biltmore Village, Asheville, Buncombe County, North Carolina, 28803, United States",amenity,hospital,68,Sweeten Creek Road,Asheville,Buncombe County,North Carolina,28803,True,True,True,True,True,True,True,1.0,,"{""address"": {""ISO3166-2-lvl4"": ""US-NC"", ""amenity"": ""CarePartners Rehabilitation Hospital"", ""city"": ""Asheville"", ""country"": ""United States"", ""country_code"": ""us"", ""county"": ""Buncombe County"", ""house_number"": ""68"", ""neighbourhood"": ""Biltmore"", ""postcode"": ""28803"", ""quarter"": ""Biltmore Village"", ""road"": ""Sweeten Creek Road"", ""state"": ""North Carolina""}, ""addresstype"": ""amenity"", ""boundingbox"": [""35.5619693"", ""35.5620693"", ""-82.5315118"", ""-82.5314118""], ""category"": ""amenity"", ""display_name"": ""CarePartners Rehabilitation Hospital, 68, Sweeten Creek Road, Biltmore, Biltmore Village, Asheville, Buncombe County, North Carolina, 28803, United States"", ""extratags"": {""emergency"": ""no"", ""healthcare"": ""hospital"", ""healthcare:speciality"": ""rehabilitation"", ""operator"": ""Mission Health"", ""operator:wikidata"": ""Q6878595"", ""phone"": ""+1 828 274 6151"", ""website"": ""https://www.missionhealth.org/locations/carepartners/specialties/inpatient-physical-rehabilitation"", ""wheelchair"": ""yes""}, ""importance"": 6.473105973902522e-05, ""lat"": ""35.5620193"", ""licence"": ""Data \u00a9 OpenStreetMap contributors, ODbL 1.0. http://osm.org/copyright"", ""lon"": ""-82.5314618"", ""name"": ""CarePartners Rehabilitation Hospital"", ""osm_id"": 357810105, ""osm_type"": ""node"", ""place_id"": 343098312, ""place_rank"": 30, ""type"": ""hospital""}"
ccd50ed11bfbf258623d,212002__2024,212002,2024,WESTERN MARYLAND HOSPITAL CENTER,MD,1500 PENNSYLVANIA AVENUE,HAGERSTOWN,21740,same_city_unresolved_after_census_external_geocoder,address_only,"1500 PENNSYLVANIA AVENUE, HAGERSTOWN, MD, 21740",0,24043,"Washington County, Maryland",MD,39.6656170,-77.7175490,Western Maryland Hospital Center,"Western Maryland Hospital Center, 1500, Pennsylvania Avenue, Hagerstown, Washington County, Maryland, 21742, United States",amenity,hospital,1500,Pennsylvania Avenue,Hagerstown,Washington County,Maryland,21742,True,False,True,True,True,True,True,0.82,postcode_not_supported; confidence_below_0_90,"{""address"": {""ISO3166-2-lvl4"": ""US-MD"", ""amenity"": ""Western Maryland Hospital Center"", ""city"": ""Hagerstown"", ""country"": ""United States"", ""country_code"": ""us"", ""county"": ""Washington County"", ""house_number"": ""1500"", ""postcode"": ""21742"", ""road"": ""Pennsylvania Avenue"", ""state"": ""Maryland""}, ""addresstype"": ""amenity"", ""boundingbox"": [""39.6655670"", ""39.6656670"", ""-77.7175990"", ""-77.7174990""], ""category"": ""amenity"", ""display_name"": ""Western Maryland Hospital Center, 1500, Pennsylvania Avenue, Hagerstown, Washington County, Maryland, 21742, United States"", ""extratags"": {""healthcare"": ""hospital"", ""operator"": ""Maryland Department of Health"", ""operator:wikidata"": ""Q24060908"", ""website"": ""https://health.maryland.gov/wmhc/Pages/Home.aspx""}, ""importance"": 5.819562066067014e-05, ""lat"": ""39.6656170"", ""licence"": ""Data \u00a9 OpenStreetMap contributors, ODbL 1.0. http://osm.org/copyright"", ""lon"": ""-77.7175490"", ""name"": ""Western Maryland Hospital Center"", ""osm_id"": 7212509205, ""osm_type"": ""node"", ""place_id"": 349334208, ""place_rank"": 30, ""type"": ""hospital""}"
ccd50ed11bfbf258623d,212002__2024,212002,2024,WESTERN MARYLAND HOSPITAL CENTER,MD,1500 PENNSYLVANIA AVENUE,HAGERSTOWN,21740,same_city_unresolved_after_census_external_geocoder,address_only,"1500 PENNSYLVANIA AVENUE, HAGERSTOWN, MD, 21740",1,24043,"Washington County, Maryland",MD,39.6675770,-77.7192580,,"1500, Pennsylvania Avenue, Hagerstown, Washington County, Maryland, 21742, United States",place,house,1500,Pennsylvania Avenue,Hagerstown,Washington County,Maryland,21742,True,False,True,True,False,True,True,0.74,postcode_not_supported; confidence_below_0_90,"{""address"": {""ISO3166-2-lvl4"": ""US-MD"", ""city"": ""Hagerstown"", ""country"": ""United States"", ""country_code"": ""us"", ""county"": ""Washington County"", ""house_number"": ""1500"", ""postcode"": ""21742"", ""road"": ""Pennsylvania Avenue"", ""state"": ""Maryland""}, ""addresstype"": ""place"", ""boundingbox"": [""39.6675270"", ""39.6676270"", ""-77.7193080"", ""-77.7192080""], ""category"": ""place"", ""display_name"": ""1500, Pennsylvania Avenue, Hagerstown, Washington County, Maryland, 21742, United States"", ""extratags"": null, ""importance"": 9.99999999995449e-06, ""lat"": ""39.6675770"", ""licence"": ""Data \u00a9 OpenStreetMap contributors, ODbL 1.0. http://osm.org/copyright"", ""lon"": ""-77.7192580"", ""name"": """", ""osm_id"": 1364440622, ""osm_type"": ""way"", ""place_id"": 396187956, ""place_rank"": 30, ""type"": ""house""}"
ef8fc5d592157eca0bf4,212002__2024,212002,2024,WESTERN MARYLAND HOSPITAL CENTER,MD,1500 PENNSYLVANIA AVENUE,HAGERSTOWN,21740,same_city_unresolved_after_census_external_geocoder,provider_address,"WESTERN MARYLAND HOSPITAL CENTER, 1500 PENNSYLVANIA AVENUE, HAGERSTOWN, MD, 21740",0,24043,"Washington County, Maryland",MD,39.6656170,-77.7175490,Western Maryland Hospital Center,"Western Maryland Hospital Center, 1500, Pennsylvania Avenue, Hagerstown, Washington County, Maryland, 21742, United States",amenity,hospital,1500,Pennsylvania Avenue,Hagerstown,Washington County,Maryland,21742,True,False,True,True,True,True,True,0.82,postcode_not_supported; confidence_below_0_90,"{""address"": {""ISO3166-2-lvl4"": ""US-MD"", ""amenity"": ""Western Maryland Hospital Center"", ""city"": ""Hagerstown"", ""country"": ""United States"", ""country_code"": ""us"", ""county"": ""Washington County"", ""house_number"": ""1500"", ""postcode"": ""21742"", ""road"": ""Pennsylvania Avenue"", ""state"": ""Maryland""}, ""addresstype"": ""amenity"", ""boundingbox"": [""39.6655670"", ""39.6656670"", ""-77.7175990"", ""-77.7174990""], ""category"": ""amenity"", ""display_name"": ""Western Maryland Hospital Center, 1500, Pennsylvania Avenue, Hagerstown, Washington County, Maryland, 21742, United States"", ""extratags"": {""healthcare"": ""hospital"", ""operator"": ""Maryland Department of Health"", ""operator:wikidata"": ""Q24060908"", ""website"": ""https://health.maryland.gov/wmhc/Pages/Home.aspx""}, ""importance"": 5.819562066067014e-05, ""lat"": ""39.6656170"", ""licence"": ""Data \u00a9 OpenStreetMap contributors, ODbL 1.0. http://osm.org/copyright"", ""lon"": ""-77.7175490"", ""name"": ""Western Maryland Hospital Center"", ""osm_id"": 7212509205, ""osm_type"": ""node"", ""place_id"": 349133233, ""place_rank"": 30, ""type"": ""hospital""}"
4e5242363ec590c41e2d,212002__2024,212002,2024,WESTERN MARYLAND HOSPITAL CENTER,MD,1500 PENNSYLVANIA AVENUE,HAGERSTOWN,21740,same_city_unresolved_after_census_external_geocoder,address_no_zip,"1500 PENNSYLVANIA AVENUE, HAGERSTOWN, MD",0,24043,"Washington County, Maryland",MD,39.6656170,-77.7175490,Western Maryland Hospital Center,"Western Maryland Hospital Center, 1500, Pennsylvania Avenue, Hagerstown, Washington County, Maryland, 21742, United States",amenity,hospital,1500,Pennsylvania Avenue,Hagerstown,Washington County,Maryland,21742,True,False,True,True,True,True,True,0.82,postcode_not_supported; confidence_below_0_90,"{""address"": {""ISO3166-2-lvl4"": ""US-MD"", ""amenity"": ""Western Maryland Hospital Center"", ""city"": ""Hagerstown"", ""country"": ""United States"", ""country_code"": ""us"", ""county"": ""Washington County"", ""house_number"": ""1500"", ""postcode"": ""21742"", ""road"": ""Pennsylvania Avenue"", ""state"": ""Maryland""}, ""addresstype"": ""amenity"", ""boundingbox"": [""39.6655670"", ""39.6656670"", ""-77.7175990"", ""-77.7174990""], ""category"": ""amenity"", ""display_name"": ""Western Maryland Hospital Center, 1500, Pennsylvania Avenue, Hagerstown, Washington County, Maryland, 21742, United States"", ""extratags"": {""healthcare"": ""hospital"", ""operator"": ""Maryland Department of Health"", ""operator:wikidata"": ""Q24060908"", ""website"": ""https://health.maryland.gov/wmhc/Pages/Home.aspx""}, ""importance"": 5.819562066067014e-05, ""lat"": ""39.6656170"", ""licence"": ""Data \u00a9 OpenStreetMap contributors, ODbL 1.0. http://osm.org/copyright"", ""lon"": ""-77.7175490"", ""name"": ""Western Maryland Hospital Center"", ""osm_id"": 7212509205, ""osm_type"": ""node"", ""place_id"": 349133233, ""place_rank"": 30, ""type"": ""hospital""}"
4e5242363ec590c41e2d,212002__2024,212002,2024,WESTERN MARYLAND HOSPITAL CENTER,MD,1500 PENNSYLVANIA AVENUE,HAGERSTOWN,21740,same_city_unresolved_after_census_external_geocoder,address_no_zip,"1500 PENNSYLVANIA AVENUE, HAGERSTOWN, MD",1,24043,"Washington County, Maryland",MD,39.6675770,-77.7192610,,"1500, Pennsylvania Avenue, Hagerstown, Washington County, Maryland, 21742, United States",place,house,1500,Pennsylvania Avenue,Hagerstown,Washington County,Maryland,21742,True,False,True,True,False,True,True,0.74,postcode_not_supported; confidence_below_0_90,"{""address"": {""ISO3166-2-lvl4"": ""US-MD"", ""city"": ""Hagerstown"", ""country"": ""United States"", ""country_code"": ""us"", ""county"": ""Washington County"", ""house_number"": ""1500"", ""postcode"": ""21742"", ""road"": ""Pennsylvania Avenue"", ""state"": ""Maryland""}, ""addresstype"": ""place"", ""boundingbox"": [""39.6675270"", ""39.6676270"", ""-77.7193110"", ""-77.7192110""], ""category"": ""place"", ""display_name"": ""1500, Pennsylvania Avenue, Hagerstown, Washington County, Maryland, 21742, United States"", ""extratags"": null, ""importance"": 9.99999999995449e-06, ""lat"": ""39.6675770"", ""licence"": ""Data \u00a9 OpenStreetMap contributors, ODbL 1.0. http://osm.org/copyright"", ""lon"": ""-77.7192610"", ""name"": """", ""osm_id"": 1364440622, ""osm_type"": ""way"", ""place_id"": 395783069, ""place_rank"": 30, ""type"": ""house""}"
023aa814898e2ba0bca3,212002__2024,212002,2024,WESTERN MARYLAND HOSPITAL CENTER,MD,1500 PENNSYLVANIA AVENUE,HAGERSTOWN,21740,same_city_unresolved_after_census_external_geocoder,provider_city_zip,"WESTERN MARYLAND HOSPITAL CENTER, HAGERSTOWN, MD, 21740",0,24043,"Washington County, Maryland",MD,39.6656170,-77.7175490,Western Maryland Hospital Center,"Western Maryland Hospital Center, 1500, Pennsylvania Avenue, Hagerstown, Washington County, Maryland, 21742, United States",amenity,hospital,1500,Pennsylvania Avenue,Hagerstown,Washington County,Maryland,21742,True,False,True,True,True,True,True,0.82,postcode_not_supported; confidence_below_0_90,"{""address"": {""ISO3166-2-lvl4"": ""US-MD"", ""amenity"": ""Western Maryland Hospital Center"", ""city"": ""Hagerstown"", ""country"": ""United States"", ""country_code"": ""us"", ""county"": ""Washington County"", ""house_number"": ""1500"", ""postcode"": ""21742"", ""road"": ""Pennsylvania Avenue"", ""state"": ""Maryland""}, ""addresstype"": ""amenity"", ""boundingbox"": [""39.6655670"", ""39.6656670"", ""-77.7175990"", ""-77.7174990""], ""category"": ""amenity"", ""display_name"": ""Western Maryland Hospital Center, 1500, Pennsylvania Avenue, Hagerstown, Washington County, Maryland, 21742, United States"", ""extratags"": {""healthcare"": ""hospital"", ""operator"": ""Maryland Department of Health"", ""operator:wikidata"": ""Q24060908"", ""website"": ""https://health.maryland.gov/wmhc/Pages/Home.aspx""}, ""importance"": 5.819562066067014e-05, ""lat"": ""39.6656170"", ""licence"": ""Data \u00a9 OpenStreetMap contributors, ODbL 1.0. http://osm.org/copyright"", ""lon"": ""-77.7175490"", ""name"": ""Western Maryland Hospital Center"", ""osm_id"": 7212509205, ""osm_type"": ""node"", ""place_id"": 349488565, ""place_rank"": 30, ""type"": ""hospital""}"
f1844883c0c09fab2259,190044__2023,190044,2023,ACADIA GENERAL HOSPITAL,LA,190044,CROWLEY,70526,same_city_unresolved_after_census_external_geocoder,address_only,"190044, CROWLEY, LA, 70526",0,22001,"Acadia Parish, Louisiana",LA,30.2140928,-92.3745761,Crowley,"Crowley, Acadia Parish, Louisiana, United States",boundary,administrative,,,Crowley,Acadia Parish,Louisiana,,False,False,True,True,False,False,False,0.48,house_number_not_supported; postcode_not_supported; result_type_name_or_road_not_supported; confidence_below_0_90,"{""address"": {""ISO3166-2-lvl4"": ""US-LA"", ""country"": ""United States"", ""country_code"": ""us"", ""county"": ""Acadia Parish"", ""state"": ""Louisiana"", ""town"": ""Crowley""}, ""addresstype"": ""town"", ""boundingbox"": [""30.1906520"", ""30.2469190"", ""-92.4026617"", ""-92.3455347""], ""category"": ""boundary"", ""display_name"": ""Crowley, Acadia Parish, Louisiana, United States"", ""extratags"": {""admin_level"": ""8"", ""border_type"": ""city"", ""capital"": ""6"", ""ele"": ""6"", ""linked_place"": ""town"", ""place"": ""town"", ""population"": ""14070"", ""population:date"": ""2006"", ""wikidata"": ""Q1022973"", ""wikipedia"": ""en:Crowley, Louisiana""}, ""importance"": 0.437614861262228, ""lat"": ""30.2140928"", ""licence"": ""Data \u00a9 OpenStreetMap contributors, ODbL 1.0. http://osm.org/copyright"", ""lon"": ""-92.3745761"", ""name"": ""Crowley"", ""osm_id"": 131986, ""osm_type"": ""relation"", ""place_id"": 303487268, ""place_rank"": 16, ""type"": ""administrative""}"
e482c543b532a06977f7,190044__2023,190044,2023,ACADIA GENERAL HOSPITAL,LA,190044,CROWLEY,70526,same_city_unresolved_after_census_external_geocoder,address_no_zip,"190044, CROWLEY, LA",0,22001,"Acadia Parish, Louisiana",LA,30.2140928,-92.3745761,Crowley,"Crowley, Acadia Parish, Louisiana, United States",boundary,administrative,,,Crowley,Acadia Parish,Louisiana,,False,False,True,True,False,False,False,0.48,house_number_not_supported; postcode_not_supported; result_type_name_or_road_not_supported; confidence_below_0_90,"{""address"": {""ISO3166-2-lvl4"": ""US-LA"", ""country"": ""United States"", ""country_code"": ""us"", ""county"": ""Acadia Parish"", ""state"": ""Louisiana"", ""town"": ""Crowley""}, ""addresstype"": ""town"", ""boundingbox"": [""30.1906520"", ""30.2469190"", ""-92.4026617"", ""-92.3455347""], ""category"": ""boundary"", ""display_name"": ""Crowley, Acadia Parish, Louisiana, United States"", ""extratags"": {""admin_level"": ""8"", ""border_type"": ""city"", ""capital"": ""6"", ""ele"": ""6"", ""linked_place"": ""town"", ""place"": ""town"", ""population"": ""14070"", ""population:date"": ""2006"", ""wikidata"": ""Q1022973"", ""wikipedia"": ""en:Crowley, Louisiana""}, ""importance"": 0.437614861262228, ""lat"": ""30.2140928"", ""licence"": ""Data \u00a9 OpenStreetMap contributors, ODbL 1.0. http://osm.org/copyright"", ""lon"": ""-92.3745761"", ""name"": ""Crowley"", ""osm_id"": 131986, ""osm_type"": ""relation"", ""place_id"": 303684869, ""place_rank"": 16, ""type"": ""administrative""}"
687c45299be13c3708cc,190044__2023,190044,2023,ACADIA GENERAL HOSPITAL,LA,190044,CROWLEY,70526,same_city_unresolved_after_census_external_geocoder,provider_city_zip,"ACADIA GENERAL HOSPITAL, CROWLEY, LA, 70526",0,22001,"Acadia Parish, Louisiana",LA,30.2265885,-92.3635817,Acadia General Hospital,"Acadia General Hospital, 1305, Crowley Rayne Highway, Crowley, Acadia Parish, Louisiana, 70546, United States",amenity,hospital,1305,Crowley Rayne Highway,Crowley,Acadia Parish,Louisiana,70546,False,False,True,True,True,True,False,0.6,house_number_not_supported; postcode_not_supported; confidence_below_0_90,"{""address"": {""ISO3166-2-lvl4"": ""US-LA"", ""amenity"": ""Acadia General Hospital"", ""country"": ""United States"", ""country_code"": ""us"", ""county"": ""Acadia Parish"", ""house_number"": ""1305"", ""postcode"": ""70546"", ""road"": ""Crowley Rayne Highway"", ""state"": ""Louisiana"", ""town"": ""Crowley""}, ""addresstype"": ""amenity"", ""boundingbox"": [""30.2255277"", ""30.2276695"", ""-92.3645292"", ""-92.3626317""], ""category"": ""amenity"", ""display_name"": ""Acadia General Hospital, 1305, Crowley Rayne Highway, Crowley, Acadia Parish, Louisiana, 70546, United States"", ""extratags"": {""emergency"": ""yes"", ""opening_hours"": ""24/7"", ""operator"": ""Lafayette General Health"", ""phone"": ""+1 337 783 3222"", ""website"": ""https://www.lafayettegeneral.com/our_facilities/main_facilities/acadia_general_hospital.aspx"", ""wikidata"": ""Q96757837""}, ""importance"": 2.6000610360830357e-05, ""lat"": ""30.2265885"", ""licence"": ""Data \u00a9 OpenStreetMap contributors, ODbL 1.0. http://osm.org/copyright"", ""lon"": ""-92.3635817"", ""name"": ""Acadia General Hospital"", ""osm_id"": 476052609, ""osm_type"": ""way"", ""place_id"": 304720926, ""place_rank"": 30, ""type"": ""hospital""}"
15e15f7adf0a9a143bc1,103052__2023,103052,2023,ENCOMPASS HEALTH REHABILITATION HOSP,FL,11595 BURNT MILL ROAD,JACKSONVILLE,32256,same_city_unresolved_after_census_external_geocoder,address_only,"11595 BURNT MILL ROAD, JACKSONVILLE, FL, 32256",0,12031,"Duval County, Florida",FL,30.2420647,-81.5218886,Burnt Mill Road,"Burnt Mill Road, Jacksonville, Duval County, Florida, 32256, United States",highway,tertiary,,Burnt Mill Road,Jacksonville,Duval County,Florida,32256,False,True,True,True,False,False,True,0.7,house_number_not_supported; confidence_below_0_90,"{""address"": {""ISO3166-2-lvl4"": ""US-FL"", ""city"": ""Jacksonville"", ""country"": ""United States"", ""country_code"": ""us"", ""county"": ""Duval County"", ""postcode"": ""32256"", ""road"": ""Burnt Mill Road"", ""state"": ""Florida""}, ""addresstype"": ""road"", ""boundingbox"": [""30.2420372"", ""30.2420783"", ""-81.5231226"", ""-81.5206542""], ""category"": ""highway"", ""display_name"": ""Burnt Mill Road, Jacksonville, Duval County, Florida, 32256, United States"", ""extratags"": {""lanes"": ""2""}, ""importance"": 0.05340426108186462, ""lat"": ""30.2420647"", ""licence"": ""Data \u00a9 OpenStreetMap contributors, ODbL 1.0. http://osm.org/copyright"", ""lon"": ""-81.5218886"", ""name"": ""Burnt Mill Road"", ""osm_id"": 1473612049, ""osm_type"": ""way"", ""place_id"": 301199863, ""place_rank"": 26, ""type"": ""tertiary""}"
15e15f7adf0a9a143bc1,103052__2023,103052,2023,ENCOMPASS HEALTH REHABILITATION HOSP,FL,11595 BURNT MILL ROAD,JACKSONVILLE,32256,same_city_unresolved_after_census_external_geocoder,address_only,"11595 BURNT MILL ROAD, JACKSONVILLE, FL, 32256",1,12031,"Duval County, Florida",FL,30.2421161,-81.5187209,Burnt Mill Road,"Burnt Mill Road, Jacksonville, Duval County, Florida, 32256, United States",highway,residential,,Burnt Mill Road,Jacksonville,Duval County,Florida,32256,False,True,True,True,False,False,True,0.7,house_number_not_supported; confidence_below_0_90,"{""address"": {""ISO3166-2-lvl4"": ""US-FL"", ""city"": ""Jacksonville"", ""country"": ""United States"", ""country_code"": ""us"", ""county"": ""Duval County"", ""postcode"": ""32256"", ""road"": ""Burnt Mill Road"", ""state"": ""Florida""}, ""addresstype"": ""road"", ""boundingbox"": [""30.2419838"", ""30.2422123"", ""-81.5188549"", ""-81.5185871""], ""category"": ""highway"", ""display_name"": ""Burnt Mill Road, Jacksonville, Duval County, Florida, 32256, United States"", ""extratags"": {""junction"": ""roundabout"", ""oneway"": ""yes"", ""surface"": ""paved""}, ""importance"": 0.05340426108186462, ""lat"": ""30.2421161"", ""licence"": ""Data \u00a9 OpenStreetMap contributors, ODbL 1.0. http://osm.org/copyright"", ""lon"": ""-81.5187209"", ""name"": ""Burnt Mill Road"", ""osm_id"": 137853588, ""osm_type"": ""way"", ""place_id"": 299253915, ""place_rank"": 26, ""type"": ""residential""}"
ff5a40668d2e23399fc6,103052__2023,103052,2023,ENCOMPASS HEALTH REHABILITATION HOSP,FL,11595 BURNT MILL ROAD,JACKSONVILLE,32256,same_city_unresolved_after_census_external_geocoder,address_no_zip,"11595 BURNT MILL ROAD, JACKSONVILLE, FL",0,12031,"Duval County, Florida",FL,30.2413242,-81.5267075,Burnt Mill Road,"Burnt Mill Road, Jacksonville, Duval County, Florida, 32255, United States",highway,tertiary,,Burnt Mill Road,Jacksonville,Duval County,Florida,32255,False,False,True,True,False,False,True,0.52,house_number_not_supported; postcode_not_supported; confidence_below_0_90,"{""address"": {""ISO3166-2-lvl4"": ""US-FL"", ""city"": ""Jacksonville"", ""country"": ""United States"", ""country_code"": ""us"", ""county"": ""Duval County"", ""postcode"": ""32255"", ""road"": ""Burnt Mill Road"", ""state"": ""Florida""}, ""addresstype"": ""road"", ""boundingbox"": [""30.2413094"", ""30.2418455"", ""-81.5296566"", ""-81.5238356""], ""category"": ""highway"", ""display_name"": ""Burnt Mill Road, Jacksonville, Duval County, Florida, 32255, United States"", ""extratags"": {""lanes"": ""2""}, ""importance"": 0.05340426108186462, ""lat"": ""30.2413242"", ""licence"": ""Data \u00a9 OpenStreetMap contributors, ODbL 1.0. http://osm.org/copyright"", ""lon"": ""-81.5267075"", ""name"": ""Burnt Mill Road"", ""osm_id"": 10878118, ""osm_type"": ""way"", ""place_id"": 300916160, ""place_rank"": 26, ""type"": ""tertiary""}"
ff5a40668d2e23399fc6,103052__2023,103052,2023,ENCOMPASS HEALTH REHABILITATION HOSP,FL,11595 BURNT MILL ROAD,JACKSONVILLE,32256,same_city_unresolved_after_census_external_geocoder,address_no_zip,"11595 BURNT MILL ROAD, JACKSONVILLE, FL",1,12031,"Duval County, Florida",FL,30.2444166,-81.5351753,Burnt Mill Road,"Burnt Mill Road, Jacksonville, Duval County, Florida, 33216, United States",highway,tertiary,,Burnt Mill Road,Jacksonville,Duval County,Florida,33216,False,False,True,True,False,False,True,0.52,house_number_not_supported; postcode_not_supported; confidence_below_0_90,"{""address"": {""ISO3166-2-lvl4"": ""US-FL"", ""city"": ""Jacksonville"", ""country"": ""United States"", ""country_code"": ""us"", ""county"": ""Duval County"", ""postcode"": ""33216"", ""road"": ""Burnt Mill Road"", ""state"": ""Florida""}, ""addresstype"": ""road"", ""boundingbox"": [""30.2441626"", ""30.2446489"", ""-81.5353628"", ""-81.5349585""], ""category"": ""highway"", ""display_name"": ""Burnt Mill Road, Jacksonville, Duval County, Florida, 33216, United States"", ""extratags"": {""lanes"": ""4"", ""lanes:backward"": ""3"", ""lanes:forward"": ""1"", ""maxspeed"": ""35 mph"", ""turn:lanes:backward"": ""left||right""}, ""importance"": 0.05340426108186462, ""lat"": ""30.2444166"", ""licence"": ""Data \u00a9 OpenStreetMap contributors, ODbL 1.0. http://osm.org/copyright"", ""lon"": ""-81.5351753"", ""name"": ""Burnt Mill Road"", ""osm_id"": 1446475535, ""osm_type"": ""way"", ""place_id"": 300924228, ""place_rank"": 26, ""type"": ""tertiary""}"
ff5a40668d2e23399fc6,103052__2023,103052,2023,ENCOMPASS HEALTH REHABILITATION HOSP,FL,11595 BURNT MILL ROAD,JACKSONVILLE,32256,same_city_unresolved_after_census_external_geocoder,address_no_zip,"11595 BURNT MILL ROAD, JACKSONVILLE, FL",2,12031,"Duval County, Florida",FL,30.2421224,-81.5190999,Burnt Mill Road,"Burnt Mill Road, Jacksonville, Duval County, Florida, 32256, United States",highway,residential,,Burnt Mill Road,Jacksonville,Duval County,Florida,32256,False,True,True,True,False,False,True,0.7,house_number_not_supported; confidence_below_0_90,"{""address"": {""ISO3166-2-lvl4"": ""US-FL"", ""city"": ""Jacksonville"", ""country"": ""United States"", ""country_code"": ""us"", ""county"": ""Duval County"", ""postcode"": ""32256"", ""road"": ""Burnt Mill Road"", ""state"": ""Florida""}, ""addresstype"": ""road"", ""boundingbox"": [""30.2420842"", ""30.2421565"", ""-81.5193648"", ""-81.5188342""], ""category"": ""highway"", ""display_name"": ""Burnt Mill Road, Jacksonville, Duval County, Florida, 32256, United States"", ""extratags"": {""oneway"": ""yes""}, ""importance"": 0.05340426108186462, ""lat"": ""30.2421224"", ""licence"": ""Data \u00a9 OpenStreetMap contributors, ODbL 1.0. http://osm.org/copyright"", ""lon"": ""-81.5190999"", ""name"": ""Burnt Mill Road"", ""osm_id"": 137853684, ""osm_type"": ""way"", ""place_id"": 300935886, ""place_rank"": 26, ""type"": ""residential""}"
d77dacf7da65a8b693f8,670265__2024,670265,2024,LEGENT ORTHOPEDIC HOSPITAL CARROLLTO,TX,1401 EAST TRINITY MILLS ROAD,CARROLLTON,75007,same_city_unresolved_after_census_external_geocoder,address_only,"1401 EAST TRINITY MILLS ROAD, CARROLLTON, TX, 75007",0,48113,"Dallas County, Texas",TX,32.9857113,-96.8983993,Texas Health Hospital,"Texas Health Hospital, 1401, East Trinity Mills Road, New Koreatown, Carrollton, Dallas County, Texas, 75006, United States",amenity,hospital,1401,East Trinity Mills Road,Carrollton,Dallas County,Texas,75006,True,False,True,True,True,False,True,0.78,postcode_not_supported; confidence_below_0_90,"{""address"": {""ISO3166-2-lvl4"": ""US-TX"", ""amenity"": ""Texas Health Hospital"", ""city"": ""Carrollton"", ""country"": ""United States"", ""country_code"": ""us"", ""county"": ""Dallas County"", ""house_number"": ""1401"", ""neighbourhood"": ""New Koreatown"", ""postcode"": ""75006"", ""road"": ""East Trinity Mills Road"", ""state"": ""Texas""}, ""addresstype"": ""amenity"", ""boundingbox"": [""32.9850070"", ""32.9864649"", ""-96.8992800"", ""-96.8975151""], ""category"": ""amenity"", ""display_name"": ""Texas Health Hospital, 1401, East Trinity Mills Road, New Koreatown, Carrollton, Dallas County, Texas, 75006, United States"", ""extratags"": {""beds"": ""50"", ""emergency"": ""yes"", ""healthcare"": ""hospital"", ""opening_hours"": ""24/7"", ""phone"": ""+1 972 810 0700"", ""website"": ""https://texashealthhospital.com/"", ""wheelchair"": ""yes""}, ""importance"": 5.816205081249741e-05, ""lat"": ""32.9857113"", ""licence"": ""Data \u00a9 OpenStreetMap contributors, ODbL 1.0. http://osm.org/copyright"", ""lon"": ""-96.8983993"", ""name"": ""Texas Health Hospital"", ""osm_id"": 602560524, ""osm_type"": ""way"", ""place_id"": 335347778, ""place_rank"": 30, ""type"": ""hospital""}"
d77dacf7da65a8b693f8,670265__2024,670265,2024,LEGENT ORTHOPEDIC HOSPITAL CARROLLTO,TX,1401 EAST TRINITY MILLS ROAD,CARROLLTON,75007,same_city_unresolved_after_census_external_geocoder,address_only,"1401 EAST TRINITY MILLS ROAD, CARROLLTON, TX, 75007",1,48113,"Dallas County, Texas",TX,32.9856388,-96.8985235,Legent Orthopedic Hospital,"Legent Orthopedic Hospital, 1401, East Trinity Mills Road, New Koreatown, Carrollton, Dallas County, Texas, 75006, United States",amenity,hospital,1401,East Trinity Mills Road,Carrollton,Dallas County,Texas,75006,True,False,True,True,True,True,True,0.82,postcode_not_supported; confidence_below_0_90,"{""address"": {""ISO3166-2-lvl4"": ""US-TX"", ""amenity"": ""Legent Orthopedic Hospital"", ""city"": ""Carrollton"", ""country"": ""United States"", ""country_code"": ""us"", ""county"": ""Dallas County"", ""house_number"": ""1401"", ""neighbourhood"": ""New Koreatown"", ""postcode"": ""75006"", ""road"": ""East Trinity Mills Road"", ""state"": ""Texas""}, ""addresstype"": ""amenity"", ""boundingbox"": [""32.9852776"", ""32.9859405"", ""-96.8990615"", ""-96.8979854""], ""category"": ""amenity"", ""display_name"": ""Legent Orthopedic Hospital, 1401, East Trinity Mills Road, New Koreatown, Carrollton, Dallas County, Texas, 75006, United States"", ""extratags"": {""beds"": ""34"", ""building"": ""hospital"", ""building:levels"": ""4"", ""emergency"": ""yes"", ""healthcare"": ""hospital"", ""website"": ""https://legentorthopedichospital.com/"", ""wheelchair"": ""yes""}, ""importance"": 5.816205081249741e-05, ""lat"": ""32.9856388"", ""licence"": ""Data \u00a9 OpenStreetMap contributors, ODbL 1.0. http://osm.org/copyright"", ""lon"": ""-96.8985235"", ""name"": ""Legent Orthopedic Hospital"", ""osm_id"": 633451124, ""osm_type"": ""way"", ""place_id"": 335328761, ""place_rank"": 30, ""type"": ""hospital""}"
6161cd8670c806a2960a,670265__2024,670265,2024,LEGENT ORTHOPEDIC HOSPITAL CARROLLTO,TX,1401 EAST TRINITY MILLS ROAD,CARROLLTON,75007,same_city_unresolved_after_census_external_geocoder,address_no_zip,"1401 EAST TRINITY MILLS ROAD, CARROLLTON, TX",0,48113,"Dallas County, Texas",TX,32.9857113,-96.8983993,Texas Health Hospital,"Texas Health Hospital, 1401, East Trinity Mills Road, New Koreatown, Carrollton, Dallas County, Texas, 75006, United States",amenity,hospital,1401,East Trinity Mills Road,Carrollton,Dallas County,Texas,75006,True,False,True,True,True,False,True,0.78,postcode_not_supported; confidence_below_0_90,"{""address"": {""ISO3166-2-lvl4"": ""US-TX"", ""amenity"": ""Texas Health Hospital"", ""city"": ""Carrollton"", ""country"": ""United States"", ""country_code"": ""us"", ""county"": ""Dallas County"", ""house_number"": ""1401"", ""neighbourhood"": ""New Koreatown"", ""postcode"": ""75006"", ""road"": ""East Trinity Mills Road"", ""state"": ""Texas""}, ""addresstype"": ""amenity"", ""boundingbox"": [""32.9850070"", ""32.9864649"", ""-96.8992800"", ""-96.8975151""], ""category"": ""amenity"", ""display_name"": ""Texas Health Hospital, 1401, East Trinity Mills Road, New Koreatown, Carrollton, Dallas County, Texas, 75006, United States"", ""extratags"": {""beds"": ""50"", ""emergency"": ""yes"", ""healthcare"": ""hospital"", ""opening_hours"": ""24/7"", ""phone"": ""+1 972 810 0700"", ""website"": ""https://texashealthhospital.com/"", ""wheelchair"": ""yes""}, ""importance"": 5.816205081249741e-05, ""lat"": ""32.9857113"", ""licence"": ""Data \u00a9 OpenStreetMap contributors, ODbL 1.0. http://osm.org/copyright"", ""lon"": ""-96.8983993"", ""name"": ""Texas Health Hospital"", ""osm_id"": 602560524, ""osm_type"": ""way"", ""place_id"": 334396079, ""place_rank"": 30, ""type"": ""hospital""}"
6161cd8670c806a2960a,670265__2024,670265,2024,LEGENT ORTHOPEDIC HOSPITAL CARROLLTO,TX,1401 EAST TRINITY MILLS ROAD,CARROLLTON,75007,same_city_unresolved_after_census_external_geocoder,address_no_zip,"1401 EAST TRINITY MILLS ROAD, CARROLLTON, TX",1,48113,"Dallas County, Texas",TX,32.9856388,-96.8985235,Legent Orthopedic Hospital,"Legent Orthopedic Hospital, 1401, East Trinity Mills Road, New Koreatown, Carrollton, Dallas County, Texas, 75006, United States",amenity,hospital,1401,East Trinity Mills Road,Carrollton,Dallas County,Texas,75006,True,False,True,True,True,True,True,0.82,postcode_not_supported; confidence_below_0_90,"{""address"": {""ISO3166-2-lvl4"": ""US-TX"", ""amenity"": ""Legent Orthopedic Hospital"", ""city"": ""Carrollton"", ""country"": ""United States"", ""country_code"": ""us"", ""county"": ""Dallas County"", ""house_number"": ""1401"", ""neighbourhood"": ""New Koreatown"", ""postcode"": ""75006"", ""road"": ""East Trinity Mills Road"", ""state"": ""Texas""}, ""addresstype"": ""amenity"", ""boundingbox"": [""32.9852776"", ""32.9859405"", ""-96.8990615"", ""-96.8979854""], ""category"": ""amenity"", ""display_name"": ""Legent Orthopedic Hospital, 1401, East Trinity Mills Road, New Koreatown, Carrollton, Dallas County, Texas, 75006, United States"", ""extratags"": {""beds"": ""34"", ""building"": ""hospital"", ""building:levels"": ""4"", ""emergency"": ""yes"", ""healthcare"": ""hospital"", ""website"": ""https://legentorthopedichospital.com/"", ""wheelchair"": ""yes""}, ""importance"": 5.816205081249741e-05, ""lat"": ""32.9856388"", ""licence"": ""Data \u00a9 OpenStreetMap contributors, ODbL 1.0. http://osm.org/copyright"", ""lon"": ""-96.8985235"", ""name"": ""Legent Orthopedic Hospital"", ""osm_id"": 633451124, ""osm_type"": ""way"", ""place_id"": 337222136, ""place_rank"": 30, ""type"": ""hospital""}"
092ecf1304389e6cf40c,054149__2024,054149,2024,WILLOW ROCK CENTER,CA,22050 FAIRMONT DRIVE,SAN LEANDRO,94578,same_city_unresolved_after_census_external_geocoder,address_only,"22050 FAIRMONT DRIVE, SAN LEANDRO, CA, 94578",0,06001,"Alameda County, California",CA,37.7037899,-122.1253740,Fairmont Drive,"Fairmont Drive, San Leandro, Alameda County, California, 94578, United States",highway,secondary,,Fairmont Drive,San Leandro,Alameda County,California,94578,False,True,True,True,False,False,True,0.7,house_number_not_supported; confidence_below_0_90,"{""address"": {""ISO3166-2-lvl4"": ""US-CA"", ""country"": ""United States"", ""country_code"": ""us"", ""county"": ""Alameda County"", ""postcode"": ""94578"", ""road"": ""Fairmont Drive"", ""state"": ""California"", ""town"": ""San Leandro""}, ""addresstype"": ""road"", ""boundingbox"": [""37.7034031"", ""37.7041747"", ""-122.1258478"", ""-122.1248986""], ""category"": ""highway"", ""display_name"": ""Fairmont Drive, San Leandro, Alameda County, California, 94578, United States"", ""extratags"": {""lanes"": ""2"", ""oneway"": ""yes"", ""parking:lane:right"": ""parallel"", ""surface"": ""asphalt""}, ""importance"": 0.05339027161058973, ""lat"": ""37.7037899"", ""licence"": ""Data \u00a9 OpenStreetMap contributors, ODbL 1.0. http://osm.org/copyright"", ""lon"": ""-122.1253740"", ""name"": ""Fairmont Drive"", ""osm_id"": 416968442, ""osm_type"": ""way"", ""place_id"": 322969033, ""place_rank"": 26, ""type"": ""secondary""}"
306c03df2edb12cf58a3,054149__2024,054149,2024,WILLOW ROCK CENTER,CA,22050 FAIRMONT DRIVE,SAN LEANDRO,94578,same_city_unresolved_after_census_external_geocoder,address_no_zip,"22050 FAIRMONT DRIVE, SAN LEANDRO, CA",0,06001,"Alameda County, California",CA,37.7029608,-122.1263469,Fairmont Drive,"Fairmont Drive, San Leandro, Alameda County, California, 94578, United States",highway,secondary,,Fairmont Drive,San Leandro,Alameda County,California,94578,False,True,True,True,False,False,True,0.7,house_number_not_supported; confidence_below_0_90,"{""address"": {""ISO3166-2-lvl4"": ""US-CA"", ""country"": ""United States"", ""country_code"": ""us"", ""county"": ""Alameda County"", ""postcode"": ""94578"", ""road"": ""Fairmont Drive"", ""state"": ""California"", ""town"": ""San Leandro""}, ""addresstype"": ""road"", ""boundingbox"": [""37.7025893"", ""37.7033378"", ""-122.1267744"", ""-122.1259242""], ""category"": ""highway"", ""display_name"": ""Fairmont Drive, San Leandro, Alameda County, California, 94578, United States"", ""extratags"": {""cycleway:right"": ""track"", ""lanes"": ""4"", ""lit"": ""yes"", ""oneway"": ""yes"", ""sidewalk"": ""separate"", ""turn:lanes"": ""left|||right""}, ""importance"": 0.05339027161058973, ""lat"": ""37.7029608"", ""licence"": ""Data \u00a9 OpenStreetMap contributors, ODbL 1.0. http://osm.org/copyright"", ""lon"": ""-122.1263469"", ""name"": ""Fairmont Drive"", ""osm_id"": 416958859, ""osm_type"": ""way"", ""place_id"": 322518100, ""place_rank"": 26, ""type"": ""secondary""}"
9b1d708d5688b2d08173,400016__2023,400016,2023,AUXILIO MUTUO HOSPITAL,PR,PONCE DE LEON,SAN JUAN,00919,same_city_unresolved_after_census_external_geocoder,address_only,"PONCE DE LEON, SAN JUAN, PR, 00919",0,72127,San Juan Muno,PR,18.4139256,-66.0548454,Avenida Juan Ponce de León,"Avenida Juan Ponce de León, Hato Rey Sur, Río Piedras, San Juan, Puerto Rico, 00919, United States",highway,primary,,Avenida Juan Ponce de León,Río Piedras,San Juan,Puerto Rico,00919,False,True,True,True,False,False,True,0.7,house_number_not_supported; confidence_below_0_90,"{""address"": {""ISO3166-2-lvl4"": ""US-PR"", ""city"": ""R\u00edo Piedras"", ""city_district"": ""Hato Rey Sur"", ""country"": ""United States"", ""country_code"": ""us"", ""county"": ""San Juan"", ""postcode"": ""00919"", ""road"": ""Avenida Juan Ponce de Le\u00f3n"", ""state"": ""Puerto Rico"", ""suburb"": ""Hato Rey Sur""}, ""addresstype"": ""road"", ""boundingbox"": [""18.4119310"", ""18.4159535"", ""-66.0553611"", ""-66.0542160""], ""category"": ""highway"", ""display_name"": ""Avenida Juan Ponce de Le\u00f3n, Hato Rey Sur, R\u00edo Piedras, San Juan, Puerto Rico, 00919, United States"", ""extratags"": {""busway"": ""opposite_lane"", ""lanes"": ""4"", ""lanes:bus"": ""1"", ""lanes:bus:backward"": ""1"", ""oneway"": ""yes"", ""surface"": ""asphalt""}, ""importance"": 0.05340313801785302, ""lat"": ""18.4139256"", ""licence"": ""Data \u00a9 OpenStreetMap contributors, ODbL 1.0. http://osm.org/copyright"", ""lon"": ""-66.0548454"", ""name"": ""Avenida Juan Ponce de Le\u00f3n"", ""osm_id"": 405464549, ""osm_type"": ""way"", ""place_id"": 304957809, ""place_rank"": 26, ""type"": ""primary""}"
9b1d708d5688b2d08173,400016__2023,400016,2023,AUXILIO MUTUO HOSPITAL,PR,PONCE DE LEON,SAN JUAN,00919,same_city_unresolved_after_census_external_geocoder,address_only,"PONCE DE LEON, SAN JUAN, PR, 00919",1,72127,San Juan Muno,PR,18.4178900,-66.0558436,Avenida Juan Ponce de León,"Avenida Juan Ponce de León, El Vedado, Hato Rey Norte, Río Piedras, San Juan, Puerto Rico, 00919, United States",highway,primary,,Avenida Juan Ponce de León,Río Piedras,San Juan,Puerto Rico,00919,False,True,True,True,False,False,True,0.7,house_number_not_supported; confidence_below_0_90,"{""address"": {""ISO3166-2-lvl4"": ""US-PR"", ""city"": ""R\u00edo Piedras"", ""city_district"": ""Hato Rey Norte"", ""country"": ""United States"", ""country_code"": ""us"", ""county"": ""San Juan"", ""neighbourhood"": ""El Vedado"", ""postcode"": ""00919"", ""road"": ""Avenida Juan Ponce de Le\u00f3n"", ""state"": ""Puerto Rico"", ""suburb"": ""Hato Rey Norte""}, ""addresstype"": ""road"", ""boundingbox"": [""18.4174270"", ""18.4183530"", ""-66.0559550"", ""-66.0557323""], ""category"": ""highway"", ""display_name"": ""Avenida Juan Ponce de Le\u00f3n, El Vedado, Hato Rey Norte, R\u00edo Piedras, San Juan, Puerto Rico, 00919, United States"", ""extratags"": {""busway"": ""opposite_lane"", ""lanes"": ""4"", ""lanes:bus"": ""1"", ""lanes:bus:backward"": ""1"", ""maxspeed"": ""35 mph"", ""oneway"": ""yes"", ""surface"": ""asphalt""}, ""importance"": 0.05340313801785302, ""lat"": ""18.4178900"", ""licence"": ""Data \u00a9 OpenStreetMap contributors, ODbL 1.0. http://osm.org/copyright"", ""lon"": ""-66.0558436"", ""name"": ""Avenida Juan Ponce de Le\u00f3n"", ""osm_id"": 1026789992, ""osm_type"": ""way"", ""place_id"": 304823301, ""place_rank"": 26, ""type"": ""primary""}"
9b1d708d5688b2d08173,400016__2023,400016,2023,AUXILIO MUTUO HOSPITAL,PR,PONCE DE LEON,SAN JUAN,00919,same_city_unresolved_after_census_external_geocoder,address_only,"PONCE DE LEON, SAN JUAN, PR, 00919",2,72127,San Juan Muno,PR,18.4209956,-66.0566229,Avenida Juan Ponce de León,"Avenida Juan Ponce de León, Floral Park, Hato Rey Central, Río Piedras, San Juan, Puerto Rico, 00917, United States",highway,primary,,Avenida Juan Ponce de León,Río Piedras,San Juan,Puerto Rico,00917,False,False,True,True,False,False,True,0.52,house_number_not_supported; postcode_not_supported; confidence_below_0_90,"{""address"": {""ISO3166-2-lvl4"": ""US-PR"", ""city"": ""R\u00edo Piedras"", ""city_district"": ""Hato Rey Central"", ""country"": ""United States"", ""country_code"": ""us"", ""county"": ""San Juan"", ""neighbourhood"": ""Floral Park"", ""postcode"": ""00917"", ""road"": ""Avenida Juan Ponce de Le\u00f3n"", ""state"": ""Puerto Rico"", ""suburb"": ""Hato Rey Central""}, ""addresstype"": ""road"", ""boundingbox"": [""18.4183530"", ""18.4236382"", ""-66.0572910"", ""-66.0559550""], ""category"": ""highway"", ""display_name"": ""Avenida Juan Ponce de Le\u00f3n, Floral Park, Hato Rey Central, R\u00edo Piedras, San Juan, Puerto Rico, 00917, United States"", ""extratags"": {""busway"": ""opposite_lane"", ""lanes"": ""4"", ""lanes:bus"": ""1"", ""lanes:bus:backward"": ""1"", ""maxspeed"": ""35 mph"", ""oneway"": ""yes"", ""surface"": ""asphalt""}, ""importance"": 0.05340313801785302, ""lat"": ""18.4209956"", ""licence"": ""Data \u00a9 OpenStreetMap contributors, ODbL 1.0. http://osm.org/copyright"", ""lon"": ""-66.0566229"", ""name"": ""Avenida Juan Ponce de Le\u00f3n"", ""osm_id"": 345745549, ""osm_type"": ""way"", ""place_id"": 306419226, ""place_rank"": 26, ""type"": ""primary""}"
3c4286650f99adf39ce4,400016__2023,400016,2023,AUXILIO MUTUO HOSPITAL,PR,PONCE DE LEON,SAN JUAN,00919,same_city_unresolved_after_census_external_geocoder,provider_address,"AUXILIO MUTUO HOSPITAL, PONCE DE LEON, SAN JUAN, PR, 00919",0,72127,San Juan Muno,PR,18.4096316,-66.0510524,Hospital Auxilio Mutuo,"Hospital Auxilio Mutuo, 735, Avenida Juan Ponce de León, Blondet, Hato Rey Sur, Río Piedras, San Juan, Puerto Rico, 00919, United States",amenity,hospital,735,Avenida Juan Ponce de León,Río Piedras,San Juan,Puerto Rico,00919,False,True,True,True,True,True,True,0.82,house_number_not_supported; confidence_below_0_90,"{""address"": {""ISO3166-2-lvl4"": ""US-PR"", ""amenity"": ""Hospital Auxilio Mutuo"", ""city"": ""R\u00edo Piedras"", ""city_district"": ""Hato Rey Sur"", ""country"": ""United States"", ""country_code"": ""us"", ""county"": ""San Juan"", ""house_number"": ""735"", ""neighbourhood"": ""Blondet"", ""postcode"": ""00919"", ""road"": ""Avenida Juan Ponce de Le\u00f3n"", ""state"": ""Puerto Rico"", ""suburb"": ""Hato Rey Sur""}, ""addresstype"": ""amenity"", ""boundingbox"": [""18.4082181"", ""18.4113879"", ""-66.0536678"", ""-66.0488308""], ""category"": ""amenity"", ""display_name"": ""Hospital Auxilio Mutuo, 735, Avenida Juan Ponce de Le\u00f3n, Blondet, Hato Rey Sur, R\u00edo Piedras, San Juan, Puerto Rico, 00919, United States"", ""extratags"": {""emergency"": ""yes"", ""healthcare"": ""hospital"", ""opening_hours"": ""24/7"", ""phone"": ""+1 787-758-2000"", ""website"": ""https://www.auxiliomutuo.com/"", ""wikidata"": ""Q30279894""}, ""importance"": 0.11734328469919902, ""lat"": ""18.4096316"", ""licence"": ""Data \u00a9 OpenStreetMap contributors, ODbL 1.0. http://osm.org/copyright"", ""lon"": ""-66.0510524"", ""name"": ""Hospital Auxilio Mutuo"", ""osm_id"": 59592670, ""osm_type"": ""way"", ""place_id"": 306936156, ""place_rank"": 30, ""type"": ""hospital""}"
59f9a338c44dc0084552,400016__2023,400016,2023,AUXILIO MUTUO HOSPITAL,PR,PONCE DE LEON,SAN JUAN,00919,same_city_unresolved_after_census_external_geocoder,address_no_zip,"PONCE DE LEON, SAN JUAN, PR",0,72127,San Juan Muno,PR,18.4498821,-66.0732329,Avenida Juan Ponce de León,"Avenida Juan Ponce de León, Campo Alegre, Santurce, San Juan, Puerto Rico, 00907, United States",highway,primary,,Avenida Juan Ponce de León,San Juan,San Juan,Puerto Rico,00907,False,False,True,True,False,False,True,0.52,house_number_not_supported; postcode_not_supported; confidence_below_0_90,"{""address"": {""ISO3166-2-lvl4"": ""US-PR"", ""city"": ""San Juan"", ""city_district"": ""Santurce"", ""country"": ""United States"", ""country_code"": ""us"", ""county"": ""San Juan"", ""neighbourhood"": ""Campo Alegre"", ""postcode"": ""00907"", ""road"": ""Avenida Juan Ponce de Le\u00f3n"", ""state"": ""Puerto Rico"", ""suburb"": ""Santurce""}, ""addresstype"": ""road"", ""boundingbox"": [""18.4489536"", ""18.4507998"", ""-66.0744330"", ""-66.0720409""], ""category"": ""highway"", ""display_name"": ""Avenida Juan Ponce de Le\u00f3n, Campo Alegre, Santurce, San Juan, Puerto Rico, 00907, United States"", ""extratags"": {""bus:lanes:backward"": ""designated"", ""busway"": ""opposite_lane"", ""foot"": ""designated"", ""lanes"": ""3"", ""lanes:backward"": ""1"", ""lanes:forward"": ""2"", ""oneway"": ""yes"", ""oneway:bus"": ""no"", ""parking:right"": ""yes"", ""sidewalk"": ""both"", ""surface"": ""asphalt""}, ""importance"": 0.05340313801785302, ""lat"": ""18.4498821"", ""licence"": ""Data \u00a9 OpenStreetMap contributors, ODbL 1.0. http://osm.org/copyright"", ""lon"": ""-66.0732329"", ""name"": ""Avenida Juan Ponce de Le\u00f3n"", ""osm_id"": 346406654, ""osm_type"": ""way"", ""place_id"": 308169082, ""place_rank"": 26, ""type"": ""primary""}"
59f9a338c44dc0084552,400016__2023,400016,2023,AUXILIO MUTUO HOSPITAL,PR,PONCE DE LEON,SAN JUAN,00919,same_city_unresolved_after_census_external_geocoder,address_no_zip,"PONCE DE LEON, SAN JUAN, PR",1,72127,San Juan Muno,PR,18.3919675,-66.0595905,Avenida Juan Ponce de León,"Avenida Juan Ponce de León, El Cinco, Río Piedras, San Juan, Puerto Rico, 00925, United States",highway,tertiary,,Avenida Juan Ponce de León,Río Piedras,San Juan,Puerto Rico,00925,False,False,True,True,False,False,True,0.52,house_number_not_supported; postcode_not_supported; confidence_below_0_90,"{""address"": {""ISO3166-2-lvl4"": ""US-PR"", ""city"": ""R\u00edo Piedras"", ""city_district"": ""El Cinco"", ""country"": ""United States"", ""country_code"": ""us"", ""county"": ""San Juan"", ""postcode"": ""00925"", ""road"": ""Avenida Juan Ponce de Le\u00f3n"", ""state"": ""Puerto Rico"", ""suburb"": ""El Cinco""}, ""addresstype"": ""road"", ""boundingbox"": [""18.3911258"", ""18.3926375"", ""-66.0604986"", ""-66.0585566""], ""category"": ""highway"", ""display_name"": ""Avenida Juan Ponce de Le\u00f3n, El Cinco, R\u00edo Piedras, San Juan, Puerto Rico, 00925, United States"", ""extratags"": {""oneway"": ""yes""}, ""importance"": 0.05340313801785302, ""lat"": ""18.3919675"", ""licence"": ""Data \u00a9 OpenStreetMap contributors, ODbL 1.0. http://osm.org/copyright"", ""lon"": ""-66.0595905"", ""name"": ""Avenida Juan Ponce de Le\u00f3n"", ""osm_id"": 415292501, ""osm_type"": ""way"", ""place_id"": 308162127, ""place_rank"": 26, ""type"": ""tertiary""}"
59f9a338c44dc0084552,400016__2023,400016,2023,AUXILIO MUTUO HOSPITAL,PR,PONCE DE LEON,SAN JUAN,00919,same_city_unresolved_after_census_external_geocoder,address_no_zip,"PONCE DE LEON, SAN JUAN, PR",2,72127,San Juan Muno,PR,18.4382131,-66.0596409,Avenida Juan Ponce de León,"Avenida Juan Ponce de León, Martín Peña, Santurce, Río Piedras, San Juan, Puerto Rico, 09010, United States",highway,primary,,Avenida Juan Ponce de León,Río Piedras,San Juan,Puerto Rico,09010,False,False,True,True,False,False,True,0.52,house_number_not_supported; postcode_not_supported; confidence_below_0_90,"{""address"": {""ISO3166-2-lvl4"": ""US-PR"", ""city"": ""R\u00edo Piedras"", ""city_district"": ""Santurce"", ""country"": ""United States"", ""country_code"": ""us"", ""county"": ""San Juan"", ""neighbourhood"": ""Mart\u00edn Pe\u00f1a"", ""postcode"": ""09010"", ""road"": ""Avenida Juan Ponce de Le\u00f3n"", ""state"": ""Puerto Rico"", ""suburb"": ""Santurce""}, ""addresstype"": ""road"", ""boundingbox"": [""18.4378610"", ""18.4385475"", ""-66.0598605"", ""-66.0594521""], ""category"": ""highway"", ""display_name"": ""Avenida Juan Ponce de Le\u00f3n, Mart\u00edn Pe\u00f1a, Santurce, R\u00edo Piedras, San Juan, Puerto Rico, 09010, United States"", ""extratags"": {""bicycle"": ""yes"", ""bus:lanes:backward"": ""designated"", ""busway"": ""opposite_lane"", ""cycleway"": ""no"", ""foot"": ""yes"", ""lanes"": ""4"", ""lanes:backward"": ""1"", ""lanes:forward"": ""3"", ""oneway"": ""yes"", ""oneway:bus"": ""no"", ""parking:left"": ""no"", ""parking:right"": ""no"", ""sidewalk"": ""left"", ""surface"": ""asphalt""}, ""importance"": 0.05340313801785302, ""lat"": ""18.4382131"", ""licence"": ""Data \u00a9 OpenStreetMap contributors, ODbL 1.0. http://osm.org/copyright"", ""lon"": ""-66.0596409"", ""name"": ""Avenida Juan Ponce de Le\u00f3n"", ""osm_id"": 405524144, ""osm_type"": ""way"", ""place_id"": 308170984, ""place_rank"": 26, ""type"": ""primary""}"
d6e57177331d03408f2a,400016__2023,400016,2023,AUXILIO MUTUO HOSPITAL,PR,PONCE DE LEON,SAN JUAN,00919,same_city_unresolved_after_census_external_geocoder,provider_city_zip,"AUXILIO MUTUO HOSPITAL, SAN JUAN, PR, 00919",0,72127,San Juan Muno,PR,18.4096316,-66.0510524,Hospital Auxilio Mutuo,"Hospital Auxilio Mutuo, 735, Avenida Juan Ponce de León, Blondet, Hato Rey Sur, Río Piedras, San Juan, Puerto Rico, 00919, United States",amenity,hospital,735,Avenida Juan Ponce de León,Río Piedras,San Juan,Puerto Rico,00919,False,True,True,True,True,True,True,0.82,house_number_not_supported; confidence_below_0_90,"{""address"": {""ISO3166-2-lvl4"": ""US-PR"", ""amenity"": ""Hospital Auxilio Mutuo"", ""city"": ""R\u00edo Piedras"", ""city_district"": ""Hato Rey Sur"", ""country"": ""United States"", ""country_code"": ""us"", ""county"": ""San Juan"", ""house_number"": ""735"", ""neighbourhood"": ""Blondet"", ""postcode"": ""00919"", ""road"": ""Avenida Juan Ponce de Le\u00f3n"", ""state"": ""Puerto Rico"", ""suburb"": ""Hato Rey Sur""}, ""addresstype"": ""amenity"", ""boundingbox"": [""18.4082181"", ""18.4113879"", ""-66.0536678"", ""-66.0488308""], ""category"": ""amenity"", ""display_name"": ""Hospital Auxilio Mutuo, 735, Avenida Juan Ponce de Le\u00f3n, Blondet, Hato Rey Sur, R\u00edo Piedras, San Juan, Puerto Rico, 00919, United States"", ""extratags"": {""emergency"": ""yes"", ""healthcare"": ""hospital"", ""opening_hours"": ""24/7"", ""phone"": ""+1 787-758-2000"", ""website"": ""https://www.auxiliomutuo.com/"", ""wikidata"": ""Q30279894""}, ""importance"": 0.11734328469919902, ""lat"": ""18.4096316"", ""licence"": ""Data \u00a9 OpenStreetMap contributors, ODbL 1.0. http://osm.org/copyright"", ""lon"": ""-66.0510524"", ""name"": ""Hospital Auxilio Mutuo"", ""osm_id"": 59592670, ""osm_type"": ""way"", ""place_id"": 306936156, ""place_rank"": 30, ""type"": ""hospital""}"
4c534351f8731826d307,400044__2023,400044,2023,SAN LUCAS PONCE,PR,917 AVE TITO CASTRO,PONCE,00733,same_city_unresolved_after_census_external_geocoder,provider_city_zip,"SAN LUCAS PONCE, PONCE, PR, 00733",0,72113,Ponce Muno,PR,18.0309927,-66.5953663,Hospital San Lucas,"Hospital San Lucas, 917, Avenida Tito Castro, La Coroza, Sector Lajes, Machuelo Abajo, Ponce, Puerto Rico, 00733, United States",amenity,hospital,917,Avenida Tito Castro,Ponce,Ponce,Puerto Rico,00733,True,True,True,True,True,True,True,1.0,,"{""address"": {""ISO3166-2-lvl4"": ""US-PR"", ""amenity"": ""Hospital San Lucas"", ""city"": ""Ponce"", ""city_district"": ""Machuelo Abajo"", ""country"": ""United States"", ""country_code"": ""us"", ""county"": ""Ponce"", ""hamlet"": ""Sector Lajes"", ""house_number"": ""917"", ""neighbourhood"": ""La Coroza"", ""postcode"": ""00733"", ""road"": ""Avenida Tito Castro"", ""state"": ""Puerto Rico""}, ""addresstype"": ""amenity"", ""boundingbox"": [""18.0288017"", ""18.0330483"", ""-66.5977505"", ""-66.5930083""], ""category"": ""amenity"", ""display_name"": ""Hospital San Lucas, 917, Avenida Tito Castro, La Coroza, Sector Lajes, Machuelo Abajo, Ponce, Puerto Rico, 00733, United States"", ""extratags"": {""emergency"": ""yes"", ""healthcare"": ""hospital"", ""opening_hours"": ""24/7"", ""phone"": ""+1 787-844-2080"", ""website"": ""https://www.sanlucaspr.org/"", ""wikidata"": ""Q5908416"", ""wikipedia"": ""es:Hospital Episcopal San Lucas""}, ""importance"": 0.36517188513067234, ""lat"": ""18.0309927"", ""licence"": ""Data \u00a9 OpenStreetMap contributors, ODbL 1.0. http://osm.org/copyright"", ""lon"": ""-66.5953663"", ""name"": ""Hospital San Lucas"", ""osm_id"": 585544336, ""osm_type"": ""way"", ""place_id"": 306773895, ""place_rank"": 30, ""type"": ""hospital""}"
4c534351f8731826d307,400044__2023,400044,2023,SAN LUCAS PONCE,PR,917 AVE TITO CASTRO,PONCE,00733,same_city_unresolved_after_census_external_geocoder,provider_city_zip,"SAN LUCAS PONCE, PONCE, PR, 00733",1,72113,Ponce Muno,PR,17.9823175,-66.6616053,Sala Emergencias San Lucas,"Sala Emergencias San Lucas, Calle Dr. Pedro Albizu Campos, Canas, Ponce, Puerto Rico, 00732, United States",amenity,clinic,,Calle Dr. Pedro Albizu Campos,Ponce,Ponce,Puerto Rico,00732,False,False,True,True,True,True,False,0.6,house_number_not_supported; postcode_not_supported; confidence_below_0_90,"{""address"": {""ISO3166-2-lvl4"": ""US-PR"", ""amenity"": ""Sala Emergencias San Lucas"", ""city"": ""Ponce"", ""city_district"": ""Canas"", ""country"": ""United States"", ""country_code"": ""us"", ""county"": ""Ponce"", ""postcode"": ""00732"", ""road"": ""Calle Dr. Pedro Albizu Campos"", ""state"": ""Puerto Rico""}, ""addresstype"": ""amenity"", ""boundingbox"": [""17.9820207"", ""17.9826905"", ""-66.6619212"", ""-66.6612586""], ""category"": ""amenity"", ""display_name"": ""Sala Emergencias San Lucas, Calle Dr. Pedro Albizu Campos, Canas, Ponce, Puerto Rico, 00732, United States"", ""extratags"": {""check_date"": ""2025-08-20"", ""emergency"": ""yes"", ""healthcare"": ""clinic"", ""opening_hours"": ""24/7"", ""phone"": ""+1 787 259 1101"", ""website"": ""https://www.sanlucaspr.org/es/emergencias""}, ""importance"": 6.162890058742683e-05, ""lat"": ""17.9823175"", ""licence"": ""Data \u00a9 OpenStreetMap contributors, ODbL 1.0. http://osm.org/copyright"", ""lon"": ""-66.6616053"", ""name"": ""Sala Emergencias San Lucas"", ""osm_id"": 530072776, ""osm_type"": ""way"", ""place_id"": 307036517, ""place_rank"": 30, ""type"": ""clinic""}"
3dd6405a2d840acf29ed,400061__2024,400061,2024,UNIVERSITY DISCTRICT HOSPITAL,PR,BO. MONACILLO,SAN JUAN,00922,same_city_unresolved_after_census_external_geocoder,address_only,"BO. MONACILLO, SAN JUAN, PR, 00922",0,72127,San Juan Muno,PR,18.3663347,-66.0799153,Monacillo,"Monacillo, Río Piedras, San Juan, Puerto Rico, 00826, United States",boundary,administrative,,,Río Piedras,San Juan,Puerto Rico,00826,False,False,True,True,False,False,False,0.48,house_number_not_supported; postcode_not_supported; result_type_name_or_road_not_supported; confidence_below_0_90,"{""address"": {""ISO3166-2-lvl4"": ""US-PR"", ""city"": ""R\u00edo Piedras"", ""city_district"": ""Monacillo"", ""country"": ""United States"", ""country_code"": ""us"", ""county"": ""San Juan"", ""postcode"": ""00826"", ""state"": ""Puerto Rico""}, ""addresstype"": ""city_district"", ""boundingbox"": [""18.3548599"", ""18.3778656"", ""-66.0925828"", ""-66.0571259""], ""category"": ""boundary"", ""display_name"": ""Monacillo, R\u00edo Piedras, San Juan, Puerto Rico, 00826, United States"", ""extratags"": {""admin_level"": ""9"", ""wikidata"": ""Q6021190""}, ""importance"": 0.28187552194901133, ""lat"": ""18.3663347"", ""licence"": ""Data \u00a9 OpenStreetMap contributors, ODbL 1.0. http://osm.org/copyright"", ""lon"": ""-66.0799153"", ""name"": ""Monacillo"", ""osm_id"": 4468257, ""osm_type"": ""relation"", ""place_id"": 306430590, ""place_rank"": 18, ""type"": ""administrative""}"
3dd6405a2d840acf29ed,400061__2024,400061,2024,UNIVERSITY DISCTRICT HOSPITAL,PR,BO. MONACILLO,SAN JUAN,00922,same_city_unresolved_after_census_external_geocoder,address_only,"BO. MONACILLO, SAN JUAN, PR, 00922",1,72127,San Juan Muno,PR,18.3626899,-66.0708695,Monacillo,"Monacillo, Río Piedras, San Juan, Puerto Rico, 00926, United States",place,suburb,,,Río Piedras,San Juan,Puerto Rico,00926,False,False,True,True,False,False,False,0.48,house_number_not_supported; postcode_not_supported; result_type_name_or_road_not_supported; confidence_below_0_90,"{""address"": {""ISO3166-2-lvl4"": ""US-PR"", ""city"": ""R\u00edo Piedras"", ""city_district"": ""Monacillo"", ""country"": ""United States"", ""country_code"": ""us"", ""county"": ""San Juan"", ""postcode"": ""00926"", ""state"": ""Puerto Rico"", ""suburb"": ""Monacillo""}, ""addresstype"": ""suburb"", ""boundingbox"": [""18.3426899"", ""18.3826899"", ""-66.0908695"", ""-66.0508695""], ""category"": ""place"", ""display_name"": ""Monacillo, R\u00edo Piedras, San Juan, Puerto Rico, 00926, United States"", ""extratags"": null, ""importance"": 0.14673647135118634, ""lat"": ""18.3626899"", ""licence"": ""Data \u00a9 OpenStreetMap contributors, ODbL 1.0. http://osm.org/copyright"", ""lon"": ""-66.0708695"", ""name"": ""Monacillo"", ""osm_id"": 9520535552, ""osm_type"": ""node"", ""place_id"": 307389078, ""place_rank"": 19, ""type"": ""suburb""}"
3dd6405a2d840acf29ed,400061__2024,400061,2024,UNIVERSITY DISCTRICT HOSPITAL,PR,BO. MONACILLO,SAN JUAN,00922,same_city_unresolved_after_census_external_geocoder,address_only,"BO. MONACILLO, SAN JUAN, PR, 00922",2,72127,San Juan Muno,PR,18.3788784,-66.0803136,Monacillo Urbano,"Monacillo Urbano, Río Piedras, San Juan, Puerto Rico, 00927, United States",boundary,administrative,,,Río Piedras,San Juan,Puerto Rico,00927,False,False,True,True,False,False,False,0.48,house_number_not_supported; postcode_not_supported; result_type_name_or_road_not_supported; confidence_below_0_90,"{""address"": {""ISO3166-2-lvl4"": ""US-PR"", ""city"": ""R\u00edo Piedras"", ""city_district"": ""Monacillo Urbano"", ""country"": ""United States"", ""country_code"": ""us"", ""county"": ""San Juan"", ""postcode"": ""00927"", ""state"": ""Puerto Rico""}, ""addresstype"": ""city_district"", ""boundingbox"": [""18.3659445"", ""18.3917813"", ""-66.1064511"", ""-66.0600973""], ""category"": ""boundary"", ""display_name"": ""Monacillo Urbano, R\u00edo Piedras, San Juan, Puerto Rico, 00927, United States"", ""extratags"": {""admin_level"": ""9"", ""wikidata"": ""Q6021193""}, ""importance"": 0.2853231881743613, ""lat"": ""18.3788784"", ""licence"": ""Data \u00a9 OpenStreetMap contributors, ODbL 1.0. http://osm.org/copyright"", ""lon"": ""-66.0803136"", ""name"": ""Monacillo Urbano"", ""osm_id"": 4468250, ""osm_type"": ""relation"", ""place_id"": 307170598, ""place_rank"": 18, ""type"": ""administrative""}"
7c38114e08c92283d9b2,400061__2024,400061,2024,UNIVERSITY DISCTRICT HOSPITAL,PR,BO. MONACILLO,SAN JUAN,00922,same_city_unresolved_after_census_external_geocoder,address_no_zip,"BO. MONACILLO, SAN JUAN, PR",0,72127,San Juan Muno,PR,18.3692960,-66.0733895,Avenida Lomas Verdes,"Avenida Lomas Verdes, Vista Alegre, Monacillo Urbano, Río Piedras, San Juan, Puerto Rico, 00826, United States",highway,primary,,Avenida Lomas Verdes,Río Piedras,San Juan,Puerto Rico,00826,False,False,True,True,False,False,False,0.48,house_number_not_supported; postcode_not_supported; result_type_name_or_road_not_supported; confidence_below_0_90,"{""address"": {""ISO3166-2-lvl4"": ""US-PR"", ""city"": ""R\u00edo Piedras"", ""city_district"": ""Monacillo Urbano"", ""country"": ""United States"", ""country_code"": ""us"", ""county"": ""San Juan"", ""neighbourhood"": ""Vista Alegre"", ""postcode"": ""00826"", ""road"": ""Avenida Lomas Verdes"", ""state"": ""Puerto Rico"", ""suburb"": ""Monacillo Urbano""}, ""addresstype"": ""road"", ""boundingbox"": [""18.3670212"", ""18.3719940"", ""-66.0803069"", ""-66.0666660""], ""category"": ""highway"", ""display_name"": ""Avenida Lomas Verdes, Vista Alegre, Monacillo Urbano, R\u00edo Piedras, San Juan, Puerto Rico, 00826, United States"", ""extratags"": {""maxspeed"": ""40 mph"", ""oneway"": ""yes""}, ""importance"": 0.05340313801785302, ""lat"": ""18.3692960"", ""licence"": ""Data \u00a9 OpenStreetMap contributors, ODbL 1.0. http://osm.org/copyright"", ""lon"": ""-66.0733895"", ""name"": ""Avenida Lomas Verdes"", ""osm_id"": 60049038, ""osm_type"": ""way"", ""place_id"": 307016989, ""place_rank"": 26, ""type"": ""primary""}"
7c38114e08c92283d9b2,400061__2024,400061,2024,UNIVERSITY DISCTRICT HOSPITAL,PR,BO. MONACILLO,SAN JUAN,00922,same_city_unresolved_after_census_external_geocoder,address_no_zip,"BO. MONACILLO, SAN JUAN, PR",1,72127,San Juan Muno,PR,18.3737587,-66.0877998,Avenida Lomas Verdes,"Avenida Lomas Verdes, Parques de San Ignacio, Comunidad Los Murieles, Monacillo Urbano, Río Piedras, San Juan, Puerto Rico, 00790, United States",highway,primary,,Avenida Lomas Verdes,Río Piedras,San Juan,Puerto Rico,00790,False,False,True,True,False,False,False,0.48,house_number_not_supported; postcode_not_supported; result_type_name_or_road_not_supported; confidence_below_0_90,"{""address"": {""ISO3166-2-lvl4"": ""US-PR"", ""city"": ""R\u00edo Piedras"", ""city_district"": ""Monacillo Urbano"", ""country"": ""United States"", ""country_code"": ""us"", ""county"": ""San Juan"", ""hamlet"": ""Comunidad Los Murieles"", ""neighbourhood"": ""Parques de San Ignacio"", ""postcode"": ""00790"", ""road"": ""Avenida Lomas Verdes"", ""state"": ""Puerto Rico""}, ""addresstype"": ""road"", ""boundingbox"": [""18.3706751"", ""18.3753603"", ""-66.0910565"", ""-66.0858142""], ""category"": ""highway"", ""display_name"": ""Avenida Lomas Verdes, Parques de San Ignacio, Comunidad Los Murieles, Monacillo Urbano, R\u00edo Piedras, San Juan, Puerto Rico, 00790, United States"", ""extratags"": {""lanes"": ""3"", ""maxspeed"": ""40 mph"", ""oneway"": ""yes"", ""surface"": ""asphalt""}, ""importance"": 0.05340313801785302, ""lat"": ""18.3737587"", ""licence"": ""Data \u00a9 OpenStreetMap contributors, ODbL 1.0. http://osm.org/copyright"", ""lon"": ""-66.0877998"", ""name"": ""Avenida Lomas Verdes"", ""osm_id"": 411063691, ""osm_type"": ""way"", ""place_id"": 307294512, ""place_rank"": 26, ""type"": ""primary""}"
7c38114e08c92283d9b2,400061__2024,400061,2024,UNIVERSITY DISCTRICT HOSPITAL,PR,BO. MONACILLO,SAN JUAN,00922,same_city_unresolved_after_census_external_geocoder,address_no_zip,"BO. MONACILLO, SAN JUAN, PR",2,72127,San Juan Muno,PR,18.3650092,-66.0699750,Autopista Luis A. Ferré,"Autopista Luis A. Ferré, Villas de Paraná Norte, Monacillo, Río Piedras, San Juan, Puerto Rico, 00826, United States",highway,motorway,,Autopista Luis A. Ferré,Río Piedras,San Juan,Puerto Rico,00826,False,False,True,True,False,False,False,0.48,house_number_not_supported; postcode_not_supported; result_type_name_or_road_not_supported; confidence_below_0_90,"{""address"": {""ISO3166-2-lvl4"": ""US-PR"", ""city"": ""R\u00edo Piedras"", ""city_district"": ""Monacillo"", ""country"": ""United States"", ""country_code"": ""us"", ""county"": ""San Juan"", ""neighbourhood"": ""Villas de Paran\u00e1 Norte"", ""postcode"": ""00826"", ""road"": ""Autopista Luis A. Ferr\u00e9"", ""state"": ""Puerto Rico"", ""suburb"": ""Monacillo""}, ""addresstype"": ""road"", ""boundingbox"": [""18.3624145"", ""18.3676049"", ""-66.0700546"", ""-66.0699395""], ""category"": ""highway"", ""display_name"": ""Autopista Luis A. Ferr\u00e9, Villas de Paran\u00e1 Norte, Monacillo, R\u00edo Piedras, San Juan, Puerto Rico, 00826, United States"", ""extratags"": {""lanes"": ""3"", ""maxspeed"": ""65 mph"", ""oneway"": ""yes"", ""surface"": ""asphalt"", ""toll"": ""no"", ""turn:lanes"": ""||through;slight_right""}, ""importance"": 0.05340313801785302, ""lat"": ""18.3650092"", ""licence"": ""Data \u00a9 OpenStreetMap contributors, ODbL 1.0. http://osm.org/copyright"", ""lon"": ""-66.0699750"", ""name"": ""Autopista Luis A. Ferr\u00e9"", ""osm_id"": 60049050, ""osm_type"": ""way"", ""place_id"": 306957370, ""place_rank"": 26, ""type"": ""motorway""}"
4adcbf599b999ad50f29,400127__2024,400127,2024,ADMIN DE SERVICIOS MEDICOS DE PR,PR,CENTRO MEDICO,SAN JUAN,00922,same_city_unresolved_after_census_external_geocoder,address_only,"CENTRO MEDICO, SAN JUAN, PR, 00922",0,72127,San Juan Muno,PR,18.3914911,-66.0749682,Centro Médico,"Centro Médico, Calle 9 Sureste, Puerto Nuevo, Río Piedras, San Juan, Puerto Rico, 00927, United States",railway,station,,Calle 9 Sureste,Río Piedras,San Juan,Puerto Rico,00927,False,False,True,True,False,False,False,0.48,house_number_not_supported; postcode_not_supported; result_type_name_or_road_not_supported; confidence_below_0_90,"{""address"": {""ISO3166-2-lvl4"": ""US-PR"", ""city"": ""R\u00edo Piedras"", ""city_district"": ""Puerto Nuevo"", ""country"": ""United States"", ""country_code"": ""us"", ""county"": ""San Juan"", ""postcode"": ""00927"", ""railway"": ""Centro M\u00e9dico"", ""road"": ""Calle 9 Sureste"", ""state"": ""Puerto Rico"", ""suburb"": ""Puerto Nuevo""}, ""addresstype"": ""railway"", ""boundingbox"": [""18.3864911"", ""18.3964911"", ""-66.0799682"", ""-66.0699682""], ""category"": ""railway"", ""display_name"": ""Centro M\u00e9dico, Calle 9 Sureste, Puerto Nuevo, R\u00edo Piedras, San Juan, Puerto Rico, 00927, United States"", ""extratags"": {""network"": ""ATI"", ""public_transport"": ""station"", ""station"": ""subway"", ""subway"": ""yes"", ""toilets:wheelchair"": ""yes"", ""wheelchair"": ""yes"", ""wikidata"": ""Q25442976""}, ""importance"": 0.2432038182346074, ""lat"": ""18.3914911"", ""licence"": ""Data \u00a9 OpenStreetMap contributors, ODbL 1.0. http://osm.org/copyright"", ""lon"": ""-66.0749682"", ""name"": ""Centro M\u00e9dico"", ""osm_id"": 5358027631, ""osm_type"": ""node"", ""place_id"": 306598287, ""place_rank"": 30, ""type"": ""station""}"
4adcbf599b999ad50f29,400127__2024,400127,2024,ADMIN DE SERVICIOS MEDICOS DE PR,PR,CENTRO MEDICO,SAN JUAN,00922,same_city_unresolved_after_census_external_geocoder,address_only,"CENTRO MEDICO, SAN JUAN, PR, 00922",1,72127,San Juan Muno,PR,18.3913444,-66.0745683,Centro Médico,"Centro Médico, Calle 9 Sureste, Puerto Nuevo, Río Piedras, San Juan, Puerto Rico, 00927, United States",railway,stop,,Calle 9 Sureste,Río Piedras,San Juan,Puerto Rico,00927,False,False,True,True,False,False,False,0.48,house_number_not_supported; postcode_not_supported; result_type_name_or_road_not_supported; confidence_below_0_90,"{""address"": {""ISO3166-2-lvl4"": ""US-PR"", ""city"": ""R\u00edo Piedras"", ""city_district"": ""Puerto Nuevo"", ""country"": ""United States"", ""country_code"": ""us"", ""county"": ""San Juan"", ""postcode"": ""00927"", ""railway"": ""Centro M\u00e9dico"", ""road"": ""Calle 9 Sureste"", ""state"": ""Puerto Rico"", ""suburb"": ""Puerto Nuevo""}, ""addresstype"": ""railway"", ""boundingbox"": [""18.3912944"", ""18.3913944"", ""-66.0746183"", ""-66.0745183""], ""category"": ""railway"", ""display_name"": ""Centro M\u00e9dico, Calle 9 Sureste, Puerto Nuevo, R\u00edo Piedras, San Juan, Puerto Rico, 00927, United States"", ""extratags"": {""network"": ""ATI"", ""public_transport"": ""stop_position"", ""subway"": ""yes""}, ""importance"": 6.980468451967678e-05, ""lat"": ""18.3913444"", ""licence"": ""Data \u00a9 OpenStreetMap contributors, ODbL 1.0. http://osm.org/copyright"", ""lon"": ""-66.0745683"", ""name"": ""Centro M\u00e9dico"", ""osm_id"": 2068818371, ""osm_type"": ""node"", ""place_id"": 306584291, ""place_rank"": 30, ""type"": ""stop""}"
676b610b09728c1aea85,400127__2024,400127,2024,ADMIN DE SERVICIOS MEDICOS DE PR,PR,CENTRO MEDICO,SAN JUAN,00922,same_city_unresolved_after_census_external_geocoder,address_no_zip,"CENTRO MEDICO, SAN JUAN, PR",0,72127,San Juan Muno,PR,18.3914911,-66.0749682,Centro Médico,"Centro Médico, Calle 9 Sureste, Puerto Nuevo, Río Piedras, San Juan, Puerto Rico, 00927, United States",railway,station,,Calle 9 Sureste,Río Piedras,San Juan,Puerto Rico,00927,False,False,True,True,False,False,False,0.48,house_number_not_supported; postcode_not_supported; result_type_name_or_road_not_supported; confidence_below_0_90,"{""address"": {""ISO3166-2-lvl4"": ""US-PR"", ""city"": ""R\u00edo Piedras"", ""city_district"": ""Puerto Nuevo"", ""country"": ""United States"", ""country_code"": ""us"", ""county"": ""San Juan"", ""postcode"": ""00927"", ""railway"": ""Centro M\u00e9dico"", ""road"": ""Calle 9 Sureste"", ""state"": ""Puerto Rico"", ""suburb"": ""Puerto Nuevo""}, ""addresstype"": ""railway"", ""boundingbox"": [""18.3864911"", ""18.3964911"", ""-66.0799682"", ""-66.0699682""], ""category"": ""railway"", ""display_name"": ""Centro M\u00e9dico, Calle 9 Sureste, Puerto Nuevo, R\u00edo Piedras, San Juan, Puerto Rico, 00927, United States"", ""extratags"": {""network"": ""ATI"", ""public_transport"": ""station"", ""station"": ""subway"", ""subway"": ""yes"", ""toilets:wheelchair"": ""yes"", ""wheelchair"": ""yes"", ""wikidata"": ""Q25442976""}, ""importance"": 0.2432038182346074, ""lat"": ""18.3914911"", ""licence"": ""Data \u00a9 OpenStreetMap contributors, ODbL 1.0. http://osm.org/copyright"", ""lon"": ""-66.0749682"", ""name"": ""Centro M\u00e9dico"", ""osm_id"": 5358027631, ""osm_type"": ""node"", ""place_id"": 305491362, ""place_rank"": 30, ""type"": ""station""}"
676b610b09728c1aea85,400127__2024,400127,2024,ADMIN DE SERVICIOS MEDICOS DE PR,PR,CENTRO MEDICO,SAN JUAN,00922,same_city_unresolved_after_census_external_geocoder,address_no_zip,"CENTRO MEDICO, SAN JUAN, PR",1,72127,San Juan Muno,PR,18.3913444,-66.0745683,Centro Médico,"Centro Médico, Calle 9 Sureste, Puerto Nuevo, Río Piedras, San Juan, Puerto Rico, 00927, United States",railway,stop,,Calle 9 Sureste,Río Piedras,San Juan,Puerto Rico,00927,False,False,True,True,False,False,False,0.48,house_number_not_supported; postcode_not_supported; result_type_name_or_road_not_supported; confidence_below_0_90,"{""address"": {""ISO3166-2-lvl4"": ""US-PR"", ""city"": ""R\u00edo Piedras"", ""city_district"": ""Puerto Nuevo"", ""country"": ""United States"", ""country_code"": ""us"", ""county"": ""San Juan"", ""postcode"": ""00927"", ""railway"": ""Centro M\u00e9dico"", ""road"": ""Calle 9 Sureste"", ""state"": ""Puerto Rico"", ""suburb"": ""Puerto Nuevo""}, ""addresstype"": ""railway"", ""boundingbox"": [""18.3912944"", ""18.3913944"", ""-66.0746183"", ""-66.0745183""], ""category"": ""railway"", ""display_name"": ""Centro M\u00e9dico, Calle 9 Sureste, Puerto Nuevo, R\u00edo Piedras, San Juan, Puerto Rico, 00927, United States"", ""extratags"": {""network"": ""ATI"", ""public_transport"": ""stop_position"", ""subway"": ""yes""}, ""importance"": 6.980468451967678e-05, ""lat"": ""18.3913444"", ""licence"": ""Data \u00a9 OpenStreetMap contributors, ODbL 1.0. http://osm.org/copyright"", ""lon"": ""-66.0745683"", ""name"": ""Centro M\u00e9dico"", ""osm_id"": 2068818371, ""osm_type"": ""node"", ""place_id"": 307938966, ""place_rank"": 30, ""type"": ""stop""}"
428f7ec96319e9f9994f,400015__2024,400015,2024,SAN JUAN MUNICIPAL HOSPITAL,PR,RIO PIEDRAS STATION,SAN JUAN,00928,same_city_unresolved_after_census_external_geocoder,address_only,"RIO PIEDRAS STATION, SAN JUAN, PR, 00928",0,72127,San Juan Muno,PR,18.3990969,-66.0523898,Río Piedras,"Río Piedras, Avenida Juan Ponce de León, Santa Rita, Hato Rey Sur, Barrio Pueblo, Río Piedras, San Juan, Puerto Rico, 00925, United States",railway,station,,Avenida Juan Ponce de León,Río Piedras,San Juan,Puerto Rico,00925,False,False,True,True,False,False,False,0.48,house_number_not_supported; postcode_not_supported; result_type_name_or_road_not_supported; confidence_below_0_90,"{""address"": {""ISO3166-2-lvl4"": ""US-PR"", ""city"": ""R\u00edo Piedras"", ""city_district"": ""Barrio Pueblo"", ""country"": ""United States"", ""country_code"": ""us"", ""county"": ""San Juan"", ""neighbourhood"": ""Santa Rita"", ""postcode"": ""00925"", ""railway"": ""R\u00edo Piedras"", ""road"": ""Avenida Juan Ponce de Le\u00f3n"", ""state"": ""Puerto Rico"", ""suburb"": ""Hato Rey Sur""}, ""addresstype"": ""railway"", ""boundingbox"": [""18.3940969"", ""18.4040969"", ""-66.0573898"", ""-66.0473898""], ""category"": ""railway"", ""display_name"": ""R\u00edo Piedras, Avenida Juan Ponce de Le\u00f3n, Santa Rita, Hato Rey Sur, Barrio Pueblo, R\u00edo Piedras, San Juan, Puerto Rico, 00925, United States"", ""extratags"": {""network"": ""ATI"", ""public_transport"": ""station"", ""station"": ""subway"", ""subway"": ""yes"", ""wikidata"": ""Q25421141""}, ""importance"": 0.24632300460320036, ""lat"": ""18.3990969"", ""licence"": ""Data \u00a9 OpenStreetMap contributors, ODbL 1.0. http://osm.org/copyright"", ""lon"": ""-66.0523898"", ""name"": ""R\u00edo Piedras"", ""osm_id"": 5356352679, ""osm_type"": ""node"", ""place_id"": 308317985, ""place_rank"": 30, ""type"": ""station""}"
dae05399106bd7424dea,400015__2024,400015,2024,SAN JUAN MUNICIPAL HOSPITAL,PR,RIO PIEDRAS STATION,SAN JUAN,00928,same_city_unresolved_after_census_external_geocoder,address_no_zip,"RIO PIEDRAS STATION, SAN JUAN, PR",0,72127,San Juan Muno,PR,18.3990969,-66.0523898,Río Piedras,"Río Piedras, Avenida Juan Ponce de León, Santa Rita, Hato Rey Sur, Barrio Pueblo, Río Piedras, San Juan, Puerto Rico, 00925, United States",railway,station,,Avenida Juan Ponce de León,Río Piedras,San Juan,Puerto Rico,00925,False,False,True,True,False,False,False,0.48,house_number_not_supported; postcode_not_supported; result_type_name_or_road_not_supported; confidence_below_0_90,"{""address"": {""ISO3166-2-lvl4"": ""US-PR"", ""city"": ""R\u00edo Piedras"", ""city_district"": ""Barrio Pueblo"", ""country"": ""United States"", ""country_code"": ""us"", ""county"": ""San Juan"", ""neighbourhood"": ""Santa Rita"", ""postcode"": ""00925"", ""railway"": ""R\u00edo Piedras"", ""road"": ""Avenida Juan Ponce de Le\u00f3n"", ""state"": ""Puerto Rico"", ""suburb"": ""Hato Rey Sur""}, ""addresstype"": ""railway"", ""boundingbox"": [""18.3940969"", ""18.4040969"", ""-66.0573898"", ""-66.0473898""], ""category"": ""railway"", ""display_name"": ""R\u00edo Piedras, Avenida Juan Ponce de Le\u00f3n, Santa Rita, Hato Rey Sur, Barrio Pueblo, R\u00edo Piedras, San Juan, Puerto Rico, 00925, United States"", ""extratags"": {""network"": ""ATI"", ""public_transport"": ""station"", ""station"": ""subway"", ""subway"": ""yes"", ""wikidata"": ""Q25421141""}, ""importance"": 0.24632300460320036, ""lat"": ""18.3990969"", ""licence"": ""Data \u00a9 OpenStreetMap contributors, ODbL 1.0. http://osm.org/copyright"", ""lon"": ""-66.0523898"", ""name"": ""R\u00edo Piedras"", ""osm_id"": 5356352679, ""osm_type"": ""node"", ""place_id"": 309441859, ""place_rank"": 30, ""type"": ""station""}"
7db86f4430c0f8d855da,400015__2024,400015,2024,SAN JUAN MUNICIPAL HOSPITAL,PR,RIO PIEDRAS STATION,SAN JUAN,00928,same_city_unresolved_after_census_external_geocoder,provider_city_zip,"SAN JUAN MUNICIPAL HOSPITAL, SAN JUAN, PR, 00928",0,72127,San Juan Muno,PR,18.3950977,-66.0747105,Hospital Municipal de San Juan Dr. Rafael López Nussa,"Hospital Municipal de San Juan Dr. Rafael López Nussa, Plaza Central del Centro Médico, Reparto Metropolitano, Puerto Nuevo, Río Piedras, San Juan, Puerto Rico, 00936, United States",building,hospital,,Plaza Central del Centro Médico,Río Piedras,San Juan,Puerto Rico,00936,False,False,True,True,False,True,False,0.52,house_number_not_supported; postcode_not_supported; confidence_below_0_90,"{""address"": {""ISO3166-2-lvl4"": ""US-PR"", ""building"": ""Hospital Municipal de San Juan Dr. Rafael L\u00f3pez Nussa"", ""city"": ""R\u00edo Piedras"", ""city_district"": ""Puerto Nuevo"", ""country"": ""United States"", ""country_code"": ""us"", ""county"": ""San Juan"", ""neighbourhood"": ""Reparto Metropolitano"", ""postcode"": ""00936"", ""road"": ""Plaza Central del Centro M\u00e9dico"", ""state"": ""Puerto Rico"", ""suburb"": ""Puerto Nuevo""}, ""addresstype"": ""building"", ""boundingbox"": [""18.3944816"", ""18.3956939"", ""-66.0753135"", ""-66.0743193""], ""category"": ""building"", ""display_name"": ""Hospital Municipal de San Juan Dr. Rafael L\u00f3pez Nussa, Plaza Central del Centro M\u00e9dico, Reparto Metropolitano, Puerto Nuevo, R\u00edo Piedras, San Juan, Puerto Rico, 00936, United States"", ""extratags"": {""emergency"": ""yes"", ""opening_hours"": ""24/7"", ""phone"": ""+1 787-480-2700""}, ""importance"": 6.980468451967678e-05, ""lat"": ""18.3950977"", ""licence"": ""Data \u00a9 OpenStreetMap contributors, ODbL 1.0. http://osm.org/copyright"", ""lon"": ""-66.0747105"", ""name"": ""Hospital Municipal de San Juan Dr. Rafael L\u00f3pez Nussa"", ""osm_id"": 286614607, ""osm_type"": ""way"", ""place_id"": 305092253, ""place_rank"": 30, ""type"": ""hospital""}"
f06ea3201eabf08ab5f1,400098__2023,400098,2023,HOSPITAL SAN FRANCISCO,PR,DE DIEGO AVE. #371,RIO PIEDRAS,00923,same_city_unresolved_after_census_external_geocoder,provider_city_zip,"HOSPITAL SAN FRANCISCO, RIO PIEDRAS, PR, 00923",0,72127,San Juan Muno,PR,18.3991596,-66.0386755,Hospital San Francisco,"Hospital San Francisco, 371, Avenida José de Diego, Victoria, Oriente, Río Piedras, San Juan, Puerto Rico, 00923, United States",amenity,hospital,371,Avenida José de Diego,Río Piedras,San Juan,Puerto Rico,00923,True,True,False,True,True,True,True,0.9,city_not_supported,"{""address"": {""ISO3166-2-lvl4"": ""US-PR"", ""amenity"": ""Hospital San Francisco"", ""city"": ""R\u00edo Piedras"", ""city_district"": ""Oriente"", ""country"": ""United States"", ""country_code"": ""us"", ""county"": ""San Juan"", ""house_number"": ""371"", ""neighbourhood"": ""Victoria"", ""postcode"": ""00923"", ""road"": ""Avenida Jos\u00e9 de Diego"", ""state"": ""Puerto Rico""}, ""addresstype"": ""amenity"", ""boundingbox"": [""18.3984380"", ""18.3997628"", ""-66.0395654"", ""-66.0380258""], ""category"": ""amenity"", ""display_name"": ""Hospital San Francisco, 371, Avenida Jos\u00e9 de Diego, Victoria, Oriente, R\u00edo Piedras, San Juan, Puerto Rico, 00923, United States"", ""extratags"": {""emergency"": ""yes"", ""healthcare"": ""hospital"", ""opening_hours"": ""24/7"", ""operator"": ""Metro Pavia Health System"", ""phone"": ""+1 787-767-5100"", ""website"": ""https://hospitalsanfranciscopr.com/""}, ""importance"": 6.980468451967678e-05, ""lat"": ""18.3991596"", ""licence"": ""Data \u00a9 OpenStreetMap contributors, ODbL 1.0. http://osm.org/copyright"", ""lon"": ""-66.0386755"", ""name"": ""Hospital San Francisco"", ""osm_id"": 585939362, ""osm_type"": ""way"", ""place_id"": 306827878, ""place_rank"": 30, ""type"": ""hospital""}"
60f0b4ef1e861bf36307,400106__2023,400106,2023,HOSPITAL METROPOLITANO,PR,21 #1785,RIO PIEDRAS,00922,same_city_unresolved_after_census_external_geocoder,address_only,"21 #1785, RIO PIEDRAS, PR, 00922",0,72127,San Juan Muno,PR,18.3898735,-66.0815612,Carretera 21,"Carretera 21, Monacillo Urbano, Río Piedras, San Juan, Puerto Rico, 00922, United States",highway,secondary,,Carretera 21,Río Piedras,San Juan,Puerto Rico,00922,False,True,False,True,False,False,False,0.56,house_number_not_supported; city_not_supported; result_type_name_or_road_not_supported; confidence_below_0_90,"{""address"": {""ISO3166-2-lvl4"": ""US-PR"", ""city"": ""R\u00edo Piedras"", ""city_district"": ""Monacillo Urbano"", ""country"": ""United States"", ""country_code"": ""us"", ""county"": ""San Juan"", ""postcode"": ""00922"", ""road"": ""Carretera 21"", ""state"": ""Puerto Rico"", ""suburb"": ""Monacillo Urbano""}, ""addresstype"": ""road"", ""boundingbox"": [""18.3898682"", ""18.3898787"", ""-66.0816266"", ""-66.0814958""], ""category"": ""highway"", ""display_name"": ""Carretera 21, Monacillo Urbano, R\u00edo Piedras, San Juan, Puerto Rico, 00922, United States"", ""extratags"": {""oneway"": ""yes""}, ""importance"": 0.05340313801785302, ""lat"": ""18.3898735"", ""licence"": ""Data \u00a9 OpenStreetMap contributors, ODbL 1.0. http://osm.org/copyright"", ""lon"": ""-66.0815612"", ""name"": ""Carretera 21"", ""osm_id"": 421102648, ""osm_type"": ""way"", ""place_id"": 303948104, ""place_rank"": 26, ""type"": ""secondary""}"
60f0b4ef1e861bf36307,400106__2023,400106,2023,HOSPITAL METROPOLITANO,PR,21 #1785,RIO PIEDRAS,00922,same_city_unresolved_after_census_external_geocoder,address_only,"21 #1785, RIO PIEDRAS, PR, 00922",1,72127,San Juan Muno,PR,18.3884429,-66.0901495,Carretera Roberto Clemente Walker,"Carretera Roberto Clemente Walker, Reparto Landrau, Puerto Nuevo, Río Piedras, San Juan, Puerto Rico, 00922, United States",highway,secondary,,Carretera Roberto Clemente Walker,Río Piedras,San Juan,Puerto Rico,00922,False,True,False,True,False,False,False,0.56,house_number_not_supported; city_not_supported; result_type_name_or_road_not_supported; confidence_below_0_90,"{""address"": {""ISO3166-2-lvl4"": ""US-PR"", ""city"": ""R\u00edo Piedras"", ""city_district"": ""Puerto Nuevo"", ""country"": ""United States"", ""country_code"": ""us"", ""county"": ""San Juan"", ""neighbourhood"": ""Reparto Landrau"", ""postcode"": ""00922"", ""road"": ""Carretera Roberto Clemente Walker"", ""state"": ""Puerto Rico""}, ""addresstype"": ""road"", ""boundingbox"": [""18.3884362"", ""18.3902176"", ""-66.0947810"", ""-66.0854493""], ""category"": ""highway"", ""display_name"": ""Carretera Roberto Clemente Walker, Reparto Landrau, Puerto Nuevo, R\u00edo Piedras, San Juan, Puerto Rico, 00922, United States"", ""extratags"": null, ""importance"": 0.05340313801785302, ""lat"": ""18.3884429"", ""licence"": ""Data \u00a9 OpenStreetMap contributors, ODbL 1.0. http://osm.org/copyright"", ""lon"": ""-66.0901495"", ""name"": ""Carretera Roberto Clemente Walker"", ""osm_id"": 264853928, ""osm_type"": ""way"", ""place_id"": 307318711, ""place_rank"": 26, ""type"": ""secondary""}"
60f0b4ef1e861bf36307,400106__2023,400106,2023,HOSPITAL METROPOLITANO,PR,21 #1785,RIO PIEDRAS,00922,same_city_unresolved_after_census_external_geocoder,address_only,"21 #1785, RIO PIEDRAS, PR, 00922",2,72127,San Juan Muno,PR,18.3896907,-66.0844742,Carretera Roberto Clemente Walker,"Carretera Roberto Clemente Walker, Monacillo Urbano, Río Piedras, San Juan, Puerto Rico, 00922, United States",highway,secondary,,Carretera Roberto Clemente Walker,Río Piedras,San Juan,Puerto Rico,00922,False,True,False,True,False,False,False,0.56,house_number_not_supported; city_not_supported; result_type_name_or_road_not_supported; confidence_below_0_90,"{""address"": {""ISO3166-2-lvl4"": ""US-PR"", ""city"": ""R\u00edo Piedras"", ""city_district"": ""Monacillo Urbano"", ""country"": ""United States"", ""country_code"": ""us"", ""county"": ""San Juan"", ""postcode"": ""00922"", ""road"": ""Carretera Roberto Clemente Walker"", ""state"": ""Puerto Rico"", ""suburb"": ""Monacillo Urbano""}, ""addresstype"": ""road"", ""boundingbox"": [""18.3894243"", ""18.3900517"", ""-66.0856424"", ""-66.0832773""], ""category"": ""highway"", ""display_name"": ""Carretera Roberto Clemente Walker, Monacillo Urbano, R\u00edo Piedras, San Juan, Puerto Rico, 00922, United States"", ""extratags"": {""oneway"": ""yes""}, ""importance"": 0.05340313801785302, ""lat"": ""18.3896907"", ""licence"": ""Data \u00a9 OpenStreetMap contributors, ODbL 1.0. http://osm.org/copyright"", ""lon"": ""-66.0844742"", ""name"": ""Carretera Roberto Clemente Walker"", ""osm_id"": 421102645, ""osm_type"": ""way"", ""place_id"": 303946371, ""place_rank"": 26, ""type"": ""secondary""}"
ee72d92da392c6ada3b0,400106__2023,400106,2023,HOSPITAL METROPOLITANO,PR,21 #1785,RIO PIEDRAS,00922,same_city_unresolved_after_census_external_geocoder,address_no_zip,"21 #1785, RIO PIEDRAS, PR",0,72127,San Juan Muno,PR,18.3982543,-66.0796447,Calle 21 Sureste,"Calle 21 Sureste, Reparto Metropolitano, Puerto Nuevo, Río Piedras, San Juan, Puerto Rico, 00921, United States",highway,residential,,Calle 21 Sureste,Río Piedras,San Juan,Puerto Rico,00921,False,False,False,True,False,False,False,0.38,house_number_not_supported; postcode_not_supported; city_not_supported; result_type_name_or_road_not_supported; confidence_below_0_90,"{""address"": {""ISO3166-2-lvl4"": ""US-PR"", ""city"": ""R\u00edo Piedras"", ""city_district"": ""Puerto Nuevo"", ""country"": ""United States"", ""country_code"": ""us"", ""county"": ""San Juan"", ""neighbourhood"": ""Reparto Metropolitano"", ""postcode"": ""00921"", ""road"": ""Calle 21 Sureste"", ""state"": ""Puerto Rico"", ""suburb"": ""Puerto Nuevo""}, ""addresstype"": ""road"", ""boundingbox"": [""18.3971393"", ""18.3995850"", ""-66.0810053"", ""-66.0781092""], ""category"": ""highway"", ""display_name"": ""Calle 21 Sureste, Reparto Metropolitano, Puerto Nuevo, R\u00edo Piedras, San Juan, Puerto Rico, 00921, United States"", ""extratags"": null, ""importance"": 0.05340313801785302, ""lat"": ""18.3982543"", ""licence"": ""Data \u00a9 OpenStreetMap contributors, ODbL 1.0. http://osm.org/copyright"", ""lon"": ""-66.0796447"", ""name"": ""Calle 21 Sureste"", ""osm_id"": 22231173, ""osm_type"": ""way"", ""place_id"": 307712053, ""place_rank"": 26, ""type"": ""residential""}"
ee72d92da392c6ada3b0,400106__2023,400106,2023,HOSPITAL METROPOLITANO,PR,21 #1785,RIO PIEDRAS,00922,same_city_unresolved_after_census_external_geocoder,address_no_zip,"21 #1785, RIO PIEDRAS, PR",1,72127,San Juan Muno,PR,18.3985232,-66.0943633,Calle 21 Suroeste,"Calle 21 Suroeste, Las Lomas, Puerto Nuevo, Río Piedras, San Juan, Puerto Rico, 00921, United States",highway,residential,,Calle 21 Suroeste,Río Piedras,San Juan,Puerto Rico,00921,False,False,False,True,False,False,False,0.38,house_number_not_supported; postcode_not_supported; city_not_supported; result_type_name_or_road_not_supported; confidence_below_0_90,"{""address"": {""ISO3166-2-lvl4"": ""US-PR"", ""city"": ""R\u00edo Piedras"", ""city_district"": ""Puerto Nuevo"", ""country"": ""United States"", ""country_code"": ""us"", ""county"": ""San Juan"", ""neighbourhood"": ""Las Lomas"", ""postcode"": ""00921"", ""road"": ""Calle 21 Suroeste"", ""state"": ""Puerto Rico"", ""suburb"": ""Puerto Nuevo""}, ""addresstype"": ""road"", ""boundingbox"": [""18.3979684"", ""18.3991220"", ""-66.0950700"", ""-66.0936169""], ""category"": ""highway"", ""display_name"": ""Calle 21 Suroeste, Las Lomas, Puerto Nuevo, R\u00edo Piedras, San Juan, Puerto Rico, 00921, United States"", ""extratags"": null, ""importance"": 0.05340313801785302, ""lat"": ""18.3985232"", ""licence"": ""Data \u00a9 OpenStreetMap contributors, ODbL 1.0. http://osm.org/copyright"", ""lon"": ""-66.0943633"", ""name"": ""Calle 21 Suroeste"", ""osm_id"": 22226875, ""osm_type"": ""way"", ""place_id"": 307875677, ""place_rank"": 26, ""type"": ""residential""}"
ee72d92da392c6ada3b0,400106__2023,400106,2023,HOSPITAL METROPOLITANO,PR,21 #1785,RIO PIEDRAS,00922,same_city_unresolved_after_census_external_geocoder,address_no_zip,"21 #1785, RIO PIEDRAS, PR",2,72127,San Juan Muno,PR,18.3965580,-66.0771931,Calle 21 Sureste,"Calle 21 Sureste, Reparto Metropolitano, Puerto Nuevo, Río Piedras, San Juan, Puerto Rico, 00927, United States",highway,residential,,Calle 21 Sureste,Río Piedras,San Juan,Puerto Rico,00927,False,False,False,True,False,False,False,0.38,house_number_not_supported; postcode_not_supported; city_not_supported; result_type_name_or_road_not_supported; confidence_below_0_90,"{""address"": {""ISO3166-2-lvl4"": ""US-PR"", ""city"": ""R\u00edo Piedras"", ""city_district"": ""Puerto Nuevo"", ""country"": ""United States"", ""country_code"": ""us"", ""county"": ""San Juan"", ""neighbourhood"": ""Reparto Metropolitano"", ""postcode"": ""00927"", ""road"": ""Calle 21 Sureste"", ""state"": ""Puerto Rico"", ""suburb"": ""Puerto Nuevo""}, ""addresstype"": ""road"", ""boundingbox"": [""18.3963500"", ""18.3970870"", ""-66.0780250"", ""-66.0762600""], ""category"": ""highway"", ""display_name"": ""Calle 21 Sureste, Reparto Metropolitano, Puerto Nuevo, R\u00edo Piedras, San Juan, Puerto Rico, 00927, United States"", ""extratags"": null, ""importance"": 0.05340313801785302, ""lat"": ""18.3965580"", ""licence"": ""Data \u00a9 OpenStreetMap contributors, ODbL 1.0. http://osm.org/copyright"", ""lon"": ""-66.0771931"", ""name"": ""Calle 21 Sureste"", ""osm_id"": 387044351, ""osm_type"": ""way"", ""place_id"": 307381274, ""place_rank"": 26, ""type"": ""residential""}"
4668863c7f42f61d3c5c,400106__2023,400106,2023,HOSPITAL METROPOLITANO,PR,21 #1785,RIO PIEDRAS,00922,same_city_unresolved_after_census_external_geocoder,provider_city_zip,"HOSPITAL METROPOLITANO, RIO PIEDRAS, PR, 00922",0,72127,San Juan Muno,PR,18.3901970,-66.0982317,Hospital Metropolitano de San Juan,"Hospital Metropolitano de San Juan, 1785, Calle Sandalio Enrique Alonso, Urbanización Santiago Iglesias Pantín, Polvorín, Puerto Nuevo, San Juan, Puerto Rico, 00922, United States",amenity,hospital,1785,Calle Sandalio Enrique Alonso,San Juan,San Juan,Puerto Rico,00922,False,True,False,True,True,True,False,0.68,house_number_not_supported; city_not_supported; confidence_below_0_90,"{""address"": {""ISO3166-2-lvl4"": ""US-PR"", ""amenity"": ""Hospital Metropolitano de San Juan"", ""city"": ""San Juan"", ""city_district"": ""Puerto Nuevo"", ""country"": ""United States"", ""country_code"": ""us"", ""county"": ""San Juan"", ""hamlet"": ""Polvor\u00edn"", ""house_number"": ""1785"", ""neighbourhood"": ""Urbanizaci\u00f3n Santiago Iglesias Pant\u00edn"", ""postcode"": ""00922"", ""road"": ""Calle Sandalio Enrique Alonso"", ""state"": ""Puerto Rico""}, ""addresstype"": ""amenity"", ""boundingbox"": [""18.3894142"", ""18.3908459"", ""-66.0992173"", ""-66.0973170""], ""category"": ""amenity"", ""display_name"": ""Hospital Metropolitano de San Juan, 1785, Calle Sandalio Enrique Alonso, Urbanizaci\u00f3n Santiago Iglesias Pant\u00edn, Polvor\u00edn, Puerto Nuevo, San Juan, Puerto Rico, 00922, United States"", ""extratags"": {""emergency"": ""yes"", ""healthcare"": ""hospital"", ""opening_hours"": ""24/7"", ""operator"": ""Metro Pavia Health System"", ""phone"": ""+1 787-782-9999"", ""website"": ""https://hospitalmetropolitanopr.com/""}, ""importance"": 6.980468451967678e-05, ""lat"": ""18.3901970"", ""licence"": ""Data \u00a9 OpenStreetMap contributors, ODbL 1.0. http://osm.org/copyright"", ""lon"": ""-66.0982317"", ""name"": ""Hospital Metropolitano de San Juan"", ""osm_id"": 458520760, ""osm_type"": ""way"", ""place_id"": 307470868, ""place_rank"": 30, ""type"": ""hospital""}"
15e22d1cdaa743c3f965,400022__2023,400022,2023,HOSPITAL DAMAS,PR,2213 PONCE BY PASS,PONCE,00717,same_city_unresolved_after_census_external_geocoder,provider_city_zip,"HOSPITAL DAMAS, PONCE, PR, 00717",0,72113,Ponce Muno,PR,17.9971015,-66.6184519,Hospital Damas,"Hospital Damas, 2213, Ponce Bypass, Playa, Ponce, Puerto Rico, 00717, United States",amenity,hospital,2213,Ponce Bypass,Ponce,Ponce,Puerto Rico,00717,True,True,True,True,True,True,True,1.0,,"{""address"": {""ISO3166-2-lvl4"": ""US-PR"", ""amenity"": ""Hospital Damas"", ""city"": ""Ponce"", ""city_district"": ""Playa"", ""country"": ""United States"", ""country_code"": ""us"", ""county"": ""Ponce"", ""house_number"": ""2213"", ""postcode"": ""00717"", ""road"": ""Ponce Bypass"", ""state"": ""Puerto Rico"", ""suburb"": ""Playa""}, ""addresstype"": ""amenity"", ""boundingbox"": [""17.9961268"", ""17.9975602"", ""-66.6195869"", ""-66.6173118""], ""category"": ""amenity"", ""display_name"": ""Hospital Damas, 2213, Ponce Bypass, Playa, Ponce, Puerto Rico, 00717, United States"", ""extratags"": {""emergency"": ""yes"", ""healthcare"": ""hospital"", ""opening_hours"": ""24/7"", ""phone"": ""+1 787-840-8686"", ""website"": ""https://hospitaldamas.com/"", ""wikidata"": ""Q5908680"", ""wikipedia"": ""es:Hospital Damas""}, ""importance"": 0.36760675791195535, ""lat"": ""17.9971015"", ""licence"": ""Data \u00a9 OpenStreetMap contributors, ODbL 1.0. http://osm.org/copyright"", ""lon"": ""-66.6184519"", ""name"": ""Hospital Damas"", ""osm_id"": 529742648, ""osm_type"": ""way"", ""place_id"": 309139170, ""place_rank"": 30, ""type"": ""hospital""}"
558f768a53424c430ccf,224045__2023,224045,2023,HOSPITAL FOR BEHAVIORAL MEDICINE,MA,100 CENTURY DR,WORCESTER,01606,same_city_unresolved_after_census_external_geocoder,address_only,"100 CENTURY DR, WORCESTER, MA, 01606",0,25027,"Worcester County, Massachusetts",MA,42.3138278,-71.7707002,Hospital for Behavioral Medicine,"Hospital for Behavioral Medicine, 100, Century Drive, Great Brook Valley, Worcester, Worcester County, Massachusetts, 01606, United States",amenity,hospital,100,Century Drive,Worcester,Worcester County,Massachusetts,01606,True,True,True,True,True,True,True,1.0,,"{""address"": {""ISO3166-2-lvl4"": ""US-MA"", ""amenity"": ""Hospital for Behavioral Medicine"", ""city"": ""Worcester"", ""country"": ""United States"", ""country_code"": ""us"", ""county"": ""Worcester County"", ""hamlet"": ""Great Brook Valley"", ""house_number"": ""100"", ""postcode"": ""01606"", ""road"": ""Century Drive"", ""state"": ""Massachusetts""}, ""addresstype"": ""amenity"", ""boundingbox"": [""42.3137778"", ""42.3138778"", ""-71.7707502"", ""-71.7706502""], ""category"": ""amenity"", ""display_name"": ""Hospital for Behavioral Medicine, 100, Century Drive, Great Brook Valley, Worcester, Worcester County, Massachusetts, 01606, United States"", ""extratags"": {""healthcare"": ""hospital"", ""healthcare:speciality"": ""psychiatry"", ""website"": ""https://www.hospitalforbehavioralmedicine.com/""}, ""importance"": 6.732814526584294e-05, ""lat"": ""42.3138278"", ""licence"": ""Data \u00a9 OpenStreetMap contributors, ODbL 1.0. http://osm.org/copyright"", ""lon"": ""-71.7707002"", ""name"": ""Hospital for Behavioral Medicine"", ""osm_id"": 6680014270, ""osm_type"": ""node"", ""place_id"": 363870381, ""place_rank"": 30, ""type"": ""hospital""}"
558f768a53424c430ccf,224045__2023,224045,2023,HOSPITAL FOR BEHAVIORAL MEDICINE,MA,100 CENTURY DR,WORCESTER,01606,same_city_unresolved_after_census_external_geocoder,address_only,"100 CENTURY DR, WORCESTER, MA, 01606",1,25027,"Worcester County, Massachusetts",MA,42.3136990,-71.7704053,,"100, Century Drive, Great Brook Valley, Worcester, Worcester County, Massachusetts, 01653, United States",building,yes,100,Century Drive,Worcester,Worcester County,Massachusetts,01653,True,False,True,True,False,False,True,0.7,postcode_not_supported; confidence_below_0_90,"{""address"": {""ISO3166-2-lvl4"": ""US-MA"", ""city"": ""Worcester"", ""country"": ""United States"", ""country_code"": ""us"", ""county"": ""Worcester County"", ""hamlet"": ""Great Brook Valley"", ""house_number"": ""100"", ""postcode"": ""01653"", ""road"": ""Century Drive"", ""state"": ""Massachusetts""}, ""addresstype"": ""building"", ""boundingbox"": [""42.3134131"", ""42.3140873"", ""-71.7710001"", ""-71.7699943""], ""category"": ""building"", ""display_name"": ""100, Century Drive, Great Brook Valley, Worcester, Worcester County, Massachusetts, 01653, United States"", ""extratags"": null, ""importance"": 6.732814526584294e-05, ""lat"": ""42.3136990"", ""licence"": ""Data \u00a9 OpenStreetMap contributors, ODbL 1.0. http://osm.org/copyright"", ""lon"": ""-71.7704053"", ""name"": """", ""osm_id"": 214169600, ""osm_type"": ""way"", ""place_id"": 363109129, ""place_rank"": 30, ""type"": ""yes""}"
