attempt_key,provider_year_key,cms_provider_number,fiscal_year,provider_name,state_abbr,street_address,city,zip5,external_manual_lane,attempt_label,attempt_query,result_index,geocoder_point_fips,geocoder_point_county_name,geocoder_point_state_abbr,geocoder_lat,geocoder_lon,geocoder_name,geocoder_display_name,geocoder_category,geocoder_type,geocoder_address_house_number,geocoder_address_road,geocoder_address_city,geocoder_address_county,geocoder_address_state,geocoder_address_postcode,house_number_supported,zip_supported,city_supported,state_supported,health_result_supported,provider_name_supported,road_supported,manual_geocode_confidence,candidate_failures,result_json
f6e20b5eeed19867e7fa,050224__2023,050224,2023,HOAG MEMORIAL HOSPITAL PRESBYTERIAN,CA,ONE HOAG DRIVE,NEWPORT BEACH,92658,external_geocoder_required_no_local_candidate,address_only,"ONE HOAG DRIVE, NEWPORT BEACH, CA, 92658",0,06059,"Orange County, California",CA,33.6228249,-117.9290888,Hoag Drive,"Hoag Drive, Superior Heights, West Newport, Newport Beach, Orange County, California, 92663, United States",highway,unclassified,,Hoag Drive,Newport Beach,Orange County,California,92663,False,False,True,True,False,True,True,0.56,house_number_not_supported; postcode_not_supported; confidence_below_0_90,"{""address"": {""ISO3166-2-lvl4"": ""US-CA"", ""country"": ""United States"", ""country_code"": ""us"", ""county"": ""Orange County"", ""neighbourhood"": ""Superior Heights"", ""postcode"": ""92663"", ""quarter"": ""West Newport"", ""road"": ""Hoag Drive"", ""state"": ""California"", ""town"": ""Newport Beach""}, ""addresstype"": ""road"", ""boundingbox"": [""33.6219476"", ""33.6257599"", ""-117.9331739"", ""-117.9287365""], ""category"": ""highway"", ""display_name"": ""Hoag Drive, Superior Heights, West Newport, Newport Beach, Orange County, California, 92663, United States"", ""extratags"": {""lanes"": ""2"", ""source_ref"": ""AM909_DSCU4626"", ""surface"": ""asphalt""}, ""importance"": 0.05339496528572515, ""lat"": ""33.6228249"", ""licence"": ""Data \u00a9 OpenStreetMap contributors, ODbL 1.0. http://osm.org/copyright"", ""lon"": ""-117.9290888"", ""name"": ""Hoag Drive"", ""osm_id"": 13278989, ""osm_type"": ""way"", ""place_id"": 314979898, ""place_rank"": 26, ""type"": ""unclassified""}"
f6e20b5eeed19867e7fa,050224__2023,050224,2023,HOAG MEMORIAL HOSPITAL PRESBYTERIAN,CA,ONE HOAG DRIVE,NEWPORT BEACH,92658,external_geocoder_required_no_local_candidate,address_only,"ONE HOAG DRIVE, NEWPORT BEACH, CA, 92658",1,06059,"Orange County, California",CA,33.6220799,-117.9332650,Hoag Drive,"Hoag Drive, West Newport, Newport Beach, Orange County, California, 92663, United States",highway,unclassified,,Hoag Drive,Newport Beach,Orange County,California,92663,False,False,True,True,False,True,True,0.56,house_number_not_supported; postcode_not_supported; confidence_below_0_90,"{""address"": {""ISO3166-2-lvl4"": ""US-CA"", ""country"": ""United States"", ""country_code"": ""us"", ""county"": ""Orange County"", ""postcode"": ""92663"", ""quarter"": ""West Newport"", ""road"": ""Hoag Drive"", ""state"": ""California"", ""town"": ""Newport Beach""}, ""addresstype"": ""road"", ""boundingbox"": [""33.6218617"", ""33.6222725"", ""-117.9333103"", ""-117.9331739""], ""category"": ""highway"", ""display_name"": ""Hoag Drive, West Newport, Newport Beach, Orange County, California, 92663, United States"", ""extratags"": {""lanes"": ""3"", ""oneway"": ""yes"", ""sidewalk:left"": ""no"", ""sidewalk:right"": ""separate"", ""surface"": ""asphalt""}, ""importance"": 0.05339496528572515, ""lat"": ""33.6220799"", ""licence"": ""Data \u00a9 OpenStreetMap contributors, ODbL 1.0. http://osm.org/copyright"", ""lon"": ""-117.9332650"", ""name"": ""Hoag Drive"", ""osm_id"": 1112827381, ""osm_type"": ""way"", ""place_id"": 317747574, ""place_rank"": 26, ""type"": ""unclassified""}"
778d2d36412e1183eb57,050224__2023,050224,2023,HOAG MEMORIAL HOSPITAL PRESBYTERIAN,CA,ONE HOAG DRIVE,NEWPORT BEACH,92658,external_geocoder_required_no_local_candidate,address_no_zip,"ONE HOAG DRIVE, NEWPORT BEACH, CA",0,06059,"Orange County, California",CA,33.6228249,-117.9290888,Hoag Drive,"Hoag Drive, Superior Heights, West Newport, Newport Beach, Orange County, California, 92663, United States",highway,unclassified,,Hoag Drive,Newport Beach,Orange County,California,92663,False,False,True,True,False,True,True,0.56,house_number_not_supported; postcode_not_supported; confidence_below_0_90,"{""address"": {""ISO3166-2-lvl4"": ""US-CA"", ""country"": ""United States"", ""country_code"": ""us"", ""county"": ""Orange County"", ""neighbourhood"": ""Superior Heights"", ""postcode"": ""92663"", ""quarter"": ""West Newport"", ""road"": ""Hoag Drive"", ""state"": ""California"", ""town"": ""Newport Beach""}, ""addresstype"": ""road"", ""boundingbox"": [""33.6219476"", ""33.6257599"", ""-117.9331739"", ""-117.9287365""], ""category"": ""highway"", ""display_name"": ""Hoag Drive, Superior Heights, West Newport, Newport Beach, Orange County, California, 92663, United States"", ""extratags"": {""lanes"": ""2"", ""source_ref"": ""AM909_DSCU4626"", ""surface"": ""asphalt""}, ""importance"": 0.05339496528572515, ""lat"": ""33.6228249"", ""licence"": ""Data \u00a9 OpenStreetMap contributors, ODbL 1.0. http://osm.org/copyright"", ""lon"": ""-117.9290888"", ""name"": ""Hoag Drive"", ""osm_id"": 13278989, ""osm_type"": ""way"", ""place_id"": 317439470, ""place_rank"": 26, ""type"": ""unclassified""}"
778d2d36412e1183eb57,050224__2023,050224,2023,HOAG MEMORIAL HOSPITAL PRESBYTERIAN,CA,ONE HOAG DRIVE,NEWPORT BEACH,92658,external_geocoder_required_no_local_candidate,address_no_zip,"ONE HOAG DRIVE, NEWPORT BEACH, CA",1,06059,"Orange County, California",CA,33.6220799,-117.9332650,Hoag Drive,"Hoag Drive, West Newport, Newport Beach, Orange County, California, 92663, United States",highway,unclassified,,Hoag Drive,Newport Beach,Orange County,California,92663,False,False,True,True,False,True,True,0.56,house_number_not_supported; postcode_not_supported; confidence_below_0_90,"{""address"": {""ISO3166-2-lvl4"": ""US-CA"", ""country"": ""United States"", ""country_code"": ""us"", ""county"": ""Orange County"", ""postcode"": ""92663"", ""quarter"": ""West Newport"", ""road"": ""Hoag Drive"", ""state"": ""California"", ""town"": ""Newport Beach""}, ""addresstype"": ""road"", ""boundingbox"": [""33.6218617"", ""33.6222725"", ""-117.9333103"", ""-117.9331739""], ""category"": ""highway"", ""display_name"": ""Hoag Drive, West Newport, Newport Beach, Orange County, California, 92663, United States"", ""extratags"": {""lanes"": ""3"", ""oneway"": ""yes"", ""sidewalk:left"": ""no"", ""sidewalk:right"": ""separate"", ""surface"": ""asphalt""}, ""importance"": 0.05339496528572515, ""lat"": ""33.6220799"", ""licence"": ""Data \u00a9 OpenStreetMap contributors, ODbL 1.0. http://osm.org/copyright"", ""lon"": ""-117.9332650"", ""name"": ""Hoag Drive"", ""osm_id"": 1112827381, ""osm_type"": ""way"", ""place_id"": 317017832, ""place_rank"": 26, ""type"": ""unclassified""}"
185efa40de99724d18cd,050224__2023,050224,2023,HOAG MEMORIAL HOSPITAL PRESBYTERIAN,CA,ONE HOAG DRIVE,NEWPORT BEACH,92658,external_geocoder_required_no_local_candidate,provider_city_zip,"HOAG MEMORIAL HOSPITAL PRESBYTERIAN, NEWPORT BEACH, CA, 92658",0,06059,"Orange County, California",CA,33.6234445,-117.9296041,Hoag Memorial Hospital Presbyterian,"Hoag Memorial Hospital Presbyterian, 1, Hoag Drive, West Newport, Newport Beach, Orange County, California, 92663, United States",amenity,hospital,1,Hoag Drive,Newport Beach,Orange County,California,92663,False,False,True,True,True,True,True,0.64,house_number_not_supported; postcode_not_supported; confidence_below_0_90,"{""address"": {""ISO3166-2-lvl4"": ""US-CA"", ""amenity"": ""Hoag Memorial Hospital Presbyterian"", ""country"": ""United States"", ""country_code"": ""us"", ""county"": ""Orange County"", ""house_number"": ""1"", ""postcode"": ""92663"", ""quarter"": ""West Newport"", ""road"": ""Hoag Drive"", ""state"": ""California"", ""town"": ""Newport Beach""}, ""addresstype"": ""amenity"", ""boundingbox"": [""33.6214958"", ""33.6256696"", ""-117.9370160"", ""-117.9283017""], ""category"": ""amenity"", ""display_name"": ""Hoag Memorial Hospital Presbyterian, 1, Hoag Drive, West Newport, Newport Beach, Orange County, California, 92663, United States"", ""extratags"": {""emergency"": ""yes"", ""healthcare"": ""hospital"", ""opening_hours"": ""24/7"", ""operator"": ""Hoag"", ""operator:type"": ""private"", ""operator:wikidata"": ""Q130527108"", ""phone"": ""+1 949 764 4624"", ""source_ref"": ""AM909_DSCU4373"", ""website"": ""http://www.hoaghospital.org/"", ""wikidata"": ""Q5874290""}, ""importance"": 6.163195239180617e-05, ""lat"": ""33.6234445"", ""licence"": ""Data \u00a9 OpenStreetMap contributors, ODbL 1.0. http://osm.org/copyright"", ""lon"": ""-117.9296041"", ""name"": ""Hoag Memorial Hospital Presbyterian"", ""osm_id"": 53683196, ""osm_type"": ""way"", ""place_id"": 317765494, ""place_rank"": 30, ""type"": ""hospital""}"
1bd196695f81d0a250d5,050367__2023,050367,2023,NORTHBAY HOSPITAL GROUP,CA,1200 B. GALE WILSON BLVD,FAIRFIELD,94533,external_geocoder_required_no_local_candidate,address_only,"1200 B. GALE WILSON BLVD, FAIRFIELD, CA, 94533",0,06095,"Solano County, California",CA,38.2621317,-122.0477768,NorthBay Medical Center,"NorthBay Medical Center, 1200, B Gale Wilson Boulevard, Fairfield, Solano County, California, 94533, United States",amenity,hospital,1200,B Gale Wilson Boulevard,Fairfield,Solano County,California,94533,True,True,True,True,True,True,True,1.0,,"{""address"": {""ISO3166-2-lvl4"": ""US-CA"", ""amenity"": ""NorthBay Medical Center"", ""city"": ""Fairfield"", ""country"": ""United States"", ""country_code"": ""us"", ""county"": ""Solano County"", ""house_number"": ""1200"", ""postcode"": ""94533"", ""road"": ""B Gale Wilson Boulevard"", ""state"": ""California""}, ""addresstype"": ""amenity"", ""boundingbox"": [""38.2611535"", ""38.2632627"", ""-122.0498523"", ""-122.0453221""], ""category"": ""amenity"", ""display_name"": ""NorthBay Medical Center, 1200, B Gale Wilson Boulevard, Fairfield, Solano County, California, 94533, United States"", ""extratags"": {""emergency"": ""yes"", ""healthcare"": ""hospital"", ""opening_hours"": ""24/7"", ""operator"": ""NorthBay Healthcare"", ""phone"": ""+1 707 646 5000"", ""website"": ""https://www.northbay.org/""}, ""importance"": 5.93888761729918e-05, ""lat"": ""38.2621317"", ""licence"": ""Data \u00a9 OpenStreetMap contributors, ODbL 1.0. http://osm.org/copyright"", ""lon"": ""-122.0477768"", ""name"": ""NorthBay Medical Center"", ""osm_id"": 287807844, ""osm_type"": ""way"", ""place_id"": 321488612, ""place_rank"": 30, ""type"": ""hospital""}"
88a324b2f8604e150d6e,390180__2023,390180,2023,CROZER CHESTER MEDICAL CENTER,PA,ONE MEDICAL CENTER BLVD.,UPLAND,19013,external_geocoder_required_no_local_candidate,address_only,"ONE MEDICAL CENTER BLVD., UPLAND, PA, 19013",0,42045,"Delaware County, Pennsylvania",PA,39.8564545,-75.3666546,Medical Center Boulevard,"Medical Center Boulevard, Upland, Delaware County, Pennsylvania, 19013, United States",highway,service,,Medical Center Boulevard,Upland,Delaware County,Pennsylvania,19013,False,True,True,True,False,False,True,0.7,house_number_not_supported; confidence_below_0_90,"{""address"": {""ISO3166-2-lvl4"": ""US-PA"", ""country"": ""United States"", ""country_code"": ""us"", ""county"": ""Delaware County"", ""postcode"": ""19013"", ""road"": ""Medical Center Boulevard"", ""state"": ""Pennsylvania"", ""village"": ""Upland""}, ""addresstype"": ""road"", ""boundingbox"": [""39.8561252"", ""39.8567838"", ""-75.3666883"", ""-75.3666209""], ""category"": ""highway"", ""display_name"": ""Medical Center Boulevard, Upland, Delaware County, Pennsylvania, 19013, United States"", ""extratags"": {""surface"": ""asphalt""}, ""importance"": 0.04006253528648813, ""lat"": ""39.8564545"", ""licence"": ""Data \u00a9 OpenStreetMap contributors, ODbL 1.0. http://osm.org/copyright"", ""lon"": ""-75.3666546"", ""name"": ""Medical Center Boulevard"", ""osm_id"": 12151180, ""osm_type"": ""way"", ""place_id"": 345850648, ""place_rank"": 27, ""type"": ""service""}"
1fff080e5654998fb98e,390180__2023,390180,2023,CROZER CHESTER MEDICAL CENTER,PA,ONE MEDICAL CENTER BLVD.,UPLAND,19013,external_geocoder_required_no_local_candidate,address_no_zip,"ONE MEDICAL CENTER BLVD., UPLAND, PA",0,42045,"Delaware County, Pennsylvania",PA,39.8564545,-75.3666546,Medical Center Boulevard,"Medical Center Boulevard, Upland, Delaware County, Pennsylvania, 19013, United States",highway,service,,Medical Center Boulevard,Upland,Delaware County,Pennsylvania,19013,False,True,True,True,False,False,True,0.7,house_number_not_supported; confidence_below_0_90,"{""address"": {""ISO3166-2-lvl4"": ""US-PA"", ""country"": ""United States"", ""country_code"": ""us"", ""county"": ""Delaware County"", ""postcode"": ""19013"", ""road"": ""Medical Center Boulevard"", ""state"": ""Pennsylvania"", ""village"": ""Upland""}, ""addresstype"": ""road"", ""boundingbox"": [""39.8561252"", ""39.8567838"", ""-75.3666883"", ""-75.3666209""], ""category"": ""highway"", ""display_name"": ""Medical Center Boulevard, Upland, Delaware County, Pennsylvania, 19013, United States"", ""extratags"": {""surface"": ""asphalt""}, ""importance"": 0.04006253528648813, ""lat"": ""39.8564545"", ""licence"": ""Data \u00a9 OpenStreetMap contributors, ODbL 1.0. http://osm.org/copyright"", ""lon"": ""-75.3666546"", ""name"": ""Medical Center Boulevard"", ""osm_id"": 12151180, ""osm_type"": ""way"", ""place_id"": 344539901, ""place_rank"": 27, ""type"": ""service""}"
00cf88b7d4e7e92de61d,250141__2023,250141,2023,BAPTIST MEM HOSPITAL DESOTO,MS,7601 SOUTHCREST,SOUTHAVEN,38671,external_geocoder_required_no_local_candidate,address_only,"7601 SOUTHCREST, SOUTHAVEN, MS, 38671",0,28033,"DeSoto County, Mississippi",MS,34.9696335,-89.9964526,Baptist Memorial Hospital-DeSoto,"Baptist Memorial Hospital-DeSoto, 7601, Southcrest Parkway, Southaven, DeSoto County, Mississippi, 38671, United States",amenity,hospital,7601,Southcrest Parkway,Southaven,DeSoto County,Mississippi,38671,True,True,True,True,True,True,True,1.0,,"{""address"": {""ISO3166-2-lvl4"": ""US-MS"", ""amenity"": ""Baptist Memorial Hospital-DeSoto"", ""city"": ""Southaven"", ""country"": ""United States"", ""country_code"": ""us"", ""county"": ""DeSoto County"", ""house_number"": ""7601"", ""postcode"": ""38671"", ""road"": ""Southcrest Parkway"", ""state"": ""Mississippi""}, ""addresstype"": ""amenity"", ""boundingbox"": [""34.9663649"", ""34.9729080"", ""-89.9995704"", ""-89.9933811""], ""category"": ""amenity"", ""display_name"": ""Baptist Memorial Hospital-DeSoto, 7601, Southcrest Parkway, Southaven, DeSoto County, Mississippi, 38671, United States"", ""extratags"": {""emergency"": ""yes"", ""healthcare"": ""hospital"", ""opening_hours"": ""24/7"", ""operator"": ""Baptist Memorial Health Care Corporation"", ""phone"": ""+1 662 772 4000"", ""website"": ""https://www.baptistonline.org/desoto/""}, ""importance"": 5.7653925383337414e-05, ""lat"": ""34.9696335"", ""licence"": ""Data \u00a9 OpenStreetMap contributors, ODbL 1.0. http://osm.org/copyright"", ""lon"": ""-89.9964526"", ""name"": ""Baptist Memorial Hospital-DeSoto"", ""osm_id"": 375951854, ""osm_type"": ""way"", ""place_id"": 336150975, ""place_rank"": 30, ""type"": ""hospital""}"
00cf88b7d4e7e92de61d,250141__2023,250141,2023,BAPTIST MEM HOSPITAL DESOTO,MS,7601 SOUTHCREST,SOUTHAVEN,38671,external_geocoder_required_no_local_candidate,address_only,"7601 SOUTHCREST, SOUTHAVEN, MS, 38671",1,28033,"DeSoto County, Mississippi",MS,34.9723377,-89.9961605,,"7601, Southcrest Parkway, Southaven, DeSoto County, Mississippi, 38671, United States",place,house,7601,Southcrest Parkway,Southaven,DeSoto County,Mississippi,38671,True,True,True,True,False,True,True,0.92,,"{""address"": {""ISO3166-2-lvl4"": ""US-MS"", ""city"": ""Southaven"", ""country"": ""United States"", ""country_code"": ""us"", ""county"": ""DeSoto County"", ""house_number"": ""7601"", ""postcode"": ""38671"", ""road"": ""Southcrest Parkway"", ""state"": ""Mississippi""}, ""addresstype"": ""place"", ""boundingbox"": [""34.9722877"", ""34.9723877"", ""-89.9962105"", ""-89.9961105""], ""category"": ""place"", ""display_name"": ""7601, Southcrest Parkway, Southaven, DeSoto County, Mississippi, 38671, United States"", ""extratags"": null, ""importance"": 9.99999999995449e-06, ""lat"": ""34.9723377"", ""licence"": ""Data \u00a9 OpenStreetMap contributors, ODbL 1.0. http://osm.org/copyright"", ""lon"": ""-89.9961605"", ""name"": """", ""osm_id"": 13584912, ""osm_type"": ""way"", ""place_id"": 392993391, ""place_rank"": 30, ""type"": ""house""}"
c3d4af7f59975b43fcab,220084__2023,220084,2023,EMERSON HOSPITAL,MA,113 ORNC,CONCORD,01742,external_geocoder_required_no_local_candidate,provider_city_zip,"EMERSON HOSPITAL, CONCORD, MA, 01742",0,25017,"Middlesex County, Massachusetts",MA,42.4518863,-71.3749843,Emerson Hospital,"Emerson Hospital, 133, Old Road to Nine Acre Corner, West Concord, Concord, Middlesex County, Massachusetts, 01742, United States",amenity,hospital,133,Old Road to Nine Acre Corner,Concord,Middlesex County,Massachusetts,01742,False,True,True,True,True,True,False,0.78,house_number_not_supported; confidence_below_0_90,"{""address"": {""ISO3166-2-lvl4"": ""US-MA"", ""amenity"": ""Emerson Hospital"", ""country"": ""United States"", ""country_code"": ""us"", ""county"": ""Middlesex County"", ""house_number"": ""133"", ""postcode"": ""01742"", ""road"": ""Old Road to Nine Acre Corner"", ""state"": ""Massachusetts"", ""town"": ""Concord"", ""village"": ""West Concord""}, ""addresstype"": ""amenity"", ""boundingbox"": [""42.4500095"", ""42.4535578"", ""-71.3775184"", ""-71.3726550""], ""category"": ""amenity"", ""display_name"": ""Emerson Hospital, 133, Old Road to Nine Acre Corner, West Concord, Concord, Middlesex County, Massachusetts, 01742, United States"", ""extratags"": {""beds"": ""179"", ""emergency"": ""yes"", ""emergency_room"": ""yes"", ""healthcare"": ""hospital"", ""massgis:id"": ""50"", ""opening_hours"": ""24/7"", ""phone"": ""+1 978 369 1400"", ""website"": ""https://www.emersonhospital.org/"", ""wikidata"": ""Q5370890"", ""wikipedia"": ""en:Emerson Hospital""}, ""importance"": 0.3212490653681812, ""lat"": ""42.4518863"", ""licence"": ""Data \u00a9 OpenStreetMap contributors, ODbL 1.0. http://osm.org/copyright"", ""lon"": ""-71.3749843"", ""name"": ""Emerson Hospital"", ""osm_id"": 308392256, ""osm_type"": ""way"", ""place_id"": 363036841, ""place_rank"": 30, ""type"": ""hospital""}"
88100102f257bdc51dcc,150015__2023,150015,2023,FRANCISCAN HEALTH MICHIGAN CITY,IN,3500 FRANCISCAN WAY,MICHIGAN CITY,46360,external_geocoder_required_no_local_candidate,address_only,"3500 FRANCISCAN WAY, MICHIGAN CITY, IN, 46360",0,18091,"LaPorte County, Indiana",IN,41.6600623,-86.8977121,Franciscan Health Michigan City,"Franciscan Health Michigan City, 3500, Franciscan Way, Michigan City, LaPorte County, Indiana, 46360, United States",amenity,hospital,3500,Franciscan Way,Michigan City,LaPorte County,Indiana,46360,True,True,True,True,True,True,True,1.0,,"{""address"": {""ISO3166-2-lvl4"": ""US-IN"", ""amenity"": ""Franciscan Health Michigan City"", ""city"": ""Michigan City"", ""country"": ""United States"", ""country_code"": ""us"", ""county"": ""LaPorte County"", ""house_number"": ""3500"", ""postcode"": ""46360"", ""road"": ""Franciscan Way"", ""state"": ""Indiana""}, ""addresstype"": ""amenity"", ""boundingbox"": [""41.6587322"", ""41.6615078"", ""-86.9015331"", ""-86.8945599""], ""category"": ""amenity"", ""display_name"": ""Franciscan Health Michigan City, 3500, Franciscan Way, Michigan City, LaPorte County, Indiana, 46360, United States"", ""extratags"": {""check_date"": ""2023-01-07"", ""emergency"": ""yes"", ""healthcare"": ""hospital"", ""opening_hours"": ""24/7"", ""operator"": ""Franciscan Health"", ""operator:type"": ""private"", ""operator:wikidata"": ""Q16993763"", ""operator:wikipedia"": ""en:Franciscan Health"", ""phone"": ""+1-219-877-1616""}, ""importance"": 2.8699931334355954e-05, ""lat"": ""41.6600623"", ""licence"": ""Data \u00a9 OpenStreetMap contributors, ODbL 1.0. http://osm.org/copyright"", ""lon"": ""-86.8977121"", ""name"": ""Franciscan Health Michigan City"", ""osm_id"": 1163009239, ""osm_type"": ""way"", ""place_id"": 371081654, ""place_rank"": 30, ""type"": ""hospital""}"
72cb0df37ba18d8355b3,140164__2024,140164,2024,MEMORIAL HOSPITAL OF CARBONDALE,IL,405 W. JACKSON ST.,CARBONDALE,62902,external_geocoder_required_no_local_candidate,address_only,"405 W. JACKSON ST., CARBONDALE, IL, 62902",0,17077,"Jackson County, Illinois",IL,37.7279488,-89.2204936,Memorial Hospital of Carbondale,"Memorial Hospital of Carbondale, 405, West Jackson Street, Carbondale, Jackson County, Illinois, 62902, United States",amenity,hospital,405,West Jackson Street,Carbondale,Jackson County,Illinois,62902,True,True,True,True,True,True,True,1.0,,"{""address"": {""ISO3166-2-lvl4"": ""US-IL"", ""amenity"": ""Memorial Hospital of Carbondale"", ""city"": ""Carbondale"", ""country"": ""United States"", ""country_code"": ""us"", ""county"": ""Jackson County"", ""house_number"": ""405"", ""postcode"": ""62902"", ""road"": ""West Jackson Street"", ""state"": ""Illinois""}, ""addresstype"": ""amenity"", ""boundingbox"": [""37.7268368"", ""37.7289796"", ""-89.2223093"", ""-89.2186508""], ""category"": ""amenity"", ""display_name"": ""Memorial Hospital of Carbondale, 405, West Jackson Street, Carbondale, Jackson County, Illinois, 62902, United States"", ""extratags"": {""emergency"": ""yes"", ""healthcare"": ""hospital"", ""opening_hours"": ""24/7"", ""operator"": ""Southern Illinois Healthcare"", ""phone"": ""+1 618 549 0721"", ""website"": ""https://www.sih.net/"", ""wikidata"": ""Q33409845""}, ""importance"": 6.138170443270035e-05, ""lat"": ""37.7279488"", ""licence"": ""Data \u00a9 OpenStreetMap contributors, ODbL 1.0. http://osm.org/copyright"", ""lon"": ""-89.2204936"", ""name"": ""Memorial Hospital of Carbondale"", ""osm_id"": 8042814, ""osm_type"": ""relation"", ""place_id"": 333799469, ""place_rank"": 30, ""type"": ""hospital""}"
7e1b91c3390fb20eb3bc,110192__2024,110192,2024,PIEDMONT EASTSIDE MEDICAL CENTER,GA,1700 MEDICAL WAY,SNELLVILLE,30278,external_geocoder_required_no_local_candidate,address_only,"1700 MEDICAL WAY, SNELLVILLE, GA, 30278",0,13135,"Gwinnett County, Georgia",GA,33.8763410,-84.0191780,,"1700, Medical Way, Snellville, Gwinnett County, Georgia, 30078, United States",place,house,1700,Medical Way,Snellville,Gwinnett County,Georgia,30078,True,False,True,True,False,False,True,0.7,postcode_not_supported; confidence_below_0_90,"{""address"": {""ISO3166-2-lvl4"": ""US-GA"", ""country"": ""United States"", ""country_code"": ""us"", ""county"": ""Gwinnett County"", ""house_number"": ""1700"", ""postcode"": ""30078"", ""road"": ""Medical Way"", ""state"": ""Georgia"", ""town"": ""Snellville""}, ""addresstype"": ""place"", ""boundingbox"": [""33.8762910"", ""33.8763910"", ""-84.0192280"", ""-84.0191280""], ""category"": ""place"", ""display_name"": ""1700, Medical Way, Snellville, Gwinnett County, Georgia, 30078, United States"", ""extratags"": null, ""importance"": 9.99999999995449e-06, ""lat"": ""33.8763410"", ""licence"": ""Data \u00a9 OpenStreetMap contributors, ODbL 1.0. http://osm.org/copyright"", ""lon"": ""-84.0191780"", ""name"": """", ""osm_id"": 493549525, ""osm_type"": ""way"", ""place_id"": 383815808, ""place_rank"": 30, ""type"": ""house""}"
7e1b91c3390fb20eb3bc,110192__2024,110192,2024,PIEDMONT EASTSIDE MEDICAL CENTER,GA,1700 MEDICAL WAY,SNELLVILLE,30278,external_geocoder_required_no_local_candidate,address_only,"1700 MEDICAL WAY, SNELLVILLE, GA, 30278",1,13135,"Gwinnett County, Georgia",GA,33.8773537,-84.0214901,Piedmont Eastside Medical Center,"Piedmont Eastside Medical Center, 1700, Medical Way, Snellville, Gwinnett County, Georgia, 30078, United States",amenity,hospital,1700,Medical Way,Snellville,Gwinnett County,Georgia,30078,True,False,True,True,True,True,True,0.82,postcode_not_supported; confidence_below_0_90,"{""address"": {""ISO3166-2-lvl4"": ""US-GA"", ""amenity"": ""Piedmont Eastside Medical Center"", ""country"": ""United States"", ""country_code"": ""us"", ""county"": ""Gwinnett County"", ""house_number"": ""1700"", ""postcode"": ""30078"", ""road"": ""Medical Way"", ""state"": ""Georgia"", ""town"": ""Snellville""}, ""addresstype"": ""amenity"", ""boundingbox"": [""33.8755640"", ""33.8796081"", ""-84.0249281"", ""-84.0178436""], ""category"": ""amenity"", ""display_name"": ""Piedmont Eastside Medical Center, 1700, Medical Way, Snellville, Gwinnett County, Georgia, 30078, United States"", ""extratags"": {""emergency"": ""yes"", ""healthcare"": ""hospital"", ""opening_hours"": ""24/7"", ""operator"": ""Piedmont HealthCare"", ""operator:wikidata"": ""Q30281802"", ""phone"": ""+1 770 979 0200"", ""website"": ""https://www.piedmont.org/locations/piedmont-eastside-medical-center""}, ""importance"": 5.276340886544621e-05, ""lat"": ""33.8773537"", ""licence"": ""Data \u00a9 OpenStreetMap contributors, ODbL 1.0. http://osm.org/copyright"", ""lon"": ""-84.0214901"", ""name"": ""Piedmont Eastside Medical Center"", ""osm_id"": 34845779, ""osm_type"": ""way"", ""place_id"": 342251192, ""place_rank"": 30, ""type"": ""hospital""}"
a1e410d6fb1e799c3138,110192__2024,110192,2024,PIEDMONT EASTSIDE MEDICAL CENTER,GA,1700 MEDICAL WAY,SNELLVILLE,30278,external_geocoder_required_no_local_candidate,provider_address,"PIEDMONT EASTSIDE MEDICAL CENTER, 1700 MEDICAL WAY, SNELLVILLE, GA, 30278",0,13135,"Gwinnett County, Georgia",GA,33.8773537,-84.0214901,Piedmont Eastside Medical Center,"Piedmont Eastside Medical Center, 1700, Medical Way, Snellville, Gwinnett County, Georgia, 30078, United States",amenity,hospital,1700,Medical Way,Snellville,Gwinnett County,Georgia,30078,True,False,True,True,True,True,True,0.82,postcode_not_supported; confidence_below_0_90,"{""address"": {""ISO3166-2-lvl4"": ""US-GA"", ""amenity"": ""Piedmont Eastside Medical Center"", ""country"": ""United States"", ""country_code"": ""us"", ""county"": ""Gwinnett County"", ""house_number"": ""1700"", ""postcode"": ""30078"", ""road"": ""Medical Way"", ""state"": ""Georgia"", ""town"": ""Snellville""}, ""addresstype"": ""amenity"", ""boundingbox"": [""33.8755640"", ""33.8796081"", ""-84.0249281"", ""-84.0178436""], ""category"": ""amenity"", ""display_name"": ""Piedmont Eastside Medical Center, 1700, Medical Way, Snellville, Gwinnett County, Georgia, 30078, United States"", ""extratags"": {""emergency"": ""yes"", ""healthcare"": ""hospital"", ""opening_hours"": ""24/7"", ""operator"": ""Piedmont HealthCare"", ""operator:wikidata"": ""Q30281802"", ""phone"": ""+1 770 979 0200"", ""website"": ""https://www.piedmont.org/locations/piedmont-eastside-medical-center""}, ""importance"": 5.276340886544621e-05, ""lat"": ""33.8773537"", ""licence"": ""Data \u00a9 OpenStreetMap contributors, ODbL 1.0. http://osm.org/copyright"", ""lon"": ""-84.0214901"", ""name"": ""Piedmont Eastside Medical Center"", ""osm_id"": 34845779, ""osm_type"": ""way"", ""place_id"": 341694838, ""place_rank"": 30, ""type"": ""hospital""}"
fbfb9f1ee93be0b2a38a,110192__2024,110192,2024,PIEDMONT EASTSIDE MEDICAL CENTER,GA,1700 MEDICAL WAY,SNELLVILLE,30278,external_geocoder_required_no_local_candidate,address_no_zip,"1700 MEDICAL WAY, SNELLVILLE, GA",0,13135,"Gwinnett County, Georgia",GA,33.8773537,-84.0214901,Piedmont Eastside Medical Center,"Piedmont Eastside Medical Center, 1700, Medical Way, Snellville, Gwinnett County, Georgia, 30078, United States",amenity,hospital,1700,Medical Way,Snellville,Gwinnett County,Georgia,30078,True,False,True,True,True,True,True,0.82,postcode_not_supported; confidence_below_0_90,"{""address"": {""ISO3166-2-lvl4"": ""US-GA"", ""amenity"": ""Piedmont Eastside Medical Center"", ""country"": ""United States"", ""country_code"": ""us"", ""county"": ""Gwinnett County"", ""house_number"": ""1700"", ""postcode"": ""30078"", ""road"": ""Medical Way"", ""state"": ""Georgia"", ""town"": ""Snellville""}, ""addresstype"": ""amenity"", ""boundingbox"": [""33.8755640"", ""33.8796081"", ""-84.0249281"", ""-84.0178436""], ""category"": ""amenity"", ""display_name"": ""Piedmont Eastside Medical Center, 1700, Medical Way, Snellville, Gwinnett County, Georgia, 30078, United States"", ""extratags"": {""emergency"": ""yes"", ""healthcare"": ""hospital"", ""opening_hours"": ""24/7"", ""operator"": ""Piedmont HealthCare"", ""operator:wikidata"": ""Q30281802"", ""phone"": ""+1 770 979 0200"", ""website"": ""https://www.piedmont.org/locations/piedmont-eastside-medical-center""}, ""importance"": 5.276340886544621e-05, ""lat"": ""33.8773537"", ""licence"": ""Data \u00a9 OpenStreetMap contributors, ODbL 1.0. http://osm.org/copyright"", ""lon"": ""-84.0214901"", ""name"": ""Piedmont Eastside Medical Center"", ""osm_id"": 34845779, ""osm_type"": ""way"", ""place_id"": 342251192, ""place_rank"": 30, ""type"": ""hospital""}"
fbfb9f1ee93be0b2a38a,110192__2024,110192,2024,PIEDMONT EASTSIDE MEDICAL CENTER,GA,1700 MEDICAL WAY,SNELLVILLE,30278,external_geocoder_required_no_local_candidate,address_no_zip,"1700 MEDICAL WAY, SNELLVILLE, GA",1,13135,"Gwinnett County, Georgia",GA,33.8763410,-84.0191780,,"1700, Medical Way, Snellville, Gwinnett County, Georgia, 30078, United States",place,house,1700,Medical Way,Snellville,Gwinnett County,Georgia,30078,True,False,True,True,False,False,True,0.7,postcode_not_supported; confidence_below_0_90,"{""address"": {""ISO3166-2-lvl4"": ""US-GA"", ""country"": ""United States"", ""country_code"": ""us"", ""county"": ""Gwinnett County"", ""house_number"": ""1700"", ""postcode"": ""30078"", ""road"": ""Medical Way"", ""state"": ""Georgia"", ""town"": ""Snellville""}, ""addresstype"": ""place"", ""boundingbox"": [""33.8762910"", ""33.8763910"", ""-84.0192280"", ""-84.0191280""], ""category"": ""place"", ""display_name"": ""1700, Medical Way, Snellville, Gwinnett County, Georgia, 30078, United States"", ""extratags"": null, ""importance"": 9.99999999995449e-06, ""lat"": ""33.8763410"", ""licence"": ""Data \u00a9 OpenStreetMap contributors, ODbL 1.0. http://osm.org/copyright"", ""lon"": ""-84.0191780"", ""name"": """", ""osm_id"": 493549525, ""osm_type"": ""way"", ""place_id"": 383815808, ""place_rank"": 30, ""type"": ""house""}"
f99d0a70b6bcc9b3f962,110192__2024,110192,2024,PIEDMONT EASTSIDE MEDICAL CENTER,GA,1700 MEDICAL WAY,SNELLVILLE,30278,external_geocoder_required_no_local_candidate,provider_city_zip,"PIEDMONT EASTSIDE MEDICAL CENTER, SNELLVILLE, GA, 30278",0,13135,"Gwinnett County, Georgia",GA,33.8773537,-84.0214901,Piedmont Eastside Medical Center,"Piedmont Eastside Medical Center, 1700, Medical Way, Snellville, Gwinnett County, Georgia, 30078, United States",amenity,hospital,1700,Medical Way,Snellville,Gwinnett County,Georgia,30078,True,False,True,True,True,True,True,0.82,postcode_not_supported; confidence_below_0_90,"{""address"": {""ISO3166-2-lvl4"": ""US-GA"", ""amenity"": ""Piedmont Eastside Medical Center"", ""country"": ""United States"", ""country_code"": ""us"", ""county"": ""Gwinnett County"", ""house_number"": ""1700"", ""postcode"": ""30078"", ""road"": ""Medical Way"", ""state"": ""Georgia"", ""town"": ""Snellville""}, ""addresstype"": ""amenity"", ""boundingbox"": [""33.8755640"", ""33.8796081"", ""-84.0249281"", ""-84.0178436""], ""category"": ""amenity"", ""display_name"": ""Piedmont Eastside Medical Center, 1700, Medical Way, Snellville, Gwinnett County, Georgia, 30078, United States"", ""extratags"": {""emergency"": ""yes"", ""healthcare"": ""hospital"", ""opening_hours"": ""24/7"", ""operator"": ""Piedmont HealthCare"", ""operator:wikidata"": ""Q30281802"", ""phone"": ""+1 770 979 0200"", ""website"": ""https://www.piedmont.org/locations/piedmont-eastside-medical-center""}, ""importance"": 5.276340886544621e-05, ""lat"": ""33.8773537"", ""licence"": ""Data \u00a9 OpenStreetMap contributors, ODbL 1.0. http://osm.org/copyright"", ""lon"": ""-84.0214901"", ""name"": ""Piedmont Eastside Medical Center"", ""osm_id"": 34845779, ""osm_type"": ""way"", ""place_id"": 342251192, ""place_rank"": 30, ""type"": ""hospital""}"
93e4bc13cb7b809ae2b5,264010__2024,264010,2024,ST. LOUIS FORENSIC TREATMENT CENTER,MO,500 ARSENAL STREET,ST.LOUIS,63119,external_geocoder_required_no_local_candidate,address_only,"500 ARSENAL STREET, ST.LOUIS, MO, 63119",0,29510,"St. Louis city, Missouri",MO,38.5949810,-90.2105280,,"500, Arsenal Street, Kosciusko, Saint Louis, Missouri, 63118, United States",place,house,500,Arsenal Street,Saint Louis,,Missouri,63118,True,False,False,True,False,True,True,0.64,postcode_not_supported; city_not_supported; confidence_below_0_90,"{""address"": {""ISO3166-2-lvl4"": ""US-MO"", ""city"": ""Saint Louis"", ""country"": ""United States"", ""country_code"": ""us"", ""house_number"": ""500"", ""neighbourhood"": ""Kosciusko"", ""postcode"": ""63118"", ""road"": ""Arsenal Street"", ""state"": ""Missouri""}, ""addresstype"": ""place"", ""boundingbox"": [""38.5949310"", ""38.5950310"", ""-90.2105780"", ""-90.2104780""], ""category"": ""place"", ""display_name"": ""500, Arsenal Street, Kosciusko, Saint Louis, Missouri, 63118, United States"", ""extratags"": null, ""importance"": 9.99999999995449e-06, ""lat"": ""38.5949810"", ""licence"": ""Data \u00a9 OpenStreetMap contributors, ODbL 1.0. http://osm.org/copyright"", ""lon"": ""-90.2105280"", ""name"": """", ""osm_id"": 624166670, ""osm_type"": ""way"", ""place_id"": 410092383, ""place_rank"": 30, ""type"": ""house""}"
65e3587cda2cb563f494,264010__2024,264010,2024,ST. LOUIS FORENSIC TREATMENT CENTER,MO,500 ARSENAL STREET,ST.LOUIS,63119,external_geocoder_required_no_local_candidate,address_no_zip,"500 ARSENAL STREET, ST.LOUIS, MO",0,29510,"St. Louis city, Missouri",MO,38.5949810,-90.2105280,,"500, Arsenal Street, Kosciusko, Saint Louis, Missouri, 63118, United States",place,house,500,Arsenal Street,Saint Louis,,Missouri,63118,True,False,False,True,False,True,True,0.64,postcode_not_supported; city_not_supported; confidence_below_0_90,"{""address"": {""ISO3166-2-lvl4"": ""US-MO"", ""city"": ""Saint Louis"", ""country"": ""United States"", ""country_code"": ""us"", ""house_number"": ""500"", ""neighbourhood"": ""Kosciusko"", ""postcode"": ""63118"", ""road"": ""Arsenal Street"", ""state"": ""Missouri""}, ""addresstype"": ""place"", ""boundingbox"": [""38.5949310"", ""38.5950310"", ""-90.2105780"", ""-90.2104780""], ""category"": ""place"", ""display_name"": ""500, Arsenal Street, Kosciusko, Saint Louis, Missouri, 63118, United States"", ""extratags"": null, ""importance"": 9.99999999995449e-06, ""lat"": ""38.5949810"", ""licence"": ""Data \u00a9 OpenStreetMap contributors, ODbL 1.0. http://osm.org/copyright"", ""lon"": ""-90.2105280"", ""name"": """", ""osm_id"": 624166670, ""osm_type"": ""way"", ""place_id"": 399859792, ""place_rank"": 30, ""type"": ""house""}"
a0ea5b6ca066da650b3b,100224__2024,100224,2024,HCA FLORIDA WOODMONT HOSPITAL,FL,7201 UNIVERSITY DRIVE,TAMARAC,33321,external_geocoder_required_no_local_candidate,address_only,"7201 UNIVERSITY DRIVE, TAMARAC, FL, 33321",0,12011,"Broward County, Florida",FL,26.2120614,-80.2544657,HCA Florida Woodmont Hospital,"HCA Florida Woodmont Hospital, 7201, North University Drive, Tamarac, Broward County, Florida, 33321, United States",amenity,hospital,7201,North University Drive,Tamarac,Broward County,Florida,33321,True,True,True,True,True,True,True,1.0,,"{""address"": {""ISO3166-2-lvl4"": ""US-FL"", ""amenity"": ""HCA Florida Woodmont Hospital"", ""country"": ""United States"", ""country_code"": ""us"", ""county"": ""Broward County"", ""house_number"": ""7201"", ""postcode"": ""33321"", ""road"": ""North University Drive"", ""state"": ""Florida"", ""town"": ""Tamarac""}, ""addresstype"": ""amenity"", ""boundingbox"": [""26.2113489"", ""26.2128256"", ""-80.2562613"", ""-80.2526625""], ""category"": ""amenity"", ""display_name"": ""HCA Florida Woodmont Hospital, 7201, North University Drive, Tamarac, Broward County, Florida, 33321, United States"", ""extratags"": {""emergency"": ""yes"", ""healthcare"": ""hospital"", ""opening_hours"": ""24/7"", ""operator"": ""HCA"", ""operator:type"": ""private"", ""operator:wikidata"": ""Q1630431"", ""phone"": ""+1 954 721 2200"", ""website"": ""https://www.hcafloridahealthcare.com/locations/woodmont-hospital""}, ""importance"": 5.4505989166048944e-05, ""lat"": ""26.2120614"", ""licence"": ""Data \u00a9 OpenStreetMap contributors, ODbL 1.0. http://osm.org/copyright"", ""lon"": ""-80.2544657"", ""name"": ""HCA Florida Woodmont Hospital"", ""osm_id"": 507453864, ""osm_type"": ""way"", ""place_id"": 304808456, ""place_rank"": 30, ""type"": ""hospital""}"
4b71c0de274da9331544,440068__2023,440068,2023,ATHENS REGIONAL MEDICAL CENTER,TN,1114 MADISON AVENUE,ATHENS,37303,external_geocoder_required_no_local_candidate,address_only,"1114 MADISON AVENUE, ATHENS, TN, 37303",0,47107,"McMinn County, Tennessee",TN,35.4403753,-84.6069168,Starr Regional Medical Center,"Starr Regional Medical Center, 1114, West Madison Avenue, Avalon Heights, Athens, McMinn County, East Tennessee, Tennessee, 37303, United States",amenity,hospital,1114,West Madison Avenue,Athens,McMinn County,Tennessee,37303,True,True,True,True,True,True,True,1.0,,"{""address"": {""ISO3166-2-lvl4"": ""US-TN"", ""amenity"": ""Starr Regional Medical Center"", ""country"": ""United States"", ""country_code"": ""us"", ""county"": ""McMinn County"", ""hamlet"": ""Avalon Heights"", ""house_number"": ""1114"", ""postcode"": ""37303"", ""region"": ""East Tennessee"", ""road"": ""West Madison Avenue"", ""state"": ""Tennessee"", ""town"": ""Athens""}, ""addresstype"": ""amenity"", ""boundingbox"": [""35.4392221"", ""35.4417214"", ""-84.6086650"", ""-84.6060356""], ""category"": ""amenity"", ""display_name"": ""Starr Regional Medical Center, 1114, West Madison Avenue, Avalon Heights, Athens, McMinn County, East Tennessee, Tennessee, 37303, United States"", ""extratags"": {""emergency"": ""yes"", ""opening_hours"": ""24/7"", ""phone"": ""+1 423 745 1411"", ""website"": ""https://www.starrregional.com/""}, ""importance"": 5.0651560234943425e-05, ""lat"": ""35.4403753"", ""licence"": ""Data \u00a9 OpenStreetMap contributors, ODbL 1.0. http://osm.org/copyright"", ""lon"": ""-84.6069168"", ""name"": ""Starr Regional Medical Center"", ""osm_id"": 497905809, ""osm_type"": ""way"", ""place_id"": 342943968, ""place_rank"": 30, ""type"": ""hospital""}"
4b71c0de274da9331544,440068__2023,440068,2023,ATHENS REGIONAL MEDICAL CENTER,TN,1114 MADISON AVENUE,ATHENS,37303,external_geocoder_required_no_local_candidate,address_only,"1114 MADISON AVENUE, ATHENS, TN, 37303",1,47107,"McMinn County, Tennessee",TN,35.4517316,-84.5784316,,"1114, East Madison Avenue, Ingleside Hill, Athens, McMinn County, East Tennessee, Tennessee, 37303, United States",place,house,1114,East Madison Avenue,Athens,McMinn County,Tennessee,37303,True,True,True,True,False,True,True,0.92,,"{""address"": {""ISO3166-2-lvl4"": ""US-TN"", ""country"": ""United States"", ""country_code"": ""us"", ""county"": ""McMinn County"", ""hamlet"": ""Ingleside Hill"", ""house_number"": ""1114"", ""postcode"": ""37303"", ""region"": ""East Tennessee"", ""road"": ""East Madison Avenue"", ""state"": ""Tennessee"", ""town"": ""Athens""}, ""addresstype"": ""place"", ""boundingbox"": [""35.4516816"", ""35.4517816"", ""-84.5784816"", ""-84.5783816""], ""category"": ""place"", ""display_name"": ""1114, East Madison Avenue, Ingleside Hill, Athens, McMinn County, East Tennessee, Tennessee, 37303, United States"", ""extratags"": null, ""importance"": 9.99999999995449e-06, ""lat"": ""35.4517316"", ""licence"": ""Data \u00a9 OpenStreetMap contributors, ODbL 1.0. http://osm.org/copyright"", ""lon"": ""-84.5784316"", ""name"": """", ""osm_id"": 111056067, ""osm_type"": ""way"", ""place_id"": 385102783, ""place_rank"": 30, ""type"": ""house""}"
7812e3ededfdd3c9f58d,440194__2024,440194,2024,TRISTAR HENDERSONVILLE MEDICAL CENTE,TN,355 NEW SHACKLE ISLAND,HENDERSONVILLE,37215,external_geocoder_required_no_local_candidate,address_only,"355 NEW SHACKLE ISLAND, HENDERSONVILLE, TN, 37215",0,47165,"Sumner County, Tennessee",TN,36.3234596,-86.6207385,,"355, New Shackle Island Road, Glen Oaks, Hendersonville, Sumner County, Middle Tennessee, Tennessee, 37075, United States",place,house,355,New Shackle Island Road,Hendersonville,Sumner County,Tennessee,37075,True,False,True,True,False,True,True,0.74,postcode_not_supported; confidence_below_0_90,"{""address"": {""ISO3166-2-lvl4"": ""US-TN"", ""country"": ""United States"", ""country_code"": ""us"", ""county"": ""Sumner County"", ""hamlet"": ""Glen Oaks"", ""house_number"": ""355"", ""postcode"": ""37075"", ""region"": ""Middle Tennessee"", ""road"": ""New Shackle Island Road"", ""state"": ""Tennessee"", ""town"": ""Hendersonville""}, ""addresstype"": ""place"", ""boundingbox"": [""36.3234096"", ""36.3235096"", ""-86.6207885"", ""-86.6206885""], ""category"": ""place"", ""display_name"": ""355, New Shackle Island Road, Glen Oaks, Hendersonville, Sumner County, Middle Tennessee, Tennessee, 37075, United States"", ""extratags"": null, ""importance"": 9.99999999995449e-06, ""lat"": ""36.3234596"", ""licence"": ""Data \u00a9 OpenStreetMap contributors, ODbL 1.0. http://osm.org/copyright"", ""lon"": ""-86.6207385"", ""name"": """", ""osm_id"": 1428245855, ""osm_type"": ""way"", ""place_id"": 410289304, ""place_rank"": 30, ""type"": ""house""}"
7812e3ededfdd3c9f58d,440194__2024,440194,2024,TRISTAR HENDERSONVILLE MEDICAL CENTE,TN,355 NEW SHACKLE ISLAND,HENDERSONVILLE,37215,external_geocoder_required_no_local_candidate,address_only,"355 NEW SHACKLE ISLAND, HENDERSONVILLE, TN, 37215",1,47165,"Sumner County, Tennessee",TN,36.3254227,-86.6227582,TriStar Hendersonville,"TriStar Hendersonville, 355, New Shackle Island Road, Glen Oaks, Hendersonville, Sumner County, Middle Tennessee, Tennessee, 37075, United States",amenity,hospital,355,New Shackle Island Road,Hendersonville,Sumner County,Tennessee,37075,True,False,True,True,True,True,True,0.82,postcode_not_supported; confidence_below_0_90,"{""address"": {""ISO3166-2-lvl4"": ""US-TN"", ""amenity"": ""TriStar Hendersonville"", ""country"": ""United States"", ""country_code"": ""us"", ""county"": ""Sumner County"", ""hamlet"": ""Glen Oaks"", ""house_number"": ""355"", ""postcode"": ""37075"", ""region"": ""Middle Tennessee"", ""road"": ""New Shackle Island Road"", ""state"": ""Tennessee"", ""town"": ""Hendersonville""}, ""addresstype"": ""amenity"", ""boundingbox"": [""36.3238228"", ""36.3271434"", ""-86.6247724"", ""-86.6199950""], ""category"": ""amenity"", ""display_name"": ""TriStar Hendersonville, 355, New Shackle Island Road, Glen Oaks, Hendersonville, Sumner County, Middle Tennessee, Tennessee, 37075, United States"", ""extratags"": {""emergency"": ""yes"", ""opening_hours"": ""24/7"", ""operator"": ""TriStar Health"", ""phone"": ""+1 615 338 1000"", ""website"": ""https://tristarhendersonville.com/""}, ""importance"": 5.456397344925639e-05, ""lat"": ""36.3254227"", ""licence"": ""Data \u00a9 OpenStreetMap contributors, ODbL 1.0. http://osm.org/copyright"", ""lon"": ""-86.6227582"", ""name"": ""TriStar Hendersonville"", ""osm_id"": 276027716, ""osm_type"": ""way"", ""place_id"": 339292654, ""place_rank"": 30, ""type"": ""hospital""}"
6a7c69f3df5ba33965d0,440194__2024,440194,2024,TRISTAR HENDERSONVILLE MEDICAL CENTE,TN,355 NEW SHACKLE ISLAND,HENDERSONVILLE,37215,external_geocoder_required_no_local_candidate,address_no_zip,"355 NEW SHACKLE ISLAND, HENDERSONVILLE, TN",0,47165,"Sumner County, Tennessee",TN,36.3254227,-86.6227582,TriStar Hendersonville,"TriStar Hendersonville, 355, New Shackle Island Road, Glen Oaks, Hendersonville, Sumner County, Middle Tennessee, Tennessee, 37075, United States",amenity,hospital,355,New Shackle Island Road,Hendersonville,Sumner County,Tennessee,37075,True,False,True,True,True,True,True,0.82,postcode_not_supported; confidence_below_0_90,"{""address"": {""ISO3166-2-lvl4"": ""US-TN"", ""amenity"": ""TriStar Hendersonville"", ""country"": ""United States"", ""country_code"": ""us"", ""county"": ""Sumner County"", ""hamlet"": ""Glen Oaks"", ""house_number"": ""355"", ""postcode"": ""37075"", ""region"": ""Middle Tennessee"", ""road"": ""New Shackle Island Road"", ""state"": ""Tennessee"", ""town"": ""Hendersonville""}, ""addresstype"": ""amenity"", ""boundingbox"": [""36.3238228"", ""36.3271434"", ""-86.6247724"", ""-86.6199950""], ""category"": ""amenity"", ""display_name"": ""TriStar Hendersonville, 355, New Shackle Island Road, Glen Oaks, Hendersonville, Sumner County, Middle Tennessee, Tennessee, 37075, United States"", ""extratags"": {""emergency"": ""yes"", ""opening_hours"": ""24/7"", ""operator"": ""TriStar Health"", ""phone"": ""+1 615 338 1000"", ""website"": ""https://tristarhendersonville.com/""}, ""importance"": 5.456397344925639e-05, ""lat"": ""36.3254227"", ""licence"": ""Data \u00a9 OpenStreetMap contributors, ODbL 1.0. http://osm.org/copyright"", ""lon"": ""-86.6227582"", ""name"": ""TriStar Hendersonville"", ""osm_id"": 276027716, ""osm_type"": ""way"", ""place_id"": 338103735, ""place_rank"": 30, ""type"": ""hospital""}"
6a7c69f3df5ba33965d0,440194__2024,440194,2024,TRISTAR HENDERSONVILLE MEDICAL CENTE,TN,355 NEW SHACKLE ISLAND,HENDERSONVILLE,37215,external_geocoder_required_no_local_candidate,address_no_zip,"355 NEW SHACKLE ISLAND, HENDERSONVILLE, TN",1,47165,"Sumner County, Tennessee",TN,36.3234596,-86.6207385,,"355, New Shackle Island Road, Glen Oaks, Hendersonville, Sumner County, Middle Tennessee, Tennessee, 37075, United States",place,house,355,New Shackle Island Road,Hendersonville,Sumner County,Tennessee,37075,True,False,True,True,False,True,True,0.74,postcode_not_supported; confidence_below_0_90,"{""address"": {""ISO3166-2-lvl4"": ""US-TN"", ""country"": ""United States"", ""country_code"": ""us"", ""county"": ""Sumner County"", ""hamlet"": ""Glen Oaks"", ""house_number"": ""355"", ""postcode"": ""37075"", ""region"": ""Middle Tennessee"", ""road"": ""New Shackle Island Road"", ""state"": ""Tennessee"", ""town"": ""Hendersonville""}, ""addresstype"": ""place"", ""boundingbox"": [""36.3234096"", ""36.3235096"", ""-86.6207885"", ""-86.6206885""], ""category"": ""place"", ""display_name"": ""355, New Shackle Island Road, Glen Oaks, Hendersonville, Sumner County, Middle Tennessee, Tennessee, 37075, United States"", ""extratags"": null, ""importance"": 9.99999999995449e-06, ""lat"": ""36.3234596"", ""licence"": ""Data \u00a9 OpenStreetMap contributors, ODbL 1.0. http://osm.org/copyright"", ""lon"": ""-86.6207385"", ""name"": """", ""osm_id"": 1428245855, ""osm_type"": ""way"", ""place_id"": 409898111, ""place_rank"": 30, ""type"": ""house""}"
84adc5d340390a83027e,140008__2024,140008,2024,GOTTLIEB MEMORIAL HOSPITAL,IL,8700 WEST NORTH AVENUE,MELROSE PARK,60160,external_geocoder_required_no_local_candidate,provider_city_zip,"GOTTLIEB MEMORIAL HOSPITAL, MELROSE PARK, IL, 60160",0,17031,"Cook County, Illinois",IL,41.9104384,-87.8428311,Gottlieb Memorial Hospital,"Gottlieb Memorial Hospital, 701, 9th Avenue, Melrose Park, Leyden Township, Cook County, Illinois, 60160, United States",amenity,hospital,701,9th Avenue,Melrose Park,Cook County,Illinois,60160,False,True,True,True,True,True,False,0.78,house_number_not_supported; confidence_below_0_90,"{""address"": {""ISO3166-2-lvl4"": ""US-IL"", ""amenity"": ""Gottlieb Memorial Hospital"", ""country"": ""United States"", ""country_code"": ""us"", ""county"": ""Cook County"", ""house_number"": ""701"", ""municipality"": ""Leyden Township"", ""postcode"": ""60160"", ""road"": ""9th Avenue"", ""state"": ""Illinois"", ""town"": ""Melrose Park""}, ""addresstype"": ""amenity"", ""boundingbox"": [""41.9085709"", ""41.9119303"", ""-87.8456983"", ""-87.8401400""], ""category"": ""amenity"", ""display_name"": ""Gottlieb Memorial Hospital, 701, 9th Avenue, Melrose Park, Leyden Township, Cook County, Illinois, 60160, United States"", ""extratags"": {""beds"": ""247"", ""emergency"": ""yes"", ""healthcare"": ""hospital"", ""opening_hours"": ""24/7"", ""operator"": ""Loyola University Health System"", ""operator:type"": ""university"", ""phone"": ""+1 708 681 3200"", ""website"": ""https://www.loyolamedicine.org/location/gottlieb-memorial-hospital-2"", ""wikidata"": ""Q93220088""}, ""importance"": 6.065079728384859e-05, ""lat"": ""41.9104384"", ""licence"": ""Data \u00a9 OpenStreetMap contributors, ODbL 1.0. http://osm.org/copyright"", ""lon"": ""-87.8428311"", ""name"": ""Gottlieb Memorial Hospital"", ""osm_id"": 551057998, ""osm_type"": ""way"", ""place_id"": 371174392, ""place_rank"": 30, ""type"": ""hospital""}"
119584a0271ada16db1e,110023__2023,110023,2023,ADVENTHEALTH GORDON,GA,1035 RED BUD ROAD,CALHOUN,30703,external_geocoder_required_no_local_candidate,address_only,"1035 RED BUD ROAD, CALHOUN, GA, 30703",0,13129,"Gordon County, Georgia",GA,34.5102219,-84.9260314,AdventHealth Gordon Hospital,"AdventHealth Gordon Hospital, 1035, Red Bud Road Northeast, Calhoun, Gordon County, Georgia, 30701, United States",building,hospital,1035,Red Bud Road Northeast,Calhoun,Gordon County,Georgia,30701,True,False,True,True,False,True,True,0.74,postcode_not_supported; confidence_below_0_90,"{""address"": {""ISO3166-2-lvl4"": ""US-GA"", ""building"": ""AdventHealth Gordon Hospital"", ""country"": ""United States"", ""country_code"": ""us"", ""county"": ""Gordon County"", ""house_number"": ""1035"", ""postcode"": ""30701"", ""road"": ""Red Bud Road Northeast"", ""state"": ""Georgia"", ""town"": ""Calhoun""}, ""addresstype"": ""building"", ""boundingbox"": [""34.5094469"", ""34.5110246"", ""-84.9272439"", ""-84.9252990""], ""category"": ""building"", ""display_name"": ""AdventHealth Gordon Hospital, 1035, Red Bud Road Northeast, Calhoun, Gordon County, Georgia, 30701, United States"", ""extratags"": null, ""importance"": 5.266117341873834e-05, ""lat"": ""34.5102219"", ""licence"": ""Data \u00a9 OpenStreetMap contributors, ODbL 1.0. http://osm.org/copyright"", ""lon"": ""-84.9260314"", ""name"": ""AdventHealth Gordon Hospital"", ""osm_id"": 983365677, ""osm_type"": ""way"", ""place_id"": 341983916, ""place_rank"": 30, ""type"": ""hospital""}"
119584a0271ada16db1e,110023__2023,110023,2023,ADVENTHEALTH GORDON,GA,1035 RED BUD ROAD,CALHOUN,30703,external_geocoder_required_no_local_candidate,address_only,"1035 RED BUD ROAD, CALHOUN, GA, 30703",1,13129,"Gordon County, Georgia",GA,34.5108202,-84.9267291,AdventHealth Gordon Hospital,"AdventHealth Gordon Hospital, 1035, Red Bud Road Northeast, Calhoun, Gordon County, Georgia, 30701, United States",amenity,hospital,1035,Red Bud Road Northeast,Calhoun,Gordon County,Georgia,30701,True,False,True,True,True,True,True,0.82,postcode_not_supported; confidence_below_0_90,"{""address"": {""ISO3166-2-lvl4"": ""US-GA"", ""amenity"": ""AdventHealth Gordon Hospital"", ""country"": ""United States"", ""country_code"": ""us"", ""county"": ""Gordon County"", ""house_number"": ""1035"", ""postcode"": ""30701"", ""road"": ""Red Bud Road Northeast"", ""state"": ""Georgia"", ""town"": ""Calhoun""}, ""addresstype"": ""amenity"", ""boundingbox"": [""34.5087456"", ""34.5126027"", ""-84.9285730"", ""-84.9239249""], ""category"": ""amenity"", ""display_name"": ""AdventHealth Gordon Hospital, 1035, Red Bud Road Northeast, Calhoun, Gordon County, Georgia, 30701, United States"", ""extratags"": {""emergency"": ""yes"", ""healthcare"": ""hospital"", ""opening_hours"": ""24/7"", ""operator"": ""AdventHealth"", ""operator:wikidata"": ""Q3509447"", ""operator:wikipedia"": ""en:AdventHealth"", ""phone"": ""+1 706 629 2895"", ""website"": ""https://www.gordonhospital.com/""}, ""importance"": 5.266117341873834e-05, ""lat"": ""34.5108202"", ""licence"": ""Data \u00a9 OpenStreetMap contributors, ODbL 1.0. http://osm.org/copyright"", ""lon"": ""-84.9267291"", ""name"": ""AdventHealth Gordon Hospital"", ""osm_id"": 490398183, ""osm_type"": ""way"", ""place_id"": 342038674, ""place_rank"": 30, ""type"": ""hospital""}"
119584a0271ada16db1e,110023__2023,110023,2023,ADVENTHEALTH GORDON,GA,1035 RED BUD ROAD,CALHOUN,30703,external_geocoder_required_no_local_candidate,address_only,"1035 RED BUD ROAD, CALHOUN, GA, 30703",2,13129,"Gordon County, Georgia",GA,34.5119162,-84.9215153,,"1035, Red Bud Road Northeast, Calhoun, Gordon County, Georgia, 30701, United States",place,house,1035,Red Bud Road Northeast,Calhoun,Gordon County,Georgia,30701,True,False,True,True,False,True,True,0.74,postcode_not_supported; confidence_below_0_90,"{""address"": {""ISO3166-2-lvl4"": ""US-GA"", ""country"": ""United States"", ""country_code"": ""us"", ""county"": ""Gordon County"", ""house_number"": ""1035"", ""postcode"": ""30701"", ""road"": ""Red Bud Road Northeast"", ""state"": ""Georgia"", ""town"": ""Calhoun""}, ""addresstype"": ""place"", ""boundingbox"": [""34.5118662"", ""34.5119662"", ""-84.9215653"", ""-84.9214653""], ""category"": ""place"", ""display_name"": ""1035, Red Bud Road Northeast, Calhoun, Gordon County, Georgia, 30701, United States"", ""extratags"": null, ""importance"": 9.99999999995449e-06, ""lat"": ""34.5119162"", ""licence"": ""Data \u00a9 OpenStreetMap contributors, ODbL 1.0. http://osm.org/copyright"", ""lon"": ""-84.9215153"", ""name"": """", ""osm_id"": 1315651953, ""osm_type"": ""way"", ""place_id"": 409766571, ""place_rank"": 30, ""type"": ""house""}"
a288e69cdfbe58c070b1,110023__2023,110023,2023,ADVENTHEALTH GORDON,GA,1035 RED BUD ROAD,CALHOUN,30703,external_geocoder_required_no_local_candidate,provider_address,"ADVENTHEALTH GORDON, 1035 RED BUD ROAD, CALHOUN, GA, 30703",0,13129,"Gordon County, Georgia",GA,34.5102219,-84.9260314,AdventHealth Gordon Hospital,"AdventHealth Gordon Hospital, 1035, Red Bud Road Northeast, Calhoun, Gordon County, Georgia, 30701, United States",building,hospital,1035,Red Bud Road Northeast,Calhoun,Gordon County,Georgia,30701,True,False,True,True,False,True,True,0.74,postcode_not_supported; confidence_below_0_90,"{""address"": {""ISO3166-2-lvl4"": ""US-GA"", ""building"": ""AdventHealth Gordon Hospital"", ""country"": ""United States"", ""country_code"": ""us"", ""county"": ""Gordon County"", ""house_number"": ""1035"", ""postcode"": ""30701"", ""road"": ""Red Bud Road Northeast"", ""state"": ""Georgia"", ""town"": ""Calhoun""}, ""addresstype"": ""building"", ""boundingbox"": [""34.5094469"", ""34.5110246"", ""-84.9272439"", ""-84.9252990""], ""category"": ""building"", ""display_name"": ""AdventHealth Gordon Hospital, 1035, Red Bud Road Northeast, Calhoun, Gordon County, Georgia, 30701, United States"", ""extratags"": null, ""importance"": 5.266117341873834e-05, ""lat"": ""34.5102219"", ""licence"": ""Data \u00a9 OpenStreetMap contributors, ODbL 1.0. http://osm.org/copyright"", ""lon"": ""-84.9260314"", ""name"": ""AdventHealth Gordon Hospital"", ""osm_id"": 983365677, ""osm_type"": ""way"", ""place_id"": 342270549, ""place_rank"": 30, ""type"": ""hospital""}"
4d0947569188cdf496cd,110023__2023,110023,2023,ADVENTHEALTH GORDON,GA,1035 RED BUD ROAD,CALHOUN,30703,external_geocoder_required_no_local_candidate,address_no_zip,"1035 RED BUD ROAD, CALHOUN, GA",0,13129,"Gordon County, Georgia",GA,34.5108202,-84.9267291,AdventHealth Gordon Hospital,"AdventHealth Gordon Hospital, 1035, Red Bud Road Northeast, Calhoun, Gordon County, Georgia, 30701, United States",amenity,hospital,1035,Red Bud Road Northeast,Calhoun,Gordon County,Georgia,30701,True,False,True,True,True,True,True,0.82,postcode_not_supported; confidence_below_0_90,"{""address"": {""ISO3166-2-lvl4"": ""US-GA"", ""amenity"": ""AdventHealth Gordon Hospital"", ""country"": ""United States"", ""country_code"": ""us"", ""county"": ""Gordon County"", ""house_number"": ""1035"", ""postcode"": ""30701"", ""road"": ""Red Bud Road Northeast"", ""state"": ""Georgia"", ""town"": ""Calhoun""}, ""addresstype"": ""amenity"", ""boundingbox"": [""34.5087456"", ""34.5126027"", ""-84.9285730"", ""-84.9239249""], ""category"": ""amenity"", ""display_name"": ""AdventHealth Gordon Hospital, 1035, Red Bud Road Northeast, Calhoun, Gordon County, Georgia, 30701, United States"", ""extratags"": {""emergency"": ""yes"", ""healthcare"": ""hospital"", ""opening_hours"": ""24/7"", ""operator"": ""AdventHealth"", ""operator:wikidata"": ""Q3509447"", ""operator:wikipedia"": ""en:AdventHealth"", ""phone"": ""+1 706 629 2895"", ""website"": ""https://www.gordonhospital.com/""}, ""importance"": 5.266117341873834e-05, ""lat"": ""34.5108202"", ""licence"": ""Data \u00a9 OpenStreetMap contributors, ODbL 1.0. http://osm.org/copyright"", ""lon"": ""-84.9267291"", ""name"": ""AdventHealth Gordon Hospital"", ""osm_id"": 490398183, ""osm_type"": ""way"", ""place_id"": 342038674, ""place_rank"": 30, ""type"": ""hospital""}"
4d0947569188cdf496cd,110023__2023,110023,2023,ADVENTHEALTH GORDON,GA,1035 RED BUD ROAD,CALHOUN,30703,external_geocoder_required_no_local_candidate,address_no_zip,"1035 RED BUD ROAD, CALHOUN, GA",1,13129,"Gordon County, Georgia",GA,34.5102219,-84.9260314,AdventHealth Gordon Hospital,"AdventHealth Gordon Hospital, 1035, Red Bud Road Northeast, Calhoun, Gordon County, Georgia, 30701, United States",building,hospital,1035,Red Bud Road Northeast,Calhoun,Gordon County,Georgia,30701,True,False,True,True,False,True,True,0.74,postcode_not_supported; confidence_below_0_90,"{""address"": {""ISO3166-2-lvl4"": ""US-GA"", ""building"": ""AdventHealth Gordon Hospital"", ""country"": ""United States"", ""country_code"": ""us"", ""county"": ""Gordon County"", ""house_number"": ""1035"", ""postcode"": ""30701"", ""road"": ""Red Bud Road Northeast"", ""state"": ""Georgia"", ""town"": ""Calhoun""}, ""addresstype"": ""building"", ""boundingbox"": [""34.5094469"", ""34.5110246"", ""-84.9272439"", ""-84.9252990""], ""category"": ""building"", ""display_name"": ""AdventHealth Gordon Hospital, 1035, Red Bud Road Northeast, Calhoun, Gordon County, Georgia, 30701, United States"", ""extratags"": null, ""importance"": 5.266117341873834e-05, ""lat"": ""34.5102219"", ""licence"": ""Data \u00a9 OpenStreetMap contributors, ODbL 1.0. http://osm.org/copyright"", ""lon"": ""-84.9260314"", ""name"": ""AdventHealth Gordon Hospital"", ""osm_id"": 983365677, ""osm_type"": ""way"", ""place_id"": 341983916, ""place_rank"": 30, ""type"": ""hospital""}"
4d0947569188cdf496cd,110023__2023,110023,2023,ADVENTHEALTH GORDON,GA,1035 RED BUD ROAD,CALHOUN,30703,external_geocoder_required_no_local_candidate,address_no_zip,"1035 RED BUD ROAD, CALHOUN, GA",2,13129,"Gordon County, Georgia",GA,34.5119162,-84.9215153,,"1035, Red Bud Road Northeast, Calhoun, Gordon County, Georgia, 30701, United States",place,house,1035,Red Bud Road Northeast,Calhoun,Gordon County,Georgia,30701,True,False,True,True,False,True,True,0.74,postcode_not_supported; confidence_below_0_90,"{""address"": {""ISO3166-2-lvl4"": ""US-GA"", ""country"": ""United States"", ""country_code"": ""us"", ""county"": ""Gordon County"", ""house_number"": ""1035"", ""postcode"": ""30701"", ""road"": ""Red Bud Road Northeast"", ""state"": ""Georgia"", ""town"": ""Calhoun""}, ""addresstype"": ""place"", ""boundingbox"": [""34.5118662"", ""34.5119662"", ""-84.9215653"", ""-84.9214653""], ""category"": ""place"", ""display_name"": ""1035, Red Bud Road Northeast, Calhoun, Gordon County, Georgia, 30701, United States"", ""extratags"": null, ""importance"": 9.99999999995449e-06, ""lat"": ""34.5119162"", ""licence"": ""Data \u00a9 OpenStreetMap contributors, ODbL 1.0. http://osm.org/copyright"", ""lon"": ""-84.9215153"", ""name"": """", ""osm_id"": 1315651953, ""osm_type"": ""way"", ""place_id"": 409766571, ""place_rank"": 30, ""type"": ""house""}"
7c7d8306dc2a535e505a,110023__2023,110023,2023,ADVENTHEALTH GORDON,GA,1035 RED BUD ROAD,CALHOUN,30703,external_geocoder_required_no_local_candidate,provider_city_zip,"ADVENTHEALTH GORDON, CALHOUN, GA, 30703",0,13129,"Gordon County, Georgia",GA,34.5108202,-84.9267291,AdventHealth Gordon Hospital,"AdventHealth Gordon Hospital, 1035, Hospital Drive, Calhoun, Gordon County, Georgia, 30701, United States",amenity,hospital,1035,Hospital Drive,Calhoun,Gordon County,Georgia,30701,True,False,True,True,True,True,False,0.78,postcode_not_supported; confidence_below_0_90,"{""address"": {""ISO3166-2-lvl4"": ""US-GA"", ""amenity"": ""AdventHealth Gordon Hospital"", ""country"": ""United States"", ""country_code"": ""us"", ""county"": ""Gordon County"", ""house_number"": ""1035"", ""postcode"": ""30701"", ""road"": ""Hospital Drive"", ""state"": ""Georgia"", ""town"": ""Calhoun""}, ""addresstype"": ""amenity"", ""boundingbox"": [""34.5087456"", ""34.5126027"", ""-84.9285730"", ""-84.9239249""], ""category"": ""amenity"", ""display_name"": ""AdventHealth Gordon Hospital, 1035, Hospital Drive, Calhoun, Gordon County, Georgia, 30701, United States"", ""extratags"": {""emergency"": ""yes"", ""healthcare"": ""hospital"", ""opening_hours"": ""24/7"", ""operator"": ""AdventHealth"", ""operator:wikidata"": ""Q3509447"", ""operator:wikipedia"": ""en:AdventHealth"", ""phone"": ""+1 706 629 2895"", ""website"": ""https://www.gordonhospital.com/""}, ""importance"": 5.266117341873834e-05, ""lat"": ""34.5108202"", ""licence"": ""Data \u00a9 OpenStreetMap contributors, ODbL 1.0. http://osm.org/copyright"", ""lon"": ""-84.9267291"", ""name"": ""AdventHealth Gordon Hospital"", ""osm_id"": 490398183, ""osm_type"": ""way"", ""place_id"": 338795984, ""place_rank"": 30, ""type"": ""hospital""}"
7c7d8306dc2a535e505a,110023__2023,110023,2023,ADVENTHEALTH GORDON,GA,1035 RED BUD ROAD,CALHOUN,30703,external_geocoder_required_no_local_candidate,provider_city_zip,"ADVENTHEALTH GORDON, CALHOUN, GA, 30703",1,13129,"Gordon County, Georgia",GA,34.5102219,-84.9260314,AdventHealth Gordon Hospital,"AdventHealth Gordon Hospital, 1035, Red Bud Road Northeast, Calhoun, Gordon County, Georgia, 30701, United States",building,hospital,1035,Red Bud Road Northeast,Calhoun,Gordon County,Georgia,30701,True,False,True,True,False,True,True,0.74,postcode_not_supported; confidence_below_0_90,"{""address"": {""ISO3166-2-lvl4"": ""US-GA"", ""building"": ""AdventHealth Gordon Hospital"", ""country"": ""United States"", ""country_code"": ""us"", ""county"": ""Gordon County"", ""house_number"": ""1035"", ""postcode"": ""30701"", ""road"": ""Red Bud Road Northeast"", ""state"": ""Georgia"", ""town"": ""Calhoun""}, ""addresstype"": ""building"", ""boundingbox"": [""34.5094469"", ""34.5110246"", ""-84.9272439"", ""-84.9252990""], ""category"": ""building"", ""display_name"": ""AdventHealth Gordon Hospital, 1035, Red Bud Road Northeast, Calhoun, Gordon County, Georgia, 30701, United States"", ""extratags"": null, ""importance"": 5.266117341873834e-05, ""lat"": ""34.5102219"", ""licence"": ""Data \u00a9 OpenStreetMap contributors, ODbL 1.0. http://osm.org/copyright"", ""lon"": ""-84.9260314"", ""name"": ""AdventHealth Gordon Hospital"", ""osm_id"": 983365677, ""osm_type"": ""way"", ""place_id"": 342270549, ""place_rank"": 30, ""type"": ""hospital""}"
803fbf031a6e16eed3b1,230193__2023,230193,2023,MCLAREN LAPEER REGION,MI,1375 NORTH MAIN STREET,LAPEER,48436,external_geocoder_required_no_local_candidate,address_only,"1375 NORTH MAIN STREET, LAPEER, MI, 48436",0,26087,"Lapeer County, Michigan",MI,43.0624982,-83.3214562,McLaren Lapeer Region,"McLaren Lapeer Region, 1375, North Main Street, Lapeer, Lapeer County, Michigan, 48446, United States",amenity,hospital,1375,North Main Street,Lapeer,Lapeer County,Michigan,48446,True,False,True,True,True,True,True,0.82,postcode_not_supported; confidence_below_0_90,"{""address"": {""ISO3166-2-lvl4"": ""US-MI"", ""amenity"": ""McLaren Lapeer Region"", ""country"": ""United States"", ""country_code"": ""us"", ""county"": ""Lapeer County"", ""house_number"": ""1375"", ""postcode"": ""48446"", ""road"": ""North Main Street"", ""state"": ""Michigan"", ""town"": ""Lapeer""}, ""addresstype"": ""amenity"", ""boundingbox"": [""43.0608614"", ""43.0640007"", ""-83.3238189"", ""-83.3194220""], ""category"": ""amenity"", ""display_name"": ""McLaren Lapeer Region, 1375, North Main Street, Lapeer, Lapeer County, Michigan, 48446, United States"", ""extratags"": {""beds"": ""183"", ""emergency"": ""yes"", ""healthcare"": ""hospital"", ""opening_hours"": ""24/7"", ""operator"": ""McLaren Health Care"", ""phone"": ""+1 810 667 5500"", ""website"": ""https://www.mclaren.org/lapeerregion/lapeerregion.aspx""}, ""importance"": 5.4153505760235255e-05, ""lat"": ""43.0624982"", ""licence"": ""Data \u00a9 OpenStreetMap contributors, ODbL 1.0. http://osm.org/copyright"", ""lon"": ""-83.3214562"", ""name"": ""McLaren Lapeer Region"", ""osm_id"": 589718353, ""osm_type"": ""way"", ""place_id"": 364567898, ""place_rank"": 30, ""type"": ""hospital""}"
803fbf031a6e16eed3b1,230193__2023,230193,2023,MCLAREN LAPEER REGION,MI,1375 NORTH MAIN STREET,LAPEER,48436,external_geocoder_required_no_local_candidate,address_only,"1375 NORTH MAIN STREET, LAPEER, MI, 48436",1,26087,"Lapeer County, Michigan",MI,43.0628026,-83.3204321,,"1375, North Main Street, Lapeer, Lapeer County, Michigan, 48446, United States",amenity,emergency_service,1375,North Main Street,Lapeer,Lapeer County,Michigan,48446,True,False,True,True,False,True,True,0.74,postcode_not_supported; confidence_below_0_90,"{""address"": {""ISO3166-2-lvl4"": ""US-MI"", ""country"": ""United States"", ""country_code"": ""us"", ""county"": ""Lapeer County"", ""house_number"": ""1375"", ""postcode"": ""48446"", ""road"": ""North Main Street"", ""state"": ""Michigan"", ""town"": ""Lapeer""}, ""addresstype"": ""amenity"", ""boundingbox"": [""43.0619553"", ""43.0636548"", ""-83.3212504"", ""-83.3196997""], ""category"": ""amenity"", ""display_name"": ""1375, North Main Street, Lapeer, Lapeer County, Michigan, 48446, United States"", ""extratags"": {""building"": ""hospital"", ""emergency:amenity"": ""yes"", ""helipad"": ""yes"", ""layer"": ""1"", ""phone"": ""+1-810-667-5500""}, ""importance"": 5.4153505760235255e-05, ""lat"": ""43.0628026"", ""licence"": ""Data \u00a9 OpenStreetMap contributors, ODbL 1.0. http://osm.org/copyright"", ""lon"": ""-83.3204321"", ""name"": """", ""osm_id"": 578957919, ""osm_type"": ""way"", ""place_id"": 368894403, ""place_rank"": 30, ""type"": ""emergency_service""}"
316a0ba1a78f0a1846d1,230193__2023,230193,2023,MCLAREN LAPEER REGION,MI,1375 NORTH MAIN STREET,LAPEER,48436,external_geocoder_required_no_local_candidate,provider_address,"MCLAREN LAPEER REGION, 1375 NORTH MAIN STREET, LAPEER, MI, 48436",0,26087,"Lapeer County, Michigan",MI,43.0624982,-83.3214562,McLaren Lapeer Region,"McLaren Lapeer Region, 1375, North Main Street, Lapeer, Lapeer County, Michigan, 48446, United States",amenity,hospital,1375,North Main Street,Lapeer,Lapeer County,Michigan,48446,True,False,True,True,True,True,True,0.82,postcode_not_supported; confidence_below_0_90,"{""address"": {""ISO3166-2-lvl4"": ""US-MI"", ""amenity"": ""McLaren Lapeer Region"", ""country"": ""United States"", ""country_code"": ""us"", ""county"": ""Lapeer County"", ""house_number"": ""1375"", ""postcode"": ""48446"", ""road"": ""North Main Street"", ""state"": ""Michigan"", ""town"": ""Lapeer""}, ""addresstype"": ""amenity"", ""boundingbox"": [""43.0608614"", ""43.0640007"", ""-83.3238189"", ""-83.3194220""], ""category"": ""amenity"", ""display_name"": ""McLaren Lapeer Region, 1375, North Main Street, Lapeer, Lapeer County, Michigan, 48446, United States"", ""extratags"": {""beds"": ""183"", ""emergency"": ""yes"", ""healthcare"": ""hospital"", ""opening_hours"": ""24/7"", ""operator"": ""McLaren Health Care"", ""phone"": ""+1 810 667 5500"", ""website"": ""https://www.mclaren.org/lapeerregion/lapeerregion.aspx""}, ""importance"": 5.4153505760235255e-05, ""lat"": ""43.0624982"", ""licence"": ""Data \u00a9 OpenStreetMap contributors, ODbL 1.0. http://osm.org/copyright"", ""lon"": ""-83.3214562"", ""name"": ""McLaren Lapeer Region"", ""osm_id"": 589718353, ""osm_type"": ""way"", ""place_id"": 364567898, ""place_rank"": 30, ""type"": ""hospital""}"
c81ba6deb4eb2c524f13,230193__2023,230193,2023,MCLAREN LAPEER REGION,MI,1375 NORTH MAIN STREET,LAPEER,48436,external_geocoder_required_no_local_candidate,address_no_zip,"1375 NORTH MAIN STREET, LAPEER, MI",0,26087,"Lapeer County, Michigan",MI,43.0624982,-83.3214562,McLaren Lapeer Region,"McLaren Lapeer Region, 1375, North Main Street, Lapeer, Lapeer County, Michigan, 48446, United States",amenity,hospital,1375,North Main Street,Lapeer,Lapeer County,Michigan,48446,True,False,True,True,True,True,True,0.82,postcode_not_supported; confidence_below_0_90,"{""address"": {""ISO3166-2-lvl4"": ""US-MI"", ""amenity"": ""McLaren Lapeer Region"", ""country"": ""United States"", ""country_code"": ""us"", ""county"": ""Lapeer County"", ""house_number"": ""1375"", ""postcode"": ""48446"", ""road"": ""North Main Street"", ""state"": ""Michigan"", ""town"": ""Lapeer""}, ""addresstype"": ""amenity"", ""boundingbox"": [""43.0608614"", ""43.0640007"", ""-83.3238189"", ""-83.3194220""], ""category"": ""amenity"", ""display_name"": ""McLaren Lapeer Region, 1375, North Main Street, Lapeer, Lapeer County, Michigan, 48446, United States"", ""extratags"": {""beds"": ""183"", ""emergency"": ""yes"", ""healthcare"": ""hospital"", ""opening_hours"": ""24/7"", ""operator"": ""McLaren Health Care"", ""phone"": ""+1 810 667 5500"", ""website"": ""https://www.mclaren.org/lapeerregion/lapeerregion.aspx""}, ""importance"": 5.4153505760235255e-05, ""lat"": ""43.0624982"", ""licence"": ""Data \u00a9 OpenStreetMap contributors, ODbL 1.0. http://osm.org/copyright"", ""lon"": ""-83.3214562"", ""name"": ""McLaren Lapeer Region"", ""osm_id"": 589718353, ""osm_type"": ""way"", ""place_id"": 369825060, ""place_rank"": 30, ""type"": ""hospital""}"
c81ba6deb4eb2c524f13,230193__2023,230193,2023,MCLAREN LAPEER REGION,MI,1375 NORTH MAIN STREET,LAPEER,48436,external_geocoder_required_no_local_candidate,address_no_zip,"1375 NORTH MAIN STREET, LAPEER, MI",1,26087,"Lapeer County, Michigan",MI,43.0628026,-83.3204321,,"1375, North Main Street, Lapeer, Lapeer County, Michigan, 48446, United States",amenity,emergency_service,1375,North Main Street,Lapeer,Lapeer County,Michigan,48446,True,False,True,True,False,True,True,0.74,postcode_not_supported; confidence_below_0_90,"{""address"": {""ISO3166-2-lvl4"": ""US-MI"", ""country"": ""United States"", ""country_code"": ""us"", ""county"": ""Lapeer County"", ""house_number"": ""1375"", ""postcode"": ""48446"", ""road"": ""North Main Street"", ""state"": ""Michigan"", ""town"": ""Lapeer""}, ""addresstype"": ""amenity"", ""boundingbox"": [""43.0619553"", ""43.0636548"", ""-83.3212504"", ""-83.3196997""], ""category"": ""amenity"", ""display_name"": ""1375, North Main Street, Lapeer, Lapeer County, Michigan, 48446, United States"", ""extratags"": {""building"": ""hospital"", ""emergency:amenity"": ""yes"", ""helipad"": ""yes"", ""layer"": ""1"", ""phone"": ""+1-810-667-5500""}, ""importance"": 5.4153505760235255e-05, ""lat"": ""43.0628026"", ""licence"": ""Data \u00a9 OpenStreetMap contributors, ODbL 1.0. http://osm.org/copyright"", ""lon"": ""-83.3204321"", ""name"": """", ""osm_id"": 578957919, ""osm_type"": ""way"", ""place_id"": 369717751, ""place_rank"": 30, ""type"": ""emergency_service""}"
983bc7346d0829b8b832,230193__2023,230193,2023,MCLAREN LAPEER REGION,MI,1375 NORTH MAIN STREET,LAPEER,48436,external_geocoder_required_no_local_candidate,provider_city_zip,"MCLAREN LAPEER REGION, LAPEER, MI, 48436",0,26087,"Lapeer County, Michigan",MI,43.0624982,-83.3214562,McLaren Lapeer Region,"McLaren Lapeer Region, 1375, North Main Street, Lapeer, Lapeer County, Michigan, 48446, United States",amenity,hospital,1375,North Main Street,Lapeer,Lapeer County,Michigan,48446,True,False,True,True,True,True,True,0.82,postcode_not_supported; confidence_below_0_90,"{""address"": {""ISO3166-2-lvl4"": ""US-MI"", ""amenity"": ""McLaren Lapeer Region"", ""country"": ""United States"", ""country_code"": ""us"", ""county"": ""Lapeer County"", ""house_number"": ""1375"", ""postcode"": ""48446"", ""road"": ""North Main Street"", ""state"": ""Michigan"", ""town"": ""Lapeer""}, ""addresstype"": ""amenity"", ""boundingbox"": [""43.0608614"", ""43.0640007"", ""-83.3238189"", ""-83.3194220""], ""category"": ""amenity"", ""display_name"": ""McLaren Lapeer Region, 1375, North Main Street, Lapeer, Lapeer County, Michigan, 48446, United States"", ""extratags"": {""beds"": ""183"", ""emergency"": ""yes"", ""healthcare"": ""hospital"", ""opening_hours"": ""24/7"", ""operator"": ""McLaren Health Care"", ""phone"": ""+1 810 667 5500"", ""website"": ""https://www.mclaren.org/lapeerregion/lapeerregion.aspx""}, ""importance"": 5.4153505760235255e-05, ""lat"": ""43.0624982"", ""licence"": ""Data \u00a9 OpenStreetMap contributors, ODbL 1.0. http://osm.org/copyright"", ""lon"": ""-83.3214562"", ""name"": ""McLaren Lapeer Region"", ""osm_id"": 589718353, ""osm_type"": ""way"", ""place_id"": 364567898, ""place_rank"": 30, ""type"": ""hospital""}"
cce7b0ffd5865becc49c,460013__2024,460013,2024,MOUNTAIN VIEW HOSPITAL,UT,1000 EAST 100 NORTH,PAYSON,84651,external_geocoder_required_no_local_candidate,address_only,"1000 EAST 100 NORTH, PAYSON, UT, 84651",0,49049,"Utah County, Utah",UT,40.0436557,-111.7159476,1000 East,"1000 East, Payson, Utah County, Utah, 84651, United States",highway,unclassified,,1000 East,Payson,Utah County,Utah,84651,False,True,True,True,False,False,False,0.66,house_number_not_supported; result_type_name_or_road_not_supported; confidence_below_0_90,"{""address"": {""ISO3166-2-lvl4"": ""US-UT"", ""country"": ""United States"", ""country_code"": ""us"", ""county"": ""Utah County"", ""postcode"": ""84651"", ""road"": ""1000 East"", ""state"": ""Utah"", ""town"": ""Payson""}, ""addresstype"": ""road"", ""boundingbox"": [""40.0427662"", ""40.0445422"", ""-111.7160050"", ""-111.7159353""], ""category"": ""highway"", ""display_name"": ""1000 East, Payson, Utah County, Utah, 84651, United States"", ""extratags"": {""surface"": ""asphalt""}, ""importance"": 0.053381027695124705, ""lat"": ""40.0436557"", ""licence"": ""Data \u00a9 OpenStreetMap contributors, ODbL 1.0. http://osm.org/copyright"", ""lon"": ""-111.7159476"", ""name"": ""1000 East"", ""osm_id"": 10226820, ""osm_type"": ""way"", ""place_id"": 325691191, ""place_rank"": 26, ""type"": ""unclassified""}"
0353e39bf233ae68d72e,460013__2024,460013,2024,MOUNTAIN VIEW HOSPITAL,UT,1000 EAST 100 NORTH,PAYSON,84651,external_geocoder_required_no_local_candidate,address_no_zip,"1000 EAST 100 NORTH, PAYSON, UT",0,49049,"Utah County, Utah",UT,40.0436557,-111.7159476,1000 East,"1000 East, Payson, Utah County, Utah, 84651, United States",highway,unclassified,,1000 East,Payson,Utah County,Utah,84651,False,True,True,True,False,False,False,0.66,house_number_not_supported; result_type_name_or_road_not_supported; confidence_below_0_90,"{""address"": {""ISO3166-2-lvl4"": ""US-UT"", ""country"": ""United States"", ""country_code"": ""us"", ""county"": ""Utah County"", ""postcode"": ""84651"", ""road"": ""1000 East"", ""state"": ""Utah"", ""town"": ""Payson""}, ""addresstype"": ""road"", ""boundingbox"": [""40.0427662"", ""40.0445422"", ""-111.7160050"", ""-111.7159353""], ""category"": ""highway"", ""display_name"": ""1000 East, Payson, Utah County, Utah, 84651, United States"", ""extratags"": {""surface"": ""asphalt""}, ""importance"": 0.053381027695124705, ""lat"": ""40.0436557"", ""licence"": ""Data \u00a9 OpenStreetMap contributors, ODbL 1.0. http://osm.org/copyright"", ""lon"": ""-111.7159476"", ""name"": ""1000 East"", ""osm_id"": 10226820, ""osm_type"": ""way"", ""place_id"": 329387742, ""place_rank"": 26, ""type"": ""unclassified""}"
0de55f63bb22fffc27d4,460013__2024,460013,2024,MOUNTAIN VIEW HOSPITAL,UT,1000 EAST 100 NORTH,PAYSON,84651,external_geocoder_required_no_local_candidate,provider_city_zip,"MOUNTAIN VIEW HOSPITAL, PAYSON, UT, 84651",0,49049,"Utah County, Utah",UT,40.0437429,-111.7143736,Mountain View Hospital,"Mountain View Hospital, 1000 E, 100 North, Payson, Utah County, Utah, 84651, United States",amenity,hospital,1000 E,100 North,Payson,Utah County,Utah,84651,False,True,True,True,True,True,False,0.78,house_number_not_supported; confidence_below_0_90,"{""address"": {""ISO3166-2-lvl4"": ""US-UT"", ""amenity"": ""Mountain View Hospital"", ""country"": ""United States"", ""country_code"": ""us"", ""county"": ""Utah County"", ""house_number"": ""1000 E"", ""postcode"": ""84651"", ""road"": ""100 North"", ""state"": ""Utah"", ""town"": ""Payson""}, ""addresstype"": ""amenity"", ""boundingbox"": [""40.0428696"", ""40.0449667"", ""-111.7158628"", ""-111.7123466""], ""category"": ""amenity"", ""display_name"": ""Mountain View Hospital, 1000 E, 100 North, Payson, Utah County, Utah, 84651, United States"", ""extratags"": {""emergency"": ""yes"", ""healthcare"": ""hospital"", ""opening_hours"": ""24/7"", ""phone"": ""+1 801 465 7000"", ""website"": ""https://mvhpayson.com/"", ""wikidata"": ""Q6925376""}, ""importance"": 0.04539457909600718, ""lat"": ""40.0437429"", ""licence"": ""Data \u00a9 OpenStreetMap contributors, ODbL 1.0. http://osm.org/copyright"", ""lon"": ""-111.7143736"", ""name"": ""Mountain View Hospital"", ""osm_id"": 459479822, ""osm_type"": ""way"", ""place_id"": 327793156, ""place_rank"": 30, ""type"": ""hospital""}"
868f30dc231ebb01e108,440065__2024,440065,2024,NORTHCREST MEDICAL CENTER,TN,100 NORTHCREST DRIVE,SPRINGFIELD,37172,external_geocoder_required_no_local_candidate,address_only,"100 NORTHCREST DRIVE, SPRINGFIELD, TN, 37172",0,47147,"Robertson County, Tennessee",TN,36.4788508,-86.8865094,TriStar NorthCrest Medical Center,"TriStar NorthCrest Medical Center, 100, Northcrest Drive, Springfield, Robertson County, Middle Tennessee, Tennessee, 37172, United States",amenity,hospital,100,Northcrest Drive,Springfield,Robertson County,Tennessee,37172,True,True,True,True,True,True,True,1.0,,"{""address"": {""ISO3166-2-lvl4"": ""US-TN"", ""amenity"": ""TriStar NorthCrest Medical Center"", ""country"": ""United States"", ""country_code"": ""us"", ""county"": ""Robertson County"", ""house_number"": ""100"", ""postcode"": ""37172"", ""region"": ""Middle Tennessee"", ""road"": ""Northcrest Drive"", ""state"": ""Tennessee"", ""town"": ""Springfield""}, ""addresstype"": ""amenity"", ""boundingbox"": [""36.4765179"", ""36.4812618"", ""-86.8890102"", ""-86.8842938""], ""category"": ""amenity"", ""display_name"": ""TriStar NorthCrest Medical Center, 100, Northcrest Drive, Springfield, Robertson County, Middle Tennessee, Tennessee, 37172, United States"", ""extratags"": {""emergency"": ""yes"", ""healthcare"": ""hospital"", ""opening_hours"": ""24/7"", ""operator"": ""TriStar Medical Group"", ""operator:wikidata"": ""Q139590622"", ""phone"": ""+1 615 384 2411"", ""website"": ""https://www.tristarhealth.com/locations/tristar-northcrest-medical-center""}, ""importance"": 4.9249256122637024e-05, ""lat"": ""36.4788508"", ""licence"": ""Data \u00a9 OpenStreetMap contributors, ODbL 1.0. http://osm.org/copyright"", ""lon"": ""-86.8865094"", ""name"": ""TriStar NorthCrest Medical Center"", ""osm_id"": 498698489, ""osm_type"": ""way"", ""place_id"": 336851010, ""place_rank"": 30, ""type"": ""hospital""}"
868f30dc231ebb01e108,440065__2024,440065,2024,NORTHCREST MEDICAL CENTER,TN,100 NORTHCREST DRIVE,SPRINGFIELD,37172,external_geocoder_required_no_local_candidate,address_only,"100 NORTHCREST DRIVE, SPRINGFIELD, TN, 37172",1,47147,"Robertson County, Tennessee",TN,36.4802403,-86.8866544,Seeley Family Medical,"Seeley Family Medical, 100, Northcrest Drive, Springfield, Robertson County, Middle Tennessee, Tennessee, 37172, United States",amenity,clinic,100,Northcrest Drive,Springfield,Robertson County,Tennessee,37172,True,True,True,True,True,False,True,0.96,,"{""address"": {""ISO3166-2-lvl4"": ""US-TN"", ""amenity"": ""Seeley Family Medical"", ""country"": ""United States"", ""country_code"": ""us"", ""county"": ""Robertson County"", ""house_number"": ""100"", ""postcode"": ""37172"", ""region"": ""Middle Tennessee"", ""road"": ""Northcrest Drive"", ""state"": ""Tennessee"", ""town"": ""Springfield""}, ""addresstype"": ""amenity"", ""boundingbox"": [""36.4801903"", ""36.4802903"", ""-86.8867044"", ""-86.8866044""], ""category"": ""amenity"", ""display_name"": ""Seeley Family Medical, 100, Northcrest Drive, Springfield, Robertson County, Middle Tennessee, Tennessee, 37172, United States"", ""extratags"": {""healthcare"": ""clinic""}, ""importance"": 4.9249256122637024e-05, ""lat"": ""36.4802403"", ""licence"": ""Data \u00a9 OpenStreetMap contributors, ODbL 1.0. http://osm.org/copyright"", ""lon"": ""-86.8866544"", ""name"": ""Seeley Family Medical"", ""osm_id"": 12639496673, ""osm_type"": ""node"", ""place_id"": 333994694, ""place_rank"": 30, ""type"": ""clinic""}"
2ac65a7d611adb0321b8,061317__2023,061317,2023,GRAND RIVER HOSPITAL DISTRICT,CO,501 AIRPORT ROAD,RIFLE,81650,external_geocoder_required_no_local_candidate,address_only,"501 AIRPORT ROAD, RIFLE, CO, 81650",0,08045,"Garfield County, Colorado",CO,39.5214826,-107.7701309,Grand River Medical Center,"Grand River Medical Center, 501, Airport Road, Rifle, Garfield County, Colorado, 81650, United States",amenity,hospital,501,Airport Road,Rifle,Garfield County,Colorado,81650,True,True,True,True,True,True,True,1.0,,"{""address"": {""ISO3166-2-lvl4"": ""US-CO"", ""amenity"": ""Grand River Medical Center"", ""country"": ""United States"", ""country_code"": ""us"", ""county"": ""Garfield County"", ""house_number"": ""501"", ""postcode"": ""81650"", ""road"": ""Airport Road"", ""state"": ""Colorado"", ""town"": ""Rifle""}, ""addresstype"": ""amenity"", ""boundingbox"": [""39.5197260"", ""39.5224944"", ""-107.7719468"", ""-107.7690554""], ""category"": ""amenity"", ""display_name"": ""Grand River Medical Center, 501, Airport Road, Rifle, Garfield County, Colorado, 81650, United States"", ""extratags"": {""beds"": ""25"", ""emergency"": ""yes"", ""healthcare"": ""hospital"", ""opening_hours"": ""24/7"", ""operator"": ""Grand River Health"", ""phone"": ""+1 970 625 1510"", ""website"": ""https://grandriverhealth.org/""}, ""importance"": 4.6261539635263866e-05, ""lat"": ""39.5214826"", ""licence"": ""Data \u00a9 OpenStreetMap contributors, ODbL 1.0. http://osm.org/copyright"", ""lon"": ""-107.7701309"", ""name"": ""Grand River Medical Center"", ""osm_id"": 587300848, ""osm_type"": ""way"", ""place_id"": 331564299, ""place_rank"": 30, ""type"": ""hospital""}"
2ac65a7d611adb0321b8,061317__2023,061317,2023,GRAND RIVER HOSPITAL DISTRICT,CO,501 AIRPORT ROAD,RIFLE,81650,external_geocoder_required_no_local_candidate,address_only,"501 AIRPORT ROAD, RIFLE, CO, 81650",1,08045,"Garfield County, Colorado",CO,39.5195000,-107.7111350,,"501, Airport Road, Rifle, Garfield County, Colorado, 81650, United States",place,house,501,Airport Road,Rifle,Garfield County,Colorado,81650,True,True,True,True,False,False,True,0.88,confidence_below_0_90,"{""address"": {""ISO3166-2-lvl4"": ""US-CO"", ""country"": ""United States"", ""country_code"": ""us"", ""county"": ""Garfield County"", ""house_number"": ""501"", ""postcode"": ""81650"", ""road"": ""Airport Road"", ""state"": ""Colorado"", ""town"": ""Rifle""}, ""addresstype"": ""place"", ""boundingbox"": [""39.5194500"", ""39.5195500"", ""-107.7111850"", ""-107.7110850""], ""category"": ""place"", ""display_name"": ""501, Airport Road, Rifle, Garfield County, Colorado, 81650, United States"", ""extratags"": null, ""importance"": 9.99999999995449e-06, ""lat"": ""39.5195000"", ""licence"": ""Data \u00a9 OpenStreetMap contributors, ODbL 1.0. http://osm.org/copyright"", ""lon"": ""-107.7111350"", ""name"": """", ""osm_id"": 17052240, ""osm_type"": ""way"", ""place_id"": 386655613, ""place_rank"": 30, ""type"": ""house""}"
2ac65a7d611adb0321b8,061317__2023,061317,2023,GRAND RIVER HOSPITAL DISTRICT,CO,501 AIRPORT ROAD,RIFLE,81650,external_geocoder_required_no_local_candidate,address_only,"501 AIRPORT ROAD, RIFLE, CO, 81650",2,08045,"Garfield County, Colorado",CO,39.5193435,-107.7107971,,"501, Airport Road, Rifle, Garfield County, Colorado, 81650, United States",place,house,501,Airport Road,Rifle,Garfield County,Colorado,81650,True,True,True,True,False,False,True,0.88,confidence_below_0_90,"{""address"": {""ISO3166-2-lvl4"": ""US-CO"", ""country"": ""United States"", ""country_code"": ""us"", ""county"": ""Garfield County"", ""house_number"": ""501"", ""postcode"": ""81650"", ""road"": ""Airport Road"", ""state"": ""Colorado"", ""town"": ""Rifle""}, ""addresstype"": ""place"", ""boundingbox"": [""39.5192935"", ""39.5193935"", ""-107.7108471"", ""-107.7107471""], ""category"": ""place"", ""display_name"": ""501, Airport Road, Rifle, Garfield County, Colorado, 81650, United States"", ""extratags"": null, ""importance"": 9.99999999995449e-06, ""lat"": ""39.5193435"", ""licence"": ""Data \u00a9 OpenStreetMap contributors, ODbL 1.0. http://osm.org/copyright"", ""lon"": ""-107.7107971"", ""name"": """", ""osm_id"": 17052240, ""osm_type"": ""way"", ""place_id"": 386662764, ""place_rank"": 30, ""type"": ""house""}"
9d4490dc7887ac0e5a21,190014__2023,190014,2023,OCHSNER ST. MARY,LA,1125 MARGUERITE STREET,MORGAN CITY,70308,external_geocoder_required_no_local_candidate,address_only,"1125 MARGUERITE STREET, MORGAN CITY, LA, 70308",0,22101,"St. Mary Parish, Louisiana",LA,29.7086244,-91.2009357,Teche Regional Medical Center,"Teche Regional Medical Center, 1125, Marguerite Street, Morgan City, St. Mary Parish, Louisiana, 70380, United States",amenity,hospital,1125,Marguerite Street,Morgan City,St. Mary Parish,Louisiana,70380,True,False,True,True,True,False,True,0.78,postcode_not_supported; confidence_below_0_90,"{""address"": {""ISO3166-2-lvl4"": ""US-LA"", ""amenity"": ""Teche Regional Medical Center"", ""country"": ""United States"", ""country_code"": ""us"", ""county"": ""St. Mary Parish"", ""house_number"": ""1125"", ""postcode"": ""70380"", ""road"": ""Marguerite Street"", ""state"": ""Louisiana"", ""town"": ""Morgan City""}, ""addresstype"": ""amenity"", ""boundingbox"": [""29.7065344"", ""29.7110304"", ""-91.2022108"", ""-91.1998098""], ""category"": ""amenity"", ""display_name"": ""Teche Regional Medical Center, 1125, Marguerite Street, Morgan City, St. Mary Parish, Louisiana, 70380, United States"", ""extratags"": {""emergency"": ""yes"", ""opening_hours"": ""24/7"", ""phone"": ""+1 985 384 2200"", ""website"": ""https://www.techeregional.com/""}, ""importance"": 5.0651560234943425e-05, ""lat"": ""29.7086244"", ""licence"": ""Data \u00a9 OpenStreetMap contributors, ODbL 1.0. http://osm.org/copyright"", ""lon"": ""-91.2009357"", ""name"": ""Teche Regional Medical Center"", ""osm_id"": 489466058, ""osm_type"": ""way"", ""place_id"": 306375957, ""place_rank"": 30, ""type"": ""hospital""}"
f3fdff2133b15146f091,190014__2023,190014,2023,OCHSNER ST. MARY,LA,1125 MARGUERITE STREET,MORGAN CITY,70308,external_geocoder_required_no_local_candidate,address_no_zip,"1125 MARGUERITE STREET, MORGAN CITY, LA",0,22101,"St. Mary Parish, Louisiana",LA,29.7086244,-91.2009357,Teche Regional Medical Center,"Teche Regional Medical Center, 1125, Marguerite Street, Morgan City, St. Mary Parish, Louisiana, 70380, United States",amenity,hospital,1125,Marguerite Street,Morgan City,St. Mary Parish,Louisiana,70380,True,False,True,True,True,False,True,0.78,postcode_not_supported; confidence_below_0_90,"{""address"": {""ISO3166-2-lvl4"": ""US-LA"", ""amenity"": ""Teche Regional Medical Center"", ""country"": ""United States"", ""country_code"": ""us"", ""county"": ""St. Mary Parish"", ""house_number"": ""1125"", ""postcode"": ""70380"", ""road"": ""Marguerite Street"", ""state"": ""Louisiana"", ""town"": ""Morgan City""}, ""addresstype"": ""amenity"", ""boundingbox"": [""29.7065344"", ""29.7110304"", ""-91.2022108"", ""-91.1998098""], ""category"": ""amenity"", ""display_name"": ""Teche Regional Medical Center, 1125, Marguerite Street, Morgan City, St. Mary Parish, Louisiana, 70380, United States"", ""extratags"": {""emergency"": ""yes"", ""opening_hours"": ""24/7"", ""phone"": ""+1 985 384 2200"", ""website"": ""https://www.techeregional.com/""}, ""importance"": 5.0651560234943425e-05, ""lat"": ""29.7086244"", ""licence"": ""Data \u00a9 OpenStreetMap contributors, ODbL 1.0. http://osm.org/copyright"", ""lon"": ""-91.2009357"", ""name"": ""Teche Regional Medical Center"", ""osm_id"": 489466058, ""osm_type"": ""way"", ""place_id"": 303857269, ""place_rank"": 30, ""type"": ""hospital""}"
be091818554abd3eb79f,194114__2023,194114,2023,RIVER PLACE BEHAVIORAL HEALTH,LA,500 RUE DE SANTE,LAPLACE,70068,external_geocoder_required_no_local_candidate,address_only,"500 RUE DE SANTE, LAPLACE, LA, 70068",0,22095,"St. John the Baptist Parish, Louisiana",LA,30.0731640,-90.5158360,,"500, Rue de Santé, LaPlace, St. John the Baptist Parish, Louisiana, 70068, United States",place,house,500,Rue de Santé,LaPlace,St. John the Baptist Parish,Louisiana,70068,True,True,True,True,False,False,True,0.88,confidence_below_0_90,"{""address"": {""ISO3166-2-lvl4"": ""US-LA"", ""country"": ""United States"", ""country_code"": ""us"", ""county"": ""St. John the Baptist Parish"", ""house_number"": ""500"", ""postcode"": ""70068"", ""road"": ""Rue de Sant\u00e9"", ""state"": ""Louisiana"", ""town"": ""LaPlace""}, ""addresstype"": ""place"", ""boundingbox"": [""30.0731140"", ""30.0732140"", ""-90.5158860"", ""-90.5157860""], ""category"": ""place"", ""display_name"": ""500, Rue de Sant\u00e9, LaPlace, St. John the Baptist Parish, Louisiana, 70068, United States"", ""extratags"": null, ""importance"": 9.99999999995449e-06, ""lat"": ""30.0731640"", ""licence"": ""Data \u00a9 OpenStreetMap contributors, ODbL 1.0. http://osm.org/copyright"", ""lon"": ""-90.5158360"", ""name"": """", ""osm_id"": 13458166, ""osm_type"": ""way"", ""place_id"": 395036769, ""place_rank"": 30, ""type"": ""house""}"
be091818554abd3eb79f,194114__2023,194114,2023,RIVER PLACE BEHAVIORAL HEALTH,LA,500 RUE DE SANTE,LAPLACE,70068,external_geocoder_required_no_local_candidate,address_only,"500 RUE DE SANTE, LAPLACE, LA, 70068",1,22095,"St. John the Baptist Parish, Louisiana",LA,30.0737780,-90.5163845,,"500, Rue de Santé, LaPlace, St. John the Baptist Parish, Louisiana, 70068, United States",place,house,500,Rue de Santé,LaPlace,St. John the Baptist Parish,Louisiana,70068,True,True,True,True,False,False,True,0.88,confidence_below_0_90,"{""address"": {""ISO3166-2-lvl4"": ""US-LA"", ""country"": ""United States"", ""country_code"": ""us"", ""county"": ""St. John the Baptist Parish"", ""house_number"": ""500"", ""postcode"": ""70068"", ""road"": ""Rue de Sant\u00e9"", ""state"": ""Louisiana"", ""town"": ""LaPlace""}, ""addresstype"": ""place"", ""boundingbox"": [""30.0737280"", ""30.0738280"", ""-90.5164345"", ""-90.5163345""], ""category"": ""place"", ""display_name"": ""500, Rue de Sant\u00e9, LaPlace, St. John the Baptist Parish, Louisiana, 70068, United States"", ""extratags"": null, ""importance"": 9.99999999995449e-06, ""lat"": ""30.0737780"", ""licence"": ""Data \u00a9 OpenStreetMap contributors, ODbL 1.0. http://osm.org/copyright"", ""lon"": ""-90.5163845"", ""name"": """", ""osm_id"": 13458166, ""osm_type"": ""way"", ""place_id"": 395037235, ""place_rank"": 30, ""type"": ""house""}"
809bb87e5668d3c7e6c8,194114__2023,194114,2023,RIVER PLACE BEHAVIORAL HEALTH,LA,500 RUE DE SANTE,LAPLACE,70068,external_geocoder_required_no_local_candidate,address_no_zip,"500 RUE DE SANTE, LAPLACE, LA",0,22095,"St. John the Baptist Parish, Louisiana",LA,30.0733904,-90.5160983,Rue de Santé,"Rue de Santé, LaPlace, St. John the Baptist Parish, Louisiana, 70068, United States",highway,residential,,Rue de Santé,LaPlace,St. John the Baptist Parish,Louisiana,70068,False,True,True,True,False,False,True,0.7,house_number_not_supported; confidence_below_0_90,"{""address"": {""ISO3166-2-lvl4"": ""US-LA"", ""country"": ""United States"", ""country_code"": ""us"", ""county"": ""St. John the Baptist Parish"", ""postcode"": ""70068"", ""road"": ""Rue de Sant\u00e9"", ""state"": ""Louisiana"", ""town"": ""LaPlace""}, ""addresstype"": ""road"", ""boundingbox"": [""30.0710791"", ""30.0765053"", ""-90.5176561"", ""-90.5139380""], ""category"": ""highway"", ""display_name"": ""Rue de Sant\u00e9, LaPlace, St. John the Baptist Parish, Louisiana, 70068, United States"", ""extratags"": {""surface"": ""asphalt""}, ""importance"": 0.053386162355992944, ""lat"": ""30.0733904"", ""licence"": ""Data \u00a9 OpenStreetMap contributors, ODbL 1.0. http://osm.org/copyright"", ""lon"": ""-90.5160983"", ""name"": ""Rue de Sant\u00e9"", ""osm_id"": 13458166, ""osm_type"": ""way"", ""place_id"": 303112901, ""place_rank"": 26, ""type"": ""residential""}"
b788339dfd8323e3db08,380071__2023,380071,2023,WILLAMETTE VALLEY MEDICAL CENTER,OR,2700 SE STRATUS AVENUE,MCMINNVILLE,97128,external_geocoder_required_no_local_candidate,address_only,"2700 SE STRATUS AVENUE, MCMINNVILLE, OR, 97128",0,41071,"Yamhill County, Oregon",OR,45.1989024,-123.1651204,Willamette Valley Medical Center,"Willamette Valley Medical Center, 2700, Southeast Stratus Avenue, McMinnville, Yamhill County, Oregon, 97128, United States",amenity,hospital,2700,Southeast Stratus Avenue,McMinnville,Yamhill County,Oregon,97128,True,True,True,True,True,True,True,1.0,,"{""address"": {""ISO3166-2-lvl4"": ""US-OR"", ""amenity"": ""Willamette Valley Medical Center"", ""country"": ""United States"", ""country_code"": ""us"", ""county"": ""Yamhill County"", ""house_number"": ""2700"", ""postcode"": ""97128"", ""road"": ""Southeast Stratus Avenue"", ""state"": ""Oregon"", ""town"": ""McMinnville""}, ""addresstype"": ""amenity"", ""boundingbox"": [""45.1972922"", ""45.2007923"", ""-123.1669583"", ""-123.1630946""], ""category"": ""amenity"", ""display_name"": ""Willamette Valley Medical Center, 2700, Southeast Stratus Avenue, McMinnville, Yamhill County, Oregon, 97128, United States"", ""extratags"": {""check_date"": ""2025-06-15"", ""emergency"": ""yes"", ""healthcare"": ""hospital"", ""opening_hours"": ""24/7"", ""phone"": ""+1-503-472-6131"", ""website"": ""https://willamettevalleymedical.com/"", ""wikidata"": ""Q8003322""}, ""importance"": 0.2763378134411431, ""lat"": ""45.1989024"", ""licence"": ""Data \u00a9 OpenStreetMap contributors, ODbL 1.0. http://osm.org/copyright"", ""lon"": ""-123.1651204"", ""name"": ""Willamette Valley Medical Center"", ""osm_id"": 459235509, ""osm_type"": ""way"", ""place_id"": 326992268, ""place_rank"": 30, ""type"": ""hospital""}"
b788339dfd8323e3db08,380071__2023,380071,2023,WILLAMETTE VALLEY MEDICAL CENTER,OR,2700 SE STRATUS AVENUE,MCMINNVILLE,97128,external_geocoder_required_no_local_candidate,address_only,"2700 SE STRATUS AVENUE, MCMINNVILLE, OR, 97128",1,41071,"Yamhill County, Oregon",OR,45.1994126,-123.1649371,,"2700, Southeast Stratus Avenue, McMinnville, Yamhill County, Oregon, 97128, United States",amenity,post_box,2700,Southeast Stratus Avenue,McMinnville,Yamhill County,Oregon,97128,True,True,True,True,False,False,True,0.88,confidence_below_0_90,"{""address"": {""ISO3166-2-lvl4"": ""US-OR"", ""country"": ""United States"", ""country_code"": ""us"", ""county"": ""Yamhill County"", ""house_number"": ""2700"", ""postcode"": ""97128"", ""road"": ""Southeast Stratus Avenue"", ""state"": ""Oregon"", ""town"": ""McMinnville""}, ""addresstype"": ""amenity"", ""boundingbox"": [""45.1993626"", ""45.1994626"", ""-123.1649871"", ""-123.1648871""], ""category"": ""amenity"", ""display_name"": ""2700, Southeast Stratus Avenue, McMinnville, Yamhill County, Oregon, 97128, United States"", ""extratags"": {""operator"": ""United States Postal Service"", ""operator:short"": ""USPS"", ""operator:type"": ""public"", ""operator:wikidata"": ""Q668687""}, ""importance"": 5.687418936441623e-05, ""lat"": ""45.1994126"", ""licence"": ""Data \u00a9 OpenStreetMap contributors, ODbL 1.0. http://osm.org/copyright"", ""lon"": ""-123.1649371"", ""name"": """", ""osm_id"": 12443442085, ""osm_type"": ""node"", ""place_id"": 326858652, ""place_rank"": 30, ""type"": ""post_box""}"
32599db4bd93c2ea607c,230095__2024,230095,2024,MYMICHIGAN MEDICAL CTR WEST BRAN,MI,2463 S M-30,WEST BRANCH,48661,external_geocoder_required_no_local_candidate,address_only,"2463 S M-30, WEST BRANCH, MI, 48661",0,26129,"Ogemaw County, Michigan",MI,44.2636883,-84.2433198,MyMichigan Medical Center West Branch,"MyMichigan Medical Center West Branch, 2463, South M-30, West Branch, Ogemaw County, Michigan, 48661, United States",amenity,hospital,2463,South M-30,West Branch,Ogemaw County,Michigan,48661,True,True,True,True,True,True,True,1.0,,"{""address"": {""ISO3166-2-lvl4"": ""US-MI"", ""amenity"": ""MyMichigan Medical Center West Branch"", ""country"": ""United States"", ""country_code"": ""us"", ""county"": ""Ogemaw County"", ""house_number"": ""2463"", ""postcode"": ""48661"", ""road"": ""South M-30"", ""state"": ""Michigan"", ""town"": ""West Branch""}, ""addresstype"": ""amenity"", ""boundingbox"": [""44.2618780"", ""44.2655285"", ""-84.2461543"", ""-84.2404543""], ""category"": ""amenity"", ""display_name"": ""MyMichigan Medical Center West Branch, 2463, South M-30, West Branch, Ogemaw County, Michigan, 48661, United States"", ""extratags"": {""emergency"": ""yes"", ""facebook"": ""https://www.facebook.com/mymichhealth"", ""healthcare"": ""hospital"", ""operator"": ""MyMichigan Health"", ""phone"": ""+1-989-345-3660"", ""website"": ""https://www.mymichigan.org/locations/profile/medicalcenter-westbranch/"", ""wheelchair"": ""yes""}, ""importance"": 5.411535820549351e-05, ""lat"": ""44.2636883"", ""licence"": ""Data \u00a9 OpenStreetMap contributors, ODbL 1.0. http://osm.org/copyright"", ""lon"": ""-84.2433198"", ""name"": ""MyMichigan Medical Center West Branch"", ""osm_id"": 326265337, ""osm_type"": ""way"", ""place_id"": 368018629, ""place_rank"": 30, ""type"": ""hospital""}"
32599db4bd93c2ea607c,230095__2024,230095,2024,MYMICHIGAN MEDICAL CTR WEST BRAN,MI,2463 S M-30,WEST BRANCH,48661,external_geocoder_required_no_local_candidate,address_only,"2463 S M-30, WEST BRANCH, MI, 48661",1,26129,"Ogemaw County, Michigan",MI,44.2640303,-84.2441098,,"2463, South M-30, West Branch, Ogemaw County, Michigan, 48661, United States",building,hospital,2463,South M-30,West Branch,Ogemaw County,Michigan,48661,True,True,True,True,False,False,True,0.88,confidence_below_0_90,"{""address"": {""ISO3166-2-lvl4"": ""US-MI"", ""country"": ""United States"", ""country_code"": ""us"", ""county"": ""Ogemaw County"", ""house_number"": ""2463"", ""postcode"": ""48661"", ""road"": ""South M-30"", ""state"": ""Michigan"", ""town"": ""West Branch""}, ""addresstype"": ""building"", ""boundingbox"": [""44.2636143"", ""44.2644452"", ""-84.2455668"", ""-84.2433849""], ""category"": ""building"", ""display_name"": ""2463, South M-30, West Branch, Ogemaw County, Michigan, 48661, United States"", ""extratags"": null, ""importance"": 5.411535820549351e-05, ""lat"": ""44.2640303"", ""licence"": ""Data \u00a9 OpenStreetMap contributors, ODbL 1.0. http://osm.org/copyright"", ""lon"": ""-84.2441098"", ""name"": """", ""osm_id"": 783143128, ""osm_type"": ""way"", ""place_id"": 370657980, ""place_rank"": 30, ""type"": ""hospital""}"
32599db4bd93c2ea607c,230095__2024,230095,2024,MYMICHIGAN MEDICAL CTR WEST BRAN,MI,2463 S M-30,WEST BRANCH,48661,external_geocoder_required_no_local_candidate,address_only,"2463 S M-30, WEST BRANCH, MI, 48661",2,26129,"Ogemaw County, Michigan",MI,44.2628774,-84.2439152,Tolfree Wellness Park,"Tolfree Wellness Park, 2463, South M-30, West Branch, Ogemaw County, Michigan, 48661, United States",information,board,2463,South M-30,West Branch,Ogemaw County,Michigan,48661,True,True,True,True,False,False,True,0.88,confidence_below_0_90,"{""address"": {""ISO3166-2-lvl4"": ""US-MI"", ""country"": ""United States"", ""country_code"": ""us"", ""county"": ""Ogemaw County"", ""house_number"": ""2463"", ""information"": ""Tolfree Wellness Park"", ""postcode"": ""48661"", ""road"": ""South M-30"", ""state"": ""Michigan"", ""town"": ""West Branch""}, ""addresstype"": ""information"", ""boundingbox"": [""44.2628274"", ""44.2629274"", ""-84.2439652"", ""-84.2438652""], ""category"": ""information"", ""display_name"": ""Tolfree Wellness Park, 2463, South M-30, West Branch, Ogemaw County, Michigan, 48661, United States"", ""extratags"": {""board_type"": ""welcome_sign"", ""direction"": ""270"", ""tourism"": ""information""}, ""importance"": 5.411535820549351e-05, ""lat"": ""44.2628774"", ""licence"": ""Data \u00a9 OpenStreetMap contributors, ODbL 1.0. http://osm.org/copyright"", ""lon"": ""-84.2439152"", ""name"": ""Tolfree Wellness Park"", ""osm_id"": 11404221517, ""osm_type"": ""node"", ""place_id"": 365884406, ""place_rank"": 30, ""type"": ""board""}"
076ddc217c2561adc60d,490143__2023,490143,2023,RIVERSIDE DOCTORS HOSPITAL WILLIAMSB,VA,1500 COMMONWEALTH AVENUE,WILLIAMSBURG,23185,external_geocoder_required_no_local_candidate,address_only,"1500 COMMONWEALTH AVENUE, WILLIAMSBURG, VA, 23185",0,51830,"Williamsburg city, Virginia",VA,37.2508734,-76.6681807,Riverside Doctors Hospital Williamsburg,"Riverside Doctors Hospital Williamsburg, 1500, Commonwealth Avenue, Quarterpath, Williamsburg, Virginia, 23185, United States",amenity,hospital,1500,Commonwealth Avenue,Williamsburg,,Virginia,23185,True,True,True,True,True,True,True,1.0,,"{""address"": {""ISO3166-2-lvl4"": ""US-VA"", ""amenity"": ""Riverside Doctors Hospital Williamsburg"", ""city"": ""Williamsburg"", ""country"": ""United States"", ""country_code"": ""us"", ""house_number"": ""1500"", ""postcode"": ""23185"", ""quarter"": ""Quarterpath"", ""road"": ""Commonwealth Avenue"", ""state"": ""Virginia""}, ""addresstype"": ""amenity"", ""boundingbox"": [""37.2496120"", ""37.2521932"", ""-76.6699385"", ""-76.6666753""], ""category"": ""amenity"", ""display_name"": ""Riverside Doctors Hospital Williamsburg, 1500, Commonwealth Avenue, Quarterpath, Williamsburg, Virginia, 23185, United States"", ""extratags"": {""emergency"": ""yes"", ""healthcare"": ""hospital"", ""opening_hours"": ""24/7"", ""operator"": ""Riverside"", ""operator:type"": ""private"", ""phone"": ""+1 757 585 2200"", ""website"": ""https://www.riversideonline.com/rdhw/""}, ""importance"": 6.355306324860025e-05, ""lat"": ""37.2508734"", ""licence"": ""Data \u00a9 OpenStreetMap contributors, ODbL 1.0. http://osm.org/copyright"", ""lon"": ""-76.6681807"", ""name"": ""Riverside Doctors Hospital Williamsburg"", ""osm_id"": 511418065, ""osm_type"": ""way"", ""place_id"": 345646832, ""place_rank"": 30, ""type"": ""hospital""}"
076ddc217c2561adc60d,490143__2023,490143,2023,RIVERSIDE DOCTORS HOSPITAL WILLIAMSB,VA,1500 COMMONWEALTH AVENUE,WILLIAMSBURG,23185,external_geocoder_required_no_local_candidate,address_only,"1500 COMMONWEALTH AVENUE, WILLIAMSBURG, VA, 23185",1,51830,"Williamsburg city, Virginia",VA,37.2510137,-76.6685079,Riverside Doctors' Hospital,"Riverside Doctors' Hospital, 1500, Commonwealth Avenue, Quarterpath, Williamsburg, Virginia, 23185, United States",building,hospital,1500,Commonwealth Avenue,Williamsburg,,Virginia,23185,True,True,True,True,False,True,True,0.92,,"{""address"": {""ISO3166-2-lvl4"": ""US-VA"", ""building"": ""Riverside Doctors' Hospital"", ""city"": ""Williamsburg"", ""country"": ""United States"", ""country_code"": ""us"", ""house_number"": ""1500"", ""postcode"": ""23185"", ""quarter"": ""Quarterpath"", ""road"": ""Commonwealth Avenue"", ""state"": ""Virginia""}, ""addresstype"": ""building"", ""boundingbox"": [""37.2505792"", ""37.2513875"", ""-76.6692030"", ""-76.6679251""], ""category"": ""building"", ""display_name"": ""Riverside Doctors' Hospital, 1500, Commonwealth Avenue, Quarterpath, Williamsburg, Virginia, 23185, United States"", ""extratags"": {""start_date"": ""2012""}, ""importance"": 6.355306324860025e-05, ""lat"": ""37.2510137"", ""licence"": ""Data \u00a9 OpenStreetMap contributors, ODbL 1.0. http://osm.org/copyright"", ""lon"": ""-76.6685079"", ""name"": ""Riverside Doctors' Hospital"", ""osm_id"": 296920939, ""osm_type"": ""way"", ""place_id"": 345647926, ""place_rank"": 30, ""type"": ""hospital""}"
cab9753bb97846415da6,300014__2024,300014,2024,FRISBIE MEMORIAL HOSPITAL,NH,11 WHITEHALL ROAD,ROCHESTER,03867,external_geocoder_required_no_local_candidate,address_only,"11 WHITEHALL ROAD, ROCHESTER, NH, 03867",0,33017,"Strafford County, New Hampshire",NH,43.2968324,-70.9599128,Frisbie Memorial Hospital,"Frisbie Memorial Hospital, 11, Whitehall Road, Rochester, Strafford County, New Hampshire, 03867, United States",amenity,hospital,11,Whitehall Road,Rochester,Strafford County,New Hampshire,03867,True,True,True,True,True,True,True,1.0,,"{""address"": {""ISO3166-2-lvl4"": ""US-NH"", ""amenity"": ""Frisbie Memorial Hospital"", ""city"": ""Rochester"", ""country"": ""United States"", ""country_code"": ""us"", ""county"": ""Strafford County"", ""house_number"": ""11"", ""postcode"": ""03867"", ""road"": ""Whitehall Road"", ""state"": ""New Hampshire""}, ""addresstype"": ""amenity"", ""boundingbox"": [""43.2960035"", ""43.2982393"", ""-70.9624998"", ""-70.9576921""], ""category"": ""amenity"", ""display_name"": ""Frisbie Memorial Hospital, 11, Whitehall Road, Rochester, Strafford County, New Hampshire, 03867, United States"", ""extratags"": {""emergency"": ""yes"", ""healthcare"": ""hospital"", ""operator"": ""HCA"", ""operator:type"": ""private"", ""operator:wikidata"": ""Q1630431"", ""phone"": ""+1-603-332-5211"", ""website"": ""https://www.frisbiehospital.com/""}, ""importance"": 5.583810177763054e-05, ""lat"": ""43.2968324"", ""licence"": ""Data \u00a9 OpenStreetMap contributors, ODbL 1.0. http://osm.org/copyright"", ""lon"": ""-70.9599128"", ""name"": ""Frisbie Memorial Hospital"", ""osm_id"": 443635862, ""osm_type"": ""way"", ""place_id"": 362065036, ""place_rank"": 30, ""type"": ""hospital""}"
cab9753bb97846415da6,300014__2024,300014,2024,FRISBIE MEMORIAL HOSPITAL,NH,11 WHITEHALL ROAD,ROCHESTER,03867,external_geocoder_required_no_local_candidate,address_only,"11 WHITEHALL ROAD, ROCHESTER, NH, 03867",1,33017,"Strafford County, New Hampshire",NH,43.2980398,-70.9593952,,"11, Whitehall Road, Rochester, Strafford County, New Hampshire, 03867, United States",amenity,parking,11,Whitehall Road,Rochester,Strafford County,New Hampshire,03867,True,True,True,True,False,False,True,0.88,confidence_below_0_90,"{""address"": {""ISO3166-2-lvl4"": ""US-NH"", ""city"": ""Rochester"", ""country"": ""United States"", ""country_code"": ""us"", ""county"": ""Strafford County"", ""house_number"": ""11"", ""postcode"": ""03867"", ""road"": ""Whitehall Road"", ""state"": ""New Hampshire""}, ""addresstype"": ""amenity"", ""boundingbox"": [""43.2961189"", ""43.2981884"", ""-70.9623751"", ""-70.9578339""], ""category"": ""amenity"", ""display_name"": ""11, Whitehall Road, Rochester, Strafford County, New Hampshire, 03867, United States"", ""extratags"": {""access"": ""customers"", ""parking"": ""surface"", ""surface"": ""asphalt""}, ""importance"": 5.583810177763054e-05, ""lat"": ""43.2980398"", ""licence"": ""Data \u00a9 OpenStreetMap contributors, ODbL 1.0. http://osm.org/copyright"", ""lon"": ""-70.9593952"", ""name"": """", ""osm_id"": 7883274, ""osm_type"": ""relation"", ""place_id"": 362099736, ""place_rank"": 30, ""type"": ""parking""}"
c10bf6db208c3f8fcdb2,241355__2023,241355,2023,GLENCOE REGIONAL HEALTH SERVICES,MN,705 EAST 18TH STREEET,GLENCOE,55336,external_geocoder_required_no_local_candidate,provider_city_zip,"GLENCOE REGIONAL HEALTH SERVICES, GLENCOE, MN, 55336",0,27085,"McLeod County, Minnesota",MN,44.7789926,-94.1542850,Glencoe Regional Health Services,"Glencoe Regional Health Services, Ford Avenue North, Glencoe, McLeod County, Minnesota, 55336, United States",amenity,hospital,,Ford Avenue North,Glencoe,McLeod County,Minnesota,55336,False,True,True,True,True,True,False,0.78,house_number_not_supported; confidence_below_0_90,"{""address"": {""ISO3166-2-lvl4"": ""US-MN"", ""amenity"": ""Glencoe Regional Health Services"", ""country"": ""United States"", ""country_code"": ""us"", ""county"": ""McLeod County"", ""postcode"": ""55336"", ""road"": ""Ford Avenue North"", ""state"": ""Minnesota"", ""town"": ""Glencoe""}, ""addresstype"": ""amenity"", ""boundingbox"": [""44.7775246"", ""44.7808425"", ""-94.1567829"", ""-94.1517967""], ""category"": ""amenity"", ""display_name"": ""Glencoe Regional Health Services, Ford Avenue North, Glencoe, McLeod County, Minnesota, 55336, United States"", ""extratags"": {""beds"": ""49"", ""emergency"": ""yes"", ""healthcare"": ""hospital"", ""opening_hours"": ""24/7"", ""phone"": ""+1 320 864 3121"", ""website"": ""https://grhsonline.org/"", ""wheelchair"": ""yes""}, ""importance"": 5.399938963907862e-05, ""lat"": ""44.7789926"", ""licence"": ""Data \u00a9 OpenStreetMap contributors, ODbL 1.0. http://osm.org/copyright"", ""lon"": ""-94.1542850"", ""name"": ""Glencoe Regional Health Services"", ""osm_id"": 590528023, ""osm_type"": ""way"", ""place_id"": 373290245, ""place_rank"": 30, ""type"": ""hospital""}"
c10bf6db208c3f8fcdb2,241355__2023,241355,2023,GLENCOE REGIONAL HEALTH SERVICES,MN,705 EAST 18TH STREEET,GLENCOE,55336,external_geocoder_required_no_local_candidate,provider_city_zip,"GLENCOE REGIONAL HEALTH SERVICES, GLENCOE, MN, 55336",1,27085,"McLeod County, Minnesota",MN,44.7781557,-94.1535120,Glencoe Regional Health Services,"Glencoe Regional Health Services, 1805, Hennepin Avenue North, Perez Mobile Home Park, Glencoe, McLeod County, Minnesota, 55336, United States",building,hospital,1805,Hennepin Avenue North,Glencoe,McLeod County,Minnesota,55336,False,True,True,True,False,True,False,0.7,house_number_not_supported; confidence_below_0_90,"{""address"": {""ISO3166-2-lvl4"": ""US-MN"", ""building"": ""Glencoe Regional Health Services"", ""country"": ""United States"", ""country_code"": ""us"", ""county"": ""McLeod County"", ""hamlet"": ""Perez Mobile Home Park"", ""house_number"": ""1805"", ""postcode"": ""55336"", ""road"": ""Hennepin Avenue North"", ""state"": ""Minnesota"", ""town"": ""Glencoe""}, ""addresstype"": ""building"", ""boundingbox"": [""44.7775789"", ""44.7787137"", ""-94.1537172"", ""-94.1518483""], ""category"": ""building"", ""display_name"": ""Glencoe Regional Health Services, 1805, Hennepin Avenue North, Perez Mobile Home Park, Glencoe, McLeod County, Minnesota, 55336, United States"", ""extratags"": null, ""importance"": 5.399938963907862e-05, ""lat"": ""44.7781557"", ""licence"": ""Data \u00a9 OpenStreetMap contributors, ODbL 1.0. http://osm.org/copyright"", ""lon"": ""-94.1535120"", ""name"": ""Glencoe Regional Health Services"", ""osm_id"": 14946588, ""osm_type"": ""relation"", ""place_id"": 372988443, ""place_rank"": 30, ""type"": ""hospital""}"
7ff32a5794ebfc96fad8,370113__2024,370113,2024,INTEGRIS GROVE HOSPITAL,OK,1001 EAST 18TH STREET,GROVE,74344,external_geocoder_required_no_local_candidate,address_only,"1001 EAST 18TH STREET, GROVE, OK, 74344",0,40041,"Delaware County, Oklahoma",OK,36.5810931,-94.7586921,INTEGRIS Grove Hospital,"INTEGRIS Grove Hospital, 1001, East 18th Street, Grove, Delaware County, Oklahoma, 74344, United States",amenity,hospital,1001,East 18th Street,Grove,Delaware County,Oklahoma,74344,True,True,True,True,True,True,True,1.0,,"{""address"": {""ISO3166-2-lvl4"": ""US-OK"", ""amenity"": ""INTEGRIS Grove Hospital"", ""country"": ""United States"", ""country_code"": ""us"", ""county"": ""Delaware County"", ""house_number"": ""1001"", ""postcode"": ""74344"", ""road"": ""East 18th Street"", ""state"": ""Oklahoma"", ""town"": ""Grove""}, ""addresstype"": ""amenity"", ""boundingbox"": [""36.5798181"", ""36.5830265"", ""-94.7600607"", ""-94.7571830""], ""category"": ""amenity"", ""display_name"": ""INTEGRIS Grove Hospital, 1001, East 18th Street, Grove, Delaware County, Oklahoma, 74344, United States"", ""extratags"": {""beds"": ""58"", ""emergency"": ""yes"", ""healthcare"": ""hospital"", ""opening_hours"": ""24/7"", ""operator"": ""INTEGRIS Health"", ""phone"": ""+1 918 786 2243"", ""website"": ""https://integrisok.com/locations/hospital/integris-grove-hospital""}, ""importance"": 2.6000610360830357e-05, ""lat"": ""36.5810931"", ""licence"": ""Data \u00a9 OpenStreetMap contributors, ODbL 1.0. http://osm.org/copyright"", ""lon"": ""-94.7586921"", ""name"": ""INTEGRIS Grove Hospital"", ""osm_id"": 552479428, ""osm_type"": ""way"", ""place_id"": 335511452, ""place_rank"": 30, ""type"": ""hospital""}"
f4d285ab38c83dc8ec96,010158__2023,010158,2023,RUSSELLVILLE HOSPITAL,AL,15155 HIGHWAY 43,RUSSELLVILLE,35653,external_geocoder_required_no_local_candidate,address_only,"15155 HIGHWAY 43, RUSSELLVILLE, AL, 35653",0,01059,"Franklin County, Alabama",AL,34.4922866,-87.7284474,Andrew Jackson Highway,"Andrew Jackson Highway, Reedtown, Russellville, Franklin County, Alabama, 35653, United States",highway,trunk,,Andrew Jackson Highway,Russellville,Franklin County,Alabama,35653,False,True,True,True,False,False,False,0.66,house_number_not_supported; result_type_name_or_road_not_supported; confidence_below_0_90,"{""address"": {""ISO3166-2-lvl4"": ""US-AL"", ""country"": ""United States"", ""country_code"": ""us"", ""county"": ""Franklin County"", ""hamlet"": ""Reedtown"", ""postcode"": ""35653"", ""road"": ""Andrew Jackson Highway"", ""state"": ""Alabama"", ""town"": ""Russellville""}, ""addresstype"": ""road"", ""boundingbox"": [""34.4875310"", ""34.4964012"", ""-87.7333670"", ""-87.7229632""], ""category"": ""highway"", ""display_name"": ""Andrew Jackson Highway, Reedtown, Russellville, Franklin County, Alabama, 35653, United States"", ""extratags"": {""NHS"": ""yes"", ""expressway"": ""yes"", ""hgv"": ""designated"", ""hgv:national_network"": ""yes"", ""lanes"": ""2"", ""oneway"": ""yes"", ""surface"": ""asphalt""}, ""importance"": 0.05337537270160979, ""lat"": ""34.4922866"", ""licence"": ""Data \u00a9 OpenStreetMap contributors, ODbL 1.0. http://osm.org/copyright"", ""lon"": ""-87.7284474"", ""name"": ""Andrew Jackson Highway"", ""osm_id"": 7670531, ""osm_type"": ""way"", ""place_id"": 338979594, ""place_rank"": 26, ""type"": ""trunk""}"
f4d285ab38c83dc8ec96,010158__2023,010158,2023,RUSSELLVILLE HOSPITAL,AL,15155 HIGHWAY 43,RUSSELLVILLE,35653,external_geocoder_required_no_local_candidate,address_only,"15155 HIGHWAY 43, RUSSELLVILLE, AL, 35653",1,01059,"Franklin County, Alabama",AL,34.4848433,-87.7358416,Andrew Jackson Highway,"Andrew Jackson Highway, Russellville, Franklin County, Alabama, 35653, United States",highway,trunk,,Andrew Jackson Highway,Russellville,Franklin County,Alabama,35653,False,True,True,True,False,False,False,0.66,house_number_not_supported; result_type_name_or_road_not_supported; confidence_below_0_90,"{""address"": {""ISO3166-2-lvl4"": ""US-AL"", ""country"": ""United States"", ""country_code"": ""us"", ""county"": ""Franklin County"", ""postcode"": ""35653"", ""road"": ""Andrew Jackson Highway"", ""state"": ""Alabama"", ""town"": ""Russellville""}, ""addresstype"": ""road"", ""boundingbox"": [""34.4837710"", ""34.4859498"", ""-87.7368680"", ""-87.7348522""], ""category"": ""highway"", ""display_name"": ""Andrew Jackson Highway, Russellville, Franklin County, Alabama, 35653, United States"", ""extratags"": {""NHS"": ""yes"", ""hgv"": ""designated"", ""hgv:national_network"": ""yes"", ""lanes"": ""4"", ""surface"": ""asphalt""}, ""importance"": 0.05337537270160979, ""lat"": ""34.4848433"", ""licence"": ""Data \u00a9 OpenStreetMap contributors, ODbL 1.0. http://osm.org/copyright"", ""lon"": ""-87.7358416"", ""name"": ""Andrew Jackson Highway"", ""osm_id"": 52128484, ""osm_type"": ""way"", ""place_id"": 338693877, ""place_rank"": 26, ""type"": ""trunk""}"
66f17573ac9f3ac32a30,010158__2023,010158,2023,RUSSELLVILLE HOSPITAL,AL,15155 HIGHWAY 43,RUSSELLVILLE,35653,external_geocoder_required_no_local_candidate,address_no_zip,"15155 HIGHWAY 43, RUSSELLVILLE, AL",0,01059,"Franklin County, Alabama",AL,34.5495510,-87.6953761,Andrew Jackson Highway,"Andrew Jackson Highway, Hester Heights, Russellville, Franklin County, Alabama, 35654, United States",highway,trunk,,Andrew Jackson Highway,Russellville,Franklin County,Alabama,35654,False,False,True,True,False,False,False,0.48,house_number_not_supported; postcode_not_supported; result_type_name_or_road_not_supported; confidence_below_0_90,"{""address"": {""ISO3166-2-lvl4"": ""US-AL"", ""country"": ""United States"", ""country_code"": ""us"", ""county"": ""Franklin County"", ""hamlet"": ""Hester Heights"", ""postcode"": ""35654"", ""road"": ""Andrew Jackson Highway"", ""state"": ""Alabama"", ""town"": ""Russellville""}, ""addresstype"": ""road"", ""boundingbox"": [""34.5346801"", ""34.5703371"", ""-87.7137813"", ""-87.6840349""], ""category"": ""highway"", ""display_name"": ""Andrew Jackson Highway, Hester Heights, Russellville, Franklin County, Alabama, 35654, United States"", ""extratags"": {""NHS"": ""yes"", ""cycleway"": ""shoulder"", ""expressway"": ""yes"", ""hgv"": ""designated"", ""hgv:national_network"": ""yes"", ""lanes"": ""2"", ""maxspeed"": ""55 mph"", ""oneway"": ""yes"", ""surface"": ""asphalt""}, ""importance"": 0.05337537270160979, ""lat"": ""34.5495510"", ""licence"": ""Data \u00a9 OpenStreetMap contributors, ODbL 1.0. http://osm.org/copyright"", ""lon"": ""-87.6953761"", ""name"": ""Andrew Jackson Highway"", ""osm_id"": 7670967, ""osm_type"": ""way"", ""place_id"": 343256742, ""place_rank"": 26, ""type"": ""trunk""}"
66f17573ac9f3ac32a30,010158__2023,010158,2023,RUSSELLVILLE HOSPITAL,AL,15155 HIGHWAY 43,RUSSELLVILLE,35653,external_geocoder_required_no_local_candidate,address_no_zip,"15155 HIGHWAY 43, RUSSELLVILLE, AL",1,01059,"Franklin County, Alabama",AL,34.4999908,-87.7183258,Andrew Jackson Highway,"Andrew Jackson Highway, Russellville, Franklin County, Alabama, 35654, United States",highway,trunk,,Andrew Jackson Highway,Russellville,Franklin County,Alabama,35654,False,False,True,True,False,False,False,0.48,house_number_not_supported; postcode_not_supported; result_type_name_or_road_not_supported; confidence_below_0_90,"{""address"": {""ISO3166-2-lvl4"": ""US-AL"", ""country"": ""United States"", ""country_code"": ""us"", ""county"": ""Franklin County"", ""postcode"": ""35654"", ""road"": ""Andrew Jackson Highway"", ""state"": ""Alabama"", ""town"": ""Russellville""}, ""addresstype"": ""road"", ""boundingbox"": [""34.4964012"", ""34.5054505"", ""-87.7229632"", ""-87.7167500""], ""category"": ""highway"", ""display_name"": ""Andrew Jackson Highway, Russellville, Franklin County, Alabama, 35654, United States"", ""extratags"": {""NHS"": ""yes"", ""expressway"": ""yes"", ""hgv"": ""designated"", ""hgv:national_network"": ""yes"", ""lanes"": ""2"", ""oneway"": ""yes"", ""surface"": ""asphalt""}, ""importance"": 0.05337537270160979, ""lat"": ""34.4999908"", ""licence"": ""Data \u00a9 OpenStreetMap contributors, ODbL 1.0. http://osm.org/copyright"", ""lon"": ""-87.7183258"", ""name"": ""Andrew Jackson Highway"", ""osm_id"": 7670949, ""osm_type"": ""way"", ""place_id"": 340896900, ""place_rank"": 26, ""type"": ""trunk""}"
66f17573ac9f3ac32a30,010158__2023,010158,2023,RUSSELLVILLE HOSPITAL,AL,15155 HIGHWAY 43,RUSSELLVILLE,35653,external_geocoder_required_no_local_candidate,address_no_zip,"15155 HIGHWAY 43, RUSSELLVILLE, AL",2,01059,"Franklin County, Alabama",AL,34.4922866,-87.7284474,Andrew Jackson Highway,"Andrew Jackson Highway, Reedtown, Russellville, Franklin County, Alabama, 35653, United States",highway,trunk,,Andrew Jackson Highway,Russellville,Franklin County,Alabama,35653,False,True,True,True,False,False,False,0.66,house_number_not_supported; result_type_name_or_road_not_supported; confidence_below_0_90,"{""address"": {""ISO3166-2-lvl4"": ""US-AL"", ""country"": ""United States"", ""country_code"": ""us"", ""county"": ""Franklin County"", ""hamlet"": ""Reedtown"", ""postcode"": ""35653"", ""road"": ""Andrew Jackson Highway"", ""state"": ""Alabama"", ""town"": ""Russellville""}, ""addresstype"": ""road"", ""boundingbox"": [""34.4875310"", ""34.4964012"", ""-87.7333670"", ""-87.7229632""], ""category"": ""highway"", ""display_name"": ""Andrew Jackson Highway, Reedtown, Russellville, Franklin County, Alabama, 35653, United States"", ""extratags"": {""NHS"": ""yes"", ""expressway"": ""yes"", ""hgv"": ""designated"", ""hgv:national_network"": ""yes"", ""lanes"": ""2"", ""oneway"": ""yes"", ""surface"": ""asphalt""}, ""importance"": 0.05337537270160979, ""lat"": ""34.4922866"", ""licence"": ""Data \u00a9 OpenStreetMap contributors, ODbL 1.0. http://osm.org/copyright"", ""lon"": ""-87.7284474"", ""name"": ""Andrew Jackson Highway"", ""osm_id"": 7670531, ""osm_type"": ""way"", ""place_id"": 343252230, ""place_rank"": 26, ""type"": ""trunk""}"
20bf6b44ff912d3ca1db,010158__2023,010158,2023,RUSSELLVILLE HOSPITAL,AL,15155 HIGHWAY 43,RUSSELLVILLE,35653,external_geocoder_required_no_local_candidate,provider_city_zip,"RUSSELLVILLE HOSPITAL, RUSSELLVILLE, AL, 35653",0,01059,"Franklin County, Alabama",AL,34.5113638,-87.7186868,Russellville Hospital,"Russellville Hospital, 15155, Gandy Street Northeast, Russellville, Franklin County, Alabama, 35653, United States",amenity,hospital,15155,Gandy Street Northeast,Russellville,Franklin County,Alabama,35653,True,True,True,True,True,True,False,0.96,,"{""address"": {""ISO3166-2-lvl4"": ""US-AL"", ""amenity"": ""Russellville Hospital"", ""country"": ""United States"", ""country_code"": ""us"", ""county"": ""Franklin County"", ""house_number"": ""15155"", ""postcode"": ""35653"", ""road"": ""Gandy Street Northeast"", ""state"": ""Alabama"", ""town"": ""Russellville""}, ""addresstype"": ""amenity"", ""boundingbox"": [""34.5098380"", ""34.5129229"", ""-87.7201611"", ""-87.7176907""], ""category"": ""amenity"", ""display_name"": ""Russellville Hospital, 15155, Gandy Street Northeast, Russellville, Franklin County, Alabama, 35653, United States"", ""extratags"": {""beds"": ""100"", ""emergency"": ""yes"", ""healthcare"": ""hospital"", ""opening_hours"": ""24/7"", ""phone"": ""+1 256 332 1611"", ""website"": ""https://www.russellvillehospital.com/""}, ""importance"": 4.203936827644797e-05, ""lat"": ""34.5113638"", ""licence"": ""Data \u00a9 OpenStreetMap contributors, ODbL 1.0. http://osm.org/copyright"", ""lon"": ""-87.7186868"", ""name"": ""Russellville Hospital"", ""osm_id"": 452080911, ""osm_type"": ""way"", ""place_id"": 341956883, ""place_rank"": 30, ""type"": ""hospital""}"
20bf6b44ff912d3ca1db,010158__2023,010158,2023,RUSSELLVILLE HOSPITAL,AL,15155 HIGHWAY 43,RUSSELLVILLE,35653,external_geocoder_required_no_local_candidate,provider_city_zip,"RUSSELLVILLE HOSPITAL, RUSSELLVILLE, AL, 35653",1,01059,"Franklin County, Alabama",AL,34.5108360,-87.7184011,Russellville Hospital,"Russellville Hospital, Andrew Jackson Highway, Russellville, Franklin County, Alabama, 35654, United States",building,hospital,,Andrew Jackson Highway,Russellville,Franklin County,Alabama,35654,False,False,True,True,False,True,False,0.52,house_number_not_supported; postcode_not_supported; confidence_below_0_90,"{""address"": {""ISO3166-2-lvl4"": ""US-AL"", ""building"": ""Russellville Hospital"", ""country"": ""United States"", ""country_code"": ""us"", ""county"": ""Franklin County"", ""postcode"": ""35654"", ""road"": ""Andrew Jackson Highway"", ""state"": ""Alabama"", ""town"": ""Russellville""}, ""addresstype"": ""building"", ""boundingbox"": [""34.5104759"", ""34.5112466"", ""-87.7189316"", ""-87.7179067""], ""category"": ""building"", ""display_name"": ""Russellville Hospital, Andrew Jackson Highway, Russellville, Franklin County, Alabama, 35654, United States"", ""extratags"": {""building:levels"": ""2""}, ""importance"": 4.203936827644797e-05, ""lat"": ""34.5108360"", ""licence"": ""Data \u00a9 OpenStreetMap contributors, ODbL 1.0. http://osm.org/copyright"", ""lon"": ""-87.7184011"", ""name"": ""Russellville Hospital"", ""osm_id"": 288387951, ""osm_type"": ""way"", ""place_id"": 341901009, ""place_rank"": 30, ""type"": ""hospital""}"
5af196856239a1c1358c,230100__2024,230100,2024,ASCENSION ST. JOSEPH HOSPITAL,MI,200 HEMLOCK ST,TAWAS,48764,external_geocoder_required_no_local_candidate,address_only,"200 HEMLOCK ST, TAWAS, MI, 48764",0,26069,"Iosco County, Michigan",MI,44.2752455,-83.5096835,MyMichigan Medical Center Tawas,"MyMichigan Medical Center Tawas, 200, Hemlock Street, Tawas City, Iosco County, Michigan, 48764, United States",amenity,hospital,200,Hemlock Street,Tawas City,Iosco County,Michigan,48764,True,True,True,True,True,False,True,0.96,,"{""address"": {""ISO3166-2-lvl4"": ""US-MI"", ""amenity"": ""MyMichigan Medical Center Tawas"", ""country"": ""United States"", ""country_code"": ""us"", ""county"": ""Iosco County"", ""house_number"": ""200"", ""postcode"": ""48764"", ""road"": ""Hemlock Street"", ""state"": ""Michigan"", ""town"": ""Tawas City""}, ""addresstype"": ""amenity"", ""boundingbox"": [""44.2743994"", ""44.2763565"", ""-83.5125359"", ""-83.5075235""], ""category"": ""amenity"", ""display_name"": ""MyMichigan Medical Center Tawas, 200, Hemlock Street, Tawas City, Iosco County, Michigan, 48764, United States"", ""extratags"": {""emergency"": ""yes"", ""healthcare"": ""hospital"", ""helipad"": ""yes"", ""operator"": ""MyMichigan Health"", ""operator:wikidata"": ""Q6840884"", ""phone"": ""+1-800-362-9404"", ""website"": ""https://www.mymichigan.org/locations/profile/medical-center-tawas/""}, ""importance"": 4.995727473864374e-05, ""lat"": ""44.2752455"", ""licence"": ""Data \u00a9 OpenStreetMap contributors, ODbL 1.0. http://osm.org/copyright"", ""lon"": ""-83.5096835"", ""name"": ""MyMichigan Medical Center Tawas"", ""osm_id"": 326468311, ""osm_type"": ""way"", ""place_id"": 369615816, ""place_rank"": 30, ""type"": ""hospital""}"
5af196856239a1c1358c,230100__2024,230100,2024,ASCENSION ST. JOSEPH HOSPITAL,MI,200 HEMLOCK ST,TAWAS,48764,external_geocoder_required_no_local_candidate,address_only,"200 HEMLOCK ST, TAWAS, MI, 48764",1,26069,"Iosco County, Michigan",MI,44.2758619,-83.5116116,,"200, Hemlock Street, Tawas City, Iosco County, Michigan, 48764, United States",aeroway,helipad,200,Hemlock Street,Tawas City,Iosco County,Michigan,48764,True,True,True,True,False,False,True,0.88,confidence_below_0_90,"{""address"": {""ISO3166-2-lvl4"": ""US-MI"", ""country"": ""United States"", ""country_code"": ""us"", ""county"": ""Iosco County"", ""house_number"": ""200"", ""postcode"": ""48764"", ""road"": ""Hemlock Street"", ""state"": ""Michigan"", ""town"": ""Tawas City""}, ""addresstype"": ""aeroway"", ""boundingbox"": [""44.2758119"", ""44.2759119"", ""-83.5116616"", ""-83.5115616""], ""category"": ""aeroway"", ""display_name"": ""200, Hemlock Street, Tawas City, Iosco County, Michigan, 48764, United States"", ""extratags"": null, ""importance"": 4.995727473864374e-05, ""lat"": ""44.2758619"", ""licence"": ""Data \u00a9 OpenStreetMap contributors, ODbL 1.0. http://osm.org/copyright"", ""lon"": ""-83.5116116"", ""name"": """", ""osm_id"": 4472036689, ""osm_type"": ""node"", ""place_id"": 365461408, ""place_rank"": 30, ""type"": ""helipad""}"
01fe5dc03cb338da9673,390117__2024,390117,2024,UPMC BEDFORD,PA,10455 LINCOLN HIGHWAY,EVERETT,15537,external_geocoder_required_no_local_candidate,address_only,"10455 LINCOLN HIGHWAY, EVERETT, PA, 15537",0,42009,"Bedford County, Pennsylvania",PA,40.0253767,-78.4330404,UPMC Bedford,"UPMC Bedford, 10455, Lincoln Highway, Penn Wood, Everett, Bedford County, Pennsylvania, 15537, United States",amenity,hospital,10455,Lincoln Highway,Everett,Bedford County,Pennsylvania,15537,True,True,True,True,True,True,True,1.0,,"{""address"": {""ISO3166-2-lvl4"": ""US-PA"", ""amenity"": ""UPMC Bedford"", ""country"": ""United States"", ""country_code"": ""us"", ""county"": ""Bedford County"", ""hamlet"": ""Penn Wood"", ""house_number"": ""10455"", ""postcode"": ""15537"", ""road"": ""Lincoln Highway"", ""state"": ""Pennsylvania"", ""town"": ""Everett""}, ""addresstype"": ""amenity"", ""boundingbox"": [""40.0247718"", ""40.0259344"", ""-78.4353501"", ""-78.4298354""], ""category"": ""amenity"", ""display_name"": ""UPMC Bedford, 10455, Lincoln Highway, Penn Wood, Everett, Bedford County, Pennsylvania, 15537, United States"", ""extratags"": {""emergency"": ""yes"", ""healthcare"": ""hospital"", ""healthcare:speciality"": ""emergency;community;general"", ""opening_hours"": ""24/7"", ""operator"": ""University of Pittsburgh Medical Center"", ""operator:short"": ""UPMC"", ""operator:type"": ""private_non_profit"", ""operator:wikidata"": ""Q7896131"", ""phone"": ""+1 814 623 6161"", ""website"": ""https://www.upmc.com/locations/hospitals/bedford/""}, ""importance"": 3.786907759208083e-05, ""lat"": ""40.0253767"", ""licence"": ""Data \u00a9 OpenStreetMap contributors, ODbL 1.0. http://osm.org/copyright"", ""lon"": ""-78.4330404"", ""name"": ""UPMC Bedford"", ""osm_id"": 552822519, ""osm_type"": ""way"", ""place_id"": 350418241, ""place_rank"": 30, ""type"": ""hospital""}"
01fe5dc03cb338da9673,390117__2024,390117,2024,UPMC BEDFORD,PA,10455 LINCOLN HIGHWAY,EVERETT,15537,external_geocoder_required_no_local_candidate,address_only,"10455 LINCOLN HIGHWAY, EVERETT, PA, 15537",1,42009,"Bedford County, Pennsylvania",PA,40.0253519,-78.4329400,UPMC Bedford,"UPMC Bedford, 10455, Lincoln Highway, Penn Wood, Everett, Bedford County, Pennsylvania, 15537, United States",building,hospital,10455,Lincoln Highway,Everett,Bedford County,Pennsylvania,15537,True,True,True,True,False,True,True,0.92,,"{""address"": {""ISO3166-2-lvl4"": ""US-PA"", ""building"": ""UPMC Bedford"", ""country"": ""United States"", ""country_code"": ""us"", ""county"": ""Bedford County"", ""hamlet"": ""Penn Wood"", ""house_number"": ""10455"", ""postcode"": ""15537"", ""road"": ""Lincoln Highway"", ""state"": ""Pennsylvania"", ""town"": ""Everett""}, ""addresstype"": ""building"", ""boundingbox"": [""40.0250429"", ""40.0256760"", ""-78.4335600"", ""-78.4323099""], ""category"": ""building"", ""display_name"": ""UPMC Bedford, 10455, Lincoln Highway, Penn Wood, Everett, Bedford County, Pennsylvania, 15537, United States"", ""extratags"": {""building:levels"": ""4"", ""website"": ""https://www.upmc.com/locations/hospitals/bedford""}, ""importance"": 3.786907759208083e-05, ""lat"": ""40.0253519"", ""licence"": ""Data \u00a9 OpenStreetMap contributors, ODbL 1.0. http://osm.org/copyright"", ""lon"": ""-78.4329400"", ""name"": ""UPMC Bedford"", ""osm_id"": 1034915572, ""osm_type"": ""way"", ""place_id"": 350459766, ""place_rank"": 30, ""type"": ""hospital""}"
da28754761a7f819f913,361330__2023,361330,2023,HOCKING VALLEY,OH,601 STATE ROUTE 664,LOGAN,43138,external_geocoder_required_no_local_candidate,provider_city_zip,"HOCKING VALLEY, LOGAN, OH, 43138",0,39073,"Hocking County, Ohio",OH,39.5481186,-82.4299262,Hocking Valley Community Hospital,"Hocking Valley Community Hospital, 601, SR 664, West Logan, Logan, Falls Township, Hocking County, Ohio, 43138, United States",amenity,hospital,601,SR 664,Logan,Hocking County,Ohio,43138,True,True,True,True,True,True,False,0.96,,"{""address"": {""ISO3166-2-lvl4"": ""US-OH"", ""amenity"": ""Hocking Valley Community Hospital"", ""country"": ""United States"", ""country_code"": ""us"", ""county"": ""Hocking County"", ""hamlet"": ""West Logan"", ""house_number"": ""601"", ""municipality"": ""Falls Township"", ""postcode"": ""43138"", ""road"": ""SR 664"", ""state"": ""Ohio"", ""town"": ""Logan""}, ""addresstype"": ""amenity"", ""boundingbox"": [""39.5462665"", ""39.5502809"", ""-82.4317663"", ""-82.4283572""], ""category"": ""amenity"", ""display_name"": ""Hocking Valley Community Hospital, 601, SR 664, West Logan, Logan, Falls Township, Hocking County, Ohio, 43138, United States"", ""extratags"": {""emergency"": ""yes"", ""healthcare"": ""hospital"", ""opening_hours"": ""24/7"", ""phone"": ""+1 740 380 8000"", ""website"": ""https://www.hvch.org/""}, ""importance"": 4.6446173800213894e-05, ""lat"": ""39.5481186"", ""licence"": ""Data \u00a9 OpenStreetMap contributors, ODbL 1.0. http://osm.org/copyright"", ""lon"": ""-82.4299262"", ""name"": ""Hocking Valley Community Hospital"", ""osm_id"": 291706308, ""osm_type"": ""way"", ""place_id"": 340949764, ""place_rank"": 30, ""type"": ""hospital""}"
da28754761a7f819f913,361330__2023,361330,2023,HOCKING VALLEY,OH,601 STATE ROUTE 664,LOGAN,43138,external_geocoder_required_no_local_candidate,provider_city_zip,"HOCKING VALLEY, LOGAN, OH, 43138",1,39073,"Hocking County, Ohio",OH,39.5413447,-82.4072702,Hocking Valley Industries,"Hocking Valley Industries, East Hunter Street, Logan, Hocking County, Ohio, 43138, United States",building,yes,,East Hunter Street,Logan,Hocking County,Ohio,43138,False,True,True,True,False,True,False,0.7,house_number_not_supported; confidence_below_0_90,"{""address"": {""ISO3166-2-lvl4"": ""US-OH"", ""building"": ""Hocking Valley Industries"", ""country"": ""United States"", ""country_code"": ""us"", ""county"": ""Hocking County"", ""postcode"": ""43138"", ""road"": ""East Hunter Street"", ""state"": ""Ohio"", ""town"": ""Logan""}, ""addresstype"": ""building"", ""boundingbox"": [""39.5411782"", ""39.5415064"", ""-82.4074632"", ""-82.4068909""], ""category"": ""building"", ""display_name"": ""Hocking Valley Industries, East Hunter Street, Logan, Hocking County, Ohio, 43138, United States"", ""extratags"": {""social_facility"": ""workshop"", ""social_facility:for"": ""learning_disabled"", ""website"": ""https://hockingvalleyindustries.com""}, ""importance"": 4.6446173800213894e-05, ""lat"": ""39.5413447"", ""licence"": ""Data \u00a9 OpenStreetMap contributors, ODbL 1.0. http://osm.org/copyright"", ""lon"": ""-82.4072702"", ""name"": ""Hocking Valley Industries"", ""osm_id"": 1043778642, ""osm_type"": ""way"", ""place_id"": 340986161, ""place_rank"": 30, ""type"": ""yes""}"
da28754761a7f819f913,361330__2023,361330,2023,HOCKING VALLEY,OH,601 STATE ROUTE 664,LOGAN,43138,external_geocoder_required_no_local_candidate,provider_city_zip,"HOCKING VALLEY, LOGAN, OH, 43138",2,39073,"Hocking County, Ohio",OH,39.5457662,-82.4349396,Fairfield Medical Health Partners of Hocking Valley,"Fairfield Medical Health Partners of Hocking Valley, 31500, Chieftain Drive, Logan, Hocking County, Ohio, 43138, United States",building,office,31500,Chieftain Drive,Logan,Hocking County,Ohio,43138,False,True,True,True,False,True,False,0.7,house_number_not_supported; confidence_below_0_90,"{""address"": {""ISO3166-2-lvl4"": ""US-OH"", ""building"": ""Fairfield Medical Health Partners of Hocking Valley"", ""country"": ""United States"", ""country_code"": ""us"", ""county"": ""Hocking County"", ""house_number"": ""31500"", ""postcode"": ""43138"", ""road"": ""Chieftain Drive"", ""state"": ""Ohio"", ""town"": ""Logan""}, ""addresstype"": ""building"", ""boundingbox"": [""39.5456503"", ""39.5458820"", ""-82.4350763"", ""-82.4348030""], ""category"": ""building"", ""display_name"": ""Fairfield Medical Health Partners of Hocking Valley, 31500, Chieftain Drive, Logan, Hocking County, Ohio, 43138, United States"", ""extratags"": {""building:levels"": ""1"", ""opening_hours"": ""Mo-Fr 08:00-16:30"", ""roof:levels"": ""0""}, ""importance"": 4.6446173800213894e-05, ""lat"": ""39.5457662"", ""licence"": ""Data \u00a9 OpenStreetMap contributors, ODbL 1.0. http://osm.org/copyright"", ""lon"": ""-82.4349396"", ""name"": ""Fairfield Medical Health Partners of Hocking Valley"", ""osm_id"": 291704956, ""osm_type"": ""way"", ""place_id"": 343610302, ""place_rank"": 30, ""type"": ""office""}"
365d9e9f0dc025f0833b,451333__2024,451333,2024,MARTIN COUNTY HOSPITAL,TX,610 N. SAINT PETER STREET,STANTON,79782,external_geocoder_required_no_local_candidate,address_only,"610 N. SAINT PETER STREET, STANTON, TX, 79782",0,48317,"Martin County, Texas",TX,32.1335131,-101.7917177,,"610, North Saint Peter Street, Stanton, Martin County, Texas, 79782, United States",place,house,610,North Saint Peter Street,Stanton,Martin County,Texas,79782,True,True,True,True,False,True,True,0.92,,"{""address"": {""ISO3166-2-lvl4"": ""US-TX"", ""country"": ""United States"", ""country_code"": ""us"", ""county"": ""Martin County"", ""house_number"": ""610"", ""postcode"": ""79782"", ""road"": ""North Saint Peter Street"", ""state"": ""Texas"", ""town"": ""Stanton""}, ""addresstype"": ""place"", ""boundingbox"": [""32.1334631"", ""32.1335631"", ""-101.7917677"", ""-101.7916677""], ""category"": ""place"", ""display_name"": ""610, North Saint Peter Street, Stanton, Martin County, Texas, 79782, United States"", ""extratags"": null, ""importance"": 9.99999999995449e-06, ""lat"": ""32.1335131"", ""licence"": ""Data \u00a9 OpenStreetMap contributors, ODbL 1.0. http://osm.org/copyright"", ""lon"": ""-101.7917177"", ""name"": """", ""osm_id"": 655106539, ""osm_type"": ""way"", ""place_id"": 412115309, ""place_rank"": 30, ""type"": ""house""}"
57f356813025989b3ceb,673079__2023,673079,2023,ENCOMPASS HEALTH REHABILITATION OF W,TX,3600 SOUTH LOOP 340,ROBINSON,76706,external_geocoder_required_no_local_candidate,address_only,"3600 SOUTH LOOP 340, ROBINSON, TX, 76706",0,48309,"McLennan County, Texas",TX,31.4957568,-97.1289954,Encompass Health Rehabilitation Hospital of Waco,"Encompass Health Rehabilitation Hospital of Waco, 3600, South Loop 340, Robinson, McLennan County, Texas, 76706, United States",healthcare,rehabilitation,3600,South Loop 340,Robinson,McLennan County,Texas,76706,True,True,True,True,True,True,True,1.0,,"{""address"": {""ISO3166-2-lvl4"": ""US-TX"", ""country"": ""United States"", ""country_code"": ""us"", ""county"": ""McLennan County"", ""healthcare"": ""Encompass Health Rehabilitation Hospital of Waco"", ""house_number"": ""3600"", ""postcode"": ""76706"", ""road"": ""South Loop 340"", ""state"": ""Texas"", ""village"": ""Robinson""}, ""addresstype"": ""healthcare"", ""boundingbox"": [""31.4957068"", ""31.4958068"", ""-97.1290454"", ""-97.1289454""], ""category"": ""healthcare"", ""display_name"": ""Encompass Health Rehabilitation Hospital of Waco, 3600, South Loop 340, Robinson, McLennan County, Texas, 76706, United States"", ""extratags"": {""phone"": ""+1-254-523-2200"", ""website"": ""https://www.encompasshealth.com/locations/waco-rehab?utm_source=google&utm_medium=organic&utm_campaign=gbp""}, ""importance"": 5.3855954833249676e-05, ""lat"": ""31.4957568"", ""licence"": ""Data \u00a9 OpenStreetMap contributors, ODbL 1.0. http://osm.org/copyright"", ""lon"": ""-97.1289954"", ""name"": ""Encompass Health Rehabilitation Hospital of Waco"", ""osm_id"": 10306534660, ""osm_type"": ""node"", ""place_id"": 317093234, ""place_rank"": 30, ""type"": ""rehabilitation""}"
9237882fb66542005766,110236__2024,110236,2024,CHI MEMORIAL HOSPITAL - GEORGIA,GA,101 GROSS CRESCENT CIRCLE,FT OGLETHORPE,30742,external_geocoder_required_no_local_candidate,provider_city_zip,"CHI MEMORIAL HOSPITAL - GEORGIA, FT OGLETHORPE, GA, 30742",0,13047,"Catoosa County, Georgia",GA,34.9467243,-85.2635867,CHI Memorial Hospital Georgia,"CHI Memorial Hospital Georgia, Clinic Drive, Park City, Fort Oglethorpe, Catoosa County, Georgia, 30741, United States",building,hospital,,Clinic Drive,Fort Oglethorpe,Catoosa County,Georgia,30741,False,False,False,True,False,True,False,0.42,house_number_not_supported; postcode_not_supported; city_not_supported; confidence_below_0_90,"{""address"": {""ISO3166-2-lvl4"": ""US-GA"", ""building"": ""CHI Memorial Hospital Georgia"", ""country"": ""United States"", ""country_code"": ""us"", ""county"": ""Catoosa County"", ""hamlet"": ""Park City"", ""postcode"": ""30741"", ""road"": ""Clinic Drive"", ""state"": ""Georgia"", ""town"": ""Fort Oglethorpe""}, ""addresstype"": ""building"", ""boundingbox"": [""34.9459241"", ""34.9475237"", ""-85.2652256"", ""-85.2630129""], ""category"": ""building"", ""display_name"": ""CHI Memorial Hospital Georgia, Clinic Drive, Park City, Fort Oglethorpe, Catoosa County, Georgia, 30741, United States"", ""extratags"": null, ""importance"": 4.978484779121107e-05, ""lat"": ""34.9467243"", ""licence"": ""Data \u00a9 OpenStreetMap contributors, ODbL 1.0. http://osm.org/copyright"", ""lon"": ""-85.2635867"", ""name"": ""CHI Memorial Hospital Georgia"", ""osm_id"": 837696547, ""osm_type"": ""way"", ""place_id"": 342218622, ""place_rank"": 30, ""type"": ""hospital""}"
73a57ae8fb42ab6eae4a,670131__2024,670131,2024,BAYLOR SCOTT & WHITE - BUDA,TX,5330 OVERPASS ROAD SUITE 110,BUDA,78610,external_geocoder_required_no_local_candidate,provider_city_zip,"BAYLOR SCOTT & WHITE - BUDA, BUDA, TX, 78610",0,48209,"Hays County, Texas",TX,30.0767089,-97.8200969,Baylor Scott And White Medical Center - Buda,"Baylor Scott And White Medical Center - Buda, 5330, Overpass Road, Buda, Hays County, Texas, 78610, United States",amenity,hospital,5330,Overpass Road,Buda,Hays County,Texas,78610,True,True,True,True,True,True,True,1.0,,"{""address"": {""ISO3166-2-lvl4"": ""US-TX"", ""amenity"": ""Baylor Scott And White Medical Center - Buda"", ""country"": ""United States"", ""country_code"": ""us"", ""county"": ""Hays County"", ""house_number"": ""5330"", ""postcode"": ""78610"", ""road"": ""Overpass Road"", ""state"": ""Texas"", ""town"": ""Buda""}, ""addresstype"": ""amenity"", ""boundingbox"": [""30.0762550"", ""30.0771089"", ""-97.8205038"", ""-97.8196093""], ""category"": ""amenity"", ""display_name"": ""Baylor Scott And White Medical Center - Buda, 5330, Overpass Road, Buda, Hays County, Texas, 78610, United States"", ""extratags"": {""beds"": ""15"", ""building"": ""yes"", ""healthcare"": ""hospital"", ""phone"": ""+1 737 999 6200"", ""website"": ""https://www.bswhealth.com/locations/buda-hospital""}, ""importance"": 2.6000610360830357e-05, ""lat"": ""30.0767089"", ""licence"": ""Data \u00a9 OpenStreetMap contributors, ODbL 1.0. http://osm.org/copyright"", ""lon"": ""-97.8200969"", ""name"": ""Baylor Scott And White Medical Center - Buda"", ""osm_id"": 382805782, ""osm_type"": ""way"", ""place_id"": 315075375, ""place_rank"": 30, ""type"": ""hospital""}"
ddd56411939da11ec1f9,181331__2024,181331,2024,MCDOWELL ARH,KY,9879 ROUTE 122,MCDOWELL,41647,external_geocoder_required_no_local_candidate,address_only,"9879 ROUTE 122, MCDOWELL, KY, 41647",0,21071,"Floyd County, Kentucky",KY,37.4733118,-82.7539430,KY Route 122,"KY Route 122, Minnie, McDowell, Floyd County, Kentucky, 41651, United States",highway,secondary,,KY Route 122,McDowell,Floyd County,Kentucky,41651,False,False,True,True,False,False,True,0.52,house_number_not_supported; postcode_not_supported; confidence_below_0_90,"{""address"": {""ISO3166-2-lvl4"": ""US-KY"", ""country"": ""United States"", ""country_code"": ""us"", ""county"": ""Floyd County"", ""hamlet"": ""Minnie"", ""postcode"": ""41651"", ""road"": ""KY Route 122"", ""state"": ""Kentucky"", ""village"": ""McDowell""}, ""addresstype"": ""road"", ""boundingbox"": [""37.4731104"", ""37.4735131"", ""-82.7539578"", ""-82.7539292""], ""category"": ""highway"", ""display_name"": ""KY Route 122, Minnie, McDowell, Floyd County, Kentucky, 41651, United States"", ""extratags"": {""maxweight"": ""44000 lbs""}, ""importance"": 0.05337106660563054, ""lat"": ""37.4733118"", ""licence"": ""Data \u00a9 OpenStreetMap contributors, ODbL 1.0. http://osm.org/copyright"", ""lon"": ""-82.7539430"", ""name"": ""KY Route 122"", ""osm_id"": 1297133170, ""osm_type"": ""way"", ""place_id"": 341273382, ""place_rank"": 26, ""type"": ""secondary""}"
3c7354e8452ddadafafa,181331__2024,181331,2024,MCDOWELL ARH,KY,9879 ROUTE 122,MCDOWELL,41647,external_geocoder_required_no_local_candidate,address_no_zip,"9879 ROUTE 122, MCDOWELL, KY",0,21071,"Floyd County, Kentucky",KY,37.4733118,-82.7539430,KY Route 122,"KY Route 122, Minnie, McDowell, Floyd County, Kentucky, 41651, United States",highway,secondary,,KY Route 122,McDowell,Floyd County,Kentucky,41651,False,False,True,True,False,False,True,0.52,house_number_not_supported; postcode_not_supported; confidence_below_0_90,"{""address"": {""ISO3166-2-lvl4"": ""US-KY"", ""country"": ""United States"", ""country_code"": ""us"", ""county"": ""Floyd County"", ""hamlet"": ""Minnie"", ""postcode"": ""41651"", ""road"": ""KY Route 122"", ""state"": ""Kentucky"", ""village"": ""McDowell""}, ""addresstype"": ""road"", ""boundingbox"": [""37.4731104"", ""37.4735131"", ""-82.7539578"", ""-82.7539292""], ""category"": ""highway"", ""display_name"": ""KY Route 122, Minnie, McDowell, Floyd County, Kentucky, 41651, United States"", ""extratags"": {""maxweight"": ""44000 lbs""}, ""importance"": 0.05337106660563054, ""lat"": ""37.4733118"", ""licence"": ""Data \u00a9 OpenStreetMap contributors, ODbL 1.0. http://osm.org/copyright"", ""lon"": ""-82.7539430"", ""name"": ""KY Route 122"", ""osm_id"": 1297133170, ""osm_type"": ""way"", ""place_id"": 339303500, ""place_rank"": 26, ""type"": ""secondary""}"
22ea5fedc1d35be63c05,181331__2024,181331,2024,MCDOWELL ARH,KY,9879 ROUTE 122,MCDOWELL,41647,external_geocoder_required_no_local_candidate,provider_city_zip,"MCDOWELL ARH, MCDOWELL, KY, 41647",0,21071,"Floyd County, Kentucky",KY,37.4568384,-82.7475467,McDowell ARH Hospital,"McDowell ARH Hospital, 9879, KY 122, Minnie, McDowell, Floyd County, Kentucky, 41647, United States",amenity,hospital,9879,KY 122,McDowell,Floyd County,Kentucky,41647,True,True,True,True,True,True,False,0.96,,"{""address"": {""ISO3166-2-lvl4"": ""US-KY"", ""amenity"": ""McDowell ARH Hospital"", ""country"": ""United States"", ""country_code"": ""us"", ""county"": ""Floyd County"", ""hamlet"": ""Minnie"", ""house_number"": ""9879"", ""postcode"": ""41647"", ""road"": ""KY 122"", ""state"": ""Kentucky"", ""village"": ""McDowell""}, ""addresstype"": ""amenity"", ""boundingbox"": [""37.4562219"", ""37.4574770"", ""-82.7488068"", ""-82.7463340""], ""category"": ""amenity"", ""display_name"": ""McDowell ARH Hospital, 9879, KY 122, Minnie, McDowell, Floyd County, Kentucky, 41647, United States"", ""extratags"": {""beds"": ""25"", ""emergency"": ""yes"", ""healthcare"": ""hospital"", ""opening_hours"": ""24/7"", ""operator"": ""Appalachian Regional Healthcare"", ""phone"": ""+1 606 377 3400"", ""website"": ""https://providers.arh.org/location/mc-dowell-arh-hospital/loc0000132817""}, ""importance"": 3.7733272297200236e-05, ""lat"": ""37.4568384"", ""licence"": ""Data \u00a9 OpenStreetMap contributors, ODbL 1.0. http://osm.org/copyright"", ""lon"": ""-82.7475467"", ""name"": ""McDowell ARH Hospital"", ""osm_id"": 1391379035, ""osm_type"": ""way"", ""place_id"": 340015116, ""place_rank"": 30, ""type"": ""hospital""}"
b898c3d8d67f708dab11,341317__2023,341317,2023,LIFEBRITE COMM HOSP OF STOKES,NC,1570 NC 8 & 89 HWY N,DANBURY,27016,external_geocoder_required_no_local_candidate,provider_city_zip,"LIFEBRITE COMM HOSP OF STOKES, DANBURY, NC, 27016",0,37169,"Stokes County, North Carolina",NC,36.4180730,-80.2308774,LifeBrite Community Hospital of Stokes,"LifeBrite Community Hospital of Stokes, 1570, NC 8;NC 89, Danbury, Stokes County, North Carolina, 27016, United States",amenity,hospital,1570,NC 8;NC 89,Danbury,Stokes County,North Carolina,27016,True,True,True,True,True,True,True,1.0,,"{""address"": {""ISO3166-2-lvl4"": ""US-NC"", ""amenity"": ""LifeBrite Community Hospital of Stokes"", ""country"": ""United States"", ""country_code"": ""us"", ""county"": ""Stokes County"", ""house_number"": ""1570"", ""postcode"": ""27016"", ""road"": ""NC 8;NC 89"", ""state"": ""North Carolina"", ""village"": ""Danbury""}, ""addresstype"": ""amenity"", ""boundingbox"": [""36.4173737"", ""36.4187766"", ""-80.2325723"", ""-80.2291514""], ""category"": ""amenity"", ""display_name"": ""LifeBrite Community Hospital of Stokes, 1570, NC 8;NC 89, Danbury, Stokes County, North Carolina, 27016, United States"", ""extratags"": {""emergency"": ""yes"", ""healthcare"": ""hospital"", ""opening_hours"": ""24/7"", ""phone"": ""+1 336 593 2831"", ""website"": ""https://lifebritestokes.com/"", ""wheelchair"": ""yes""}, ""importance"": 2.4700541695231823e-05, ""lat"": ""36.4180730"", ""licence"": ""Data \u00a9 OpenStreetMap contributors, ODbL 1.0. http://osm.org/copyright"", ""lon"": ""-80.2308774"", ""name"": ""LifeBrite Community Hospital of Stokes"", ""osm_id"": 274820222, ""osm_type"": ""way"", ""place_id"": 341116982, ""place_rank"": 30, ""type"": ""hospital""}"
b898c3d8d67f708dab11,341317__2023,341317,2023,LIFEBRITE COMM HOSP OF STOKES,NC,1570 NC 8 & 89 HWY N,DANBURY,27016,external_geocoder_required_no_local_candidate,provider_city_zip,"LIFEBRITE COMM HOSP OF STOKES, DANBURY, NC, 27016",1,37169,"Stokes County, North Carolina",NC,36.4180286,-80.2308248,LifeBrite Community Hospital of Stokes,"LifeBrite Community Hospital of Stokes, 1570, Hospice Drive, Danbury, Stokes County, North Carolina, 27016, United States",building,hospital,1570,Hospice Drive,Danbury,Stokes County,North Carolina,27016,True,True,True,True,False,True,False,0.88,confidence_below_0_90,"{""address"": {""ISO3166-2-lvl4"": ""US-NC"", ""building"": ""LifeBrite Community Hospital of Stokes"", ""country"": ""United States"", ""country_code"": ""us"", ""county"": ""Stokes County"", ""house_number"": ""1570"", ""postcode"": ""27016"", ""road"": ""Hospice Drive"", ""state"": ""North Carolina"", ""village"": ""Danbury""}, ""addresstype"": ""building"", ""boundingbox"": [""36.4177230"", ""36.4183332"", ""-80.2314994"", ""-80.2301633""], ""category"": ""building"", ""display_name"": ""LifeBrite Community Hospital of Stokes, 1570, Hospice Drive, Danbury, Stokes County, North Carolina, 27016, United States"", ""extratags"": {""building:levels"": ""2"", ""smoking"": ""no""}, ""importance"": 2.4700541695231823e-05, ""lat"": ""36.4180286"", ""licence"": ""Data \u00a9 OpenStreetMap contributors, ODbL 1.0. http://osm.org/copyright"", ""lon"": ""-80.2308248"", ""name"": ""LifeBrite Community Hospital of Stokes"", ""osm_id"": 584011658, ""osm_type"": ""way"", ""place_id"": 344591750, ""place_rank"": 30, ""type"": ""hospital""}"
4cb6a6c7512e8b6ede2a,511310__2024,511310,2024,SUMMERS COUNTY ARH,WV,TERRACE STREET,HINTON,25951,external_geocoder_required_no_local_candidate,address_only,"TERRACE STREET, HINTON, WV, 25951",0,54089,"Summers County, West Virginia",WV,37.6503468,-80.8656489,Terrace Street,"Terrace Street, Hinton, Summers County, West Virginia, 24951, United States",highway,residential,,Terrace Street,Hinton,Summers County,West Virginia,24951,False,False,True,True,False,False,True,0.52,house_number_not_supported; postcode_not_supported; confidence_below_0_90,"{""address"": {""ISO3166-2-lvl4"": ""US-WV"", ""country"": ""United States"", ""country_code"": ""us"", ""county"": ""Summers County"", ""postcode"": ""24951"", ""road"": ""Terrace Street"", ""state"": ""West Virginia"", ""town"": ""Hinton""}, ""addresstype"": ""road"", ""boundingbox"": [""37.6500852"", ""37.6507911"", ""-80.8703804"", ""-80.8609572""], ""category"": ""highway"", ""display_name"": ""Terrace Street, Hinton, Summers County, West Virginia, 24951, United States"", ""extratags"": {""surface"": ""asphalt""}, ""importance"": 0.05336969176775765, ""lat"": ""37.6503468"", ""licence"": ""Data \u00a9 OpenStreetMap contributors, ODbL 1.0. http://osm.org/copyright"", ""lon"": ""-80.8656489"", ""name"": ""Terrace Street"", ""osm_id"": 15652076, ""osm_type"": ""way"", ""place_id"": 339835033, ""place_rank"": 26, ""type"": ""residential""}"
5d8ddafbf5f3a3c7c17e,511310__2024,511310,2024,SUMMERS COUNTY ARH,WV,TERRACE STREET,HINTON,25951,external_geocoder_required_no_local_candidate,address_no_zip,"TERRACE STREET, HINTON, WV",0,54089,"Summers County, West Virginia",WV,37.6503468,-80.8656489,Terrace Street,"Terrace Street, Hinton, Summers County, West Virginia, 24951, United States",highway,residential,,Terrace Street,Hinton,Summers County,West Virginia,24951,False,False,True,True,False,False,True,0.52,house_number_not_supported; postcode_not_supported; confidence_below_0_90,"{""address"": {""ISO3166-2-lvl4"": ""US-WV"", ""country"": ""United States"", ""country_code"": ""us"", ""county"": ""Summers County"", ""postcode"": ""24951"", ""road"": ""Terrace Street"", ""state"": ""West Virginia"", ""town"": ""Hinton""}, ""addresstype"": ""road"", ""boundingbox"": [""37.6500852"", ""37.6507911"", ""-80.8703804"", ""-80.8609572""], ""category"": ""highway"", ""display_name"": ""Terrace Street, Hinton, Summers County, West Virginia, 24951, United States"", ""extratags"": {""surface"": ""asphalt""}, ""importance"": 0.05336969176775765, ""lat"": ""37.6503468"", ""licence"": ""Data \u00a9 OpenStreetMap contributors, ODbL 1.0. http://osm.org/copyright"", ""lon"": ""-80.8656489"", ""name"": ""Terrace Street"", ""osm_id"": 15652076, ""osm_type"": ""way"", ""place_id"": 341192861, ""place_rank"": 26, ""type"": ""residential""}"
813a4d6d4aab9f67fc83,390104__2024,390104,2024,UPMC KANE,PA,4372 ROUTE 6,KANE,16735,external_geocoder_required_no_local_candidate,provider_city_zip,"UPMC KANE, KANE, PA, 16735",0,42083,"McKean County, Pennsylvania",PA,41.6717156,-78.8177714,UPMC Kane,"UPMC Kane, 4372, Grand Army of the Republic Highway, Kane, McKean County, Pennsylvania, 16735, United States",amenity,hospital,4372,Grand Army of the Republic Highway,Kane,McKean County,Pennsylvania,16735,True,True,True,True,True,True,False,0.96,,"{""address"": {""ISO3166-2-lvl4"": ""US-PA"", ""amenity"": ""UPMC Kane"", ""country"": ""United States"", ""country_code"": ""us"", ""county"": ""McKean County"", ""house_number"": ""4372"", ""postcode"": ""16735"", ""road"": ""Grand Army of the Republic Highway"", ""state"": ""Pennsylvania"", ""village"": ""Kane""}, ""addresstype"": ""amenity"", ""boundingbox"": [""41.6706919"", ""41.6725190"", ""-78.8189951"", ""-78.8165412""], ""category"": ""amenity"", ""display_name"": ""UPMC Kane, 4372, Grand Army of the Republic Highway, Kane, McKean County, Pennsylvania, 16735, United States"", ""extratags"": {""beds"": ""31"", ""emergency"": ""yes"", ""healthcare"": ""hospital"", ""opening_hours"": ""24/7"", ""operator"": ""University of Pittsburgh Medical Center"", ""operator:short"": ""UPMC"", ""operator:wikidata"": ""Q7896131"", ""phone"": ""+1 814 837 8585"", ""website"": ""https://www.kanecommunityhospital.com/""}, ""importance"": 3.5728236819974324e-05, ""lat"": ""41.6717156"", ""licence"": ""Data \u00a9 OpenStreetMap contributors, ODbL 1.0. http://osm.org/copyright"", ""lon"": ""-78.8177714"", ""name"": ""UPMC Kane"", ""osm_id"": 594729315, ""osm_type"": ""way"", ""place_id"": 347837715, ""place_rank"": 30, ""type"": ""hospital""}"
b25e221042c7f4f9cfb5,241301__2024,241301,2024,LAKEWOOD HEALTH CENTER,MN,600 MAIN AVENUE S,BAUDETTE,56623,external_geocoder_required_no_local_candidate,address_only,"600 MAIN AVENUE S, BAUDETTE, MN, 56623",0,27077,"Lake of the Woods County, Minnesota",MN,48.7065940,-94.6004658,LakeWood Health Center,"LakeWood Health Center, 600, Main Avenue South, Baudette, Lake of the Woods County, Minnesota, 56623, United States",amenity,hospital,600,Main Avenue South,Baudette,Lake of the Woods County,Minnesota,56623,True,True,True,True,True,True,True,1.0,,"{""address"": {""ISO3166-2-lvl4"": ""US-MN"", ""amenity"": ""LakeWood Health Center"", ""country"": ""United States"", ""country_code"": ""us"", ""county"": ""Lake of the Woods County"", ""house_number"": ""600"", ""postcode"": ""56623"", ""road"": ""Main Avenue South"", ""state"": ""Minnesota"", ""town"": ""Baudette""}, ""addresstype"": ""amenity"", ""boundingbox"": [""48.7055585"", ""48.7074772"", ""-94.6022254"", ""-94.5989317""], ""category"": ""amenity"", ""display_name"": ""LakeWood Health Center, 600, Main Avenue South, Baudette, Lake of the Woods County, Minnesota, 56623, United States"", ""extratags"": {""beds"": ""15"", ""emergency"": ""yes"", ""healthcare"": ""hospital"", ""opening_hours"": ""24/7"", ""operator"": ""Catholic Health Initiatives"", ""operator:short"": ""CHI"", ""operator:wikidata"": ""Q5053168"", ""phone"": ""+1 218 634 2120"", ""website"": ""https://lakewoodhealthcenter.org/""}, ""importance"": 5.388036926828439e-05, ""lat"": ""48.7065940"", ""licence"": ""Data \u00a9 OpenStreetMap contributors, ODbL 1.0. http://osm.org/copyright"", ""lon"": ""-94.6004658"", ""name"": ""LakeWood Health Center"", ""osm_id"": 590215080, ""osm_type"": ""way"", ""place_id"": 375380842, ""place_rank"": 30, ""type"": ""hospital""}"
28a4a8cfaedd643f7892,371331__2023,371331,2023,DRUMRIGHT REGIONAL HOSPITAL,OK,610 WEST BYPASS,DRUMRIGHT,74030,external_geocoder_required_no_local_candidate,provider_city_zip,"DRUMRIGHT REGIONAL HOSPITAL, DRUMRIGHT, OK, 74030",0,40037,"Creek County, Oklahoma",OK,35.9983179,-96.6064297,Drumright Regional Hospital,"Drumright Regional Hospital, 610, Veterans Memorial Highway, Drumright, Creek County, Oklahoma, 74030, United States",amenity,hospital,610,Veterans Memorial Highway,Drumright,Creek County,Oklahoma,74030,True,True,True,True,True,True,False,0.96,,"{""address"": {""ISO3166-2-lvl4"": ""US-OK"", ""amenity"": ""Drumright Regional Hospital"", ""country"": ""United States"", ""country_code"": ""us"", ""county"": ""Creek County"", ""house_number"": ""610"", ""postcode"": ""74030"", ""road"": ""Veterans Memorial Highway"", ""state"": ""Oklahoma"", ""village"": ""Drumright""}, ""addresstype"": ""amenity"", ""boundingbox"": [""35.9975041"", ""35.9991923"", ""-96.6078043"", ""-96.6051462""], ""category"": ""amenity"", ""display_name"": ""Drumright Regional Hospital, 610, Veterans Memorial Highway, Drumright, Creek County, Oklahoma, 74030, United States"", ""extratags"": {""beds"": ""15"", ""emergency"": ""yes"", ""healthcare"": ""hospital"", ""opening_hours"": ""24/7"", ""phone"": ""+1 918 382 2300"", ""website"": ""http://drumrighthospital.com/""}, ""importance"": 4.715419241622061e-05, ""lat"": ""35.9983179"", ""licence"": ""Data \u00a9 OpenStreetMap contributors, ODbL 1.0. http://osm.org/copyright"", ""lon"": ""-96.6064297"", ""name"": ""Drumright Regional Hospital"", ""osm_id"": 594395745, ""osm_type"": ""way"", ""place_id"": 329564345, ""place_rank"": 30, ""type"": ""hospital""}"
f73427ec93e8ace2df27,371303__2024,371303,2024,ROGER MILLS MEMORIAL HOSPITAL,OK,501 SOUTH LL MALES AVENUE,CHEYENNE,73628,external_geocoder_required_no_local_candidate,provider_city_zip,"ROGER MILLS MEMORIAL HOSPITAL, CHEYENNE, OK, 73628",0,40129,"Roger Mills County, Oklahoma",OK,35.6093189,-99.6714404,Roger Mills Memorial Hospital,"Roger Mills Memorial Hospital, 501, South L. L. Males Avenue, Cheyenne, Roger Mills County, Oklahoma, 73628, United States",amenity,hospital,501,South L. L. Males Avenue,Cheyenne,Roger Mills County,Oklahoma,73628,True,True,True,True,True,True,True,1.0,,"{""address"": {""ISO3166-2-lvl4"": ""US-OK"", ""amenity"": ""Roger Mills Memorial Hospital"", ""country"": ""United States"", ""country_code"": ""us"", ""county"": ""Roger Mills County"", ""house_number"": ""501"", ""postcode"": ""73628"", ""road"": ""South L. L. Males Avenue"", ""state"": ""Oklahoma"", ""village"": ""Cheyenne""}, ""addresstype"": ""amenity"", ""boundingbox"": [""35.6088593"", ""35.6097784"", ""-99.6719534"", ""-99.6709273""], ""category"": ""amenity"", ""display_name"": ""Roger Mills Memorial Hospital, 501, South L. L. Males Avenue, Cheyenne, Roger Mills County, Oklahoma, 73628, United States"", ""extratags"": {""beds"": ""15"", ""emergency"": ""yes"", ""healthcare"": ""hospital"", ""opening_hours"": ""24/7"", ""phone"": ""+1 580 497 3336"", ""website"": ""https://www.rmmhonline.com/""}, ""importance"": 2.4700541695231823e-05, ""lat"": ""35.6093189"", ""licence"": ""Data \u00a9 OpenStreetMap contributors, ODbL 1.0. http://osm.org/copyright"", ""lon"": ""-99.6714404"", ""name"": ""Roger Mills Memorial Hospital"", ""osm_id"": 454977653, ""osm_type"": ""way"", ""place_id"": 332853496, ""place_rank"": 30, ""type"": ""hospital""}"
a99eaf6eca9dee1be9ee,244016__2023,244016,2023,PRAIRIECARE,MN,9400 ZANE AVE N,BROOKLYN PARK,55443,external_geocoder_required_no_local_candidate,address_only,"9400 ZANE AVE N, BROOKLYN PARK, MN, 55443",0,27053,"Hennepin County, Minnesota",MN,45.1252380,-93.3542491,PrairieCare Inpatient Hospital,"PrairieCare Inpatient Hospital, 9400, Zane Avenue North, Brooklyn Park, Hennepin County, Minnesota, 55443, United States",building,hospital,9400,Zane Avenue North,Brooklyn Park,Hennepin County,Minnesota,55443,True,True,True,True,False,True,True,0.92,,"{""address"": {""ISO3166-2-lvl4"": ""US-MN"", ""building"": ""PrairieCare Inpatient Hospital"", ""country"": ""United States"", ""country_code"": ""us"", ""county"": ""Hennepin County"", ""house_number"": ""9400"", ""postcode"": ""55443"", ""road"": ""Zane Avenue North"", ""state"": ""Minnesota"", ""town"": ""Brooklyn Park""}, ""addresstype"": ""building"", ""boundingbox"": [""45.1248066"", ""45.1256689"", ""-93.3549143"", ""-93.3535152""], ""category"": ""building"", ""display_name"": ""PrairieCare Inpatient Hospital, 9400, Zane Avenue North, Brooklyn Park, Hennepin County, Minnesota, 55443, United States"", ""extratags"": null, ""importance"": 5.9236285954024836e-05, ""lat"": ""45.1252380"", ""licence"": ""Data \u00a9 OpenStreetMap contributors, ODbL 1.0. http://osm.org/copyright"", ""lon"": ""-93.3542491"", ""name"": ""PrairieCare Inpatient Hospital"", ""osm_id"": 779982053, ""osm_type"": ""way"", ""place_id"": 374670484, ""place_rank"": 30, ""type"": ""hospital""}"
a99eaf6eca9dee1be9ee,244016__2023,244016,2023,PRAIRIECARE,MN,9400 ZANE AVE N,BROOKLYN PARK,55443,external_geocoder_required_no_local_candidate,address_only,"9400 ZANE AVE N, BROOKLYN PARK, MN, 55443",1,27053,"Hennepin County, Minnesota",MN,45.1256882,-93.3543795,PrairieCare Children's Psychiatric Hospital,"PrairieCare Children's Psychiatric Hospital, 9400, Zane Avenue North, Brooklyn Park, Hennepin County, Minnesota, 55443, United States",amenity,hospital,9400,Zane Avenue North,Brooklyn Park,Hennepin County,Minnesota,55443,True,True,True,True,True,True,True,1.0,,"{""address"": {""ISO3166-2-lvl4"": ""US-MN"", ""amenity"": ""PrairieCare Children's Psychiatric Hospital"", ""country"": ""United States"", ""country_code"": ""us"", ""county"": ""Hennepin County"", ""house_number"": ""9400"", ""postcode"": ""55443"", ""road"": ""Zane Avenue North"", ""state"": ""Minnesota"", ""town"": ""Brooklyn Park""}, ""addresstype"": ""amenity"", ""boundingbox"": [""45.1247605"", ""45.1263170"", ""-93.3560891"", ""-93.3528501""], ""category"": ""amenity"", ""display_name"": ""PrairieCare Children's Psychiatric Hospital, 9400, Zane Avenue North, Brooklyn Park, Hennepin County, Minnesota, 55443, United States"", ""extratags"": {""emergency"": ""no"", ""healthcare"": ""hospital"", ""healthcare:speciality"": ""psychiatry"", ""operator"": ""PrairieCare, LLC"", ""operator:type"": ""private"", ""website"": ""https://www.prairie-care.com/""}, ""importance"": 5.9236285954024836e-05, ""lat"": ""45.1256882"", ""licence"": ""Data \u00a9 OpenStreetMap contributors, ODbL 1.0. http://osm.org/copyright"", ""lon"": ""-93.3543795"", ""name"": ""PrairieCare Children's Psychiatric Hospital"", ""osm_id"": 258410299, ""osm_type"": ""way"", ""place_id"": 374225515, ""place_rank"": 30, ""type"": ""hospital""}"
16d4d31437b544b10b73,414003__2023,414003,2023,EMMA P BRADLEY HOSPITAL,RI,1011 VETERANS MEMORIAL PARKWAY,EAST PROVIDENCE,02915,external_geocoder_required_no_local_candidate,address_only,"1011 VETERANS MEMORIAL PARKWAY, EAST PROVIDENCE, RI, 02915",0,44007,"Providence County, Rhode Island",RI,41.7928180,-71.3678772,Bradley Hospital,"Bradley Hospital, 1011, Veterans Memorial Parkway, Silver Spring, East Providence, Providence County, Rhode Island, 02915, United States",amenity,hospital,1011,Veterans Memorial Parkway,East Providence,Providence County,Rhode Island,02915,True,True,True,True,True,True,True,1.0,,"{""address"": {""ISO3166-2-lvl4"": ""US-RI"", ""amenity"": ""Bradley Hospital"", ""city"": ""East Providence"", ""country"": ""United States"", ""country_code"": ""us"", ""county"": ""Providence County"", ""house_number"": ""1011"", ""neighbourhood"": ""Silver Spring"", ""postcode"": ""02915"", ""road"": ""Veterans Memorial Parkway"", ""state"": ""Rhode Island""}, ""addresstype"": ""amenity"", ""boundingbox"": [""41.7914846"", ""41.7939667"", ""-71.3698397"", ""-71.3657003""], ""category"": ""amenity"", ""display_name"": ""Bradley Hospital, 1011, Veterans Memorial Parkway, Silver Spring, East Providence, Providence County, Rhode Island, 02915, United States"", ""extratags"": {""emergency"": ""no"", ""healthcare"": ""hospital"", ""operator"": ""Lifespan"", ""phone"": ""+1 401 432 1000"", ""website"": ""https://www.bradleyhospital.org/"", ""wikidata"": ""Q4954944"", ""wikipedia"": ""en:Bradley Hospital""}, ""importance"": 0.18157831638402872, ""lat"": ""41.7928180"", ""licence"": ""Data \u00a9 OpenStreetMap contributors, ODbL 1.0. http://osm.org/copyright"", ""lon"": ""-71.3678772"", ""name"": ""Bradley Hospital"", ""osm_id"": 332716943, ""osm_type"": ""way"", ""place_id"": 360535630, ""place_rank"": 30, ""type"": ""hospital""}"
16d4d31437b544b10b73,414003__2023,414003,2023,EMMA P BRADLEY HOSPITAL,RI,1011 VETERANS MEMORIAL PARKWAY,EAST PROVIDENCE,02915,external_geocoder_required_no_local_candidate,address_only,"1011 VETERANS MEMORIAL PARKWAY, EAST PROVIDENCE, RI, 02915",1,44007,"Providence County, Rhode Island",RI,41.7914146,-71.3653575,,"1011, Veterans Memorial Parkway, Silver Spring, East Providence, Providence County, Rhode Island, 02915, United States",place,house,1011,Veterans Memorial Parkway,East Providence,Providence County,Rhode Island,02915,True,True,True,True,False,False,True,0.88,confidence_below_0_90,"{""address"": {""ISO3166-2-lvl4"": ""US-RI"", ""city"": ""East Providence"", ""country"": ""United States"", ""country_code"": ""us"", ""county"": ""Providence County"", ""house_number"": ""1011"", ""neighbourhood"": ""Silver Spring"", ""postcode"": ""02915"", ""road"": ""Veterans Memorial Parkway"", ""state"": ""Rhode Island""}, ""addresstype"": ""place"", ""boundingbox"": [""41.7913646"", ""41.7914646"", ""-71.3654075"", ""-71.3653075""], ""category"": ""place"", ""display_name"": ""1011, Veterans Memorial Parkway, Silver Spring, East Providence, Providence County, Rhode Island, 02915, United States"", ""extratags"": null, ""importance"": 9.99999999995449e-06, ""lat"": ""41.7914146"", ""licence"": ""Data \u00a9 OpenStreetMap contributors, ODbL 1.0. http://osm.org/copyright"", ""lon"": ""-71.3653575"", ""name"": """", ""osm_id"": 277192291, ""osm_type"": ""way"", ""place_id"": 401388300, ""place_rank"": 30, ""type"": ""house""}"
180a5004c771eb789b7d,453317__2023,453317,2023,COOK CHILDREN CARE,TX,4100 W UNIVERSITY DR,PROSPER,75078,external_geocoder_required_no_local_candidate,address_only,"4100 W UNIVERSITY DR, PROSPER, TX, 75078",0,48085,"Collin County, Texas",TX,33.2185461,-96.7538853,West University Drive,"West University Drive, Prosper, Collin County, Texas, 75069, United States",highway,trunk,,West University Drive,Prosper,Collin County,Texas,75069,False,False,True,True,False,False,True,0.52,house_number_not_supported; postcode_not_supported; confidence_below_0_90,"{""address"": {""ISO3166-2-lvl4"": ""US-TX"", ""country"": ""United States"", ""country_code"": ""us"", ""county"": ""Collin County"", ""postcode"": ""75069"", ""road"": ""West University Drive"", ""state"": ""Texas"", ""town"": ""Prosper""}, ""addresstype"": ""road"", ""boundingbox"": [""33.2185299"", ""33.2185622"", ""-96.7564014"", ""-96.7513693""], ""category"": ""highway"", ""display_name"": ""West University Drive, Prosper, Collin County, Texas, 75069, United States"", ""extratags"": {""NHS"": ""yes"", ""Texas_Trunk_System"": ""formerly Phase 1 (now inside NCTCOG)"", ""hgv"": ""designated"", ""hgv:national_network"": ""yes"", ""lanes"": ""3"", ""maxspeed"": ""60 mph"", ""oneway"": ""yes"", ""shoulder"": ""right"", ""surface"": ""asphalt""}, ""importance"": 0.053393546196688756, ""lat"": ""33.2185461"", ""licence"": ""Data \u00a9 OpenStreetMap contributors, ODbL 1.0. http://osm.org/copyright"", ""lon"": ""-96.7538853"", ""name"": ""West University Drive"", ""osm_id"": 1466355456, ""osm_type"": ""way"", ""place_id"": 333668994, ""place_rank"": 26, ""type"": ""trunk""}"
832ee2d80219b6bd4100,453317__2023,453317,2023,COOK CHILDREN CARE,TX,4100 W UNIVERSITY DR,PROSPER,75078,external_geocoder_required_no_local_candidate,address_no_zip,"4100 W UNIVERSITY DR, PROSPER, TX",0,48121,"Denton County, Texas",TX,33.2193087,-96.8868410,West University Drive,"West University Drive, Prosper, Denton County, Texas, 75068, United States",highway,trunk,,West University Drive,Prosper,Denton County,Texas,75068,False,False,True,True,False,False,True,0.52,house_number_not_supported; postcode_not_supported; confidence_below_0_90,"{""address"": {""ISO3166-2-lvl4"": ""US-TX"", ""country"": ""United States"", ""country_code"": ""us"", ""county"": ""Denton County"", ""postcode"": ""75068"", ""road"": ""West University Drive"", ""state"": ""Texas"", ""town"": ""Prosper""}, ""addresstype"": ""road"", ""boundingbox"": [""33.2192877"", ""33.2193298"", ""-96.8875339"", ""-96.8861482""], ""category"": ""highway"", ""display_name"": ""West University Drive, Prosper, Denton County, Texas, 75068, United States"", ""extratags"": {""NHS"": ""yes"", ""Texas_Trunk_System"": ""formerly Phase 1 (now inside NCTCOG)"", ""hgv"": ""designated"", ""lanes"": ""4"", ""maxspeed"": ""50 mph"", ""oneway"": ""yes"", ""surface"": ""concrete"", ""turn:lanes"": ""left|||""}, ""importance"": 0.05339408789196609, ""lat"": ""33.2193087"", ""licence"": ""Data \u00a9 OpenStreetMap contributors, ODbL 1.0. http://osm.org/copyright"", ""lon"": ""-96.8868410"", ""name"": ""West University Drive"", ""osm_id"": 1486478391, ""osm_type"": ""way"", ""place_id"": 333250389, ""place_rank"": 26, ""type"": ""trunk""}"
832ee2d80219b6bd4100,453317__2023,453317,2023,COOK CHILDREN CARE,TX,4100 W UNIVERSITY DR,PROSPER,75078,external_geocoder_required_no_local_candidate,address_no_zip,"4100 W UNIVERSITY DR, PROSPER, TX",1,48085,"Collin County, Texas",TX,33.2185461,-96.7538853,West University Drive,"West University Drive, Prosper, Collin County, Texas, 75069, United States",highway,trunk,,West University Drive,Prosper,Collin County,Texas,75069,False,False,True,True,False,False,True,0.52,house_number_not_supported; postcode_not_supported; confidence_below_0_90,"{""address"": {""ISO3166-2-lvl4"": ""US-TX"", ""country"": ""United States"", ""country_code"": ""us"", ""county"": ""Collin County"", ""postcode"": ""75069"", ""road"": ""West University Drive"", ""state"": ""Texas"", ""town"": ""Prosper""}, ""addresstype"": ""road"", ""boundingbox"": [""33.2185299"", ""33.2185622"", ""-96.7564014"", ""-96.7513693""], ""category"": ""highway"", ""display_name"": ""West University Drive, Prosper, Collin County, Texas, 75069, United States"", ""extratags"": {""NHS"": ""yes"", ""Texas_Trunk_System"": ""formerly Phase 1 (now inside NCTCOG)"", ""hgv"": ""designated"", ""hgv:national_network"": ""yes"", ""lanes"": ""3"", ""maxspeed"": ""60 mph"", ""oneway"": ""yes"", ""shoulder"": ""right"", ""surface"": ""asphalt""}, ""importance"": 0.053393546196688756, ""lat"": ""33.2185461"", ""licence"": ""Data \u00a9 OpenStreetMap contributors, ODbL 1.0. http://osm.org/copyright"", ""lon"": ""-96.7538853"", ""name"": ""West University Drive"", ""osm_id"": 1466355456, ""osm_type"": ""way"", ""place_id"": 334789484, ""place_rank"": 26, ""type"": ""trunk""}"
832ee2d80219b6bd4100,453317__2023,453317,2023,COOK CHILDREN CARE,TX,4100 W UNIVERSITY DR,PROSPER,75078,external_geocoder_required_no_local_candidate,address_no_zip,"4100 W UNIVERSITY DR, PROSPER, TX",2,48121,"Denton County, Texas",TX,33.2192756,-96.8854638,West University Drive,"West University Drive, Frisco, Denton County, Texas, 75068, United States",highway,trunk,,West University Drive,Frisco,Denton County,Texas,75068,False,False,False,True,False,False,True,0.42,house_number_not_supported; postcode_not_supported; city_not_supported; confidence_below_0_90,"{""address"": {""ISO3166-2-lvl4"": ""US-TX"", ""city"": ""Frisco"", ""country"": ""United States"", ""country_code"": ""us"", ""county"": ""Denton County"", ""postcode"": ""75068"", ""road"": ""West University Drive"", ""state"": ""Texas""}, ""addresstype"": ""road"", ""boundingbox"": [""33.2192553"", ""33.2192877"", ""-96.8861482"", ""-96.8847797""], ""category"": ""highway"", ""display_name"": ""West University Drive, Frisco, Denton County, Texas, 75068, United States"", ""extratags"": {""NHS"": ""yes"", ""Texas_Trunk_System"": ""formerly Phase 1 (now inside NCTCOG)"", ""hgv"": ""designated"", ""lanes"": ""3"", ""maxspeed"": ""50 mph"", ""oneway"": ""yes"", ""surface"": ""concrete""}, ""importance"": 0.05339408789196609, ""lat"": ""33.2192756"", ""licence"": ""Data \u00a9 OpenStreetMap contributors, ODbL 1.0. http://osm.org/copyright"", ""lon"": ""-96.8854638"", ""name"": ""West University Drive"", ""osm_id"": 716032763, ""osm_type"": ""way"", ""place_id"": 334603565, ""place_rank"": 26, ""type"": ""trunk""}"
2282e11988f3510457c6,493300__2024,493300,2024,CUMBERLAND HOSPITAL LLC,VA,9407 CUMBERLAND RD,NEW KENT,23124,external_geocoder_required_no_local_candidate,address_only,"9407 CUMBERLAND RD, NEW KENT, VA, 23124",0,51127,"New Kent County, Virginia",VA,37.5468068,-76.9784653,Cumberland Hospital for Children and Adolescents,"Cumberland Hospital for Children and Adolescents, 9407, Cumberland Road, New Kent County, Virginia, 23124, United States",amenity,hospital,9407,Cumberland Road,,New Kent County,Virginia,23124,True,True,True,True,True,True,True,1.0,,"{""address"": {""ISO3166-2-lvl4"": ""US-VA"", ""amenity"": ""Cumberland Hospital for Children and Adolescents"", ""country"": ""United States"", ""country_code"": ""us"", ""county"": ""New Kent County"", ""house_number"": ""9407"", ""postcode"": ""23124"", ""road"": ""Cumberland Road"", ""state"": ""Virginia""}, ""addresstype"": ""amenity"", ""boundingbox"": [""37.5453946"", ""37.5481553"", ""-76.9801165"", ""-76.9767427""], ""category"": ""amenity"", ""display_name"": ""Cumberland Hospital for Children and Adolescents, 9407, Cumberland Road, New Kent County, Virginia, 23124, United States"", ""extratags"": {""emergency"": ""no"", ""healthcare"": ""hospital"", ""healthcare:speciality"": ""paediatrics"", ""phone"": ""+1 804-966-2242"", ""website"": ""https://www.cumberlandhospital.com/""}, ""importance"": 4.230640115964015e-05, ""lat"": ""37.5468068"", ""licence"": ""Data \u00a9 OpenStreetMap contributors, ODbL 1.0. http://osm.org/copyright"", ""lon"": ""-76.9784653"", ""name"": ""Cumberland Hospital for Children and Adolescents"", ""osm_id"": 604074882, ""osm_type"": ""way"", ""place_id"": 345036679, ""place_rank"": 30, ""type"": ""hospital""}"
2282e11988f3510457c6,493300__2024,493300,2024,CUMBERLAND HOSPITAL LLC,VA,9407 CUMBERLAND RD,NEW KENT,23124,external_geocoder_required_no_local_candidate,address_only,"9407 CUMBERLAND RD, NEW KENT, VA, 23124",1,51127,"New Kent County, Virginia",VA,37.5464712,-76.9786205,,"9407, Cumberland Road, New Kent County, Virginia, 23124, United States",building,yes,9407,Cumberland Road,,New Kent County,Virginia,23124,True,True,True,True,False,True,True,0.92,,"{""address"": {""ISO3166-2-lvl4"": ""US-VA"", ""country"": ""United States"", ""country_code"": ""us"", ""county"": ""New Kent County"", ""house_number"": ""9407"", ""postcode"": ""23124"", ""road"": ""Cumberland Road"", ""state"": ""Virginia""}, ""addresstype"": ""building"", ""boundingbox"": [""37.5459573"", ""37.5470101"", ""-76.9788323"", ""-76.9780744""], ""category"": ""building"", ""display_name"": ""9407, Cumberland Road, New Kent County, Virginia, 23124, United States"", ""extratags"": null, ""importance"": 4.230640115964015e-05, ""lat"": ""37.5464712"", ""licence"": ""Data \u00a9 OpenStreetMap contributors, ODbL 1.0. http://osm.org/copyright"", ""lon"": ""-76.9786205"", ""name"": """", ""osm_id"": 694839647, ""osm_type"": ""way"", ""place_id"": 344951555, ""place_rank"": 30, ""type"": ""yes""}"
2282e11988f3510457c6,493300__2024,493300,2024,CUMBERLAND HOSPITAL LLC,VA,9407 CUMBERLAND RD,NEW KENT,23124,external_geocoder_required_no_local_candidate,address_only,"9407 CUMBERLAND RD, NEW KENT, VA, 23124",2,51127,"New Kent County, Virginia",VA,37.5464735,-76.9782895,Cumberland Academy,"Cumberland Academy, 9407, Cumberland Road, New Kent County, Virginia, 23124, United States",amenity,school,9407,Cumberland Road,,New Kent County,Virginia,23124,True,True,True,True,False,True,True,0.92,,"{""address"": {""ISO3166-2-lvl4"": ""US-VA"", ""amenity"": ""Cumberland Academy"", ""country"": ""United States"", ""country_code"": ""us"", ""county"": ""New Kent County"", ""house_number"": ""9407"", ""postcode"": ""23124"", ""road"": ""Cumberland Road"", ""state"": ""Virginia""}, ""addresstype"": ""amenity"", ""boundingbox"": [""37.5464235"", ""37.5465235"", ""-76.9783395"", ""-76.9782395""], ""category"": ""amenity"", ""display_name"": ""Cumberland Academy, 9407, Cumberland Road, New Kent County, Virginia, 23124, United States"", ""extratags"": {""ele"": ""7""}, ""importance"": 4.230640115964015e-05, ""lat"": ""37.5464735"", ""licence"": ""Data \u00a9 OpenStreetMap contributors, ODbL 1.0. http://osm.org/copyright"", ""lon"": ""-76.9782895"", ""name"": ""Cumberland Academy"", ""osm_id"": 356606479, ""osm_type"": ""node"", ""place_id"": 344989915, ""place_rank"": 30, ""type"": ""school""}"
582cf94f590bcd9bebc5,514011__2023,514011,2023,HIGHLAND CLARKSBURG HOSPITAL INC,WV,3 HOSPITAL PLAZA,CLARKSBURG,26301,external_geocoder_required_no_local_candidate,address_only,"3 HOSPITAL PLAZA, CLARKSBURG, WV, 26301",0,54033,"Harrison County, West Virginia",WV,39.2719116,-80.3720772,Highland-Clarksburg Hospital,"Highland-Clarksburg Hospital, 3, Hospital Plaza, Clarksburg, Harrison County, West Virginia, 26301, United States",amenity,hospital,3,Hospital Plaza,Clarksburg,Harrison County,West Virginia,26301,True,True,True,True,True,True,True,1.0,,"{""address"": {""ISO3166-2-lvl4"": ""US-WV"", ""amenity"": ""Highland-Clarksburg Hospital"", ""city"": ""Clarksburg"", ""country"": ""United States"", ""country_code"": ""us"", ""county"": ""Harrison County"", ""house_number"": ""3"", ""postcode"": ""26301"", ""road"": ""Hospital Plaza"", ""state"": ""West Virginia""}, ""addresstype"": ""amenity"", ""boundingbox"": [""39.2703360"", ""39.2735053"", ""-80.3742218"", ""-80.3695871""], ""category"": ""amenity"", ""display_name"": ""Highland-Clarksburg Hospital, 3, Hospital Plaza, Clarksburg, Harrison County, West Virginia, 26301, United States"", ""extratags"": {""emergency"": ""no"", ""healthcare"": ""hospital"", ""healthcare:speciality"": ""psychiatry"", ""operator"": ""Vandalia Health"", ""operator:wikidata"": ""Q139565600"", ""phone"": ""+1 304 969 3100"", ""website"": ""https://www.highlandclarksburghospital.com/"", ""wheelchair"": ""yes""}, ""importance"": 5.610513466082273e-05, ""lat"": ""39.2719116"", ""licence"": ""Data \u00a9 OpenStreetMap contributors, ODbL 1.0. http://osm.org/copyright"", ""lon"": ""-80.3720772"", ""name"": ""Highland-Clarksburg Hospital"", ""osm_id"": 464140754, ""osm_type"": ""way"", ""place_id"": 340764430, ""place_rank"": 30, ""type"": ""hospital""}"
b01a7fc53b68ee3b9df1,400109__2023,400109,2023,HOSPITAL HIMA SAN PABLO BAYAMON,PR,SANTA CRUZ # 70,BAYAMON,00959,external_geocoder_required_no_local_candidate,address_only,"SANTA CRUZ # 70, BAYAMON, PR, 00959",0,72021,Bayamón Muno,PR,18.3979293,-66.1475640,Auxilio Mutuo San Pablo - Bayamón,"Auxilio Mutuo San Pablo - Bayamón, 70, Calle Santa Cruz, Juan Sánchez, Bayamón, Puerto Rico, 00959, United States",amenity,hospital,70,Calle Santa Cruz,Bayamón,Bayamón,Puerto Rico,00959,True,True,False,True,True,True,True,0.9,city_not_supported,"{""address"": {""ISO3166-2-lvl4"": ""US-PR"", ""amenity"": ""Auxilio Mutuo San Pablo - Bayam\u00f3n"", ""city"": ""Bayam\u00f3n"", ""city_district"": ""Juan S\u00e1nchez"", ""country"": ""United States"", ""country_code"": ""us"", ""county"": ""Bayam\u00f3n"", ""house_number"": ""70"", ""postcode"": ""00959"", ""road"": ""Calle Santa Cruz"", ""state"": ""Puerto Rico""}, ""addresstype"": ""amenity"", ""boundingbox"": [""18.3970166"", ""18.3990297"", ""-66.1483500"", ""-66.1467118""], ""category"": ""amenity"", ""display_name"": ""Auxilio Mutuo San Pablo - Bayam\u00f3n, 70, Calle Santa Cruz, Juan S\u00e1nchez, Bayam\u00f3n, Puerto Rico, 00959, United States"", ""extratags"": {""emergency"": ""yes"", ""healthcare"": ""hospital"", ""opening_hours"": ""24/7"", ""operator"": ""Auxilio Mutuo"", ""phone"": ""+1 787-620-4747"", ""start_date"": ""26-10-1976"", ""website"": ""https://www.auxiliomutuo.com/""}, ""importance"": 5.9488059815320323e-05, ""lat"": ""18.3979293"", ""licence"": ""Data \u00a9 OpenStreetMap contributors, ODbL 1.0. http://osm.org/copyright"", ""lon"": ""-66.1475640"", ""name"": ""Auxilio Mutuo San Pablo - Bayam\u00f3n"", ""osm_id"": 194738491, ""osm_type"": ""way"", ""place_id"": 306623291, ""place_rank"": 30, ""type"": ""hospital""}"
b01a7fc53b68ee3b9df1,400109__2023,400109,2023,HOSPITAL HIMA SAN PABLO BAYAMON,PR,SANTA CRUZ # 70,BAYAMON,00959,external_geocoder_required_no_local_candidate,address_only,"SANTA CRUZ # 70, BAYAMON, PR, 00959",1,72021,Bayamón Muno,PR,18.3964550,-66.1459418,,"70, Calle Santa Cruz, Juan Sánchez, Bayamón, Puerto Rico, 00961, United States",place,house,70,Calle Santa Cruz,Bayamón,Bayamón,Puerto Rico,00961,True,False,False,True,False,False,True,0.6,postcode_not_supported; city_not_supported; confidence_below_0_90,"{""address"": {""ISO3166-2-lvl4"": ""US-PR"", ""city"": ""Bayam\u00f3n"", ""city_district"": ""Juan S\u00e1nchez"", ""country"": ""United States"", ""country_code"": ""us"", ""county"": ""Bayam\u00f3n"", ""house_number"": ""70"", ""postcode"": ""00961"", ""road"": ""Calle Santa Cruz"", ""state"": ""Puerto Rico"", ""suburb"": ""Juan S\u00e1nchez""}, ""addresstype"": ""place"", ""boundingbox"": [""18.3964050"", ""18.3965050"", ""-66.1459918"", ""-66.1458918""], ""category"": ""place"", ""display_name"": ""70, Calle Santa Cruz, Juan S\u00e1nchez, Bayam\u00f3n, Puerto Rico, 00961, United States"", ""extratags"": null, ""importance"": 9.99999999995449e-06, ""lat"": ""18.3964550"", ""licence"": ""Data \u00a9 OpenStreetMap contributors, ODbL 1.0. http://osm.org/copyright"", ""lon"": ""-66.1459418"", ""name"": """", ""osm_id"": 1259112337, ""osm_type"": ""way"", ""place_id"": 413592663, ""place_rank"": 30, ""type"": ""house""}"
c73ac6a3bfa15b6dfa6d,400118__2023,400118,2023,DOCTOR CENTER HOSPITAL MANATI INC.,PR,CARR. #2,MANATI,00674,external_geocoder_required_no_local_candidate,address_only,"CARR. #2, MANATI, PR, 00674",0,72091,Manatí Muno,PR,18.4322443,-66.4756277,PR-2 (Carr. Militar),"PR-2 (Carr. Militar), Carretera Fernando ""Nando"" Otero Sánchez, Comunidad La PRRA, Coto Norte, Manatí, Puerto Rico, 00701, United States",amenity,shelter,,"Carretera Fernando ""Nando"" Otero Sánchez",Manatí,Manatí,Puerto Rico,00701,False,False,True,True,False,False,False,0.48,house_number_not_supported; postcode_not_supported; result_type_name_or_road_not_supported; confidence_below_0_90,"{""address"": {""ISO3166-2-lvl4"": ""US-PR"", ""amenity"": ""PR-2 (Carr. Militar)"", ""city_district"": ""Coto Norte"", ""country"": ""United States"", ""country_code"": ""us"", ""county"": ""Manat\u00ed"", ""hamlet"": ""Comunidad La PRRA"", ""postcode"": ""00701"", ""road"": ""Carretera Fernando \""Nando\"" Otero S\u00e1nchez"", ""state"": ""Puerto Rico"", ""town"": ""Manat\u00ed""}, ""addresstype"": ""amenity"", ""boundingbox"": [""18.4321943"", ""18.4322943"", ""-66.4756777"", ""-66.4755777""], ""category"": ""amenity"", ""display_name"": ""PR-2 (Carr. Militar), Carretera Fernando \""Nando\"" Otero S\u00e1nchez, Comunidad La PRRA, Coto Norte, Manat\u00ed, Puerto Rico, 00701, United States"", ""extratags"": {""shelter_type"": ""public_transport""}, ""importance"": 5.252536812385775e-05, ""lat"": ""18.4322443"", ""licence"": ""Data \u00a9 OpenStreetMap contributors, ODbL 1.0. http://osm.org/copyright"", ""lon"": ""-66.4756277"", ""name"": ""PR-2 (Carr. Militar)"", ""osm_id"": 9846949770, ""osm_type"": ""node"", ""place_id"": 306693122, ""place_rank"": 30, ""type"": ""shelter""}"
ae267201e6af683230ec,400118__2023,400118,2023,DOCTOR CENTER HOSPITAL MANATI INC.,PR,CARR. #2,MANATI,00674,external_geocoder_required_no_local_candidate,address_no_zip,"CARR. #2, MANATI, PR",0,72091,Manatí Muno,PR,18.4271372,-66.4929477,Manatí,"Manatí, Puerto Rico, 00701, United States",place,town,,,Manatí,Manatí,Puerto Rico,00701,False,False,True,True,False,False,False,0.48,house_number_not_supported; postcode_not_supported; result_type_name_or_road_not_supported; confidence_below_0_90,"{""address"": {""ISO3166-2-lvl4"": ""US-PR"", ""country"": ""United States"", ""country_code"": ""us"", ""county"": ""Manat\u00ed"", ""postcode"": ""00701"", ""state"": ""Puerto Rico"", ""town"": ""Manat\u00ed""}, ""addresstype"": ""town"", ""boundingbox"": [""18.3871372"", ""18.4671372"", ""-66.5329477"", ""-66.4529477""], ""category"": ""place"", ""display_name"": ""Manat\u00ed, Puerto Rico, 00701, United States"", ""extratags"": {""capital"": ""6"", ""population"": ""10974"", ""population:date"": ""2020"", ""wikidata"": ""Q125778069""}, ""importance"": 0.1600525253681239, ""lat"": ""18.4271372"", ""licence"": ""Data \u00a9 OpenStreetMap contributors, ODbL 1.0. http://osm.org/copyright"", ""lon"": ""-66.4929477"", ""name"": ""Manat\u00ed"", ""osm_id"": 1944419494, ""osm_type"": ""node"", ""place_id"": 308281869, ""place_rank"": 18, ""type"": ""town""}"
ae267201e6af683230ec,400118__2023,400118,2023,DOCTOR CENTER HOSPITAL MANATI INC.,PR,CARR. #2,MANATI,00674,external_geocoder_required_no_local_candidate,address_no_zip,"CARR. #2, MANATI, PR",1,72091,Manatí Muno,PR,18.4322443,-66.4756277,PR-2 (Carr. Militar),"PR-2 (Carr. Militar), Carretera Fernando ""Nando"" Otero Sánchez, Comunidad La PRRA, Coto Norte, Manatí, Puerto Rico, 00701, United States",amenity,shelter,,"Carretera Fernando ""Nando"" Otero Sánchez",Manatí,Manatí,Puerto Rico,00701,False,False,True,True,False,False,False,0.48,house_number_not_supported; postcode_not_supported; result_type_name_or_road_not_supported; confidence_below_0_90,"{""address"": {""ISO3166-2-lvl4"": ""US-PR"", ""amenity"": ""PR-2 (Carr. Militar)"", ""city_district"": ""Coto Norte"", ""country"": ""United States"", ""country_code"": ""us"", ""county"": ""Manat\u00ed"", ""hamlet"": ""Comunidad La PRRA"", ""postcode"": ""00701"", ""road"": ""Carretera Fernando \""Nando\"" Otero S\u00e1nchez"", ""state"": ""Puerto Rico"", ""town"": ""Manat\u00ed""}, ""addresstype"": ""amenity"", ""boundingbox"": [""18.4321943"", ""18.4322943"", ""-66.4756777"", ""-66.4755777""], ""category"": ""amenity"", ""display_name"": ""PR-2 (Carr. Militar), Carretera Fernando \""Nando\"" Otero S\u00e1nchez, Comunidad La PRRA, Coto Norte, Manat\u00ed, Puerto Rico, 00701, United States"", ""extratags"": {""shelter_type"": ""public_transport""}, ""importance"": 5.252536812385775e-05, ""lat"": ""18.4322443"", ""licence"": ""Data \u00a9 OpenStreetMap contributors, ODbL 1.0. http://osm.org/copyright"", ""lon"": ""-66.4756277"", ""name"": ""PR-2 (Carr. Militar)"", ""osm_id"": 9846949770, ""osm_type"": ""node"", ""place_id"": 307958254, ""place_rank"": 30, ""type"": ""shelter""}"
b45f51a9bbff869892e9,650003__2023,650003,2023,GUAM REGIONAL MEDICAL CITY,GU,133 ROUTE 3,DEDEDO,96929,external_geocoder_required_no_local_candidate,provider_city_zip,"GUAM REGIONAL MEDICAL CITY, DEDEDO, GU, 96929",0,,,,13.5256139,144.8226633,Guam Regional Medical City,"Guam Regional Medical City, 133, Brigadier General Ben Blaz Memorial Highway, Dededo Municipality, Guam, 96912, United States",amenity,hospital,133,Brigadier General Ben Blaz Memorial Highway,Dededo Municipality,,Guam,96912,True,False,True,True,True,True,False,0.5,geocoder_point_not_in_county_lookup; geocoder_point_state_mismatch_provider_state; postcode_not_supported; confidence_below_0_90,"{""address"": {""ISO3166-2-lvl4"": ""US-GU"", ""amenity"": ""Guam Regional Medical City"", ""country"": ""United States"", ""country_code"": ""us"", ""house_number"": ""133"", ""postcode"": ""96912"", ""road"": ""Brigadier General Ben Blaz Memorial Highway"", ""state"": ""Guam"", ""town"": ""Dededo Municipality""}, ""addresstype"": ""amenity"", ""boundingbox"": [""13.5240915"", ""13.5266874"", ""144.8212512"", ""144.8241311""], ""category"": ""amenity"", ""display_name"": ""Guam Regional Medical City, 133, Brigadier General Ben Blaz Memorial Highway, Dededo Municipality, Guam, 96912, United States"", ""extratags"": {""beds"": ""136"", ""check_date"": ""2025-09-02"", ""emergency"": ""yes"", ""healthcare"": ""hospital"", ""healthcare:speciality"": ""general"", ""opening_hours"": ""24/7"", ""operator"": ""The Medical City"", ""operator:type"": ""private"", ""phone"": ""+1 671 645 5500"", ""website"": ""https://www.grmc.gu/"", ""wikipedia"": ""en:Guam Regional Medical City""}, ""importance"": 0.30663527500158994, ""lat"": ""13.5256139"", ""licence"": ""Data \u00a9 OpenStreetMap contributors, ODbL 1.0. http://osm.org/copyright"", ""lon"": ""144.8226633"", ""name"": ""Guam Regional Medical City"", ""osm_id"": 547350935, ""osm_type"": ""way"", ""place_id"": 261017645, ""place_rank"": 30, ""type"": ""hospital""}"
9056dba3c95798342309,404004__2023,404004,2023,FIRST HOSPITAL PANAMERICANO,PR,STATE ROAD #787,CIDRA,00739,external_geocoder_required_no_local_candidate,provider_city_zip,"FIRST HOSPITAL PANAMERICANO, CIDRA, PR, 00739",0,72041,Cidra Muno,PR,18.1759966,-66.1357966,First Hospital Panamericano,"First Hospital Panamericano, Carretera Bayamón, Vista Monte, Comunidad Alturas de Arenas, Arenas, Cidra, Puerto Rico, 00739, United States",amenity,hospital,,Carretera Bayamón,Cidra,Cidra,Puerto Rico,00739,False,True,True,True,True,True,False,0.78,house_number_not_supported; confidence_below_0_90,"{""address"": {""ISO3166-2-lvl4"": ""US-PR"", ""amenity"": ""First Hospital Panamericano"", ""city_district"": ""Arenas"", ""country"": ""United States"", ""country_code"": ""us"", ""county"": ""Cidra"", ""hamlet"": ""Comunidad Alturas de Arenas"", ""neighbourhood"": ""Vista Monte"", ""postcode"": ""00739"", ""road"": ""Carretera Bayam\u00f3n"", ""state"": ""Puerto Rico"", ""town"": ""Cidra""}, ""addresstype"": ""amenity"", ""boundingbox"": [""18.1751974"", ""18.1771226"", ""-66.1365669"", ""-66.1350476""], ""category"": ""amenity"", ""display_name"": ""First Hospital Panamericano, Carretera Bayam\u00f3n, Vista Monte, Comunidad Alturas de Arenas, Arenas, Cidra, Puerto Rico, 00739, United States"", ""extratags"": {""emergency"": ""no"", ""healthcare"": ""hospital"", ""healthcare:speciality"": ""psychiatry"", ""phone"": ""+1 787-739-5555"", ""website"": ""https://www.hospitalpanamericano.com/tour-virtual/cidra""}, ""importance"": 5.229037918664862e-05, ""lat"": ""18.1759966"", ""licence"": ""Data \u00a9 OpenStreetMap contributors, ODbL 1.0. http://osm.org/copyright"", ""lon"": ""-66.1357966"", ""name"": ""First Hospital Panamericano"", ""osm_id"": 529831216, ""osm_type"": ""way"", ""place_id"": 307430252, ""place_rank"": 30, ""type"": ""hospital""}"
0a401980384564f3674d,400112__2024,400112,2024,HOSPITAL UPR,PR,STREET 3 KM 8.3 65 INFANTERIA AVE.,CAROLINA,00984,external_geocoder_required_no_local_candidate,provider_city_zip,"HOSPITAL UPR, CAROLINA, PR, 00984",0,72031,Carolina Muno,PR,18.3890791,-65.9717996,Hospital de la UPR - Dr. Federico Trilla,"Hospital de la UPR - Dr. Federico Trilla, Avenida Regimiento 65 de Infantería, Cuesta Quiles, San Antón, Martín González, Carolina, Puerto Rico, 00984, United States",amenity,hospital,,Avenida Regimiento 65 de Infantería,Carolina,Carolina,Puerto Rico,00984,False,True,True,True,True,True,False,0.78,house_number_not_supported; confidence_below_0_90,"{""address"": {""ISO3166-2-lvl4"": ""US-PR"", ""amenity"": ""Hospital de la UPR - Dr. Federico Trilla"", ""city"": ""Carolina"", ""city_district"": ""Mart\u00edn Gonz\u00e1lez"", ""country"": ""United States"", ""country_code"": ""us"", ""county"": ""Carolina"", ""neighbourhood"": ""Cuesta Quiles"", ""postcode"": ""00984"", ""road"": ""Avenida Regimiento 65 de Infanter\u00eda"", ""state"": ""Puerto Rico"", ""suburb"": ""San Ant\u00f3n""}, ""addresstype"": ""amenity"", ""boundingbox"": [""18.3873150"", ""18.3904684"", ""-65.9736980"", ""-65.9701575""], ""category"": ""amenity"", ""display_name"": ""Hospital de la UPR - Dr. Federico Trilla, Avenida Regimiento 65 de Infanter\u00eda, Cuesta Quiles, San Ant\u00f3n, Mart\u00edn Gonz\u00e1lez, Carolina, Puerto Rico, 00984, United States"", ""extratags"": {""emergency"": ""yes"", ""healthcare"": ""hospital"", ""opening_hours"": ""24/7"", ""phone"": ""+1 787-757-1800"", ""website"": ""https://www.hospitalupr.org/""}, ""importance"": 5.695658808265839e-05, ""lat"": ""18.3890791"", ""licence"": ""Data \u00a9 OpenStreetMap contributors, ODbL 1.0. http://osm.org/copyright"", ""lon"": ""-65.9717996"", ""name"": ""Hospital de la UPR - Dr. Federico Trilla"", ""osm_id"": 59576700, ""osm_type"": ""way"", ""place_id"": 307811563, ""place_rank"": 30, ""type"": ""hospital""}"
90f33f04337b443d056d,400032__2023,400032,2023,BAYAMON MEDICAL CENTER,PR,CARR. #2 KM. 11.7,BAYAMON,00960,external_geocoder_required_no_local_candidate,provider_city_zip,"BAYAMON MEDICAL CENTER, BAYAMON, PR, 00960",0,72021,Bayamón Muno,PR,18.3971398,-66.1546444,Varmed Health Center,"Varmed Health Center, Calle Manuel F. Rossy, Barrio Pueblo, Bayamón, Puerto Rico, 00960, United States",amenity,clinic,,Calle Manuel F. Rossy,Bayamón,Bayamón,Puerto Rico,00960,False,True,False,True,True,False,False,0.64,house_number_not_supported; city_not_supported; confidence_below_0_90,"{""address"": {""ISO3166-2-lvl4"": ""US-PR"", ""amenity"": ""Varmed Health Center"", ""city"": ""Bayam\u00f3n"", ""city_district"": ""Barrio Pueblo"", ""country"": ""United States"", ""country_code"": ""us"", ""county"": ""Bayam\u00f3n"", ""postcode"": ""00960"", ""road"": ""Calle Manuel F. Rossy"", ""state"": ""Puerto Rico""}, ""addresstype"": ""amenity"", ""boundingbox"": [""18.3968545"", ""18.3974251"", ""-66.1548505"", ""-66.1544381""], ""category"": ""amenity"", ""display_name"": ""Varmed Health Center, Calle Manuel F. Rossy, Barrio Pueblo, Bayam\u00f3n, Puerto Rico, 00960, United States"", ""extratags"": {""building"": ""hospital"", ""healthcare"": ""clinic""}, ""importance"": 5.9488059815320323e-05, ""lat"": ""18.3971398"", ""licence"": ""Data \u00a9 OpenStreetMap contributors, ODbL 1.0. http://osm.org/copyright"", ""lon"": ""-66.1546444"", ""name"": ""Varmed Health Center"", ""osm_id"": 338720375, ""osm_type"": ""way"", ""place_id"": 306669364, ""place_rank"": 30, ""type"": ""clinic""}"
be97dbcf3d9afb12f0a7,400019__2023,400019,2023,HOSPITAL PAVIA SANTURCE,PR,ASIA STREET,SANTURCE,00910,external_geocoder_required_no_local_candidate,provider_city_zip,"HOSPITAL PAVIA SANTURCE, SANTURCE, PR, 00910",0,72127,San Juan Muno,PR,18.4447127,-66.0695961,Hospital Pavía - Santurce,"Hospital Pavía - Santurce, 1462, Calle Sánchez, Melilla, Santurce, San Juan, Puerto Rico, 00910, United States",amenity,hospital,1462,Calle Sánchez,San Juan,San Juan,Puerto Rico,00910,False,True,True,True,True,True,False,0.78,house_number_not_supported; confidence_below_0_90,"{""address"": {""ISO3166-2-lvl4"": ""US-PR"", ""amenity"": ""Hospital Pav\u00eda - Santurce"", ""city"": ""San Juan"", ""city_district"": ""Santurce"", ""country"": ""United States"", ""country_code"": ""us"", ""county"": ""San Juan"", ""house_number"": ""1462"", ""neighbourhood"": ""Melilla"", ""postcode"": ""00910"", ""road"": ""Calle S\u00e1nchez"", ""state"": ""Puerto Rico"", ""suburb"": ""Santurce""}, ""addresstype"": ""amenity"", ""boundingbox"": [""18.4440346"", ""18.4450364"", ""-66.0699199"", ""-66.0686190""], ""category"": ""amenity"", ""display_name"": ""Hospital Pav\u00eda - Santurce, 1462, Calle S\u00e1nchez, Melilla, Santurce, San Juan, Puerto Rico, 00910, United States"", ""extratags"": {""emergency"": ""yes"", ""healthcare"": ""hospital"", ""opening_hours"": ""24/7"", ""operator"": ""Metro Pav\u00eda Health System"", ""phone"": ""+1 787-641-1616"", ""website"": ""https://hospitalpaviapr.com/""}, ""importance"": 6.980468451967678e-05, ""lat"": ""18.4447127"", ""licence"": ""Data \u00a9 OpenStreetMap contributors, ODbL 1.0. http://osm.org/copyright"", ""lon"": ""-66.0695961"", ""name"": ""Hospital Pav\u00eda - Santurce"", ""osm_id"": 7631173, ""osm_type"": ""relation"", ""place_id"": 306636519, ""place_rank"": 30, ""type"": ""hospital""}"
eb5d149928f5165831cc,400048__2024,400048,2024,HOSPITAL MENONITA GUAYAMA,PR,AVE PEDRO ALBIZU CAMPOS,GUAYAMA,00785,external_geocoder_required_no_local_candidate,provider_city_zip,"HOSPITAL MENONITA GUAYAMA, GUAYAMA, PR, 00785",0,72057,Guayama Muno,PR,17.9736844,-66.1143774,Hospital Menonita Guayama,"Hospital Menonita Guayama, Avenida José J. Torres Gómez, Vives, Reparto La Sabana, Barrio Pueblo, Guayama, Puerto Rico, 00785, United States",amenity,hospital,,Avenida José J. Torres Gómez,Guayama,Guayama,Puerto Rico,00785,False,True,True,True,True,True,False,0.78,house_number_not_supported; confidence_below_0_90,"{""address"": {""ISO3166-2-lvl4"": ""US-PR"", ""amenity"": ""Hospital Menonita Guayama"", ""city_district"": ""Barrio Pueblo"", ""country"": ""United States"", ""country_code"": ""us"", ""county"": ""Guayama"", ""hamlet"": ""Reparto La Sabana"", ""neighbourhood"": ""Vives"", ""postcode"": ""00785"", ""road"": ""Avenida Jos\u00e9 J. Torres G\u00f3mez"", ""state"": ""Puerto Rico"", ""town"": ""Guayama""}, ""addresstype"": ""amenity"", ""boundingbox"": [""17.9725579"", ""17.9747621"", ""-66.1155293"", ""-66.1132336""], ""category"": ""amenity"", ""display_name"": ""Hospital Menonita Guayama, Avenida Jos\u00e9 J. Torres G\u00f3mez, Vives, Reparto La Sabana, Barrio Pueblo, Guayama, Puerto Rico, 00785, United States"", ""extratags"": {""beds"": ""161"", ""denomination"": ""episcopal"", ""emergency"": ""yes"", ""opening_hours"": ""24/7"", ""operator"": ""Sistema de Salud Menonita"", ""phone"": ""+1 787-864-4300"", ""religion"": ""christian"", ""website"": ""https://www.sanlucaspr.org/""}, ""importance"": 4.873197528033902e-05, ""lat"": ""17.9736844"", ""licence"": ""Data \u00a9 OpenStreetMap contributors, ODbL 1.0. http://osm.org/copyright"", ""lon"": ""-66.1143774"", ""name"": ""Hospital Menonita Guayama"", ""osm_id"": 507412257, ""osm_type"": ""way"", ""place_id"": 306708860, ""place_rank"": 30, ""type"": ""hospital""}"
b789298ce50d59f624e3,400102__2023,400102,2023,DOCTORS CENTER HOSPITAL BAYAMON,PR,STREET J-9 EXT. HERMANAS DAVILA,BAYAMON,00956,external_geocoder_required_no_local_candidate,provider_city_zip,"DOCTORS CENTER HOSPITAL BAYAMON, BAYAMON, PR, 00956",0,72021,Bayamón Muno,PR,18.3980268,-66.1663498,Doctors' Center Hospital Bayamón,"Doctors' Center Hospital Bayamón, Calle 2, Urbanización Villa Rica, Sector Los Grillos, Hato Tejas, Bayamón, Puerto Rico, 00961, United States",building,hospital,,Calle 2,Bayamón,Bayamón,Puerto Rico,00961,False,False,False,True,False,True,False,0.42,house_number_not_supported; postcode_not_supported; city_not_supported; confidence_below_0_90,"{""address"": {""ISO3166-2-lvl4"": ""US-PR"", ""building"": ""Doctors' Center Hospital Bayam\u00f3n"", ""city"": ""Bayam\u00f3n"", ""city_district"": ""Hato Tejas"", ""country"": ""United States"", ""country_code"": ""us"", ""county"": ""Bayam\u00f3n"", ""hamlet"": ""Sector Los Grillos"", ""neighbourhood"": ""Urbanizaci\u00f3n Villa Rica"", ""postcode"": ""00961"", ""road"": ""Calle 2"", ""state"": ""Puerto Rico""}, ""addresstype"": ""building"", ""boundingbox"": [""18.3977878"", ""18.3983078"", ""-66.1666757"", ""-66.1660924""], ""category"": ""building"", ""display_name"": ""Doctors' Center Hospital Bayam\u00f3n, Calle 2, Urbanizaci\u00f3n Villa Rica, Sector Los Grillos, Hato Tejas, Bayam\u00f3n, Puerto Rico, 00961, United States"", ""extratags"": null, ""importance"": 5.9488059815320323e-05, ""lat"": ""18.3980268"", ""licence"": ""Data \u00a9 OpenStreetMap contributors, ODbL 1.0. http://osm.org/copyright"", ""lon"": ""-66.1663498"", ""name"": ""Doctors' Center Hospital Bayam\u00f3n"", ""osm_id"": 338720212, ""osm_type"": ""way"", ""place_id"": 306637371, ""place_rank"": 30, ""type"": ""hospital""}"
b789298ce50d59f624e3,400102__2023,400102,2023,DOCTORS CENTER HOSPITAL BAYAMON,PR,STREET J-9 EXT. HERMANAS DAVILA,BAYAMON,00956,external_geocoder_required_no_local_candidate,provider_city_zip,"DOCTORS CENTER HOSPITAL BAYAMON, BAYAMON, PR, 00956",1,72021,Bayamón Muno,PR,18.3980942,-66.1664280,Doctors' Center Hospital Bayamón,"Doctors' Center Hospital Bayamón, Avenida Dr. Ramón Emeterio Betances, Urbanización Hermanas Dávila, Sector Los Grillos, Hato Tejas, Bayamón, Puerto Rico, 00674, United States",amenity,hospital,,Avenida Dr. Ramón Emeterio Betances,Bayamón,Bayamón,Puerto Rico,00674,False,False,False,True,True,True,False,0.5,house_number_not_supported; postcode_not_supported; city_not_supported; confidence_below_0_90,"{""address"": {""ISO3166-2-lvl4"": ""US-PR"", ""amenity"": ""Doctors' Center Hospital Bayam\u00f3n"", ""city"": ""Bayam\u00f3n"", ""city_district"": ""Hato Tejas"", ""country"": ""United States"", ""country_code"": ""us"", ""county"": ""Bayam\u00f3n"", ""hamlet"": ""Sector Los Grillos"", ""neighbourhood"": ""Urbanizaci\u00f3n Hermanas D\u00e1vila"", ""postcode"": ""00674"", ""road"": ""Avenida Dr. Ram\u00f3n Emeterio Betances"", ""state"": ""Puerto Rico""}, ""addresstype"": ""amenity"", ""boundingbox"": [""18.3976963"", ""18.3983581"", ""-66.1671425"", ""-66.1656798""], ""category"": ""amenity"", ""display_name"": ""Doctors' Center Hospital Bayam\u00f3n, Avenida Dr. Ram\u00f3n Emeterio Betances, Urbanizaci\u00f3n Hermanas D\u00e1vila, Sector Los Grillos, Hato Tejas, Bayam\u00f3n, Puerto Rico, 00674, United States"", ""extratags"": {""emergency"": ""yes"", ""healthcare"": ""hospital"", ""opening_hours"": ""24/7"", ""phone"": ""+1 787-622-5420"", ""website"": ""https://www.tuhospitalfamiliar.com/""}, ""importance"": 5.9488059815320323e-05, ""lat"": ""18.3980942"", ""licence"": ""Data \u00a9 OpenStreetMap contributors, ODbL 1.0. http://osm.org/copyright"", ""lon"": ""-66.1664280"", ""name"": ""Doctors' Center Hospital Bayam\u00f3n"", ""osm_id"": 1340878748, ""osm_type"": ""way"", ""place_id"": 306707817, ""place_rank"": 30, ""type"": ""hospital""}"
87510491eb113e0149ae,394040__2024,394040,2024,THE MEADOWS HOSPITAL,PA,1 EARLYSTOWN RD,CENTRE HALL,16828,external_geocoder_required_no_local_candidate,address_only,"1 EARLYSTOWN RD, CENTRE HALL, PA, 16828",0,42027,"Centre County, Pennsylvania",PA,40.7900517,-77.7529917,Earlystown Road,"Earlystown Road, Linden Hall, Harris Township, Centre County, Pennsylvania, 16827, United States",highway,primary,,Earlystown Road,Harris Township,Centre County,Pennsylvania,16827,False,False,False,True,False,False,True,0.42,house_number_not_supported; postcode_not_supported; city_not_supported; confidence_below_0_90,"{""address"": {""ISO3166-2-lvl4"": ""US-PA"", ""city"": ""Harris Township"", ""country"": ""United States"", ""country_code"": ""us"", ""county"": ""Centre County"", ""hamlet"": ""Linden Hall"", ""postcode"": ""16827"", ""road"": ""Earlystown Road"", ""state"": ""Pennsylvania""}, ""addresstype"": ""road"", ""boundingbox"": [""40.7875349"", ""40.7915380"", ""-77.7590045"", ""-77.7466650""], ""category"": ""highway"", ""display_name"": ""Earlystown Road, Linden Hall, Harris Township, Centre County, Pennsylvania, 16827, United States"", ""extratags"": {""hgv"": ""designated"", ""lanes"": ""2"", ""old_ref_legislative"": ""14018"", ""oneway"": ""no"", ""surface"": ""asphalt""}, ""importance"": 0.053377534905012555, ""lat"": ""40.7900517"", ""licence"": ""Data \u00a9 OpenStreetMap contributors, ODbL 1.0. http://osm.org/copyright"", ""lon"": ""-77.7529917"", ""name"": ""Earlystown Road"", ""osm_id"": 1055237149, ""osm_type"": ""way"", ""place_id"": 349808020, ""place_rank"": 26, ""type"": ""primary""}"
b35da4d5e96059d64921,394040__2024,394040,2024,THE MEADOWS HOSPITAL,PA,1 EARLYSTOWN RD,CENTRE HALL,16828,external_geocoder_required_no_local_candidate,address_no_zip,"1 EARLYSTOWN RD, CENTRE HALL, PA",0,42027,"Centre County, Pennsylvania",PA,40.7900517,-77.7529917,Earlystown Road,"Earlystown Road, Linden Hall, Harris Township, Centre County, Pennsylvania, 16827, United States",highway,primary,,Earlystown Road,Harris Township,Centre County,Pennsylvania,16827,False,False,False,True,False,False,True,0.42,house_number_not_supported; postcode_not_supported; city_not_supported; confidence_below_0_90,"{""address"": {""ISO3166-2-lvl4"": ""US-PA"", ""city"": ""Harris Township"", ""country"": ""United States"", ""country_code"": ""us"", ""county"": ""Centre County"", ""hamlet"": ""Linden Hall"", ""postcode"": ""16827"", ""road"": ""Earlystown Road"", ""state"": ""Pennsylvania""}, ""addresstype"": ""road"", ""boundingbox"": [""40.7875349"", ""40.7915380"", ""-77.7590045"", ""-77.7466650""], ""category"": ""highway"", ""display_name"": ""Earlystown Road, Linden Hall, Harris Township, Centre County, Pennsylvania, 16827, United States"", ""extratags"": {""hgv"": ""designated"", ""lanes"": ""2"", ""old_ref_legislative"": ""14018"", ""oneway"": ""no"", ""surface"": ""asphalt""}, ""importance"": 0.053377534905012555, ""lat"": ""40.7900517"", ""licence"": ""Data \u00a9 OpenStreetMap contributors, ODbL 1.0. http://osm.org/copyright"", ""lon"": ""-77.7529917"", ""name"": ""Earlystown Road"", ""osm_id"": 1055237149, ""osm_type"": ""way"", ""place_id"": 347726772, ""place_rank"": 26, ""type"": ""primary""}"
e2bfce1373f5f68304a0,394040__2024,394040,2024,THE MEADOWS HOSPITAL,PA,1 EARLYSTOWN RD,CENTRE HALL,16828,external_geocoder_required_no_local_candidate,provider_city_zip,"THE MEADOWS HOSPITAL, CENTRE HALL, PA, 16828",0,42027,"Centre County, Pennsylvania",PA,40.8114290,-77.7117957,The Meadows Behavioral Health Treatment Facility,"The Meadows Behavioral Health Treatment Facility, 132, The Meadows Drive, Centre Hall, Centre County, Pennsylvania, 16828, United States",amenity,hospital,132,The Meadows Drive,Centre Hall,Centre County,Pennsylvania,16828,False,True,True,True,True,True,False,0.78,house_number_not_supported; confidence_below_0_90,"{""address"": {""ISO3166-2-lvl4"": ""US-PA"", ""amenity"": ""The Meadows Behavioral Health Treatment Facility"", ""country"": ""United States"", ""country_code"": ""us"", ""county"": ""Centre County"", ""house_number"": ""132"", ""postcode"": ""16828"", ""road"": ""The Meadows Drive"", ""state"": ""Pennsylvania"", ""village"": ""Centre Hall""}, ""addresstype"": ""amenity"", ""boundingbox"": [""40.8082902"", ""40.8139124"", ""-77.7161599"", ""-77.7074166""], ""category"": ""amenity"", ""display_name"": ""The Meadows Behavioral Health Treatment Facility, 132, The Meadows Drive, Centre Hall, Centre County, Pennsylvania, 16828, United States"", ""extratags"": {""healthcare"": ""hospital"", ""healthcare:speciality"": ""psychiatry"", ""landuse"": ""commercial"", ""residential"": ""hospital"", ""website"": ""https://themeadows.net/""}, ""importance"": 3.9806973372961285e-05, ""lat"": ""40.8114290"", ""licence"": ""Data \u00a9 OpenStreetMap contributors, ODbL 1.0. http://osm.org/copyright"", ""lon"": ""-77.7117957"", ""name"": ""The Meadows Behavioral Health Treatment Facility"", ""osm_id"": 692965388, ""osm_type"": ""way"", ""place_id"": 351167948, ""place_rank"": 30, ""type"": ""hospital""}"
b1ef5112ec5e4aa39407,400115__2023,400115,2023,HOSPITAL WILMA N VAZQUEZ,PR,#2 KM 39.5,VEGA BAJA,00693,external_geocoder_required_no_local_candidate,provider_city_zip,"HOSPITAL WILMA N VAZQUEZ, VEGA BAJA, PR, 00693",0,72145,Vega Baja Muno,PR,18.4461863,-66.3989048,Hospital Wilma N. Vázquez,"Hospital Wilma N. Vázquez, Carretera Militar, Ojo de Agua, Sector El Criollo, Algarrobo, Vega Baja, Puerto Rico, 00693, United States",amenity,hospital,,Carretera Militar,Vega Baja,Vega Baja,Puerto Rico,00693,False,True,True,True,True,True,False,0.78,house_number_not_supported; confidence_below_0_90,"{""address"": {""ISO3166-2-lvl4"": ""US-PR"", ""amenity"": ""Hospital Wilma N. V\u00e1zquez"", ""city_district"": ""Algarrobo"", ""country"": ""United States"", ""country_code"": ""us"", ""county"": ""Vega Baja"", ""hamlet"": ""Sector El Criollo"", ""neighbourhood"": ""Ojo de Agua"", ""postcode"": ""00693"", ""road"": ""Carretera Militar"", ""state"": ""Puerto Rico"", ""town"": ""Vega Baja""}, ""addresstype"": ""amenity"", ""boundingbox"": [""18.4446777"", ""18.4468405"", ""-66.3994678"", ""-66.3983973""], ""category"": ""amenity"", ""display_name"": ""Hospital Wilma N. V\u00e1zquez, Carretera Militar, Ojo de Agua, Sector El Criollo, Algarrobo, Vega Baja, Puerto Rico, 00693, United States"", ""extratags"": {""healthcare"": ""hospital"", ""operator"": ""Instituto M\u00e9dico del Norte, Inc."", ""phone"": ""+1 787-858-1580""}, ""importance"": 5.266727702749703e-05, ""lat"": ""18.4461863"", ""licence"": ""Data \u00a9 OpenStreetMap contributors, ODbL 1.0. http://osm.org/copyright"", ""lon"": ""-66.3989048"", ""name"": ""Hospital Wilma N. V\u00e1zquez"", ""osm_id"": 1240225056, ""osm_type"": ""way"", ""place_id"": 307786186, ""place_rank"": 30, ""type"": ""hospital""}"
87c104d1c82f27bddb72,660001__2023,660001,2023,COMMONWEALTH HEALTH CENTER,MP,LOWER NAVY HILL RD,SAIPAN,96950,external_geocoder_required_no_local_candidate,provider_city_zip,"COMMONWEALTH HEALTH CENTER, SAIPAN, MP, 96950",0,,,,15.2097560,145.7245853,Commonwealth Health Center Heliport,"Commonwealth Health Center Heliport, Hospital Drive, Mutcho, Navy Hill, Puerto Rico, Saipan Municipality, Northern Mariana Islands, 96950, United States",aeroway,helipad,,Hospital Drive,Puerto Rico,Saipan Municipality,Northern Mariana Islands,96950,False,True,True,True,False,True,False,0.42,geocoder_point_not_in_county_lookup; geocoder_point_state_mismatch_provider_state; house_number_not_supported; confidence_below_0_90,"{""address"": {""ISO3166-2-lvl4"": ""US-MP"", ""aeroway"": ""Commonwealth Health Center Heliport"", ""country"": ""United States"", ""country_code"": ""us"", ""county"": ""Saipan Municipality"", ""neighbourhood"": ""Mutcho"", ""postcode"": ""96950"", ""road"": ""Hospital Drive"", ""state"": ""Northern Mariana Islands"", ""suburb"": ""Navy Hill"", ""village"": ""Puerto Rico""}, ""addresstype"": ""aeroway"", ""boundingbox"": [""15.2096986"", ""15.2098133"", ""145.7245248"", ""145.7246458""], ""category"": ""aeroway"", ""display_name"": ""Commonwealth Health Center Heliport, Hospital Drive, Mutcho, Navy Hill, Puerto Rico, Saipan Municipality, Northern Mariana Islands, 96950, United States"", ""extratags"": {""lit"": ""no"", ""surface"": ""concrete"", ""wikidata"": ""Q61671592""}, ""importance"": 4.646295872430026e-05, ""lat"": ""15.2097560"", ""licence"": ""Data \u00a9 OpenStreetMap contributors, ODbL 1.0. http://osm.org/copyright"", ""lon"": ""145.7245853"", ""name"": ""Commonwealth Health Center Heliport"", ""osm_id"": 1204782780, ""osm_type"": ""way"", ""place_id"": 258317834, ""place_rank"": 30, ""type"": ""helipad""}"
68bf4d18399aca73b3da,400105__2024,400105,2024,BAYAMON REGIONAL HOSPITAL,PR,LAUREL #100,BAYAMON,00956,external_geocoder_required_no_local_candidate,address_only,"LAUREL #100, BAYAMON, PR, 00956",0,72021,Bayamón Muno,PR,18.3685355,-66.1544358,Hospital Universitario Dr. Ramón Ruiz Arnau,"Hospital Universitario Dr. Ramón Ruiz Arnau, 100, Avenida Laurel, Urbanización Santa Juanita, 5ta Sección, Minillas, Bayamón, Puerto Rico, 00956, United States",amenity,hospital,100,Avenida Laurel,Bayamón,Bayamón,Puerto Rico,00956,True,True,False,True,True,False,True,0.86,city_not_supported; confidence_below_0_90,"{""address"": {""ISO3166-2-lvl4"": ""US-PR"", ""amenity"": ""Hospital Universitario Dr. Ram\u00f3n Ruiz Arnau"", ""city"": ""Bayam\u00f3n"", ""city_district"": ""Minillas"", ""country"": ""United States"", ""country_code"": ""us"", ""county"": ""Bayam\u00f3n"", ""house_number"": ""100"", ""neighbourhood"": ""Urbanizaci\u00f3n Santa Juanita, 5ta Secci\u00f3n"", ""postcode"": ""00956"", ""road"": ""Avenida Laurel"", ""state"": ""Puerto Rico"", ""suburb"": ""Minillas""}, ""addresstype"": ""amenity"", ""boundingbox"": [""18.3661373"", ""18.3704269"", ""-66.1560484"", ""-66.1523203""], ""category"": ""amenity"", ""display_name"": ""Hospital Universitario Dr. Ram\u00f3n Ruiz Arnau, 100, Avenida Laurel, Urbanizaci\u00f3n Santa Juanita, 5ta Secci\u00f3n, Minillas, Bayam\u00f3n, Puerto Rico, 00956, United States"", ""extratags"": {""emergency"": ""yes"", ""healthcare"": ""hospital"", ""opening_hours"": ""24/7"", ""phone"": ""+1 787-787-5151"", ""website"": ""http://www.salud.gov.pr/Dept-de-Salud/Pages/Nuestros-Hospitales.aspx""}, ""importance"": 5.9488059815320323e-05, ""lat"": ""18.3685355"", ""licence"": ""Data \u00a9 OpenStreetMap contributors, ODbL 1.0. http://osm.org/copyright"", ""lon"": ""-66.1544358"", ""name"": ""Hospital Universitario Dr. Ram\u00f3n Ruiz Arnau"", ""osm_id"": 585913572, ""osm_type"": ""way"", ""place_id"": 307251464, ""place_rank"": 30, ""type"": ""hospital""}"
952abe543dc743f471ba,400105__2024,400105,2024,BAYAMON REGIONAL HOSPITAL,PR,LAUREL #100,BAYAMON,00956,external_geocoder_required_no_local_candidate,address_no_zip,"LAUREL #100, BAYAMON, PR",0,72021,Bayamón Muno,PR,18.3685355,-66.1544358,Hospital Universitario Dr. Ramón Ruiz Arnau,"Hospital Universitario Dr. Ramón Ruiz Arnau, 100, Avenida Laurel, Urbanización Santa Juanita, 5ta Sección, Minillas, Bayamón, Puerto Rico, 00956, United States",amenity,hospital,100,Avenida Laurel,Bayamón,Bayamón,Puerto Rico,00956,True,True,False,True,True,False,True,0.86,city_not_supported; confidence_below_0_90,"{""address"": {""ISO3166-2-lvl4"": ""US-PR"", ""amenity"": ""Hospital Universitario Dr. Ram\u00f3n Ruiz Arnau"", ""city"": ""Bayam\u00f3n"", ""city_district"": ""Minillas"", ""country"": ""United States"", ""country_code"": ""us"", ""county"": ""Bayam\u00f3n"", ""house_number"": ""100"", ""neighbourhood"": ""Urbanizaci\u00f3n Santa Juanita, 5ta Secci\u00f3n"", ""postcode"": ""00956"", ""road"": ""Avenida Laurel"", ""state"": ""Puerto Rico"", ""suburb"": ""Minillas""}, ""addresstype"": ""amenity"", ""boundingbox"": [""18.3661373"", ""18.3704269"", ""-66.1560484"", ""-66.1523203""], ""category"": ""amenity"", ""display_name"": ""Hospital Universitario Dr. Ram\u00f3n Ruiz Arnau, 100, Avenida Laurel, Urbanizaci\u00f3n Santa Juanita, 5ta Secci\u00f3n, Minillas, Bayam\u00f3n, Puerto Rico, 00956, United States"", ""extratags"": {""emergency"": ""yes"", ""healthcare"": ""hospital"", ""opening_hours"": ""24/7"", ""phone"": ""+1 787-787-5151"", ""website"": ""http://www.salud.gov.pr/Dept-de-Salud/Pages/Nuestros-Hospitales.aspx""}, ""importance"": 5.9488059815320323e-05, ""lat"": ""18.3685355"", ""licence"": ""Data \u00a9 OpenStreetMap contributors, ODbL 1.0. http://osm.org/copyright"", ""lon"": ""-66.1544358"", ""name"": ""Hospital Universitario Dr. Ram\u00f3n Ruiz Arnau"", ""osm_id"": 585913572, ""osm_type"": ""way"", ""place_id"": 304917340, ""place_rank"": 30, ""type"": ""hospital""}"
ff389b625b88e950eec0,400105__2024,400105,2024,BAYAMON REGIONAL HOSPITAL,PR,LAUREL #100,BAYAMON,00956,external_geocoder_required_no_local_candidate,provider_city_zip,"BAYAMON REGIONAL HOSPITAL, BAYAMON, PR, 00956",0,72021,Bayamón Muno,PR,18.3685355,-66.1544358,Hospital Universitario Dr. Ramón Ruiz Arnau,"Hospital Universitario Dr. Ramón Ruiz Arnau, 100, Avenida Laurel, Urbanización Santa Juanita, 3ra Sección, Minillas, Bayamón, Puerto Rico, 00956, United States",amenity,hospital,100,Avenida Laurel,Bayamón,Bayamón,Puerto Rico,00956,True,True,False,True,True,False,True,0.86,city_not_supported; confidence_below_0_90,"{""address"": {""ISO3166-2-lvl4"": ""US-PR"", ""amenity"": ""Hospital Universitario Dr. Ram\u00f3n Ruiz Arnau"", ""city"": ""Bayam\u00f3n"", ""city_district"": ""Minillas"", ""country"": ""United States"", ""country_code"": ""us"", ""county"": ""Bayam\u00f3n"", ""house_number"": ""100"", ""neighbourhood"": ""Urbanizaci\u00f3n Santa Juanita, 3ra Secci\u00f3n"", ""postcode"": ""00956"", ""road"": ""Avenida Laurel"", ""state"": ""Puerto Rico"", ""suburb"": ""Minillas""}, ""addresstype"": ""amenity"", ""boundingbox"": [""18.3661373"", ""18.3704269"", ""-66.1560484"", ""-66.1523203""], ""category"": ""amenity"", ""display_name"": ""Hospital Universitario Dr. Ram\u00f3n Ruiz Arnau, 100, Avenida Laurel, Urbanizaci\u00f3n Santa Juanita, 3ra Secci\u00f3n, Minillas, Bayam\u00f3n, Puerto Rico, 00956, United States"", ""extratags"": {""emergency"": ""yes"", ""healthcare"": ""hospital"", ""opening_hours"": ""24/7"", ""phone"": ""+1 787-787-5151"", ""website"": ""http://www.salud.gov.pr/Dept-de-Salud/Pages/Nuestros-Hospitales.aspx""}, ""importance"": 5.9488059815320323e-05, ""lat"": ""18.3685355"", ""licence"": ""Data \u00a9 OpenStreetMap contributors, ODbL 1.0. http://osm.org/copyright"", ""lon"": ""-66.1544358"", ""name"": ""Hospital Universitario Dr. Ram\u00f3n Ruiz Arnau"", ""osm_id"": 585913572, ""osm_type"": ""way"", ""place_id"": 305466928, ""place_rank"": 30, ""type"": ""hospital""}"
6bde5bd6a2e83392b8a8,480002__2023,480002,2023,GOV. JUAN F. LUIS HOSPITAL,VI,4007 EAST DIAMOND RUBY,CHRISTIANSTED,00820,external_geocoder_required_no_local_candidate,provider_city_zip,"GOV. JUAN F. LUIS HOSPITAL, CHRISTIANSTED, VI, 00820",0,,,,17.7339118,-64.7514719,Governor Juan F. Luis Hospital and Medical Center,"Governor Juan F. Luis Hospital and Medical Center, 4007, Lantana Drive, Diamond, Christiansted, Saint Croix District, United States Virgin Islands, 00820, United States",amenity,hospital,4007,Lantana Drive,Christiansted,Saint Croix District,United States Virgin Islands,00820,True,True,True,True,True,True,False,0.68,geocoder_point_not_in_county_lookup; geocoder_point_state_mismatch_provider_state; confidence_below_0_90,"{""address"": {""ISO3166-2-lvl4"": ""US-VI"", ""amenity"": ""Governor Juan F. Luis Hospital and Medical Center"", ""country"": ""United States"", ""country_code"": ""us"", ""county"": ""Saint Croix District"", ""house_number"": ""4007"", ""neighbourhood"": ""Diamond"", ""postcode"": ""00820"", ""road"": ""Lantana Drive"", ""state"": ""United States Virgin Islands"", ""town"": ""Christiansted""}, ""addresstype"": ""amenity"", ""boundingbox"": [""17.7322270"", ""17.7353463"", ""-64.7525570"", ""-64.7502476""], ""category"": ""amenity"", ""display_name"": ""Governor Juan F. Luis Hospital and Medical Center, 4007, Lantana Drive, Diamond, Christiansted, Saint Croix District, United States Virgin Islands, 00820, United States"", ""extratags"": {""emergency"": ""yes"", ""healthcare"": ""hospital"", ""opening_hours"": ""24/7"", ""phone"": ""+1 340 778 6311"", ""website"": ""https://jflusvi.org/""}, ""importance"": 3.750133516437045e-05, ""lat"": ""17.7339118"", ""licence"": ""Data \u00a9 OpenStreetMap contributors, ODbL 1.0. http://osm.org/copyright"", ""lon"": ""-64.7514719"", ""name"": ""Governor Juan F. Luis Hospital and Medical Center"", ""osm_id"": 584493628, ""osm_type"": ""way"", ""place_id"": 307840351, ""place_rank"": 30, ""type"": ""hospital""}"
3969e6bda302f60e95e0,403027__2023,403027,2023,MULTY MEDICAL FACILITIES,PR,MUNOZ RIVERA AVENUE #402,SAN JUAN PR 00918,00918,external_geocoder_required_no_local_candidate,address_no_zip,"MUNOZ RIVERA AVENUE #402, SAN JUAN PR 00918, PR",0,72127,San Juan Muno,PR,18.4201421,-66.0573128,,"402, Avenida Luis Muñoz Rivera, El Vedado, Hato Rey Norte, Río Piedras, San Juan, Puerto Rico, 00918, United States",place,house,402,Avenida Luis Muñoz Rivera,Río Piedras,San Juan,Puerto Rico,00918,True,True,False,True,False,False,True,0.78,city_not_supported; confidence_below_0_90,"{""address"": {""ISO3166-2-lvl4"": ""US-PR"", ""city"": ""R\u00edo Piedras"", ""city_district"": ""Hato Rey Norte"", ""country"": ""United States"", ""country_code"": ""us"", ""county"": ""San Juan"", ""house_number"": ""402"", ""neighbourhood"": ""El Vedado"", ""postcode"": ""00918"", ""road"": ""Avenida Luis Mu\u00f1oz Rivera"", ""state"": ""Puerto Rico"", ""suburb"": ""Hato Rey Norte""}, ""addresstype"": ""place"", ""boundingbox"": [""18.4200921"", ""18.4201921"", ""-66.0573628"", ""-66.0572628""], ""category"": ""place"", ""display_name"": ""402, Avenida Luis Mu\u00f1oz Rivera, El Vedado, Hato Rey Norte, R\u00edo Piedras, San Juan, Puerto Rico, 00918, United States"", ""extratags"": null, ""importance"": 9.99999999995449e-06, ""lat"": ""18.4201421"", ""licence"": ""Data \u00a9 OpenStreetMap contributors, ODbL 1.0. http://osm.org/copyright"", ""lon"": ""-66.0573128"", ""name"": """", ""osm_id"": 1383957552, ""osm_type"": ""way"", ""place_id"": 415826451, ""place_rank"": 30, ""type"": ""house""}"
6ce9b3b49d150bdbb5ee,400122__2024,400122,2024,PROFESSIONAL HOSPITAL,PR,AVE LAS CUMBRES,GUAYNABO,00970,external_geocoder_required_no_local_candidate,provider_city_zip,"PROFESSIONAL HOSPITAL, GUAYNABO, PR, 00970",0,72061,Guaynabo Muno,PR,18.3624907,-66.0977981,Professional Hospital,"Professional Hospital, Avenida Gobernador Carlos Romero Barceló, Monte Verde, Sector Meliá León, Frailes, Guaynabo, Puerto Rico, 00969, United States",amenity,hospital,,Avenida Gobernador Carlos Romero Barceló,Guaynabo,Guaynabo,Puerto Rico,00969,False,False,True,True,True,True,False,0.6,house_number_not_supported; postcode_not_supported; confidence_below_0_90,"{""address"": {""ISO3166-2-lvl4"": ""US-PR"", ""amenity"": ""Professional Hospital"", ""city_district"": ""Frailes"", ""country"": ""United States"", ""country_code"": ""us"", ""county"": ""Guaynabo"", ""hamlet"": ""Sector Meli\u00e1 Le\u00f3n"", ""neighbourhood"": ""Monte Verde"", ""postcode"": ""00969"", ""road"": ""Avenida Gobernador Carlos Romero Barcel\u00f3"", ""state"": ""Puerto Rico"", ""town"": ""Guaynabo""}, ""addresstype"": ""amenity"", ""boundingbox"": [""18.3618861"", ""18.3631584"", ""-66.0988637"", ""-66.0965769""], ""category"": ""amenity"", ""display_name"": ""Professional Hospital, Avenida Gobernador Carlos Romero Barcel\u00f3, Monte Verde, Sector Meli\u00e1 Le\u00f3n, Frailes, Guaynabo, Puerto Rico, 00969, United States"", ""extratags"": {""emergency"": ""yes"", ""healthcare"": ""hospital"", ""opening_hours"": ""24/7"", ""phone"": ""+1 787 740 8787"", ""website"": ""http://professionalhospital.org/"", ""wikidata"": ""Q7247983"", ""wikipedia"": ""en:Professional Hospital""}, ""importance"": 0.07194870560319186, ""lat"": ""18.3624907"", ""licence"": ""Data \u00a9 OpenStreetMap contributors, ODbL 1.0. http://osm.org/copyright"", ""lon"": ""-66.0977981"", ""name"": ""Professional Hospital"", ""osm_id"": 308741708, ""osm_type"": ""way"", ""place_id"": 306677490, ""place_rank"": 30, ""type"": ""hospital""}"
c480a84dcde485b72009,241347__2023,241347,2023,SANFORD HOSPITAL CANBY,MN,112 SAINT OLAF AVENUE,CANBY,56220,external_geocoder_required_no_local_candidate,address_only,"112 SAINT OLAF AVENUE, CANBY, MN, 56220",0,27173,"Yellow Medicine County, Minnesota",MN,44.7082673,-96.2787268,Sanford Canby Medical Center,"Sanford Canby Medical Center, 112, Saint Olaf Avenue South, Canby, Yellow Medicine County, Minnesota, 56220, United States",amenity,hospital,112,Saint Olaf Avenue South,Canby,Yellow Medicine County,Minnesota,56220,True,True,True,True,True,True,True,1.0,,"{""address"": {""ISO3166-2-lvl4"": ""US-MN"", ""amenity"": ""Sanford Canby Medical Center"", ""country"": ""United States"", ""country_code"": ""us"", ""county"": ""Yellow Medicine County"", ""house_number"": ""112"", ""postcode"": ""56220"", ""road"": ""Saint Olaf Avenue South"", ""state"": ""Minnesota"", ""village"": ""Canby""}, ""addresstype"": ""amenity"", ""boundingbox"": [""44.7072248"", ""44.7086459"", ""-96.2801000"", ""-96.2776951""], ""category"": ""amenity"", ""display_name"": ""Sanford Canby Medical Center, 112, Saint Olaf Avenue South, Canby, Yellow Medicine County, Minnesota, 56220, United States"", ""extratags"": {""emergency"": ""yes"", ""healthcare"": ""hospital"", ""opening_hours"": ""24/7"", ""phone"": ""+1 507 223 7221"", ""website"": ""http://www.sanfordcanby.org/""}, ""importance"": 5.316166933694999e-05, ""lat"": ""44.7082673"", ""licence"": ""Data \u00a9 OpenStreetMap contributors, ODbL 1.0. http://osm.org/copyright"", ""lon"": ""-96.2787268"", ""name"": ""Sanford Canby Medical Center"", ""osm_id"": 460086646, ""osm_type"": ""way"", ""place_id"": 330818061, ""place_rank"": 30, ""type"": ""hospital""}"
c480a84dcde485b72009,241347__2023,241347,2023,SANFORD HOSPITAL CANBY,MN,112 SAINT OLAF AVENUE,CANBY,56220,external_geocoder_required_no_local_candidate,address_only,"112 SAINT OLAF AVENUE, CANBY, MN, 56220",1,27173,"Yellow Medicine County, Minnesota",MN,44.7089395,-96.2763311,,"112, Saint Olaf Avenue North, Canby, Yellow Medicine County, Minnesota, 56220, United States",place,house,112,Saint Olaf Avenue North,Canby,Yellow Medicine County,Minnesota,56220,True,True,True,True,False,True,True,0.92,,"{""address"": {""ISO3166-2-lvl4"": ""US-MN"", ""country"": ""United States"", ""country_code"": ""us"", ""county"": ""Yellow Medicine County"", ""house_number"": ""112"", ""postcode"": ""56220"", ""road"": ""Saint Olaf Avenue North"", ""state"": ""Minnesota"", ""village"": ""Canby""}, ""addresstype"": ""place"", ""boundingbox"": [""44.7088895"", ""44.7089895"", ""-96.2763811"", ""-96.2762811""], ""category"": ""place"", ""display_name"": ""112, Saint Olaf Avenue North, Canby, Yellow Medicine County, Minnesota, 56220, United States"", ""extratags"": null, ""importance"": 9.99999999995449e-06, ""lat"": ""44.7089395"", ""licence"": ""Data \u00a9 OpenStreetMap contributors, ODbL 1.0. http://osm.org/copyright"", ""lon"": ""-96.2763311"", ""name"": """", ""osm_id"": 18299987, ""osm_type"": ""way"", ""place_id"": 398147945, ""place_rank"": 30, ""type"": ""house""}"
6760888cdc90f429a6bb,371307__2023,371307,2023,CIMARRON MEMORIAL HOSPITAL,OK,100 SOUTH ELLIS,BOISE CITY,73933,external_geocoder_required_no_local_candidate,address_only,"100 SOUTH ELLIS, BOISE CITY, OK, 73933",0,40025,"Cimarron County, Oklahoma",OK,36.7288342,-102.5181867,Cimarron Memorial Hospital and Nursing Home,"Cimarron Memorial Hospital and Nursing Home, 100, South Ellis Avenue, Boise City, Cimarron County, Oklahoma, 73933, United States",amenity,hospital,100,South Ellis Avenue,Boise City,Cimarron County,Oklahoma,73933,True,True,True,True,True,True,True,1.0,,"{""address"": {""ISO3166-2-lvl4"": ""US-OK"", ""amenity"": ""Cimarron Memorial Hospital and Nursing Home"", ""country"": ""United States"", ""country_code"": ""us"", ""county"": ""Cimarron County"", ""house_number"": ""100"", ""postcode"": ""73933"", ""road"": ""South Ellis Avenue"", ""state"": ""Oklahoma"", ""town"": ""Boise City""}, ""addresstype"": ""amenity"", ""boundingbox"": [""36.7280386"", ""36.7296445"", ""-102.5187426"", ""-102.5176206""], ""category"": ""amenity"", ""display_name"": ""Cimarron Memorial Hospital and Nursing Home, 100, South Ellis Avenue, Boise City, Cimarron County, Oklahoma, 73933, United States"", ""extratags"": {""beds"": ""25"", ""emergency"": ""yes"", ""healthcare"": ""hospital"", ""opening_hours"": ""24/7"", ""phone"": ""+1 580 544 2501"", ""website"": ""https://cimarronmemorialhospital.org/""}, ""importance"": 4.9717708094865605e-05, ""lat"": ""36.7288342"", ""licence"": ""Data \u00a9 OpenStreetMap contributors, ODbL 1.0. http://osm.org/copyright"", ""lon"": ""-102.5181867"", ""name"": ""Cimarron Memorial Hospital and Nursing Home"", ""osm_id"": 317984589, ""osm_type"": ""way"", ""place_id"": 328510631, ""place_rank"": 30, ""type"": ""hospital""}"
825f71057f7696ae490f,400010__2023,400010,2023,CASTANER HOSPITAL,PR,PO BOX 1003,CASTANER,00631,external_geocoder_required_no_local_candidate,address_no_zip,"PO BOX 1003, CASTANER, PR",0,72081,Lares Muno,PR,18.1812292,-66.8350227,Post Office,"Post Office, Ruta Panorámica Luis Muñoz Marín, Castañer, Bartolo, Lares, Puerto Rico, 00631, United States",amenity,post_office,,Ruta Panorámica Luis Muñoz Marín,,Lares,Puerto Rico,00631,False,True,False,True,False,False,False,0.56,house_number_not_supported; city_not_supported; result_type_name_or_road_not_supported; confidence_below_0_90,"{""address"": {""ISO3166-2-lvl4"": ""US-PR"", ""amenity"": ""Post Office"", ""city_district"": ""Bartolo"", ""country"": ""United States"", ""country_code"": ""us"", ""county"": ""Lares"", ""neighbourhood"": ""Casta\u00f1er"", ""postcode"": ""00631"", ""road"": ""Ruta Panor\u00e1mica Luis Mu\u00f1oz Mar\u00edn"", ""state"": ""Puerto Rico"", ""suburb"": ""Bartolo""}, ""addresstype"": ""amenity"", ""boundingbox"": [""18.1811408"", ""18.1813176"", ""-66.8351189"", ""-66.8349266""], ""category"": ""amenity"", ""display_name"": ""Post Office, Ruta Panor\u00e1mica Luis Mu\u00f1oz Mar\u00edn, Casta\u00f1er, Bartolo, Lares, Puerto Rico, 00631, United States"", ""extratags"": {""building"": ""yes""}, ""importance"": 4.0000762951049326e-05, ""lat"": ""18.1812292"", ""licence"": ""Data \u00a9 OpenStreetMap contributors, ODbL 1.0. http://osm.org/copyright"", ""lon"": ""-66.8350227"", ""name"": ""Post Office"", ""osm_id"": 541698307, ""osm_type"": ""way"", ""place_id"": 306894853, ""place_rank"": 30, ""type"": ""post_office""}"
df48b26a33e89f4e227f,400010__2023,400010,2023,CASTANER HOSPITAL,PR,PO BOX 1003,CASTANER,00631,external_geocoder_required_no_local_candidate,provider_city_zip,"CASTANER HOSPITAL, CASTANER, PR, 00631",0,72081,Lares Muno,PR,18.1812352,-66.8331704,Hospital General Castañer,"Hospital General Castañer, Ruta Panorámica Luis Muñoz Marín, Castañer, Bartolo, Lares, Puerto Rico, 00631, United States",amenity,hospital,,Ruta Panorámica Luis Muñoz Marín,,Lares,Puerto Rico,00631,False,True,False,True,True,False,False,0.64,house_number_not_supported; city_not_supported; confidence_below_0_90,"{""address"": {""ISO3166-2-lvl4"": ""US-PR"", ""amenity"": ""Hospital General Casta\u00f1er"", ""city_district"": ""Bartolo"", ""country"": ""United States"", ""country_code"": ""us"", ""county"": ""Lares"", ""neighbourhood"": ""Casta\u00f1er"", ""postcode"": ""00631"", ""road"": ""Ruta Panor\u00e1mica Luis Mu\u00f1oz Mar\u00edn"", ""state"": ""Puerto Rico"", ""suburb"": ""Bartolo""}, ""addresstype"": ""amenity"", ""boundingbox"": [""18.1801864"", ""18.1822143"", ""-66.8339684"", ""-66.8324846""], ""category"": ""amenity"", ""display_name"": ""Hospital General Casta\u00f1er, Ruta Panor\u00e1mica Luis Mu\u00f1oz Mar\u00edn, Casta\u00f1er, Bartolo, Lares, Puerto Rico, 00631, United States"", ""extratags"": {""description"": ""Federally Qualified Health Clinic FQHC"", ""emergency"": ""yes"", ""opening_hours"": ""24/7"", ""phone"": ""+1 787-829-5010"", ""website"": ""http://hospitalcastaner.com/""}, ""importance"": 4.0000762951049326e-05, ""lat"": ""18.1812352"", ""licence"": ""Data \u00a9 OpenStreetMap contributors, ODbL 1.0. http://osm.org/copyright"", ""lon"": ""-66.8331704"", ""name"": ""Hospital General Casta\u00f1er"", ""osm_id"": 529794829, ""osm_type"": ""way"", ""place_id"": 309626093, ""place_rank"": 30, ""type"": ""hospital""}"
