fips,year,state_abbr,ipeds_institution_count,ipeds_enrollment_total,ipeds_graduate_enrollment_total,ipeds_medical_institution_count,ipeds_active_institution_count,cms_hospital_provider_count,cms_beds_total,cms_total_discharges,cms_medicare_discharges,cms_medicaid_discharges,cms_total_costs_usd,cms_net_patient_revenue_usd,cms_teaching_hospital_count,cms_critical_access_hospital_count,county_name,source_lane_count,source_review_status
17031,2022,IL,0.0,0.0,0.0,0.0,0.0,1.0,0.0,0.0,0.0,0.0,0.0,0.0,0.0,0.0,"Cook County, Illinois",1,official_seed_report_only
17097,2022,IL,0.0,0.0,0.0,0.0,0.0,1.0,161.0,1057.0,47.0,50.0,8111462.0,9784298.0,0.0,0.0,"Lake County, Illinois",1,official_seed_report_only
26157,2022,MI,0.0,0.0,0.0,0.0,0.0,1.0,25.0,99.0,37.0,2.0,10511012.0,12478193.0,0.0,1.0,"Tuscola County, Michigan",1,official_seed_report_only
72113,2022,PR,0.0,0.0,0.0,0.0,0.0,1.0,120.0,776.0,53.0,290.0,5238317.0,5242359.0,0.0,0.0,Ponce Muno,1,official_seed_report_only
48355,2022,TX,0.0,0.0,0.0,0.0,0.0,1.0,42.0,137.0,6.0,0.0,1965696.0,1261761.0,0.0,0.0,"Nueces County, Texas",1,official_seed_report_only
02020,2023,AK,4.0,22059.0,201.0,0.0,4.0,5.0,885.0,31312.0,9497.0,11675.0,1503345868.0,1236225207.0,1.0,0.0,Anchorage Municipality,2,official_seed_report_only
02050,2023,AK,0.0,0.0,0.0,0.0,0.0,1.0,34.0,1182.0,183.0,821.0,166714886.0,0.0,0.0,0.0,"Bethel Census Area, Alaska",1,official_seed_report_only
02063,2023,AK,0.0,0.0,0.0,0.0,0.0,1.0,13.0,54.0,27.0,12.0,12584773.0,14778367.0,0.0,1.0,"Chugach Census Area, Alaska",1,official_seed_report_only
02070,2023,AK,0.0,0.0,0.0,0.0,0.0,1.0,16.0,270.0,67.0,122.0,47057432.0,0.0,0.0,1.0,"Dillingham Census Area, Alaska",1,official_seed_report_only
02090,2023,AK,2.0,10975.0,117.0,0.0,2.0,1.0,122.0,5852.0,1323.0,1779.0,272014520.0,318311036.0,0.0,0.0,Fairbanks North Star Borough,2,official_seed_report_only
02110,2023,AK,1.0,3383.0,48.0,0.0,1.0,0.0,0.0,0.0,0.0,0.0,0.0,0.0,0.0,0.0,Juneau City and Borough,1,official_seed_report_only
02122,2023,AK,2.0,1079.0,0.0,0.0,2.0,1.0,6.0,59.0,26.0,9.0,27828244.0,29673662.0,0.0,1.0,Kenai Peninsula Borough,2,official_seed_report_only
02150,2023,AK,0.0,0.0,0.0,0.0,0.0,1.0,24.0,607.0,161.0,177.0,55068709.0,61570315.0,0.0,1.0,"Kodiak Island Borough, Alaska",1,official_seed_report_only
02170,2023,AK,1.0,45.0,0.0,0.0,1.0,1.0,125.0,6245.0,2148.0,2025.0,187320418.0,335158011.0,0.0,0.0,Matanuska-Susitna Borough,2,official_seed_report_only
02180,2023,AK,0.0,0.0,0.0,0.0,0.0,1.0,18.0,752.0,157.0,391.0,104749539.0,153799897.0,0.0,1.0,"Nome Census Area, Alaska",1,official_seed_report_only
02185,2023,AK,1.0,646.0,0.0,0.0,1.0,1.0,10.0,353.0,138.0,104.0,79429979.0,59233911.0,0.0,1.0,North Slope Borough,2,official_seed_report_only
02188,2023,AK,0.0,0.0,0.0,0.0,0.0,1.0,17.0,381.0,98.0,185.0,45753901.0,0.0,0.0,1.0,"Northwest Arctic Borough, Alaska",1,official_seed_report_only
02220,2023,AK,0.0,0.0,0.0,0.0,0.0,1.0,25.0,728.0,272.0,195.0,166003235.0,0.0,0.0,1.0,"Sitka City and Borough, Alaska",1,official_seed_report_only
02261,2023,AK,0.0,0.0,0.0,0.0,0.0,1.0,11.0,100.0,22.0,33.0,21248223.0,20895315.0,0.0,1.0,"Valdez-Cordova Census Area, Alaska",1,official_seed_report_only
02275,2023,AK,0.0,0.0,0.0,0.0,0.0,1.0,8.0,76.0,41.0,11.0,24486395.0,14303710.0,0.0,1.0,"Wrangell City and Borough, Alaska",1,official_seed_report_only
01003,2023,AL,4.0,38467.0,36.0,0.0,3.0,2.0,190.0,5734.0,1629.0,731.0,138033108.0,261077905.0,1.0,0.0,Baldwin County,2,official_seed_report_only
01005,2023,AL,0.0,0.0,0.0,0.0,0.0,1.0,30.0,978.0,206.0,112.0,14896365.0,14264546.0,0.0,0.0,"Barbour County, Alabama",1,official_seed_report_only
01007,2023,AL,0.0,0.0,0.0,0.0,0.0,1.0,25.0,254.0,73.0,104.0,22512790.0,21891855.0,0.0,0.0,"Bibb County, Alabama",1,official_seed_report_only
01011,2023,AL,0.0,0.0,0.0,0.0,0.0,1.0,17.0,0.0,0.0,0.0,14116661.0,23610710.0,0.0,0.0,"Bullock County, Alabama",1,official_seed_report_only
01013,2023,AL,0.0,0.0,0.0,0.0,0.0,2.0,69.0,754.0,155.0,131.0,40798445.0,37861972.0,0.0,1.0,"Butler County, Alabama",1,official_seed_report_only
01015,2023,AL,1.0,11071.0,0.0,0.0,1.0,1.0,295.0,12678.0,2699.0,2608.0,214327204.0,212168140.0,0.0,0.0,Calhoun County,2,official_seed_report_only
01017,2023,AL,0.0,0.0,0.0,0.0,0.0,1.0,12.0,441.0,132.0,54.0,22014525.0,0.0,0.0,0.0,"Chambers County, Alabama",1,official_seed_report_only
01019,2023,AL,0.0,0.0,0.0,0.0,0.0,1.0,45.0,985.0,132.0,391.0,19019610.0,15463745.0,0.0,0.0,"Cherokee County, Alabama",1,official_seed_report_only
01025,2023,AL,1.0,121.0,0.0,0.0,1.0,2.0,64.0,809.0,198.0,260.0,25730566.0,20449185.0,0.0,0.0,Clarke County,2,official_seed_report_only
01027,2023,AL,0.0,0.0,0.0,0.0,0.0,1.0,46.0,736.0,200.0,242.0,19709150.0,17618677.0,0.0,0.0,"Clay County, Alabama",1,official_seed_report_only
01031,2023,AL,1.0,2840.0,0.0,0.0,1.0,1.0,89.0,3323.0,672.0,790.0,52638225.0,61806771.0,0.0,0.0,Coffee County,2,official_seed_report_only
01033,2023,AL,1.0,5472.0,0.0,0.0,1.0,1.0,178.0,6389.0,1527.0,1889.0,102964322.0,93652837.0,0.0,0.0,Colbert County,2,official_seed_report_only
01035,2023,AL,1.0,637.0,0.0,0.0,1.0,1.0,44.0,906.0,364.0,181.0,13314410.0,11919247.0,0.0,0.0,Conecuh County,2,official_seed_report_only
01039,2023,AL,1.0,2687.0,0.0,0.0,1.0,1.0,45.0,1258.0,351.0,190.0,22240860.0,20060743.0,0.0,0.0,Covington County,2,official_seed_report_only
01041,2023,AL,0.0,0.0,0.0,0.0,0.0,2.0,29.0,290.0,96.0,64.0,12814728.0,10690770.0,0.0,0.0,"Crenshaw County, Alabama",1,official_seed_report_only
01043,2023,AL,1.0,8169.0,0.0,0.0,1.0,1.0,40.0,284.0,145.0,0.0,3398869.0,3570856.0,0.0,0.0,Cullman County,2,official_seed_report_only
01045,2023,AL,1.0,5259.0,0.0,0.0,1.0,1.0,77.0,1181.0,208.0,268.0,33197970.0,33795241.0,0.0,0.0,Dale County,2,official_seed_report_only
01047,2023,AL,2.0,2800.0,0.0,0.0,2.0,0.0,0.0,0.0,0.0,0.0,0.0,0.0,0.0,0.0,Dallas County,1,official_seed_report_only
01051,2023,AL,1.0,1553.0,0.0,0.0,1.0,2.0,70.0,1338.0,270.0,172.0,31274020.0,29415984.0,0.0,0.0,Elmore County,2,official_seed_report_only
01053,2023,AL,0.0,0.0,0.0,0.0,0.0,2.0,95.0,1815.0,419.0,411.0,56376575.0,49437245.0,0.0,0.0,"Escambia County, Alabama",1,official_seed_report_only
01055,2023,AL,1.0,5878.0,0.0,0.0,1.0,4.0,480.0,18126.0,4209.0,2239.0,281351526.0,306921943.0,1.0,0.0,Etowah County,2,official_seed_report_only
01057,2023,AL,0.0,0.0,0.0,0.0,0.0,1.0,35.0,548.0,206.0,77.0,30880650.0,23027736.0,0.0,0.0,"Fayette County, Alabama",1,official_seed_report_only
01059,2023,AL,0.0,0.0,0.0,0.0,0.0,2.0,76.0,1092.0,411.0,115.0,60267155.0,56801673.0,0.0,1.0,"Franklin County, Alabama",1,official_seed_report_only
01061,2023,AL,0.0,0.0,0.0,0.0,0.0,1.0,33.0,422.0,84.0,155.0,22950225.0,22384163.0,0.0,0.0,"Geneva County, Alabama",1,official_seed_report_only
01063,2023,AL,0.0,0.0,0.0,0.0,0.0,1.0,20.0,281.0,12.0,201.0,11171269.0,10012454.0,0.0,0.0,"Greene County, Alabama",1,official_seed_report_only
01065,2023,AL,0.0,0.0,0.0,0.0,0.0,1.0,28.0,326.0,78.0,114.0,11150005.0,9506810.0,0.0,0.0,"Hale County, Alabama",1,official_seed_report_only
01069,2023,AL,2.0,994.0,0.0,1.0,2.0,2.0,539.0,31453.0,6805.0,3810.0,539405891.0,671054897.0,1.0,0.0,Houston County,2,official_seed_report_only
01071,2023,AL,1.0,3581.0,0.0,0.0,1.0,1.0,45.0,2055.0,540.0,181.0,60925393.0,53239845.0,0.0,0.0,Jackson County,2,official_seed_report_only
01073,2023,AL,13.0,55215.0,42.0,1.0,13.0,7.0,2494.0,94568.0,13967.0,13441.0,3607746707.0,4215242579.0,4.0,0.0,Jefferson County,2,official_seed_report_only
01077,2023,AL,2.0,12349.0,3.0,0.0,2.0,0.0,0.0,0.0,0.0,0.0,0.0,0.0,0.0,0.0,Lauderdale County,1,official_seed_report_only
01079,2023,AL,0.0,0.0,0.0,0.0,0.0,1.0,43.0,360.0,93.0,29.0,13565325.0,12390017.0,0.0,0.0,"Lawrence County, Alabama",1,official_seed_report_only
01081,2023,AL,1.0,35381.0,0.0,1.0,1.0,1.0,265.0,12527.0,2323.0,2543.0,334488851.0,419127092.0,1.0,0.0,Lee County,2,official_seed_report_only
01083,2023,AL,2.0,16536.0,20.0,0.0,2.0,0.0,0.0,0.0,0.0,0.0,0.0,0.0,0.0,0.0,Limestone County,1,official_seed_report_only
01087,2023,AL,1.0,3037.0,0.0,1.0,1.0,0.0,0.0,0.0,0.0,0.0,0.0,0.0,0.0,0.0,Macon County,1,official_seed_report_only
01089,2023,AL,8.0,20700.0,19.0,0.0,8.0,1.0,20.0,379.0,217.0,0.0,4160470.0,5151658.0,0.0,0.0,Madison County,2,official_seed_report_only
01091,2023,AL,0.0,0.0,0.0,0.0,0.0,1.0,47.0,1455.0,316.0,279.0,40313155.0,39634754.0,0.0,0.0,"Marengo County, Alabama",1,official_seed_report_only
01093,2023,AL,0.0,0.0,0.0,0.0,0.0,2.0,64.0,1115.0,416.0,133.0,47542388.0,42219843.0,0.0,0.0,"Marion County, Alabama",1,official_seed_report_only
01095,2023,AL,2.0,6524.0,0.0,0.0,2.0,1.0,182.0,6846.0,1419.0,1583.0,170140152.0,199663299.0,0.0,0.0,Marshall County,2,official_seed_report_only
01097,2023,AL,9.0,23755.0,34.0,1.0,8.0,5.0,1047.0,34891.0,3827.0,9953.0,819090532.0,935467486.0,2.0,0.0,Mobile County,2,official_seed_report_only
01099,2023,AL,0.0,0.0,0.0,0.0,0.0,1.0,46.0,810.0,196.0,311.0,25120504.0,22336410.0,0.0,0.0,"Monroe County, Alabama",1,official_seed_report_only
01101,2023,AL,8.0,19698.0,7.0,0.0,8.0,2.0,353.0,13354.0,3329.0,1708.0,272424082.0,326126017.0,1.0,0.0,Montgomery County,2,official_seed_report_only
01105,2023,AL,1.0,338.0,0.0,0.0,1.0,0.0,0.0,0.0,0.0,0.0,0.0,0.0,0.0,0.0,Perry County,1,official_seed_report_only
01109,2023,AL,1.0,17868.0,0.0,0.0,1.0,0.0,0.0,0.0,0.0,0.0,0.0,0.0,0.0,0.0,Pike County,1,official_seed_report_only
01111,2023,AL,1.0,6109.0,0.0,0.0,1.0,0.0,0.0,0.0,0.0,0.0,0.0,0.0,0.0,0.0,Randolph County,1,official_seed_report_only
01113,2023,AL,1.0,2283.0,6.0,0.0,1.0,1.0,47.0,2362.0,412.0,27.0,70132976.0,79983752.0,1.0,0.0,Russell County,2,official_seed_report_only
01117,2023,AL,1.0,2935.0,0.0,0.0,1.0,1.0,212.0,7249.0,1405.0,510.0,150296010.0,158264421.0,0.0,0.0,Shelby County,2,official_seed_report_only
01119,2023,AL,1.0,8933.0,0.0,0.0,1.0,1.0,33.0,279.0,20.0,100.0,3860718.0,4113653.0,0.0,0.0,Sumter County,2,official_seed_report_only
01121,2023,AL,1.0,1337.0,0.0,0.0,1.0,1.0,103.0,1481.0,318.0,239.0,25845835.0,32935663.0,0.0,0.0,Talladega County,2,official_seed_report_only
01123,2023,AL,1.0,2464.0,0.0,0.0,1.0,2.0,91.0,2114.0,490.0,484.0,76636088.0,87136335.0,0.0,0.0,Tallapoosa County,2,official_seed_report_only
01125,2023,AL,5.0,51023.0,0.0,0.0,5.0,2.0,524.0,24641.0,4397.0,6670.0,579207741.0,559325016.0,1.0,0.0,Tuscaloosa County,2,official_seed_report_only
01127,2023,AL,1.0,5204.0,3.0,0.0,1.0,1.0,207.0,5702.0,964.0,1142.0,87296401.0,118146783.0,0.0,0.0,Walker County,2,official_seed_report_only
01129,2023,AL,0.0,0.0,0.0,0.0,0.0,1.0,15.0,189.0,53.0,76.0,16339542.0,18607819.0,0.0,1.0,"Washington County, Alabama",1,official_seed_report_only
01131,2023,AL,0.0,0.0,0.0,0.0,0.0,1.0,21.0,81.0,20.0,13.0,5549468.0,2894933.0,0.0,0.0,"Wilcox County, Alabama",1,official_seed_report_only
01133,2023,AL,0.0,0.0,0.0,0.0,0.0,1.0,40.0,695.0,298.0,80.0,19988616.0,17225087.0,0.0,0.0,"Winston County, Alabama",1,official_seed_report_only
05001,2023,AR,0.0,0.0,0.0,0.0,0.0,1.0,49.0,403.0,165.0,44.0,26733107.0,24548855.0,0.0,0.0,"Arkansas County, Arkansas",1,official_seed_report_only
05003,2023,AR,0.0,0.0,0.0,0.0,0.0,1.0,25.0,798.0,313.0,115.0,36052216.0,36562392.0,0.0,1.0,"Ashley County, Arkansas",1,official_seed_report_only
05005,2023,AR,1.0,1650.0,5.0,0.0,1.0,1.0,169.0,9971.0,2995.0,900.0,218793215.0,277480129.0,0.0,0.0,Baxter County,2,official_seed_report_only
05007,2023,AR,4.0,13904.0,41.0,0.0,4.0,4.0,176.0,3758.0,622.0,642.0,89867506.0,89688521.0,0.0,1.0,Benton County,2,official_seed_report_only
05009,2023,AR,1.0,2308.0,5.0,0.0,1.0,1.0,33.0,2633.0,756.0,50.0,56291019.0,66336501.0,0.0,0.0,Boone County,2,official_seed_report_only
05011,2023,AR,0.0,0.0,0.0,0.0,0.0,1.0,25.0,321.0,169.0,24.0,25239069.0,20525215.0,0.0,1.0,"Bradley County, Arkansas",1,official_seed_report_only
05013,2023,AR,1.0,1437.0,0.0,0.0,1.0,0.0,0.0,0.0,0.0,0.0,0.0,0.0,0.0,0.0,Calhoun County,1,official_seed_report_only
05015,2023,AR,0.0,0.0,0.0,0.0,0.0,1.0,22.0,48.0,25.0,1.0,6944127.0,4992091.0,0.0,1.0,"Carroll County, Arkansas",1,official_seed_report_only
05017,2023,AR,0.0,0.0,0.0,0.0,0.0,1.0,10.0,158.0,144.0,4.0,4553959.0,5051143.0,0.0,0.0,"Chicot County, Arkansas",1,official_seed_report_only
05019,2023,AR,2.0,4861.0,0.0,0.0,2.0,1.0,25.0,679.0,182.0,179.0,27183548.0,28259524.0,0.0,1.0,Clark County,2,official_seed_report_only
05021,2023,AR,0.0,0.0,0.0,0.0,0.0,1.0,25.0,799.0,504.0,35.0,25697100.0,24567746.0,0.0,1.0,"Clay County, Arkansas",1,official_seed_report_only
05023,2023,AR,0.0,0.0,0.0,0.0,0.0,1.0,25.0,420.0,219.0,28.0,26284410.0,24790882.0,0.0,1.0,"Cleburne County, Arkansas",1,official_seed_report_only
05027,2023,AR,1.0,6037.0,12.0,0.0,1.0,1.0,29.0,754.0,347.0,82.0,27456760.0,23403264.0,1.0,0.0,Columbia County,2,official_seed_report_only
05029,2023,AR,1.0,2405.0,0.0,0.0,1.0,0.0,0.0,0.0,0.0,0.0,0.0,0.0,0.0,0.0,Conway County,1,official_seed_report_only
05031,2023,AR,2.0,18579.0,3.0,0.0,2.0,3.0,633.0,33256.0,9633.0,4494.0,657425252.0,751843789.0,2.0,0.0,Craighead County,2,official_seed_report_only
05033,2023,AR,0.0,0.0,0.0,0.0,0.0,1.0,74.0,183.0,2.0,28.0,10415418.0,10700247.0,0.0,0.0,"Crawford County, Arkansas",1,official_seed_report_only
05035,2023,AR,1.0,1338.0,0.0,0.0,1.0,2.0,11.0,344.0,141.0,38.0,20812050.0,23312873.0,0.0,0.0,Crittenden County,2,official_seed_report_only
05037,2023,AR,0.0,0.0,0.0,0.0,0.0,1.0,15.0,412.0,165.0,28.0,15980112.0,13016430.0,0.0,1.0,"Cross County, Arkansas",1,official_seed_report_only
05039,2023,AR,0.0,0.0,0.0,0.0,0.0,1.0,22.0,157.0,127.0,2.0,11875061.0,9857945.0,0.0,1.0,"Dallas County, Arkansas",1,official_seed_report_only
05043,2023,AR,1.0,4154.0,27.0,0.0,1.0,1.0,49.0,1160.0,411.0,198.0,29502951.0,22136545.0,0.0,0.0,Drew County,2,official_seed_report_only
05045,2023,AR,4.0,13226.0,0.0,0.0,4.0,4.0,381.0,14845.0,4019.0,1744.0,282993559.0,359593433.0,1.0,0.0,Faulkner County,2,official_seed_report_only
05051,2023,AR,3.0,2985.0,20.0,0.0,3.0,1.0,1.0,2.0,0.0,1.0,7742520.0,8655595.0,0.0,0.0,Garland County,2,official_seed_report_only
05055,2023,AR,1.0,285.0,0.0,0.0,1.0,0.0,0.0,0.0,0.0,0.0,0.0,0.0,0.0,0.0,Greene County,1,official_seed_report_only
05057,2023,AR,1.0,1561.0,0.0,0.0,1.0,1.0,36.0,306.0,116.0,57.0,12760670.0,10571456.0,0.0,0.0,Hempstead County,2,official_seed_report_only
05059,2023,AR,1.0,2323.0,7.0,0.0,1.0,1.0,71.0,1280.0,182.0,314.0,19004438.0,18665130.0,0.0,0.0,Hot Spring County,2,official_seed_report_only
05061,2023,AR,0.0,0.0,0.0,0.0,0.0,1.0,20.0,473.0,227.0,51.0,24401274.0,27976915.0,0.0,1.0,"Howard County, Arkansas",1,official_seed_report_only
05063,2023,AR,2.0,1824.0,0.0,0.0,2.0,1.0,170.0,8236.0,2589.0,1255.0,170081344.0,256504867.0,1.0,0.0,Independence County,2,official_seed_report_only
05065,2023,AR,1.0,1274.0,0.0,0.0,1.0,1.0,25.0,106.0,72.0,4.0,10490454.0,5546846.0,0.0,1.0,Izard County,2,official_seed_report_only
05067,2023,AR,1.0,4141.0,7.0,0.0,1.0,1.0,24.0,1478.0,245.0,256.0,26565303.0,28690166.0,0.0,1.0,Jackson County,2,official_seed_report_only
05069,2023,AR,5.0,4212.0,0.0,0.0,5.0,0.0,0.0,0.0,0.0,0.0,0.0,0.0,0.0,0.0,Jefferson County,1,official_seed_report_only
05071,2023,AR,1.0,873.0,0.0,0.0,1.0,1.0,59.0,1290.0,291.0,265.0,31700263.0,33074683.0,0.0,0.0,Johnson County,2,official_seed_report_only
05075,2023,AR,1.0,621.0,0.0,0.0,1.0,0.0,0.0,0.0,0.0,0.0,0.0,0.0,0.0,0.0,Lawrence County,1,official_seed_report_only
05091,2023,AR,0.0,0.0,0.0,0.0,0.0,1.0,50.0,1347.0,51.0,51.0,11888650.0,13595513.0,0.0,0.0,"Miller County, Arkansas",1,official_seed_report_only
05093,2023,AR,1.0,1940.0,0.0,0.0,1.0,2.0,59.0,1448.0,232.0,243.0,37717195.0,25326799.0,0.0,1.0,Mississippi County,2,official_seed_report_only
05103,2023,AR,0.0,0.0,0.0,0.0,0.0,1.0,82.0,984.0,299.0,200.0,29970505.0,29447997.0,0.0,0.0,"Ouachita County, Arkansas",1,official_seed_report_only
05107,2023,AR,1.0,1606.0,1.0,0.0,1.0,1.0,118.0,106.0,20.0,22.0,14102390.0,10004514.0,0.0,0.0,Phillips County,2,official_seed_report_only
05113,2023,AR,1.0,843.0,2.0,0.0,1.0,1.0,41.0,1071.0,229.0,178.0,28620197.0,28688165.0,0.0,0.0,Polk County,2,official_seed_report_only
05115,2023,AR,3.0,10665.0,0.0,0.0,3.0,0.0,0.0,0.0,0.0,0.0,0.0,0.0,0.0,0.0,Pope County,1,official_seed_report_only
05119,2023,AR,22.0,32912.0,181.0,1.0,22.0,8.0,1313.0,50185.0,14648.0,4993.0,1075521297.0,1361786001.0,3.0,0.0,Pulaski County,2,official_seed_report_only
05121,2023,AR,1.0,2179.0,0.0,0.0,1.0,1.0,28.0,447.0,219.0,48.0,17176318.0,14354784.0,0.0,0.0,Randolph County,2,official_seed_report_only
05131,2023,AR,5.0,7116.0,0.0,1.0,4.0,3.0,432.0,15203.0,4218.0,1455.0,288884680.0,345741868.0,1.0,0.0,Sebastian County,2,official_seed_report_only
05133,2023,AR,1.0,1611.0,0.0,0.0,1.0,2.0,30.0,237.0,76.0,19.0,14426903.0,5229864.0,0.0,1.0,Sevier County,2,official_seed_report_only
05123,2023,AR,1.0,1789.0,10.0,0.0,1.0,1.0,48.0,1533.0,158.0,535.0,29631585.0,34206750.0,0.0,0.0,St. Francis County,2,official_seed_report_only
05137,2023,AR,0.0,0.0,0.0,0.0,0.0,1.0,25.0,338.0,142.0,15.0,16920556.0,19479853.0,0.0,1.0,"Stone County, Arkansas",1,official_seed_report_only
05139,2023,AR,2.0,1781.0,0.0,0.0,2.0,0.0,0.0,0.0,0.0,0.0,0.0,0.0,0.0,0.0,Union County,1,official_seed_report_only
05143,2023,AR,5.0,34249.0,0.0,0.0,4.0,5.0,930.0,39797.0,7192.0,4151.0,670916163.0,765006238.0,2.0,0.0,Washington County,2,official_seed_report_only
05145,2023,AR,3.0,9508.0,0.0,0.0,3.0,2.0,199.0,10585.0,3077.0,1181.0,206284714.0,277887184.0,1.0,0.0,White County,2,official_seed_report_only
05149,2023,AR,0.0,0.0,0.0,0.0,0.0,1.0,25.0,328.0,102.0,17.0,18503502.0,18960516.0,0.0,1.0,"Yell County, Arkansas",1,official_seed_report_only
60050,2023,AS,1.0,1417.0,0.0,0.0,1.0,0.0,0.0,0.0,0.0,0.0,0.0,0.0,0.0,0.0,Western District,1,official_seed_report_only
04001,2023,AZ,1.0,2125.0,4.0,0.0,1.0,3.0,102.0,2757.0,687.0,1164.0,194425722.0,64488939.0,0.0,2.0,Apache County,2,official_seed_report_only
04003,2023,AZ,1.0,9422.0,100.0,0.0,1.0,2.0,46.0,221.0,80.0,25.0,43389900.0,41398384.0,0.0,2.0,Cochise County,2,official_seed_report_only
04005,2023,AZ,3.0,35557.0,0.0,0.0,3.0,3.0,114.0,2035.0,497.0,1056.0,176709047.0,42527149.0,0.0,1.0,Coconino County,2,official_seed_report_only
04007,2023,AZ,0.0,0.0,0.0,0.0,0.0,2.0,50.0,2940.0,844.0,187.0,132014336.0,138089662.0,1.0,2.0,"Gila County, Arizona",1,official_seed_report_only
04009,2023,AZ,1.0,7084.0,0.0,0.0,1.0,3.0,45.0,1379.0,253.0,416.0,143115401.0,86759643.0,0.0,2.0,Graham County,2,official_seed_report_only
04012,2023,AZ,0.0,0.0,0.0,0.0,0.0,2.0,45.0,570.0,190.0,195.0,67598905.0,36889862.0,0.0,2.0,"La Paz County, Arizona",1,official_seed_report_only
04013,2023,AZ,79.0,734918.0,23363.0,1.0,73.0,45.0,8037.0,362514.0,75344.0,72153.0,10544944309.0,14928576315.0,18.0,1.0,Maricopa County,2,official_seed_report_only
04015,2023,AZ,2.0,5367.0,0.0,0.0,2.0,1.0,72.0,1235.0,227.0,26.0,39851456.0,56055979.0,0.0,0.0,Mohave County,2,official_seed_report_only
04017,2023,AZ,1.0,4424.0,2.0,0.0,1.0,5.0,220.0,9217.0,2332.0,3163.0,453303498.0,300107071.0,0.0,2.0,Navajo County,2,official_seed_report_only
04019,2023,AZ,16.0,96553.0,123.0,1.0,15.0,10.0,2472.0,108739.0,20247.0,21010.0,2931193279.0,3242222831.0,5.0,0.0,Pima County,2,official_seed_report_only
04021,2023,AZ,2.0,8032.0,0.0,0.0,2.0,5.0,274.0,12912.0,2133.0,1799.0,404755447.0,315330607.0,1.0,1.0,Pinal County,2,official_seed_report_only
04023,2023,AZ,0.0,0.0,0.0,0.0,0.0,1.0,25.0,707.0,36.0,9.0,18571392.0,26564303.0,0.0,1.0,"Santa Cruz County, Arizona",1,official_seed_report_only
04025,2023,AZ,3.0,13970.0,279.0,0.0,3.0,1.0,218.0,13537.0,4180.0,920.0,351086248.0,428079768.0,0.0,0.0,Yavapai County,2,official_seed_report_only
04027,2023,AZ,2.0,12316.0,94.0,0.0,2.0,2.0,439.0,11502.0,3279.0,4244.0,552667016.0,752654226.0,1.0,0.0,Yuma County,2,official_seed_report_only
06001,2023,CA,36.0,171488.0,6786.0,0.0,34.0,7.0,1526.0,72496.0,11361.0,1847.0,3437905821.0,3915166595.0,3.0,0.0,Alameda County,2,official_seed_report_only
06005,2023,CA,0.0,0.0,0.0,0.0,0.0,1.0,52.0,2335.0,1028.0,46.0,93627325.0,106099441.0,1.0,0.0,"Amador County, California",1,official_seed_report_only
06007,2023,CA,4.0,28333.0,1686.0,0.0,3.0,1.0,153.0,10599.0,4034.0,623.0,284218986.0,382116003.0,0.0,0.0,Butte County,2,official_seed_report_only
06009,2023,CA,0.0,0.0,0.0,0.0,0.0,1.0,25.0,537.0,355.0,21.0,71351085.0,80659692.0,0.0,1.0,"Calaveras County, California",1,official_seed_report_only
06011,2023,CA,0.0,0.0,0.0,0.0,0.0,1.0,42.0,724.0,289.0,162.0,28252107.0,32637219.0,0.0,0.0,"Colusa County, California",1,official_seed_report_only
06013,2023,CA,11.0,51390.0,932.0,0.0,11.0,6.0,1195.0,63113.0,13034.0,1353.0,2673588959.0,3089983613.0,4.0,0.0,Contra Costa County,2,official_seed_report_only
06015,2023,CA,0.0,0.0,0.0,0.0,0.0,1.0,39.0,2031.0,806.0,22.0,101457355.0,107955637.0,0.0,0.0,"Del Norte County, California",1,official_seed_report_only
06017,2023,CA,2.0,9313.0,252.0,0.0,2.0,2.0,174.0,6012.0,2197.0,200.0,410976024.0,486291329.0,0.0,0.0,El Dorado County,2,official_seed_report_only
06019,2023,CA,23.0,104510.0,4527.0,1.0,22.0,5.0,329.0,12794.0,1745.0,367.0,742802928.0,831047429.0,2.0,1.0,Fresno County,2,official_seed_report_only
06021,2023,CA,0.0,0.0,0.0,0.0,0.0,1.0,25.0,284.0,93.0,191.0,33551086.0,28674864.0,0.0,1.0,"Glenn County, California",1,official_seed_report_only
06023,2023,CA,4.0,12652.0,1209.0,0.0,4.0,0.0,0.0,0.0,0.0,0.0,0.0,0.0,0.0,0.0,Humboldt County,1,official_seed_report_only
06025,2023,CA,2.0,10979.0,213.0,0.0,2.0,0.0,0.0,0.0,0.0,0.0,0.0,0.0,0.0,0.0,Imperial County,1,official_seed_report_only
06029,2023,CA,11.0,73167.0,2750.0,0.0,11.0,9.0,1060.0,45753.0,9164.0,4333.0,1393003079.0,1631845476.0,0.0,2.0,Kern County,2,official_seed_report_only
06031,2023,CA,3.0,6109.0,95.0,0.0,2.0,1.0,235.0,9203.0,1994.0,760.0,302692535.0,359229664.0,1.0,0.0,Kings County,2,official_seed_report_only
06033,2023,CA,0.0,0.0,0.0,0.0,0.0,2.0,50.0,2839.0,1081.0,56.0,275050790.0,277802171.0,0.0,2.0,"Lake County, California",1,official_seed_report_only
06035,2023,CA,1.0,2991.0,30.0,0.0,1.0,1.0,25.0,798.0,331.0,208.0,40302381.0,42853680.0,0.0,1.0,Lassen County,2,official_seed_report_only
06037,2023,CA,194.0,972425.0,30301.0,4.0,191.0,59.0,13352.0,552642.0,104481.0,52247.0,18672862022.0,21753758484.0,27.0,0.0,Los Angeles County,2,official_seed_report_only
06039,2023,CA,2.0,9348.0,189.0,0.0,1.0,1.0,358.0,9960.0,2.0,3616.0,555971419.0,719923229.0,1.0,0.0,Madera County,2,official_seed_report_only
06041,2023,CA,2.0,8995.0,148.0,0.0,2.0,5.0,683.0,16389.0,4848.0,361.0,874131105.0,831588520.0,1.0,0.0,Marin County,2,official_seed_report_only
06045,2023,CA,3.0,5770.0,92.0,0.0,3.0,3.0,100.0,5325.0,2141.0,191.0,353579292.0,367460588.0,1.0,2.0,Mendocino County,2,official_seed_report_only
06047,2023,CA,4.0,25008.0,280.0,0.0,4.0,1.0,26.0,1808.0,386.0,105.0,75285225.0,109806844.0,0.0,0.0,Merced County,2,official_seed_report_only
06053,2023,CA,9.0,35697.0,1654.0,0.0,9.0,2.0,240.0,14074.0,5791.0,388.0,828659754.0,973211991.0,0.0,1.0,Monterey County,2,official_seed_report_only
06055,2023,CA,2.0,7442.0,203.0,0.0,2.0,1.0,141.0,3426.0,1449.0,58.0,182538453.0,236616887.0,0.0,0.0,Napa County,2,official_seed_report_only
06057,2023,CA,1.0,32.0,0.0,0.0,1.0,1.0,104.0,4361.0,1864.0,206.0,166516420.0,200747878.0,0.0,0.0,Nevada County,2,official_seed_report_only
06059,2023,CA,63.0,356922.0,12367.0,1.0,60.0,17.0,3095.0,120870.0,21778.0,9354.0,3721770160.0,4275692730.0,3.0,0.0,Orange County,2,official_seed_report_only
06061,2023,CA,4.0,26107.0,733.0,0.0,4.0,3.0,809.0,53683.0,9694.0,1378.0,1967871380.0,2449604839.0,2.0,0.0,Placer County,2,official_seed_report_only
06063,2023,CA,1.0,2717.0,82.0,0.0,1.0,0.0,0.0,0.0,0.0,0.0,0.0,0.0,0.0,0.0,Plumas County,1,official_seed_report_only
06065,2023,CA,35.0,156165.0,1677.0,1.0,35.0,10.0,1409.0,68096.0,9161.0,4083.0,1762039639.0,2065871127.0,8.0,0.0,Riverside County,2,official_seed_report_only
06067,2023,CA,28.0,157921.0,7249.0,1.0,26.0,10.0,1654.0,77311.0,9356.0,5827.0,3160905379.0,3732254057.0,4.0,0.0,Sacramento County,2,official_seed_report_only
06071,2023,CA,33.0,128616.0,4155.0,2.0,32.0,9.0,1778.0,81496.0,8709.0,3470.0,2402580512.0,2804710092.0,3.0,1.0,San Bernardino County,2,official_seed_report_only
06073,2023,CA,66.0,416559.0,10122.0,1.0,64.0,16.0,4246.0,204878.0,36445.0,9922.0,6434844877.0,7411514377.0,4.0,0.0,San Diego County,2,official_seed_report_only
06075,2023,CA,18.0,91444.0,6583.0,1.0,17.0,6.0,1050.0,39696.0,7499.0,814.0,2258392476.0,2567492567.0,5.0,0.0,San Francisco County,2,official_seed_report_only
06077,2023,CA,8.0,34793.0,472.0,1.0,8.0,4.0,670.0,27946.0,4108.0,725.0,1115187668.0,1391522290.0,1.0,0.0,San Joaquin County,2,official_seed_report_only
06079,2023,CA,6.0,38891.0,1616.0,0.0,5.0,1.0,98.0,5102.0,2354.0,85.0,183440332.0,232243087.0,0.0,0.0,San Luis Obispo County,2,official_seed_report_only
06081,2023,CA,9.0,40723.0,1133.0,0.0,9.0,4.0,713.0,31001.0,6119.0,278.0,1511332625.0,1803847679.0,2.0,0.0,San Mateo County,2,official_seed_report_only
06083,2023,CA,11.0,67554.0,1412.0,0.0,11.0,3.0,397.0,19259.0,6809.0,706.0,770950975.0,989932089.0,1.0,1.0,Santa Barbara County,2,official_seed_report_only
06085,2023,CA,25.0,185318.0,7365.0,1.0,25.0,5.0,961.0,43060.0,3596.0,1078.0,1914274666.0,2389187085.0,2.0,0.0,Santa Clara County,2,official_seed_report_only
06087,2023,CA,4.0,35799.0,1503.0,0.0,4.0,2.0,134.0,4284.0,1042.0,283.0,211820046.0,224415982.0,0.0,0.0,Santa Cruz County,2,official_seed_report_only
06089,2023,CA,4.0,12826.0,0.0,0.0,4.0,3.0,196.0,6185.0,3196.0,113.0,191029610.0,207073035.0,1.0,0.0,Shasta County,2,official_seed_report_only
06093,2023,CA,1.0,2325.0,0.0,0.0,1.0,1.0,25.0,1275.0,513.0,30.0,109963926.0,117796725.0,0.0,1.0,Siskiyou County,2,official_seed_report_only
06095,2023,CA,7.0,15399.0,370.0,1.0,7.0,5.0,699.0,29226.0,5626.0,1315.0,1607623348.0,1895946933.0,2.0,0.0,Solano County,2,official_seed_report_only
06097,2023,CA,6.0,31265.0,1540.0,0.0,6.0,3.0,440.0,21647.0,3098.0,1260.0,801955097.0,896167836.0,2.0,0.0,Sonoma County,2,official_seed_report_only
06099,2023,CA,11.0,37468.0,1739.0,0.0,10.0,5.0,781.0,30333.0,8563.0,1069.0,1030731013.0,1270001623.0,0.0,0.0,Stanislaus County,2,official_seed_report_only
06101,2023,CA,1.0,97.0,0.0,0.0,1.0,1.0,14.0,323.0,130.0,0.0,39409140.0,35038586.0,0.0,0.0,Sutter County,2,official_seed_report_only
06105,2023,CA,0.0,0.0,0.0,0.0,0.0,1.0,25.0,116.0,74.0,7.0,27792770.0,32949883.0,0.0,1.0,"Trinity County, California",1,official_seed_report_only
06107,2023,CA,8.0,29204.0,357.0,0.0,8.0,1.0,73.0,1876.0,416.0,103.0,77777028.0,59163519.0,1.0,0.0,Tulare County,2,official_seed_report_only
06109,2023,CA,1.0,3611.0,101.0,0.0,1.0,1.0,84.0,4454.0,1915.0,261.0,265978505.0,325214920.0,0.0,0.0,Tuolumne County,2,official_seed_report_only
06111,2023,CA,12.0,59212.0,919.0,0.0,12.0,5.0,743.0,40619.0,12230.0,958.0,1176634480.0,1396593567.0,2.0,1.0,Ventura County,2,official_seed_report_only
06113,2023,CA,2.0,47768.0,983.0,1.0,2.0,2.0,131.0,7218.0,1710.0,361.0,307786427.0,415334781.0,1.0,0.0,Yolo County,2,official_seed_report_only
06115,2023,CA,1.0,8260.0,46.0,0.0,1.0,1.0,209.0,10827.0,4028.0,782.0,410521743.0,469940828.0,0.0,0.0,Yuba County,2,official_seed_report_only
08001,2023,CO,5.0,59864.0,1062.0,1.0,4.0,4.0,756.0,27258.0,1514.0,10757.0,1569159187.0,1833887500.0,2.0,0.0,Adams County,2,official_seed_report_only
08003,2023,CO,1.0,3715.0,0.0,0.0,1.0,0.0,0.0,0.0,0.0,0.0,0.0,0.0,0.0,0.0,Alamosa County,1,official_seed_report_only
08005,2023,CO,12.0,48919.0,464.0,0.0,11.0,5.0,1020.0,48622.0,8453.0,8041.0,1216647177.0,1588660687.0,3.0,0.0,Arapahoe County,2,official_seed_report_only
08007,2023,CO,0.0,0.0,0.0,0.0,0.0,1.0,11.0,244.0,116.0,29.0,36677072.0,41042750.0,0.0,1.0,"Archuleta County, Colorado",1,official_seed_report_only
08009,2023,CO,0.0,0.0,0.0,0.0,0.0,1.0,15.0,170.0,139.0,15.0,22208214.0,19072626.0,0.0,1.0,"Baca County, Colorado",1,official_seed_report_only
08013,2023,CO,6.0,60571.0,369.0,0.0,5.0,5.0,661.0,30255.0,4605.0,4055.0,922579404.0,1095422312.0,0.0,0.0,Boulder County,2,official_seed_report_only
08014,2023,CO,1.0,475.0,0.0,0.0,1.0,0.0,0.0,0.0,0.0,0.0,0.0,0.0,0.0,0.0,Broomfield County,1,official_seed_report_only
08015,2023,CO,0.0,0.0,0.0,0.0,0.0,1.0,25.0,740.0,275.0,120.0,99686395.0,129529195.0,0.0,1.0,"Chaffee County, Colorado",1,official_seed_report_only
08017,2023,CO,0.0,0.0,0.0,0.0,0.0,1.0,11.0,39.0,25.0,6.0,12463576.0,9595047.0,0.0,1.0,"Cheyenne County, Colorado",1,official_seed_report_only
08029,2023,CO,1.0,370.0,0.0,0.0,1.0,1.0,49.0,1303.0,428.0,80.0,88215007.0,102768047.0,0.0,0.0,Delta County,2,official_seed_report_only
08031,2023,CO,17.0,66143.0,503.0,0.0,17.0,5.0,1189.0,56667.0,5460.0,12018.0,1966922081.0,2446888767.0,4.0,0.0,Denver County,2,official_seed_report_only
08035,2023,CO,2.0,1703.0,0.0,1.0,2.0,3.0,337.0,15800.0,2673.0,1654.0,419073540.0,549223727.0,0.0,0.0,Douglas County,2,official_seed_report_only
08037,2023,CO,0.0,0.0,0.0,0.0,0.0,1.0,54.0,1482.0,436.0,208.0,209841110.0,238225583.0,0.0,0.0,"Eagle County, Colorado",1,official_seed_report_only
08041,2023,CO,14.0,90176.0,21654.0,0.0,14.0,4.0,375.0,12165.0,834.0,4084.0,326719744.0,334727002.0,0.0,0.0,El Paso County,2,official_seed_report_only
08045,2023,CO,1.0,7235.0,0.0,0.0,1.0,2.0,56.0,3620.0,1102.0,810.0,297672791.0,407152327.0,0.0,1.0,Garfield County,2,official_seed_report_only
08049,2023,CO,0.0,0.0,0.0,0.0,0.0,1.0,22.0,117.0,48.0,17.0,48683685.0,56467934.0,0.0,1.0,"Grand County, Colorado",1,official_seed_report_only
08051,2023,CO,1.0,5767.0,497.0,0.0,1.0,1.0,20.0,513.0,184.0,84.0,58329265.0,71784529.0,0.0,1.0,Gunnison County,2,official_seed_report_only
08055,2023,CO,0.0,0.0,0.0,0.0,0.0,1.0,20.0,179.0,63.0,23.0,35417142.0,34235966.0,0.0,1.0,"Huerfano County, Colorado",1,official_seed_report_only
08059,2023,CO,9.0,39609.0,233.0,0.0,9.0,2.0,278.0,13653.0,2608.0,2460.0,434951961.0,432776925.0,0.0,0.0,Jefferson County,2,official_seed_report_only
08061,2023,CO,0.0,0.0,0.0,0.0,0.0,1.0,25.0,25.0,16.0,3.0,10321404.0,6766523.0,0.0,1.0,"Kiowa County, Colorado",1,official_seed_report_only
08063,2023,CO,0.0,0.0,0.0,0.0,0.0,1.0,19.0,137.0,95.0,13.0,19771570.0,23612891.0,0.0,1.0,"Kit Carson County, Colorado",1,official_seed_report_only
08067,2023,CO,1.0,3835.0,0.0,0.0,1.0,1.0,12.0,1007.0,52.0,13.0,38885570.0,47185843.0,0.0,0.0,La Plata County,2,official_seed_report_only
08065,2023,CO,0.0,0.0,0.0,0.0,0.0,1.0,8.0,85.0,27.0,0.0,20870014.0,12811591.0,0.0,1.0,"Lake County, Colorado",1,official_seed_report_only
08069,2023,CO,4.0,37431.0,0.0,1.0,4.0,5.0,285.0,6308.0,1329.0,842.0,238416722.0,260981990.0,0.0,1.0,Larimer County,2,official_seed_report_only
08071,2023,CO,1.0,2284.0,0.0,0.0,1.0,1.0,25.0,497.0,149.0,96.0,35403105.0,35337327.0,0.0,1.0,Las Animas County,2,official_seed_report_only
08073,2023,CO,0.0,0.0,0.0,0.0,0.0,1.0,15.0,198.0,100.0,30.0,26266713.0,23463176.0,0.0,1.0,"Lincoln County, Colorado",1,official_seed_report_only
08075,2023,CO,1.0,1826.0,0.0,0.0,1.0,1.0,25.0,904.0,285.0,214.0,48987414.0,56108660.0,0.0,0.0,Logan County,2,official_seed_report_only
08077,2023,CO,2.0,11992.0,44.0,0.0,2.0,3.0,321.0,15832.0,3418.0,2358.0,652637558.0,846516273.0,1.0,1.0,Mesa County,2,official_seed_report_only
08081,2023,CO,0.0,0.0,0.0,0.0,0.0,1.0,25.0,382.0,160.0,68.0,55788336.0,67158896.0,0.0,1.0,"Moffat County, Colorado",1,official_seed_report_only
08083,2023,CO,0.0,0.0,0.0,0.0,0.0,1.0,20.0,885.0,269.0,209.0,56160091.0,76386189.0,0.0,1.0,"Montezuma County, Colorado",1,official_seed_report_only
08085,2023,CO,0.0,0.0,0.0,0.0,0.0,1.0,51.0,2246.0,694.0,419.0,112130169.0,166157078.0,0.0,0.0,"Montrose County, Colorado",1,official_seed_report_only
08087,2023,CO,1.0,1863.0,0.0,0.0,1.0,1.0,25.0,460.0,131.0,130.0,35710098.0,40231355.0,0.0,1.0,Morgan County,2,official_seed_report_only
08089,2023,CO,1.0,1248.0,0.0,0.0,1.0,0.0,0.0,0.0,0.0,0.0,0.0,0.0,0.0,0.0,Otero County,1,official_seed_report_only
08095,2023,CO,0.0,0.0,0.0,0.0,0.0,2.0,40.0,172.0,130.0,9.0,34363889.0,36937851.0,0.0,2.0,"Phillips County, Colorado",1,official_seed_report_only
08097,2023,CO,0.0,0.0,0.0,0.0,0.0,1.0,25.0,634.0,196.0,36.0,116783440.0,134308918.0,0.0,1.0,"Pitkin County, Colorado",1,official_seed_report_only
08099,2023,CO,1.0,814.0,0.0,0.0,1.0,1.0,25.0,389.0,150.0,134.0,41724474.0,41875436.0,0.0,1.0,Prowers County,2,official_seed_report_only
08101,2023,CO,2.0,20405.0,71.0,0.0,2.0,0.0,0.0,0.0,0.0,0.0,0.0,0.0,0.0,0.0,Pueblo County,1,official_seed_report_only
08103,2023,CO,1.0,1501.0,0.0,0.0,1.0,2.0,36.0,526.0,216.0,15.0,62383914.0,53769847.0,0.0,2.0,Rio Blanco County,2,official_seed_report_only
08105,2023,CO,0.0,0.0,0.0,0.0,0.0,1.0,17.0,651.0,303.0,89.0,24736338.0,29560551.0,0.0,1.0,"Rio Grande County, Colorado",1,official_seed_report_only
08107,2023,CO,0.0,0.0,0.0,0.0,0.0,1.0,34.0,277.0,81.0,41.0,20379366.0,31243658.0,0.0,0.0,"Routt County, Colorado",1,official_seed_report_only
08115,2023,CO,0.0,0.0,0.0,0.0,0.0,1.0,9.0,124.0,102.0,1.0,14152118.0,13106712.0,0.0,1.0,"Sedgwick County, Colorado",1,official_seed_report_only
08123,2023,CO,3.0,20687.0,37.0,0.0,3.0,1.0,182.0,8204.0,1381.0,2850.0,270930954.0,321250710.0,1.0,0.0,Weld County,2,official_seed_report_only
08125,2023,CO,0.0,0.0,0.0,0.0,0.0,2.0,31.0,407.0,188.0,92.0,51713366.0,59106944.0,1.0,2.0,"Yuma County, Colorado",1,official_seed_report_only
09110,2023,CT,20.0,118780.0,197.0,1.0,17.0,0.0,0.0,0.0,0.0,0.0,0.0,0.0,0.0,0.0,Capitol Planning Region,1,official_seed_report_only
09001,2023,CT,0.0,0.0,0.0,0.0,0.0,7.0,1641.0,83436.0,23329.0,18248.0,3193970813.0,3830521297.0,6.0,0.0,"Fairfield County, Connecticut",1,official_seed_report_only
09120,2023,CT,10.0,28183.0,0.0,0.0,9.0,0.0,0.0,0.0,0.0,0.0,0.0,0.0,0.0,0.0,Greater Bridgeport Planning Region,1,official_seed_report_only
09003,2023,CT,0.0,0.0,0.0,0.0,0.0,8.0,1877.0,89914.0,17675.0,24146.0,3832279145.0,4186821440.0,5.0,0.0,"Hartford County, Connecticut",1,official_seed_report_only
09005,2023,CT,0.0,0.0,0.0,0.0,0.0,2.0,158.0,6406.0,2340.0,1080.0,209866899.0,220943576.0,1.0,0.0,"Litchfield County, Connecticut",1,official_seed_report_only
09130,2023,CT,4.0,5285.0,0.0,0.0,3.0,0.0,0.0,0.0,0.0,0.0,0.0,0.0,0.0,0.0,Lower Connecticut River Valley Planning Region,1,official_seed_report_only
09007,2023,CT,0.0,0.0,0.0,0.0,0.0,1.0,187.0,9538.0,2977.0,1417.0,400314798.0,483456626.0,1.0,0.0,"Middlesex County, Connecticut",1,official_seed_report_only
09140,2023,CT,9.0,35992.0,21.0,0.0,8.0,0.0,0.0,0.0,0.0,0.0,0.0,0.0,0.0,0.0,Naugatuck Valley Planning Region,1,official_seed_report_only
09009,2023,CT,0.0,0.0,0.0,0.0,0.0,9.0,2105.0,97661.0,19038.0,26082.0,4436010684.0,4916437946.0,5.0,0.0,"New Haven County, Connecticut",1,official_seed_report_only
09011,2023,CT,0.0,0.0,0.0,0.0,0.0,2.0,423.0,23477.0,5481.0,5873.0,803051527.0,894512867.0,1.0,0.0,"New London County, Connecticut",1,official_seed_report_only
09150,2023,CT,1.0,0.0,0.0,0.0,0.0,0.0,0.0,0.0,0.0,0.0,0.0,0.0,0.0,0.0,Northeastern Connecticut Planning Region,1,official_seed_report_only
09160,2023,CT,1.0,0.0,0.0,0.0,0.0,0.0,0.0,0.0,0.0,0.0,0.0,0.0,0.0,0.0,Northwest Hills Planning Region,1,official_seed_report_only
09170,2023,CT,11.0,49821.0,441.0,2.0,10.0,0.0,0.0,0.0,0.0,0.0,0.0,0.0,0.0,0.0,South Central Connecticut Planning Region,1,official_seed_report_only
09180,2023,CT,7.0,8606.0,0.0,0.0,5.0,0.0,0.0,0.0,0.0,0.0,0.0,0.0,0.0,0.0,Southeastern Connecticut Planning Region,1,official_seed_report_only
09013,2023,CT,0.0,0.0,0.0,0.0,0.0,3.0,205.0,2758.0,463.0,1007.0,142777120.0,126208047.0,1.0,0.0,"Tolland County, Connecticut",1,official_seed_report_only
09190,2023,CT,4.0,7810.0,0.0,0.0,3.0,0.0,0.0,0.0,0.0,0.0,0.0,0.0,0.0,0.0,Western Connecticut Planning Region,1,official_seed_report_only
09015,2023,CT,0.0,0.0,0.0,0.0,0.0,2.0,150.0,5208.0,1436.0,1157.0,231937952.0,233872066.0,0.0,0.0,"Windham County, Connecticut",1,official_seed_report_only
11001,2023,DC,22.0,118882.0,1423.0,3.0,22.0,7.0,1263.0,32427.0,5729.0,5014.0,981821970.0,1018317860.0,3.0,0.0,District of Columbia,2,official_seed_report_only
10001,2023,DE,5.0,22520.0,204.0,0.0,4.0,1.0,104.0,3158.0,168.0,0.0,22908712.0,27582244.0,0.0,0.0,Kent County,2,official_seed_report_only
10003,2023,DE,10.0,49234.0,104.0,0.0,10.0,4.0,540.0,17262.0,1406.0,2365.0,664459111.0,830159495.0,1.0,0.0,New Castle County,2,official_seed_report_only
10005,2023,DE,2.0,210.0,0.0,0.0,2.0,2.0,124.0,4083.0,405.0,233.0,25410274.0,28458843.0,0.0,0.0,Sussex County,2,official_seed_report_only
12001,2023,FL,10.0,87313.0,0.0,1.0,9.0,1.0,60.0,1422.0,575.0,6.0,27772506.0,35890388.0,1.0,0.0,Alachua County,2,official_seed_report_only
12003,2023,FL,0.0,0.0,0.0,0.0,0.0,1.0,21.0,394.0,177.0,0.0,30047840.0,34134490.0,0.0,0.0,"Baker County, Florida",1,official_seed_report_only
12005,2023,FL,2.0,6719.0,0.0,0.0,2.0,2.0,161.0,3332.0,829.0,2.0,39478290.0,49562189.0,0.0,0.0,Bay County,2,official_seed_report_only
12007,2023,FL,1.0,152.0,0.0,0.0,1.0,0.0,0.0,0.0,0.0,0.0,0.0,0.0,0.0,0.0,Bradford County,1,official_seed_report_only
12009,2023,FL,6.0,30164.0,123.0,0.0,5.0,9.0,1646.0,70544.0,20006.0,3645.0,1638670737.0,1677829373.0,0.0,0.0,Brevard County,2,official_seed_report_only
12011,2023,FL,37.0,119231.0,757.0,1.0,36.0,7.0,1088.0,44967.0,8343.0,2905.0,960542466.0,1184041285.0,2.0,0.0,Broward County,2,official_seed_report_only
12013,2023,FL,0.0,0.0,0.0,0.0,0.0,1.0,10.0,172.0,59.0,3.0,13550541.0,11226422.0,0.0,1.0,"Calhoun County, Florida",1,official_seed_report_only
12015,2023,FL,1.0,536.0,0.0,0.0,1.0,3.0,568.0,23138.0,8031.0,1123.0,453337061.0,506884373.0,0.0,0.0,Charlotte County,2,official_seed_report_only
12017,2023,FL,1.0,596.0,0.0,0.0,1.0,2.0,325.0,18823.0,6063.0,914.0,290111740.0,200016077.0,1.0,0.0,Citrus County,2,official_seed_report_only
12019,2023,FL,2.0,692.0,0.0,0.0,2.0,0.0,0.0,0.0,0.0,0.0,0.0,0.0,0.0,0.0,Clay County,1,official_seed_report_only
12021,2023,FL,4.0,3212.0,4.0,0.0,4.0,4.0,981.0,47090.0,18378.0,2628.0,1041682394.0,1144176581.0,1.0,0.0,Collier County,2,official_seed_report_only
12023,2023,FL,1.0,4037.0,0.0,0.0,1.0,1.0,113.0,8228.0,2485.0,151.0,105341842.0,176389103.0,0.0,0.0,Columbia County,2,official_seed_report_only
12027,2023,FL,0.0,0.0,0.0,0.0,0.0,1.0,49.0,891.0,257.0,15.0,43027457.0,42884965.0,0.0,0.0,"DeSoto County, Florida",1,official_seed_report_only
12031,2023,FL,18.0,65098.0,121.0,0.0,18.0,5.0,1994.0,97551.0,28899.0,1433.0,3350474706.0,4207496979.0,3.0,0.0,Duval County,2,official_seed_report_only
12033,2023,FL,6.0,30263.0,0.0,0.0,6.0,3.0,392.0,17278.0,4935.0,392.0,511009772.0,513611535.0,0.0,0.0,Escambia County,2,official_seed_report_only
12035,2023,FL,1.0,196.0,0.0,0.0,1.0,1.0,99.0,9053.0,2994.0,101.0,200656058.0,307699977.0,0.0,0.0,Flagler County,2,official_seed_report_only
12037,2023,FL,0.0,0.0,0.0,0.0,0.0,1.0,25.0,62.0,25.0,0.0,8683037.0,7835836.0,0.0,1.0,"Franklin County, Florida",1,official_seed_report_only
12039,2023,FL,1.0,70.0,0.0,0.0,1.0,0.0,0.0,0.0,0.0,0.0,0.0,0.0,0.0,0.0,Gadsden County,1,official_seed_report_only
12049,2023,FL,0.0,0.0,0.0,0.0,0.0,1.0,25.0,97.0,32.0,1.0,29820646.0,38516870.0,0.0,1.0,"Hardee County, Florida",1,official_seed_report_only
12051,2023,FL,0.0,0.0,0.0,0.0,0.0,1.0,25.0,369.0,98.0,0.0,38545143.0,32043437.0,0.0,1.0,"Hendry County, Florida",1,official_seed_report_only
12053,2023,FL,2.0,486.0,16.0,0.0,2.0,3.0,390.0,15651.0,3398.0,1487.0,189891454.0,218711714.0,0.0,0.0,Hernando County,2,official_seed_report_only
12055,2023,FL,2.0,3847.0,0.0,0.0,2.0,2.0,313.0,15314.0,4609.0,502.0,331009195.0,407201185.0,1.0,0.0,Highlands County,2,official_seed_report_only
12057,2023,FL,22.0,118604.0,57.0,1.0,21.0,9.0,4028.0,183174.0,31719.0,9208.0,4611854007.0,5669983185.0,6.0,0.0,Hillsborough County,2,official_seed_report_only
12059,2023,FL,0.0,0.0,0.0,0.0,0.0,1.0,20.0,351.0,128.0,0.0,20418974.0,21353372.0,0.0,1.0,"Holmes County, Florida",1,official_seed_report_only
12061,2023,FL,1.0,171.0,0.0,0.0,1.0,3.0,535.0,21027.0,8145.0,96.0,513418268.0,531913887.0,0.0,0.0,Indian River County,2,official_seed_report_only
12063,2023,FL,2.0,2934.0,0.0,0.0,2.0,1.0,66.0,2211.0,771.0,100.0,59688393.0,75656051.0,0.0,0.0,Jackson County,2,official_seed_report_only
12069,2023,FL,3.0,7688.0,0.0,0.0,3.0,4.0,552.0,34465.0,10470.0,649.0,631475596.0,782393621.0,0.0,0.0,Lake County,2,official_seed_report_only
12071,2023,FL,13.0,42857.0,26.0,0.0,13.0,6.0,1878.0,94479.0,22883.0,9901.0,2044337884.0,2521375802.0,2.0,0.0,Lee County,2,official_seed_report_only
12073,2023,FL,7.0,78826.0,0.0,1.0,7.0,2.0,536.0,29869.0,5415.0,1230.0,807919093.0,904546401.0,1.0,0.0,Leon County,2,official_seed_report_only
12079,2023,FL,1.0,1632.0,0.0,0.0,1.0,1.0,25.0,150.0,50.0,0.0,14112498.0,11373408.0,0.0,1.0,Madison County,2,official_seed_report_only
12081,2023,FL,5.0,12973.0,0.0,0.0,3.0,3.0,455.0,28948.0,6684.0,1640.0,497630006.0,583895389.0,1.0,0.0,Manatee County,2,official_seed_report_only
12083,2023,FL,4.0,20936.0,0.0,0.0,4.0,2.0,431.0,20580.0,5201.0,466.0,400024490.0,469136440.0,0.0,0.0,Marion County,2,official_seed_report_only
12085,2023,FL,1.0,203.0,0.0,0.0,1.0,2.0,601.0,35647.0,12374.0,191.0,666893024.0,681387259.0,0.0,0.0,Martin County,2,official_seed_report_only
12086,2023,FL,72.0,226096.0,159.0,2.0,67.0,17.0,5251.0,221610.0,31586.0,18199.0,7280987779.0,7461314715.0,11.0,0.0,Miami-Dade County,2,official_seed_report_only
12087,2023,FL,1.0,1524.0,0.0,0.0,1.0,3.0,123.0,2962.0,1049.0,148.0,192226692.0,251119555.0,0.0,2.0,Monroe County,2,official_seed_report_only
12089,2023,FL,0.0,0.0,0.0,0.0,0.0,1.0,54.0,3154.0,1195.0,21.0,70168307.0,95529701.0,0.0,0.0,"Nassau County, Florida",1,official_seed_report_only
12091,2023,FL,2.0,7346.0,0.0,0.0,2.0,0.0,0.0,0.0,0.0,0.0,0.0,0.0,0.0,0.0,Okaloosa County,1,official_seed_report_only
12095,2023,FL,22.0,213403.0,680.0,1.0,21.0,8.0,5100.0,300576.0,47487.0,12853.0,7729895203.0,10589332693.0,3.0,0.0,Orange County,2,official_seed_report_only
12097,2023,FL,3.0,1361.0,0.0,0.0,3.0,2.0,435.0,25458.0,3705.0,73.0,417060327.0,625763283.0,1.0,0.0,Osceola County,2,official_seed_report_only
12099,2023,FL,23.0,92188.0,127.0,1.0,23.0,11.0,2189.0,106313.0,33285.0,2379.0,2479344110.0,2654765624.0,6.0,0.0,Palm Beach County,2,official_seed_report_only
12101,2023,FL,6.0,27283.0,23.0,0.0,6.0,7.0,904.0,45347.0,8687.0,1020.0,863860460.0,1029124499.0,1.0,0.0,Pasco County,2,official_seed_report_only
12103,2023,FL,11.0,70855.0,210.0,0.0,11.0,10.0,2325.0,102601.0,27501.0,2524.0,2221699393.0,2705662157.0,4.0,0.0,Pinellas County,2,official_seed_report_only
12105,2023,FL,11.0,32896.0,0.0,0.0,11.0,4.0,1341.0,66426.0,13738.0,2857.0,1378832619.0,1591375137.0,2.0,0.0,Polk County,2,official_seed_report_only
12107,2023,FL,1.0,8433.0,0.0,0.0,1.0,0.0,0.0,0.0,0.0,0.0,0.0,0.0,0.0,0.0,Putnam County,1,official_seed_report_only
12113,2023,FL,1.0,469.0,0.0,0.0,1.0,2.0,84.0,3609.0,1399.0,32.0,111672859.0,133838132.0,0.0,0.0,Santa Rosa County,2,official_seed_report_only
12115,2023,FL,7.0,4995.0,0.0,0.0,6.0,5.0,1251.0,67360.0,29146.0,2011.0,1559642268.0,1832686141.0,2.0,0.0,Sarasota County,2,official_seed_report_only
12117,2023,FL,7.0,22993.0,0.0,0.0,7.0,1.0,70.0,1936.0,1305.0,2.0,27451204.0,39619294.0,0.0,0.0,Seminole County,2,official_seed_report_only
12109,2023,FL,2.0,3545.0,0.0,0.0,2.0,2.0,375.0,14797.0,4893.0,432.0,335752734.0,312645185.0,0.0,0.0,St. Johns County,2,official_seed_report_only
12111,2023,FL,4.0,21730.0,0.0,0.0,4.0,3.0,658.0,37544.0,8268.0,1594.0,538513263.0,845795336.0,2.0,0.0,St. Lucie County,2,official_seed_report_only
12119,2023,FL,1.0,115.0,0.0,0.0,1.0,0.0,0.0,0.0,0.0,0.0,0.0,0.0,0.0,0.0,Sumter County,1,official_seed_report_only
12121,2023,FL,1.0,430.0,0.0,0.0,1.0,0.0,0.0,0.0,0.0,0.0,0.0,0.0,0.0,0.0,Suwannee County,1,official_seed_report_only
12123,2023,FL,1.0,264.0,0.0,0.0,1.0,1.0,48.0,157.0,53.0,0.0,8964516.0,7291761.0,0.0,0.0,Taylor County,2,official_seed_report_only
12125,2023,FL,0.0,0.0,0.0,0.0,0.0,1.0,25.0,15.0,2.0,1.0,11547701.0,15419920.0,0.0,1.0,"Union County, Florida",1,official_seed_report_only
12127,2023,FL,8.0,53674.0,740.0,0.0,8.0,7.0,1444.0,76609.0,16990.0,1750.0,1599961889.0,2038333705.0,1.0,0.0,Volusia County,2,official_seed_report_only
12131,2023,FL,1.0,251.0,0.0,0.0,1.0,0.0,0.0,0.0,0.0,0.0,0.0,0.0,0.0,0.0,Walton County,1,official_seed_report_only
12133,2023,FL,1.0,514.0,0.0,0.0,1.0,1.0,25.0,607.0,278.0,7.0,34025997.0,37451567.0,0.0,1.0,Washington County,2,official_seed_report_only
00002,2023,FM,1.0,2438.0,0.0,0.0,1.0,0.0,0.0,0.0,0.0,0.0,0.0,0.0,0.0,0.0, ,1,official_seed_report_only
13009,2023,GA,2.0,19333.0,0.0,0.0,2.0,1.0,86.0,3761.0,445.0,257.0,65353187.0,60252013.0,0.0,0.0,Baldwin County,2,official_seed_report_only
13013,2023,GA,0.0,0.0,0.0,0.0,0.0,1.0,38.0,1289.0,259.0,111.0,51696463.0,52122873.0,0.0,0.0,"Barrow County, Georgia",1,official_seed_report_only
13019,2023,GA,0.0,0.0,0.0,0.0,0.0,1.0,10.0,129.0,36.0,7.0,9570904.0,7779497.0,0.0,0.0,"Berrien County, Georgia",1,official_seed_report_only
13021,2023,GA,5.0,21413.0,0.0,1.0,5.0,3.0,754.0,32554.0,5000.0,2024.0,813381345.0,881506281.0,1.0,0.0,Bibb County,2,official_seed_report_only
13027,2023,GA,0.0,0.0,0.0,0.0,0.0,1.0,25.0,26.0,3.0,2.0,11341033.0,11129207.0,0.0,1.0,"Brooks County, Georgia",1,official_seed_report_only
13031,2023,GA,2.0,32686.0,0.0,0.0,2.0,1.0,142.0,8416.0,1724.0,1848.0,141477411.0,204452637.0,0.0,0.0,Bulloch County,2,official_seed_report_only
13033,2023,GA,0.0,0.0,0.0,0.0,0.0,1.0,40.0,276.0,68.0,20.0,47568294.0,73732201.0,0.0,0.0,"Burke County, Georgia",1,official_seed_report_only
13043,2023,GA,0.0,0.0,0.0,0.0,0.0,1.0,25.0,218.0,84.0,19.0,25333713.0,32716727.0,0.0,1.0,"Candler County, Georgia",1,official_seed_report_only
13045,2023,GA,1.0,14712.0,0.0,0.0,1.0,0.0,0.0,0.0,0.0,0.0,0.0,0.0,0.0,0.0,Carroll County,1,official_seed_report_only
13051,2023,GA,6.0,42796.0,227.0,0.0,6.0,2.0,688.0,37095.0,5373.0,2003.0,620587025.0,959483162.0,1.0,0.0,Chatham County,2,official_seed_report_only
13057,2023,GA,1.0,1251.0,0.0,0.0,1.0,1.0,325.0,15911.0,4215.0,1141.0,551029092.0,683240763.0,0.0,0.0,Cherokee County,2,official_seed_report_only
13059,2023,GA,3.0,50415.0,92.0,1.0,3.0,1.0,42.0,313.0,98.0,81.0,15777791.0,19005110.0,0.0,0.0,Clarke County,2,official_seed_report_only
13063,2023,GA,4.0,9804.0,0.0,0.0,4.0,3.0,578.0,19106.0,1226.0,502.0,179508255.0,209371247.0,0.0,0.0,Clayton County,2,official_seed_report_only
13067,2023,GA,7.0,67927.0,0.0,0.0,7.0,1.0,188.0,6275.0,392.0,6.0,32870495.0,46213832.0,0.0,0.0,Cobb County,2,official_seed_report_only
13069,2023,GA,1.0,2286.0,0.0,0.0,1.0,1.0,82.0,3933.0,680.0,333.0,104669831.0,150324386.0,0.0,0.0,Coffee County,2,official_seed_report_only
13071,2023,GA,0.0,0.0,0.0,0.0,0.0,2.0,153.0,7688.0,2017.0,728.0,175466851.0,229423915.0,1.0,0.0,"Colquitt County, Georgia",1,official_seed_report_only
13073,2023,GA,1.0,68.0,0.0,0.0,1.0,0.0,0.0,0.0,0.0,0.0,0.0,0.0,0.0,0.0,Columbia County,1,official_seed_report_only
13077,2023,GA,0.0,0.0,0.0,0.0,0.0,2.0,110.0,2486.0,1171.0,150.0,263328213.0,1596519936.0,0.0,0.0,"Coweta County, Georgia",1,official_seed_report_only
13083,2023,GA,1.0,935.0,0.0,0.0,1.0,0.0,0.0,0.0,0.0,0.0,0.0,0.0,0.0,0.0,Dade County,1,official_seed_report_only
13089,2023,GA,16.0,36392.0,142.0,1.0,15.0,2.0,576.0,19943.0,439.0,2466.0,720153071.0,1050235288.0,1.0,0.0,DeKalb County,2,official_seed_report_only
13091,2023,GA,0.0,0.0,0.0,0.0,0.0,1.0,41.0,565.0,196.0,39.0,23338719.0,22610982.0,0.0,0.0,"Dodge County, Georgia",1,official_seed_report_only
13095,2023,GA,3.0,11507.0,0.0,0.0,2.0,0.0,0.0,0.0,0.0,0.0,0.0,0.0,0.0,0.0,Dougherty County,1,official_seed_report_only
13099,2023,GA,0.0,0.0,0.0,0.0,0.0,1.0,25.0,85.0,32.0,7.0,20779449.0,16856097.0,0.0,1.0,"Early County, Georgia",1,official_seed_report_only
13107,2023,GA,1.0,2242.0,0.0,0.0,1.0,0.0,0.0,0.0,0.0,0.0,0.0,0.0,0.0,0.0,Emanuel County,1,official_seed_report_only
13109,2023,GA,0.0,0.0,0.0,0.0,0.0,1.0,49.0,479.0,131.0,36.0,16535931.0,16253223.0,0.0,0.0,"Evans County, Georgia",1,official_seed_report_only
13111,2023,GA,0.0,0.0,0.0,0.0,0.0,2.0,50.0,210.0,77.0,13.0,26739039.0,30259680.0,0.0,0.0,"Fannin County, Georgia",1,official_seed_report_only
13115,2023,GA,4.0,18921.0,0.0,0.0,4.0,1.0,227.0,16268.0,2969.0,1457.0,429959045.0,485730076.0,1.0,0.0,Floyd County,2,official_seed_report_only
13117,2023,GA,1.0,59.0,0.0,0.0,1.0,2.0,426.0,18882.0,5605.0,1055.0,650771208.0,750747119.0,0.0,0.0,Forsyth County,2,official_seed_report_only
13119,2023,GA,1.0,916.0,0.0,0.0,1.0,0.0,0.0,0.0,0.0,0.0,0.0,0.0,0.0,0.0,Franklin County,1,official_seed_report_only
13121,2023,GA,27.0,145499.0,889.0,1.0,26.0,3.0,1699.0,83312.0,6992.0,15859.0,4050708802.0,5173563413.0,2.0,0.0,Fulton County,2,official_seed_report_only
13127,2023,GA,1.0,3904.0,0.0,0.0,1.0,1.0,101.0,2497.0,119.0,0.0,15889265.0,14220754.0,0.0,0.0,Glynn County,2,official_seed_report_only
13129,2023,GA,0.0,0.0,0.0,0.0,0.0,1.0,69.0,4320.0,958.0,271.0,128157314.0,0.0,0.0,0.0,"Gordon County, Georgia",1,official_seed_report_only
13131,2023,GA,0.0,0.0,0.0,0.0,0.0,1.0,44.0,651.0,80.0,124.0,26858052.0,30797271.0,0.0,0.0,"Grady County, Georgia",1,official_seed_report_only
13135,2023,GA,10.0,27799.0,2.0,0.0,9.0,3.0,630.0,35232.0,6200.0,2808.0,1208319870.0,1430816986.0,1.0,0.0,Gwinnett County,2,official_seed_report_only
13137,2023,GA,2.0,5692.0,0.0,0.0,2.0,1.0,28.0,310.0,64.0,12.0,15850042.0,7776859.0,0.0,0.0,Habersham County,2,official_seed_report_only
13139,2023,GA,4.0,10994.0,0.0,0.0,3.0,1.0,657.0,37287.0,9084.0,2674.0,1271254999.0,1726540288.0,1.0,0.0,Hall County,2,official_seed_report_only
13143,2023,GA,1.0,8936.0,0.0,0.0,1.0,0.0,0.0,0.0,0.0,0.0,0.0,0.0,0.0,0.0,Haralson County,1,official_seed_report_only
13153,2023,GA,1.0,13237.0,0.0,0.0,1.0,1.0,254.0,12829.0,3151.0,807.0,273101025.0,275388143.0,1.0,0.0,Houston County,2,official_seed_report_only
13155,2023,GA,0.0,0.0,0.0,0.0,0.0,2.0,34.0,77.0,1.0,1.0,13358348.0,19135845.0,0.0,0.0,"Irwin County, Georgia",1,official_seed_report_only
13159,2023,GA,0.0,0.0,0.0,0.0,0.0,1.0,12.0,3.0,2.0,1.0,12660849.0,12436418.0,0.0,1.0,"Jasper County, Georgia",1,official_seed_report_only
13161,2023,GA,0.0,0.0,0.0,0.0,0.0,1.0,25.0,328.0,84.0,31.0,23011656.0,22866900.0,0.0,1.0,"Jeff Davis County, Georgia",1,official_seed_report_only
13163,2023,GA,0.0,0.0,0.0,0.0,0.0,1.0,37.0,190.0,44.0,18.0,18401599.0,13631046.0,0.0,0.0,"Jefferson County, Georgia",1,official_seed_report_only
13165,2023,GA,0.0,0.0,0.0,0.0,0.0,1.0,15.0,53.0,18.0,0.0,10665147.0,12626977.0,0.0,1.0,"Jenkins County, Georgia",1,official_seed_report_only
13171,2023,GA,1.0,3749.0,0.0,0.0,1.0,0.0,0.0,0.0,0.0,0.0,0.0,0.0,0.0,0.0,Lamar County,1,official_seed_report_only
13173,2023,GA,0.0,0.0,0.0,0.0,0.0,1.0,25.0,261.0,30.0,4.0,17386947.0,16421575.0,0.0,1.0,"Lanier County, Georgia",1,official_seed_report_only
13179,2023,GA,0.0,0.0,0.0,0.0,0.0,1.0,25.0,683.0,72.0,52.0,45105097.0,52545595.0,0.0,1.0,"Liberty County, Georgia",1,official_seed_report_only
13185,2023,GA,2.0,18580.0,0.0,0.0,2.0,2.0,374.0,19815.0,3514.0,998.0,353133793.0,445841076.0,1.0,0.0,Lowndes County,2,official_seed_report_only
13187,2023,GA,1.0,21038.0,0.0,0.0,1.0,1.0,23.0,789.0,258.0,49.0,23245212.0,25517207.0,0.0,0.0,Lumpkin County,2,official_seed_report_only
13193,2023,GA,0.0,0.0,0.0,0.0,0.0,1.0,22.0,24.0,1.0,10.0,8588922.0,9385366.0,0.0,0.0,"Macon County, Georgia",1,official_seed_report_only
13189,2023,GA,0.0,0.0,0.0,0.0,0.0,1.0,25.0,449.0,110.0,28.0,12073865.0,15137104.0,0.0,0.0,"McDuffie County, Georgia",1,official_seed_report_only
13199,2023,GA,0.0,0.0,0.0,0.0,0.0,2.0,53.0,159.0,51.0,30.0,26473137.0,36528224.0,0.0,1.0,"Meriwether County, Georgia",1,official_seed_report_only
13205,2023,GA,0.0,0.0,0.0,0.0,0.0,1.0,25.0,74.0,17.0,6.0,36573787.0,37623239.0,0.0,1.0,"Mitchell County, Georgia",1,official_seed_report_only
13207,2023,GA,0.0,0.0,0.0,0.0,0.0,1.0,25.0,224.0,66.0,13.0,14642525.0,13237333.0,0.0,1.0,"Monroe County, Georgia",1,official_seed_report_only
13209,2023,GA,1.0,1067.0,0.0,0.0,1.0,0.0,0.0,0.0,0.0,0.0,0.0,0.0,0.0,0.0,Montgomery County,1,official_seed_report_only
13213,2023,GA,0.0,0.0,0.0,0.0,0.0,1.0,29.0,760.0,234.0,55.0,20289362.0,42684499.0,0.0,0.0,"Murray County, Georgia",1,official_seed_report_only
13215,2023,GA,4.0,14221.0,0.0,0.0,4.0,2.0,336.0,11586.0,2163.0,952.0,224410721.0,369667096.0,1.0,0.0,Muscogee County,2,official_seed_report_only
13217,2023,GA,1.0,1126.0,0.0,0.0,1.0,0.0,0.0,0.0,0.0,0.0,0.0,0.0,0.0,0.0,Newton County,1,official_seed_report_only
13219,2023,GA,1.0,125.0,0.0,0.0,0.0,0.0,0.0,0.0,0.0,0.0,0.0,0.0,0.0,0.0,Oconee County,1,official_seed_report_only
13225,2023,GA,1.0,2875.0,0.0,0.0,1.0,1.0,25.0,1281.0,212.0,112.0,24406159.0,33540519.0,0.0,1.0,Peach County,2,official_seed_report_only
13233,2023,GA,0.0,0.0,0.0,0.0,0.0,1.0,25.0,155.0,46.0,5.0,30020157.0,46043686.0,0.0,1.0,"Polk County, Georgia",1,official_seed_report_only
13237,2023,GA,0.0,0.0,0.0,0.0,0.0,1.0,25.0,216.0,63.0,10.0,16126775.0,20512033.0,0.0,1.0,"Putnam County, Georgia",1,official_seed_report_only
13241,2023,GA,0.0,0.0,0.0,0.0,0.0,1.0,25.0,126.0,37.0,8.0,17852743.0,17690789.0,0.0,1.0,"Rabun County, Georgia",1,official_seed_report_only
13243,2023,GA,1.0,299.0,0.0,0.0,1.0,0.0,0.0,0.0,0.0,0.0,0.0,0.0,0.0,0.0,Randolph County,1,official_seed_report_only
13245,2023,GA,6.0,17567.0,0.0,1.0,6.0,1.0,482.0,11095.0,2611.0,801.0,229843283.0,220118681.0,1.0,0.0,Richmond County,2,official_seed_report_only
13247,2023,GA,2.0,976.0,0.0,0.0,1.0,0.0,0.0,0.0,0.0,0.0,0.0,0.0,0.0,0.0,Rockdale County,1,official_seed_report_only
13251,2023,GA,0.0,0.0,0.0,0.0,0.0,1.0,25.0,98.0,30.0,5.0,13820853.0,15614956.0,0.0,1.0,"Screven County, Georgia",1,official_seed_report_only
13255,2023,GA,1.0,7853.0,0.0,0.0,1.0,0.0,0.0,0.0,0.0,0.0,0.0,0.0,0.0,0.0,Spalding County,1,official_seed_report_only
13257,2023,GA,1.0,2666.0,38.0,0.0,1.0,1.0,40.0,1005.0,385.0,93.0,40769235.0,41944645.0,0.0,0.0,Stephens County,2,official_seed_report_only
13261,2023,GA,2.0,6645.0,0.0,0.0,2.0,0.0,0.0,0.0,0.0,0.0,0.0,0.0,0.0,0.0,Sumter County,1,official_seed_report_only
13267,2023,GA,0.0,0.0,0.0,0.0,0.0,1.0,25.0,611.0,113.0,20.0,62228589.0,110872208.0,0.0,1.0,"Tattnall County, Georgia",1,official_seed_report_only
13275,2023,GA,2.0,8364.0,0.0,0.0,2.0,1.0,199.0,6954.0,1574.0,1036.0,256026130.0,336137075.0,1.0,0.0,Thomas County,2,official_seed_report_only
13277,2023,GA,1.0,4234.0,0.0,0.0,1.0,1.0,181.0,10422.0,1868.0,692.0,302607350.0,389156264.0,0.0,0.0,Tift County,2,official_seed_report_only
13279,2023,GA,1.0,2446.0,0.0,0.0,1.0,0.0,0.0,0.0,0.0,0.0,0.0,0.0,0.0,0.0,Toombs County,1,official_seed_report_only
13281,2023,GA,1.0,1744.0,62.0,0.0,1.0,0.0,0.0,0.0,0.0,0.0,0.0,0.0,0.0,0.0,Towns County,1,official_seed_report_only
13285,2023,GA,2.0,5001.0,0.0,0.0,2.0,0.0,0.0,0.0,0.0,0.0,0.0,0.0,0.0,0.0,Troup County,1,official_seed_report_only
13293,2023,GA,0.0,0.0,0.0,0.0,0.0,1.0,81.0,3858.0,725.0,225.0,86987898.0,118693804.0,0.0,0.0,"Upson County, Georgia",1,official_seed_report_only
13297,2023,GA,0.0,0.0,0.0,0.0,0.0,1.0,111.0,3713.0,87.0,30.0,20818652.0,28057291.0,0.0,0.0,"Walton County, Georgia",1,official_seed_report_only
13299,2023,GA,1.0,5433.0,0.0,0.0,1.0,1.0,130.0,6476.0,1280.0,543.0,104529090.0,124479457.0,1.0,0.0,Ware County,2,official_seed_report_only
13303,2023,GA,1.0,2688.0,0.0,0.0,1.0,0.0,0.0,0.0,0.0,0.0,0.0,0.0,0.0,0.0,Washington County,1,official_seed_report_only
13311,2023,GA,1.0,3151.0,0.0,0.0,1.0,0.0,0.0,0.0,0.0,0.0,0.0,0.0,0.0,0.0,White County,1,official_seed_report_only
13313,2023,GA,2.0,5367.0,0.0,0.0,2.0,1.0,239.0,7851.0,2467.0,786.0,287848706.0,373972455.0,1.0,0.0,Whitfield County,2,official_seed_report_only
66010,2023,GU,3.0,6266.0,0.0,0.0,3.0,2.0,281.0,13773.0,3143.0,4640.0,381069550.0,316106132.0,0.0,0.0,Guam,2,official_seed_report_only
15001,2023,HI,3.0,6477.0,94.0,0.0,3.0,0.0,0.0,0.0,0.0,0.0,0.0,0.0,0.0,0.0,Hawaii County,1,official_seed_report_only
15003,2023,HI,18.0,65980.0,1167.0,1.0,17.0,5.0,588.0,18097.0,1987.0,382.0,624825974.0,748548090.0,1.0,0.0,Honolulu County,2,official_seed_report_only
15007,2023,HI,1.0,1699.0,56.0,0.0,1.0,0.0,0.0,0.0,0.0,0.0,0.0,0.0,0.0,0.0,Kauai County,1,official_seed_report_only
15009,2023,HI,2.0,3484.0,185.0,0.0,2.0,3.0,232.0,8431.0,1289.0,2743.0,344136032.0,363341060.0,0.0,2.0,Maui County,2,official_seed_report_only
19013,2023,IA,5.0,17487.0,0.0,0.0,5.0,1.0,189.0,10126.0,2448.0,1974.0,230475962.0,325383456.0,1.0,0.0,Black Hawk County,2,official_seed_report_only
19017,2023,IA,1.0,1478.0,1.0,0.0,1.0,1.0,16.0,82.0,43.0,0.0,14932266.0,15807788.0,0.0,1.0,Bremer County,2,official_seed_report_only
19021,2023,IA,1.0,2634.0,7.0,0.0,1.0,0.0,0.0,0.0,0.0,0.0,0.0,0.0,0.0,0.0,Buena Vista County,1,official_seed_report_only
19025,2023,IA,0.0,0.0,0.0,0.0,0.0,1.0,23.0,332.0,153.0,54.0,35661444.0,36695338.0,0.0,1.0,"Calhoun County, Iowa",1,official_seed_report_only
19033,2023,IA,2.0,3372.0,0.0,0.0,2.0,0.0,0.0,0.0,0.0,0.0,0.0,0.0,0.0,0.0,Cerro Gordo County,1,official_seed_report_only
19035,2023,IA,0.0,0.0,0.0,0.0,0.0,1.0,25.0,438.0,230.0,50.0,48048638.0,48996526.0,0.0,1.0,"Cherokee County, Iowa",1,official_seed_report_only
19049,2023,IA,2.0,1914.0,5.0,1.0,2.0,0.0,0.0,0.0,0.0,0.0,0.0,0.0,0.0,0.0,Dallas County,1,official_seed_report_only
19053,2023,IA,1.0,1415.0,0.0,0.0,1.0,0.0,0.0,0.0,0.0,0.0,0.0,0.0,0.0,0.0,Decatur County,1,official_seed_report_only
19057,2023,IA,1.0,3810.0,0.0,0.0,1.0,0.0,0.0,0.0,0.0,0.0,0.0,0.0,0.0,0.0,Des Moines County,1,official_seed_report_only
19059,2023,IA,1.0,28.0,0.0,0.0,1.0,0.0,0.0,0.0,0.0,0.0,0.0,0.0,0.0,0.0,Dickinson County,1,official_seed_report_only
19061,2023,IA,7.0,5056.0,19.0,0.0,7.0,1.0,66.0,3701.0,1558.0,466.0,106151152.0,134846999.0,0.0,0.0,Dubuque County,2,official_seed_report_only
19063,2023,IA,1.0,2048.0,0.0,0.0,1.0,0.0,0.0,0.0,0.0,0.0,0.0,0.0,0.0,0.0,Emmet County,1,official_seed_report_only
19065,2023,IA,1.0,5739.0,0.0,0.0,1.0,1.0,25.0,156.0,68.0,11.0,30426670.0,27900267.0,0.0,1.0,Fayette County,2,official_seed_report_only
19071,2023,IA,0.0,0.0,0.0,0.0,0.0,1.0,25.0,78.0,56.0,0.0,14161867.0,12799682.0,0.0,1.0,"Fremont County, Iowa",1,official_seed_report_only
19083,2023,IA,1.0,900.0,0.0,0.0,1.0,0.0,0.0,0.0,0.0,0.0,0.0,0.0,0.0,0.0,Hardin County,1,official_seed_report_only
19087,2023,IA,2.0,29.0,0.0,0.0,1.0,0.0,0.0,0.0,0.0,0.0,0.0,0.0,0.0,0.0,Henry County,1,official_seed_report_only
19093,2023,IA,0.0,0.0,0.0,0.0,0.0,1.0,25.0,152.0,93.0,0.0,26207777.0,24440798.0,0.0,1.0,"Ida County, Iowa",1,official_seed_report_only
19101,2023,IA,1.0,3508.0,0.0,0.0,1.0,0.0,0.0,0.0,0.0,0.0,0.0,0.0,0.0,0.0,Jefferson County,1,official_seed_report_only
19103,2023,IA,2.0,32910.0,0.0,1.0,2.0,2.0,80.0,1305.0,789.0,1.0,28063466.0,26457654.0,0.0,0.0,Johnson County,2,official_seed_report_only
19105,2023,IA,1.0,51.0,0.0,0.0,1.0,1.0,9.0,229.0,131.0,0.0,42594617.0,48887964.0,0.0,1.0,Jones County,2,official_seed_report_only
19113,2023,IA,6.0,21561.0,0.0,0.0,6.0,1.0,280.0,12924.0,3199.0,4304.0,314588399.0,419656181.0,1.0,0.0,Linn County,2,official_seed_report_only
19123,2023,IA,1.0,1667.0,0.0,0.0,1.0,0.0,0.0,0.0,0.0,0.0,0.0,0.0,0.0,0.0,Mahaska County,1,official_seed_report_only
19125,2023,IA,1.0,1303.0,0.0,0.0,1.0,1.0,25.0,1093.0,329.0,220.0,95601230.0,125839069.0,0.0,1.0,Marion County,2,official_seed_report_only
19127,2023,IA,1.0,2088.0,47.0,0.0,1.0,1.0,16.0,841.0,382.0,98.0,62450250.0,72005880.0,0.0,0.0,Marshall County,2,official_seed_report_only
19139,2023,IA,0.0,0.0,0.0,0.0,0.0,1.0,15.0,906.0,363.0,5.0,47035883.0,63455326.0,0.0,0.0,"Muscatine County, Iowa",1,official_seed_report_only
19141,2023,IA,0.0,0.0,0.0,0.0,0.0,1.0,25.0,355.0,120.0,76.0,33866396.0,34433377.0,0.0,1.0,"O'Brien County, Iowa",1,official_seed_report_only
19145,2023,IA,0.0,0.0,0.0,0.0,0.0,1.0,25.0,343.0,143.0,3.0,46559351.0,52367115.0,0.0,1.0,"Page County, Iowa",1,official_seed_report_only
19153,2023,IA,9.0,43817.0,0.0,0.0,9.0,3.0,657.0,37988.0,9195.0,8123.0,821290335.0,1051911518.0,1.0,0.0,Polk County,2,official_seed_report_only
19155,2023,IA,2.0,8191.0,116.0,0.0,2.0,1.0,127.0,6907.0,1810.0,89.0,117188603.0,137290422.0,1.0,0.0,Pottawattamie County,2,official_seed_report_only
19157,2023,IA,1.0,1790.0,0.0,0.0,1.0,1.0,34.0,1291.0,382.0,249.0,48666678.0,63823285.0,0.0,0.0,Poweshiek County,2,official_seed_report_only
19163,2023,IA,7.0,18148.0,0.0,0.0,7.0,2.0,153.0,6175.0,864.0,82.0,90467761.0,107037831.0,0.0,0.0,Scott County,2,official_seed_report_only
19167,2023,IA,3.0,6871.0,0.0,0.0,3.0,0.0,0.0,0.0,0.0,0.0,0.0,0.0,0.0,0.0,Sioux County,1,official_seed_report_only
19169,2023,IA,2.0,32404.0,0.0,1.0,2.0,0.0,0.0,0.0,0.0,0.0,0.0,0.0,0.0,0.0,Story County,1,official_seed_report_only
19175,2023,IA,1.0,1982.0,0.0,0.0,1.0,0.0,0.0,0.0,0.0,0.0,0.0,0.0,0.0,0.0,Union County,1,official_seed_report_only
19179,2023,IA,1.0,3976.0,0.0,0.0,1.0,0.0,0.0,0.0,0.0,0.0,0.0,0.0,0.0,0.0,Wapello County,1,official_seed_report_only
19181,2023,IA,1.0,1288.0,0.0,0.0,1.0,0.0,0.0,0.0,0.0,0.0,0.0,0.0,0.0,0.0,Warren County,1,official_seed_report_only
19187,2023,IA,2.0,5950.0,24.0,0.0,2.0,1.0,44.0,3237.0,1167.0,73.0,141116278.0,161239541.0,1.0,0.0,Webster County,2,official_seed_report_only
19189,2023,IA,1.0,4092.0,1163.0,0.0,1.0,0.0,0.0,0.0,0.0,0.0,0.0,0.0,0.0,0.0,Winnebago County,1,official_seed_report_only
19191,2023,IA,2.0,7117.0,0.0,0.0,2.0,0.0,0.0,0.0,0.0,0.0,0.0,0.0,0.0,0.0,Winneshiek County,1,official_seed_report_only
19193,2023,IA,5.0,11253.0,0.0,0.0,5.0,1.0,179.0,11223.0,1958.0,1694.0,171093122.0,209269672.0,1.0,0.0,Woodbury County,2,official_seed_report_only
16001,2023,ID,11.0,35791.0,8.0,1.0,9.0,5.0,870.0,36362.0,5662.0,9108.0,1841915478.0,2433333997.0,1.0,0.0,Ada County,2,official_seed_report_only
16005,2023,ID,2.0,14908.0,47.0,0.0,2.0,1.0,141.0,8191.0,2054.0,1604.0,274471160.0,432775947.0,1.0,0.0,Bannock County,2,official_seed_report_only
16007,2023,ID,0.0,0.0,0.0,0.0,0.0,1.0,21.0,245.0,138.0,32.0,30804295.0,34030930.0,0.0,1.0,"Bear Lake County, Idaho",1,official_seed_report_only
16009,2023,ID,0.0,0.0,0.0,0.0,0.0,1.0,19.0,115.0,70.0,10.0,18390415.0,20503155.0,0.0,1.0,"Benewah County, Idaho",1,official_seed_report_only
16011,2023,ID,1.0,10.0,0.0,0.0,1.0,2.0,33.0,1582.0,359.0,392.0,122035044.0,171527592.0,0.0,1.0,Bingham County,2,official_seed_report_only
16013,2023,ID,0.0,0.0,0.0,0.0,0.0,1.0,25.0,827.0,273.0,124.0,72871585.0,93232513.0,0.0,1.0,"Blaine County, Idaho",1,official_seed_report_only
16017,2023,ID,0.0,0.0,0.0,0.0,0.0,1.0,25.0,1035.0,319.0,147.0,47412468.0,61236469.0,0.0,1.0,"Bonner County, Idaho",1,official_seed_report_only
16019,2023,ID,3.0,3857.0,13.0,0.0,3.0,3.0,377.0,14720.0,3512.0,3135.0,661882481.0,933836032.0,1.0,0.0,Bonneville County,2,official_seed_report_only
16021,2023,ID,0.0,0.0,0.0,0.0,0.0,1.0,20.0,176.0,81.0,13.0,18959154.0,20381922.0,0.0,1.0,"Boundary County, Idaho",1,official_seed_report_only
16023,2023,ID,0.0,0.0,0.0,0.0,0.0,1.0,14.0,12.0,11.0,1.0,12408555.0,12117147.0,0.0,1.0,"Butte County, Idaho",1,official_seed_report_only
16027,2023,ID,5.0,27866.0,0.0,0.0,5.0,2.0,199.0,8206.0,1418.0,1965.0,273688231.0,362744603.0,2.0,0.0,Canyon County,2,official_seed_report_only
16029,2023,ID,0.0,0.0,0.0,0.0,0.0,1.0,25.0,510.0,88.0,33.0,24177196.0,25300574.0,0.0,1.0,"Caribou County, Idaho",1,official_seed_report_only
16031,2023,ID,0.0,0.0,0.0,0.0,0.0,1.0,25.0,1316.0,306.0,380.0,52488956.0,64267823.0,0.0,1.0,"Cassia County, Idaho",1,official_seed_report_only
16035,2023,ID,0.0,0.0,0.0,0.0,0.0,1.0,23.0,523.0,306.0,85.0,22642463.0,24790129.0,0.0,1.0,"Clearwater County, Idaho",1,official_seed_report_only
16039,2023,ID,0.0,0.0,0.0,0.0,0.0,1.0,20.0,773.0,115.0,184.0,40791981.0,50392513.0,0.0,1.0,"Elmore County, Idaho",1,official_seed_report_only
16041,2023,ID,0.0,0.0,0.0,0.0,0.0,1.0,20.0,504.0,216.0,61.0,32213893.0,35920867.0,0.0,1.0,"Franklin County, Idaho",1,official_seed_report_only
16045,2023,ID,0.0,0.0,0.0,0.0,0.0,1.0,13.0,162.0,39.0,37.0,21916921.0,21903390.0,0.0,1.0,"Gem County, Idaho",1,official_seed_report_only
16047,2023,ID,0.0,0.0,0.0,0.0,0.0,1.0,16.0,338.0,127.0,44.0,46820242.0,62088832.0,0.0,1.0,"Gooding County, Idaho",1,official_seed_report_only
16049,2023,ID,0.0,0.0,0.0,0.0,0.0,1.0,15.0,252.0,133.0,41.0,22609325.0,22633195.0,0.0,1.0,"Idaho County, Idaho",1,official_seed_report_only
16053,2023,ID,1.0,0.0,0.0,0.0,0.0,1.0,15.0,140.0,38.0,32.0,20488701.0,19357248.0,0.0,1.0,Jerome County,2,official_seed_report_only
16055,2023,ID,2.0,5470.0,0.0,0.0,1.0,3.0,397.0,18233.0,5244.0,2894.0,719176877.0,874223078.0,1.0,0.0,Kootenai County,2,official_seed_report_only
16057,2023,ID,2.0,14354.0,22.0,1.0,2.0,1.0,25.0,947.0,349.0,110.0,91824041.0,104668239.0,0.0,1.0,Latah County,2,official_seed_report_only
16059,2023,ID,0.0,0.0,0.0,0.0,0.0,1.0,18.0,342.0,203.0,50.0,29280732.0,30811400.0,0.0,1.0,"Lemhi County, Idaho",1,official_seed_report_only
16061,2023,ID,0.0,0.0,0.0,0.0,0.0,1.0,25.0,264.0,135.0,31.0,24430505.0,25237921.0,0.0,1.0,"Lewis County, Idaho",1,official_seed_report_only
16065,2023,ID,4.0,58438.0,0.0,0.0,4.0,1.0,53.0,1942.0,204.0,539.0,80739247.0,97998560.0,1.0,0.0,Madison County,2,official_seed_report_only
16067,2023,ID,1.0,66.0,0.0,0.0,1.0,1.0,22.0,328.0,133.0,46.0,48041484.0,50794691.0,0.0,1.0,Minidoka County,2,official_seed_report_only
16069,2023,ID,2.0,4692.0,0.0,0.0,2.0,0.0,0.0,0.0,0.0,0.0,0.0,0.0,0.0,0.0,Nez Perce County,1,official_seed_report_only
16077,2023,ID,0.0,0.0,0.0,0.0,0.0,1.0,10.0,46.0,21.0,6.0,12780140.0,10834890.0,0.0,1.0,"Power County, Idaho",1,official_seed_report_only
16079,2023,ID,0.0,0.0,0.0,0.0,0.0,1.0,25.0,253.0,131.0,27.0,16070173.0,18655595.0,0.0,1.0,"Shoshone County, Idaho",1,official_seed_report_only
16081,2023,ID,0.0,0.0,0.0,0.0,0.0,1.0,13.0,116.0,63.0,9.0,25513995.0,24562543.0,0.0,1.0,"Teton County, Idaho",1,official_seed_report_only
16083,2023,ID,3.0,15454.0,6.0,0.0,3.0,1.0,175.0,10510.0,1853.0,2920.0,395339110.0,498039371.0,0.0,0.0,Twin Falls County,2,official_seed_report_only
16085,2023,ID,0.0,0.0,0.0,0.0,0.0,2.0,23.0,492.0,150.0,78.0,50596041.0,57868245.0,0.0,2.0,"Valley County, Idaho",1,official_seed_report_only
17001,2023,IL,4.0,4322.0,0.0,0.0,4.0,1.0,309.0,13515.0,4610.0,725.0,400394503.0,562019400.0,1.0,0.0,Adams County,2,official_seed_report_only
17005,2023,IL,1.0,1402.0,0.0,0.0,1.0,0.0,0.0,0.0,0.0,0.0,0.0,0.0,0.0,0.0,Bond County,1,official_seed_report_only
17011,2023,IL,0.0,0.0,0.0,0.0,0.0,2.0,69.0,1412.0,754.0,83.0,98869592.0,120510834.0,0.0,1.0,"Bureau County, Illinois",1,official_seed_report_only
17019,2023,IL,5.0,71687.0,254.0,1.0,4.0,3.0,650.0,34607.0,6779.0,7494.0,1131353719.0,1522243097.0,2.0,0.0,Champaign County,2,official_seed_report_only
17021,2023,IL,0.0,0.0,0.0,0.0,0.0,2.0,47.0,665.0,383.0,8.0,77665772.0,102875220.0,0.0,2.0,"Christian County, Illinois",1,official_seed_report_only
17027,2023,IL,1.0,5715.0,0.0,0.0,1.0,0.0,0.0,0.0,0.0,0.0,0.0,0.0,0.0,0.0,Clinton County,1,official_seed_report_only
17029,2023,IL,2.0,19014.0,10.0,0.0,2.0,0.0,0.0,0.0,0.0,0.0,0.0,0.0,0.0,0.0,Coles County,1,official_seed_report_only
17031,2023,IL,105.0,368309.0,3458.0,5.0,105.0,24.0,5637.0,238616.0,59226.0,12353.0,8098284517.0,9256442884.0,16.0,0.0,Cook County,2,official_seed_report_only
17033,2023,IL,1.0,781.0,0.0,0.0,1.0,0.0,0.0,0.0,0.0,0.0,0.0,0.0,0.0,0.0,Crawford County,1,official_seed_report_only
17037,2023,IL,4.0,21308.0,58.0,0.0,4.0,0.0,0.0,0.0,0.0,0.0,0.0,0.0,0.0,0.0,DeKalb County,1,official_seed_report_only
17043,2023,IL,22.0,146778.0,7896.0,1.0,21.0,6.0,1321.0,74421.0,20993.0,2007.0,1967226303.0,2388049023.0,1.0,0.0,DuPage County,2,official_seed_report_only
17045,2023,IL,0.0,0.0,0.0,0.0,0.0,1.0,25.0,607.0,414.0,3.0,105189487.0,117651521.0,0.0,1.0,"Edgar County, Illinois",1,official_seed_report_only
17053,2023,IL,0.0,0.0,0.0,0.0,0.0,1.0,25.0,769.0,337.0,8.0,108288665.0,145839139.0,1.0,1.0,"Ford County, Illinois",1,official_seed_report_only
17057,2023,IL,2.0,1775.0,0.0,0.0,2.0,0.0,0.0,0.0,0.0,0.0,0.0,0.0,0.0,0.0,Fulton County,1,official_seed_report_only
17063,2023,IL,0.0,0.0,0.0,0.0,0.0,1.0,89.0,2635.0,1489.0,27.0,165219131.0,221501947.0,0.0,0.0,"Grundy County, Illinois",1,official_seed_report_only
17067,2023,IL,0.0,0.0,0.0,0.0,0.0,1.0,18.0,442.0,302.0,18.0,39561423.0,46823738.0,0.0,1.0,"Hancock County, Illinois",1,official_seed_report_only
17073,2023,IL,0.0,0.0,0.0,0.0,0.0,1.0,25.0,394.0,150.0,6.0,36690461.0,46616842.0,0.0,1.0,"Henry County, Illinois",1,official_seed_report_only
17075,2023,IL,0.0,0.0,0.0,0.0,0.0,2.0,50.0,395.0,138.0,13.0,31415968.0,35714672.0,0.0,1.0,"Iroquois County, Illinois",1,official_seed_report_only
17077,2023,IL,2.0,12419.0,27.0,1.0,2.0,0.0,0.0,0.0,0.0,0.0,0.0,0.0,0.0,0.0,Jackson County,1,official_seed_report_only
17081,2023,IL,1.0,3270.0,0.0,0.0,1.0,2.0,158.0,11495.0,2873.0,123.0,205205362.0,262179654.0,0.0,0.0,Jefferson County,2,official_seed_report_only
17083,2023,IL,1.0,376.0,0.0,0.0,1.0,0.0,0.0,0.0,0.0,0.0,0.0,0.0,0.0,0.0,Jersey County,1,official_seed_report_only
17085,2023,IL,0.0,0.0,0.0,0.0,0.0,1.0,25.0,199.0,141.0,16.0,29710162.0,34261542.0,0.0,1.0,"Jo Daviess County, Illinois",1,official_seed_report_only
17089,2023,IL,5.0,36754.0,159.0,0.0,5.0,1.0,255.0,12044.0,3774.0,558.0,316542488.0,367034513.0,0.0,0.0,Kane County,2,official_seed_report_only
17091,2023,IL,2.0,7666.0,15.0,0.0,2.0,1.0,256.0,8249.0,2576.0,2139.0,288440454.0,434453319.0,1.0,0.0,Kankakee County,2,official_seed_report_only
17093,2023,IL,1.0,169.0,0.0,0.0,1.0,0.0,0.0,0.0,0.0,0.0,0.0,0.0,0.0,0.0,Kendall County,1,official_seed_report_only
17095,2023,IL,2.0,3371.0,8.0,0.0,2.0,1.0,81.0,3451.0,1416.0,77.0,105314394.0,141499688.0,0.0,0.0,Knox County,2,official_seed_report_only
17099,2023,IL,2.0,3964.0,0.0,0.0,2.0,3.0,163.0,4542.0,1427.0,298.0,180193322.0,243398407.0,0.0,1.0,LaSalle County,2,official_seed_report_only
17097,2023,IL,9.0,27235.0,129.0,1.0,9.0,5.0,857.0,35973.0,11166.0,791.0,1007972303.0,2154887834.0,0.0,0.0,Lake County,2,official_seed_report_only
17103,2023,IL,1.0,2402.0,0.0,0.0,1.0,1.0,80.0,2707.0,769.0,95.0,110821574.0,143509031.0,1.0,0.0,Lee County,2,official_seed_report_only
17105,2023,IL,0.0,0.0,0.0,0.0,0.0,1.0,42.0,1293.0,574.0,40.0,62111556.0,78867982.0,0.0,0.0,"Livingston County, Illinois",1,official_seed_report_only
17107,2023,IL,1.0,284.0,0.0,0.0,1.0,1.0,25.0,536.0,235.0,12.0,44446108.0,64383318.0,0.0,1.0,Logan County,2,official_seed_report_only
17115,2023,IL,3.0,5977.0,40.0,0.0,3.0,1.0,178.0,6507.0,2505.0,270.0,269015385.0,272728014.0,1.0,0.0,Macon County,2,official_seed_report_only
17117,2023,IL,1.0,440.0,0.0,0.0,1.0,1.0,25.0,104.0,51.0,0.0,17469917.0,21817474.0,0.0,1.0,Macoupin County,2,official_seed_report_only
17119,2023,IL,3.0,20161.0,82.0,1.0,3.0,6.0,924.0,21352.0,5171.0,610.0,485600750.0,507841565.0,1.0,0.0,Madison County,2,official_seed_report_only
17121,2023,IL,0.0,0.0,0.0,0.0,0.0,1.0,92.0,2613.0,1204.0,31.0,85397919.0,123685616.0,0.0,0.0,"Marion County, Illinois",1,official_seed_report_only
17125,2023,IL,0.0,0.0,0.0,0.0,0.0,1.0,25.0,155.0,71.0,23.0,30341217.0,30424453.0,0.0,1.0,"Mason County, Illinois",1,official_seed_report_only
17109,2023,IL,2.0,8853.0,0.0,0.0,1.0,0.0,0.0,0.0,0.0,0.0,0.0,0.0,0.0,0.0,McDonough County,1,official_seed_report_only
17111,2023,IL,3.0,14271.0,0.0,0.0,3.0,0.0,0.0,0.0,0.0,0.0,0.0,0.0,0.0,0.0,McHenry County,1,official_seed_report_only
17113,2023,IL,6.0,32110.0,71.0,0.0,6.0,2.0,330.0,14678.0,4279.0,387.0,421358039.0,472301475.0,2.0,0.0,McLean County,2,official_seed_report_only
17133,2023,IL,2.0,137.0,0.0,0.0,2.0,0.0,0.0,0.0,0.0,0.0,0.0,0.0,0.0,0.0,Monroe County,1,official_seed_report_only
17137,2023,IL,1.0,1130.0,0.0,0.0,1.0,1.0,25.0,2277.0,905.0,175.0,102135041.0,138436006.0,0.0,1.0,Morgan County,2,official_seed_report_only
17143,2023,IL,4.0,7329.0,0.0,0.0,4.0,3.0,917.0,41011.0,11823.0,1900.0,1456640902.0,2060572770.0,2.0,0.0,Peoria County,2,official_seed_report_only
17149,2023,IL,0.0,0.0,0.0,0.0,0.0,1.0,25.0,375.0,210.0,5.0,30020686.0,35752202.0,0.0,1.0,"Pike County, Illinois",1,official_seed_report_only
17153,2023,IL,1.0,2798.0,0.0,0.0,1.0,0.0,0.0,0.0,0.0,0.0,0.0,0.0,0.0,0.0,Pulaski County,1,official_seed_report_only
17157,2023,IL,0.0,0.0,0.0,0.0,0.0,1.0,25.0,409.0,226.0,0.0,26184210.0,22522310.0,0.0,1.0,"Randolph County, Illinois",1,official_seed_report_only
17159,2023,IL,2.0,1230.0,0.0,0.0,2.0,1.0,47.0,1282.0,591.0,1.0,53280553.0,68103414.0,0.0,0.0,Richland County,2,official_seed_report_only
17161,2023,IL,3.0,8425.0,4.0,0.0,3.0,1.0,249.0,10578.0,2478.0,45.0,269439709.0,354025624.0,0.0,0.0,Rock Island County,2,official_seed_report_only
17165,2023,IL,1.0,3099.0,0.0,0.0,1.0,0.0,0.0,0.0,0.0,0.0,0.0,0.0,0.0,0.0,Saline County,1,official_seed_report_only
17167,2023,IL,6.0,16781.0,224.0,0.0,6.0,1.0,407.0,18966.0,5596.0,617.0,620068849.0,783579811.0,1.0,0.0,Sangamon County,2,official_seed_report_only
17173,2023,IL,0.0,0.0,0.0,0.0,0.0,1.0,30.0,45.0,10.0,3.0,2103019.0,1610576.0,0.0,0.0,"Shelby County, Illinois",1,official_seed_report_only
17163,2023,IL,2.0,16944.0,386.0,0.0,2.0,2.0,427.0,18631.0,4395.0,500.0,432064898.0,469088941.0,0.0,0.0,St. Clair County,2,official_seed_report_only
17177,2023,IL,1.0,2684.0,37.0,0.0,1.0,1.0,100.0,3183.0,920.0,562.0,120547004.0,154896317.0,0.0,0.0,Stephenson County,2,official_seed_report_only
17179,2023,IL,2.0,9985.0,0.0,0.0,2.0,1.0,39.0,1826.0,654.0,36.0,46484971.0,54156694.0,0.0,0.0,Tazewell County,2,official_seed_report_only
17181,2023,IL,0.0,0.0,0.0,0.0,0.0,1.0,25.0,275.0,129.0,1.0,18727853.0,18899776.0,0.0,1.0,"Union County, Illinois",1,official_seed_report_only
17183,2023,IL,2.0,3286.0,0.0,0.0,2.0,2.0,122.0,3181.0,1100.0,56.0,158895653.0,162818660.0,0.0,1.0,Vermilion County,2,official_seed_report_only
17185,2023,IL,1.0,1320.0,0.0,0.0,1.0,1.0,25.0,480.0,325.0,1.0,68995928.0,85973171.0,0.0,1.0,Wabash County,2,official_seed_report_only
17187,2023,IL,1.0,783.0,0.0,0.0,1.0,1.0,15.0,231.0,130.0,6.0,30984525.0,47011311.0,0.0,1.0,Warren County,2,official_seed_report_only
17191,2023,IL,1.0,14619.0,0.0,0.0,1.0,0.0,0.0,0.0,0.0,0.0,0.0,0.0,0.0,0.0,Wayne County,1,official_seed_report_only
17195,2023,IL,2.0,148.0,0.0,0.0,2.0,0.0,0.0,0.0,0.0,0.0,0.0,0.0,0.0,0.0,Whiteside County,1,official_seed_report_only
17197,2023,IL,9.0,38974.0,141.0,0.0,8.0,3.0,542.0,29569.0,8024.0,1446.0,672476446.0,761318976.0,0.0,0.0,Will County,2,official_seed_report_only
17199,2023,IL,1.0,6115.0,44.0,0.0,1.0,1.0,94.0,1563.0,606.0,50.0,53819957.0,75293601.0,0.0,0.0,Williamson County,2,official_seed_report_only
17201,2023,IL,7.0,14744.0,48.0,0.0,7.0,1.0,230.0,10444.0,3705.0,173.0,344943876.0,428090400.0,1.0,0.0,Winnebago County,2,official_seed_report_only
17203,2023,IL,1.0,595.0,0.0,0.0,1.0,1.0,25.0,185.0,97.0,2.0,28680766.0,29455427.0,0.0,1.0,Woodford County,2,official_seed_report_only
18001,2023,IN,0.0,0.0,0.0,0.0,0.0,1.0,25.0,931.0,316.0,0.0,72456202.0,80738416.0,0.0,1.0,"Adams County, Indiana",1,official_seed_report_only
18003,2023,IN,9.0,20787.0,293.0,0.0,8.0,6.0,1031.0,62265.0,8764.0,1592.0,1526102161.0,2154501254.0,1.0,0.0,Allen County,2,official_seed_report_only
18005,2023,IN,0.0,0.0,0.0,0.0,0.0,1.0,213.0,9065.0,2819.0,1857.0,325889106.0,394080941.0,0.0,0.0,"Bartholomew County, Indiana",1,official_seed_report_only
18009,2023,IN,0.0,0.0,0.0,0.0,0.0,1.0,15.0,131.0,69.0,0.0,18759672.0,14960800.0,0.0,1.0,"Blackford County, Indiana",1,official_seed_report_only
18011,2023,IN,0.0,0.0,0.0,0.0,0.0,1.0,50.0,2180.0,669.0,55.0,93789154.0,165302794.0,0.0,0.0,"Boone County, Indiana",1,official_seed_report_only
18017,2023,IN,0.0,0.0,0.0,0.0,0.0,1.0,37.0,1393.0,306.0,108.0,84635724.0,106220922.0,0.0,0.0,"Cass County, Indiana",1,official_seed_report_only
18019,2023,IN,4.0,1063.0,25.0,0.0,4.0,3.0,164.0,4600.0,1443.0,236.0,46046731.0,62195802.0,0.0,0.0,Clark County,2,official_seed_report_only
18023,2023,IN,0.0,0.0,0.0,0.0,0.0,1.0,12.0,240.0,96.0,2.0,27690756.0,25190246.0,0.0,1.0,"Clinton County, Indiana",1,official_seed_report_only
18027,2023,IN,0.0,0.0,0.0,0.0,0.0,1.0,42.0,950.0,285.0,22.0,61231465.0,59555618.0,0.0,0.0,"Daviess County, Indiana",1,official_seed_report_only
18033,2023,IN,0.0,0.0,0.0,0.0,0.0,1.0,48.0,1558.0,357.0,32.0,55700235.0,71844763.0,0.0,0.0,"DeKalb County, Indiana",1,official_seed_report_only
18029,2023,IN,1.0,276.0,0.0,0.0,1.0,1.0,50.0,3794.0,1146.0,50.0,87980326.0,96186160.0,0.0,0.0,Dearborn County,2,official_seed_report_only
18031,2023,IN,0.0,0.0,0.0,0.0,0.0,1.0,25.0,1690.0,321.0,49.0,69193414.0,81582385.0,0.0,1.0,"Decatur County, Indiana",1,official_seed_report_only
18035,2023,IN,2.0,22874.0,10.0,0.0,2.0,1.0,301.0,13787.0,4191.0,516.0,438325660.0,538907903.0,1.0,0.0,Delaware County,2,official_seed_report_only
18039,2023,IN,2.0,959.0,0.0,0.0,2.0,2.0,307.0,14089.0,3731.0,704.0,464812717.0,583095811.0,0.0,0.0,Elkhart County,2,official_seed_report_only
18043,2023,IN,1.0,5547.0,0.0,0.0,1.0,1.0,10.0,376.0,86.0,1.0,49965973.0,59323267.0,0.0,0.0,Floyd County,2,official_seed_report_only
18049,2023,IN,0.0,0.0,0.0,0.0,0.0,1.0,25.0,504.0,142.0,16.0,52226037.0,58656635.0,0.0,1.0,"Fulton County, Indiana",1,official_seed_report_only
18051,2023,IN,1.0,936.0,0.0,0.0,1.0,1.0,25.0,161.0,69.0,2.0,39769053.0,50726456.0,0.0,1.0,Gibson County,2,official_seed_report_only
18053,2023,IN,3.0,20306.0,5.0,0.0,3.0,0.0,0.0,0.0,0.0,0.0,0.0,0.0,0.0,0.0,Grant County,1,official_seed_report_only
18055,2023,IN,0.0,0.0,0.0,0.0,0.0,1.0,25.0,638.0,291.0,14.0,51587260.0,57681590.0,0.0,1.0,"Greene County, Indiana",1,official_seed_report_only
18057,2023,IN,4.0,1380.0,0.0,0.0,4.0,4.0,334.0,15491.0,3311.0,215.0,546525983.0,730748505.0,0.0,0.0,Hamilton County,2,official_seed_report_only
18059,2023,IN,0.0,0.0,0.0,0.0,0.0,1.0,113.0,2817.0,734.0,52.0,121947548.0,160130411.0,0.0,0.0,"Hancock County, Indiana",1,official_seed_report_only
18061,2023,IN,0.0,0.0,0.0,0.0,0.0,1.0,25.0,878.0,210.0,27.0,53755626.0,55000700.0,0.0,1.0,"Harrison County, Indiana",1,official_seed_report_only
18063,2023,IN,0.0,0.0,0.0,0.0,0.0,4.0,455.0,16696.0,4006.0,724.0,547294852.0,820057343.0,0.0,0.0,"Hendricks County, Indiana",1,official_seed_report_only
18065,2023,IN,0.0,0.0,0.0,0.0,0.0,1.0,48.0,1797.0,562.0,40.0,122057577.0,141885465.0,0.0,0.0,"Henry County, Indiana",1,official_seed_report_only
18067,2023,IN,3.0,5572.0,0.0,0.0,3.0,1.0,107.0,4749.0,1121.0,157.0,144929773.0,205863698.0,0.0,0.0,Howard County,2,official_seed_report_only
18069,2023,IN,1.0,1575.0,0.0,0.0,1.0,1.0,36.0,1828.0,396.0,51.0,57558228.0,76662910.0,0.0,0.0,Huntington County,2,official_seed_report_only
18071,2023,IN,0.0,0.0,0.0,0.0,0.0,1.0,52.0,2082.0,347.0,499.0,146383022.0,203288999.0,0.0,0.0,"Jackson County, Indiana",1,official_seed_report_only
18073,2023,IN,0.0,0.0,0.0,0.0,0.0,1.0,25.0,378.0,192.0,3.0,36127472.0,37493028.0,0.0,1.0,"Jasper County, Indiana",1,official_seed_report_only
18075,2023,IN,0.0,0.0,0.0,0.0,0.0,1.0,21.0,284.0,133.0,4.0,36654237.0,36226965.0,0.0,1.0,"Jay County, Indiana",1,official_seed_report_only
18077,2023,IN,1.0,1138.0,6.0,0.0,1.0,1.0,70.0,2284.0,846.0,362.0,107849576.0,137560288.0,0.0,0.0,Jefferson County,2,official_seed_report_only
18081,2023,IN,1.0,1005.0,0.0,0.0,1.0,3.0,166.0,4551.0,1409.0,236.0,122744107.0,122898324.0,0.0,0.0,Johnson County,2,official_seed_report_only
18083,2023,IN,2.0,19493.0,116.0,0.0,2.0,1.0,99.0,4032.0,1690.0,94.0,169547151.0,244929057.0,1.0,0.0,Knox County,2,official_seed_report_only
18085,2023,IN,1.0,2274.0,0.0,0.0,1.0,0.0,0.0,0.0,0.0,0.0,0.0,0.0,0.0,0.0,Kosciusko County,1,official_seed_report_only
18087,2023,IN,0.0,0.0,0.0,0.0,0.0,1.0,25.0,889.0,205.0,13.0,33460747.0,41667238.0,0.0,1.0,"LaGrange County, Indiana",1,official_seed_report_only
18091,2023,IN,0.0,0.0,0.0,0.0,0.0,3.0,225.0,10618.0,3621.0,2902.0,457366979.0,539459297.0,0.0,0.0,"LaPorte County, Indiana",1,official_seed_report_only
18089,2023,IN,10.0,17980.0,0.0,0.0,9.0,7.0,949.0,32554.0,9650.0,5069.0,993180459.0,1208907659.0,3.0,0.0,Lake County,2,official_seed_report_only
18093,2023,IN,0.0,0.0,0.0,0.0,0.0,1.0,25.0,1631.0,690.0,35.0,76780716.0,98714928.0,0.0,1.0,"Lawrence County, Indiana",1,official_seed_report_only
18095,2023,IN,2.0,1896.0,0.0,0.0,2.0,1.0,117.0,6217.0,1325.0,203.0,172792810.0,230290443.0,0.0,0.0,Madison County,2,official_seed_report_only
18097,2023,IN,19.0,231716.0,3237.0,2.0,19.0,13.0,3310.0,143300.0,26051.0,9233.0,6296322039.0,8246440387.0,8.0,0.0,Marion County,2,official_seed_report_only
18099,2023,IN,1.0,240.0,0.0,0.0,1.0,2.0,61.0,1437.0,350.0,130.0,32769069.0,37467111.0,0.0,1.0,Marshall County,2,official_seed_report_only
18103,2023,IN,0.0,0.0,0.0,0.0,0.0,1.0,25.0,676.0,264.0,26.0,39735640.0,39930716.0,0.0,1.0,"Miami County, Indiana",1,official_seed_report_only
18105,2023,IN,2.0,61667.0,42.0,0.0,2.0,4.0,340.0,15430.0,4041.0,694.0,506280899.0,628545319.0,0.0,0.0,Monroe County,2,official_seed_report_only
18107,2023,IN,1.0,840.0,0.0,0.0,1.0,1.0,29.0,1040.0,400.0,9.0,45654780.0,55316692.0,0.0,0.0,Montgomery County,2,official_seed_report_only
18109,2023,IN,0.0,0.0,0.0,0.0,0.0,1.0,80.0,2307.0,727.0,15.0,101633956.0,152269772.0,0.0,0.0,"Morgan County, Indiana",1,official_seed_report_only
18113,2023,IN,0.0,0.0,0.0,0.0,0.0,1.0,31.0,1888.0,370.0,64.0,52978587.0,73713949.0,0.0,0.0,"Noble County, Indiana",1,official_seed_report_only
18117,2023,IN,0.0,0.0,0.0,0.0,0.0,1.0,24.0,455.0,172.0,11.0,32835276.0,32885891.0,0.0,1.0,"Orange County, Indiana",1,official_seed_report_only
18123,2023,IN,0.0,0.0,0.0,0.0,0.0,1.0,25.0,556.0,233.0,2.0,47294855.0,48867532.0,0.0,1.0,"Perry County, Indiana",1,official_seed_report_only
18127,2023,IN,2.0,3409.0,22.0,0.0,2.0,1.0,198.0,10764.0,3719.0,1954.0,320770308.0,385828380.0,1.0,0.0,Porter County,2,official_seed_report_only
18131,2023,IN,0.0,0.0,0.0,0.0,0.0,1.0,25.0,230.0,100.0,2.0,37115855.0,37817192.0,0.0,1.0,"Pulaski County, Indiana",1,official_seed_report_only
18133,2023,IN,1.0,1782.0,0.0,0.0,1.0,1.0,25.0,346.0,151.0,5.0,43120301.0,53888941.0,0.0,1.0,Putnam County,2,official_seed_report_only
18137,2023,IN,0.0,0.0,0.0,0.0,0.0,1.0,25.0,1222.0,376.0,29.0,80982816.0,127910974.0,0.0,1.0,"Ripley County, Indiana",1,official_seed_report_only
18139,2023,IN,0.0,0.0,0.0,0.0,0.0,1.0,25.0,279.0,137.0,5.0,40362941.0,50383030.0,0.0,1.0,"Rush County, Indiana",1,official_seed_report_only
18143,2023,IN,0.0,0.0,0.0,0.0,0.0,1.0,25.0,317.0,141.0,6.0,18947004.0,18706235.0,0.0,1.0,"Scott County, Indiana",1,official_seed_report_only
18145,2023,IN,0.0,0.0,0.0,0.0,0.0,1.0,46.0,2375.0,715.0,151.0,145185898.0,191599990.0,0.0,0.0,"Shelby County, Indiana",1,official_seed_report_only
18147,2023,IN,1.0,236.0,0.0,0.0,1.0,0.0,0.0,0.0,0.0,0.0,0.0,0.0,0.0,0.0,Spencer County,1,official_seed_report_only
18141,2023,IN,7.0,25674.0,17.0,0.0,7.0,3.0,505.0,20446.0,3976.0,867.0,571153176.0,754266784.0,1.0,0.0,St. Joseph County,2,official_seed_report_only
18149,2023,IN,1.0,50.0,0.0,0.0,1.0,1.0,15.0,398.0,151.0,70.0,18359027.0,17579119.0,0.0,0.0,Starke County,2,official_seed_report_only
18151,2023,IN,2.0,12232.0,51.0,0.0,2.0,1.0,25.0,1100.0,280.0,28.0,82028072.0,97429274.0,0.0,1.0,Steuben County,2,official_seed_report_only
18153,2023,IN,0.0,0.0,0.0,0.0,0.0,1.0,25.0,392.0,146.0,28.0,42525360.0,52165776.0,0.0,1.0,"Sullivan County, Indiana",1,official_seed_report_only
18157,2023,IN,6.0,125004.0,513.0,1.0,6.0,5.0,473.0,23893.0,6084.0,737.0,662403020.0,864882917.0,1.0,0.0,Tippecanoe County,2,official_seed_report_only
18159,2023,IN,0.0,0.0,0.0,0.0,0.0,1.0,25.0,436.0,239.0,2.0,38057119.0,41423081.0,0.0,1.0,"Tipton County, Indiana",1,official_seed_report_only
18163,2023,IN,5.0,13915.0,216.0,0.0,5.0,2.0,605.0,33669.0,11328.0,2154.0,777479893.0,1199372568.0,1.0,0.0,Vanderburgh County,2,official_seed_report_only
18165,2023,IN,0.0,0.0,0.0,0.0,0.0,1.0,25.0,694.0,232.0,8.0,30688308.0,29952767.0,0.0,1.0,"Vermillion County, Indiana",1,official_seed_report_only
18167,2023,IN,4.0,13744.0,6.0,0.0,4.0,2.0,341.0,19385.0,5183.0,865.0,451809029.0,649131618.0,1.0,0.0,Vigo County,2,official_seed_report_only
18169,2023,IN,1.0,1303.0,0.0,0.0,1.0,1.0,18.0,1220.0,415.0,25.0,61031684.0,67792704.0,0.0,1.0,Wabash County,2,official_seed_report_only
18173,2023,IN,0.0,0.0,0.0,0.0,0.0,2.0,122.0,5805.0,151.0,547.0,115206499.0,158636110.0,0.0,0.0,"Warrick County, Indiana",1,official_seed_report_only
18177,2023,IN,4.0,6160.0,0.0,0.0,4.0,1.0,183.0,10457.0,4106.0,274.0,335239070.0,490274745.0,1.0,0.0,Wayne County,2,official_seed_report_only
18179,2023,IN,0.0,0.0,0.0,0.0,0.0,1.0,45.0,938.0,216.0,213.0,35626089.0,39928693.0,0.0,0.0,"Wells County, Indiana",1,official_seed_report_only
18181,2023,IN,0.0,0.0,0.0,0.0,0.0,1.0,24.0,516.0,264.0,4.0,41036384.0,48452689.0,0.0,1.0,"White County, Indiana",1,official_seed_report_only
18183,2023,IN,0.0,0.0,0.0,0.0,0.0,1.0,30.0,1996.0,338.0,44.0,76379045.0,101454328.0,0.0,0.0,"Whitley County, Indiana",1,official_seed_report_only
20001,2023,KS,1.0,3031.0,18.0,0.0,1.0,1.0,25.0,252.0,146.0,1.0,27988933.0,26937126.0,0.0,1.0,Allen County,2,official_seed_report_only
20003,2023,KS,0.0,0.0,0.0,0.0,0.0,1.0,12.0,137.0,92.0,0.0,31970516.0,27489873.0,0.0,1.0,"Anderson County, Kansas",1,official_seed_report_only
20005,2023,KS,1.0,2479.0,0.0,0.0,1.0,1.0,25.0,899.0,342.0,0.0,51441685.0,49391189.0,0.0,1.0,Atchison County,2,official_seed_report_only
20007,2023,KS,0.0,0.0,0.0,0.0,0.0,2.0,32.0,183.0,140.0,0.0,20548827.0,17595365.0,0.0,2.0,"Barber County, Kansas",1,official_seed_report_only
20009,2023,KS,1.0,10516.0,12.0,0.0,1.0,2.0,40.0,623.0,380.0,0.0,46425439.0,47193863.0,0.0,2.0,Barton County,2,official_seed_report_only
20011,2023,KS,1.0,2059.0,0.0,0.0,1.0,0.0,0.0,0.0,0.0,0.0,0.0,0.0,0.0,0.0,Bourbon County,1,official_seed_report_only
20013,2023,KS,0.0,0.0,0.0,0.0,0.0,1.0,25.0,457.0,243.0,0.0,31181660.0,28586634.0,0.0,1.0,"Brown County, Kansas",1,official_seed_report_only
20015,2023,KS,3.0,9559.0,138.0,0.0,1.0,2.0,78.0,2398.0,1031.0,1.0,70372894.0,100747205.0,0.0,0.0,Butler County,2,official_seed_report_only
20023,2023,KS,0.0,0.0,0.0,0.0,0.0,1.0,16.0,198.0,113.0,0.0,15213807.0,13371780.0,0.0,1.0,"Cheyenne County, Kansas",1,official_seed_report_only
20025,2023,KS,0.0,0.0,0.0,0.0,0.0,2.0,39.0,222.0,134.0,0.0,30750893.0,26497285.0,0.0,2.0,"Clark County, Kansas",1,official_seed_report_only
20027,2023,KS,0.0,0.0,0.0,0.0,0.0,1.0,20.0,443.0,283.0,0.0,32404555.0,32702900.0,0.0,1.0,"Clay County, Kansas",1,official_seed_report_only
20029,2023,KS,1.0,2276.0,30.0,0.0,1.0,1.0,15.0,148.0,111.0,1.0,25483486.0,22545062.0,0.0,1.0,Cloud County,2,official_seed_report_only
20031,2023,KS,0.0,0.0,0.0,0.0,0.0,1.0,25.0,214.0,126.0,0.0,26480731.0,21526175.0,0.0,1.0,"Coffey County, Kansas",1,official_seed_report_only
20033,2023,KS,0.0,0.0,0.0,0.0,0.0,1.0,12.0,72.0,62.0,0.0,6385097.0,5412973.0,0.0,1.0,"Comanche County, Kansas",1,official_seed_report_only
20035,2023,KS,2.0,4896.0,47.0,0.0,2.0,3.0,55.0,1367.0,476.0,28.0,64202067.0,67018905.0,0.0,1.0,Cowley County,2,official_seed_report_only
20037,2023,KS,1.0,7099.0,0.0,0.0,1.0,1.0,23.0,232.0,135.0,12.0,21812549.0,21494169.0,0.0,1.0,Crawford County,2,official_seed_report_only
20039,2023,KS,0.0,0.0,0.0,0.0,0.0,1.0,18.0,89.0,41.0,3.0,10709179.0,9458100.0,0.0,1.0,"Decatur County, Kansas",1,official_seed_report_only
20041,2023,KS,0.0,0.0,0.0,0.0,0.0,1.0,21.0,293.0,194.0,0.0,46993860.0,40991682.0,0.0,1.0,"Dickinson County, Kansas",1,official_seed_report_only
20043,2023,KS,1.0,3738.0,5.0,0.0,1.0,1.0,30.0,244.0,202.0,0.0,8249724.0,5441531.0,0.0,0.0,Doniphan County,2,official_seed_report_only
20045,2023,KS,4.0,33081.0,53.0,1.0,4.0,1.0,110.0,5906.0,2128.0,102.0,214211956.0,353617268.0,0.0,0.0,Douglas County,2,official_seed_report_only
20047,2023,KS,0.0,0.0,0.0,0.0,0.0,1.0,12.0,33.0,27.0,0.0,11521683.0,8688472.0,0.0,1.0,"Edwards County, Kansas",1,official_seed_report_only
20051,2023,KS,2.0,17080.0,16.0,0.0,2.0,0.0,0.0,0.0,0.0,0.0,0.0,0.0,0.0,0.0,Ellis County,1,official_seed_report_only
20055,2023,KS,1.0,2640.0,0.0,0.0,1.0,0.0,0.0,0.0,0.0,0.0,0.0,0.0,0.0,0.0,Finney County,1,official_seed_report_only
20057,2023,KS,1.0,2311.0,0.0,0.0,1.0,0.0,0.0,0.0,0.0,0.0,0.0,0.0,0.0,0.0,Ford County,1,official_seed_report_only
20059,2023,KS,1.0,1101.0,2.0,0.0,1.0,1.0,36.0,1179.0,491.0,3.0,51482246.0,61438735.0,0.0,0.0,Franklin County,2,official_seed_report_only
20061,2023,KS,0.0,0.0,0.0,0.0,0.0,1.0,43.0,525.0,146.0,6.0,27420348.0,23872133.0,0.0,0.0,"Geary County, Kansas",1,official_seed_report_only
20063,2023,KS,0.0,0.0,0.0,0.0,0.0,1.0,21.0,316.0,113.0,0.0,17302257.0,14248638.0,0.0,1.0,"Gove County, Kansas",1,official_seed_report_only
20065,2023,KS,0.0,0.0,0.0,0.0,0.0,1.0,15.0,168.0,96.0,1.0,9695516.0,8620241.0,0.0,1.0,"Graham County, Kansas",1,official_seed_report_only
20071,2023,KS,0.0,0.0,0.0,0.0,0.0,1.0,25.0,150.0,122.0,0.0,14997911.0,13271547.0,0.0,1.0,"Greeley County, Kansas",1,official_seed_report_only
20073,2023,KS,0.0,0.0,0.0,0.0,0.0,1.0,25.0,468.0,130.0,0.0,15050638.0,12785944.0,0.0,1.0,"Greenwood County, Kansas",1,official_seed_report_only
20075,2023,KS,0.0,0.0,0.0,0.0,0.0,1.0,25.0,52.0,46.0,2.0,15580804.0,15170748.0,0.0,1.0,"Hamilton County, Kansas",1,official_seed_report_only
20077,2023,KS,0.0,0.0,0.0,0.0,0.0,1.0,25.0,134.0,91.0,0.0,20440339.0,17297896.0,0.0,1.0,"Harper County, Kansas",1,official_seed_report_only
20079,2023,KS,2.0,885.0,0.0,0.0,2.0,0.0,0.0,0.0,0.0,0.0,0.0,0.0,0.0,0.0,Harvey County,1,official_seed_report_only
20081,2023,KS,0.0,0.0,0.0,0.0,0.0,1.0,23.0,57.0,44.0,0.0,13924761.0,12997041.0,0.0,1.0,"Haskell County, Kansas",1,official_seed_report_only
20083,2023,KS,0.0,0.0,0.0,0.0,0.0,1.0,25.0,97.0,73.0,0.0,11508775.0,10930746.0,0.0,1.0,"Hodgeman County, Kansas",1,official_seed_report_only
20087,2023,KS,0.0,0.0,0.0,0.0,0.0,1.0,25.0,2.0,2.0,0.0,7916223.0,7635981.0,0.0,1.0,"Jefferson County, Kansas",1,official_seed_report_only
20089,2023,KS,0.0,0.0,0.0,0.0,0.0,1.0,25.0,57.0,41.0,0.0,8174318.0,7608997.0,0.0,1.0,"Jewell County, Kansas",1,official_seed_report_only
20091,2023,KS,10.0,30351.0,225.0,0.0,10.0,13.0,1049.0,39762.0,12055.0,558.0,1174236420.0,1502071995.0,1.0,0.0,Johnson County,2,official_seed_report_only
20097,2023,KS,1.0,216.0,0.0,0.0,1.0,1.0,15.0,82.0,51.0,1.0,11355624.0,9381719.0,0.0,1.0,Kiowa County,2,official_seed_report_only
20099,2023,KS,1.0,1908.0,0.0,0.0,1.0,1.0,49.0,1302.0,413.0,2.0,76169553.0,84084117.0,0.0,0.0,Labette County,2,official_seed_report_only
20101,2023,KS,0.0,0.0,0.0,0.0,0.0,1.0,25.0,46.0,36.0,0.0,7218856.0,6309111.0,0.0,1.0,"Lane County, Kansas",1,official_seed_report_only
20103,2023,KS,1.0,1543.0,4.0,0.0,1.0,1.0,22.0,939.0,380.0,6.0,28258770.0,27440844.0,0.0,0.0,Leavenworth County,2,official_seed_report_only
20109,2023,KS,0.0,0.0,0.0,0.0,0.0,1.0,25.0,145.0,104.0,0.0,12896613.0,12187829.0,0.0,1.0,"Logan County, Kansas",1,official_seed_report_only
20111,2023,KS,2.0,9812.0,79.0,0.0,2.0,1.0,20.0,1167.0,409.0,5.0,73369026.0,73941391.0,0.0,1.0,Lyon County,2,official_seed_report_only
20115,2023,KS,1.0,796.0,0.0,0.0,1.0,2.0,25.0,198.0,125.0,0.0,25253884.0,14170489.0,0.0,2.0,Marion County,2,official_seed_report_only
20117,2023,KS,0.0,0.0,0.0,0.0,0.0,1.0,23.0,589.0,271.0,1.0,25244794.0,24518605.0,0.0,1.0,"Marshall County, Kansas",1,official_seed_report_only
20113,2023,KS,3.0,2381.0,6.0,0.0,3.0,2.0,29.0,288.0,198.0,0.0,18937901.0,17659684.0,0.0,1.0,McPherson County,2,official_seed_report_only
20119,2023,KS,0.0,0.0,0.0,0.0,0.0,1.0,20.0,108.0,69.0,3.0,14973751.0,12517747.0,0.0,1.0,"Meade County, Kansas",1,official_seed_report_only
20121,2023,KS,0.0,0.0,0.0,0.0,0.0,1.0,18.0,393.0,176.0,0.0,34451366.0,32508294.0,0.0,0.0,"Miami County, Kansas",1,official_seed_report_only
20123,2023,KS,1.0,1387.0,0.0,0.0,1.0,0.0,0.0,0.0,0.0,0.0,0.0,0.0,0.0,0.0,Mitchell County,1,official_seed_report_only
20125,2023,KS,2.0,2943.0,0.0,0.0,2.0,1.0,47.0,887.0,228.0,45.0,34926311.0,36752644.0,0.0,0.0,Montgomery County,2,official_seed_report_only
20127,2023,KS,0.0,0.0,0.0,0.0,0.0,1.0,21.0,247.0,137.0,1.0,16212385.0,15126908.0,0.0,1.0,"Morris County, Kansas",1,official_seed_report_only
20129,2023,KS,0.0,0.0,0.0,0.0,0.0,2.0,51.0,93.0,62.0,3.0,8736986.0,5812530.0,0.0,1.0,"Morton County, Kansas",1,official_seed_report_only
20131,2023,KS,0.0,0.0,0.0,0.0,0.0,1.0,16.0,215.0,155.0,0.0,16857991.0,16676160.0,0.0,1.0,"Nemaha County, Kansas",1,official_seed_report_only
20133,2023,KS,1.0,2057.0,0.0,0.0,1.0,1.0,22.0,1278.0,523.0,3.0,55971429.0,56201119.0,0.0,1.0,Neosho County,2,official_seed_report_only
20135,2023,KS,0.0,0.0,0.0,0.0,0.0,2.0,50.0,112.0,87.0,0.0,22892908.0,19159245.0,0.0,2.0,"Ness County, Kansas",1,official_seed_report_only
20141,2023,KS,0.0,0.0,0.0,0.0,0.0,1.0,16.0,139.0,104.0,10.0,9282561.0,8346890.0,0.0,1.0,"Osborne County, Kansas",1,official_seed_report_only
20143,2023,KS,0.0,0.0,0.0,0.0,0.0,1.0,25.0,87.0,70.0,0.0,7659210.0,8082807.0,0.0,1.0,"Ottawa County, Kansas",1,official_seed_report_only
20149,2023,KS,0.0,0.0,0.0,0.0,0.0,1.0,18.0,86.0,56.0,0.0,15384743.0,15659675.0,0.0,1.0,"Pottawatomie County, Kansas",1,official_seed_report_only
20151,2023,KS,1.0,1703.0,16.0,0.0,1.0,1.0,35.0,1459.0,664.0,5.0,40997463.0,53564896.0,0.0,0.0,Pratt County,2,official_seed_report_only
20155,2023,KS,1.0,7432.0,0.0,0.0,1.0,1.0,10.0,517.0,267.0,2.0,14157763.0,14377127.0,0.0,0.0,Reno County,2,official_seed_report_only
20157,2023,KS,0.0,0.0,0.0,0.0,0.0,1.0,25.0,466.0,291.0,0.0,19444041.0,17264684.0,0.0,1.0,"Republic County, Kansas",1,official_seed_report_only
20159,2023,KS,1.0,805.0,0.0,0.0,1.0,0.0,0.0,0.0,0.0,0.0,0.0,0.0,0.0,0.0,Rice County,1,official_seed_report_only
20161,2023,KS,4.0,23687.0,5.0,1.0,4.0,1.0,13.0,462.0,82.0,0.0,34082768.0,49371851.0,0.0,0.0,Riley County,2,official_seed_report_only
20163,2023,KS,0.0,0.0,0.0,0.0,0.0,1.0,22.0,333.0,150.0,0.0,18288255.0,18716224.0,0.0,1.0,"Rooks County, Kansas",1,official_seed_report_only
20165,2023,KS,0.0,0.0,0.0,0.0,0.0,1.0,25.0,54.0,42.0,1.0,8747843.0,7228719.0,0.0,1.0,"Rush County, Kansas",1,official_seed_report_only
20169,2023,KS,3.0,2427.0,0.0,0.0,3.0,2.0,193.0,7676.0,2797.0,40.0,204640186.0,273641441.0,1.0,0.0,Saline County,2,official_seed_report_only
20173,2023,KS,12.0,37642.0,36.0,1.0,11.0,8.0,1456.0,64186.0,16504.0,2756.0,1360545194.0,1715310800.0,2.0,0.0,Sedgwick County,2,official_seed_report_only
20175,2023,KS,1.0,2296.0,0.0,0.0,1.0,1.0,67.0,2171.0,576.0,328.0,56388153.0,66003065.0,0.0,0.0,Seward County,2,official_seed_report_only
20177,2023,KS,4.0,8816.0,59.0,0.0,4.0,2.0,499.0,21082.0,6514.0,177.0,490305890.0,903265451.0,0.0,0.0,Shawnee County,2,official_seed_report_only
20179,2023,KS,0.0,0.0,0.0,0.0,0.0,1.0,18.0,127.0,92.0,1.0,11999634.0,12112168.0,0.0,1.0,"Sheridan County, Kansas",1,official_seed_report_only
20181,2023,KS,1.0,694.0,0.0,0.0,1.0,1.0,23.0,320.0,223.0,0.0,20395448.0,20760212.0,0.0,1.0,Sherman County,2,official_seed_report_only
20185,2023,KS,0.0,0.0,0.0,0.0,0.0,1.0,25.0,51.0,37.0,0.0,12636196.0,11653632.0,0.0,1.0,"Stafford County, Kansas",1,official_seed_report_only
20187,2023,KS,0.0,0.0,0.0,0.0,0.0,1.0,16.0,63.0,49.0,0.0,11171071.0,9252459.0,0.0,1.0,"Stanton County, Kansas",1,official_seed_report_only
20189,2023,KS,0.0,0.0,0.0,0.0,0.0,1.0,17.0,105.0,79.0,0.0,17840940.0,17008467.0,0.0,1.0,"Stevens County, Kansas",1,official_seed_report_only
20191,2023,KS,0.0,0.0,0.0,0.0,0.0,1.0,16.0,111.0,68.0,0.0,10147245.0,7886256.0,0.0,1.0,"Sumner County, Kansas",1,official_seed_report_only
20193,2023,KS,1.0,2258.0,0.0,0.0,1.0,1.0,23.0,608.0,309.0,0.0,53589213.0,57260721.0,0.0,1.0,Thomas County,2,official_seed_report_only
20195,2023,KS,0.0,0.0,0.0,0.0,0.0,1.0,25.0,119.0,87.0,0.0,16845065.0,14999516.0,0.0,1.0,"Trego County, Kansas",1,official_seed_report_only
20201,2023,KS,0.0,0.0,0.0,0.0,0.0,2.0,50.0,194.0,118.0,0.0,15423443.0,15696792.0,0.0,2.0,"Washington County, Kansas",1,official_seed_report_only
20203,2023,KS,0.0,0.0,0.0,0.0,0.0,1.0,25.0,73.0,48.0,1.0,11459185.0,9109333.0,0.0,1.0,"Wichita County, Kansas",1,official_seed_report_only
20205,2023,KS,0.0,0.0,0.0,0.0,0.0,2.0,40.0,289.0,146.0,0.0,31648852.0,28940720.0,0.0,2.0,"Wilson County, Kansas",1,official_seed_report_only
20209,2023,KS,2.0,7084.0,48.0,0.0,2.0,2.0,216.0,5625.0,1470.0,42.0,126838742.0,128827940.0,0.0,0.0,Wyandotte County,2,official_seed_report_only
21001,2023,KY,1.0,4096.0,0.0,0.0,1.0,1.0,49.0,191.0,75.0,7.0,20054337.0,17485071.0,0.0,0.0,Adair County,2,official_seed_report_only
21009,2023,KY,1.0,69.0,0.0,0.0,1.0,1.0,112.0,4628.0,1267.0,73.0,169004896.0,220535675.0,1.0,0.0,Barren County,2,official_seed_report_only
21013,2023,KY,1.0,176.0,0.0,0.0,1.0,0.0,0.0,0.0,0.0,0.0,0.0,0.0,0.0,0.0,Bell County,1,official_seed_report_only
21015,2023,KY,3.0,7278.0,81.0,0.0,3.0,2.0,186.0,9709.0,2617.0,127.0,214999300.0,254547228.0,0.0,0.0,Boone County,2,official_seed_report_only
21019,2023,KY,1.0,3521.0,44.0,0.0,1.0,1.0,367.0,17891.0,4581.0,130.0,602994807.0,577517839.0,1.0,0.0,Boyd County,2,official_seed_report_only
21021,2023,KY,1.0,1372.0,17.0,0.0,1.0,1.0,157.0,5496.0,1536.0,115.0,225175872.0,234678984.0,0.0,0.0,Boyle County,2,official_seed_report_only
21025,2023,KY,1.0,97.0,0.0,0.0,1.0,0.0,0.0,0.0,0.0,0.0,0.0,0.0,0.0,0.0,Breathitt County,1,official_seed_report_only
21027,2023,KY,0.0,0.0,0.0,0.0,0.0,1.0,25.0,944.0,182.0,10.0,25449190.0,27580169.0,0.0,1.0,"Breckinridge County, Kentucky",1,official_seed_report_only
21035,2023,KY,1.0,11531.0,0.0,0.0,1.0,1.0,99.0,3148.0,1087.0,39.0,109549937.0,166202858.0,0.0,0.0,Calloway County,2,official_seed_report_only
21037,2023,KY,3.0,19342.0,3.0,0.0,3.0,1.0,106.0,6448.0,1512.0,46.0,137231998.0,152888240.0,0.0,0.0,Campbell County,2,official_seed_report_only
21041,2023,KY,0.0,0.0,0.0,0.0,0.0,1.0,25.0,216.0,52.0,1.0,19541646.0,21624142.0,0.0,1.0,"Carroll County, Kentucky",1,official_seed_report_only
21043,2023,KY,1.0,759.0,0.0,0.0,1.0,0.0,0.0,0.0,0.0,0.0,0.0,0.0,0.0,0.0,Carter County,1,official_seed_report_only
21047,2023,KY,2.0,2883.0,24.0,0.0,2.0,2.0,202.0,5482.0,912.0,46.0,159271037.0,211842131.0,0.0,0.0,Christian County,2,official_seed_report_only
21051,2023,KY,1.0,69.0,0.0,0.0,1.0,1.0,49.0,1598.0,281.0,24.0,76146869.0,83024189.0,0.0,0.0,Clay County,2,official_seed_report_only
21053,2023,KY,0.0,0.0,0.0,0.0,0.0,1.0,20.0,194.0,87.0,3.0,6525049.0,7049190.0,0.0,0.0,"Clinton County, Kentucky",1,official_seed_report_only
21055,2023,KY,0.0,0.0,0.0,0.0,0.0,1.0,48.0,334.0,153.0,14.0,16046760.0,11644832.0,0.0,0.0,"Crittenden County, Kentucky",1,official_seed_report_only
21059,2023,KY,4.0,7795.0,61.0,0.0,4.0,0.0,0.0,0.0,0.0,0.0,0.0,0.0,0.0,0.0,Daviess County,1,official_seed_report_only
21065,2023,KY,0.0,0.0,0.0,0.0,0.0,1.0,25.0,770.0,180.0,25.0,24005115.0,16831211.0,0.0,1.0,"Estill County, Kentucky",1,official_seed_report_only
21067,2023,KY,8.0,50720.0,277.0,1.0,8.0,1.0,110.0,2518.0,60.0,8.0,21094635.0,44221817.0,0.0,0.0,Fayette County,2,official_seed_report_only
21071,2023,KY,1.0,3364.0,55.0,0.0,1.0,0.0,0.0,0.0,0.0,0.0,0.0,0.0,0.0,0.0,Floyd County,1,official_seed_report_only
21073,2023,KY,1.0,2203.0,0.0,0.0,1.0,0.0,0.0,0.0,0.0,0.0,0.0,0.0,0.0,0.0,Franklin County,1,official_seed_report_only
21081,2023,KY,0.0,0.0,0.0,0.0,0.0,1.0,15.0,103.0,30.0,0.0,30580002.0,48162288.0,0.0,1.0,"Grant County, Kentucky",1,official_seed_report_only
21093,2023,KY,2.0,8374.0,97.0,0.0,2.0,1.0,40.0,811.0,461.0,9.0,12314525.0,14720658.0,0.0,0.0,Hardin County,2,official_seed_report_only
21095,2023,KY,1.0,3779.0,75.0,0.0,1.0,0.0,0.0,0.0,0.0,0.0,0.0,0.0,0.0,0.0,Harlan County,1,official_seed_report_only
21097,2023,KY,0.0,0.0,0.0,0.0,0.0,1.0,26.0,1241.0,321.0,12.0,69244897.0,83795348.0,0.0,0.0,"Harrison County, Kentucky",1,official_seed_report_only
21101,2023,KY,1.0,1853.0,7.0,0.0,1.0,1.0,118.0,3752.0,947.0,227.0,104588195.0,126914273.0,0.0,0.0,Henderson County,2,official_seed_report_only
21107,2023,KY,1.0,4901.0,33.0,0.0,1.0,0.0,0.0,0.0,0.0,0.0,0.0,0.0,0.0,0.0,Hopkins County,1,official_seed_report_only
21111,2023,KY,16.0,66509.0,843.0,1.0,16.0,4.0,1707.0,78924.0,12492.0,1308.0,2344983791.0,3055328922.0,1.0,0.0,Jefferson County,2,official_seed_report_only
21113,2023,KY,2.0,3868.0,0.0,0.0,2.0,0.0,0.0,0.0,0.0,0.0,0.0,0.0,0.0,0.0,Jessamine County,1,official_seed_report_only
21115,2023,KY,1.0,70.0,0.0,0.0,1.0,0.0,0.0,0.0,0.0,0.0,0.0,0.0,0.0,0.0,Johnson County,1,official_seed_report_only
21117,2023,KY,2.0,2336.0,0.0,0.0,2.0,2.0,635.0,37175.0,5902.0,490.0,949614647.0,1256464121.0,1.0,0.0,Kenton County,2,official_seed_report_only
21119,2023,KY,1.0,599.0,0.0,0.0,1.0,0.0,0.0,0.0,0.0,0.0,0.0,0.0,0.0,0.0,Knott County,1,official_seed_report_only
21121,2023,KY,1.0,1186.0,0.0,0.0,1.0,0.0,0.0,0.0,0.0,0.0,0.0,0.0,0.0,0.0,Knox County,1,official_seed_report_only
21133,2023,KY,1.0,38.0,0.0,0.0,1.0,0.0,0.0,0.0,0.0,0.0,0.0,0.0,0.0,0.0,Letcher County,1,official_seed_report_only
21137,2023,KY,0.0,0.0,0.0,0.0,0.0,1.0,25.0,625.0,70.0,7.0,27779775.0,36549643.0,0.0,1.0,"Lincoln County, Kentucky",1,official_seed_report_only
21139,2023,KY,0.0,0.0,0.0,0.0,0.0,1.0,25.0,368.0,182.0,5.0,22311778.0,21250273.0,0.0,1.0,"Livingston County, Kentucky",1,official_seed_report_only
21151,2023,KY,4.0,18583.0,2.0,0.0,4.0,0.0,0.0,0.0,0.0,0.0,0.0,0.0,0.0,0.0,Madison County,1,official_seed_report_only
21155,2023,KY,0.0,0.0,0.0,0.0,0.0,1.0,63.0,815.0,222.0,11.0,29976469.0,52119751.0,0.0,0.0,"Marion County, Kentucky",1,official_seed_report_only
21157,2023,KY,0.0,0.0,0.0,0.0,0.0,1.0,25.0,399.0,188.0,25.0,22545271.0,21387833.0,0.0,1.0,"Marshall County, Kentucky",1,official_seed_report_only
21161,2023,KY,1.0,4867.0,58.0,0.0,1.0,1.0,100.0,1777.0,415.0,30.0,45589097.0,88891392.0,0.0,0.0,Mason County,2,official_seed_report_only
21145,2023,KY,1.0,6874.0,108.0,0.0,1.0,1.0,184.0,9837.0,2834.0,120.0,266154545.0,319168927.0,0.0,0.0,McCracken County,2,official_seed_report_only
21167,2023,KY,0.0,0.0,0.0,0.0,0.0,1.0,25.0,119.0,36.0,3.0,34474256.0,35535734.0,0.0,1.0,"Mercer County, Kentucky",1,official_seed_report_only
21183,2023,KY,0.0,0.0,0.0,0.0,0.0,1.0,25.0,532.0,205.0,6.0,55304017.0,71118943.0,0.0,1.0,"Ohio County, Kentucky",1,official_seed_report_only
21193,2023,KY,2.0,4592.0,1.0,0.0,2.0,0.0,0.0,0.0,0.0,0.0,0.0,0.0,0.0,0.0,Perry County,1,official_seed_report_only
21195,2023,KY,4.0,3375.0,0.0,1.0,4.0,2.0,328.0,10227.0,2984.0,129.0,470926212.0,600022319.0,0.0,0.0,Pike County,2,official_seed_report_only
21199,2023,KY,1.0,7180.0,35.0,0.0,1.0,1.0,182.0,8096.0,1957.0,136.0,181310799.0,326216254.0,1.0,0.0,Pulaski County,2,official_seed_report_only
21203,2023,KY,0.0,0.0,0.0,0.0,0.0,1.0,30.0,737.0,217.0,8.0,80948446.0,83355474.0,0.0,0.0,"Rockcastle County, Kentucky",1,official_seed_report_only
21205,2023,KY,1.0,9836.0,0.0,0.0,1.0,0.0,0.0,0.0,0.0,0.0,0.0,0.0,0.0,0.0,Rowan County,1,official_seed_report_only
21209,2023,KY,1.0,1678.0,0.0,0.0,1.0,0.0,0.0,0.0,0.0,0.0,0.0,0.0,0.0,0.0,Scott County,1,official_seed_report_only
21217,2023,KY,1.0,15400.0,8.0,0.0,1.0,0.0,0.0,0.0,0.0,0.0,0.0,0.0,0.0,0.0,Taylor County,1,official_seed_report_only
21225,2023,KY,0.0,0.0,0.0,0.0,0.0,1.0,25.0,99.0,55.0,0.0,21034669.0,29920668.0,0.0,1.0,"Union County, Kentucky",1,official_seed_report_only
21227,2023,KY,6.0,26987.0,78.0,0.0,6.0,3.0,259.0,8851.0,2406.0,55.0,150531025.0,210487826.0,0.0,0.0,Warren County,2,official_seed_report_only
21231,2023,KY,0.0,0.0,0.0,0.0,0.0,1.0,25.0,191.0,48.0,1.0,18293555.0,19884329.0,0.0,1.0,"Wayne County, Kentucky",1,official_seed_report_only
21235,2023,KY,1.0,25381.0,0.0,0.0,1.0,0.0,0.0,0.0,0.0,0.0,0.0,0.0,0.0,0.0,Whitley County,1,official_seed_report_only
21239,2023,KY,3.0,5423.0,1.0,0.0,3.0,0.0,0.0,0.0,0.0,0.0,0.0,0.0,0.0,0.0,Woodford County,1,official_seed_report_only
22001,2023,LA,1.0,3943.0,0.0,0.0,1.0,1.0,24.0,921.0,56.0,664.0,6695248.0,7815076.0,0.0,0.0,Acadia Parish,2,official_seed_report_only
22005,2023,LA,1.0,3065.0,0.0,0.0,1.0,1.0,32.0,1498.0,86.0,0.0,9545052.0,8929121.0,0.0,0.0,Ascension Parish,2,official_seed_report_only
22007,2023,LA,0.0,0.0,0.0,0.0,0.0,1.0,0.0,0.0,0.0,0.0,841554.0,912334.0,0.0,1.0,"Assumption Parish, Louisiana",1,official_seed_report_only
22009,2023,LA,0.0,0.0,0.0,0.0,0.0,1.0,18.0,747.0,57.0,0.0,6050695.0,6180590.0,0.0,0.0,"Avoyelles Parish, Louisiana",1,official_seed_report_only
22011,2023,LA,0.0,0.0,0.0,0.0,0.0,2.0,69.0,1809.0,577.0,413.0,57344681.0,50576458.0,0.0,0.0,"Beauregard Parish, Louisiana",1,official_seed_report_only
22013,2023,LA,0.0,0.0,0.0,0.0,0.0,1.0,21.0,19.0,9.0,3.0,11026163.0,11649614.0,0.0,1.0,"Bienville Parish, Louisiana",1,official_seed_report_only
22015,2023,LA,2.0,9234.0,0.0,0.0,2.0,1.0,15.0,326.0,290.0,0.0,6952591.0,7144531.0,0.0,0.0,Bossier Parish,2,official_seed_report_only
22017,2023,LA,12.0,20687.0,3.0,1.0,12.0,6.0,1118.0,43276.0,10684.0,1392.0,1018180242.0,1263151491.0,2.0,0.0,Caddo Parish,2,official_seed_report_only
22019,2023,LA,4.0,11578.0,0.0,0.0,4.0,4.0,373.0,11557.0,2923.0,617.0,379220205.0,445493405.0,1.0,1.0,Calcasieu Parish,2,official_seed_report_only
22021,2023,LA,0.0,0.0,0.0,0.0,0.0,1.0,26.0,208.0,104.0,9.0,12710799.0,12913710.0,0.0,0.0,"Caldwell Parish, Louisiana",1,official_seed_report_only
22029,2023,LA,0.0,0.0,0.0,0.0,0.0,3.0,63.0,1089.0,598.0,27.0,41856675.0,39394896.0,0.0,1.0,"Concordia Parish, Louisiana",1,official_seed_report_only
22031,2023,LA,0.0,0.0,0.0,0.0,0.0,1.0,34.0,348.0,149.0,3.0,26933599.0,30764343.0,0.0,0.0,"De Soto Parish, Louisiana",1,official_seed_report_only
22033,2023,LA,20.0,70231.0,5.0,1.0,20.0,15.0,1226.0,50254.0,6405.0,308.0,1293249802.0,1612970709.0,2.0,0.0,East Baton Rouge Parish,2,official_seed_report_only
22039,2023,LA,0.0,0.0,0.0,0.0,0.0,3.0,104.0,2520.0,1075.0,732.0,107776711.0,107871335.0,0.0,0.0,"Evangeline Parish, Louisiana",1,official_seed_report_only
22045,2023,LA,1.0,37.0,0.0,0.0,1.0,0.0,0.0,0.0,0.0,0.0,0.0,0.0,0.0,0.0,Iberia Parish,1,official_seed_report_only
22049,2023,LA,0.0,0.0,0.0,0.0,0.0,1.0,25.0,243.0,134.0,1.0,26333666.0,23444186.0,0.0,1.0,"Jackson Parish, Louisiana",1,official_seed_report_only
22053,2023,LA,0.0,0.0,0.0,0.0,0.0,2.0,85.0,2933.0,879.0,942.0,66381818.0,58038588.0,0.0,0.0,"Jefferson Davis Parish, Louisiana",1,official_seed_report_only
22051,2023,LA,8.0,3265.0,1.0,0.0,8.0,9.0,2172.0,83466.0,11841.0,3679.0,3105809922.0,3792757496.0,3.0,0.0,Jefferson Parish,2,official_seed_report_only
22059,2023,LA,0.0,0.0,0.0,0.0,0.0,2.0,55.0,1012.0,280.0,116.0,67171833.0,56984447.0,0.0,1.0,"LaSalle Parish, Louisiana",1,official_seed_report_only
22055,2023,LA,10.0,27554.0,0.0,0.0,10.0,8.0,621.0,25485.0,6057.0,693.0,623494665.0,796975812.0,1.0,0.0,Lafayette Parish,2,official_seed_report_only
22057,2023,LA,1.0,6763.0,0.0,0.0,1.0,2.0,195.0,7755.0,1546.0,35.0,213330726.0,332135400.0,0.0,1.0,Lafourche Parish,2,official_seed_report_only
22061,2023,LA,2.0,18019.0,0.0,0.0,2.0,3.0,182.0,4452.0,1128.0,1300.0,63584713.0,75910371.0,0.0,0.0,Lincoln Parish,2,official_seed_report_only
22063,2023,LA,1.0,89.0,0.0,0.0,1.0,0.0,0.0,0.0,0.0,0.0,0.0,0.0,0.0,0.0,Livingston Parish,1,official_seed_report_only
22065,2023,LA,0.0,0.0,0.0,0.0,0.0,1.0,19.0,123.0,35.0,3.0,23649250.0,15006327.0,0.0,1.0,"Madison Parish, Louisiana",1,official_seed_report_only
22067,2023,LA,0.0,0.0,0.0,0.0,0.0,2.0,70.0,1394.0,193.0,33.0,17005756.0,17327089.0,0.0,0.0,"Morehouse Parish, Louisiana",1,official_seed_report_only
22069,2023,LA,1.0,11332.0,5.0,0.0,1.0,0.0,0.0,0.0,0.0,0.0,0.0,0.0,0.0,0.0,Natchitoches Parish,1,official_seed_report_only
22071,2023,LA,16.0,64329.0,46.0,2.0,16.0,6.0,892.0,26930.0,2335.0,3952.0,1373064798.0,1797005981.0,3.0,0.0,Orleans Parish,2,official_seed_report_only
22073,2023,LA,9.0,16271.0,9.0,0.0,9.0,1.0,10.0,108.0,50.0,0.0,29220577.0,27017532.0,0.0,0.0,Ouachita Parish,2,official_seed_report_only
22077,2023,LA,0.0,0.0,0.0,0.0,0.0,1.0,23.0,73.0,29.0,1.0,21206070.0,19118393.0,0.0,1.0,"Pointe Coupee Parish, Louisiana",1,official_seed_report_only
22079,2023,LA,6.0,9223.0,0.0,0.0,6.0,6.0,621.0,21525.0,4457.0,1503.0,275189764.0,384065269.0,1.0,0.0,Rapides Parish,2,official_seed_report_only
22081,2023,LA,0.0,0.0,0.0,0.0,0.0,1.0,12.0,263.0,212.0,21.0,4757686.0,5710597.0,0.0,0.0,"Red River Parish, Louisiana",1,official_seed_report_only
22083,2023,LA,0.0,0.0,0.0,0.0,0.0,2.0,63.0,609.0,290.0,32.0,44998987.0,48179059.0,0.0,1.0,"Richland Parish, Louisiana",1,official_seed_report_only
22087,2023,LA,1.0,3096.0,0.0,0.0,1.0,1.0,40.0,1239.0,181.0,5.0,41082028.0,38077670.0,0.0,0.0,St. Bernard Parish,2,official_seed_report_only
22091,2023,LA,0.0,0.0,0.0,0.0,0.0,1.0,25.0,9.0,8.0,0.0,10415249.0,15246073.0,0.0,1.0,"St. Helena Parish, Louisiana",1,official_seed_report_only
22093,2023,LA,0.0,0.0,0.0,0.0,0.0,1.0,19.0,849.0,53.0,0.0,6707522.0,7698001.0,0.0,0.0,"St. James Parish, Louisiana",1,official_seed_report_only
22095,2023,LA,0.0,0.0,0.0,0.0,0.0,1.0,104.0,3518.0,137.0,496.0,17151469.0,22368871.0,0.0,0.0,"St. John the Baptist Parish, Louisiana",1,official_seed_report_only
22097,2023,LA,2.0,91.0,0.0,0.0,2.0,2.0,44.0,821.0,153.0,7.0,7942116.0,8107093.0,0.0,0.0,St. Landry Parish,2,official_seed_report_only
22099,2023,LA,0.0,0.0,0.0,0.0,0.0,1.0,25.0,185.0,94.0,2.0,35625424.0,44190976.0,0.0,1.0,"St. Martin Parish, Louisiana",1,official_seed_report_only
22101,2023,LA,0.0,0.0,0.0,0.0,0.0,2.0,130.0,1285.0,325.0,18.0,64682658.0,57502182.0,0.0,1.0,"St. Mary Parish, Louisiana",1,official_seed_report_only
22103,2023,LA,5.0,11145.0,0.0,0.0,5.0,10.0,1045.0,32603.0,5704.0,3831.0,799593615.0,989105739.0,1.0,0.0,St. Tammany Parish,2,official_seed_report_only
22105,2023,LA,2.0,16421.0,0.0,0.0,2.0,6.0,223.0,4537.0,972.0,135.0,96404576.0,102294980.0,0.0,1.0,Tangipahoa Parish,2,official_seed_report_only
22109,2023,LA,6.0,3755.0,0.0,0.0,5.0,2.0,50.0,881.0,68.0,459.0,21519839.0,21606953.0,0.0,0.0,Terrebonne Parish,2,official_seed_report_only
22111,2023,LA,0.0,0.0,0.0,0.0,0.0,1.0,15.0,79.0,56.0,2.0,12610203.0,13564211.0,0.0,1.0,"Union Parish, Louisiana",1,official_seed_report_only
22113,2023,LA,0.0,0.0,0.0,0.0,0.0,2.0,69.0,1621.0,422.0,19.0,84475019.0,96110719.0,0.0,1.0,"Vermilion Parish, Louisiana",1,official_seed_report_only
22115,2023,LA,0.0,0.0,0.0,0.0,0.0,1.0,16.0,273.0,184.0,0.0,5253810.0,5938566.0,0.0,0.0,"Vernon Parish, Louisiana",1,official_seed_report_only
22117,2023,LA,0.0,0.0,0.0,0.0,0.0,2.0,36.0,344.0,268.0,13.0,32629213.0,29395117.0,0.0,1.0,"Washington Parish, Louisiana",1,official_seed_report_only
22119,2023,LA,1.0,1325.0,0.0,0.0,1.0,1.0,37.0,531.0,190.0,3.0,22325575.0,20630610.0,0.0,0.0,Webster Parish,2,official_seed_report_only
22123,2023,LA,0.0,0.0,0.0,0.0,0.0,1.0,30.0,452.0,130.0,41.0,26577750.0,24246597.0,0.0,0.0,"West Carroll Parish, Louisiana",1,official_seed_report_only
22125,2023,LA,0.0,0.0,0.0,0.0,0.0,1.0,25.0,15.0,5.0,2.0,29835970.0,27544006.0,0.0,1.0,"West Feliciana Parish, Louisiana",1,official_seed_report_only
25001,2023,MA,3.0,5053.0,204.0,0.0,3.0,3.0,380.0,22665.0,12364.0,1493.0,773422198.0,918425319.0,1.0,0.0,Barnstable County,2,official_seed_report_only
25003,2023,MA,6.0,6092.0,71.0,0.0,6.0,2.0,262.0,11299.0,5138.0,235.0,552841475.0,639037000.0,1.0,1.0,Berkshire County,2,official_seed_report_only
25005,2023,MA,10.0,22371.0,145.0,0.0,10.0,7.0,1430.0,58201.0,20790.0,4577.0,1657558893.0,1768601926.0,1.0,0.0,Bristol County,2,official_seed_report_only
25007,2023,MA,0.0,0.0,0.0,0.0,0.0,1.0,25.0,1127.0,652.0,147.0,120423623.0,134848702.0,0.0,1.0,"Dukes County, Massachusetts",1,official_seed_report_only
25009,2023,MA,12.0,38226.0,78.0,0.0,12.0,7.0,1268.0,62792.0,22026.0,10159.0,1665139492.0,1725972184.0,3.0,0.0,Essex County,2,official_seed_report_only
25011,2023,MA,1.0,1920.0,124.0,0.0,1.0,1.0,89.0,4398.0,1595.0,236.0,112224343.0,115290574.0,1.0,0.0,Franklin County,2,official_seed_report_only
25013,2023,MA,10.0,30379.0,608.0,0.0,10.0,6.0,1218.0,55618.0,17120.0,4806.0,1908429402.0,2000837160.0,1.0,0.0,Hampden County,2,official_seed_report_only
25015,2023,MA,6.0,45947.0,179.0,0.0,6.0,1.0,118.0,5121.0,2140.0,415.0,224880843.0,250985745.0,0.0,0.0,Hampshire County,2,official_seed_report_only
25017,2023,MA,29.0,150651.0,390.0,2.0,28.0,13.0,2492.0,116751.0,38788.0,7806.0,3894273884.0,4137994674.0,7.0,0.0,Middlesex County,2,official_seed_report_only
25019,2023,MA,0.0,0.0,0.0,0.0,0.0,1.0,14.0,535.0,242.0,79.0,72818519.0,77400376.0,0.0,0.0,"Nantucket County, Massachusetts",1,official_seed_report_only
25021,2023,MA,15.0,25071.0,244.0,0.0,15.0,9.0,1024.0,50516.0,17699.0,5204.0,1145967384.0,1210514248.0,1.0,0.0,Norfolk County,2,official_seed_report_only
25023,2023,MA,4.0,19364.0,390.0,0.0,4.0,3.0,534.0,31141.0,11272.0,3015.0,918679785.0,855036432.0,2.0,0.0,Plymouth County,2,official_seed_report_only
25025,2023,MA,31.0,189705.0,1085.0,1.0,29.0,18.0,5562.0,206559.0,56473.0,36650.0,14749352738.0,16994577695.0,12.0,0.0,Suffolk County,2,official_seed_report_only
25027,2023,MA,20.0,53456.0,415.0,1.0,20.0,11.0,1740.0,73041.0,22265.0,11432.0,3170701801.0,3155970131.0,3.0,1.0,Worcester County,2,official_seed_report_only
24001,2023,MD,2.0,7771.0,83.0,0.0,2.0,0.0,0.0,0.0,0.0,0.0,0.0,0.0,0.0,0.0,Allegany County,1,official_seed_report_only
24003,2023,MD,7.0,21838.0,0.0,0.0,7.0,0.0,0.0,0.0,0.0,0.0,0.0,0.0,0.0,0.0,Anne Arundel County,1,official_seed_report_only
24510,2023,MD,15.0,80780.0,557.0,2.0,15.0,0.0,0.0,0.0,0.0,0.0,0.0,0.0,0.0,0.0,Baltimore City,1,official_seed_report_only
24005,2023,MD,14.0,70628.0,489.0,0.0,13.0,0.0,0.0,0.0,0.0,0.0,0.0,0.0,0.0,0.0,Baltimore County,1,official_seed_report_only
24013,2023,MD,2.0,7551.0,23.0,0.0,2.0,0.0,0.0,0.0,0.0,0.0,0.0,0.0,0.0,0.0,Carroll County,1,official_seed_report_only
24015,2023,MD,1.0,2273.0,0.0,0.0,1.0,0.0,0.0,0.0,0.0,0.0,0.0,0.0,0.0,0.0,Cecil County,1,official_seed_report_only
24017,2023,MD,1.0,7707.0,0.0,0.0,1.0,0.0,0.0,0.0,0.0,0.0,0.0,0.0,0.0,0.0,Charles County,1,official_seed_report_only
24021,2023,MD,4.0,12932.0,68.0,0.0,4.0,0.0,0.0,0.0,0.0,0.0,0.0,0.0,0.0,0.0,Frederick County,1,official_seed_report_only
24023,2023,MD,1.0,755.0,0.0,0.0,1.0,1.0,20.0,1380.0,697.0,54.0,55532612.0,82036086.0,0.0,0.0,Garrett County,2,official_seed_report_only
24025,2023,MD,2.0,6525.0,4.0,0.0,2.0,0.0,0.0,0.0,0.0,0.0,0.0,0.0,0.0,0.0,Harford County,1,official_seed_report_only
24027,2023,MD,4.0,16240.0,1845.0,0.0,4.0,0.0,0.0,0.0,0.0,0.0,0.0,0.0,0.0,0.0,Howard County,1,official_seed_report_only
24029,2023,MD,1.0,992.0,4.0,0.0,1.0,0.0,0.0,0.0,0.0,0.0,0.0,0.0,0.0,0.0,Kent County,1,official_seed_report_only
24031,2023,MD,7.0,27169.0,144.0,0.0,6.0,3.0,714.0,35362.0,9615.0,3771.0,736512499.0,840469502.0,0.0,0.0,Montgomery County,2,official_seed_report_only
24033,2023,MD,9.0,161655.0,3998.0,1.0,9.0,1.0,34.0,2233.0,834.0,70.0,50972280.0,57111946.0,0.0,0.0,Prince George's County,2,official_seed_report_only
24035,2023,MD,1.0,2431.0,0.0,0.0,1.0,0.0,0.0,0.0,0.0,0.0,0.0,0.0,0.0,0.0,Queen Anne's County,1,official_seed_report_only
24039,2023,MD,1.0,3229.0,0.0,0.0,1.0,0.0,0.0,0.0,0.0,0.0,0.0,0.0,0.0,0.0,Somerset County,1,official_seed_report_only
24037,2023,MD,2.0,1657.0,0.0,0.0,1.0,0.0,0.0,0.0,0.0,0.0,0.0,0.0,0.0,0.0,St. Mary's County,1,official_seed_report_only
24043,2023,MD,2.0,5004.0,0.0,0.0,2.0,0.0,0.0,0.0,0.0,0.0,0.0,0.0,0.0,0.0,Washington County,1,official_seed_report_only
24045,2023,MD,3.0,11202.0,0.0,0.0,3.0,1.0,74.0,1903.0,1500.0,3.0,27159285.0,38768891.0,0.0,0.0,Wicomico County,2,official_seed_report_only
23001,2023,ME,3.0,6379.0,111.0,0.0,3.0,1.0,140.0,3405.0,562.0,1171.0,201437589.0,211411193.0,0.0,0.0,Androscoggin County,2,official_seed_report_only
23003,2023,ME,3.0,5537.0,88.0,0.0,3.0,4.0,158.0,4397.0,1338.0,1019.0,300198378.0,327221058.0,0.0,1.0,Aroostook County,2,official_seed_report_only
23005,2023,ME,11.0,31365.0,335.0,0.0,10.0,5.0,1028.0,41322.0,8853.0,7838.0,1891132042.0,2517379597.0,2.0,0.0,Cumberland County,2,official_seed_report_only
23007,2023,ME,1.0,2258.0,227.0,0.0,1.0,1.0,41.0,1771.0,410.0,392.0,114738611.0,115769309.0,0.0,0.0,Franklin County,2,official_seed_report_only
23009,2023,ME,2.0,1403.0,9.0,0.0,2.0,2.0,70.0,1907.0,572.0,349.0,137124287.0,149451480.0,0.0,1.0,Hancock County,2,official_seed_report_only
23011,2023,ME,4.0,10574.0,73.0,0.0,4.0,1.0,33.0,1050.0,195.0,246.0,67430032.0,69337238.0,0.0,0.0,Kennebec County,2,official_seed_report_only
23013,2023,ME,1.0,42.0,0.0,0.0,1.0,1.0,81.0,2517.0,732.0,616.0,166000880.0,182219768.0,0.0,0.0,Knox County,2,official_seed_report_only
23015,2023,ME,0.0,0.0,0.0,0.0,0.0,1.0,25.0,1074.0,330.0,232.0,109003419.0,121598717.0,0.0,1.0,"Lincoln County, Maine",1,official_seed_report_only
23017,2023,ME,0.0,0.0,0.0,0.0,0.0,1.0,25.0,1400.0,358.0,250.0,90379279.0,108459748.0,1.0,1.0,"Oxford County, Maine",1,official_seed_report_only
23019,2023,ME,5.0,22175.0,378.0,0.0,5.0,4.0,505.0,20224.0,4916.0,5575.0,1046821909.0,1205833513.0,1.0,1.0,Penobscot County,2,official_seed_report_only
23021,2023,ME,0.0,0.0,0.0,0.0,0.0,2.0,50.0,956.0,327.0,195.0,79846912.0,82140710.0,0.0,2.0,"Piscataquis County, Maine",1,official_seed_report_only
23025,2023,ME,1.0,2950.0,52.0,0.0,1.0,1.0,25.0,854.0,215.0,151.0,49032342.0,55282937.0,0.0,1.0,Somerset County,2,official_seed_report_only
23027,2023,ME,1.0,0.0,0.0,0.0,0.0,1.0,25.0,1015.0,341.0,174.0,100501271.0,127480854.0,0.0,1.0,Waldo County,2,official_seed_report_only
23029,2023,ME,1.0,912.0,5.0,0.0,1.0,2.0,50.0,809.0,292.0,171.0,73394747.0,85558181.0,0.0,2.0,Washington County,2,official_seed_report_only
23031,2023,ME,3.0,13303.0,488.0,1.0,3.0,2.0,194.0,8701.0,2618.0,1493.0,474130407.0,571250172.0,1.0,0.0,York County,2,official_seed_report_only
00002,2023,MH,2.0,1735.0,0.0,0.0,1.0,0.0,0.0,0.0,0.0,0.0,0.0,0.0,0.0,0.0, ,1,official_seed_report_only
26007,2023,MI,1.0,2625.0,0.0,0.0,1.0,0.0,0.0,0.0,0.0,0.0,0.0,0.0,0.0,0.0,Alpena County,1,official_seed_report_only
26013,2023,MI,1.0,302.0,0.0,0.0,1.0,1.0,24.0,312.0,101.0,5.0,25730733.0,25782674.0,0.0,1.0,Baraga County,2,official_seed_report_only
26015,2023,MI,1.0,339.0,0.0,0.0,1.0,1.0,25.0,1493.0,298.0,67.0,76786810.0,108317821.0,0.0,1.0,Barry County,2,official_seed_report_only
26017,2023,MI,2.0,9887.0,0.0,0.0,2.0,2.0,249.0,9802.0,3164.0,207.0,295720422.0,302324797.0,1.0,0.0,Bay County,2,official_seed_report_only
26021,2023,MI,3.0,8499.0,27.0,0.0,3.0,2.0,257.0,6372.0,1294.0,342.0,244750893.0,264561001.0,1.0,0.0,Berrien County,2,official_seed_report_only
26023,2023,MI,0.0,0.0,0.0,0.0,0.0,1.0,75.0,2155.0,615.0,88.0,72661097.0,75959027.0,0.0,0.0,"Branch County, Michigan",1,official_seed_report_only
26025,2023,MI,4.0,6591.0,0.0,0.0,4.0,1.0,139.0,7371.0,1810.0,221.0,248928020.0,276748314.0,1.0,0.0,Calhoun County,2,official_seed_report_only
26027,2023,MI,1.0,2162.0,51.0,0.0,1.0,0.0,0.0,0.0,0.0,0.0,0.0,0.0,0.0,0.0,Cass County,1,official_seed_report_only
26033,2023,MI,2.0,2500.0,8.0,0.0,2.0,0.0,0.0,0.0,0.0,0.0,0.0,0.0,0.0,0.0,Chippewa County,1,official_seed_report_only
26035,2023,MI,1.0,3900.0,86.0,0.0,1.0,0.0,0.0,0.0,0.0,0.0,0.0,0.0,0.0,0.0,Clare County,1,official_seed_report_only
26037,2023,MI,0.0,0.0,0.0,0.0,0.0,2.0,48.0,808.0,282.0,2.0,28301457.0,38298661.0,0.0,1.0,"Clinton County, Michigan",1,official_seed_report_only
26039,2023,MI,1.0,2006.0,0.0,0.0,1.0,0.0,0.0,0.0,0.0,0.0,0.0,0.0,0.0,0.0,Crawford County,1,official_seed_report_only
26041,2023,MI,1.0,2514.0,0.0,0.0,1.0,1.0,25.0,1851.0,376.0,127.0,96222071.0,114119096.0,0.0,1.0,Delta County,2,official_seed_report_only
26043,2023,MI,0.0,0.0,0.0,0.0,0.0,1.0,49.0,1799.0,515.0,133.0,110650982.0,132277629.0,0.0,0.0,"Dickinson County, Michigan",1,official_seed_report_only
26045,2023,MI,3.0,1298.0,0.0,0.0,3.0,1.0,25.0,498.0,94.0,5.0,24331310.0,39369554.0,0.0,1.0,Eaton County,2,official_seed_report_only
26047,2023,MI,1.0,2154.0,33.0,0.0,1.0,1.0,175.0,6994.0,2217.0,205.0,211516133.0,241475982.0,0.0,0.0,Emmet County,2,official_seed_report_only
26049,2023,MI,7.0,18050.0,106.0,0.0,7.0,1.0,283.0,13636.0,3476.0,312.0,390121926.0,440836871.0,1.0,0.0,Genesee County,2,official_seed_report_only
26053,2023,MI,1.0,1048.0,0.0,0.0,1.0,0.0,0.0,0.0,0.0,0.0,0.0,0.0,0.0,0.0,Gogebic County,1,official_seed_report_only
26055,2023,MI,1.0,3629.0,17.0,0.0,1.0,0.0,0.0,0.0,0.0,0.0,0.0,0.0,0.0,0.0,Grand Traverse County,1,official_seed_report_only
26057,2023,MI,1.0,1323.0,0.0,0.0,1.0,0.0,0.0,0.0,0.0,0.0,0.0,0.0,0.0,0.0,Gratiot County,1,official_seed_report_only
26059,2023,MI,2.0,1858.0,0.0,0.0,2.0,0.0,0.0,0.0,0.0,0.0,0.0,0.0,0.0,0.0,Hillsdale County,1,official_seed_report_only
26061,2023,MI,2.0,7509.0,0.0,0.0,1.0,1.0,36.0,999.0,240.0,49.0,55344323.0,71277547.0,0.0,0.0,Houghton County,2,official_seed_report_only
26063,2023,MI,0.0,0.0,0.0,0.0,0.0,2.0,40.0,693.0,229.0,15.0,61930203.0,58723596.0,0.0,2.0,"Huron County, Michigan",1,official_seed_report_only
26065,2023,MI,5.0,69866.0,323.0,1.0,5.0,3.0,664.0,21729.0,3949.0,1239.0,786876174.0,956353270.0,2.0,0.0,Ingham County,2,official_seed_report_only
26067,2023,MI,1.0,68.0,0.0,0.0,1.0,1.0,22.0,348.0,82.0,8.0,25433892.0,33909006.0,0.0,1.0,Ionia County,2,official_seed_report_only
26073,2023,MI,4.0,17326.0,0.0,1.0,4.0,1.0,41.0,1845.0,422.0,254.0,144681220.0,115681687.0,0.0,0.0,Isabella County,2,official_seed_report_only
26075,2023,MI,2.0,8753.0,0.0,0.0,2.0,1.0,357.0,16267.0,4008.0,1052.0,549729032.0,725532294.0,1.0,0.0,Jackson County,2,official_seed_report_only
26077,2023,MI,6.0,29917.0,36.0,1.0,6.0,2.0,534.0,24902.0,4405.0,784.0,892717612.0,1186672551.0,1.0,0.0,Kalamazoo County,2,official_seed_report_only
26081,2023,MI,14.0,34079.0,435.0,0.0,12.0,2.0,1222.0,58323.0,7655.0,2229.0,1867151945.0,2795027289.0,1.0,0.0,Kent County,2,official_seed_report_only
26087,2023,MI,0.0,0.0,0.0,0.0,0.0,1.0,92.0,4845.0,1444.0,104.0,111398623.0,132203736.0,0.0,0.0,"Lapeer County, Michigan",1,official_seed_report_only
26091,2023,MI,2.0,4125.0,0.0,0.0,2.0,1.0,58.0,2755.0,840.0,70.0,111357989.0,126185960.0,0.0,0.0,Lenawee County,2,official_seed_report_only
26093,2023,MI,3.0,1522.0,31.0,0.0,3.0,0.0,0.0,0.0,0.0,0.0,0.0,0.0,0.0,0.0,Livingston County,1,official_seed_report_only
26095,2023,MI,0.0,0.0,0.0,0.0,0.0,1.0,25.0,299.0,88.0,5.0,36606911.0,35895100.0,0.0,1.0,"Luce County, Michigan",1,official_seed_report_only
26097,2023,MI,1.0,40.0,0.0,0.0,1.0,0.0,0.0,0.0,0.0,0.0,0.0,0.0,0.0,0.0,Mackinac County,1,official_seed_report_only
26099,2023,MI,6.0,24522.0,0.0,0.0,6.0,5.0,736.0,31583.0,8299.0,821.0,884687378.0,1077938648.0,2.0,0.0,Macomb County,2,official_seed_report_only
26103,2023,MI,1.0,7760.0,96.0,0.0,1.0,0.0,0.0,0.0,0.0,0.0,0.0,0.0,0.0,0.0,Marquette County,1,official_seed_report_only
26105,2023,MI,1.0,1278.0,0.0,0.0,1.0,1.0,39.0,928.0,258.0,38.0,48386897.0,53406311.0,0.0,0.0,Mason County,2,official_seed_report_only
26107,2023,MI,1.0,12162.0,0.0,0.0,1.0,1.0,49.0,1060.0,223.0,47.0,36025807.0,43815822.0,0.0,0.0,Mecosta County,2,official_seed_report_only
26111,2023,MI,2.0,3000.0,0.0,0.0,2.0,0.0,0.0,0.0,0.0,0.0,0.0,0.0,0.0,0.0,Midland County,1,official_seed_report_only
26115,2023,MI,2.0,3399.0,0.0,0.0,2.0,1.0,147.0,5192.0,1476.0,151.0,135436949.0,153906144.0,1.0,0.0,Monroe County,2,official_seed_report_only
26117,2023,MI,1.0,2055.0,0.0,0.0,1.0,3.0,104.0,2714.0,552.0,121.0,142149626.0,174787998.0,2.0,1.0,Montcalm County,2,official_seed_report_only
26121,2023,MI,3.0,5397.0,49.0,0.0,3.0,0.0,0.0,0.0,0.0,0.0,0.0,0.0,0.0,0.0,Muskegon County,1,official_seed_report_only
26123,2023,MI,0.0,0.0,0.0,0.0,0.0,1.0,25.0,1732.0,281.0,92.0,89087386.0,121613848.0,0.0,1.0,"Newaygo County, Michigan",1,official_seed_report_only
26125,2023,MI,24.0,54008.0,2060.0,1.0,23.0,11.0,2574.0,122884.0,30574.0,2749.0,3291437735.0,3836069687.0,7.0,0.0,Oakland County,2,official_seed_report_only
26133,2023,MI,0.0,0.0,0.0,0.0,0.0,1.0,22.0,176.0,61.0,3.0,59350117.0,79148298.0,0.0,1.0,"Osceola County, Michigan",1,official_seed_report_only
26139,2023,MI,5.0,28590.0,104.0,0.0,5.0,1.0,55.0,1267.0,132.0,50.0,34814901.0,49604814.0,0.0,0.0,Ottawa County,2,official_seed_report_only
26145,2023,MI,3.0,8418.0,0.0,0.0,3.0,1.0,7.0,244.0,15.0,90.0,51406460.0,47400479.0,1.0,0.0,Saginaw County,2,official_seed_report_only
26151,2023,MI,0.0,0.0,0.0,0.0,0.0,1.0,25.0,91.0,49.0,1.0,24206774.0,26643645.0,0.0,1.0,"Sanilac County, Michigan",1,official_seed_report_only
26153,2023,MI,0.0,0.0,0.0,0.0,0.0,1.0,12.0,297.0,88.0,2.0,46860604.0,53976799.0,0.0,1.0,"Schoolcraft County, Michigan",1,official_seed_report_only
26155,2023,MI,1.0,5318.0,0.0,0.0,1.0,1.0,113.0,4212.0,816.0,27.0,220791460.0,268393493.0,0.0,0.0,Shiawassee County,2,official_seed_report_only
26147,2023,MI,4.0,4200.0,0.0,0.0,4.0,2.0,281.0,12553.0,3091.0,350.0,256857390.0,292686129.0,0.0,0.0,St. Clair County,2,official_seed_report_only
26149,2023,MI,1.0,1648.0,0.0,0.0,1.0,3.0,97.0,1152.0,260.0,131.0,71157738.0,78940415.0,0.0,0.0,St. Joseph County,2,official_seed_report_only
26157,2023,MI,0.0,0.0,0.0,0.0,0.0,3.0,250.0,558.0,185.0,14.0,130300413.0,143649637.0,0.0,2.0,"Tuscola County, Michigan",1,official_seed_report_only
26159,2023,MI,0.0,0.0,0.0,0.0,0.0,2.0,24.0,1229.0,315.0,27.0,84281758.0,119191010.0,0.0,1.0,"Van Buren County, Michigan",1,official_seed_report_only
26161,2023,MI,5.0,91823.0,0.0,1.0,5.0,2.0,296.0,581.0,52.0,13.0,156696634.0,147072367.0,0.0,0.0,Washtenaw County,2,official_seed_report_only
26163,2023,MI,25.0,99807.0,369.0,2.0,24.0,13.0,3105.0,123239.0,18675.0,8791.0,4575883400.0,5761060255.0,10.0,0.0,Wayne County,2,official_seed_report_only
26165,2023,MI,1.0,63.0,0.0,0.0,1.0,0.0,0.0,0.0,0.0,0.0,0.0,0.0,0.0,0.0,Wexford County,1,official_seed_report_only
27001,2023,MN,0.0,0.0,0.0,0.0,0.0,1.0,25.0,767.0,249.0,39.0,73687403.0,91743433.0,0.0,1.0,"Aitkin County, Minnesota",1,official_seed_report_only
27003,2023,MN,3.0,12771.0,57.0,0.0,3.0,1.0,464.0,27642.0,5297.0,1108.0,708387995.0,810983723.0,1.0,0.0,Anoka County,2,official_seed_report_only
27007,2023,MN,4.0,6748.0,33.0,0.0,4.0,2.0,128.0,5406.0,1413.0,1763.0,287408154.0,343929006.0,0.0,0.0,Beltrami County,2,official_seed_report_only
27011,2023,MN,0.0,0.0,0.0,0.0,0.0,1.0,25.0,265.0,81.0,41.0,29172957.0,35283590.0,0.0,1.0,"Big Stone County, Minnesota",1,official_seed_report_only
27013,2023,MN,2.0,18970.0,0.0,0.0,2.0,1.0,118.0,7716.0,2334.0,1406.0,358707689.0,506591760.0,1.0,0.0,Blue Earth County,2,official_seed_report_only
27015,2023,MN,1.0,1306.0,0.0,0.0,1.0,2.0,40.0,1698.0,618.0,30.0,113780145.0,153942531.0,0.0,2.0,Brown County,2,official_seed_report_only
27017,2023,MN,1.0,2029.0,19.0,0.0,1.0,1.0,22.0,594.0,269.0,23.0,51731431.0,62750712.0,0.0,1.0,Carlton County,2,official_seed_report_only
27019,2023,MN,1.0,1872.0,0.0,0.0,1.0,1.0,109.0,5110.0,1633.0,285.0,261838660.0,309852062.0,0.0,0.0,Carver County,2,official_seed_report_only
27021,2023,MN,1.0,216.0,0.0,0.0,1.0,1.0,0.0,0.0,0.0,0.0,27992705.0,0.0,0.0,1.0,Cass County,2,official_seed_report_only
27023,2023,MN,0.0,0.0,0.0,0.0,0.0,1.0,25.0,770.0,145.0,133.0,48398920.0,61377759.0,0.0,1.0,"Chippewa County, Minnesota",1,official_seed_report_only
27025,2023,MN,1.0,239.0,3.0,0.0,1.0,1.0,55.0,2787.0,543.0,217.0,99813516.0,126498192.0,0.0,0.0,Chisago County,2,official_seed_report_only
27027,2023,MN,2.0,8047.0,86.0,0.0,2.0,0.0,0.0,0.0,0.0,0.0,0.0,0.0,0.0,0.0,Clay County,1,official_seed_report_only
27029,2023,MN,0.0,0.0,0.0,0.0,0.0,1.0,25.0,120.0,41.0,7.0,15232428.0,16576871.0,0.0,1.0,"Clearwater County, Minnesota",1,official_seed_report_only
27031,2023,MN,0.0,0.0,0.0,0.0,0.0,1.0,16.0,206.0,39.0,2.0,22536897.0,20951177.0,0.0,1.0,"Cook County, Minnesota",1,official_seed_report_only
27033,2023,MN,0.0,0.0,0.0,0.0,0.0,1.0,8.0,63.0,33.0,4.0,8503442.0,9757084.0,0.0,1.0,"Cottonwood County, Minnesota",1,official_seed_report_only
27035,2023,MN,1.0,5825.0,0.0,0.0,1.0,0.0,0.0,0.0,0.0,0.0,0.0,0.0,0.0,0.0,Crow Wing County,1,official_seed_report_only
27037,2023,MN,3.0,8671.0,61.0,0.0,3.0,2.0,209.0,12400.0,2504.0,829.0,368363475.0,461755395.0,0.0,0.0,Dakota County,2,official_seed_report_only
27041,2023,MN,1.0,3855.0,0.0,0.0,1.0,1.0,99.0,2564.0,721.0,118.0,142970380.0,183301728.0,0.0,0.0,Douglas County,2,official_seed_report_only
27043,2023,MN,0.0,0.0,0.0,0.0,0.0,1.0,24.0,609.0,154.0,82.0,34482279.0,43044438.0,0.0,1.0,"Faribault County, Minnesota",1,official_seed_report_only
27049,2023,MN,0.0,0.0,0.0,0.0,0.0,3.0,60.0,1610.0,680.0,186.0,185423953.0,229514510.0,0.0,2.0,"Goodhue County, Minnesota",1,official_seed_report_only
27051,2023,MN,0.0,0.0,0.0,0.0,0.0,1.0,10.0,69.0,27.0,0.0,17365167.0,17176321.0,0.0,1.0,"Grant County, Minnesota",1,official_seed_report_only
27053,2023,MN,21.0,247960.0,5151.0,1.0,21.0,10.0,3362.0,167696.0,29182.0,14963.0,7314130150.0,8385108336.0,7.0,0.0,Hennepin County,2,official_seed_report_only
27059,2023,MN,0.0,0.0,0.0,0.0,0.0,1.0,46.0,1883.0,447.0,92.0,78455777.0,92045822.0,0.0,0.0,"Isanti County, Minnesota",1,official_seed_report_only
27061,2023,MN,0.0,0.0,0.0,0.0,0.0,2.0,54.0,1811.0,610.0,238.0,112908614.0,145044396.0,0.0,1.0,"Itasca County, Minnesota",1,official_seed_report_only
27063,2023,MN,0.0,0.0,0.0,0.0,0.0,1.0,14.0,67.0,29.0,7.0,13584301.0,15197788.0,0.0,1.0,"Jackson County, Minnesota",1,official_seed_report_only
27065,2023,MN,0.0,0.0,0.0,0.0,0.0,1.0,25.0,1297.0,344.0,37.0,87187226.0,107219343.0,0.0,1.0,"Kanabec County, Minnesota",1,official_seed_report_only
27067,2023,MN,1.0,3525.0,0.0,0.0,1.0,0.0,0.0,0.0,0.0,0.0,0.0,0.0,0.0,0.0,Kandiyohi County,1,official_seed_report_only
27069,2023,MN,0.0,0.0,0.0,0.0,0.0,1.0,15.0,58.0,35.0,1.0,15244719.0,14953507.0,0.0,1.0,"Kittson County, Minnesota",1,official_seed_report_only
27071,2023,MN,0.0,0.0,0.0,0.0,0.0,1.0,18.0,271.0,146.0,1.0,28441554.0,32063456.0,0.0,1.0,"Koochiching County, Minnesota",1,official_seed_report_only
27073,2023,MN,0.0,0.0,0.0,0.0,0.0,2.0,29.0,166.0,100.0,2.0,42477997.0,39070991.0,0.0,2.0,"Lac qui Parle County, Minnesota",1,official_seed_report_only
27075,2023,MN,0.0,0.0,0.0,0.0,0.0,1.0,16.0,158.0,78.0,2.0,20031612.0,22656056.0,0.0,1.0,"Lake County, Minnesota",1,official_seed_report_only
27079,2023,MN,0.0,0.0,0.0,0.0,0.0,1.0,9.0,55.0,36.0,0.0,15156166.0,13347782.0,0.0,1.0,"Le Sueur County, Minnesota",1,official_seed_report_only
27083,2023,MN,1.0,8521.0,72.0,0.0,1.0,1.0,18.0,140.0,60.0,13.0,12448144.0,13135532.0,0.0,1.0,Lyon County,2,official_seed_report_only
27087,2023,MN,1.0,140.0,0.0,0.0,1.0,1.0,10.0,36.0,14.0,5.0,12925927.0,12058180.0,0.0,1.0,Mahnomen County,2,official_seed_report_only
27089,2023,MN,0.0,0.0,0.0,0.0,0.0,1.0,12.0,123.0,69.0,5.0,14602825.0,14355490.0,0.0,1.0,"Marshall County, Minnesota",1,official_seed_report_only
27091,2023,MN,0.0,0.0,0.0,0.0,0.0,1.0,37.0,991.0,412.0,129.0,68253587.0,78741137.0,0.0,0.0,"Martin County, Minnesota",1,official_seed_report_only
27085,2023,MN,0.0,0.0,0.0,0.0,0.0,2.0,62.0,2386.0,725.0,449.0,140401945.0,168360053.0,0.0,1.0,"McLeod County, Minnesota",1,official_seed_report_only
27093,2023,MN,0.0,0.0,0.0,0.0,0.0,1.0,25.0,611.0,243.0,4.0,45627161.0,48428142.0,0.0,1.0,"Meeker County, Minnesota",1,official_seed_report_only
27095,2023,MN,0.0,0.0,0.0,0.0,0.0,1.0,18.0,334.0,138.0,7.0,45425547.0,52242222.0,0.0,1.0,"Mille Lacs County, Minnesota",1,official_seed_report_only
27099,2023,MN,1.0,4324.0,0.0,0.0,1.0,1.0,79.0,3248.0,983.0,733.0,228058624.0,293050892.0,0.0,0.0,Mower County,2,official_seed_report_only
27101,2023,MN,0.0,0.0,0.0,0.0,0.0,1.0,21.0,154.0,86.0,1.0,16352681.0,16786189.0,0.0,1.0,"Murray County, Minnesota",1,official_seed_report_only
27103,2023,MN,2.0,6352.0,17.0,0.0,2.0,1.0,25.0,1169.0,493.0,14.0,53226079.0,59002450.0,0.0,1.0,Nicollet County,2,official_seed_report_only
27105,2023,MN,1.0,34.0,0.0,0.0,1.0,1.0,48.0,1409.0,298.0,671.0,50243071.0,62499153.0,0.0,0.0,Nobles County,2,official_seed_report_only
27109,2023,MN,4.0,8587.0,1.0,1.0,4.0,2.0,1215.0,50545.0,15264.0,5200.0,3121739195.0,3935964267.0,1.0,0.0,Olmsted County,2,official_seed_report_only
27111,2023,MN,1.0,6556.0,55.0,0.0,1.0,2.0,105.0,2362.0,691.0,55.0,167936235.0,212609490.0,0.0,1.0,Otter Tail County,2,official_seed_report_only
27113,2023,MN,1.0,3275.0,0.0,0.0,1.0,2.0,41.0,1106.0,164.0,335.0,64386314.0,84929325.0,0.0,1.0,Pennington County,2,official_seed_report_only
27115,2023,MN,1.0,2555.0,0.0,0.0,1.0,0.0,0.0,0.0,0.0,0.0,0.0,0.0,0.0,0.0,Pine County,1,official_seed_report_only
27119,2023,MN,1.0,2769.0,69.0,0.0,1.0,1.0,21.0,577.0,160.0,21.0,58850021.0,59880692.0,0.0,1.0,Polk County,2,official_seed_report_only
27121,2023,MN,0.0,0.0,0.0,0.0,0.0,1.0,19.0,433.0,223.0,5.0,45760605.0,47354876.0,0.0,1.0,"Pope County, Minnesota",1,official_seed_report_only
27123,2023,MN,15.0,53409.0,199.0,0.0,14.0,4.0,915.0,50570.0,10314.0,2952.0,1815963501.0,2081520368.0,3.0,0.0,Ramsey County,2,official_seed_report_only
27129,2023,MN,0.0,0.0,0.0,0.0,0.0,1.0,16.0,303.0,148.0,3.0,28422297.0,38677215.0,0.0,1.0,"Renville County, Minnesota",1,official_seed_report_only
27131,2023,MN,2.0,5226.0,15.0,0.0,2.0,1.0,32.0,1286.0,425.0,72.0,53488254.0,58881323.0,0.0,0.0,Rice County,2,official_seed_report_only
27133,2023,MN,0.0,0.0,0.0,0.0,0.0,1.0,25.0,426.0,218.0,27.0,24549568.0,30693883.0,0.0,1.0,"Rock County, Minnesota",1,official_seed_report_only
27135,2023,MN,0.0,0.0,0.0,0.0,0.0,1.0,25.0,435.0,88.0,7.0,43760623.0,53683665.0,0.0,1.0,"Roseau County, Minnesota",1,official_seed_report_only
27139,2023,MN,0.0,0.0,0.0,0.0,0.0,2.0,109.0,6244.0,1382.0,262.0,229506201.0,286430362.0,0.0,1.0,"Scott County, Minnesota",1,official_seed_report_only
27141,2023,MN,0.0,0.0,0.0,0.0,0.0,1.0,34.0,1491.0,339.0,209.0,78994644.0,90049722.0,0.0,0.0,"Sherburne County, Minnesota",1,official_seed_report_only
27143,2023,MN,0.0,0.0,0.0,0.0,0.0,1.0,20.0,97.0,57.0,3.0,18849560.0,21877577.0,0.0,1.0,"Sibley County, Minnesota",1,official_seed_report_only
27137,2023,MN,4.0,23512.0,223.0,1.0,4.0,4.0,340.0,12018.0,4221.0,2728.0,536677231.0,681117729.0,1.0,2.0,St. Louis County,2,official_seed_report_only
27145,2023,MN,6.0,29482.0,0.0,0.0,6.0,0.0,0.0,0.0,0.0,0.0,0.0,0.0,0.0,0.0,Stearns County,1,official_seed_report_only
27147,2023,MN,0.0,0.0,0.0,0.0,0.0,1.0,29.0,1575.0,463.0,56.0,57759352.0,58218410.0,0.0,0.0,"Steele County, Minnesota",1,official_seed_report_only
27149,2023,MN,1.0,1146.0,4.0,0.0,1.0,1.0,25.0,452.0,228.0,4.0,40028663.0,51961233.0,0.0,1.0,Stevens County,2,official_seed_report_only
27151,2023,MN,0.0,0.0,0.0,0.0,0.0,2.0,26.0,106.0,45.0,0.0,27809518.0,26215869.0,0.0,2.0,"Swift County, Minnesota",1,official_seed_report_only
27153,2023,MN,0.0,0.0,0.0,0.0,0.0,1.0,25.0,1036.0,118.0,22.0,115771256.0,124663678.0,0.0,1.0,"Todd County, Minnesota",1,official_seed_report_only
27155,2023,MN,0.0,0.0,0.0,0.0,0.0,1.0,15.0,61.0,41.0,6.0,10499852.0,10572358.0,0.0,1.0,"Traverse County, Minnesota",1,official_seed_report_only
27157,2023,MN,0.0,0.0,0.0,0.0,0.0,1.0,14.0,127.0,43.0,1.0,33763584.0,31526066.0,0.0,1.0,"Wabasha County, Minnesota",1,official_seed_report_only
27159,2023,MN,0.0,0.0,0.0,0.0,0.0,1.0,18.0,552.0,187.0,14.0,77487621.0,79625839.0,0.0,1.0,"Wadena County, Minnesota",1,official_seed_report_only
27161,2023,MN,0.0,0.0,0.0,0.0,0.0,1.0,15.0,276.0,117.0,17.0,20545426.0,27945092.0,0.0,1.0,"Waseca County, Minnesota",1,official_seed_report_only
27163,2023,MN,2.0,11253.0,102.0,0.0,2.0,2.0,154.0,11356.0,2438.0,850.0,380343945.0,413980718.0,1.0,0.0,Washington County,2,official_seed_report_only
27165,2023,MN,0.0,0.0,0.0,0.0,0.0,1.0,25.0,244.0,113.0,9.0,20652327.0,25927645.0,0.0,1.0,"Watonwan County, Minnesota",1,official_seed_report_only
27169,2023,MN,3.0,15353.0,9.0,0.0,3.0,1.0,41.0,1168.0,357.0,25.0,76424827.0,99627922.0,0.0,0.0,Winona County,2,official_seed_report_only
27171,2023,MN,0.0,0.0,0.0,0.0,0.0,1.0,39.0,2142.0,433.0,57.0,82654051.0,99273017.0,0.0,0.0,"Wright County, Minnesota",1,official_seed_report_only
27173,2023,MN,1.0,4653.0,78.0,0.0,1.0,1.0,25.0,96.0,64.0,9.0,23421550.0,26442965.0,0.0,1.0,Yellow Medicine County,2,official_seed_report_only
29001,2023,MO,3.0,8611.0,77.0,1.0,3.0,0.0,0.0,0.0,0.0,0.0,0.0,0.0,0.0,0.0,Adair County,1,official_seed_report_only
29009,2023,MO,0.0,0.0,0.0,0.0,0.0,1.0,25.0,900.0,183.0,73.0,51182317.0,63425304.0,0.0,1.0,"Barry County, Missouri",1,official_seed_report_only
29011,2023,MO,0.0,0.0,0.0,0.0,0.0,1.0,25.0,495.0,208.0,32.0,25713457.0,29928003.0,0.0,1.0,"Barton County, Missouri",1,official_seed_report_only
29013,2023,MO,0.0,0.0,0.0,0.0,0.0,1.0,40.0,297.0,137.0,27.0,37142641.0,43000868.0,0.0,0.0,"Bates County, Missouri",1,official_seed_report_only
29019,2023,MO,5.0,43640.0,2.0,1.0,5.0,3.0,369.0,15101.0,4777.0,607.0,347000437.0,435487806.0,0.0,0.0,Boone County,2,official_seed_report_only
29021,2023,MO,1.0,4550.0,0.0,0.0,1.0,0.0,0.0,0.0,0.0,0.0,0.0,0.0,0.0,0.0,Buchanan County,1,official_seed_report_only
29023,2023,MO,2.0,3548.0,0.0,0.0,2.0,1.0,232.0,10513.0,2465.0,3696.0,190224733.0,256707950.0,1.0,0.0,Butler County,2,official_seed_report_only
29027,2023,MO,2.0,2625.0,0.0,0.0,2.0,0.0,0.0,0.0,0.0,0.0,0.0,0.0,0.0,0.0,Callaway County,1,official_seed_report_only
29029,2023,MO,0.0,0.0,0.0,0.0,0.0,1.0,16.0,607.0,36.0,329.0,3755580.0,4119932.0,0.0,0.0,"Camden County, Missouri",1,official_seed_report_only
29031,2023,MO,5.0,11781.0,0.0,0.0,4.0,2.0,262.0,6275.0,2234.0,415.0,283351879.0,334116020.0,0.0,0.0,Cape Girardeau County,2,official_seed_report_only
29037,2023,MO,3.0,426.0,0.0,0.0,3.0,2.0,87.0,4193.0,1124.0,269.0,153692533.0,184657357.0,0.0,1.0,Cass County,2,official_seed_report_only
29043,2023,MO,1.0,102.0,0.0,0.0,1.0,0.0,0.0,0.0,0.0,0.0,0.0,0.0,0.0,0.0,Christian County,1,official_seed_report_only
29047,2023,MO,2.0,5882.0,0.0,0.0,2.0,2.0,117.0,3352.0,218.0,67.0,73398928.0,74265358.0,0.0,1.0,Clay County,2,official_seed_report_only
29049,2023,MO,0.0,0.0,0.0,0.0,0.0,1.0,42.0,998.0,479.0,46.0,59296502.0,59145434.0,0.0,0.0,"Clinton County, Missouri",1,official_seed_report_only
29051,2023,MO,2.0,2575.0,0.0,0.0,2.0,2.0,240.0,9219.0,1900.0,432.0,225034744.0,252499687.0,1.0,0.0,Cole County,2,official_seed_report_only
29055,2023,MO,0.0,0.0,0.0,0.0,0.0,1.0,25.0,1971.0,335.0,211.0,73727169.0,78619834.0,0.0,1.0,"Crawford County, Missouri",1,official_seed_report_only
29071,2023,MO,3.0,3290.0,0.0,0.0,3.0,0.0,0.0,0.0,0.0,0.0,0.0,0.0,0.0,0.0,Franklin County,1,official_seed_report_only
29073,2023,MO,0.0,0.0,0.0,0.0,0.0,1.0,24.0,122.0,49.0,7.0,18684583.0,17365688.0,0.0,1.0,"Gasconade County, Missouri",1,official_seed_report_only
29077,2023,MO,13.0,49557.0,42.0,0.0,13.0,5.0,996.0,35465.0,6513.0,2877.0,1086962388.0,1622720964.0,1.0,0.0,Greene County,2,official_seed_report_only
29079,2023,MO,1.0,2426.0,0.0,0.0,1.0,1.0,21.0,202.0,126.0,12.0,36252232.0,36091486.0,0.0,1.0,Grundy County,2,official_seed_report_only
29083,2023,MO,1.0,38.0,0.0,0.0,1.0,0.0,0.0,0.0,0.0,0.0,0.0,0.0,0.0,0.0,Henry County,1,official_seed_report_only
29089,2023,MO,2.0,5695.0,0.0,0.0,2.0,0.0,0.0,0.0,0.0,0.0,0.0,0.0,0.0,0.0,Howard County,1,official_seed_report_only
29091,2023,MO,2.0,2338.0,0.0,0.0,2.0,1.0,111.0,4422.0,1118.0,445.0,126386907.0,126507049.0,0.0,0.0,Howell County,2,official_seed_report_only
29095,2023,MO,18.0,47001.0,123.0,2.0,17.0,6.0,1394.0,59945.0,14363.0,3611.0,1818753486.0,2262964289.0,4.0,0.0,Jackson County,2,official_seed_report_only
29097,2023,MO,7.0,5707.0,0.0,0.0,6.0,1.0,30.0,300.0,156.0,57.0,11157212.0,12832505.0,0.0,0.0,Jasper County,2,official_seed_report_only
29099,2023,MO,1.0,4358.0,0.0,0.0,1.0,0.0,0.0,0.0,0.0,0.0,0.0,0.0,0.0,0.0,Jefferson County,1,official_seed_report_only
29101,2023,MO,2.0,16329.0,78.0,0.0,2.0,1.0,45.0,2025.0,481.0,149.0,104157030.0,110164106.0,0.0,0.0,Johnson County,2,official_seed_report_only
29107,2023,MO,1.0,30.0,0.0,0.0,1.0,1.0,25.0,780.0,232.0,53.0,31985863.0,38171064.0,0.0,1.0,Lafayette County,2,official_seed_report_only
29111,2023,MO,1.0,1082.0,0.0,0.0,1.0,0.0,0.0,0.0,0.0,0.0,0.0,0.0,0.0,0.0,Lewis County,1,official_seed_report_only
29117,2023,MO,1.0,77.0,0.0,0.0,1.0,1.0,25.0,580.0,246.0,42.0,57083862.0,63425084.0,0.0,1.0,Livingston County,2,official_seed_report_only
29121,2023,MO,0.0,0.0,0.0,0.0,0.0,1.0,25.0,326.0,223.0,11.0,24092851.0,25778344.0,0.0,1.0,"Macon County, Missouri",1,official_seed_report_only
29123,2023,MO,0.0,0.0,0.0,0.0,0.0,1.0,25.0,210.0,83.0,37.0,22042297.0,20466608.0,0.0,1.0,"Madison County, Missouri",1,official_seed_report_only
29127,2023,MO,1.0,598.0,0.0,0.0,1.0,1.0,86.0,4833.0,1809.0,356.0,169376146.0,245128764.0,0.0,0.0,Marion County,2,official_seed_report_only
29145,2023,MO,2.0,5371.0,32.0,0.0,2.0,0.0,0.0,0.0,0.0,0.0,0.0,0.0,0.0,0.0,Newton County,1,official_seed_report_only
29147,2023,MO,2.0,10955.0,77.0,0.0,2.0,0.0,0.0,0.0,0.0,0.0,0.0,0.0,0.0,0.0,Nodaway County,1,official_seed_report_only
29151,2023,MO,1.0,2506.0,0.0,0.0,1.0,0.0,0.0,0.0,0.0,0.0,0.0,0.0,0.0,0.0,Osage County,1,official_seed_report_only
29155,2023,MO,0.0,0.0,0.0,0.0,0.0,1.0,42.0,477.0,137.0,93.0,25315871.0,22140717.0,0.0,0.0,"Pemiscot County, Missouri",1,official_seed_report_only
29157,2023,MO,0.0,0.0,0.0,0.0,0.0,1.0,25.0,572.0,213.0,0.0,35459982.0,31805077.0,0.0,1.0,"Perry County, Missouri",1,official_seed_report_only
29159,2023,MO,2.0,4759.0,0.0,0.0,2.0,0.0,0.0,0.0,0.0,0.0,0.0,0.0,0.0,0.0,Pettis County,1,official_seed_report_only
29161,2023,MO,2.0,7689.0,21.0,0.0,2.0,1.0,194.0,5980.0,1707.0,655.0,239508436.0,285416095.0,0.0,0.0,Phelps County,2,official_seed_report_only
29163,2023,MO,1.0,37.0,0.0,0.0,1.0,0.0,0.0,0.0,0.0,0.0,0.0,0.0,0.0,0.0,Pike County,1,official_seed_report_only
29165,2023,MO,2.0,10634.0,58.0,0.0,2.0,1.0,122.0,5890.0,1587.0,518.0,161083481.0,207651325.0,0.0,0.0,Platte County,2,official_seed_report_only
29167,2023,MO,2.0,2944.0,0.0,0.0,2.0,0.0,0.0,0.0,0.0,0.0,0.0,0.0,0.0,0.0,Polk County,1,official_seed_report_only
29169,2023,MO,2.0,88.0,0.0,0.0,2.0,0.0,0.0,0.0,0.0,0.0,0.0,0.0,0.0,0.0,Pulaski County,1,official_seed_report_only
29175,2023,MO,2.0,6774.0,8.0,0.0,2.0,1.0,39.0,910.0,367.0,17.0,41938138.0,53656431.0,1.0,0.0,Randolph County,2,official_seed_report_only
29177,2023,MO,0.0,0.0,0.0,0.0,0.0,1.0,25.0,165.0,70.0,18.0,24605660.0,22907628.0,0.0,1.0,"Ray County, Missouri",1,official_seed_report_only
29195,2023,MO,2.0,1766.0,0.0,0.0,2.0,0.0,0.0,0.0,0.0,0.0,0.0,0.0,0.0,0.0,Saline County,1,official_seed_report_only
29201,2023,MO,0.0,0.0,0.0,0.0,0.0,1.0,98.0,3004.0,785.0,318.0,113092142.0,126008629.0,0.0,0.0,"Scott County, Missouri",1,official_seed_report_only
29183,2023,MO,5.0,19027.0,0.0,0.0,5.0,6.0,917.0,40003.0,7419.0,1243.0,786011625.0,649836881.0,1.0,0.0,St. Charles County,2,official_seed_report_only
29187,2023,MO,1.0,2822.0,52.0,0.0,1.0,2.0,111.0,4227.0,1133.0,392.0,132970945.0,150177558.0,0.0,1.0,St. Francois County,2,official_seed_report_only
29510,2023,MO,11.0,23905.0,97.0,1.0,11.0,1.0,366.0,23767.0,2895.0,1504.0,705130372.0,803223664.0,1.0,0.0,St. Louis City,2,official_seed_report_only
29189,2023,MO,22.0,92658.0,648.0,1.0,22.0,13.0,3795.0,168043.0,30596.0,10178.0,5619846785.0,6993524343.0,8.0,0.0,St. Louis County,2,official_seed_report_only
29207,2023,MO,0.0,0.0,0.0,0.0,0.0,1.0,43.0,1300.0,268.0,254.0,39340212.0,37906369.0,0.0,0.0,"Stoddard County, Missouri",1,official_seed_report_only
29211,2023,MO,0.0,0.0,0.0,0.0,0.0,1.0,17.0,100.0,57.0,15.0,11467449.0,9652976.0,0.0,1.0,"Sullivan County, Missouri",1,official_seed_report_only
29213,2023,MO,1.0,1675.0,0.0,0.0,1.0,1.0,144.0,5811.0,1380.0,348.0,181239891.0,244367182.0,0.0,0.0,Taney County,2,official_seed_report_only
29215,2023,MO,1.0,88.0,0.0,0.0,1.0,1.0,47.0,852.0,283.0,57.0,34144645.0,38115297.0,0.0,0.0,Texas County,2,official_seed_report_only
29217,2023,MO,1.0,314.0,0.0,0.0,1.0,0.0,0.0,0.0,0.0,0.0,0.0,0.0,0.0,0.0,Vernon County,1,official_seed_report_only
69110,2023,MP,1.0,1535.0,0.0,0.0,1.0,1.0,74.0,3446.0,365.0,1945.0,83988038.0,0.0,0.0,0.0,Saipan Municipality,2,official_seed_report_only
28001,2023,MS,0.0,0.0,0.0,0.0,0.0,1.0,131.0,2354.0,698.0,843.0,51963683.0,57990729.0,0.0,0.0,"Adams County, Mississippi",1,official_seed_report_only
28003,2023,MS,1.0,144.0,0.0,0.0,1.0,1.0,158.0,5295.0,2744.0,639.0,118351055.0,174237415.0,1.0,0.0,Alcorn County,2,official_seed_report_only
28007,2023,MS,0.0,0.0,0.0,0.0,0.0,1.0,25.0,364.0,207.0,6.0,17435666.0,17014557.0,0.0,1.0,"Attala County, Mississippi",1,official_seed_report_only
28011,2023,MS,2.0,3410.0,0.0,0.0,2.0,0.0,0.0,0.0,0.0,0.0,0.0,0.0,0.0,0.0,Bolivar County,1,official_seed_report_only
28013,2023,MS,0.0,0.0,0.0,0.0,0.0,1.0,25.0,167.0,137.0,1.0,20776172.0,23319278.0,0.0,1.0,"Calhoun County, Mississippi",1,official_seed_report_only
28019,2023,MS,0.0,0.0,0.0,0.0,0.0,1.0,15.0,105.0,66.0,3.0,21977638.0,20402588.0,0.0,1.0,"Choctaw County, Mississippi",1,official_seed_report_only
28021,2023,MS,1.0,3417.0,0.0,0.0,1.0,1.0,22.0,215.0,154.0,20.0,10764541.0,8723107.0,0.0,1.0,Claiborne County,2,official_seed_report_only
28023,2023,MS,0.0,0.0,0.0,0.0,0.0,1.0,25.0,105.0,37.0,15.0,22585667.0,22803254.0,0.0,1.0,"Clarke County, Mississippi",1,official_seed_report_only
28025,2023,MS,0.0,0.0,0.0,0.0,0.0,1.0,49.0,897.0,266.0,230.0,45746832.0,46940214.0,0.0,0.0,"Clay County, Mississippi",1,official_seed_report_only
28027,2023,MS,1.0,2534.0,0.0,0.0,1.0,1.0,181.0,1265.0,119.0,1048.0,29467781.0,28510579.0,0.0,0.0,Coahoma County,2,official_seed_report_only
28029,2023,MS,1.0,3407.0,0.0,0.0,1.0,1.0,25.0,371.0,169.0,21.0,21227531.0,22009818.0,0.0,1.0,Copiah County,2,official_seed_report_only
28031,2023,MS,0.0,0.0,0.0,0.0,0.0,1.0,25.0,153.0,90.0,1.0,30340591.0,37033239.0,0.0,1.0,"Covington County, Mississippi",1,official_seed_report_only
28033,2023,MS,2.0,4033.0,0.0,0.0,2.0,3.0,479.0,27165.0,5950.0,5401.0,394708359.0,431479538.0,1.0,0.0,DeSoto County,2,official_seed_report_only
28035,2023,MS,4.0,22851.0,0.0,1.0,4.0,1.0,454.0,22157.0,6407.0,4238.0,450974993.0,501412957.0,1.0,0.0,Forrest County,2,official_seed_report_only
28039,2023,MS,0.0,0.0,0.0,0.0,0.0,1.0,39.0,697.0,172.0,315.0,27804293.0,42228630.0,0.0,0.0,"George County, Mississippi",1,official_seed_report_only
28041,2023,MS,0.0,0.0,0.0,0.0,0.0,1.0,7.0,34.0,15.0,5.0,6827047.0,5737527.0,0.0,1.0,"Greene County, Mississippi",1,official_seed_report_only
28043,2023,MS,1.0,48.0,0.0,0.0,1.0,0.0,0.0,0.0,0.0,0.0,0.0,0.0,0.0,0.0,Grenada County,1,official_seed_report_only
28045,2023,MS,1.0,0.0,0.0,0.0,0.0,1.0,41.0,611.0,154.0,48.0,43239585.0,39430764.0,0.0,0.0,Hancock County,2,official_seed_report_only
28047,2023,MS,2.0,727.0,0.0,0.0,2.0,5.0,600.0,24477.0,6157.0,3615.0,751557516.0,910276380.0,1.0,0.0,Harrison County,2,official_seed_report_only
28049,2023,MS,11.0,31786.0,143.0,0.0,11.0,3.0,1152.0,41151.0,12496.0,7732.0,965772656.0,944399421.0,1.0,0.0,Hinds County,2,official_seed_report_only
28051,2023,MS,1.0,6903.0,0.0,0.0,1.0,0.0,0.0,0.0,0.0,0.0,0.0,0.0,0.0,0.0,Holmes County,1,official_seed_report_only
28057,2023,MS,1.0,6466.0,0.0,0.0,1.0,0.0,0.0,0.0,0.0,0.0,0.0,0.0,0.0,0.0,Itawamba County,1,official_seed_report_only
28059,2023,MS,0.0,0.0,0.0,0.0,0.0,1.0,294.0,12782.0,3364.0,1790.0,371776424.0,400211968.0,0.0,0.0,"Jackson County, Mississippi",1,official_seed_report_only
28061,2023,MS,0.0,0.0,0.0,0.0,0.0,1.0,20.0,4.0,3.0,0.0,16554477.0,15501238.0,0.0,0.0,"Jasper County, Mississippi",1,official_seed_report_only
28063,2023,MS,0.0,0.0,0.0,0.0,0.0,2.0,12.0,83.0,46.0,10.0,9716850.0,4940092.0,0.0,0.0,"Jefferson County, Mississippi",1,official_seed_report_only
28065,2023,MS,0.0,0.0,0.0,0.0,0.0,1.0,25.0,34.0,19.0,3.0,14486236.0,13073817.0,0.0,1.0,"Jefferson Davis County, Mississippi",1,official_seed_report_only
28067,2023,MS,3.0,6256.0,31.0,0.0,3.0,1.0,268.0,6581.0,1639.0,1404.0,133239806.0,149433944.0,0.0,0.0,Jones County,2,official_seed_report_only
28069,2023,MS,1.0,4708.0,166.0,0.0,1.0,1.0,25.0,80.0,47.0,5.0,22312245.0,21787202.0,0.0,1.0,Kemper County,2,official_seed_report_only
28071,2023,MS,1.0,24701.0,0.0,1.0,1.0,1.0,190.0,10983.0,4666.0,523.0,194450262.0,242074875.0,1.0,0.0,Lafayette County,2,official_seed_report_only
28075,2023,MS,1.0,3665.0,0.0,0.0,1.0,5.0,622.0,13429.0,4258.0,2439.0,392982346.0,450654187.0,2.0,0.0,Lauderdale County,2,official_seed_report_only
28077,2023,MS,0.0,0.0,0.0,0.0,0.0,1.0,25.0,173.0,120.0,9.0,12085342.0,10942494.0,0.0,1.0,"Lawrence County, Mississippi",1,official_seed_report_only
28079,2023,MS,0.0,0.0,0.0,0.0,0.0,1.0,25.0,387.0,224.0,9.0,18498382.0,18480684.0,0.0,1.0,"Leake County, Mississippi",1,official_seed_report_only
28081,2023,MS,0.0,0.0,0.0,0.0,0.0,2.0,510.0,19913.0,7348.0,2989.0,603309286.0,793680800.0,1.0,0.0,"Lee County, Mississippi",1,official_seed_report_only
28083,2023,MS,1.0,2427.0,0.0,0.0,1.0,1.0,25.0,763.0,288.0,111.0,59102201.0,55434675.0,0.0,0.0,Leflore County,2,official_seed_report_only
28085,2023,MS,0.0,0.0,0.0,0.0,0.0,1.0,22.0,2213.0,671.0,1058.0,65015194.0,92805755.0,0.0,0.0,"Lincoln County, Mississippi",1,official_seed_report_only
28087,2023,MS,1.0,2973.0,0.0,0.0,1.0,1.0,146.0,7949.0,2828.0,1151.0,187350835.0,240261010.0,1.0,0.0,Lowndes County,2,official_seed_report_only
28089,2023,MS,2.0,1046.0,17.0,0.0,2.0,1.0,67.0,1106.0,317.0,136.0,33184555.0,38614212.0,0.0,0.0,Madison County,2,official_seed_report_only
28091,2023,MS,0.0,0.0,0.0,0.0,0.0,1.0,49.0,362.0,192.0,33.0,16368277.0,15935556.0,0.0,0.0,"Marion County, Mississippi",1,official_seed_report_only
28093,2023,MS,1.0,629.0,0.0,0.0,1.0,2.0,20.0,37.0,10.0,9.0,9245075.0,8508306.0,0.0,0.0,Marshall County,2,official_seed_report_only
28095,2023,MS,1.0,86.0,0.0,0.0,1.0,2.0,120.0,2201.0,685.0,829.0,96823574.0,88208984.0,0.0,1.0,Monroe County,2,official_seed_report_only
28097,2023,MS,0.0,0.0,0.0,0.0,0.0,1.0,25.0,282.0,157.0,32.0,18619413.0,16013708.0,0.0,1.0,"Montgomery County, Mississippi",1,official_seed_report_only
28099,2023,MS,0.0,0.0,0.0,0.0,0.0,2.0,58.0,944.0,318.0,164.0,76410698.0,49696328.0,0.0,0.0,"Neshoba County, Mississippi",1,official_seed_report_only
28101,2023,MS,1.0,2712.0,1.0,0.0,1.0,1.0,25.0,95.0,53.0,2.0,33813141.0,30879484.0,0.0,1.0,Newton County,2,official_seed_report_only
28103,2023,MS,0.0,0.0,0.0,0.0,0.0,1.0,25.0,189.0,113.0,3.0,19018843.0,15166582.0,0.0,1.0,"Noxubee County, Mississippi",1,official_seed_report_only
28105,2023,MS,1.0,25193.0,0.0,1.0,1.0,1.0,88.0,1404.0,432.0,492.0,51325723.0,66612745.0,0.0,0.0,Oktibbeha County,2,official_seed_report_only
28107,2023,MS,0.0,0.0,0.0,0.0,0.0,2.0,52.0,717.0,162.0,114.0,37642078.0,35598018.0,0.0,0.0,"Panola County, Mississippi",1,official_seed_report_only
28109,2023,MS,1.0,7458.0,0.0,0.0,1.0,2.0,73.0,1148.0,289.0,559.0,63884647.0,60917878.0,0.0,1.0,Pearl River County,2,official_seed_report_only
28111,2023,MS,0.0,0.0,0.0,0.0,0.0,1.0,22.0,6.0,4.0,1.0,6758408.0,4153303.0,0.0,1.0,"Perry County, Mississippi",1,official_seed_report_only
28113,2023,MS,1.0,2299.0,0.0,0.0,1.0,1.0,97.0,3907.0,1292.0,1088.0,119761208.0,131962576.0,0.0,0.0,Pike County,2,official_seed_report_only
28115,2023,MS,1.0,86.0,0.0,0.0,1.0,1.0,25.0,277.0,165.0,9.0,29504330.0,27279484.0,0.0,1.0,Pontotoc County,2,official_seed_report_only
28117,2023,MS,1.0,3804.0,0.0,0.0,1.0,1.0,21.0,492.0,293.0,25.0,22050679.0,22829315.0,0.0,0.0,Prentiss County,2,official_seed_report_only
28119,2023,MS,0.0,0.0,0.0,0.0,0.0,1.0,25.0,0.0,0.0,0.0,5634022.0,2892711.0,0.0,1.0,"Quitman County, Mississippi",1,official_seed_report_only
28121,2023,MS,1.0,66.0,0.0,0.0,1.0,4.0,383.0,9573.0,1642.0,2543.0,224706795.0,269819190.0,0.0,0.0,Rankin County,2,official_seed_report_only
28123,2023,MS,0.0,0.0,0.0,0.0,0.0,2.0,50.0,377.0,164.0,30.0,51740614.0,51376362.0,0.0,2.0,"Scott County, Mississippi",1,official_seed_report_only
28125,2023,MS,0.0,0.0,0.0,0.0,0.0,1.0,20.0,102.0,38.0,0.0,11465341.0,7314963.0,0.0,1.0,"Sharkey County, Mississippi",1,official_seed_report_only
28127,2023,MS,0.0,0.0,0.0,0.0,0.0,2.0,69.0,838.0,471.0,30.0,30798590.0,31196338.0,0.0,1.0,"Simpson County, Mississippi",1,official_seed_report_only
28129,2023,MS,0.0,0.0,0.0,0.0,0.0,1.0,19.0,8.0,8.0,0.0,758432.0,99466.0,0.0,0.0,"Smith County, Mississippi",1,official_seed_report_only
28131,2023,MS,1.0,11032.0,146.0,0.0,1.0,0.0,0.0,0.0,0.0,0.0,0.0,0.0,0.0,0.0,Stone County,1,official_seed_report_only
28133,2023,MS,1.0,2710.0,0.0,0.0,1.0,2.0,71.0,907.0,326.0,210.0,86415654.0,97008580.0,0.0,1.0,Sunflower County,2,official_seed_report_only
28135,2023,MS,0.0,0.0,0.0,0.0,0.0,1.0,18.0,54.0,42.0,1.0,33598614.0,36610253.0,0.0,1.0,"Tallahatchie County, Mississippi",1,official_seed_report_only
28137,2023,MS,1.0,9463.0,23.0,0.0,1.0,2.0,30.0,253.0,97.0,3.0,10401138.0,11723429.0,0.0,0.0,Tate County,2,official_seed_report_only
28139,2023,MS,2.0,1151.0,0.0,0.0,2.0,1.0,25.0,373.0,219.0,7.0,19972372.0,19559537.0,0.0,1.0,Tippah County,2,official_seed_report_only
28141,2023,MS,0.0,0.0,0.0,0.0,0.0,1.0,48.0,551.0,274.0,23.0,22567509.0,15848172.0,0.0,0.0,"Tishomingo County, Mississippi",1,official_seed_report_only
28145,2023,MS,0.0,0.0,0.0,0.0,0.0,1.0,83.0,3265.0,1009.0,611.0,104042968.0,140265945.0,1.0,0.0,"Union County, Mississippi",1,official_seed_report_only
28147,2023,MS,0.0,0.0,0.0,0.0,0.0,1.0,25.0,121.0,71.0,16.0,11857860.0,11619702.0,0.0,1.0,"Walthall County, Mississippi",1,official_seed_report_only
28151,2023,MS,1.0,41.0,0.0,0.0,0.0,2.0,140.0,3107.0,1069.0,698.0,111144750.0,125587190.0,1.0,0.0,Washington County,2,official_seed_report_only
28153,2023,MS,0.0,0.0,0.0,0.0,0.0,1.0,49.0,1086.0,373.0,359.0,30684510.0,30446136.0,1.0,0.0,"Wayne County, Mississippi",1,official_seed_report_only
28155,2023,MS,0.0,0.0,0.0,0.0,0.0,1.0,38.0,522.0,299.0,30.0,23611172.0,21264810.0,0.0,0.0,"Webster County, Mississippi",1,official_seed_report_only
28157,2023,MS,0.0,0.0,0.0,0.0,0.0,1.0,16.0,138.0,82.0,12.0,21972885.0,21621101.0,0.0,1.0,"Wilkinson County, Mississippi",1,official_seed_report_only
28159,2023,MS,0.0,0.0,0.0,0.0,0.0,1.0,14.0,198.0,107.0,3.0,26919169.0,25363486.0,0.0,0.0,"Winston County, Mississippi",1,official_seed_report_only
28161,2023,MS,0.0,0.0,0.0,0.0,0.0,1.0,26.0,241.0,166.0,7.0,23472874.0,22650412.0,0.0,0.0,"Yalobusha County, Mississippi",1,official_seed_report_only
28163,2023,MS,0.0,0.0,0.0,0.0,0.0,1.0,25.0,528.0,180.0,39.0,17903478.0,19133483.0,0.0,1.0,"Yazoo County, Mississippi",1,official_seed_report_only
30001,2023,MT,2.0,1893.0,0.0,0.0,2.0,0.0,0.0,0.0,0.0,0.0,0.0,0.0,0.0,0.0,Beaverhead County,1,official_seed_report_only
30003,2023,MT,1.0,435.0,0.0,0.0,1.0,1.0,24.0,139.0,33.0,74.0,41633216.0,0.0,0.0,1.0,Big Horn County,2,official_seed_report_only
30005,2023,MT,1.0,231.0,0.0,0.0,1.0,1.0,6.0,26.0,1.0,17.0,14508593.0,0.0,0.0,1.0,Blaine County,2,official_seed_report_only
30007,2023,MT,0.0,0.0,0.0,0.0,0.0,1.0,25.0,18.0,3.0,0.0,5077948.0,6316832.0,0.0,1.0,"Broadwater County, Montana",1,official_seed_report_only
30013,2023,MT,3.0,3216.0,2.0,0.0,3.0,2.0,332.0,11839.0,3397.0,3207.0,477027276.0,701894177.0,0.0,0.0,Cascade County,2,official_seed_report_only
30015,2023,MT,1.0,521.0,0.0,0.0,1.0,1.0,25.0,10.0,0.0,1.0,4869515.0,3140435.0,0.0,1.0,Chouteau County,2,official_seed_report_only
30017,2023,MT,1.0,1088.0,10.0,0.0,1.0,1.0,25.0,1160.0,275.0,303.0,71548031.0,83417344.0,0.0,1.0,Custer County,2,official_seed_report_only
30021,2023,MT,1.0,783.0,16.0,0.0,1.0,0.0,0.0,0.0,0.0,0.0,0.0,0.0,0.0,0.0,Dawson County,1,official_seed_report_only
30023,2023,MT,0.0,0.0,0.0,0.0,0.0,1.0,25.0,719.0,280.0,119.0,65164053.0,91413922.0,0.0,1.0,"Deer Lodge County, Montana",1,official_seed_report_only
30029,2023,MT,2.0,3258.0,14.0,0.0,2.0,2.0,235.0,7759.0,2118.0,1878.0,396744151.0,536247582.0,1.0,1.0,Flathead County,2,official_seed_report_only
30031,2023,MT,2.0,18866.0,163.0,0.0,2.0,2.0,147.0,6171.0,1842.0,791.0,330231305.0,429215086.0,0.0,1.0,Gallatin County,2,official_seed_report_only
30035,2023,MT,1.0,494.0,0.0,0.0,1.0,2.0,46.0,364.0,69.0,62.0,52066899.0,8243283.0,0.0,1.0,Glacier County,2,official_seed_report_only
30041,2023,MT,1.0,1497.0,0.0,0.0,1.0,0.0,0.0,0.0,0.0,0.0,0.0,0.0,0.0,0.0,Hill County,1,official_seed_report_only
30047,2023,MT,1.0,810.0,0.0,0.0,1.0,2.0,47.0,1183.0,353.0,401.0,89057019.0,93986408.0,0.0,2.0,Lake County,2,official_seed_report_only
30049,2023,MT,2.0,2985.0,80.0,0.0,2.0,0.0,0.0,0.0,0.0,0.0,0.0,0.0,0.0,0.0,Lewis and Clark County,1,official_seed_report_only
30051,2023,MT,0.0,0.0,0.0,0.0,0.0,1.0,25.0,46.0,21.0,13.0,7748405.0,7018076.0,0.0,1.0,"Liberty County, Montana",1,official_seed_report_only
30057,2023,MT,0.0,0.0,0.0,0.0,0.0,2.0,17.0,144.0,68.0,3.0,24366503.0,25376381.0,0.0,2.0,"Madison County, Montana",1,official_seed_report_only
30063,2023,MT,1.0,12591.0,11.0,0.0,1.0,2.0,347.0,14305.0,4627.0,2989.0,506230827.0,681403844.0,2.0,0.0,Missoula County,2,official_seed_report_only
30073,2023,MT,0.0,0.0,0.0,0.0,0.0,1.0,20.0,27.0,12.0,1.0,14800697.0,11953947.0,0.0,1.0,"Pondera County, Montana",1,official_seed_report_only
30085,2023,MT,1.0,1054.0,0.0,0.0,1.0,0.0,0.0,0.0,0.0,0.0,0.0,0.0,0.0,0.0,Roosevelt County,1,official_seed_report_only
30087,2023,MT,1.0,465.0,0.0,0.0,1.0,0.0,0.0,0.0,0.0,0.0,0.0,0.0,0.0,0.0,Rosebud County,1,official_seed_report_only
30089,2023,MT,0.0,0.0,0.0,0.0,0.0,1.0,16.0,391.0,168.0,55.0,28729663.0,29431948.0,0.0,1.0,"Sanders County, Montana",1,official_seed_report_only
30093,2023,MT,3.0,2707.0,0.0,0.0,3.0,1.0,69.0,2693.0,903.0,583.0,115295872.0,134004388.0,0.0,0.0,Silver Bow County,2,official_seed_report_only
30095,2023,MT,0.0,0.0,0.0,0.0,0.0,1.0,16.0,67.0,27.0,3.0,6283079.0,6565907.0,0.0,1.0,"Stillwater County, Montana",1,official_seed_report_only
30099,2023,MT,0.0,0.0,0.0,0.0,0.0,1.0,25.0,24.0,9.0,0.0,9837538.0,9393738.0,0.0,1.0,"Teton County, Montana",1,official_seed_report_only
30101,2023,MT,0.0,0.0,0.0,0.0,0.0,1.0,21.0,54.0,22.0,8.0,10623357.0,10148305.0,0.0,1.0,"Toole County, Montana",1,official_seed_report_only
30107,2023,MT,0.0,0.0,0.0,0.0,0.0,1.0,25.0,36.0,14.0,8.0,10135799.0,10958525.0,0.0,1.0,"Wheatland County, Montana",1,official_seed_report_only
30111,2023,MT,4.0,6661.0,47.0,0.0,3.0,3.0,594.0,20437.0,6321.0,4468.0,776922233.0,1018868893.0,2.0,0.0,Yellowstone County,2,official_seed_report_only
37001,2023,NC,3.0,13653.0,0.0,0.0,3.0,1.0,176.0,10864.0,1865.0,607.0,258195736.0,284333872.0,0.0,0.0,Alamance County,2,official_seed_report_only
37005,2023,NC,0.0,0.0,0.0,0.0,0.0,1.0,25.0,139.0,90.0,4.0,13998797.0,12170476.0,0.0,1.0,"Alleghany County, North Carolina",1,official_seed_report_only
37007,2023,NC,1.0,4479.0,0.0,0.0,1.0,1.0,15.0,497.0,110.0,24.0,20560896.0,29326757.0,0.0,0.0,Anson County,2,official_seed_report_only
37009,2023,NC,0.0,0.0,0.0,0.0,0.0,1.0,25.0,844.0,322.0,33.0,33841920.0,47599628.0,0.0,1.0,"Ashe County, North Carolina",1,official_seed_report_only
37011,2023,NC,2.0,2013.0,0.0,0.0,2.0,2.0,60.0,817.0,122.0,112.0,24168510.0,17980602.0,0.0,1.0,Avery County,2,official_seed_report_only
37013,2023,NC,1.0,2492.0,0.0,0.0,1.0,0.0,0.0,0.0,0.0,0.0,0.0,0.0,0.0,0.0,Beaufort County,1,official_seed_report_only
37015,2023,NC,0.0,0.0,0.0,0.0,0.0,1.0,6.0,305.0,155.0,17.0,21611256.0,24513765.0,0.0,1.0,"Bertie County, North Carolina",1,official_seed_report_only
37017,2023,NC,1.0,1459.0,0.0,0.0,1.0,1.0,25.0,687.0,144.0,21.0,36124794.0,40940835.0,0.0,1.0,Bladen County,2,official_seed_report_only
37019,2023,NC,1.0,2295.0,0.0,0.0,1.0,4.0,186.0,7246.0,2121.0,655.0,198056155.0,240206674.0,0.0,1.0,Brunswick County,2,official_seed_report_only
37021,2023,NC,8.0,14927.0,8.0,0.0,8.0,3.0,821.0,46722.0,11303.0,2321.0,1014457132.0,1446866463.0,1.0,0.0,Buncombe County,2,official_seed_report_only
37023,2023,NC,1.0,2330.0,0.0,0.0,1.0,0.0,0.0,0.0,0.0,0.0,0.0,0.0,0.0,0.0,Burke County,1,official_seed_report_only
37025,2023,NC,2.0,826.0,0.0,0.0,2.0,1.0,447.0,30507.0,5272.0,1444.0,653012104.0,868173120.0,1.0,0.0,Cabarrus County,2,official_seed_report_only
37027,2023,NC,1.0,4721.0,0.0,0.0,1.0,0.0,0.0,0.0,0.0,0.0,0.0,0.0,0.0,0.0,Caldwell County,1,official_seed_report_only
37031,2023,NC,1.0,2135.0,0.0,0.0,1.0,1.0,99.0,5991.0,2015.0,104.0,162066917.0,205519605.0,0.0,0.0,Carteret County,2,official_seed_report_only
37035,2023,NC,2.0,8289.0,0.0,0.0,2.0,1.0,226.0,6455.0,1997.0,267.0,196358318.0,267818901.0,0.0,0.0,Catawba County,2,official_seed_report_only
37039,2023,NC,1.0,1265.0,0.0,0.0,1.0,0.0,0.0,0.0,0.0,0.0,0.0,0.0,0.0,0.0,Cherokee County,1,official_seed_report_only
37041,2023,NC,0.0,0.0,0.0,0.0,0.0,1.0,25.0,1483.0,478.0,60.0,57261350.0,74886166.0,0.0,1.0,"Chowan County, North Carolina",1,official_seed_report_only
37045,2023,NC,2.0,7750.0,0.0,0.0,2.0,1.0,308.0,13843.0,2429.0,603.0,283523277.0,348180255.0,0.0,0.0,Cleveland County,2,official_seed_report_only
37047,2023,NC,1.0,1848.0,0.0,0.0,1.0,1.0,154.0,3058.0,718.0,146.0,92967504.0,112540651.0,0.0,0.0,Columbus County,2,official_seed_report_only
37049,2023,NC,1.0,3583.0,0.0,0.0,1.0,0.0,0.0,0.0,0.0,0.0,0.0,0.0,0.0,0.0,Craven County,1,official_seed_report_only
37051,2023,NC,8.0,25723.0,1.0,0.0,7.0,2.0,741.0,36292.0,5788.0,1876.0,694447895.0,954451301.0,1.0,0.0,Cumberland County,2,official_seed_report_only
37055,2023,NC,0.0,0.0,0.0,0.0,0.0,1.0,21.0,1155.0,483.0,64.0,69559658.0,96663837.0,0.0,1.0,"Dare County, North Carolina",1,official_seed_report_only
37057,2023,NC,1.0,4991.0,0.0,0.0,1.0,2.0,143.0,6629.0,1033.0,331.0,350091372.0,453867342.0,0.0,0.0,Davidson County,2,official_seed_report_only
37059,2023,NC,0.0,0.0,0.0,0.0,0.0,1.0,42.0,1888.0,455.0,40.0,81765841.0,139284298.0,0.0,0.0,"Davie County, North Carolina",1,official_seed_report_only
37061,2023,NC,1.0,1634.0,0.0,0.0,1.0,1.0,49.0,2551.0,705.0,248.0,60113590.0,76051280.0,0.0,0.0,Duplin County,2,official_seed_report_only
37063,2023,NC,6.0,36706.0,19.0,1.0,6.0,1.0,18.0,504.0,179.0,6.0,60347999.0,70935213.0,0.0,0.0,Durham County,2,official_seed_report_only
37065,2023,NC,1.0,2075.0,0.0,0.0,1.0,1.0,101.0,2442.0,718.0,169.0,87862565.0,101644270.0,0.0,0.0,Edgecombe County,2,official_seed_report_only
37067,2023,NC,9.0,29545.0,11.0,1.0,9.0,5.0,1973.0,90455.0,14344.0,4205.0,3316656028.0,4396417922.0,2.0,0.0,Forsyth County,2,official_seed_report_only
37069,2023,NC,1.0,437.0,0.0,0.0,1.0,0.0,0.0,0.0,0.0,0.0,0.0,0.0,0.0,0.0,Franklin County,1,official_seed_report_only
37071,2023,NC,3.0,8826.0,0.0,0.0,3.0,0.0,0.0,0.0,0.0,0.0,0.0,0.0,0.0,0.0,Gaston County,1,official_seed_report_only
37077,2023,NC,0.0,0.0,0.0,0.0,0.0,1.0,42.0,1459.0,377.0,114.0,67779284.0,85879734.0,0.0,0.0,"Granville County, North Carolina",1,official_seed_report_only
37081,2023,NC,12.0,65615.0,47.0,0.0,12.0,2.0,1048.0,54708.0,8047.0,3222.0,1610671285.0,1861090265.0,2.0,0.0,Guilford County,2,official_seed_report_only
37083,2023,NC,1.0,1415.0,0.0,0.0,1.0,1.0,100.0,3183.0,871.0,245.0,101492579.0,86946834.0,0.0,0.0,Halifax County,2,official_seed_report_only
37085,2023,NC,2.0,6005.0,17.0,1.0,2.0,2.0,90.0,5676.0,997.0,414.0,104964664.0,116820598.0,1.0,0.0,Harnett County,2,official_seed_report_only
37087,2023,NC,1.0,1712.0,0.0,0.0,1.0,0.0,0.0,0.0,0.0,0.0,0.0,0.0,0.0,0.0,Haywood County,1,official_seed_report_only
37089,2023,NC,1.0,3991.0,0.0,0.0,1.0,1.0,98.0,4462.0,1142.0,93.0,200668317.0,276529730.0,0.0,0.0,Henderson County,2,official_seed_report_only
37091,2023,NC,2.0,1780.0,0.0,0.0,2.0,1.0,52.0,2448.0,784.0,140.0,80783041.0,84097456.0,0.0,0.0,Hertford County,2,official_seed_report_only
37093,2023,NC,0.0,0.0,0.0,0.0,0.0,1.0,37.0,1787.0,376.0,76.0,46938071.0,73060127.0,0.0,0.0,"Hoke County, North Carolina",1,official_seed_report_only
37097,2023,NC,3.0,5890.0,1.0,0.0,3.0,4.0,311.0,11733.0,2727.0,812.0,296586583.0,397056468.0,0.0,0.0,Iredell County,2,official_seed_report_only
37099,2023,NC,2.0,16160.0,22.0,0.0,2.0,0.0,0.0,0.0,0.0,0.0,0.0,0.0,0.0,0.0,Jackson County,1,official_seed_report_only
37101,2023,NC,1.0,5939.0,0.0,0.0,1.0,0.0,0.0,0.0,0.0,0.0,0.0,0.0,0.0,0.0,Johnston County,1,official_seed_report_only
37105,2023,NC,1.0,6905.0,0.0,0.0,1.0,1.0,127.0,2154.0,780.0,160.0,54869535.0,80118928.0,0.0,0.0,Lee County,2,official_seed_report_only
37107,2023,NC,1.0,3069.0,0.0,0.0,1.0,0.0,0.0,0.0,0.0,0.0,0.0,0.0,0.0,0.0,Lenoir County,1,official_seed_report_only
37109,2023,NC,0.0,0.0,0.0,0.0,0.0,1.0,101.0,5269.0,1120.0,218.0,107492411.0,171750018.0,0.0,0.0,"Lincoln County, North Carolina",1,official_seed_report_only
37113,2023,NC,0.0,0.0,0.0,0.0,0.0,2.0,54.0,2324.0,783.0,46.0,77869745.0,81404375.0,0.0,2.0,"Macon County, North Carolina",1,official_seed_report_only
37115,2023,NC,1.0,1100.0,3.0,0.0,1.0,0.0,0.0,0.0,0.0,0.0,0.0,0.0,0.0,0.0,Madison County,1,official_seed_report_only
37117,2023,NC,1.0,990.0,0.0,0.0,1.0,1.0,43.0,189.0,67.0,2.0,7735248.0,5260082.0,0.0,0.0,Martin County,2,official_seed_report_only
37111,2023,NC,1.0,1498.0,0.0,0.0,1.0,0.0,0.0,0.0,0.0,0.0,0.0,0.0,0.0,0.0,McDowell County,1,official_seed_report_only
37119,2023,NC,15.0,66922.0,106.0,0.0,14.0,9.0,2741.0,145684.0,24298.0,7711.0,5215822896.0,7311143833.0,4.0,0.0,Mecklenburg County,2,official_seed_report_only
37121,2023,NC,0.0,0.0,0.0,0.0,0.0,1.0,25.0,1582.0,511.0,180.0,50045663.0,50991194.0,0.0,1.0,"Mitchell County, North Carolina",1,official_seed_report_only
37123,2023,NC,1.0,1137.0,0.0,0.0,1.0,1.0,3.0,299.0,50.0,14.0,18645909.0,19972285.0,0.0,1.0,Montgomery County,2,official_seed_report_only
37125,2023,NC,1.0,4786.0,0.0,0.0,1.0,1.0,412.0,20903.0,5985.0,899.0,612401473.0,906877723.0,0.0,0.0,Moore County,2,official_seed_report_only
37127,2023,NC,3.0,5300.0,0.0,0.0,2.0,0.0,0.0,0.0,0.0,0.0,0.0,0.0,0.0,0.0,Nash County,1,official_seed_report_only
37129,2023,NC,4.0,44402.0,57.0,0.0,4.0,2.0,863.0,37829.0,11027.0,1524.0,1394981727.0,1483870800.0,1.0,0.0,New Hanover County,2,official_seed_report_only
37133,2023,NC,2.0,5196.0,0.0,0.0,2.0,1.0,162.0,6828.0,1310.0,326.0,138573865.0,179980059.0,0.0,0.0,Onslow County,2,official_seed_report_only
37135,2023,NC,2.0,34412.0,29.0,1.0,2.0,0.0,0.0,0.0,0.0,0.0,0.0,0.0,0.0,0.0,Orange County,1,official_seed_report_only
37137,2023,NC,1.0,511.0,0.0,0.0,1.0,0.0,0.0,0.0,0.0,0.0,0.0,0.0,0.0,0.0,Pamlico County,1,official_seed_report_only
37139,2023,NC,3.0,5762.0,0.0,0.0,3.0,1.0,98.0,4670.0,1890.0,302.0,140708519.0,166223403.0,0.0,0.0,Pasquotank County,2,official_seed_report_only
37141,2023,NC,0.0,0.0,0.0,0.0,0.0,1.0,25.0,166.0,45.0,4.0,31606946.0,34304089.0,0.0,1.0,"Pender County, North Carolina",1,official_seed_report_only
37145,2023,NC,1.0,1551.0,0.0,0.0,1.0,0.0,0.0,0.0,0.0,0.0,0.0,0.0,0.0,0.0,Person County,1,official_seed_report_only
37147,2023,NC,3.0,39879.0,66.0,1.0,3.0,1.0,1013.0,37846.0,9888.0,2207.0,1286729775.0,1561712442.0,1.0,0.0,Pitt County,2,official_seed_report_only
37149,2023,NC,0.0,0.0,0.0,0.0,0.0,1.0,25.0,704.0,274.0,7.0,36363305.0,44046452.0,0.0,1.0,"Polk County, North Carolina",1,official_seed_report_only
37151,2023,NC,1.0,3289.0,0.0,0.0,1.0,1.0,145.0,5725.0,689.0,234.0,98773239.0,108510650.0,0.0,0.0,Randolph County,2,official_seed_report_only
37153,2023,NC,1.0,3018.0,0.0,0.0,1.0,0.0,0.0,0.0,0.0,0.0,0.0,0.0,0.0,0.0,Richmond County,1,official_seed_report_only
37155,2023,NC,2.0,12120.0,50.0,0.0,2.0,0.0,0.0,0.0,0.0,0.0,0.0,0.0,0.0,0.0,Robeson County,1,official_seed_report_only
37157,2023,NC,1.0,2133.0,0.0,0.0,1.0,0.0,0.0,0.0,0.0,0.0,0.0,0.0,0.0,0.0,Rockingham County,1,official_seed_report_only
37159,2023,NC,4.0,11144.0,0.0,0.0,4.0,1.0,181.0,8712.0,1749.0,343.0,253918079.0,299644069.0,0.0,0.0,Rowan County,2,official_seed_report_only
37161,2023,NC,1.0,2535.0,0.0,0.0,1.0,0.0,0.0,0.0,0.0,0.0,0.0,0.0,0.0,0.0,Rutherford County,1,official_seed_report_only
37163,2023,NC,1.0,2184.0,0.0,0.0,1.0,1.0,67.0,2411.0,496.0,235.0,41459300.0,69552413.0,1.0,0.0,Sampson County,2,official_seed_report_only
37165,2023,NC,1.0,893.0,18.0,0.0,1.0,1.0,104.0,5760.0,1041.0,320.0,169562501.0,220481034.0,0.0,0.0,Scotland County,2,official_seed_report_only
37167,2023,NC,2.0,4565.0,0.0,0.0,2.0,1.0,97.0,3835.0,905.0,193.0,93547040.0,118862798.0,0.0,0.0,Stanly County,2,official_seed_report_only
37169,2023,NC,0.0,0.0,0.0,0.0,0.0,1.0,25.0,138.0,50.0,2.0,14683228.0,14350580.0,0.0,1.0,"Stokes County, North Carolina",1,official_seed_report_only
37171,2023,NC,1.0,3535.0,0.0,0.0,1.0,2.0,181.0,6235.0,1498.0,184.0,197473678.0,216772112.0,0.0,0.0,Surry County,2,official_seed_report_only
37173,2023,NC,0.0,0.0,0.0,0.0,0.0,1.0,34.0,689.0,69.0,223.0,52797869.0,0.0,0.0,0.0,"Swain County, North Carolina",1,official_seed_report_only
37175,2023,NC,1.0,782.0,0.0,0.0,1.0,1.0,25.0,1747.0,630.0,57.0,47180520.0,46778880.0,0.0,1.0,Transylvania County,2,official_seed_report_only
37179,2023,NC,1.0,3681.0,3.0,0.0,1.0,1.0,183.0,10940.0,2791.0,596.0,272504617.0,378253943.0,1.0,0.0,Union County,2,official_seed_report_only
37181,2023,NC,1.0,3717.0,0.0,0.0,1.0,1.0,111.0,4214.0,917.0,190.0,109118141.0,153894624.0,0.0,0.0,Vance County,2,official_seed_report_only
37183,2023,NC,17.0,84342.0,274.0,1.0,15.0,4.0,1212.0,62405.0,10055.0,3226.0,1554602194.0,1754100882.0,1.0,0.0,Wake County,2,official_seed_report_only
37187,2023,NC,0.0,0.0,0.0,0.0,0.0,1.0,25.0,340.0,80.0,16.0,16009835.0,14633452.0,0.0,1.0,"Washington County, North Carolina",1,official_seed_report_only
37189,2023,NC,2.0,22180.0,1.0,0.0,2.0,1.0,121.0,2973.0,988.0,108.0,116331469.0,131671678.0,1.0,0.0,Watauga County,2,official_seed_report_only
37191,2023,NC,2.0,6676.0,0.0,0.0,2.0,0.0,0.0,0.0,0.0,0.0,0.0,0.0,0.0,0.0,Wayne County,1,official_seed_report_only
37193,2023,NC,1.0,3028.0,0.0,0.0,1.0,1.0,77.0,3940.0,821.0,264.0,106784882.0,142742978.0,0.0,0.0,Wilkes County,2,official_seed_report_only
37195,2023,NC,2.0,3938.0,0.0,0.0,2.0,0.0,0.0,0.0,0.0,0.0,0.0,0.0,0.0,0.0,Wilson County,1,official_seed_report_only
38003,2023,ND,1.0,2037.0,2.0,0.0,1.0,0.0,0.0,0.0,0.0,0.0,0.0,0.0,0.0,0.0,Barnes County,1,official_seed_report_only
38005,2023,ND,1.0,472.0,0.0,0.0,1.0,0.0,0.0,0.0,0.0,0.0,0.0,0.0,0.0,0.0,Benson County,1,official_seed_report_only
38009,2023,ND,1.0,1378.0,0.0,0.0,1.0,1.0,25.0,130.0,103.0,1.0,15177672.0,14886816.0,0.0,1.0,Bottineau County,2,official_seed_report_only
38011,2023,ND,0.0,0.0,0.0,0.0,0.0,1.0,35.0,79.0,64.0,0.0,15848194.0,14597023.0,0.0,1.0,"Bowman County, North Dakota",1,official_seed_report_only
38015,2023,ND,4.0,10382.0,6.0,0.0,4.0,1.0,226.0,11950.0,4329.0,2285.0,511479359.0,759248743.0,1.0,0.0,Burleigh County,2,official_seed_report_only
38017,2023,ND,5.0,14487.0,0.0,0.0,5.0,3.0,667.0,29075.0,8618.0,4506.0,1099879356.0,1655767034.0,1.0,0.0,Cass County,2,official_seed_report_only
38021,2023,ND,1.0,284.0,0.0,0.0,1.0,0.0,0.0,0.0,0.0,0.0,0.0,0.0,0.0,0.0,Dickey County,1,official_seed_report_only
38029,2023,ND,0.0,0.0,0.0,0.0,0.0,1.0,14.0,70.0,57.0,1.0,7675873.0,7083984.0,0.0,1.0,"Emmons County, North Dakota",1,official_seed_report_only
38035,2023,ND,2.0,17743.0,0.0,1.0,2.0,2.0,210.0,10214.0,3540.0,1088.0,452676633.0,619979526.0,1.0,1.0,Grand Forks County,2,official_seed_report_only
38051,2023,ND,0.0,0.0,0.0,0.0,0.0,1.0,24.0,146.0,108.0,3.0,9509324.0,8564329.0,0.0,1.0,"McIntosh County, North Dakota",1,official_seed_report_only
38061,2023,ND,1.0,219.0,0.0,0.0,1.0,0.0,0.0,0.0,0.0,0.0,0.0,0.0,0.0,0.0,Mountrail County,1,official_seed_report_only
38067,2023,ND,0.0,0.0,0.0,0.0,0.0,1.0,20.0,155.0,113.0,5.0,17493636.0,17596121.0,0.0,1.0,"Pembina County, North Dakota",1,official_seed_report_only
38071,2023,ND,1.0,2480.0,1.0,0.0,1.0,0.0,0.0,0.0,0.0,0.0,0.0,0.0,0.0,0.0,Ramsey County,1,official_seed_report_only
38077,2023,ND,1.0,3803.0,2.0,0.0,1.0,0.0,0.0,0.0,0.0,0.0,0.0,0.0,0.0,0.0,Richland County,1,official_seed_report_only
38079,2023,ND,1.0,925.0,0.0,0.0,1.0,2.0,52.0,461.0,200.0,150.0,52492790.0,13556894.0,0.0,1.0,Rolette County,2,official_seed_report_only
38085,2023,ND,1.0,355.0,0.0,0.0,1.0,1.0,12.0,33.0,1.0,16.0,19887395.0,0.0,0.0,1.0,Sioux County,2,official_seed_report_only
38089,2023,ND,1.0,1792.0,0.0,0.0,1.0,0.0,0.0,0.0,0.0,0.0,0.0,0.0,0.0,0.0,Stark County,1,official_seed_report_only
38093,2023,ND,1.0,1371.0,0.0,0.0,1.0,0.0,0.0,0.0,0.0,0.0,0.0,0.0,0.0,0.0,Stutsman County,1,official_seed_report_only
38097,2023,ND,1.0,1458.0,0.0,0.0,1.0,2.0,41.0,182.0,138.0,9.0,26899737.0,27217096.0,0.0,2.0,Traill County,2,official_seed_report_only
38099,2023,ND,0.0,0.0,0.0,0.0,0.0,1.0,14.0,252.0,163.0,27.0,17629549.0,18598132.0,0.0,1.0,"Walsh County, North Dakota",1,official_seed_report_only
38101,2023,ND,1.0,3232.0,0.0,0.0,1.0,0.0,0.0,0.0,0.0,0.0,0.0,0.0,0.0,0.0,Ward County,1,official_seed_report_only
38103,2023,ND,0.0,0.0,0.0,0.0,0.0,1.0,25.0,237.0,182.0,15.0,23398425.0,23726673.0,0.0,1.0,"Wells County, North Dakota",1,official_seed_report_only
38105,2023,ND,1.0,1316.0,0.0,0.0,1.0,0.0,0.0,0.0,0.0,0.0,0.0,0.0,0.0,0.0,Williams County,1,official_seed_report_only
31001,2023,NE,1.0,995.0,0.0,0.0,1.0,1.0,106.0,5094.0,879.0,8.0,167359719.0,210172313.0,0.0,0.0,Adams County,2,official_seed_report_only
31011,2023,NE,0.0,0.0,0.0,0.0,0.0,1.0,25.0,509.0,334.0,23.0,38986925.0,39191636.0,0.0,1.0,"Boone County, Nebraska",1,official_seed_report_only
31019,2023,NE,1.0,7212.0,0.0,0.0,1.0,1.0,93.0,4309.0,1569.0,7.0,146156434.0,159447678.0,0.0,0.0,Buffalo County,2,official_seed_report_only
31033,2023,NE,0.0,0.0,0.0,0.0,0.0,1.0,19.0,481.0,240.0,44.0,56383497.0,67588415.0,0.0,1.0,"Cheyenne County, Nebraska",1,official_seed_report_only
31041,2023,NE,0.0,0.0,0.0,0.0,0.0,1.0,23.0,204.0,141.0,9.0,18007013.0,20268708.0,0.0,1.0,"Custer County, Nebraska",1,official_seed_report_only
31045,2023,NE,1.0,2802.0,0.0,0.0,1.0,1.0,25.0,448.0,224.0,0.0,27866272.0,25374047.0,0.0,1.0,Dawes County,2,official_seed_report_only
31053,2023,NE,1.0,1911.0,0.0,0.0,1.0,2.0,75.0,3365.0,1204.0,554.0,159370229.0,196057375.0,0.0,1.0,Dodge County,2,official_seed_report_only
31055,2023,NE,11.0,58851.0,197.0,2.0,11.0,6.0,711.0,27089.0,6140.0,2743.0,1311525878.0,1680062841.0,2.0,0.0,Douglas County,2,official_seed_report_only
31063,2023,NE,1.0,340.0,0.0,0.0,1.0,0.0,0.0,0.0,0.0,0.0,0.0,0.0,0.0,0.0,Frontier County,1,official_seed_report_only
31067,2023,NE,0.0,0.0,0.0,0.0,0.0,1.0,25.0,909.0,352.0,48.0,73602826.0,88608495.0,0.0,1.0,"Gage County, Nebraska",1,official_seed_report_only
31069,2023,NE,0.0,0.0,0.0,0.0,0.0,1.0,10.0,47.0,29.0,2.0,11513951.0,10580995.0,0.0,1.0,"Garden County, Nebraska",1,official_seed_report_only
31079,2023,NE,1.0,9681.0,0.0,0.0,1.0,1.0,60.0,1298.0,701.0,93.0,78268521.0,62953062.0,0.0,0.0,Hall County,2,official_seed_report_only
31081,2023,NE,0.0,0.0,0.0,0.0,0.0,1.0,14.0,131.0,82.0,2.0,21448730.0,25560986.0,0.0,1.0,"Hamilton County, Nebraska",1,official_seed_report_only
31083,2023,NE,0.0,0.0,0.0,0.0,0.0,1.0,19.0,74.0,58.0,0.0,14096961.0,13922936.0,0.0,1.0,"Harlan County, Nebraska",1,official_seed_report_only
31095,2023,NE,0.0,0.0,0.0,0.0,0.0,1.0,17.0,141.0,77.0,0.0,28867799.0,28444222.0,0.0,1.0,"Jefferson County, Nebraska",1,official_seed_report_only
31101,2023,NE,0.0,0.0,0.0,0.0,0.0,1.0,18.0,259.0,115.0,35.0,24276855.0,22808802.0,0.0,1.0,"Keith County, Nebraska",1,official_seed_report_only
31109,2023,NE,11.0,44997.0,50.0,0.0,11.0,2.0,530.0,28664.0,9178.0,22.0,781929188.0,909324832.0,1.0,0.0,Lancaster County,2,official_seed_report_only
31111,2023,NE,1.0,2867.0,0.0,0.0,1.0,1.0,96.0,4212.0,2115.0,432.0,199366594.0,287745271.0,0.0,0.0,Lincoln County,2,official_seed_report_only
31119,2023,NE,1.0,6610.0,0.0,0.0,1.0,1.0,122.0,5526.0,1556.0,770.0,150294455.0,196965762.0,0.0,0.0,Madison County,2,official_seed_report_only
31121,2023,NE,0.0,0.0,0.0,0.0,0.0,1.0,6.0,335.0,90.0,11.0,22882640.0,22396981.0,0.0,1.0,"Merrick County, Nebraska",1,official_seed_report_only
31127,2023,NE,1.0,2510.0,0.0,0.0,1.0,0.0,0.0,0.0,0.0,0.0,0.0,0.0,0.0,0.0,Nemaha County,1,official_seed_report_only
31137,2023,NE,0.0,0.0,0.0,0.0,0.0,1.0,25.0,622.0,374.0,44.0,65452577.0,79023686.0,0.0,1.0,"Phelps County, Nebraska",1,official_seed_report_only
31151,2023,NE,1.0,2399.0,0.0,0.0,1.0,2.0,30.0,236.0,73.0,62.0,35106887.0,35588023.0,0.0,2.0,Saline County,2,official_seed_report_only
31153,2023,NE,2.0,20358.0,786.0,0.0,1.0,0.0,0.0,0.0,0.0,0.0,0.0,0.0,0.0,0.0,Sarpy County,1,official_seed_report_only
31157,2023,NE,2.0,2043.0,6.0,0.0,2.0,1.0,122.0,4010.0,1674.0,976.0,180703742.0,210288668.0,0.0,0.0,Scotts Bluff County,2,official_seed_report_only
31159,2023,NE,1.0,3447.0,0.0,0.0,1.0,1.0,24.0,377.0,241.0,0.0,35674477.0,44336837.0,0.0,1.0,Seward County,2,official_seed_report_only
31173,2023,NE,2.0,1158.0,0.0,0.0,2.0,1.0,13.0,28.0,0.0,0.0,12247546.0,0.0,0.0,0.0,Thurston County,2,official_seed_report_only
31177,2023,NE,0.0,0.0,0.0,0.0,0.0,1.0,21.0,330.0,108.0,0.0,44967829.0,50035853.0,0.0,1.0,"Washington County, Nebraska",1,official_seed_report_only
31179,2023,NE,1.0,5944.0,7.0,0.0,1.0,1.0,21.0,260.0,122.0,0.0,25042343.0,27060557.0,0.0,1.0,Wayne County,2,official_seed_report_only
31185,2023,NE,1.0,794.0,0.0,0.0,1.0,1.0,25.0,644.0,350.0,55.0,51296739.0,57726956.0,0.0,1.0,York County,2,official_seed_report_only
33001,2023,NH,2.0,1787.0,28.0,0.0,2.0,1.0,86.0,2774.0,1290.0,26.0,108448229.0,126996422.0,0.0,0.0,Belknap County,2,official_seed_report_only
33003,2023,NH,0.0,0.0,0.0,0.0,0.0,2.0,50.0,1971.0,911.0,244.0,167516700.0,200961495.0,0.0,2.0,"Carroll County, New Hampshire",1,official_seed_report_only
33005,2023,NH,4.0,6507.0,43.0,0.0,4.0,0.0,0.0,0.0,0.0,0.0,0.0,0.0,0.0,0.0,Cheshire County,1,official_seed_report_only
33007,2023,NH,1.0,1272.0,0.0,0.0,1.0,3.0,66.0,1412.0,612.0,167.0,167848335.0,201613003.0,0.0,3.0,Coos County,2,official_seed_report_only
33009,2023,NH,4.0,11722.0,168.0,1.0,4.0,2.0,50.0,1722.0,577.0,94.0,115517634.0,136764047.0,0.0,2.0,Grafton County,2,official_seed_report_only
33011,2023,NH,10.0,17814.0,166.0,0.0,10.0,3.0,447.0,18014.0,6255.0,77.0,759231839.0,835182998.0,1.0,1.0,Hillsborough County,2,official_seed_report_only
33013,2023,NH,8.0,262139.0,24299.0,0.0,8.0,3.0,281.0,10947.0,4773.0,113.0,502707890.0,636154881.0,1.0,1.0,Merrimack County,2,official_seed_report_only
33015,2023,NH,2.0,3587.0,98.0,0.0,2.0,1.0,99.0,4926.0,1966.0,24.0,264611777.0,295623876.0,0.0,0.0,Rockingham County,2,official_seed_report_only
33017,2023,NH,2.0,15125.0,43.0,0.0,2.0,1.0,118.0,8374.0,3337.0,410.0,455901504.0,550301152.0,0.0,0.0,Strafford County,2,official_seed_report_only
33019,2023,NH,1.0,1818.0,48.0,0.0,1.0,1.0,25.0,543.0,250.0,1.0,51487337.0,62840333.0,0.0,1.0,Sullivan County,2,official_seed_report_only
34001,2023,NJ,4.0,18598.0,8.0,0.0,4.0,3.0,811.0,33571.0,9985.0,1335.0,864086303.0,1086547685.0,1.0,0.0,Atlantic County,2,official_seed_report_only
34003,2023,NJ,14.0,45649.0,938.0,0.0,14.0,7.0,1944.0,96182.0,25618.0,3120.0,4032582630.0,5298415317.0,3.0,0.0,Bergen County,2,official_seed_report_only
34005,2023,NJ,3.0,12697.0,0.0,0.0,3.0,7.0,774.0,27466.0,7043.0,761.0,676762015.0,864133241.0,3.0,0.0,Burlington County,2,official_seed_report_only
34007,2023,NJ,9.0,25553.0,335.0,0.0,9.0,4.0,1604.0,76730.0,18514.0,2556.0,2355602167.0,3142189487.0,3.0,0.0,Camden County,2,official_seed_report_only
34009,2023,NJ,0.0,0.0,0.0,0.0,0.0,1.0,149.0,5468.0,2561.0,66.0,139279158.0,130402745.0,0.0,0.0,"Cape May County, New Jersey",1,official_seed_report_only
34011,2023,NJ,1.0,3771.0,137.0,0.0,1.0,1.0,280.0,14534.0,3936.0,1045.0,519788735.0,537363766.0,1.0,0.0,Cumberland County,2,official_seed_report_only
34013,2023,NJ,14.0,55564.0,1208.0,0.0,14.0,8.0,2279.0,91196.0,17198.0,4759.0,2764283942.0,3183833541.0,6.0,0.0,Essex County,2,official_seed_report_only
34015,2023,NJ,3.0,30427.0,571.0,1.0,3.0,1.0,286.0,14423.0,4340.0,296.0,403554929.0,479445034.0,1.0,0.0,Gloucester County,2,official_seed_report_only
34017,2023,NJ,9.0,34945.0,189.0,0.0,9.0,7.0,1083.0,38986.0,6141.0,1942.0,1260074118.0,1304035647.0,5.0,0.0,Hudson County,2,official_seed_report_only
34019,2023,NJ,0.0,0.0,0.0,0.0,0.0,1.0,184.0,7492.0,2925.0,422.0,250956085.0,392337764.0,1.0,0.0,"Hunterdon County, New Jersey",1,official_seed_report_only
34021,2023,NJ,10.0,43437.0,240.0,0.0,10.0,4.0,594.0,26716.0,6683.0,2195.0,969855025.0,1584771292.0,2.0,0.0,Mercer County,2,official_seed_report_only
34023,2023,NJ,15.0,78743.0,1043.0,1.0,15.0,5.0,1635.0,85196.0,17523.0,4662.0,2931855868.0,3154417813.0,4.0,0.0,Middlesex County,2,official_seed_report_only
34025,2023,NJ,9.0,21086.0,504.0,0.0,9.0,4.0,1262.0,57189.0,20690.0,1421.0,1894635435.0,2241264464.0,2.0,0.0,Monmouth County,2,official_seed_report_only
34027,2023,NJ,11.0,16821.0,388.0,0.0,11.0,4.0,1172.0,61162.0,20107.0,1631.0,2107851814.0,2452423545.0,2.0,0.0,Morris County,2,official_seed_report_only
34029,2023,NJ,21.0,27034.0,116.0,0.0,20.0,7.0,1453.0,77517.0,25001.0,2823.0,1738466977.0,2041497351.0,3.0,0.0,Ocean County,2,official_seed_report_only
34031,2023,NJ,8.0,49763.0,217.0,1.0,8.0,2.0,803.0,30301.0,4668.0,3488.0,873098846.0,992477981.0,2.0,0.0,Passaic County,2,official_seed_report_only
34033,2023,NJ,1.0,2080.0,591.0,0.0,1.0,1.0,113.0,1315.0,534.0,29.0,43752780.0,26209349.0,0.0,0.0,Salem County,2,official_seed_report_only
34035,2023,NJ,4.0,10123.0,228.0,0.0,4.0,2.0,564.0,17349.0,4880.0,524.0,427102785.0,463425096.0,1.0,0.0,Somerset County,2,official_seed_report_only
34037,2023,NJ,1.0,3272.0,0.0,0.0,1.0,1.0,139.0,6801.0,3003.0,143.0,192940675.0,194047632.0,0.0,0.0,Sussex County,2,official_seed_report_only
34039,2023,NJ,9.0,29593.0,103.0,0.0,9.0,6.0,951.0,35432.0,8642.0,2351.0,1501475147.0,1562689473.0,3.0,0.0,Union County,2,official_seed_report_only
34041,2023,NJ,2.0,5026.0,51.0,0.0,2.0,1.0,95.0,3728.0,1642.0,56.0,125793246.0,133598457.0,0.0,0.0,Warren County,2,official_seed_report_only
35001,2023,NM,10.0,56651.0,318.0,1.0,10.0,3.0,1077.0,43690.0,6998.0,650.0,1392927807.0,1552898688.0,1.0,0.0,Bernalillo County,2,official_seed_report_only
35005,2023,NM,2.0,3416.0,0.0,0.0,2.0,1.0,27.0,1299.0,249.0,5.0,44689922.0,55639846.0,0.0,0.0,Chaves County,2,official_seed_report_only
35006,2023,NM,1.0,1309.0,6.0,0.0,1.0,0.0,0.0,0.0,0.0,0.0,0.0,0.0,0.0,0.0,Cibola County,1,official_seed_report_only
35009,2023,NM,1.0,3299.0,0.0,0.0,1.0,1.0,100.0,2584.0,608.0,13.0,92224540.0,107906246.0,0.0,0.0,Curry County,2,official_seed_report_only
35013,2023,NM,5.0,26896.0,116.0,1.0,5.0,5.0,493.0,19230.0,3160.0,224.0,364939330.0,491247320.0,1.0,0.0,Doña Ana County,2,official_seed_report_only
35015,2023,NM,1.0,2475.0,0.0,0.0,1.0,0.0,0.0,0.0,0.0,0.0,0.0,0.0,0.0,0.0,Eddy County,1,official_seed_report_only
35017,2023,NM,1.0,4150.0,0.0,0.0,1.0,0.0,0.0,0.0,0.0,0.0,0.0,0.0,0.0,0.0,Grant County,1,official_seed_report_only
35025,2023,NM,2.0,3861.0,10.0,0.0,2.0,0.0,0.0,0.0,0.0,0.0,0.0,0.0,0.0,0.0,Lea County,1,official_seed_report_only
35027,2023,NM,1.0,955.0,0.0,0.0,1.0,1.0,25.0,1279.0,344.0,72.0,58235180.0,74972063.0,0.0,1.0,Lincoln County,2,official_seed_report_only
35028,2023,NM,1.0,1887.0,13.0,0.0,1.0,1.0,47.0,529.0,228.0,0.0,35588146.0,52881359.0,0.0,0.0,Los Alamos County,2,official_seed_report_only
35029,2023,NM,0.0,0.0,0.0,0.0,0.0,1.0,25.0,894.0,144.0,3.0,43102697.0,53589551.0,0.0,1.0,"Luna County, New Mexico",1,official_seed_report_only
35031,2023,NM,2.0,4685.0,12.0,0.0,2.0,5.0,195.0,4328.0,929.0,1184.0,298809879.0,39792293.0,0.0,1.0,McKinley County,2,official_seed_report_only
35035,2023,NM,1.0,1548.0,23.0,0.0,1.0,0.0,0.0,0.0,0.0,0.0,0.0,0.0,0.0,0.0,Otero County,1,official_seed_report_only
35037,2023,NM,1.0,1156.0,0.0,0.0,1.0,1.0,25.0,98.0,39.0,0.0,16078956.0,16650701.0,0.0,1.0,Quay County,2,official_seed_report_only
35039,2023,NM,1.0,1479.0,0.0,0.0,1.0,1.0,70.0,1797.0,270.0,47.0,79809291.0,89895878.0,0.0,0.0,Rio Arriba County,2,official_seed_report_only
35041,2023,NM,1.0,6892.0,0.0,0.0,1.0,0.0,0.0,0.0,0.0,0.0,0.0,0.0,0.0,0.0,Roosevelt County,1,official_seed_report_only
35045,2023,NM,1.0,8367.0,0.0,0.0,1.0,1.0,60.0,1648.0,478.0,377.0,152066523.0,0.0,1.0,0.0,San Juan County,2,official_seed_report_only
35047,2023,NM,2.0,4602.0,0.0,0.0,2.0,1.0,25.0,47.0,13.0,0.0,4307440.0,3845935.0,0.0,1.0,San Miguel County,2,official_seed_report_only
35043,2023,NM,1.0,17.0,0.0,0.0,1.0,2.0,100.0,2625.0,832.0,71.0,69338361.0,71365609.0,1.0,0.0,Sandoval County,2,official_seed_report_only
35049,2023,NM,6.0,7015.0,5.0,0.0,5.0,2.0,36.0,1799.0,335.0,35.0,117881591.0,99349438.0,0.0,0.0,Santa Fe County,2,official_seed_report_only
35053,2023,NM,1.0,2014.0,0.0,0.0,1.0,1.0,24.0,381.0,84.0,4.0,31834039.0,35615726.0,0.0,1.0,Socorro County,2,official_seed_report_only
35055,2023,NM,1.0,2045.0,14.0,0.0,1.0,0.0,0.0,0.0,0.0,0.0,0.0,0.0,0.0,0.0,Taos County,1,official_seed_report_only
35061,2023,NM,1.0,3260.0,16.0,0.0,1.0,0.0,0.0,0.0,0.0,0.0,0.0,0.0,0.0,0.0,Valencia County,1,official_seed_report_only
32510,2023,NV,2.0,5084.0,0.0,0.0,2.0,2.0,204.0,10704.0,3369.0,2032.0,302585788.0,362066838.0,0.0,0.0,Carson City,2,official_seed_report_only
32001,2023,NV,0.0,0.0,0.0,0.0,0.0,1.0,25.0,1431.0,384.0,302.0,58837554.0,64992330.0,0.0,1.0,"Churchill County, Nevada",1,official_seed_report_only
32003,2023,NV,28.0,101342.0,529.0,3.0,27.0,19.0,2832.0,125917.0,23919.0,10248.0,2081912349.0,2564981280.0,6.0,1.0,Clark County,2,official_seed_report_only
32005,2023,NV,0.0,0.0,0.0,0.0,0.0,1.0,23.0,1039.0,509.0,68.0,83465668.0,96457338.0,0.0,1.0,"Douglas County, Nevada",1,official_seed_report_only
32007,2023,NV,1.0,4472.0,0.0,0.0,1.0,0.0,0.0,0.0,0.0,0.0,0.0,0.0,0.0,0.0,Elko County,1,official_seed_report_only
32023,2023,NV,0.0,0.0,0.0,0.0,0.0,1.0,25.0,1238.0,284.0,155.0,32185611.0,41159534.0,0.0,1.0,"Nye County, Nevada",1,official_seed_report_only
32031,2023,NV,9.0,39670.0,3.0,1.0,9.0,6.0,1369.0,59348.0,13511.0,5741.0,1549694575.0,1768862070.0,1.0,0.0,Washoe County,2,official_seed_report_only
36001,2023,NY,15.0,53330.0,214.0,1.0,15.0,1.0,719.0,36272.0,6843.0,1299.0,1066544134.0,1243744388.0,1.0,0.0,Albany County,2,official_seed_report_only
36003,2023,NY,3.0,6859.0,0.0,0.0,3.0,1.0,20.0,1.0,0.0,0.0,11563284.0,8109838.0,0.0,1.0,Allegany County,2,official_seed_report_only
36005,2023,NY,13.0,75144.0,280.0,1.0,13.0,5.0,2426.0,112010.0,14195.0,11171.0,4472944297.0,5114548501.0,3.0,0.0,Bronx County,2,official_seed_report_only
36007,2023,NY,3.0,27001.0,0.0,0.0,3.0,1.0,329.0,13322.0,3259.0,351.0,685735295.0,789737307.0,1.0,0.0,Broome County,2,official_seed_report_only
36009,2023,NY,2.0,3041.0,0.0,0.0,2.0,1.0,202.0,5297.0,1390.0,65.0,179934128.0,174137004.0,1.0,0.0,Cattaraugus County,2,official_seed_report_only
36011,2023,NY,3.0,5815.0,38.0,0.0,3.0,1.0,85.0,3722.0,1302.0,68.0,142740974.0,141092496.0,0.0,0.0,Cayuga County,2,official_seed_report_only
36013,2023,NY,4.0,8815.0,0.0,0.0,4.0,3.0,322.0,5576.0,1442.0,196.0,197979651.0,195501569.0,0.0,0.0,Chautauqua County,2,official_seed_report_only
36015,2023,NY,3.0,969.0,2.0,0.0,3.0,1.0,191.0,7297.0,1624.0,290.0,289674334.0,306715088.0,1.0,0.0,Chemung County,2,official_seed_report_only
36017,2023,NY,1.0,13.0,0.0,0.0,1.0,1.0,58.0,1056.0,302.0,32.0,70712102.0,89999249.0,0.0,0.0,Chenango County,2,official_seed_report_only
36019,2023,NY,4.0,6504.0,0.0,0.0,4.0,1.0,286.0,7602.0,2668.0,185.0,407308275.0,394376525.0,1.0,0.0,Clinton County,2,official_seed_report_only
36021,2023,NY,1.0,1948.0,0.0,0.0,1.0,1.0,192.0,3196.0,1098.0,56.0,140407663.0,129707715.0,0.0,0.0,Columbia County,2,official_seed_report_only
36023,2023,NY,1.0,7633.0,0.0,0.0,1.0,0.0,0.0,0.0,0.0,0.0,0.0,0.0,0.0,0.0,Cortland County,1,official_seed_report_only
36025,2023,NY,1.0,2786.0,0.0,0.0,1.0,3.0,56.0,416.0,176.0,8.0,69363178.0,70567681.0,0.0,3.0,Delaware County,2,official_seed_report_only
36027,2023,NY,6.0,26450.0,228.0,0.0,6.0,2.0,424.0,23434.0,8414.0,871.0,802987872.0,933864974.0,2.0,0.0,Dutchess County,2,official_seed_report_only
36029,2023,NY,20.0,89060.0,141.0,1.0,18.0,7.0,2323.0,102651.0,14124.0,2443.0,3084734148.0,3231594463.0,4.0,0.0,Erie County,2,official_seed_report_only
36031,2023,NY,1.0,1954.0,0.0,0.0,1.0,1.0,25.0,652.0,236.0,2.0,55636275.0,59272550.0,0.0,1.0,Essex County,2,official_seed_report_only
36033,2023,NY,1.0,1218.0,16.0,0.0,1.0,2.0,119.0,2584.0,945.0,49.0,211580927.0,212050411.0,0.0,0.0,Franklin County,2,official_seed_report_only
36035,2023,NY,0.0,0.0,0.0,0.0,0.0,1.0,57.0,2080.0,501.0,53.0,111822549.0,106188351.0,0.0,0.0,"Fulton County, New York",1,official_seed_report_only
36037,2023,NY,2.0,5531.0,0.0,0.0,2.0,1.0,126.0,4542.0,890.0,77.0,116092585.0,140163753.0,1.0,0.0,Genesee County,2,official_seed_report_only
36043,2023,NY,2.0,2820.0,0.0,0.0,2.0,1.0,25.0,671.0,282.0,9.0,43230715.0,46988011.0,0.0,1.0,Herkimer County,2,official_seed_report_only
36045,2023,NY,2.0,3327.0,18.0,0.0,2.0,3.0,215.0,8584.0,1672.0,282.0,347339402.0,420020069.0,1.0,2.0,Jefferson County,2,official_seed_report_only
36047,2023,NY,51.0,91320.0,3399.0,1.0,49.0,6.0,1969.0,83991.0,15399.0,6237.0,3446444602.0,3344405186.0,6.0,0.0,Kings County,2,official_seed_report_only
36049,2023,NY,0.0,0.0,0.0,0.0,0.0,1.0,25.0,750.0,397.0,4.0,75478847.0,84095884.0,0.0,1.0,"Lewis County, New York",1,official_seed_report_only
36051,2023,NY,2.0,4656.0,0.0,0.0,2.0,0.0,0.0,0.0,0.0,0.0,0.0,0.0,0.0,0.0,Livingston County,1,official_seed_report_only
36053,2023,NY,3.0,5205.0,0.0,0.0,2.0,2.0,126.0,2967.0,821.0,103.0,165961159.0,192391095.0,0.0,1.0,Madison County,2,official_seed_report_only
36055,2023,NY,18.0,71847.0,246.0,1.0,18.0,3.0,753.0,41595.0,6005.0,1177.0,1764457477.0,1799585174.0,3.0,0.0,Monroe County,2,official_seed_report_only
36057,2023,NY,1.0,2058.0,0.0,0.0,1.0,0.0,0.0,0.0,0.0,0.0,0.0,0.0,0.0,0.0,Montgomery County,1,official_seed_report_only
36059,2023,NY,21.0,81323.0,301.0,2.0,21.0,8.0,2342.0,126509.0,43605.0,5737.0,4587828859.0,5265308399.0,7.0,0.0,Nassau County,2,official_seed_report_only
36061,2023,NY,76.0,333567.0,1810.0,6.0,75.0,10.0,6273.0,311588.0,65585.0,13114.0,20155348444.0,24995478193.0,8.0,0.0,New York County,2,official_seed_report_only
36063,2023,NY,3.0,9252.0,0.0,0.0,3.0,3.0,417.0,7333.0,1076.0,1140.0,231265797.0,198103623.0,1.0,0.0,Niagara County,2,official_seed_report_only
36065,2023,NY,6.0,18716.0,12.0,0.0,6.0,3.0,602.0,20865.0,5618.0,635.0,641036846.0,691734384.0,2.0,0.0,Oneida County,2,official_seed_report_only
36067,2023,NY,11.0,57169.0,32.0,1.0,10.0,2.0,1147.0,43652.0,9060.0,1246.0,2095657532.0,2138769937.0,2.0,0.0,Onondaga County,2,official_seed_report_only
36069,2023,NY,4.0,10022.0,0.0,0.0,4.0,3.0,307.0,9525.0,2092.0,150.0,413694826.0,427738597.0,0.0,0.0,Ontario County,2,official_seed_report_only
36071,2023,NY,8.0,16266.0,0.0,0.0,8.0,4.0,644.0,31906.0,10430.0,843.0,982867620.0,985105131.0,2.0,0.0,Orange County,2,official_seed_report_only
36073,2023,NY,0.0,0.0,0.0,0.0,0.0,1.0,25.0,205.0,42.0,6.0,32029211.0,28736663.0,0.0,1.0,"Orleans County, New York",1,official_seed_report_only
36075,2023,NY,2.0,7990.0,0.0,0.0,2.0,1.0,132.0,3035.0,762.0,61.0,109433725.0,144085310.0,0.0,0.0,Oswego County,2,official_seed_report_only
36077,2023,NY,3.0,7091.0,2.0,0.0,3.0,2.0,213.0,8850.0,3232.0,134.0,586842251.0,695899927.0,1.0,0.0,Otsego County,2,official_seed_report_only
36079,2023,NY,0.0,0.0,0.0,0.0,0.0,1.0,88.0,2510.0,1277.0,100.0,129952274.0,103971804.0,1.0,0.0,"Putnam County, New York",1,official_seed_report_only
36081,2023,NY,31.0,94330.0,1759.0,0.0,30.0,5.0,2297.0,134889.0,22518.0,9394.0,4654930969.0,5423613447.0,5.0,0.0,Queens County,2,official_seed_report_only
36083,2023,NY,4.0,23930.0,0.0,0.0,4.0,0.0,0.0,0.0,0.0,0.0,0.0,0.0,0.0,0.0,Rensselaer County,1,official_seed_report_only
36085,2023,NY,6.0,16125.0,0.0,0.0,6.0,2.0,753.0,43946.0,10117.0,2312.0,1610548948.0,1708663576.0,2.0,0.0,Richmond County,2,official_seed_report_only
36087,2023,NY,18.0,16179.0,0.0,0.0,18.0,2.0,523.0,24308.0,7452.0,1151.0,716316301.0,703598609.0,0.0,0.0,Rockland County,2,official_seed_report_only
36091,2023,NY,2.0,18297.0,2313.0,0.0,2.0,2.0,259.0,11955.0,2435.0,1290.0,416077850.0,469090667.0,1.0,0.0,Saratoga County,2,official_seed_report_only
36093,2023,NY,5.0,7411.0,0.0,0.0,5.0,1.0,270.0,11359.0,2295.0,334.0,388066669.0,401432172.0,1.0,0.0,Schenectady County,2,official_seed_report_only
36095,2023,NY,1.0,2881.0,9.0,0.0,1.0,1.0,25.0,424.0,198.0,7.0,35418897.0,40243046.0,0.0,1.0,Schoharie County,2,official_seed_report_only
36097,2023,NY,0.0,0.0,0.0,0.0,0.0,1.0,25.0,285.0,121.0,2.0,47386980.0,0.0,0.0,1.0,"Schuyler County, New York",1,official_seed_report_only
36099,2023,NY,1.0,608.0,0.0,0.0,1.0,0.0,0.0,0.0,0.0,0.0,0.0,0.0,0.0,0.0,Seneca County,1,official_seed_report_only
36089,2023,NY,4.0,13256.0,0.0,0.0,4.0,5.0,202.0,7384.0,2141.0,199.0,387516430.0,455188914.0,0.0,2.0,St. Lawrence County,2,official_seed_report_only
36101,2023,NY,1.0,4505.0,5.0,0.0,1.0,1.0,15.0,216.0,51.0,3.0,28987826.0,21361710.0,0.0,0.0,Steuben County,2,official_seed_report_only
36103,2023,NY,13.0,79705.0,78.0,1.0,13.0,10.0,2837.0,146389.0,49910.0,4893.0,4695312697.0,5596075506.0,7.0,0.0,Suffolk County,2,official_seed_report_only
36105,2023,NY,2.0,2298.0,0.0,0.0,2.0,2.0,91.0,2850.0,940.0,82.0,93104670.0,87394900.0,1.0,1.0,Sullivan County,2,official_seed_report_only
36109,2023,NY,3.0,39743.0,117.0,1.0,3.0,1.0,89.0,5294.0,1420.0,146.0,271558463.0,303402454.0,1.0,0.0,Tompkins County,2,official_seed_report_only
36111,2023,NY,3.0,11629.0,0.0,0.0,3.0,2.0,136.0,6073.0,2405.0,191.0,199197817.0,168834799.0,1.0,1.0,Ulster County,2,official_seed_report_only
36113,2023,NY,3.0,4591.0,0.0,0.0,3.0,1.0,391.0,10963.0,2565.0,247.0,371844083.0,363748525.0,0.0,0.0,Warren County,2,official_seed_report_only
36115,2023,NY,1.0,42.0,0.0,0.0,1.0,0.0,0.0,0.0,0.0,0.0,0.0,0.0,0.0,0.0,Washington County,1,official_seed_report_only
36117,2023,NY,1.0,83.0,0.0,0.0,1.0,1.0,101.0,4581.0,898.0,156.0,107297743.0,105227305.0,1.0,0.0,Wayne County,2,official_seed_report_only
36119,2023,NY,20.0,42721.0,7.0,1.0,20.0,12.0,2359.0,103794.0,26813.0,6819.0,4360366526.0,4750765261.0,8.0,0.0,Westchester County,2,official_seed_report_only
36121,2023,NY,0.0,0.0,0.0,0.0,0.0,1.0,47.0,1244.0,272.0,15.0,70537578.0,67518116.0,0.0,0.0,"Wyoming County, New York",1,official_seed_report_only
36123,2023,NY,1.0,1429.0,0.0,0.0,1.0,1.0,25.0,277.0,95.0,1.0,42914129.0,41724999.0,0.0,1.0,Yates County,2,official_seed_report_only
39001,2023,OH,0.0,0.0,0.0,0.0,0.0,1.0,25.0,493.0,229.0,20.0,34755153.0,36600457.0,0.0,1.0,"Adams County, Ohio",1,official_seed_report_only
39003,2023,OH,6.0,10789.0,33.0,0.0,6.0,4.0,476.0,22616.0,6601.0,429.0,680758225.0,872295459.0,1.0,1.0,Allen County,2,official_seed_report_only
39005,2023,OH,2.0,5333.0,0.0,0.0,2.0,1.0,38.0,1972.0,672.0,37.0,82270898.0,86347459.0,0.0,0.0,Ashland County,2,official_seed_report_only
39007,2023,OH,2.0,3025.0,0.0,0.0,2.0,5.0,291.0,8871.0,2616.0,155.0,229021041.0,270608182.0,1.0,2.0,Ashtabula County,2,official_seed_report_only
39009,2023,OH,3.0,30382.0,4.0,1.0,3.0,0.0,0.0,0.0,0.0,0.0,0.0,0.0,0.0,0.0,Athens County,1,official_seed_report_only
39011,2023,OH,0.0,0.0,0.0,0.0,0.0,1.0,33.0,1333.0,465.0,25.0,69365721.0,97687581.0,0.0,0.0,"Auglaize County, Ohio",1,official_seed_report_only
39013,2023,OH,3.0,3124.0,0.0,0.0,3.0,2.0,53.0,1894.0,503.0,66.0,56278300.0,59428478.0,0.0,1.0,Belmont County,2,official_seed_report_only
39015,2023,OH,1.0,0.0,0.0,0.0,1.0,1.0,126.0,4819.0,150.0,27.0,27260135.0,22096678.0,0.0,0.0,Brown County,2,official_seed_report_only
39017,2023,OH,7.0,26379.0,0.0,0.0,7.0,4.0,414.0,20150.0,4185.0,672.0,430609412.0,470853284.0,0.0,0.0,Butler County,2,official_seed_report_only
39021,2023,OH,0.0,0.0,0.0,0.0,0.0,1.0,25.0,718.0,151.0,3.0,23998782.0,28080978.0,0.0,1.0,"Champaign County, Ohio",1,official_seed_report_only
39023,2023,OH,2.0,8169.0,81.0,0.0,2.0,2.0,234.0,12903.0,2289.0,403.0,326580382.0,370040384.0,0.0,0.0,Clark County,2,official_seed_report_only
39025,2023,OH,2.0,13693.0,0.0,0.0,2.0,1.0,147.0,7652.0,1358.0,252.0,136193802.0,152709630.0,0.0,0.0,Clermont County,2,official_seed_report_only
39027,2023,OH,1.0,1128.0,0.0,0.0,1.0,1.0,75.0,2254.0,400.0,686.0,73912091.0,100048076.0,0.0,0.0,Clinton County,2,official_seed_report_only
39029,2023,OH,6.0,4735.0,0.0,0.0,6.0,1.0,116.0,3816.0,831.0,93.0,54557816.0,77943926.0,1.0,0.0,Columbiana County,2,official_seed_report_only
39031,2023,OH,0.0,0.0,0.0,0.0,0.0,1.0,56.0,1110.0,337.0,22.0,39056586.0,42261388.0,0.0,0.0,"Coshocton County, Ohio",1,official_seed_report_only
39035,2023,OH,26.0,73272.0,310.0,1.0,25.0,20.0,5139.0,233846.0,47441.0,5586.0,11147628649.0,16552385424.0,13.0,0.0,Cuyahoga County,2,official_seed_report_only
39037,2023,OH,0.0,0.0,0.0,0.0,0.0,1.0,43.0,1101.0,404.0,18.0,68973595.0,60747314.0,0.0,0.0,"Darke County, Ohio",1,official_seed_report_only
39039,2023,OH,1.0,592.0,0.0,0.0,1.0,3.0,73.0,2119.0,802.0,39.0,138884868.0,160838982.0,0.0,2.0,Defiance County,2,official_seed_report_only
39041,2023,OH,2.0,1672.0,25.0,0.0,2.0,0.0,0.0,0.0,0.0,0.0,0.0,0.0,0.0,0.0,Delaware County,1,official_seed_report_only
39043,2023,OH,5.0,3134.0,0.0,0.0,5.0,1.0,149.0,8255.0,2238.0,183.0,217904089.0,244998572.0,1.0,0.0,Erie County,2,official_seed_report_only
39045,2023,OH,1.0,3670.0,0.0,0.0,1.0,1.0,185.0,8727.0,2095.0,147.0,283601120.0,315876820.0,1.0,0.0,Fairfield County,2,official_seed_report_only
39047,2023,OH,0.0,0.0,0.0,0.0,0.0,1.0,25.0,557.0,223.0,7.0,51071860.0,56561031.0,0.0,1.0,"Fayette County, Ohio",1,official_seed_report_only
39049,2023,OH,30.0,142007.0,912.0,1.0,28.0,7.0,1145.0,31729.0,1074.0,1223.0,1774107624.0,2426817520.0,1.0,0.0,Franklin County,2,official_seed_report_only
39051,2023,OH,0.0,0.0,0.0,0.0,0.0,1.0,25.0,1182.0,397.0,18.0,76019117.0,114283157.0,0.0,1.0,"Fulton County, Ohio",1,official_seed_report_only
39053,2023,OH,2.0,2563.0,7.0,0.0,2.0,0.0,0.0,0.0,0.0,0.0,0.0,0.0,0.0,0.0,Gallia County,1,official_seed_report_only
39055,2023,OH,2.0,3559.0,0.0,0.0,2.0,1.0,111.0,6592.0,1655.0,114.0,166674131.0,210961426.0,1.0,0.0,Geauga County,2,official_seed_report_only
39057,2023,OH,10.0,26470.0,137.0,1.0,10.0,2.0,181.0,10211.0,2478.0,285.0,254913636.0,316764601.0,1.0,0.0,Greene County,2,official_seed_report_only
39059,2023,OH,0.0,0.0,0.0,0.0,0.0,1.0,86.0,2768.0,653.0,59.0,75159410.0,92574371.0,0.0,0.0,"Guernsey County, Ohio",1,official_seed_report_only
39061,2023,OH,23.0,88556.0,33.0,1.0,22.0,7.0,868.0,44172.0,9089.0,960.0,868962481.0,956947083.0,2.0,0.0,Hamilton County,2,official_seed_report_only
39063,2023,OH,2.0,6054.0,0.0,0.0,2.0,2.0,171.0,8109.0,2205.0,46.0,291376453.0,389439924.0,0.0,1.0,Hancock County,2,official_seed_report_only
39065,2023,OH,1.0,3062.0,0.0,0.0,1.0,0.0,0.0,0.0,0.0,0.0,0.0,0.0,0.0,0.0,Hardin County,1,official_seed_report_only
39067,2023,OH,0.0,0.0,0.0,0.0,0.0,1.0,25.0,199.0,85.0,26.0,13482632.0,15141655.0,0.0,1.0,"Harrison County, Ohio",1,official_seed_report_only
39069,2023,OH,2.0,6788.0,0.0,0.0,2.0,1.0,25.0,402.0,182.0,10.0,27940735.0,34297610.0,0.0,1.0,Henry County,2,official_seed_report_only
39071,2023,OH,1.0,2724.0,0.0,0.0,1.0,2.0,50.0,951.0,332.0,10.0,69275260.0,88308014.0,0.0,2.0,Highland County,2,official_seed_report_only
39073,2023,OH,0.0,0.0,0.0,0.0,0.0,1.0,25.0,488.0,174.0,10.0,39433114.0,43476182.0,0.0,1.0,"Hocking County, Ohio",1,official_seed_report_only
39075,2023,OH,0.0,0.0,0.0,0.0,0.0,1.0,41.0,1437.0,258.0,12.0,33030193.0,40469851.0,0.0,0.0,"Holmes County, Ohio",1,official_seed_report_only
39077,2023,OH,1.0,318.0,0.0,0.0,1.0,2.0,98.0,3483.0,1121.0,54.0,162558871.0,183828622.0,0.0,1.0,Huron County,2,official_seed_report_only
39081,2023,OH,3.0,41003.0,32.0,0.0,3.0,0.0,0.0,0.0,0.0,0.0,0.0,0.0,0.0,0.0,Jefferson County,1,official_seed_report_only
39083,2023,OH,3.0,5498.0,0.0,0.0,3.0,1.0,64.0,3211.0,903.0,75.0,168913062.0,212019640.0,0.0,0.0,Knox County,2,official_seed_report_only
39085,2023,OH,6.0,8785.0,8.0,0.0,6.0,2.0,416.0,15440.0,3154.0,191.0,414494217.0,342130622.0,0.0,0.0,Lake County,2,official_seed_report_only
39087,2023,OH,4.0,3899.0,1.0,0.0,4.0,0.0,0.0,0.0,0.0,0.0,0.0,0.0,0.0,0.0,Lawrence County,1,official_seed_report_only
39089,2023,OH,5.0,9708.0,55.0,0.0,5.0,1.0,219.0,8003.0,1817.0,294.0,252017815.0,323668033.0,0.0,0.0,Licking County,2,official_seed_report_only
39091,2023,OH,0.0,0.0,0.0,0.0,0.0,1.0,39.0,1111.0,364.0,20.0,82914214.0,122188804.0,0.0,0.0,"Logan County, Ohio",1,official_seed_report_only
39093,2023,OH,6.0,17009.0,35.0,0.0,6.0,5.0,442.0,16698.0,4057.0,396.0,444861988.0,481799873.0,0.0,1.0,Lorain County,2,official_seed_report_only
39095,2023,OH,13.0,25268.0,77.0,1.0,13.0,8.0,1596.0,75065.0,15672.0,1670.0,2185621357.0,2673418010.0,4.0,0.0,Lucas County,2,official_seed_report_only
39097,2023,OH,1.0,110.0,0.0,0.0,1.0,1.0,45.0,926.0,207.0,20.0,46028762.0,60259778.0,0.0,0.0,Madison County,2,official_seed_report_only
39099,2023,OH,4.0,13252.0,18.0,0.0,4.0,5.0,667.0,36579.0,7148.0,959.0,729547651.0,976141218.0,2.0,0.0,Mahoning County,2,official_seed_report_only
39101,2023,OH,3.0,4985.0,28.0,0.0,3.0,0.0,0.0,0.0,0.0,0.0,0.0,0.0,0.0,0.0,Marion County,1,official_seed_report_only
39103,2023,OH,3.0,400.0,0.0,0.0,3.0,2.0,168.0,7823.0,2200.0,66.0,169170457.0,222060419.0,0.0,1.0,Medina County,2,official_seed_report_only
39107,2023,OH,1.0,1629.0,0.0,0.0,1.0,0.0,0.0,0.0,0.0,0.0,0.0,0.0,0.0,0.0,Mercer County,1,official_seed_report_only
39109,2023,OH,3.0,6369.0,0.0,0.0,3.0,2.0,167.0,7784.0,2126.0,111.0,192627133.0,230513275.0,0.0,0.0,Miami County,2,official_seed_report_only
39113,2023,OH,16.0,52303.0,108.0,0.0,16.0,8.0,1924.0,93950.0,18281.0,2503.0,2465578402.0,3217288932.0,4.0,0.0,Montgomery County,2,official_seed_report_only
39117,2023,OH,0.0,0.0,0.0,0.0,0.0,1.0,23.0,172.0,67.0,1.0,22922390.0,25127818.0,0.0,1.0,"Morrow County, Ohio",1,official_seed_report_only
39119,2023,OH,4.0,8868.0,33.0,0.0,4.0,1.0,277.0,13826.0,3536.0,253.0,494438695.0,564870224.0,0.0,0.0,Muskingum County,2,official_seed_report_only
39123,2023,OH,0.0,0.0,0.0,0.0,0.0,1.0,25.0,484.0,204.0,8.0,47727291.0,57770024.0,0.0,1.0,"Ottawa County, Ohio",1,official_seed_report_only
39125,2023,OH,0.0,0.0,0.0,0.0,0.0,1.0,25.0,233.0,109.0,17.0,23371849.0,29440265.0,0.0,1.0,"Paulding County, Ohio",1,official_seed_report_only
39129,2023,OH,1.0,1893.0,0.0,0.0,1.0,0.0,0.0,0.0,0.0,0.0,0.0,0.0,0.0,0.0,Pickaway County,1,official_seed_report_only
39131,2023,OH,1.0,73.0,0.0,0.0,1.0,1.0,25.0,268.0,108.0,9.0,26421306.0,31549637.0,0.0,1.0,Pike County,2,official_seed_report_only
39133,2023,OH,4.0,31938.0,11.0,1.0,4.0,1.0,99.0,5120.0,1213.0,117.0,145303043.0,155806999.0,1.0,0.0,Portage County,2,official_seed_report_only
39139,2023,OH,6.0,4490.0,28.0,0.0,6.0,0.0,0.0,0.0,0.0,0.0,0.0,0.0,0.0,0.0,Richland County,1,official_seed_report_only
39141,2023,OH,3.0,3707.0,0.0,0.0,3.0,1.0,223.0,9884.0,2419.0,222.0,413026497.0,490109441.0,1.0,0.0,Ross County,2,official_seed_report_only
39143,2023,OH,2.0,2798.0,1.0,0.0,2.0,2.0,81.0,2519.0,835.0,56.0,114018683.0,141396008.0,0.0,0.0,Sandusky County,2,official_seed_report_only
39145,2023,OH,3.0,4076.0,6.0,0.0,3.0,1.0,10.0,114.0,16.0,0.0,22112708.0,33766670.0,0.0,0.0,Scioto County,2,official_seed_report_only
39147,2023,OH,3.0,5750.0,0.0,0.0,3.0,1.0,35.0,2822.0,844.0,37.0,75526667.0,103717280.0,0.0,0.0,Seneca County,2,official_seed_report_only
39149,2023,OH,0.0,0.0,0.0,0.0,0.0,1.0,44.0,2409.0,463.0,28.0,84095306.0,89737069.0,0.0,0.0,"Shelby County, Ohio",1,official_seed_report_only
39151,2023,OH,10.0,26492.0,6.0,0.0,10.0,4.0,732.0,36936.0,6309.0,967.0,1014948976.0,1110724072.0,3.0,0.0,Stark County,2,official_seed_report_only
39153,2023,OH,6.0,17263.0,0.0,0.0,6.0,7.0,1595.0,75614.0,10667.0,1845.0,2805059215.0,3411597933.0,4.0,0.0,Summit County,2,official_seed_report_only
39155,2023,OH,6.0,4024.0,5.0,0.0,6.0,4.0,475.0,18922.0,3607.0,260.0,311143563.0,376910007.0,2.0,0.0,Trumbull County,2,official_seed_report_only
39157,2023,OH,2.0,2966.0,0.0,0.0,2.0,1.0,77.0,3942.0,960.0,19.0,114366824.0,111887285.0,0.0,0.0,Tuscarawas County,2,official_seed_report_only
39159,2023,OH,0.0,0.0,0.0,0.0,0.0,1.0,51.0,2719.0,664.0,55.0,133694850.0,172569468.0,0.0,0.0,"Union County, Ohio",1,official_seed_report_only
39161,2023,OH,1.0,221.0,0.0,0.0,1.0,2.0,118.0,1540.0,834.0,11.0,67808401.0,66076187.0,0.0,0.0,Van Wert County,2,official_seed_report_only
39165,2023,OH,2.0,371.0,0.0,0.0,2.0,1.0,244.0,9527.0,2126.0,183.0,224944426.0,246101968.0,0.0,0.0,Warren County,2,official_seed_report_only
39167,2023,OH,3.0,4205.0,5.0,0.0,3.0,2.0,213.0,10872.0,3688.0,304.0,505404233.0,571050686.0,1.0,1.0,Washington County,2,official_seed_report_only
39169,2023,OH,4.0,4265.0,28.0,0.0,4.0,2.0,137.0,6655.0,1233.0,93.0,195311914.0,234080240.0,0.0,1.0,Wayne County,2,official_seed_report_only
39171,2023,OH,0.0,0.0,0.0,0.0,0.0,2.0,100.0,1444.0,451.0,26.0,93575479.0,116304956.0,0.0,1.0,"Williams County, Ohio",1,official_seed_report_only
39173,2023,OH,5.0,31694.0,5.0,0.0,5.0,0.0,0.0,0.0,0.0,0.0,0.0,0.0,0.0,0.0,Wood County,1,official_seed_report_only
39175,2023,OH,0.0,0.0,0.0,0.0,0.0,1.0,24.0,689.0,264.0,29.0,57568817.0,77275779.0,0.0,1.0,"Wyandot County, Ohio",1,official_seed_report_only
40005,2023,OK,0.0,0.0,0.0,0.0,0.0,1.0,25.0,244.0,203.0,23.0,12398019.0,11361499.0,0.0,1.0,"Atoka County, Oklahoma",1,official_seed_report_only
40013,2023,OK,3.0,7248.0,0.0,0.0,3.0,1.0,105.0,5872.0,1963.0,1800.0,74641642.0,109027412.0,1.0,0.0,Bryan County,2,official_seed_report_only
40015,2023,OK,1.0,395.0,2.0,0.0,1.0,1.0,25.0,146.0,66.0,34.0,58283806.0,50123557.0,0.0,1.0,Caddo County,2,official_seed_report_only
40017,2023,OK,3.0,4089.0,0.0,0.0,3.0,0.0,0.0,0.0,0.0,0.0,0.0,0.0,0.0,0.0,Canadian County,1,official_seed_report_only
40019,2023,OK,1.0,576.0,0.0,0.0,1.0,0.0,0.0,0.0,0.0,0.0,0.0,0.0,0.0,0.0,Carter County,1,official_seed_report_only
40021,2023,OK,1.0,8097.0,0.0,0.0,1.0,1.0,52.0,2218.0,672.0,865.0,155920476.0,0.0,0.0,0.0,Cherokee County,2,official_seed_report_only
40025,2023,OK,0.0,0.0,0.0,0.0,0.0,1.0,25.0,146.0,48.0,4.0,4673053.0,3440627.0,0.0,1.0,"Cimarron County, Oklahoma",1,official_seed_report_only
40027,2023,OK,5.0,36496.0,9.0,0.0,4.0,0.0,0.0,0.0,0.0,0.0,0.0,0.0,0.0,0.0,Cleveland County,1,official_seed_report_only
40031,2023,OK,3.0,4701.0,0.0,0.0,3.0,2.0,164.0,2667.0,722.0,707.0,121926809.0,69802166.0,0.0,0.0,Comanche County,2,official_seed_report_only
40037,2023,OK,1.0,1580.0,1.0,0.0,1.0,1.0,15.0,169.0,60.0,36.0,11463079.0,11086747.0,0.0,1.0,Creek County,2,official_seed_report_only
40039,2023,OK,1.0,5825.0,0.0,0.0,1.0,1.0,25.0,562.0,158.0,338.0,24195536.0,24807029.0,0.0,1.0,Custer County,2,official_seed_report_only
40045,2023,OK,0.0,0.0,0.0,0.0,0.0,1.0,25.0,116.0,78.0,1.0,13746036.0,12351456.0,0.0,1.0,"Ellis County, Oklahoma",1,official_seed_report_only
40047,2023,OK,2.0,758.0,0.0,0.0,2.0,1.0,142.0,3825.0,1155.0,1056.0,88998495.0,94757502.0,0.0,0.0,Garfield County,2,official_seed_report_only
40049,2023,OK,0.0,0.0,0.0,0.0,0.0,1.0,43.0,477.0,88.0,62.0,12122304.0,9497661.0,0.0,0.0,"Garvin County, Oklahoma",1,official_seed_report_only
40051,2023,OK,1.0,876.0,20.0,0.0,1.0,1.0,48.0,995.0,435.0,136.0,37100883.0,45396944.0,0.0,0.0,Grady County,2,official_seed_report_only
40055,2023,OK,0.0,0.0,0.0,0.0,0.0,1.0,18.0,183.0,120.0,25.0,17361613.0,15929460.0,0.0,1.0,"Greer County, Oklahoma",1,official_seed_report_only
40059,2023,OK,0.0,0.0,0.0,0.0,0.0,1.0,15.0,88.0,61.0,3.0,5379946.0,4211470.0,0.0,1.0,"Harper County, Oklahoma",1,official_seed_report_only
40061,2023,OK,0.0,0.0,0.0,0.0,0.0,1.0,25.0,50.0,34.0,0.0,15672563.0,15577983.0,0.0,1.0,"Haskell County, Oklahoma",1,official_seed_report_only
40063,2023,OK,1.0,234.0,0.0,0.0,1.0,0.0,0.0,0.0,0.0,0.0,0.0,0.0,0.0,0.0,Hughes County,1,official_seed_report_only
40065,2023,OK,2.0,2030.0,0.0,0.0,2.0,0.0,0.0,0.0,0.0,0.0,0.0,0.0,0.0,0.0,Jackson County,1,official_seed_report_only
40069,2023,OK,1.0,2867.0,0.0,0.0,1.0,0.0,0.0,0.0,0.0,0.0,0.0,0.0,0.0,0.0,Johnston County,1,official_seed_report_only
40071,2023,OK,3.0,5370.0,3.0,0.0,3.0,3.0,81.0,894.0,315.0,208.0,31198930.0,32752083.0,0.0,0.0,Kay County,2,official_seed_report_only
40073,2023,OK,1.0,177.0,0.0,0.0,1.0,0.0,0.0,0.0,0.0,0.0,0.0,0.0,0.0,0.0,Kingfisher County,1,official_seed_report_only
40077,2023,OK,1.0,1542.0,0.0,0.0,1.0,0.0,0.0,0.0,0.0,0.0,0.0,0.0,0.0,0.0,Latimer County,1,official_seed_report_only
40079,2023,OK,1.0,2242.0,0.0,0.0,1.0,1.0,43.0,1086.0,160.0,468.0,123501182.0,0.0,0.0,0.0,Le Flore County,2,official_seed_report_only
40081,2023,OK,0.0,0.0,0.0,0.0,0.0,1.0,25.0,35.0,21.0,1.0,53184504.0,42355967.0,0.0,1.0,"Lincoln County, Oklahoma",1,official_seed_report_only
40083,2023,OK,1.0,2102.0,0.0,0.0,1.0,0.0,0.0,0.0,0.0,0.0,0.0,0.0,0.0,0.0,Logan County,1,official_seed_report_only
40097,2023,OK,1.0,1674.0,1.0,0.0,1.0,0.0,0.0,0.0,0.0,0.0,0.0,0.0,0.0,0.0,Mayes County,1,official_seed_report_only
40087,2023,OK,1.0,938.0,5.0,0.0,1.0,0.0,0.0,0.0,0.0,0.0,0.0,0.0,0.0,0.0,McClain County,1,official_seed_report_only
40099,2023,OK,0.0,0.0,0.0,0.0,0.0,1.0,25.0,347.0,242.0,26.0,21194049.0,21787814.0,0.0,1.0,"Murray County, Oklahoma",1,official_seed_report_only
40101,2023,OK,4.0,5478.0,0.0,0.0,4.0,0.0,0.0,0.0,0.0,0.0,0.0,0.0,0.0,0.0,Muskogee County,1,official_seed_report_only
40103,2023,OK,0.0,0.0,0.0,0.0,0.0,2.0,26.0,20.0,14.0,0.0,10308524.0,6208212.0,0.0,0.0,"Noble County, Oklahoma",1,official_seed_report_only
40107,2023,OK,0.0,0.0,0.0,0.0,0.0,1.0,25.0,227.0,95.0,62.0,69469331.0,15521165.0,0.0,1.0,"Okfuskee County, Oklahoma",1,official_seed_report_only
40109,2023,OK,18.0,65599.0,274.0,1.0,17.0,20.0,1392.0,55642.0,15687.0,12816.0,1765077327.0,2140435349.0,2.0,0.0,Oklahoma County,2,official_seed_report_only
40111,2023,OK,3.0,3706.0,0.0,0.0,3.0,3.0,81.0,1034.0,228.0,408.0,62985526.0,56711743.0,0.0,0.0,Okmulgee County,2,official_seed_report_only
40113,2023,OK,0.0,0.0,0.0,0.0,0.0,2.0,50.0,217.0,108.0,35.0,65872227.0,44093526.0,0.0,2.0,"Osage County, Oklahoma",1,official_seed_report_only
40115,2023,OK,1.0,2127.0,0.0,0.0,1.0,1.0,0.0,0.0,0.0,0.0,0.0,0.0,0.0,0.0,Ottawa County,2,official_seed_report_only
40117,2023,OK,0.0,0.0,0.0,0.0,0.0,1.0,14.0,39.0,27.0,1.0,22761626.0,20001777.0,0.0,1.0,"Pawnee County, Oklahoma",1,official_seed_report_only
40119,2023,OK,3.0,28853.0,0.0,1.0,3.0,2.0,76.0,4975.0,2036.0,789.0,197719293.0,292848015.0,1.0,0.0,Payne County,2,official_seed_report_only
40121,2023,OK,2.0,2603.0,0.0,0.0,2.0,0.0,0.0,0.0,0.0,0.0,0.0,0.0,0.0,0.0,Pittsburg County,1,official_seed_report_only
40123,2023,OK,2.0,4307.0,0.0,0.0,2.0,2.0,132.0,3159.0,857.0,940.0,211660587.0,26519112.0,0.0,0.0,Pontotoc County,2,official_seed_report_only
40125,2023,OK,4.0,2938.0,0.0,0.0,4.0,2.0,86.0,3962.0,1217.0,991.0,141761884.0,179166833.0,0.0,1.0,Pottawatomie County,2,official_seed_report_only
40131,2023,OK,1.0,3917.0,0.0,0.0,1.0,2.0,87.0,2861.0,574.0,1005.0,127905792.0,71397120.0,0.0,0.0,Rogers County,2,official_seed_report_only
40133,2023,OK,1.0,1955.0,0.0,0.0,1.0,0.0,0.0,0.0,0.0,0.0,0.0,0.0,0.0,0.0,Seminole County,1,official_seed_report_only
40137,2023,OK,1.0,516.0,0.0,0.0,1.0,0.0,0.0,0.0,0.0,0.0,0.0,0.0,0.0,0.0,Stephens County,1,official_seed_report_only
40139,2023,OK,1.0,1568.0,0.0,0.0,1.0,0.0,0.0,0.0,0.0,0.0,0.0,0.0,0.0,0.0,Texas County,1,official_seed_report_only
40143,2023,OK,17.0,41526.0,27.0,1.0,16.0,10.0,610.0,20861.0,5272.0,5828.0,541996656.0,804223049.0,0.0,0.0,Tulsa County,2,official_seed_report_only
40145,2023,OK,1.0,0.0,0.0,0.0,0.0,1.0,100.0,1995.0,248.0,1170.0,19542382.0,22661128.0,0.0,0.0,Wagoner County,2,official_seed_report_only
40147,2023,OK,1.0,1164.0,0.0,0.0,1.0,0.0,0.0,0.0,0.0,0.0,0.0,0.0,0.0,0.0,Washington County,1,official_seed_report_only
40149,2023,OK,1.0,534.0,0.0,0.0,1.0,0.0,0.0,0.0,0.0,0.0,0.0,0.0,0.0,0.0,Washita County,1,official_seed_report_only
40151,2023,OK,2.0,2443.0,0.0,0.0,2.0,0.0,0.0,0.0,0.0,0.0,0.0,0.0,0.0,0.0,Woods County,1,official_seed_report_only
40153,2023,OK,2.0,442.0,0.0,0.0,2.0,1.0,40.0,385.0,151.0,102.0,20021911.0,16272507.0,0.0,0.0,Woodward County,2,official_seed_report_only
41003,2023,OR,2.0,41268.0,270.0,1.0,2.0,1.0,169.0,8282.0,1980.0,137.0,384359900.0,499481739.0,1.0,0.0,Benton County,2,official_seed_report_only
41005,2023,OR,3.0,10856.0,249.0,0.0,3.0,3.0,450.0,26036.0,2072.0,700.0,813460015.0,332808128.0,2.0,0.0,Clackamas County,2,official_seed_report_only
41007,2023,OR,2.0,1815.0,121.0,0.0,2.0,2.0,50.0,2323.0,1082.0,46.0,215174100.0,274707790.0,0.0,2.0,Clatsop County,2,official_seed_report_only
41011,2023,OR,1.0,2080.0,32.0,0.0,1.0,0.0,0.0,0.0,0.0,0.0,0.0,0.0,0.0,0.0,Coos County,1,official_seed_report_only
41013,2023,OR,0.0,0.0,0.0,0.0,0.0,1.0,16.0,534.0,213.0,8.0,45363446.0,70852109.0,0.0,1.0,"Crook County, Oregon",1,official_seed_report_only
41017,2023,OR,5.0,8643.0,305.0,0.0,5.0,1.0,316.0,14460.0,5396.0,380.0,775885531.0,976732795.0,1.0,0.0,Deschutes County,2,official_seed_report_only
41019,2023,OR,2.0,3390.0,252.0,0.0,1.0,0.0,0.0,0.0,0.0,0.0,0.0,0.0,0.0,0.0,Douglas County,1,official_seed_report_only
41027,2023,OR,0.0,0.0,0.0,0.0,0.0,1.0,25.0,1801.0,450.0,73.0,89053075.0,130726709.0,1.0,1.0,"Hood River County, Oregon",1,official_seed_report_only
41029,2023,OR,4.0,10919.0,0.0,0.0,4.0,3.0,463.0,29041.0,5955.0,8232.0,1027561361.0,1096524040.0,0.0,0.0,Jackson County,2,official_seed_report_only
41031,2023,OR,0.0,0.0,0.0,0.0,0.0,1.0,24.0,616.0,122.0,92.0,38325401.0,61744608.0,0.0,1.0,"Jefferson County, Oregon",1,official_seed_report_only
41033,2023,OR,2.0,5927.0,0.0,0.0,2.0,1.0,126.0,8090.0,1532.0,3405.0,266047762.0,276433061.0,0.0,0.0,Josephine County,2,official_seed_report_only
41035,2023,OR,2.0,11355.0,75.0,0.0,2.0,1.0,90.0,5391.0,1550.0,1544.0,235004709.0,288377272.0,1.0,0.0,Klamath County,2,official_seed_report_only
41039,2023,OR,5.0,37629.0,616.0,0.0,5.0,2.0,149.0,7807.0,1353.0,291.0,241247268.0,286146385.0,0.0,0.0,Lane County,2,official_seed_report_only
41041,2023,OR,1.0,729.0,0.0,0.0,1.0,2.0,37.0,2024.0,755.0,307.0,184290981.0,233487693.0,0.0,2.0,Lincoln County,2,official_seed_report_only
41043,2023,OR,1.0,7881.0,358.0,0.0,1.0,2.0,92.0,3902.0,782.0,92.0,309028474.0,401415897.0,0.0,1.0,Linn County,2,official_seed_report_only
41045,2023,OR,1.0,2650.0,182.0,0.0,1.0,0.0,0.0,0.0,0.0,0.0,0.0,0.0,0.0,0.0,Malheur County,1,official_seed_report_only
41047,2023,OR,8.0,17006.0,400.0,0.0,8.0,1.0,40.0,1005.0,150.0,76.0,78203782.0,91059073.0,0.0,0.0,Marion County,2,official_seed_report_only
41051,2023,OR,23.0,93560.0,3002.0,1.0,23.0,5.0,1167.0,52426.0,9363.0,1382.0,2109157024.0,2467185259.0,2.0,0.0,Multnomah County,2,official_seed_report_only
41053,2023,OR,1.0,6547.0,159.0,0.0,1.0,0.0,0.0,0.0,0.0,0.0,0.0,0.0,0.0,0.0,Polk County,1,official_seed_report_only
41057,2023,OR,1.0,889.0,29.0,0.0,1.0,1.0,25.0,925.0,301.0,20.0,104353165.0,111673939.0,0.0,1.0,Tillamook County,2,official_seed_report_only
41059,2023,OR,1.0,2859.0,78.0,0.0,1.0,0.0,0.0,0.0,0.0,0.0,0.0,0.0,0.0,0.0,Umatilla County,1,official_seed_report_only
41061,2023,OR,1.0,4626.0,0.0,0.0,1.0,0.0,0.0,0.0,0.0,0.0,0.0,0.0,0.0,0.0,Union County,1,official_seed_report_only
41065,2023,OR,1.0,1461.0,169.0,0.0,1.0,1.0,49.0,1693.0,520.0,287.0,110356525.0,107993598.0,0.0,0.0,Wasco County,2,official_seed_report_only
41067,2023,OR,5.0,4249.0,13.0,0.0,4.0,1.0,122.0,7606.0,332.0,260.0,230161336.0,0.0,1.0,0.0,Washington County,2,official_seed_report_only
41071,2023,OR,2.0,6921.0,241.0,0.0,2.0,2.0,90.0,5660.0,1325.0,73.0,191793563.0,279486156.0,0.0,0.0,Yamhill County,2,official_seed_report_only
42001,2023,PA,2.0,3454.0,0.0,0.0,2.0,0.0,0.0,0.0,0.0,0.0,0.0,0.0,0.0,0.0,Adams County,1,official_seed_report_only
42003,2023,PA,35.0,105927.0,79.0,1.0,35.0,1.0,49.0,174.0,16.0,107.0,5355615.0,4794364.0,0.0,0.0,Allegheny County,2,official_seed_report_only
42005,2023,PA,2.0,185.0,0.0,0.0,2.0,0.0,0.0,0.0,0.0,0.0,0.0,0.0,0.0,0.0,Armstrong County,1,official_seed_report_only
42007,2023,PA,5.0,4531.0,62.0,0.0,5.0,0.0,0.0,0.0,0.0,0.0,0.0,0.0,0.0,0.0,Beaver County,1,official_seed_report_only
42011,2023,PA,11.0,23276.0,14.0,0.0,11.0,2.0,101.0,2313.0,342.0,46.0,60117359.0,87328945.0,0.0,0.0,Berks County,2,official_seed_report_only
42013,2023,PA,5.0,3374.0,24.0,0.0,5.0,0.0,0.0,0.0,0.0,0.0,0.0,0.0,0.0,0.0,Blair County,1,official_seed_report_only
42015,2023,PA,1.0,56.0,0.0,0.0,1.0,0.0,0.0,0.0,0.0,0.0,0.0,0.0,0.0,0.0,Bradford County,1,official_seed_report_only
42017,2023,PA,8.0,18568.0,352.0,0.0,8.0,3.0,179.0,4995.0,1537.0,33.0,130973869.0,158947014.0,1.0,0.0,Bucks County,2,official_seed_report_only
42019,2023,PA,3.0,12984.0,20.0,0.0,3.0,0.0,0.0,0.0,0.0,0.0,0.0,0.0,0.0,0.0,Butler County,1,official_seed_report_only
42021,2023,PA,7.0,12061.0,11.0,0.0,7.0,0.0,0.0,0.0,0.0,0.0,0.0,0.0,0.0,0.0,Cambria County,1,official_seed_report_only
42027,2023,PA,4.0,71813.0,374.0,1.0,4.0,0.0,0.0,0.0,0.0,0.0,0.0,0.0,0.0,0.0,Centre County,1,official_seed_report_only
42029,2023,PA,8.0,27179.0,67.0,0.0,8.0,0.0,0.0,0.0,0.0,0.0,0.0,0.0,0.0,0.0,Chester County,1,official_seed_report_only
42033,2023,PA,2.0,462.0,6.0,0.0,2.0,0.0,0.0,0.0,0.0,0.0,0.0,0.0,0.0,0.0,Clearfield County,1,official_seed_report_only
42037,2023,PA,1.0,15299.0,0.0,0.0,1.0,1.0,14.0,228.0,82.0,0.0,5790855.0,4324924.0,0.0,0.0,Columbia County,2,official_seed_report_only
42039,2023,PA,4.0,1479.0,2.0,0.0,3.0,0.0,0.0,0.0,0.0,0.0,0.0,0.0,0.0,0.0,Crawford County,1,official_seed_report_only
42041,2023,PA,4.0,12810.0,8.0,0.0,4.0,0.0,0.0,0.0,0.0,0.0,0.0,0.0,0.0,0.0,Cumberland County,1,official_seed_report_only
42043,2023,PA,6.0,30113.0,2.0,0.0,6.0,0.0,0.0,0.0,0.0,0.0,0.0,0.0,0.0,0.0,Dauphin County,1,official_seed_report_only
42045,2023,PA,17.0,51746.0,789.0,0.0,17.0,2.0,296.0,10845.0,2193.0,645.0,531097838.0,434482203.0,2.0,0.0,Delaware County,2,official_seed_report_only
42049,2023,PA,6.0,17380.0,75.0,1.0,6.0,0.0,0.0,0.0,0.0,0.0,0.0,0.0,0.0,0.0,Erie County,1,official_seed_report_only
42051,2023,PA,4.0,1077.0,0.0,0.0,3.0,1.0,134.0,6860.0,1450.0,95.0,137057369.0,148802036.0,0.0,0.0,Fayette County,2,official_seed_report_only
42055,2023,PA,4.0,3075.0,0.0,0.0,4.0,1.0,112.0,1149.0,60.0,8.0,11514716.0,19229569.0,0.0,0.0,Franklin County,2,official_seed_report_only
42059,2023,PA,2.0,1518.0,0.0,0.0,2.0,0.0,0.0,0.0,0.0,0.0,0.0,0.0,0.0,0.0,Greene County,1,official_seed_report_only
42061,2023,PA,1.0,1358.0,5.0,0.0,1.0,0.0,0.0,0.0,0.0,0.0,0.0,0.0,0.0,0.0,Huntingdon County,1,official_seed_report_only
42063,2023,PA,3.0,10280.0,0.0,0.0,3.0,0.0,0.0,0.0,0.0,0.0,0.0,0.0,0.0,0.0,Indiana County,1,official_seed_report_only
42065,2023,PA,2.0,169.0,0.0,0.0,2.0,0.0,0.0,0.0,0.0,0.0,0.0,0.0,0.0,0.0,Jefferson County,1,official_seed_report_only
42069,2023,PA,12.0,16540.0,1.0,1.0,11.0,0.0,0.0,0.0,0.0,0.0,0.0,0.0,0.0,0.0,Lackawanna County,1,official_seed_report_only
42071,2023,PA,13.0,19819.0,0.0,0.0,12.0,2.0,159.0,3481.0,1351.0,11.0,126514876.0,93502982.0,0.0,0.0,Lancaster County,2,official_seed_report_only
42073,2023,PA,4.0,2566.0,11.0,0.0,4.0,0.0,0.0,0.0,0.0,0.0,0.0,0.0,0.0,0.0,Lawrence County,1,official_seed_report_only
42075,2023,PA,4.0,2435.0,0.0,0.0,3.0,0.0,0.0,0.0,0.0,0.0,0.0,0.0,0.0,0.0,Lebanon County,1,official_seed_report_only
42077,2023,PA,15.0,20356.0,253.0,0.0,14.0,0.0,0.0,0.0,0.0,0.0,0.0,0.0,0.0,0.0,Lehigh County,1,official_seed_report_only
42079,2023,PA,9.0,19343.0,28.0,0.0,9.0,0.0,0.0,0.0,0.0,0.0,0.0,0.0,0.0,0.0,Luzerne County,1,official_seed_report_only
42081,2023,PA,2.0,7371.0,0.0,0.0,2.0,0.0,0.0,0.0,0.0,0.0,0.0,0.0,0.0,0.0,Lycoming County,1,official_seed_report_only
42083,2023,PA,1.0,2184.0,0.0,0.0,1.0,0.0,0.0,0.0,0.0,0.0,0.0,0.0,0.0,0.0,McKean County,1,official_seed_report_only
42085,2023,PA,6.0,4092.0,5.0,0.0,6.0,1.0,10.0,141.0,41.0,0.0,15123175.0,22784300.0,0.0,0.0,Mercer County,2,official_seed_report_only
42087,2023,PA,2.0,48.0,0.0,0.0,1.0,0.0,0.0,0.0,0.0,0.0,0.0,0.0,0.0,0.0,Mifflin County,1,official_seed_report_only
42089,2023,PA,3.0,6328.0,0.0,0.0,3.0,0.0,0.0,0.0,0.0,0.0,0.0,0.0,0.0,0.0,Monroe County,1,official_seed_report_only
42091,2023,PA,27.0,50731.0,557.0,0.0,25.0,1.0,111.0,2057.0,496.0,35.0,49307953.0,40648348.0,1.0,0.0,Montgomery County,2,official_seed_report_only
42095,2023,PA,6.0,25695.0,79.0,0.0,6.0,0.0,0.0,0.0,0.0,0.0,0.0,0.0,0.0,0.0,Northampton County,1,official_seed_report_only
42097,2023,PA,2.0,202.0,0.0,0.0,2.0,0.0,0.0,0.0,0.0,0.0,0.0,0.0,0.0,0.0,Northumberland County,1,official_seed_report_only
42099,2023,PA,1.0,30.0,0.0,0.0,1.0,0.0,0.0,0.0,0.0,0.0,0.0,0.0,0.0,0.0,Perry County,1,official_seed_report_only
42101,2023,PA,33.0,150876.0,1448.0,5.0,32.0,5.0,409.0,9848.0,1059.0,277.0,126421703.0,141668863.0,2.0,0.0,Philadelphia County,2,official_seed_report_only
42107,2023,PA,4.0,945.0,0.0,0.0,4.0,0.0,0.0,0.0,0.0,0.0,0.0,0.0,0.0,0.0,Schuylkill County,1,official_seed_report_only
42109,2023,PA,2.0,3043.0,9.0,0.0,2.0,0.0,0.0,0.0,0.0,0.0,0.0,0.0,0.0,0.0,Snyder County,1,official_seed_report_only
42111,2023,PA,1.0,55.0,0.0,0.0,1.0,0.0,0.0,0.0,0.0,0.0,0.0,0.0,0.0,0.0,Somerset County,1,official_seed_report_only
42115,2023,PA,1.0,43.0,0.0,0.0,1.0,1.0,25.0,340.0,198.0,1.0,18006797.0,20081179.0,0.0,1.0,Susquehanna County,2,official_seed_report_only
42119,2023,PA,2.0,4092.0,1.0,0.0,2.0,0.0,0.0,0.0,0.0,0.0,0.0,0.0,0.0,0.0,Union County,1,official_seed_report_only
42121,2023,PA,1.0,48.0,0.0,0.0,1.0,0.0,0.0,0.0,0.0,0.0,0.0,0.0,0.0,0.0,Venango County,1,official_seed_report_only
42123,2023,PA,1.0,102.0,0.0,0.0,1.0,0.0,0.0,0.0,0.0,0.0,0.0,0.0,0.0,0.0,Warren County,1,official_seed_report_only
42125,2023,PA,5.0,17156.0,0.0,0.0,5.0,1.0,14.0,455.0,234.0,0.0,21311434.0,24249970.0,0.0,0.0,Washington County,2,official_seed_report_only
42129,2023,PA,9.0,13602.0,37.0,0.0,9.0,0.0,0.0,0.0,0.0,0.0,0.0,0.0,0.0,0.0,Westmoreland County,1,official_seed_report_only
42131,2023,PA,1.0,1974.0,32.0,0.0,1.0,0.0,0.0,0.0,0.0,0.0,0.0,0.0,0.0,0.0,Wyoming County,1,official_seed_report_only
42133,2023,PA,7.0,8233.0,19.0,0.0,6.0,0.0,0.0,0.0,0.0,0.0,0.0,0.0,0.0,0.0,York County,1,official_seed_report_only
72003,2023,PR,2.0,40.0,0.0,0.0,2.0,0.0,0.0,0.0,0.0,0.0,0.0,0.0,0.0,0.0,Aguada Municipio,1,official_seed_report_only
72005,2023,PR,6.0,7380.0,64.0,0.0,6.0,1.0,110.0,3112.0,196.0,975.0,25008277.0,29130879.0,0.0,0.0,Aguadilla Municipio,2,official_seed_report_only
72013,2023,PR,7.0,8074.0,75.0,0.0,7.0,2.0,306.0,14119.0,1039.0,4789.0,86717165.0,111349322.0,0.0,0.0,Arecibo Municipio,2,official_seed_report_only
72015,2023,PR,1.0,166.0,0.0,0.0,1.0,0.0,0.0,0.0,0.0,0.0,0.0,0.0,0.0,0.0,Arroyo Municipio,1,official_seed_report_only
72019,2023,PR,2.0,1719.0,5.0,0.0,2.0,0.0,0.0,0.0,0.0,0.0,0.0,0.0,0.0,0.0,Barranquitas Municipio,1,official_seed_report_only
72021,2023,PR,21.0,52155.0,8.0,1.0,19.0,4.0,872.0,26118.0,1234.0,9050.0,225307032.0,210308873.0,1.0,0.0,Bayamón Municipio,2,official_seed_report_only
72023,2023,PR,0.0,0.0,0.0,0.0,0.0,1.0,39.0,1641.0,41.0,0.0,7537369.0,9195302.0,0.0,0.0,Cabo Rojo Muno,1,official_seed_report_only
72025,2023,PR,10.0,8889.0,0.0,1.0,9.0,1.0,421.0,8598.0,372.0,2948.0,136091341.0,0.0,0.0,0.0,Caguas Municipio,2,official_seed_report_only
72031,2023,PR,6.0,10373.0,0.0,0.0,6.0,1.0,109.0,5928.0,227.0,2089.0,33454250.0,37124819.0,0.0,0.0,Carolina Municipio,2,official_seed_report_only
72035,2023,PR,1.0,2275.0,22.0,0.0,1.0,0.0,0.0,0.0,0.0,0.0,0.0,0.0,0.0,0.0,Cayey Municipio,1,official_seed_report_only
72041,2023,PR,0.0,0.0,0.0,0.0,0.0,1.0,216.0,8229.0,188.0,0.0,27915015.0,36287251.0,0.0,0.0,Cidra Muno,1,official_seed_report_only
72051,2023,PR,0.0,0.0,0.0,0.0,0.0,1.0,50.0,2107.0,35.0,1110.0,19159485.0,16946891.0,0.0,0.0,Dorado Muno,1,official_seed_report_only
72053,2023,PR,2.0,1652.0,24.0,0.0,2.0,2.0,232.0,3637.0,195.0,1983.0,30323129.0,42870621.0,0.0,0.0,Fajardo Municipio,2,official_seed_report_only
72057,2023,PR,2.0,2162.0,36.0,0.0,2.0,0.0,0.0,0.0,0.0,0.0,0.0,0.0,0.0,0.0,Guayama Municipio,1,official_seed_report_only
72061,2023,PR,1.0,1922.0,0.0,0.0,1.0,0.0,0.0,0.0,0.0,0.0,0.0,0.0,0.0,0.0,Guaynabo Municipio,1,official_seed_report_only
72063,2023,PR,1.0,11497.0,0.0,0.0,1.0,0.0,0.0,0.0,0.0,0.0,0.0,0.0,0.0,0.0,Gurabo Municipio,1,official_seed_report_only
72069,2023,PR,5.0,4210.0,0.0,0.0,5.0,2.0,222.0,5168.0,213.0,259.0,57249642.0,45242893.0,0.0,0.0,Humacao Municipio,2,official_seed_report_only
72071,2023,PR,1.0,235.0,0.0,0.0,1.0,0.0,0.0,0.0,0.0,0.0,0.0,0.0,0.0,0.0,Isabela Municipio,1,official_seed_report_only
72075,2023,PR,2.0,831.0,0.0,0.0,2.0,0.0,0.0,0.0,0.0,0.0,0.0,0.0,0.0,0.0,Juana Díaz,1,official_seed_report_only
72081,2023,PR,0.0,0.0,0.0,0.0,0.0,1.0,0.0,0.0,0.0,0.0,0.0,0.0,0.0,0.0,Lares Muno,1,official_seed_report_only
72091,2023,PR,7.0,4249.0,0.0,0.0,7.0,2.0,519.0,29354.0,1346.0,12133.0,187543264.0,245389610.0,1.0,0.0,Manatí  Municipio,2,official_seed_report_only
72097,2023,PR,6.0,14441.0,44.0,0.0,6.0,3.0,497.0,21449.0,1087.0,5878.0,159177486.0,201751423.0,2.0,0.0,Mayagüez Municipio,2,official_seed_report_only
72099,2023,PR,0.0,0.0,0.0,0.0,0.0,1.0,95.0,3202.0,217.0,1083.0,23860095.0,24207181.0,0.0,0.0,Moca Muno,1,official_seed_report_only
72113,2023,PR,10.0,16228.0,8.0,1.0,10.0,4.0,699.0,26900.0,1405.0,10342.0,238006905.0,271853982.0,2.0,0.0,Ponce Municipio,2,official_seed_report_only
72125,2023,PR,1.0,3549.0,18.0,0.0,1.0,2.0,224.0,10474.0,605.0,3249.0,101184158.0,125692447.0,1.0,0.0,San Germán Municipio,2,official_seed_report_only
72127,2023,PR,31.0,56949.0,102.0,1.0,31.0,5.0,422.0,17363.0,705.0,2544.0,134663389.0,184363718.0,0.0,0.0,San Juan Municipio,2,official_seed_report_only
72129,2023,PR,1.0,226.0,0.0,0.0,1.0,0.0,0.0,0.0,0.0,0.0,0.0,0.0,0.0,0.0,San Lorenzo Municipio,1,official_seed_report_only
72131,2023,PR,1.0,1523.0,0.0,0.0,1.0,0.0,0.0,0.0,0.0,0.0,0.0,0.0,0.0,0.0,San Sebastián Municipio,1,official_seed_report_only
72139,2023,PR,1.0,376.0,0.0,0.0,1.0,0.0,0.0,0.0,0.0,0.0,0.0,0.0,0.0,0.0,Trujillo Alto Municipio,1,official_seed_report_only
72141,2023,PR,1.0,493.0,0.0,0.0,1.0,1.0,0.0,0.0,0.0,0.0,9364076.0,9455494.0,0.0,0.0,Utuado Municipio,2,official_seed_report_only
72145,2023,PR,1.0,185.0,0.0,0.0,1.0,1.0,98.0,3598.0,195.0,1667.0,31930723.0,37337129.0,0.0,0.0,Vega Baja Municipio,2,official_seed_report_only
72149,2023,PR,1.0,373.0,0.0,0.0,1.0,0.0,0.0,0.0,0.0,0.0,0.0,0.0,0.0,0.0,Villalba Municipio,1,official_seed_report_only
72153,2023,PR,0.0,0.0,0.0,0.0,0.0,1.0,77.0,2088.0,139.0,551.0,21669144.0,25610118.0,0.0,0.0,Yauco Muno,1,official_seed_report_only
00002,2023,PW,1.0,553.0,0.0,0.0,1.0,0.0,0.0,0.0,0.0,0.0,0.0,0.0,0.0,0.0, ,1,official_seed_report_only
44001,2023,RI,2.0,5563.0,0.0,0.0,2.0,0.0,0.0,0.0,0.0,0.0,0.0,0.0,0.0,0.0,Bristol County,1,official_seed_report_only
44003,2023,RI,2.0,18840.0,545.0,0.0,2.0,1.0,323.0,10910.0,2727.0,426.0,359611993.0,363709140.0,1.0,0.0,Kent County,2,official_seed_report_only
44005,2023,RI,3.0,3235.0,0.0,0.0,2.0,1.0,66.0,4079.0,1148.0,47.0,130005880.0,129370051.0,0.0,0.0,Newport County,2,official_seed_report_only
44007,2023,RI,14.0,45743.0,54.0,1.0,14.0,9.0,1778.0,78576.0,13741.0,3147.0,2746666493.0,3053058684.0,6.0,0.0,Providence County,2,official_seed_report_only
44009,2023,RI,1.0,20653.0,0.0,0.0,1.0,2.0,156.0,8244.0,2716.0,100.0,300219002.0,349090451.0,0.0,0.0,Washington County,2,official_seed_report_only
45001,2023,SC,1.0,1204.0,0.0,0.0,1.0,1.0,25.0,492.0,123.0,2.0,45553078.0,41364324.0,0.0,1.0,Abbeville County,2,official_seed_report_only
45003,2023,SC,3.0,7901.0,23.0,0.0,3.0,1.0,211.0,11544.0,2334.0,603.0,186284767.0,242086252.0,1.0,0.0,Aiken County,2,official_seed_report_only
45005,2023,SC,1.0,1040.0,0.0,0.0,1.0,1.0,25.0,102.0,17.0,0.0,18722664.0,14177119.0,0.0,1.0,Allendale County,2,official_seed_report_only
45007,2023,SC,4.0,13097.0,0.0,0.0,4.0,2.0,427.0,23584.0,5589.0,573.0,431860929.0,658532447.0,1.0,0.0,Anderson County,2,official_seed_report_only
45009,2023,SC,2.0,1533.0,0.0,0.0,2.0,0.0,0.0,0.0,0.0,0.0,0.0,0.0,0.0,0.0,Bamberg County,1,official_seed_report_only
45013,2023,SC,2.0,5682.0,0.0,0.0,2.0,2.0,205.0,8872.0,3179.0,591.0,224411418.0,307782318.0,0.0,0.0,Beaufort County,2,official_seed_report_only
45015,2023,SC,1.0,260.0,0.0,0.0,1.0,1.0,46.0,4130.0,971.0,167.0,89404013.0,134152426.0,0.0,0.0,Berkeley County,2,official_seed_report_only
45019,2023,SC,12.0,45487.0,30.0,1.0,12.0,5.0,689.0,27724.0,8762.0,491.0,854065024.0,1103852104.0,0.0,0.0,Charleston County,2,official_seed_report_only
45021,2023,SC,1.0,2053.0,0.0,0.0,1.0,1.0,24.0,1210.0,305.0,33.0,60277760.0,60139393.0,0.0,0.0,Cherokee County,2,official_seed_report_only
45025,2023,SC,1.0,2253.0,0.0,0.0,1.0,1.0,46.0,1780.0,636.0,46.0,44081764.0,56872378.0,1.0,0.0,Chesterfield County,2,official_seed_report_only
45027,2023,SC,0.0,0.0,0.0,0.0,0.0,1.0,49.0,2085.0,470.0,81.0,46826436.0,57323652.0,1.0,0.0,"Clarendon County, South Carolina",1,official_seed_report_only
45029,2023,SC,0.0,0.0,0.0,0.0,0.0,1.0,102.0,2988.0,617.0,192.0,64139658.0,71583421.0,1.0,0.0,"Colleton County, South Carolina",1,official_seed_report_only
45031,2023,SC,1.0,1506.0,0.0,0.0,1.0,1.0,112.0,3075.0,758.0,122.0,83225258.0,97084731.0,0.0,0.0,Darlington County,2,official_seed_report_only
45033,2023,SC,0.0,0.0,0.0,0.0,0.0,1.0,72.0,1873.0,396.0,91.0,42565924.0,52630449.0,0.0,0.0,"Dillon County, South Carolina",1,official_seed_report_only
45035,2023,SC,1.0,180.0,0.0,0.0,1.0,0.0,0.0,0.0,0.0,0.0,0.0,0.0,0.0,0.0,Dorchester County,1,official_seed_report_only
45037,2023,SC,0.0,0.0,0.0,0.0,0.0,1.0,25.0,42.0,25.0,1.0,19362054.0,16918999.0,0.0,1.0,"Edgefield County, South Carolina",1,official_seed_report_only
45041,2023,SC,3.0,9014.0,8.0,0.0,3.0,3.0,623.0,25377.0,7575.0,744.0,690206565.0,905269382.0,1.0,0.0,Florence County,2,official_seed_report_only
45043,2023,SC,0.0,0.0,0.0,0.0,0.0,3.0,269.0,12645.0,5197.0,306.0,328057911.0,416113263.0,2.0,0.0,"Georgetown County, South Carolina",1,official_seed_report_only
45045,2023,SC,8.0,27016.0,28.0,0.0,8.0,10.0,1268.0,68142.0,10677.0,3542.0,1883785974.0,2472650248.0,4.0,0.0,Greenville County,2,official_seed_report_only
45047,2023,SC,3.0,11818.0,0.0,0.0,3.0,2.0,332.0,9406.0,3308.0,286.0,340392359.0,456989867.0,1.0,0.0,Greenwood County,2,official_seed_report_only
45049,2023,SC,0.0,0.0,0.0,0.0,0.0,1.0,32.0,551.0,154.0,18.0,25481056.0,27692299.0,0.0,0.0,"Hampton County, South Carolina",1,official_seed_report_only
45051,2023,SC,5.0,22417.0,14.0,0.0,5.0,3.0,431.0,20821.0,6134.0,775.0,473439067.0,590513370.0,1.0,0.0,Horry County,2,official_seed_report_only
45055,2023,SC,1.0,42.0,0.0,0.0,1.0,1.0,40.0,693.0,463.0,0.0,16506118.0,15327756.0,0.0,0.0,Kershaw County,2,official_seed_report_only
45057,2023,SC,1.0,2796.0,0.0,0.0,1.0,1.0,63.0,2487.0,216.0,13.0,13520168.0,13974325.0,0.0,0.0,Lancaster County,2,official_seed_report_only
45059,2023,SC,1.0,1330.0,0.0,0.0,1.0,1.0,46.0,2836.0,774.0,123.0,97956800.0,100128429.0,0.0,0.0,Laurens County,2,official_seed_report_only
45063,2023,SC,3.0,13222.0,0.0,0.0,3.0,3.0,709.0,42143.0,9178.0,806.0,767880985.0,1539179137.0,1.0,0.0,Lexington County,2,official_seed_report_only
45067,2023,SC,1.0,48.0,0.0,0.0,1.0,0.0,0.0,0.0,0.0,0.0,0.0,0.0,0.0,0.0,Marion County,1,official_seed_report_only
45071,2023,SC,1.0,1414.0,0.0,0.0,1.0,0.0,0.0,0.0,0.0,0.0,0.0,0.0,0.0,0.0,Newberry County,1,official_seed_report_only
45073,2023,SC,0.0,0.0,0.0,0.0,0.0,1.0,131.0,6969.0,2130.0,201.0,181566368.0,177361076.0,1.0,0.0,"Oconee County, South Carolina",1,official_seed_report_only
45075,2023,SC,4.0,8105.0,0.0,0.0,4.0,1.0,251.0,2169.0,612.0,132.0,72803391.0,85977807.0,0.0,0.0,Orangeburg County,2,official_seed_report_only
45077,2023,SC,2.0,32563.0,2.0,0.0,2.0,2.0,116.0,5499.0,1298.0,68.0,123249073.0,145099089.0,1.0,0.0,Pickens County,2,official_seed_report_only
45079,2023,SC,11.0,50294.0,18.0,1.0,10.0,5.0,1013.0,45102.0,8964.0,2633.0,1330196585.0,1537774927.0,3.0,0.0,Richland County,2,official_seed_report_only
45083,2023,SC,7.0,20397.0,10.0,0.0,7.0,4.0,754.0,33459.0,8410.0,4439.0,1199634316.0,1410054134.0,1.0,0.0,Spartanburg County,2,official_seed_report_only
45085,2023,SC,3.0,6887.0,0.0,0.0,3.0,2.0,193.0,8188.0,2191.0,425.0,216819038.0,197788823.0,1.0,0.0,Sumter County,2,official_seed_report_only
45087,2023,SC,1.0,1530.0,0.0,0.0,1.0,1.0,15.0,382.0,112.0,8.0,30561448.0,32153858.0,0.0,0.0,Union County,2,official_seed_report_only
45089,2023,SC,2.0,957.0,0.0,0.0,2.0,2.0,50.0,592.0,79.0,6.0,26207751.0,16682211.0,0.0,1.0,Williamsburg County,2,official_seed_report_only
45091,2023,SC,4.0,12313.0,0.0,0.0,4.0,0.0,0.0,0.0,0.0,0.0,0.0,0.0,0.0,0.0,York County,1,official_seed_report_only
46007,2023,SD,0.0,0.0,0.0,0.0,0.0,1.0,14.0,84.0,47.0,13.0,12569541.0,11309999.0,0.0,1.0,"Bennett County, South Dakota",1,official_seed_report_only
46011,2023,SD,2.0,13756.0,4.0,0.0,2.0,1.0,49.0,1352.0,562.0,98.0,54797843.0,80085080.0,0.0,0.0,Brookings County,2,official_seed_report_only
46013,2023,SD,2.0,5311.0,0.0,0.0,1.0,1.0,48.0,1519.0,506.0,274.0,62877352.0,66330738.0,0.0,0.0,Brown County,2,official_seed_report_only
46015,2023,SD,0.0,0.0,0.0,0.0,0.0,1.0,25.0,307.0,111.0,108.0,23680611.0,25496961.0,0.0,1.0,"Brule County, South Dakota",1,official_seed_report_only
46027,2023,SD,1.0,12453.0,0.0,1.0,1.0,1.0,25.0,255.0,112.0,23.0,20777953.0,33690674.0,0.0,1.0,Clay County,2,official_seed_report_only
46029,2023,SD,1.0,2655.0,0.0,0.0,1.0,0.0,0.0,0.0,0.0,0.0,0.0,0.0,0.0,0.0,Codington County,1,official_seed_report_only
46035,2023,SD,2.0,2401.0,0.0,0.0,2.0,0.0,0.0,0.0,0.0,0.0,0.0,0.0,0.0,0.0,Davison County,1,official_seed_report_only
46037,2023,SD,0.0,0.0,0.0,0.0,0.0,1.0,25.0,121.0,87.0,8.0,10608107.0,11354902.0,0.0,1.0,"Day County, South Dakota",1,official_seed_report_only
46039,2023,SD,0.0,0.0,0.0,0.0,0.0,1.0,10.0,55.0,39.0,1.0,7224044.0,7823972.0,0.0,1.0,"Deuel County, South Dakota",1,official_seed_report_only
46041,2023,SD,0.0,0.0,0.0,0.0,0.0,1.0,8.0,217.0,56.0,95.0,37533402.0,0.0,0.0,1.0,"Dewey County, South Dakota",1,official_seed_report_only
46047,2023,SD,0.0,0.0,0.0,0.0,0.0,1.0,25.0,209.0,119.0,10.0,28310937.0,29169473.0,0.0,1.0,"Fall River County, South Dakota",1,official_seed_report_only
46049,2023,SD,0.0,0.0,0.0,0.0,0.0,1.0,12.0,157.0,118.0,8.0,11364503.0,10985186.0,0.0,1.0,"Faulk County, South Dakota",1,official_seed_report_only
46053,2023,SD,0.0,0.0,0.0,0.0,0.0,1.0,16.0,121.0,88.0,17.0,6561555.0,6764648.0,0.0,1.0,"Gregory County, South Dakota",1,official_seed_report_only
46055,2023,SD,0.0,0.0,0.0,0.0,0.0,1.0,18.0,206.0,120.0,13.0,16418436.0,19107090.0,0.0,1.0,"Haakon County, South Dakota",1,official_seed_report_only
46067,2023,SD,0.0,0.0,0.0,0.0,0.0,1.0,25.0,116.0,89.0,0.0,12999422.0,16080832.0,0.0,1.0,"Hutchinson County, South Dakota",1,official_seed_report_only
46079,2023,SD,1.0,4866.0,0.0,0.0,1.0,0.0,0.0,0.0,0.0,0.0,0.0,0.0,0.0,0.0,Lake County,1,official_seed_report_only
46081,2023,SD,1.0,5614.0,25.0,0.0,1.0,0.0,0.0,0.0,0.0,0.0,0.0,0.0,0.0,0.0,Lawrence County,1,official_seed_report_only
46083,2023,SD,0.0,0.0,0.0,0.0,0.0,1.0,11.0,82.0,53.0,0.0,10421818.0,14041701.0,0.0,1.0,"Lincoln County, South Dakota",1,official_seed_report_only
46099,2023,SD,8.0,9870.0,0.0,0.0,8.0,3.0,525.0,26086.0,7548.0,5185.0,973173096.0,1528532957.0,1.0,0.0,Minnehaha County,2,official_seed_report_only
46102,2023,SD,1.0,1546.0,5.0,0.0,1.0,0.0,0.0,0.0,0.0,0.0,0.0,0.0,0.0,0.0,Oglala Lakota County,1,official_seed_report_only
46103,2023,SD,6.0,6922.0,5.0,0.0,5.0,1.0,26.0,1757.0,844.0,44.0,69647079.0,99519076.0,0.0,0.0,Pennington County,2,official_seed_report_only
46109,2023,SD,1.0,261.0,0.0,0.0,1.0,1.0,25.0,190.0,95.0,44.0,20230891.0,19321979.0,0.0,1.0,Roberts County,2,official_seed_report_only
46113,2023,SD,0.0,0.0,0.0,0.0,0.0,1.0,45.0,1196.0,185.0,482.0,74323410.0,0.0,0.0,0.0,Shannon County,1,official_seed_report_only
46115,2023,SD,0.0,0.0,0.0,0.0,0.0,1.0,25.0,280.0,214.0,8.0,16825708.0,16949775.0,0.0,1.0,"Spink County, South Dakota",1,official_seed_report_only
46121,2023,SD,1.0,1200.0,0.0,0.0,1.0,1.0,35.0,461.0,78.0,204.0,47764900.0,0.0,0.0,0.0,Todd County,2,official_seed_report_only
46123,2023,SD,0.0,0.0,0.0,0.0,0.0,1.0,25.0,481.0,201.0,158.0,25410081.0,27417725.0,0.0,1.0,"Tripp County, South Dakota",1,official_seed_report_only
46125,2023,SD,0.0,0.0,0.0,0.0,0.0,1.0,12.0,49.0,32.0,1.0,10736579.0,12788163.0,0.0,1.0,"Turner County, South Dakota",1,official_seed_report_only
46127,2023,SD,0.0,0.0,0.0,0.0,0.0,1.0,38.0,810.0,316.0,0.0,60006711.0,102728732.0,0.0,0.0,"Union County, South Dakota",1,official_seed_report_only
46129,2023,SD,0.0,0.0,0.0,0.0,0.0,1.0,25.0,410.0,170.0,124.0,24180497.0,25980812.0,0.0,1.0,"Walworth County, South Dakota",1,official_seed_report_only
46135,2023,SD,2.0,1717.0,0.0,0.0,2.0,0.0,0.0,0.0,0.0,0.0,0.0,0.0,0.0,0.0,Yankton County,1,official_seed_report_only
47001,2023,TN,0.0,0.0,0.0,0.0,0.0,1.0,157.0,8489.0,1676.0,0.0,153672015.0,158786597.0,0.0,0.0,"Anderson County, Tennessee",1,official_seed_report_only
47003,2023,TN,1.0,651.0,0.0,0.0,1.0,0.0,0.0,0.0,0.0,0.0,0.0,0.0,0.0,0.0,Bedford County,1,official_seed_report_only
47009,2023,TN,1.0,1167.0,0.0,0.0,1.0,0.0,0.0,0.0,0.0,0.0,0.0,0.0,0.0,0.0,Blount County,1,official_seed_report_only
47011,2023,TN,5.0,9451.0,0.0,0.0,4.0,0.0,0.0,0.0,0.0,0.0,0.0,0.0,0.0,0.0,Bradley County,1,official_seed_report_only
47013,2023,TN,2.0,447.0,0.0,0.0,1.0,1.0,48.0,1499.0,316.0,221.0,43983366.0,45432751.0,0.0,0.0,Campbell County,2,official_seed_report_only
47017,2023,TN,2.0,6431.0,0.0,0.0,2.0,1.0,46.0,1341.0,413.0,82.0,24629153.0,27395127.0,0.0,0.0,Carroll County,2,official_seed_report_only
47019,2023,TN,2.0,2135.0,1.0,0.0,2.0,0.0,0.0,0.0,0.0,0.0,0.0,0.0,0.0,0.0,Carter County,1,official_seed_report_only
47023,2023,TN,1.0,2484.0,0.0,0.0,1.0,0.0,0.0,0.0,0.0,0.0,0.0,0.0,0.0,0.0,Chester County,1,official_seed_report_only
47025,2023,TN,2.0,6101.0,23.0,1.0,2.0,0.0,0.0,0.0,0.0,0.0,0.0,0.0,0.0,0.0,Claiborne County,1,official_seed_report_only
47029,2023,TN,0.0,0.0,0.0,0.0,0.0,1.0,32.0,2320.0,371.0,1.0,40903346.0,48787000.0,0.0,0.0,"Cocke County, Tennessee",1,official_seed_report_only
47031,2023,TN,1.0,95.0,0.0,0.0,1.0,1.0,49.0,804.0,225.0,0.0,46825711.0,47308058.0,0.0,0.0,Coffee County,2,official_seed_report_only
47035,2023,TN,1.0,759.0,13.0,0.0,1.0,0.0,0.0,0.0,0.0,0.0,0.0,0.0,0.0,0.0,Cumberland County,1,official_seed_report_only
47037,2023,TN,28.0,65280.0,17.0,2.0,24.0,6.0,1320.0,60141.0,10519.0,2469.0,1317134612.0,1901625762.0,2.0,0.0,Davidson County,2,official_seed_report_only
47043,2023,TN,1.0,1287.0,0.0,0.0,1.0,0.0,0.0,0.0,0.0,0.0,0.0,0.0,0.0,0.0,Dickson County,1,official_seed_report_only
47045,2023,TN,2.0,5703.0,18.0,0.0,2.0,0.0,0.0,0.0,0.0,0.0,0.0,0.0,0.0,0.0,Dyer County,1,official_seed_report_only
47051,2023,TN,1.0,1892.0,0.0,0.0,1.0,1.0,128.0,3045.0,627.0,0.0,69030122.0,128875451.0,0.0,0.0,Franklin County,2,official_seed_report_only
47053,2023,TN,1.0,95.0,0.0,0.0,1.0,0.0,0.0,0.0,0.0,0.0,0.0,0.0,0.0,0.0,Gibson County,1,official_seed_report_only
47055,2023,TN,2.0,1866.0,0.0,0.0,2.0,1.0,81.0,1485.0,397.0,295.0,27047034.0,42890579.0,0.0,0.0,Giles County,2,official_seed_report_only
47059,2023,TN,1.0,1379.0,0.0,0.0,1.0,0.0,0.0,0.0,0.0,0.0,0.0,0.0,0.0,0.0,Greene County,1,official_seed_report_only
47063,2023,TN,2.0,8120.0,0.0,0.0,2.0,0.0,0.0,0.0,0.0,0.0,0.0,0.0,0.0,0.0,Hamblen County,1,official_seed_report_only
47065,2023,TN,7.0,30750.0,1.0,0.0,7.0,1.0,103.0,2981.0,296.0,0.0,20682149.0,28014321.0,0.0,0.0,Hamilton County,2,official_seed_report_only
47071,2023,TN,1.0,2068.0,0.0,0.0,1.0,0.0,0.0,0.0,0.0,0.0,0.0,0.0,0.0,0.0,Hardin County,1,official_seed_report_only
47075,2023,TN,0.0,0.0,0.0,0.0,0.0,1.0,9.0,179.0,66.0,0.0,6010636.0,3778174.0,0.0,0.0,"Haywood County, Tennessee",1,official_seed_report_only
47077,2023,TN,1.0,84.0,0.0,0.0,1.0,1.0,36.0,748.0,277.0,0.0,20331752.0,23278182.0,0.0,0.0,Henderson County,2,official_seed_report_only
47079,2023,TN,1.0,390.0,0.0,0.0,1.0,0.0,0.0,0.0,0.0,0.0,0.0,0.0,0.0,0.0,Henry County,1,official_seed_report_only
47083,2023,TN,0.0,0.0,0.0,0.0,0.0,1.0,25.0,124.0,82.0,2.0,39914980.0,14775110.0,0.0,1.0,"Houston County, Tennessee",1,official_seed_report_only
47089,2023,TN,1.0,3162.0,0.0,0.0,1.0,1.0,56.0,2031.0,607.0,186.0,51026086.0,55436407.0,0.0,0.0,Jefferson County,2,official_seed_report_only
47093,2023,TN,11.0,65207.0,15.0,1.0,9.0,7.0,1495.0,69015.0,14177.0,15481.0,1616380970.0,1986006658.0,1.0,0.0,Knox County,2,official_seed_report_only
47097,2023,TN,1.0,0.0,0.0,0.0,0.0,1.0,25.0,109.0,77.0,1.0,16751811.0,11301412.0,0.0,1.0,Lauderdale County,2,official_seed_report_only
47099,2023,TN,1.0,46.0,0.0,0.0,1.0,1.0,89.0,1548.0,488.0,265.0,29529459.0,56482241.0,0.0,0.0,Lawrence County,2,official_seed_report_only
47101,2023,TN,1.0,1287.0,5.0,0.0,1.0,0.0,0.0,0.0,0.0,0.0,0.0,0.0,0.0,0.0,Lewis County,1,official_seed_report_only
47103,2023,TN,1.0,98.0,0.0,0.0,1.0,0.0,0.0,0.0,0.0,0.0,0.0,0.0,0.0,0.0,Lincoln County,1,official_seed_report_only
47105,2023,TN,0.0,0.0,0.0,0.0,0.0,1.0,30.0,2266.0,672.0,0.0,36276478.0,43820624.0,0.0,0.0,"Loudon County, Tennessee",1,official_seed_report_only
47111,2023,TN,0.0,0.0,0.0,0.0,0.0,1.0,25.0,621.0,289.0,46.0,19111737.0,19767231.0,0.0,1.0,"Macon County, Tennessee",1,official_seed_report_only
47113,2023,TN,5.0,12237.0,21.0,0.0,5.0,2.0,48.0,1241.0,784.0,0.0,15791107.0,20765709.0,0.0,0.0,Madison County,2,official_seed_report_only
47119,2023,TN,1.0,6803.0,23.0,0.0,1.0,1.0,16.0,374.0,184.0,0.0,4892525.0,4929250.0,0.0,0.0,Maury County,2,official_seed_report_only
47107,2023,TN,2.0,1757.0,0.0,0.0,2.0,1.0,172.0,1884.0,593.0,332.0,64985779.0,115320790.0,0.0,0.0,McMinn County,2,official_seed_report_only
47123,2023,TN,1.0,78.0,0.0,0.0,1.0,0.0,0.0,0.0,0.0,0.0,0.0,0.0,0.0,0.0,Monroe County,1,official_seed_report_only
47125,2023,TN,5.0,11702.0,6.0,0.0,4.0,2.0,276.0,10613.0,2654.0,1987.0,184046471.0,209779351.0,0.0,0.0,Montgomery County,2,official_seed_report_only
47127,2023,TN,1.0,7104.0,0.0,0.0,1.0,0.0,0.0,0.0,0.0,0.0,0.0,0.0,0.0,0.0,Moore County,1,official_seed_report_only
47131,2023,TN,0.0,0.0,0.0,0.0,0.0,1.0,43.0,2211.0,648.0,216.0,44292389.0,51978965.0,0.0,0.0,"Obion County, Tennessee",1,official_seed_report_only
47133,2023,TN,1.0,1806.0,0.0,0.0,1.0,0.0,0.0,0.0,0.0,0.0,0.0,0.0,0.0,0.0,Overton County,1,official_seed_report_only
47141,2023,TN,4.0,11854.0,0.0,0.0,4.0,0.0,0.0,0.0,0.0,0.0,0.0,0.0,0.0,0.0,Putnam County,1,official_seed_report_only
47143,2023,TN,2.0,2685.0,0.0,0.0,2.0,0.0,0.0,0.0,0.0,0.0,0.0,0.0,0.0,0.0,Rhea County,1,official_seed_report_only
47145,2023,TN,2.0,6723.0,24.0,0.0,2.0,0.0,0.0,0.0,0.0,0.0,0.0,0.0,0.0,0.0,Roane County,1,official_seed_report_only
47149,2023,TN,5.0,24815.0,0.0,0.0,4.0,0.0,0.0,0.0,0.0,0.0,0.0,0.0,0.0,0.0,Rutherford County,1,official_seed_report_only
47151,2023,TN,1.0,675.0,5.0,0.0,1.0,1.0,25.0,499.0,200.0,61.0,14521125.0,19412133.0,0.0,1.0,Scott County,2,official_seed_report_only
47155,2023,TN,0.0,0.0,0.0,0.0,0.0,1.0,60.0,4097.0,756.0,0.0,103352821.0,137175450.0,0.0,0.0,"Sevier County, Tennessee",1,official_seed_report_only
47157,2023,TN,24.0,56880.0,158.0,1.0,24.0,10.0,2785.0,100489.0,24485.0,18307.0,2522791337.0,2730836977.0,2.0,0.0,Shelby County,2,official_seed_report_only
47163,2023,TN,2.0,8429.0,7.0,0.0,2.0,2.0,107.0,2990.0,244.0,2.0,34894393.0,37979054.0,0.0,0.0,Sullivan County,2,official_seed_report_only
47165,2023,TN,4.0,10087.0,0.0,0.0,4.0,0.0,0.0,0.0,0.0,0.0,0.0,0.0,0.0,0.0,Sumner County,1,official_seed_report_only
47167,2023,TN,1.0,0.0,0.0,0.0,0.0,1.0,48.0,2103.0,369.0,797.0,156562608.0,199589538.0,1.0,0.0,Tipton County,2,official_seed_report_only
47169,2023,TN,1.0,919.0,13.0,0.0,1.0,1.0,25.0,139.0,51.0,24.0,9851304.0,12631192.0,0.0,1.0,Trousdale County,2,official_seed_report_only
47171,2023,TN,0.0,0.0,0.0,0.0,0.0,1.0,8.0,565.0,174.0,20.0,12204913.0,13000835.0,0.0,0.0,"Unicoi County, Tennessee",1,official_seed_report_only
47177,2023,TN,1.0,829.0,0.0,0.0,1.0,0.0,0.0,0.0,0.0,0.0,0.0,0.0,0.0,0.0,Warren County,1,official_seed_report_only
47179,2023,TN,3.0,15612.0,0.0,1.0,3.0,1.0,36.0,881.0,429.0,0.0,12897250.0,15445000.0,0.0,0.0,Washington County,2,official_seed_report_only
47183,2023,TN,1.0,8124.0,1.0,0.0,1.0,1.0,16.0,317.0,211.0,0.0,3714939.0,4771459.0,0.0,0.0,Weakley County,2,official_seed_report_only
47187,2023,TN,3.0,322.0,0.0,0.0,3.0,0.0,0.0,0.0,0.0,0.0,0.0,0.0,0.0,0.0,Williamson County,1,official_seed_report_only
47189,2023,TN,3.0,3153.0,0.0,0.0,3.0,0.0,0.0,0.0,0.0,0.0,0.0,0.0,0.0,0.0,Wilson County,1,official_seed_report_only
48001,2023,TX,0.0,0.0,0.0,0.0,0.0,1.0,148.0,2469.0,604.0,66.0,66836145.0,90585284.0,0.0,0.0,"Anderson County, Texas",1,official_seed_report_only
48003,2023,TX,0.0,0.0,0.0,0.0,0.0,1.0,35.0,727.0,73.0,36.0,59152780.0,31504013.0,0.0,0.0,"Andrews County, Texas",1,official_seed_report_only
48005,2023,TX,4.0,5613.0,0.0,0.0,3.0,2.0,160.0,7208.0,1923.0,1107.0,105506249.0,134705327.0,0.0,0.0,Angelina County,2,official_seed_report_only
48015,2023,TX,0.0,0.0,0.0,0.0,0.0,1.0,23.0,39.0,13.0,0.0,7644731.0,4895504.0,0.0,0.0,"Austin County, Texas",1,official_seed_report_only
48017,2023,TX,0.0,0.0,0.0,0.0,0.0,1.0,25.0,31.0,20.0,1.0,8559520.0,5785237.0,0.0,1.0,"Bailey County, Texas",1,official_seed_report_only
48021,2023,TX,1.0,0.0,0.0,0.0,0.0,0.0,0.0,0.0,0.0,0.0,0.0,0.0,0.0,0.0,Bastrop County,1,official_seed_report_only
48025,2023,TX,1.0,5091.0,0.0,0.0,1.0,0.0,0.0,0.0,0.0,0.0,0.0,0.0,0.0,0.0,Bee County,1,official_seed_report_only
48027,2023,TX,5.0,13377.0,0.0,0.0,5.0,5.0,373.0,8847.0,1643.0,189.0,191941151.0,214200532.0,0.0,0.0,Bell County,2,official_seed_report_only
48029,2023,TX,45.0,189733.0,55.0,2.0,43.0,8.0,1502.0,108109.0,5671.0,3324.0,1891568168.0,1727110303.0,2.0,0.0,Bexar County,2,official_seed_report_only
48037,2023,TX,4.0,7511.0,0.0,0.0,4.0,1.0,185.0,5158.0,1158.0,31.0,88422114.0,102646263.0,1.0,0.0,Bowie County,2,official_seed_report_only
48039,2023,TX,4.0,13463.0,0.0,0.0,4.0,2.0,72.0,1422.0,678.0,0.0,44862486.0,46548354.0,0.0,1.0,Brazoria County,2,official_seed_report_only
48041,2023,TX,4.0,78628.0,0.0,1.0,4.0,3.0,87.0,2254.0,1326.0,0.0,56900232.0,71826158.0,0.0,0.0,Brazos County,2,official_seed_report_only
48043,2023,TX,1.0,2441.0,0.0,0.0,1.0,1.0,22.0,425.0,82.0,4.0,24834788.0,28015630.0,0.0,1.0,Brewster County,2,official_seed_report_only
48049,2023,TX,1.0,942.0,0.0,0.0,1.0,0.0,0.0,0.0,0.0,0.0,0.0,0.0,0.0,0.0,Brown County,1,official_seed_report_only
48055,2023,TX,0.0,0.0,0.0,0.0,0.0,1.0,25.0,251.0,197.0,0.0,17757244.0,22805702.0,0.0,0.0,"Caldwell County, Texas",1,official_seed_report_only
48057,2023,TX,0.0,0.0,0.0,0.0,0.0,1.0,25.0,675.0,182.0,17.0,35258740.0,28023313.0,0.0,1.0,"Calhoun County, Texas",1,official_seed_report_only
48061,2023,TX,7.0,13180.0,0.0,0.0,7.0,3.0,246.0,10956.0,1379.0,45.0,146920809.0,155461835.0,0.0,0.0,Cameron County,2,official_seed_report_only
48063,2023,TX,0.0,0.0,0.0,0.0,0.0,1.0,25.0,624.0,222.0,1.0,30987170.0,32152956.0,1.0,1.0,"Camp County, Texas",1,official_seed_report_only
48069,2023,TX,0.0,0.0,0.0,0.0,0.0,1.0,17.0,110.0,55.0,0.0,12651945.0,10760135.0,0.0,1.0,"Castro County, Texas",1,official_seed_report_only
48071,2023,TX,0.0,0.0,0.0,0.0,0.0,2.0,39.0,323.0,200.0,1.0,33511881.0,43922014.0,0.0,2.0,"Chambers County, Texas",1,official_seed_report_only
48073,2023,TX,2.0,1296.0,0.0,0.0,2.0,1.0,38.0,1256.0,254.0,21.0,40187450.0,50701012.0,0.0,0.0,Cherokee County,2,official_seed_report_only
48075,2023,TX,0.0,0.0,0.0,0.0,0.0,1.0,37.0,517.0,162.0,16.0,36560996.0,38494390.0,0.0,0.0,"Childress County, Texas",1,official_seed_report_only
48077,2023,TX,0.0,0.0,0.0,0.0,0.0,1.0,25.0,150.0,101.0,0.0,9401987.0,9015262.0,0.0,1.0,"Clay County, Texas",1,official_seed_report_only
48079,2023,TX,0.0,0.0,0.0,0.0,0.0,1.0,18.0,11.0,4.0,0.0,3734876.0,1630484.0,0.0,1.0,"Cochran County, Texas",1,official_seed_report_only
48083,2023,TX,0.0,0.0,0.0,0.0,0.0,1.0,25.0,250.0,185.0,18.0,12196759.0,10592503.0,0.0,1.0,"Coleman County, Texas",1,official_seed_report_only
48085,2023,TX,4.0,51109.0,15.0,0.0,3.0,14.0,1129.0,52406.0,14195.0,570.0,1600370459.0,2153691227.0,1.0,0.0,Collin County,2,official_seed_report_only
48087,2023,TX,0.0,0.0,0.0,0.0,0.0,1.0,13.0,53.0,41.0,0.0,8355093.0,4503294.0,0.0,1.0,"Collingsworth County, Texas",1,official_seed_report_only
48089,2023,TX,0.0,0.0,0.0,0.0,0.0,1.0,21.0,148.0,58.0,0.0,17370401.0,22857743.0,0.0,1.0,"Colorado County, Texas",1,official_seed_report_only
48091,2023,TX,2.0,73.0,0.0,0.0,1.0,2.0,57.0,1154.0,789.0,0.0,35370159.0,40437049.0,0.0,0.0,Comal County,2,official_seed_report_only
48093,2023,TX,0.0,0.0,0.0,0.0,0.0,1.0,16.0,398.0,236.0,2.0,47889274.0,38680136.0,0.0,1.0,"Comanche County, Texas",1,official_seed_report_only
48095,2023,TX,0.0,0.0,0.0,0.0,0.0,1.0,16.0,32.0,14.0,0.0,9752605.0,7402114.0,0.0,1.0,"Concho County, Texas",1,official_seed_report_only
48097,2023,TX,1.0,11191.0,0.0,0.0,1.0,1.0,35.0,1575.0,463.0,75.0,39394628.0,41525108.0,0.0,0.0,Cooke County,2,official_seed_report_only
48099,2023,TX,1.0,14843.0,0.0,0.0,1.0,0.0,0.0,0.0,0.0,0.0,0.0,0.0,0.0,0.0,Coryell County,1,official_seed_report_only
48103,2023,TX,0.0,0.0,0.0,0.0,0.0,1.0,15.0,41.0,27.0,0.0,9922606.0,6444181.0,0.0,1.0,"Crane County, Texas",1,official_seed_report_only
48107,2023,TX,0.0,0.0,0.0,0.0,0.0,1.0,0.0,0.0,0.0,0.0,4747392.0,1200307.0,0.0,0.0,"Crosby County, Texas",1,official_seed_report_only
48113,2023,TX,53.0,191234.0,67.0,1.0,50.0,21.0,2818.0,117784.0,13268.0,19468.0,4790624566.0,4953429981.0,3.0,0.0,Dallas County,2,official_seed_report_only
48123,2023,TX,0.0,0.0,0.0,0.0,0.0,1.0,44.0,611.0,145.0,7.0,40922312.0,35888858.0,0.0,0.0,"DeWitt County, Texas",1,official_seed_report_only
48117,2023,TX,0.0,0.0,0.0,0.0,0.0,1.0,32.0,446.0,60.0,137.0,29187200.0,18632320.0,0.0,0.0,"Deaf Smith County, Texas",1,official_seed_report_only
48121,2023,TX,4.0,72585.0,0.0,0.0,4.0,13.0,850.0,36937.0,7526.0,495.0,851998089.0,1136310059.0,1.0,0.0,Denton County,2,official_seed_report_only
48127,2023,TX,0.0,0.0,0.0,0.0,0.0,1.0,25.0,468.0,78.0,5.0,25933490.0,16906571.0,0.0,1.0,"Dimmit County, Texas",1,official_seed_report_only
48129,2023,TX,1.0,2974.0,0.0,0.0,1.0,0.0,0.0,0.0,0.0,0.0,0.0,0.0,0.0,0.0,Donley County,1,official_seed_report_only
48133,2023,TX,2.0,6935.0,0.0,0.0,2.0,0.0,0.0,0.0,0.0,0.0,0.0,0.0,0.0,0.0,Eastland County,1,official_seed_report_only
48135,2023,TX,2.0,19441.0,0.0,0.0,2.0,2.0,538.0,18120.0,3082.0,2283.0,401539800.0,389729028.0,1.0,0.0,Ector County,2,official_seed_report_only
48141,2023,TX,12.0,69272.0,18.0,1.0,12.0,10.0,1169.0,52233.0,4397.0,2023.0,1179881815.0,1300263118.0,3.0,0.0,El Paso County,2,official_seed_report_only
48139,2023,TX,1.0,2108.0,0.0,0.0,1.0,0.0,0.0,0.0,0.0,0.0,0.0,0.0,0.0,0.0,Ellis County,1,official_seed_report_only
48143,2023,TX,1.0,17448.0,0.0,0.0,1.0,1.0,47.0,1734.0,404.0,61.0,52340699.0,61065047.0,0.0,0.0,Erath County,2,official_seed_report_only
48145,2023,TX,0.0,0.0,0.0,0.0,0.0,1.0,0.0,0.0,0.0,0.0,5665974.0,4807839.0,0.0,0.0,"Falls County, Texas",1,official_seed_report_only
48147,2023,TX,0.0,0.0,0.0,0.0,0.0,1.0,25.0,306.0,80.0,0.0,20441745.0,21389839.0,0.0,1.0,"Fannin County, Texas",1,official_seed_report_only
48149,2023,TX,0.0,0.0,0.0,0.0,0.0,1.0,0.0,0.0,0.0,0.0,14301439.0,-3565836.0,0.0,0.0,"Fayette County, Texas",1,official_seed_report_only
48151,2023,TX,0.0,0.0,0.0,0.0,0.0,1.0,13.0,25.0,17.0,0.0,10690593.0,8115274.0,0.0,1.0,"Fisher County, Texas",1,official_seed_report_only
48153,2023,TX,0.0,0.0,0.0,0.0,0.0,1.0,25.0,131.0,49.0,0.0,12232702.0,9743505.0,0.0,1.0,"Floyd County, Texas",1,official_seed_report_only
48157,2023,TX,3.0,1953.0,0.0,0.0,2.0,9.0,922.0,40553.0,8712.0,1470.0,1124930108.0,1348586954.0,1.0,0.0,Fort Bend County,2,official_seed_report_only
48161,2023,TX,0.0,0.0,0.0,0.0,0.0,1.0,37.0,318.0,133.0,0.0,18205816.0,15954239.0,0.0,0.0,"Freestone County, Texas",1,official_seed_report_only
48163,2023,TX,0.0,0.0,0.0,0.0,0.0,1.0,22.0,402.0,58.0,3.0,22811240.0,25248334.0,0.0,1.0,"Frio County, Texas",1,official_seed_report_only
48165,2023,TX,0.0,0.0,0.0,0.0,0.0,1.0,25.0,167.0,37.0,29.0,53827418.0,38512484.0,0.0,1.0,"Gaines County, Texas",1,official_seed_report_only
48167,2023,TX,4.0,12705.0,0.0,1.0,4.0,1.0,0.0,0.0,0.0,0.0,0.0,0.0,0.0,0.0,Galveston County,2,official_seed_report_only
48171,2023,TX,0.0,0.0,0.0,0.0,0.0,1.0,57.0,448.0,153.0,6.0,20882352.0,18779716.0,0.0,0.0,"Gillespie County, Texas",1,official_seed_report_only
48179,2023,TX,0.0,0.0,0.0,0.0,0.0,1.0,25.0,850.0,322.0,5.0,38812639.0,27604629.0,0.0,1.0,"Gray County, Texas",1,official_seed_report_only
48181,2023,TX,3.0,6017.0,9.0,0.0,3.0,5.0,648.0,24408.0,6702.0,273.0,473813498.0,608791844.0,1.0,0.0,Grayson County,2,official_seed_report_only
48183,2023,TX,3.0,11151.0,0.0,0.0,3.0,5.0,352.0,12492.0,3428.0,1839.0,261117118.0,343798652.0,0.0,0.0,Gregg County,2,official_seed_report_only
48187,2023,TX,2.0,1645.0,0.0,0.0,2.0,1.0,117.0,3800.0,1200.0,20.0,112547758.0,135558071.0,0.0,0.0,Guadalupe County,2,official_seed_report_only
48189,2023,TX,1.0,3823.0,0.0,0.0,1.0,1.0,20.0,249.0,132.0,0.0,3823569.0,4574504.0,0.0,0.0,Hale County,2,official_seed_report_only
48193,2023,TX,0.0,0.0,0.0,0.0,0.0,1.0,25.0,384.0,126.0,0.0,47516073.0,40358392.0,0.0,1.0,"Hamilton County, Texas",1,official_seed_report_only
48195,2023,TX,0.0,0.0,0.0,0.0,0.0,1.0,14.0,80.0,49.0,0.0,21891981.0,17763935.0,0.0,1.0,"Hansford County, Texas",1,official_seed_report_only
48197,2023,TX,0.0,0.0,0.0,0.0,0.0,1.0,24.0,104.0,58.0,0.0,11690320.0,8631236.0,0.0,1.0,"Hardeman County, Texas",1,official_seed_report_only
48199,2023,TX,1.0,113.0,0.0,0.0,1.0,1.0,4.0,0.0,0.0,0.0,17979848.0,20274775.0,0.0,0.0,Hardin County,2,official_seed_report_only
48201,2023,TX,65.0,267187.0,201.0,2.0,61.0,40.0,7543.0,336740.0,47753.0,19366.0,11574926961.0,13617234435.0,10.0,0.0,Harris County,2,official_seed_report_only
48203,2023,TX,2.0,2730.0,0.0,0.0,2.0,0.0,0.0,0.0,0.0,0.0,0.0,0.0,0.0,0.0,Harrison County,1,official_seed_report_only
48207,2023,TX,0.0,0.0,0.0,0.0,0.0,1.0,25.0,173.0,32.0,0.0,13402410.0,8336085.0,0.0,1.0,"Haskell County, Texas",1,official_seed_report_only
48209,2023,TX,2.0,41805.0,538.0,0.0,2.0,0.0,0.0,0.0,0.0,0.0,0.0,0.0,0.0,0.0,Hays County,1,official_seed_report_only
48211,2023,TX,0.0,0.0,0.0,0.0,0.0,1.0,15.0,150.0,87.0,0.0,19630000.0,12701952.0,0.0,0.0,"Hemphill County, Texas",1,official_seed_report_only
48213,2023,TX,1.0,7518.0,0.0,0.0,1.0,0.0,0.0,0.0,0.0,0.0,0.0,0.0,0.0,0.0,Henderson County,1,official_seed_report_only
48215,2023,TX,17.0,91724.0,43.0,1.0,17.0,7.0,1983.0,86158.0,7936.0,5906.0,1650315582.0,2333655448.0,3.0,0.0,Hidalgo County,2,official_seed_report_only
48217,2023,TX,1.0,4707.0,0.0,0.0,1.0,1.0,25.0,1296.0,245.0,8.0,31139862.0,36185575.0,0.0,1.0,Hill County,2,official_seed_report_only
48219,2023,TX,1.0,11925.0,0.0,0.0,1.0,0.0,0.0,0.0,0.0,0.0,0.0,0.0,0.0,0.0,Hockley County,1,official_seed_report_only
48221,2023,TX,0.0,0.0,0.0,0.0,0.0,1.0,53.0,2975.0,800.0,392.0,110436824.0,173538239.0,1.0,0.0,"Hood County, Texas",1,official_seed_report_only
48225,2023,TX,0.0,0.0,0.0,0.0,0.0,1.0,25.0,108.0,43.0,0.0,18717054.0,11990021.0,0.0,1.0,"Houston County, Texas",1,official_seed_report_only
48227,2023,TX,2.0,5276.0,0.0,0.0,2.0,1.0,75.0,927.0,167.0,62.0,36080864.0,46085757.0,0.0,0.0,Howard County,2,official_seed_report_only
48231,2023,TX,3.0,14475.0,0.0,0.0,3.0,2.0,204.0,9831.0,2058.0,348.0,210735007.0,189747012.0,1.0,0.0,Hunt County,2,official_seed_report_only
48233,2023,TX,1.0,1984.0,0.0,0.0,1.0,1.0,25.0,348.0,74.0,29.0,30871086.0,31027016.0,0.0,1.0,Hutchinson County,2,official_seed_report_only
48239,2023,TX,0.0,0.0,0.0,0.0,0.0,1.0,25.0,62.0,29.0,0.0,25301740.0,18443688.0,0.0,1.0,"Jackson County, Texas",1,official_seed_report_only
48241,2023,TX,1.0,75.0,0.0,0.0,1.0,0.0,0.0,0.0,0.0,0.0,0.0,0.0,0.0,0.0,Jasper County,1,official_seed_report_only
48245,2023,TX,6.0,31133.0,1.0,0.0,6.0,2.0,257.0,5000.0,1256.0,84.0,138457051.0,142978859.0,0.0,0.0,Jefferson County,2,official_seed_report_only
48251,2023,TX,1.0,912.0,0.0,0.0,1.0,1.0,64.0,3354.0,601.0,71.0,64124795.0,80119120.0,0.0,0.0,Johnson County,2,official_seed_report_only
48257,2023,TX,1.0,134.0,0.0,0.0,1.0,1.0,42.0,1003.0,212.0,16.0,36677875.0,48206349.0,0.0,0.0,Kaufman County,2,official_seed_report_only
48265,2023,TX,2.0,1427.0,0.0,0.0,2.0,0.0,0.0,0.0,0.0,0.0,0.0,0.0,0.0,0.0,Kerr County,1,official_seed_report_only
48267,2023,TX,0.0,0.0,0.0,0.0,0.0,1.0,15.0,84.0,58.0,3.0,9229948.0,8438013.0,0.0,1.0,"Kimble County, Texas",1,official_seed_report_only
48273,2023,TX,1.0,7003.0,0.0,0.0,1.0,0.0,0.0,0.0,0.0,0.0,0.0,0.0,0.0,0.0,Kleberg County,1,official_seed_report_only
48275,2023,TX,0.0,0.0,0.0,0.0,0.0,1.0,25.0,94.0,37.0,0.0,14802020.0,17024223.0,0.0,1.0,"Knox County, Texas",1,official_seed_report_only
48277,2023,TX,1.0,6433.0,0.0,0.0,1.0,0.0,0.0,0.0,0.0,0.0,0.0,0.0,0.0,0.0,Lamar County,1,official_seed_report_only
48279,2023,TX,0.0,0.0,0.0,0.0,0.0,1.0,42.0,219.0,37.0,69.0,12948286.0,6796163.0,0.0,0.0,"Lamb County, Texas",1,official_seed_report_only
48281,2023,TX,0.0,0.0,0.0,0.0,0.0,1.0,25.0,330.0,136.0,1.0,20945530.0,21036575.0,0.0,1.0,"Lampasas County, Texas",1,official_seed_report_only
48285,2023,TX,0.0,0.0,0.0,0.0,0.0,1.0,25.0,403.0,240.0,0.0,20902558.0,19320785.0,0.0,1.0,"Lavaca County, Texas",1,official_seed_report_only
48291,2023,TX,0.0,0.0,0.0,0.0,0.0,2.0,41.0,323.0,66.0,22.0,76188078.0,63138258.0,0.0,1.0,"Liberty County, Texas",1,official_seed_report_only
48293,2023,TX,0.0,0.0,0.0,0.0,0.0,1.0,20.0,209.0,73.0,0.0,24838769.0,20472779.0,0.0,1.0,"Limestone County, Texas",1,official_seed_report_only
48299,2023,TX,0.0,0.0,0.0,0.0,0.0,1.0,25.0,89.0,38.0,0.0,10269218.0,7111562.0,0.0,1.0,"Llano County, Texas",1,official_seed_report_only
48303,2023,TX,7.0,53233.0,118.0,2.0,7.0,4.0,619.0,23316.0,4196.0,582.0,895771480.0,894470565.0,1.0,0.0,Lubbock County,2,official_seed_report_only
48305,2023,TX,0.0,0.0,0.0,0.0,0.0,1.0,24.0,115.0,64.0,0.0,15666843.0,16396169.0,0.0,1.0,"Lynn County, Texas",1,official_seed_report_only
48321,2023,TX,0.0,0.0,0.0,0.0,0.0,2.0,62.0,1465.0,362.0,61.0,56314585.0,49438091.0,0.0,1.0,"Matagorda County, Texas",1,official_seed_report_only
48323,2023,TX,1.0,99.0,0.0,0.0,1.0,1.0,86.0,3947.0,476.0,167.0,55807328.0,90414815.0,0.0,0.0,Maverick County,2,official_seed_report_only
48309,2023,TX,4.0,47695.0,0.0,0.0,4.0,2.0,88.0,2038.0,762.0,0.0,30713264.0,33255663.0,0.0,0.0,McLennan County,2,official_seed_report_only
48325,2023,TX,0.0,0.0,0.0,0.0,0.0,1.0,25.0,494.0,94.0,5.0,34617173.0,33256583.0,0.0,1.0,"Medina County, Texas",1,official_seed_report_only
48329,2023,TX,1.0,7661.0,0.0,0.0,1.0,2.0,330.0,13424.0,2170.0,527.0,310095194.0,307179705.0,1.0,0.0,Midland County,2,official_seed_report_only
48335,2023,TX,0.0,0.0,0.0,0.0,0.0,1.0,25.0,116.0,36.0,0.0,18796008.0,17399305.0,0.0,1.0,"Mitchell County, Texas",1,official_seed_report_only
48339,2023,TX,2.0,104684.0,0.0,0.0,2.0,6.0,670.0,34956.0,6904.0,904.0,845664569.0,1033325225.0,1.0,0.0,Montgomery County,2,official_seed_report_only
48347,2023,TX,1.0,12740.0,0.0,0.0,1.0,1.0,155.0,5038.0,1324.0,79.0,87366165.0,121043770.0,0.0,0.0,Nacogdoches County,2,official_seed_report_only
48349,2023,TX,1.0,8160.0,0.0,0.0,1.0,1.0,47.0,2257.0,488.0,488.0,53934881.0,85169390.0,0.0,0.0,Navarro County,2,official_seed_report_only
48353,2023,TX,0.0,0.0,0.0,0.0,0.0,1.0,40.0,778.0,211.0,141.0,44775907.0,25768992.0,0.0,0.0,"Nolan County, Texas",1,official_seed_report_only
48355,2023,TX,5.0,28443.0,0.0,0.0,5.0,2.0,77.0,2266.0,640.0,0.0,26362291.0,31075286.0,0.0,0.0,Nueces County,2,official_seed_report_only
48357,2023,TX,0.0,0.0,0.0,0.0,0.0,1.0,25.0,379.0,77.0,41.0,26155753.0,21168590.0,0.0,1.0,"Ochiltree County, Texas",1,official_seed_report_only
48361,2023,TX,1.0,3383.0,0.0,0.0,1.0,0.0,0.0,0.0,0.0,0.0,0.0,0.0,0.0,0.0,Orange County,1,official_seed_report_only
48363,2023,TX,0.0,0.0,0.0,0.0,0.0,1.0,48.0,1450.0,361.0,65.0,52658665.0,32513611.0,0.0,0.0,"Palo Pinto County, Texas",1,official_seed_report_only
48365,2023,TX,1.0,3123.0,0.0,0.0,1.0,0.0,0.0,0.0,0.0,0.0,0.0,0.0,0.0,0.0,Panola County,1,official_seed_report_only
48367,2023,TX,1.0,7094.0,164.0,0.0,1.0,2.0,117.0,7894.0,2347.0,110.0,110504992.0,156491658.0,1.0,0.0,Parker County,2,official_seed_report_only
48369,2023,TX,0.0,0.0,0.0,0.0,0.0,1.0,25.0,109.0,64.0,5.0,12193899.0,8850762.0,0.0,1.0,"Parmer County, Texas",1,official_seed_report_only
48371,2023,TX,0.0,0.0,0.0,0.0,0.0,3.0,64.0,361.0,70.0,13.0,36891145.0,24075821.0,0.0,3.0,"Pecos County, Texas",1,official_seed_report_only
48375,2023,TX,4.0,12149.0,0.0,0.0,4.0,6.0,851.0,35721.0,8774.0,977.0,800174265.0,1074010268.0,2.0,0.0,Potter County,2,official_seed_report_only
48381,2023,TX,1.0,10667.0,0.0,0.0,1.0,0.0,0.0,0.0,0.0,0.0,0.0,0.0,0.0,0.0,Randall County,1,official_seed_report_only
48383,2023,TX,0.0,0.0,0.0,0.0,0.0,1.0,7.0,16.0,5.0,0.0,15226945.0,7873546.0,0.0,1.0,"Reagan County, Texas",1,official_seed_report_only
48389,2023,TX,0.0,0.0,0.0,0.0,0.0,1.0,25.0,567.0,149.0,6.0,55973855.0,22877140.0,0.0,1.0,"Reeves County, Texas",1,official_seed_report_only
48391,2023,TX,0.0,0.0,0.0,0.0,0.0,1.0,20.0,115.0,63.0,0.0,17323784.0,14279311.0,0.0,1.0,"Refugio County, Texas",1,official_seed_report_only
48397,2023,TX,0.0,0.0,0.0,0.0,0.0,1.0,53.0,3550.0,950.0,48.0,109841863.0,130833882.0,0.0,0.0,"Rockwall County, Texas",1,official_seed_report_only
48399,2023,TX,0.0,0.0,0.0,0.0,0.0,1.0,16.0,91.0,55.0,0.0,20392999.0,18466867.0,0.0,1.0,"Runnels County, Texas",1,official_seed_report_only
48401,2023,TX,0.0,0.0,0.0,0.0,0.0,1.0,41.0,1044.0,281.0,39.0,35261565.0,44836661.0,0.0,0.0,"Rusk County, Texas",1,official_seed_report_only
48403,2023,TX,0.0,0.0,0.0,0.0,0.0,1.0,25.0,81.0,67.0,3.0,10292663.0,8717878.0,0.0,1.0,"Sabine County, Texas",1,official_seed_report_only
48409,2023,TX,1.0,115.0,0.0,0.0,1.0,0.0,0.0,0.0,0.0,0.0,0.0,0.0,0.0,0.0,San Patricio County,1,official_seed_report_only
48413,2023,TX,0.0,0.0,0.0,0.0,0.0,1.0,14.0,47.0,22.0,0.0,6821604.0,4666898.0,0.0,1.0,"Schleicher County, Texas",1,official_seed_report_only
48415,2023,TX,1.0,3276.0,0.0,0.0,1.0,1.0,25.0,495.0,128.0,15.0,45079495.0,30560329.0,0.0,1.0,Scurry County,2,official_seed_report_only
48423,2023,TX,3.0,27963.0,0.0,1.0,3.0,4.0,517.0,25550.0,8040.0,78.0,574123900.0,757496520.0,1.0,0.0,Smith County,2,official_seed_report_only
48425,2023,TX,0.0,0.0,0.0,0.0,0.0,1.0,16.0,295.0,116.0,0.0,19462518.0,17877257.0,0.0,0.0,"Somervell County, Texas",1,official_seed_report_only
48427,2023,TX,0.0,0.0,0.0,0.0,0.0,1.0,48.0,958.0,179.0,71.0,40357713.0,37567541.0,0.0,0.0,"Starr County, Texas",1,official_seed_report_only
48429,2023,TX,0.0,0.0,0.0,0.0,0.0,1.0,40.0,132.0,54.0,0.0,13172839.0,7728336.0,0.0,0.0,"Stephens County, Texas",1,official_seed_report_only
48433,2023,TX,0.0,0.0,0.0,0.0,0.0,1.0,20.0,92.0,65.0,0.0,10766285.0,9077487.0,0.0,1.0,"Stonewall County, Texas",1,official_seed_report_only
48435,2023,TX,0.0,0.0,0.0,0.0,0.0,1.0,11.0,47.0,20.0,0.0,10478503.0,9158986.0,0.0,1.0,"Sutton County, Texas",1,official_seed_report_only
48437,2023,TX,0.0,0.0,0.0,0.0,0.0,1.0,20.0,64.0,32.0,0.0,10917784.0,8246645.0,0.0,1.0,"Swisher County, Texas",1,official_seed_report_only
48439,2023,TX,28.0,150398.0,9.0,2.0,28.0,27.0,3797.0,176414.0,27862.0,7792.0,5440254458.0,6431465733.0,7.0,0.0,Tarrant County,2,official_seed_report_only
48441,2023,TX,5.0,9478.0,0.0,0.0,5.0,2.0,150.0,3647.0,1225.0,1.0,41914919.0,52307305.0,0.0,0.0,Taylor County,2,official_seed_report_only
48445,2023,TX,0.0,0.0,0.0,0.0,0.0,1.0,26.0,409.0,82.0,32.0,19192114.0,12143749.0,0.0,0.0,"Terry County, Texas",1,official_seed_report_only
48447,2023,TX,0.0,0.0,0.0,0.0,0.0,1.0,14.0,38.0,16.0,0.0,5781970.0,3035350.0,0.0,1.0,"Throckmorton County, Texas",1,official_seed_report_only
48449,2023,TX,1.0,4033.0,0.0,0.0,1.0,1.0,49.0,2913.0,720.0,183.0,72261493.0,98169899.0,0.0,0.0,Titus County,2,official_seed_report_only
48451,2023,TX,2.0,12300.0,0.0,0.0,2.0,2.0,420.0,19575.0,4486.0,305.0,432225581.0,656110470.0,0.0,0.0,Tom Green County,2,official_seed_report_only
48453,2023,TX,23.0,126904.0,33.0,1.0,23.0,10.0,1284.0,63950.0,13854.0,4861.0,1370346477.0,1837184328.0,1.0,0.0,Travis County,2,official_seed_report_only
48461,2023,TX,0.0,0.0,0.0,0.0,0.0,2.0,28.0,46.0,14.0,0.0,30919342.0,17815983.0,0.0,2.0,"Upton County, Texas",1,official_seed_report_only
48463,2023,TX,1.0,8243.0,1.0,0.0,1.0,0.0,0.0,0.0,0.0,0.0,0.0,0.0,0.0,0.0,Uvalde County,1,official_seed_report_only
48469,2023,TX,4.0,9260.0,0.0,0.0,4.0,3.0,220.0,8227.0,2434.0,1245.0,200018301.0,266134265.0,1.0,0.0,Victoria County,2,official_seed_report_only
48471,2023,TX,1.0,23907.0,0.0,1.0,1.0,0.0,0.0,0.0,0.0,0.0,0.0,0.0,0.0,0.0,Walker County,1,official_seed_report_only
48473,2023,TX,1.0,10095.0,0.0,0.0,1.0,0.0,0.0,0.0,0.0,0.0,0.0,0.0,0.0,0.0,Waller County,1,official_seed_report_only
48475,2023,TX,0.0,0.0,0.0,0.0,0.0,1.0,19.0,226.0,89.0,0.0,19121526.0,16094996.0,0.0,1.0,"Ward County, Texas",1,official_seed_report_only
48477,2023,TX,3.0,35412.0,0.0,0.0,3.0,1.0,25.0,1147.0,310.0,85.0,35627994.0,42678329.0,0.0,1.0,Washington County,2,official_seed_report_only
48479,2023,TX,6.0,23184.0,0.0,0.0,6.0,3.0,500.0,21313.0,3414.0,4067.0,399231737.0,561886005.0,1.0,0.0,Webb County,2,official_seed_report_only
48481,2023,TX,1.0,7344.0,0.0,0.0,1.0,1.0,26.0,754.0,283.0,0.0,43596083.0,28723404.0,0.0,0.0,Wharton County,2,official_seed_report_only
48485,2023,TX,1.0,6843.0,9.0,0.0,1.0,4.0,400.0,20363.0,6133.0,225.0,421309496.0,525544273.0,0.0,1.0,Wichita County,2,official_seed_report_only
48487,2023,TX,1.0,2991.0,0.0,0.0,1.0,1.0,28.0,654.0,267.0,0.0,24042845.0,20570127.0,0.0,0.0,Wilbarger County,2,official_seed_report_only
48491,2023,TX,5.0,3292.0,10.0,0.0,5.0,6.0,355.0,10547.0,2215.0,26.0,166642675.0,311936391.0,0.0,1.0,Williamson County,2,official_seed_report_only
48493,2023,TX,0.0,0.0,0.0,0.0,0.0,1.0,44.0,616.0,188.0,1.0,31661666.0,41955449.0,0.0,0.0,"Wilson County, Texas",1,official_seed_report_only
48495,2023,TX,0.0,0.0,0.0,0.0,0.0,1.0,16.0,46.0,17.0,0.0,15583688.0,11543194.0,0.0,1.0,"Winkler County, Texas",1,official_seed_report_only
48497,2023,TX,0.0,0.0,0.0,0.0,0.0,1.0,81.0,4016.0,1308.0,66.0,161638713.0,265595809.0,0.0,0.0,"Wise County, Texas",1,official_seed_report_only
48499,2023,TX,1.0,892.0,0.0,0.0,1.0,0.0,0.0,0.0,0.0,0.0,0.0,0.0,0.0,0.0,Wood County,1,official_seed_report_only
48501,2023,TX,0.0,0.0,0.0,0.0,0.0,1.0,24.0,297.0,39.0,70.0,30334654.0,13143463.0,0.0,1.0,"Yoakum County, Texas",1,official_seed_report_only
48503,2023,TX,0.0,0.0,0.0,0.0,0.0,2.0,50.0,155.0,71.0,0.0,22365177.0,20729008.0,0.0,1.0,"Young County, Texas",1,official_seed_report_only
49001,2023,UT,0.0,0.0,0.0,0.0,0.0,1.0,23.0,32.0,14.0,2.0,7160740.0,6797521.0,0.0,1.0,"Beaver County, Utah",1,official_seed_report_only
49003,2023,UT,0.0,0.0,0.0,0.0,0.0,1.0,16.0,339.0,48.0,38.0,23627841.0,38067809.0,0.0,0.0,"Box Elder County, Utah",1,official_seed_report_only
49005,2023,UT,3.0,36010.0,38.0,1.0,3.0,1.0,114.0,5665.0,891.0,434.0,205666139.0,355428416.0,0.0,0.0,Cache County,2,official_seed_report_only
49007,2023,UT,0.0,0.0,0.0,0.0,0.0,1.0,39.0,1368.0,630.0,231.0,46779842.0,97393277.0,0.0,0.0,"Carbon County, Utah",1,official_seed_report_only
49011,2023,UT,3.0,6103.0,0.0,0.0,3.0,4.0,355.0,6583.0,1153.0,390.0,253558477.0,292322706.0,0.0,0.0,Davis County,2,official_seed_report_only
49017,2023,UT,0.0,0.0,0.0,0.0,0.0,1.0,15.0,254.0,97.0,27.0,16863688.0,15182942.0,0.0,1.0,"Garfield County, Utah",1,official_seed_report_only
49019,2023,UT,0.0,0.0,0.0,0.0,0.0,1.0,17.0,399.0,142.0,48.0,41233990.0,47559486.0,0.0,1.0,"Grand County, Utah",1,official_seed_report_only
49021,2023,UT,3.0,22389.0,0.0,0.0,3.0,1.0,48.0,2054.0,393.0,235.0,85650452.0,158372944.0,0.0,0.0,Iron County,2,official_seed_report_only
49025,2023,UT,0.0,0.0,0.0,0.0,0.0,1.0,25.0,118.0,55.0,27.0,17121529.0,14428938.0,0.0,1.0,"Kane County, Utah",1,official_seed_report_only
49027,2023,UT,0.0,0.0,0.0,0.0,0.0,2.0,37.0,407.0,129.0,52.0,24853662.0,31045563.0,0.0,2.0,"Millard County, Utah",1,official_seed_report_only
49035,2023,UT,25.0,337284.0,9470.0,1.0,24.0,12.0,1709.0,64461.0,7851.0,5339.0,2329324266.0,3276232629.0,4.0,0.0,Salt Lake County,2,official_seed_report_only
49037,2023,UT,0.0,0.0,0.0,0.0,0.0,2.0,32.0,647.0,168.0,196.0,40241755.0,41098574.0,0.0,2.0,"San Juan County, Utah",1,official_seed_report_only
49039,2023,UT,1.0,7259.0,0.0,0.0,1.0,1.0,18.0,377.0,99.0,49.0,21948844.0,35478653.0,0.0,1.0,Sanpete County,2,official_seed_report_only
49041,2023,UT,0.0,0.0,0.0,0.0,0.0,1.0,24.0,743.0,201.0,142.0,42501116.0,66136795.0,0.0,0.0,"Sevier County, Utah",1,official_seed_report_only
49043,2023,UT,0.0,0.0,0.0,0.0,0.0,1.0,37.0,1213.0,228.0,110.0,74376307.0,133275456.0,0.0,0.0,"Summit County, Utah",1,official_seed_report_only
49045,2023,UT,1.0,1045.0,0.0,0.0,1.0,1.0,36.0,1715.0,309.0,60.0,55469400.0,106100595.0,0.0,0.0,Tooele County,2,official_seed_report_only
49047,2023,UT,1.0,2084.0,1.0,0.0,1.0,0.0,0.0,0.0,0.0,0.0,0.0,0.0,0.0,0.0,Uintah County,1,official_seed_report_only
49049,2023,UT,13.0,105576.0,31.0,0.0,13.0,6.0,672.0,33164.0,4614.0,3125.0,870792631.0,1318074511.0,1.0,0.0,Utah County,2,official_seed_report_only
49051,2023,UT,1.0,27.0,0.0,0.0,1.0,1.0,19.0,674.0,140.0,38.0,37383270.0,59994911.0,0.0,1.0,Wasatch County,2,official_seed_report_only
49053,2023,UT,6.0,16941.0,4.0,0.0,6.0,1.0,256.0,17784.0,5300.0,1135.0,584971358.0,875835912.0,0.0,0.0,Washington County,2,official_seed_report_only
49057,2023,UT,3.0,42085.0,72.0,0.0,3.0,2.0,276.0,14399.0,3290.0,1260.0,401349062.0,692340415.0,1.0,0.0,Weber County,2,official_seed_report_only
51001,2023,VA,1.0,901.0,10.0,0.0,1.0,0.0,0.0,0.0,0.0,0.0,0.0,0.0,0.0,0.0,Accomack County,1,official_seed_report_only
51003,2023,VA,2.0,36532.0,111.0,1.0,2.0,2.0,200.0,8843.0,3704.0,146.0,289998183.0,294987863.0,0.0,0.0,Albemarle County,2,official_seed_report_only
51510,2023,VA,0.0,0.0,0.0,0.0,0.0,1.0,4.0,11.0,9.0,0.0,2601258.0,1380668.0,0.0,0.0,"Alexandria city, Virginia",1,official_seed_report_only
51005,2023,VA,1.0,1274.0,18.0,0.0,1.0,0.0,0.0,0.0,0.0,0.0,0.0,0.0,0.0,0.0,Alleghany County,1,official_seed_report_only
51009,2023,VA,1.0,474.0,0.0,0.0,1.0,0.0,0.0,0.0,0.0,0.0,0.0,0.0,0.0,0.0,Amherst County,1,official_seed_report_only
51013,2023,VA,5.0,10208.0,38.0,0.0,5.0,1.0,385.0,20883.0,4566.0,388.0,613155693.0,678312768.0,1.0,0.0,Arlington County,2,official_seed_report_only
51015,2023,VA,1.0,4944.0,77.0,0.0,1.0,1.0,193.0,9384.0,3386.0,175.0,340391613.0,448911975.0,0.0,0.0,Augusta County,2,official_seed_report_only
51017,2023,VA,0.0,0.0,0.0,0.0,0.0,1.0,14.0,111.0,57.0,0.0,20563208.0,17718397.0,0.0,1.0,"Bath County, Virginia",1,official_seed_report_only
51019,2023,VA,0.0,0.0,0.0,0.0,0.0,1.0,33.0,1378.0,620.0,11.0,36383327.0,51470472.0,0.0,0.0,"Bedford County, Virginia",1,official_seed_report_only
51520,2023,VA,1.0,71.0,0.0,0.0,1.0,0.0,0.0,0.0,0.0,0.0,0.0,0.0,0.0,0.0,Bristol City,1,official_seed_report_only
51025,2023,VA,1.0,4112.0,32.0,0.0,1.0,0.0,0.0,0.0,0.0,0.0,0.0,0.0,0.0,0.0,Brunswick County,1,official_seed_report_only
51027,2023,VA,2.0,345.0,0.0,0.0,2.0,0.0,0.0,0.0,0.0,0.0,0.0,0.0,0.0,0.0,Buchanan County,1,official_seed_report_only
51530,2023,VA,1.0,1127.0,0.0,0.0,1.0,0.0,0.0,0.0,0.0,0.0,0.0,0.0,0.0,0.0,Buena Vista City,1,official_seed_report_only
51035,2023,VA,0.0,0.0,0.0,0.0,0.0,1.0,141.0,2072.0,624.0,35.0,37174621.0,62029935.0,0.0,0.0,"Carroll County, Virginia",1,official_seed_report_only
51550,2023,VA,2.0,1074.0,1.0,0.0,2.0,0.0,0.0,0.0,0.0,0.0,0.0,0.0,0.0,0.0,Chesapeake City,1,official_seed_report_only
51041,2023,VA,6.0,18159.0,133.0,0.0,6.0,0.0,0.0,0.0,0.0,0.0,0.0,0.0,0.0,0.0,Chesterfield County,1,official_seed_report_only
51570,2023,VA,1.0,130.0,1.0,0.0,1.0,0.0,0.0,0.0,0.0,0.0,0.0,0.0,0.0,0.0,Colonial Heights City,1,official_seed_report_only
51047,2023,VA,1.0,58.0,0.0,0.0,1.0,0.0,0.0,0.0,0.0,0.0,0.0,0.0,0.0,0.0,Culpeper County,1,official_seed_report_only
51590,2023,VA,4.0,5030.0,33.0,0.0,3.0,0.0,0.0,0.0,0.0,0.0,0.0,0.0,0.0,0.0,Danville City,1,official_seed_report_only
51051,2023,VA,0.0,0.0,0.0,0.0,0.0,1.0,2.0,5.0,3.0,0.0,9604411.0,9635333.0,0.0,1.0,"Dickenson County, Virginia",1,official_seed_report_only
51053,2023,VA,1.0,2499.0,0.0,0.0,1.0,0.0,0.0,0.0,0.0,0.0,0.0,0.0,0.0,0.0,Dinwiddie County,1,official_seed_report_only
51059,2023,VA,18.0,125048.0,1010.0,0.0,17.0,5.0,1694.0,88176.0,23261.0,7074.0,3406671201.0,4317270470.0,4.0,0.0,Fairfax County,2,official_seed_report_only
51061,2023,VA,0.0,0.0,0.0,0.0,0.0,1.0,97.0,2193.0,857.0,27.0,76607463.0,114457788.0,0.0,0.0,"Fauquier County, Virginia",1,official_seed_report_only
51620,2023,VA,1.0,1645.0,15.0,0.0,1.0,0.0,0.0,0.0,0.0,0.0,0.0,0.0,0.0,0.0,Franklin City,1,official_seed_report_only
51067,2023,VA,1.0,989.0,0.0,0.0,1.0,1.0,37.0,1698.0,610.0,47.0,55909197.0,75223364.0,0.0,0.0,Franklin County,2,official_seed_report_only
51069,2023,VA,1.0,7549.0,94.0,0.0,1.0,1.0,455.0,25080.0,7883.0,653.0,629691659.0,753297567.0,1.0,0.0,Frederick County,2,official_seed_report_only
51630,2023,VA,1.0,4112.0,0.0,0.0,1.0,0.0,0.0,0.0,0.0,0.0,0.0,0.0,0.0,0.0,Fredericksburg City,1,official_seed_report_only
51071,2023,VA,0.0,0.0,0.0,0.0,0.0,1.0,25.0,965.0,350.0,4.0,75856770.0,75384991.0,0.0,1.0,"Giles County, Virginia",1,official_seed_report_only
51073,2023,VA,1.0,3394.0,40.0,0.0,1.0,1.0,67.0,2229.0,976.0,36.0,90639589.0,117860566.0,0.0,0.0,Gloucester County,2,official_seed_report_only
51081,2023,VA,0.0,0.0,0.0,0.0,0.0,1.0,70.0,469.0,159.0,19.0,24529392.0,25386560.0,0.0,0.0,"Greensville County, Virginia",1,official_seed_report_only
51083,2023,VA,0.0,0.0,0.0,0.0,0.0,1.0,44.0,2521.0,1071.0,39.0,108879672.0,102425041.0,0.0,0.0,"Halifax County, Virginia",1,official_seed_report_only
51650,2023,VA,3.0,12749.0,181.0,0.0,3.0,1.0,169.0,6909.0,2008.0,199.0,240704782.0,328872887.0,0.0,0.0,Hampton City,2,official_seed_report_only
51085,2023,VA,2.0,1603.0,0.0,0.0,2.0,0.0,0.0,0.0,0.0,0.0,0.0,0.0,0.0,0.0,Hanover County,1,official_seed_report_only
51660,2023,VA,2.0,25919.0,29.0,0.0,2.0,0.0,0.0,0.0,0.0,0.0,0.0,0.0,0.0,0.0,Harrisonburg City,1,official_seed_report_only
51087,2023,VA,8.0,13135.0,268.0,0.0,8.0,2.0,154.0,3509.0,1767.0,92.0,101262975.0,102499437.0,0.0,0.0,Henrico County,2,official_seed_report_only
51089,2023,VA,1.0,2348.0,16.0,0.0,1.0,0.0,0.0,0.0,0.0,0.0,0.0,0.0,0.0,0.0,Henry County,1,official_seed_report_only
51670,2023,VA,0.0,0.0,0.0,0.0,0.0,1.0,107.0,4629.0,1211.0,60.0,91794761.0,149501381.0,0.0,0.0,"Hopewell city, Virginia",1,official_seed_report_only
51095,2023,VA,0.0,0.0,0.0,0.0,0.0,1.0,66.0,2407.0,216.0,1076.0,17024199.0,18430019.0,0.0,0.0,"James City County, Virginia",1,official_seed_report_only
51678,2023,VA,2.0,3776.0,0.0,0.0,2.0,0.0,0.0,0.0,0.0,0.0,0.0,0.0,0.0,0.0,Lexington City,1,official_seed_report_only
51107,2023,VA,2.0,1018.0,0.0,0.0,2.0,2.0,296.0,16148.0,4844.0,755.0,487763795.0,642692273.0,1.0,0.0,Loudoun County,2,official_seed_report_only
51680,2023,VA,7.0,149038.0,29.0,1.0,7.0,2.0,488.0,23081.0,7419.0,424.0,723335584.0,936470367.0,1.0,0.0,Lynchburg City,2,official_seed_report_only
51121,2023,VA,2.0,42972.0,161.0,2.0,2.0,2.0,182.0,11125.0,3642.0,237.0,293085095.0,445354095.0,1.0,0.0,Montgomery County,2,official_seed_report_only
51700,2023,VA,6.0,5767.0,0.0,0.0,6.0,2.0,458.0,23616.0,6225.0,887.0,845514955.0,1092364569.0,1.0,0.0,Newport News City,2,official_seed_report_only
51710,2023,VA,9.0,61093.0,417.0,1.0,9.0,2.0,746.0,42506.0,10828.0,1727.0,1553943168.0,2259726822.0,2.0,0.0,Norfolk City,2,official_seed_report_only
51131,2023,VA,0.0,0.0,0.0,0.0,0.0,1.0,52.0,2114.0,721.0,101.0,86199902.0,101621917.0,0.0,0.0,"Northampton County, Virginia",1,official_seed_report_only
51137,2023,VA,1.0,10655.0,141.0,0.0,1.0,0.0,0.0,0.0,0.0,0.0,0.0,0.0,0.0,0.0,Orange County,1,official_seed_report_only
51139,2023,VA,0.0,0.0,0.0,0.0,0.0,1.0,25.0,903.0,381.0,5.0,42587892.0,48579384.0,0.0,1.0,"Page County, Virginia",1,official_seed_report_only
51730,2023,VA,2.0,137.0,0.0,0.0,1.0,1.0,300.0,11816.0,3098.0,337.0,248767098.0,261505389.0,0.0,0.0,Petersburg City,2,official_seed_report_only
51143,2023,VA,0.0,0.0,0.0,0.0,0.0,1.0,205.0,8867.0,2435.0,167.0,223990277.0,375903329.0,1.0,0.0,"Pittsylvania County, Virginia",1,official_seed_report_only
51147,2023,VA,2.0,6826.0,0.0,0.0,2.0,1.0,77.0,2793.0,960.0,65.0,89495966.0,115675401.0,0.0,0.0,Prince Edward County,2,official_seed_report_only
51153,2023,VA,3.0,505.0,0.0,0.0,2.0,1.0,147.0,9699.0,2584.0,518.0,263139023.0,310534181.0,0.0,0.0,Prince William County,2,official_seed_report_only
51155,2023,VA,1.0,5699.0,60.0,0.0,1.0,0.0,0.0,0.0,0.0,0.0,0.0,0.0,0.0,0.0,Pulaski County,1,official_seed_report_only
51750,2023,VA,1.0,8921.0,19.0,0.0,1.0,0.0,0.0,0.0,0.0,0.0,0.0,0.0,0.0,0.0,Radford City,1,official_seed_report_only
51760,2023,VA,4.0,37684.0,1259.0,1.0,4.0,0.0,0.0,0.0,0.0,0.0,0.0,0.0,0.0,0.0,Richmond City,1,official_seed_report_only
51770,2023,VA,2.0,8260.0,145.0,0.0,2.0,0.0,0.0,0.0,0.0,0.0,0.0,0.0,0.0,0.0,Roanoke City,1,official_seed_report_only
51161,2023,VA,2.0,1043.0,0.0,0.0,1.0,1.0,634.0,29288.0,7643.0,725.0,1033556365.0,1525864523.0,1.0,0.0,Roanoke County,2,official_seed_report_only
51163,2023,VA,0.0,0.0,0.0,0.0,0.0,1.0,25.0,1337.0,539.0,13.0,53161372.0,65056561.0,0.0,1.0,"Rockbridge County, Virginia",1,official_seed_report_only
51165,2023,VA,1.0,1461.0,6.0,0.0,1.0,1.0,238.0,10965.0,3876.0,357.0,378036475.0,424287570.0,0.0,0.0,Rockingham County,2,official_seed_report_only
51167,2023,VA,0.0,0.0,0.0,0.0,0.0,1.0,47.0,1634.0,313.0,18.0,27507276.0,33962946.0,0.0,0.0,"Russell County, Virginia",1,official_seed_report_only
51775,2023,VA,2.0,3224.0,0.0,0.0,2.0,1.0,271.0,15208.0,4751.0,326.0,300499353.0,498302554.0,1.0,0.0,Salem City,2,official_seed_report_only
51171,2023,VA,0.0,0.0,0.0,0.0,0.0,1.0,25.0,1366.0,559.0,17.0,74361295.0,85466156.0,0.0,1.0,"Shenandoah County, Virginia",1,official_seed_report_only
51175,2023,VA,0.0,0.0,0.0,0.0,0.0,1.0,90.0,996.0,365.0,8.0,53504999.0,51401020.0,0.0,0.0,"Southampton County, Virginia",1,official_seed_report_only
51177,2023,VA,1.0,268.0,0.0,0.0,1.0,1.0,414.0,21041.0,6931.0,419.0,504216003.0,607268376.0,1.0,0.0,Spotsylvania County,2,official_seed_report_only
51179,2023,VA,0.0,0.0,0.0,0.0,0.0,1.0,88.0,4360.0,1044.0,118.0,109198265.0,132164878.0,0.0,0.0,"Stafford County, Virginia",1,official_seed_report_only
51790,2023,VA,2.0,2232.0,77.0,0.0,2.0,0.0,0.0,0.0,0.0,0.0,0.0,0.0,0.0,0.0,Staunton City,1,official_seed_report_only
51800,2023,VA,0.0,0.0,0.0,0.0,0.0,1.0,186.0,10329.0,3306.0,230.0,254486262.0,361111000.0,1.0,0.0,"Suffolk city, Virginia",1,official_seed_report_only
51185,2023,VA,2.0,4116.0,13.0,0.0,2.0,2.0,174.0,3035.0,825.0,46.0,94376979.0,140664880.0,0.0,0.0,Tazewell County,2,official_seed_report_only
51810,2023,VA,14.0,36139.0,15.0,0.0,13.0,3.0,513.0,29182.0,9399.0,656.0,652019322.0,880664592.0,2.0,0.0,Virginia Beach City,2,official_seed_report_only
51187,2023,VA,0.0,0.0,0.0,0.0,0.0,1.0,36.0,2123.0,887.0,26.0,94824810.0,106850217.0,1.0,0.0,"Warren County, Virginia",1,official_seed_report_only
51191,2023,VA,2.0,4128.0,24.0,0.0,2.0,0.0,0.0,0.0,0.0,0.0,0.0,0.0,0.0,0.0,Washington County,1,official_seed_report_only
51830,2023,VA,1.0,10856.0,5.0,0.0,1.0,2.0,163.0,8051.0,3402.0,159.0,242091994.0,297028805.0,0.0,0.0,Williamsburg City,2,official_seed_report_only
51840,2023,VA,1.0,5698.0,0.0,0.0,1.0,0.0,0.0,0.0,0.0,0.0,0.0,0.0,0.0,0.0,Winchester City,1,official_seed_report_only
51195,2023,VA,2.0,5438.0,20.0,0.0,2.0,0.0,0.0,0.0,0.0,0.0,0.0,0.0,0.0,0.0,Wise County,1,official_seed_report_only
51197,2023,VA,1.0,2833.0,11.0,0.0,1.0,1.0,92.0,1660.0,435.0,29.0,36873899.0,64808631.0,0.0,0.0,Wythe County,2,official_seed_report_only
51199,2023,VA,0.0,0.0,0.0,0.0,0.0,1.0,50.0,1279.0,789.0,8.0,21782175.0,28651631.0,0.0,0.0,"York County, Virginia",1,official_seed_report_only
78010,2023,VI,0.0,0.0,0.0,0.0,0.0,1.0,66.0,1689.0,478.0,726.0,65498339.0,-34343588.0,0.0,0.0,St. Croix Island,1,official_seed_report_only
78030,2023,VI,1.0,1982.0,0.0,0.0,1.0,1.0,149.0,2801.0,521.0,587.0,83854257.0,73802953.0,0.0,0.0,St. Thomas Island,2,official_seed_report_only
50001,2023,VT,1.0,4813.0,32.0,0.0,1.0,1.0,25.0,1545.0,396.0,300.0,91048852.0,93866422.0,0.0,1.0,Addison County,2,official_seed_report_only
50003,2023,VT,1.0,948.0,0.0,0.0,1.0,1.0,53.0,2828.0,1159.0,398.0,151325161.0,155588663.0,0.0,0.0,Bennington County,2,official_seed_report_only
50005,2023,VT,0.0,0.0,0.0,0.0,0.0,1.0,25.0,1331.0,570.0,293.0,101964933.0,112163956.0,0.0,1.0,"Caledonia County, Vermont",1,official_seed_report_only
50007,2023,VT,5.0,23087.0,53.0,1.0,5.0,1.0,448.0,20252.0,6481.0,4516.0,1259505980.0,1849679562.0,1.0,0.0,Chittenden County,2,official_seed_report_only
50011,2023,VT,0.0,0.0,0.0,0.0,0.0,1.0,53.0,2301.0,938.0,446.0,101742138.0,97104150.0,0.0,0.0,"Franklin County, Vermont",1,official_seed_report_only
50015,2023,VT,1.0,0.0,0.0,0.0,0.0,1.0,25.0,1380.0,563.0,150.0,79725539.0,96200702.0,0.0,1.0,Lamoille County,2,official_seed_report_only
50017,2023,VT,1.0,7540.0,43.0,0.0,1.0,1.0,25.0,815.0,288.0,127.0,50145369.0,50848411.0,0.0,1.0,Orange County,2,official_seed_report_only
50019,2023,VT,1.0,115.0,0.0,0.0,1.0,1.0,25.0,1363.0,484.0,294.0,79919602.0,83210157.0,0.0,1.0,Orleans County,2,official_seed_report_only
50021,2023,VT,1.0,0.0,0.0,0.0,0.0,1.0,142.0,5482.0,2266.0,1509.0,260912590.0,325028245.0,0.0,0.0,Rutland County,2,official_seed_report_only
50023,2023,VT,5.0,14925.0,114.0,0.0,5.0,1.0,88.0,3514.0,1846.0,916.0,213818056.0,191280297.0,0.0,0.0,Washington County,2,official_seed_report_only
50025,2023,VT,2.0,2485.0,0.0,0.0,2.0,2.0,66.0,2112.0,762.0,242.0,116387520.0,116978520.0,0.0,1.0,Windham County,2,official_seed_report_only
50027,2023,VT,1.0,813.0,5.0,0.0,1.0,2.0,50.0,903.0,465.0,84.0,103254468.0,114531924.0,0.0,2.0,Windsor County,2,official_seed_report_only
53001,2023,WA,0.0,0.0,0.0,0.0,0.0,2.0,28.0,984.0,65.0,311.0,36383844.0,34819084.0,0.0,2.0,"Adams County, Washington",1,official_seed_report_only
53003,2023,WA,0.0,0.0,0.0,0.0,0.0,1.0,25.0,1013.0,518.0,10.0,93525704.0,113953064.0,0.0,1.0,"Asotin County, Washington",1,official_seed_report_only
53005,2023,WA,3.0,717.0,0.0,0.0,3.0,3.0,418.0,21891.0,7155.0,992.0,848853110.0,1099153288.0,2.0,1.0,Benton County,2,official_seed_report_only
53007,2023,WA,1.0,3518.0,278.0,0.0,1.0,4.0,229.0,9793.0,3622.0,657.0,782875412.0,898542098.0,1.0,2.0,Chelan County,2,official_seed_report_only
53009,2023,WA,1.0,2309.0,190.0,0.0,1.0,2.0,95.0,3316.0,1590.0,94.0,257728771.0,265576964.0,1.0,1.0,Clallam County,2,official_seed_report_only
53011,2023,WA,3.0,9800.0,688.0,0.0,3.0,1.0,72.0,3566.0,229.0,50.0,26686664.0,28434583.0,0.0,0.0,Clark County,2,official_seed_report_only
53013,2023,WA,0.0,0.0,0.0,0.0,0.0,1.0,25.0,120.0,75.0,0.0,30723463.0,26327451.0,0.0,1.0,"Columbia County, Washington",1,official_seed_report_only
53015,2023,WA,2.0,3413.0,201.0,0.0,2.0,0.0,0.0,0.0,0.0,0.0,0.0,0.0,0.0,0.0,Cowlitz County,1,official_seed_report_only
53019,2023,WA,0.0,0.0,0.0,0.0,0.0,1.0,25.0,77.0,36.0,1.0,18530262.0,17018541.0,0.0,1.0,"Ferry County, Washington",1,official_seed_report_only
53021,2023,WA,1.0,8250.0,211.0,0.0,1.0,0.0,0.0,0.0,0.0,0.0,0.0,0.0,0.0,0.0,Franklin County,1,official_seed_report_only
53023,2023,WA,0.0,0.0,0.0,0.0,0.0,1.0,25.0,27.0,19.0,0.0,11540566.0,10084097.0,0.0,1.0,"Garfield County, Washington",1,official_seed_report_only
53025,2023,WA,1.0,2584.0,112.0,0.0,1.0,4.0,107.0,2764.0,1038.0,175.0,203623611.0,209583891.0,0.0,3.0,Grant County,2,official_seed_report_only
53027,2023,WA,1.0,2157.0,129.0,0.0,1.0,2.0,59.0,3427.0,1565.0,200.0,163530745.0,169684480.0,0.0,1.0,Grays Harbor County,2,official_seed_report_only
53029,2023,WA,0.0,0.0,0.0,0.0,0.0,1.0,25.0,1264.0,358.0,17.0,116422768.0,112626626.0,0.0,1.0,"Island County, Washington",1,official_seed_report_only
53031,2023,WA,1.0,86.0,5.0,0.0,1.0,1.0,25.0,1509.0,738.0,24.0,139757536.0,162881670.0,0.0,1.0,Jefferson County,2,official_seed_report_only
53033,2023,WA,31.0,164503.0,9849.0,1.0,31.0,12.0,2062.0,75874.0,12516.0,3184.0,4670271671.0,5492539150.0,4.0,1.0,King County,2,official_seed_report_only
53035,2023,WA,1.0,7378.0,549.0,0.0,1.0,0.0,0.0,0.0,0.0,0.0,0.0,0.0,0.0,0.0,Kitsap County,1,official_seed_report_only
53037,2023,WA,1.0,19286.0,0.0,0.0,1.0,1.0,25.0,856.0,321.0,9.0,116461479.0,129120868.0,0.0,1.0,Kittitas County,2,official_seed_report_only
53039,2023,WA,0.0,0.0,0.0,0.0,0.0,2.0,30.0,415.0,235.0,36.0,57804348.0,59948513.0,0.0,2.0,"Klickitat County, Washington",1,official_seed_report_only
53041,2023,WA,2.0,3455.0,376.0,0.0,2.0,2.0,138.0,4397.0,1215.0,117.0,233807822.0,289294489.0,1.0,1.0,Lewis County,2,official_seed_report_only
53043,2023,WA,0.0,0.0,0.0,0.0,0.0,2.0,50.0,244.0,157.0,19.0,42823132.0,39011097.0,0.0,2.0,"Lincoln County, Washington",1,official_seed_report_only
53045,2023,WA,0.0,0.0,0.0,0.0,0.0,1.0,25.0,1526.0,618.0,440.0,128105125.0,134965595.0,0.0,1.0,"Mason County, Washington",1,official_seed_report_only
53047,2023,WA,0.0,0.0,0.0,0.0,0.0,3.0,68.0,1115.0,399.0,91.0,86607681.0,86499263.0,0.0,3.0,"Okanogan County, Washington",1,official_seed_report_only
53049,2023,WA,0.0,0.0,0.0,0.0,0.0,2.0,35.0,504.0,283.0,23.0,63354619.0,59927113.0,0.0,2.0,"Pacific County, Washington",1,official_seed_report_only
53051,2023,WA,0.0,0.0,0.0,0.0,0.0,1.0,20.0,390.0,187.0,30.0,41004788.0,43713861.0,0.0,1.0,"Pend Oreille County, Washington",1,official_seed_report_only
53053,2023,WA,12.0,41962.0,2018.0,0.0,12.0,5.0,810.0,42909.0,10079.0,1343.0,1697036299.0,2018395757.0,2.0,0.0,Pierce County,2,official_seed_report_only
53057,2023,WA,1.0,5949.0,800.0,0.0,1.0,2.0,180.0,9845.0,2871.0,729.0,577302984.0,576743212.0,1.0,0.0,Skagit County,2,official_seed_report_only
53061,2023,WA,4.0,22602.0,1524.0,0.0,3.0,5.0,894.0,40561.0,7037.0,1278.0,1232848037.0,1285744876.0,1.0,0.0,Snohomish County,2,official_seed_report_only
53063,2023,WA,13.0,43929.0,2550.0,0.0,13.0,6.0,1308.0,47535.0,11299.0,1308.0,1760275582.0,1930526625.0,4.0,0.0,Spokane County,2,official_seed_report_only
53065,2023,WA,0.0,0.0,0.0,0.0,0.0,2.0,48.0,954.0,348.0,18.0,71014752.0,81026125.0,1.0,2.0,"Stevens County, Washington",1,official_seed_report_only
53067,2023,WA,4.0,10716.0,382.0,0.0,4.0,3.0,517.0,25038.0,6131.0,470.0,755104121.0,734634903.0,1.0,0.0,Thurston County,2,official_seed_report_only
53071,2023,WA,3.0,7164.0,253.0,0.0,3.0,1.0,95.0,4451.0,1714.0,73.0,188081302.0,227746956.0,0.0,0.0,Walla Walla County,2,official_seed_report_only
53073,2023,WA,5.0,24754.0,493.0,0.0,4.0,0.0,0.0,0.0,0.0,0.0,0.0,0.0,0.0,0.0,Whatcom County,1,official_seed_report_only
53075,2023,WA,1.0,30919.0,0.0,1.0,1.0,2.0,50.0,1807.0,517.0,49.0,132317810.0,158051506.0,1.0,2.0,Whitman County,2,official_seed_report_only
53077,2023,WA,5.0,7791.0,7.0,1.0,5.0,3.0,280.0,13820.0,3404.0,1074.0,608372566.0,680502791.0,1.0,1.0,Yakima County,2,official_seed_report_only
55001,2023,WI,0.0,0.0,0.0,0.0,0.0,1.0,25.0,97.0,40.0,7.0,18801910.0,11266547.0,0.0,1.0,"Adams County, Wisconsin",1,official_seed_report_only
55003,2023,WI,1.0,536.0,24.0,0.0,1.0,1.0,25.0,1433.0,603.0,291.0,110749717.0,148627202.0,1.0,1.0,Ashland County,2,official_seed_report_only
55005,2023,WI,1.0,5109.0,16.0,0.0,1.0,2.0,65.0,2254.0,817.0,146.0,183680235.0,245133888.0,0.0,1.0,Barron County,2,official_seed_report_only
55009,2023,WI,7.0,31296.0,0.0,0.0,7.0,6.0,552.0,21627.0,3399.0,2544.0,812526590.0,1326358960.0,1.0,0.0,Brown County,2,official_seed_report_only
55013,2023,WI,0.0,0.0,0.0,0.0,0.0,1.0,25.0,195.0,98.0,7.0,24491712.0,25350231.0,0.0,1.0,"Burnett County, Wisconsin",1,official_seed_report_only
55017,2023,WI,0.0,0.0,0.0,0.0,0.0,1.0,25.0,281.0,149.0,14.0,32366302.0,43504804.0,0.0,1.0,"Chippewa County, Wisconsin",1,official_seed_report_only
55019,2023,WI,0.0,0.0,0.0,0.0,0.0,1.0,16.0,170.0,69.0,5.0,36693327.0,37768140.0,0.0,1.0,"Clark County, Wisconsin",1,official_seed_report_only
55021,2023,WI,0.0,0.0,0.0,0.0,0.0,1.0,25.0,806.0,354.0,11.0,49162407.0,69582737.0,0.0,1.0,"Columbia County, Wisconsin",1,official_seed_report_only
55023,2023,WI,0.0,0.0,0.0,0.0,0.0,1.0,24.0,373.0,175.0,45.0,55640878.0,67272423.0,0.0,1.0,"Crawford County, Wisconsin",1,official_seed_report_only
55025,2023,WI,9.0,79407.0,410.0,1.0,9.0,5.0,828.0,37342.0,11046.0,3866.0,918655501.0,1277589463.0,2.0,1.0,Dane County,2,official_seed_report_only
55027,2023,WI,1.0,40.0,0.0,0.0,1.0,2.0,68.0,1905.0,440.0,295.0,131094917.0,155654355.0,0.0,1.0,Dodge County,2,official_seed_report_only
55031,2023,WI,1.0,3314.0,0.0,0.0,1.0,0.0,0.0,0.0,0.0,0.0,0.0,0.0,0.0,0.0,Douglas County,1,official_seed_report_only
55033,2023,WI,1.0,8236.0,0.0,0.0,1.0,1.0,25.0,878.0,478.0,85.0,73749541.0,127512563.0,0.0,1.0,Dunn County,2,official_seed_report_only
55035,2023,WI,4.0,23963.0,74.0,0.0,3.0,4.0,291.0,13702.0,5107.0,1847.0,792459789.0,1061597126.0,2.0,0.0,Eau Claire County,2,official_seed_report_only
55039,2023,WI,3.0,9692.0,246.0,0.0,3.0,3.0,116.0,7608.0,1480.0,523.0,261306662.0,347783311.0,0.0,1.0,Fond du Lac County,2,official_seed_report_only
55043,2023,WI,2.0,11095.0,0.0,0.0,2.0,2.0,50.0,535.0,228.0,64.0,63496666.0,71386019.0,0.0,2.0,Grant County,2,official_seed_report_only
55045,2023,WI,0.0,0.0,0.0,0.0,0.0,1.0,58.0,2776.0,936.0,45.0,155650471.0,216927475.0,1.0,0.0,"Green County, Wisconsin",1,official_seed_report_only
55047,2023,WI,0.0,0.0,0.0,0.0,0.0,1.0,25.0,880.0,183.0,51.0,54502928.0,55769326.0,0.0,1.0,"Green Lake County, Wisconsin",1,official_seed_report_only
55049,2023,WI,0.0,0.0,0.0,0.0,0.0,1.0,25.0,846.0,358.0,15.0,65310224.0,87318174.0,0.0,1.0,"Iowa County, Wisconsin",1,official_seed_report_only
55053,2023,WI,0.0,0.0,0.0,0.0,0.0,1.0,25.0,442.0,139.0,66.0,53228808.0,64011833.0,0.0,1.0,"Jackson County, Wisconsin",1,official_seed_report_only
55055,2023,WI,1.0,1436.0,0.0,0.0,1.0,1.0,49.0,1278.0,402.0,52.0,110117673.0,133334139.0,0.0,0.0,Jefferson County,2,official_seed_report_only
55057,2023,WI,0.0,0.0,0.0,0.0,0.0,1.0,40.0,1084.0,295.0,37.0,87267664.0,99413375.0,0.0,0.0,"Juneau County, Wisconsin",1,official_seed_report_only
55059,2023,WI,6.0,23299.0,17.0,0.0,6.0,1.0,133.0,8587.0,1969.0,356.0,252899349.0,347392878.0,1.0,0.0,Kenosha County,2,official_seed_report_only
55063,2023,WI,4.0,19413.0,0.0,0.0,4.0,2.0,359.0,15814.0,4061.0,3354.0,1080119846.0,1473869224.0,2.0,0.0,La Crosse County,2,official_seed_report_only
55065,2023,WI,0.0,0.0,0.0,0.0,0.0,1.0,25.0,221.0,121.0,8.0,25484244.0,28439472.0,0.0,1.0,"Lafayette County, Wisconsin",1,official_seed_report_only
55071,2023,WI,1.0,4871.0,0.0,0.0,1.0,1.0,63.0,1747.0,549.0,99.0,64764139.0,100534952.0,0.0,0.0,Manitowoc County,2,official_seed_report_only
55073,2023,WI,2.0,8711.0,0.0,0.0,2.0,2.0,115.0,4785.0,1172.0,676.0,215431092.0,169513741.0,1.0,0.0,Marathon County,2,official_seed_report_only
55075,2023,WI,0.0,0.0,0.0,0.0,0.0,1.0,55.0,2243.0,837.0,87.0,96898367.0,89523295.0,0.0,0.0,"Marinette County, Wisconsin",1,official_seed_report_only
55078,2023,WI,1.0,415.0,0.0,0.0,1.0,0.0,0.0,0.0,0.0,0.0,0.0,0.0,0.0,0.0,Menominee County,1,official_seed_report_only
55079,2023,WI,19.0,73417.0,890.0,2.0,18.0,8.0,1636.0,59566.0,10071.0,7299.0,2625859157.0,3309446007.0,5.0,0.0,Milwaukee County,2,official_seed_report_only
55081,2023,WI,0.0,0.0,0.0,0.0,0.0,2.0,50.0,858.0,312.0,42.0,99071036.0,123525290.0,0.0,2.0,"Monroe County, Wisconsin",1,official_seed_report_only
55083,2023,WI,0.0,0.0,0.0,0.0,0.0,1.0,10.0,78.0,15.0,1.0,63150353.0,86293158.0,0.0,1.0,"Oconto County, Wisconsin",1,official_seed_report_only
55085,2023,WI,1.0,1752.0,50.0,0.0,1.0,1.0,31.0,1332.0,341.0,105.0,120573074.0,123346352.0,0.0,0.0,Oneida County,2,official_seed_report_only
55087,2023,WI,4.0,19325.0,596.0,0.0,4.0,2.0,172.0,9080.0,1525.0,230.0,365652862.0,463519666.0,1.0,1.0,Outagamie County,2,official_seed_report_only
55089,2023,WI,1.0,6376.0,0.0,0.0,1.0,1.0,133.0,6154.0,2235.0,131.0,242818876.0,330572805.0,1.0,0.0,Ozaukee County,2,official_seed_report_only
55091,2023,WI,0.0,0.0,0.0,0.0,0.0,1.0,25.0,140.0,76.0,0.0,15548090.0,18048837.0,0.0,1.0,"Pepin County, Wisconsin",1,official_seed_report_only
55093,2023,WI,1.0,5858.0,0.0,0.0,1.0,0.0,0.0,0.0,0.0,0.0,0.0,0.0,0.0,0.0,Pierce County,1,official_seed_report_only
55095,2023,WI,0.0,0.0,0.0,0.0,0.0,3.0,75.0,1753.0,807.0,149.0,152819035.0,187501794.0,1.0,3.0,"Polk County, Wisconsin",1,official_seed_report_only
55097,2023,WI,1.0,8935.0,0.0,0.0,1.0,1.0,5.0,197.0,66.0,5.0,41029197.0,51364215.0,0.0,0.0,Portage County,2,official_seed_report_only
55099,2023,WI,0.0,0.0,0.0,0.0,0.0,1.0,24.0,350.0,118.0,4.0,33947345.0,40803130.0,0.0,1.0,"Price County, Wisconsin",1,official_seed_report_only
55101,2023,WI,2.0,163.0,0.0,0.0,2.0,2.0,68.0,2427.0,855.0,93.0,115922625.0,151610589.0,0.0,0.0,Racine County,2,official_seed_report_only
55103,2023,WI,0.0,0.0,0.0,0.0,0.0,1.0,25.0,902.0,408.0,36.0,60258784.0,71848364.0,0.0,1.0,"Richland County, Wisconsin",1,official_seed_report_only
55105,2023,WI,4.0,6787.0,0.0,0.0,4.0,3.0,163.0,6768.0,2382.0,219.0,244082278.0,376849300.0,0.0,1.0,Rock County,2,official_seed_report_only
55107,2023,WI,0.0,0.0,0.0,0.0,0.0,1.0,25.0,179.0,79.0,5.0,33239059.0,33433796.0,0.0,1.0,"Rusk County, Wisconsin",1,official_seed_report_only
55111,2023,WI,0.0,0.0,0.0,0.0,0.0,3.0,104.0,3641.0,1292.0,209.0,217747864.0,274119001.0,1.0,1.0,"Sauk County, Wisconsin",1,official_seed_report_only
55113,2023,WI,1.0,373.0,0.0,0.0,1.0,0.0,0.0,0.0,0.0,0.0,0.0,0.0,0.0,0.0,Sawyer County,1,official_seed_report_only
55115,2023,WI,0.0,0.0,0.0,0.0,0.0,1.0,23.0,1251.0,221.0,160.0,65042143.0,91497995.0,0.0,1.0,"Shawano County, Wisconsin",1,official_seed_report_only
55117,2023,WI,1.0,2905.0,0.0,0.0,1.0,1.0,125.0,5853.0,1288.0,419.0,186874196.0,252716399.0,0.0,0.0,Sheboygan County,2,official_seed_report_only
55109,2023,WI,0.0,0.0,0.0,0.0,0.0,4.0,100.0,4000.0,1294.0,369.0,213571269.0,279873597.0,2.0,4.0,"St. Croix County, Wisconsin",1,official_seed_report_only
55121,2023,WI,0.0,0.0,0.0,0.0,0.0,2.0,43.0,374.0,187.0,25.0,48424062.0,51755354.0,0.0,2.0,"Trempealeau County, Wisconsin",1,official_seed_report_only
55123,2023,WI,0.0,0.0,0.0,0.0,0.0,2.0,43.0,846.0,281.0,28.0,86661277.0,111578703.0,0.0,2.0,"Vernon County, Wisconsin",1,official_seed_report_only
55127,2023,WI,2.0,13057.0,0.0,0.0,1.0,1.0,62.0,2785.0,825.0,94.0,66993871.0,87021152.0,1.0,0.0,Walworth County,2,official_seed_report_only
55129,2023,WI,0.0,0.0,0.0,0.0,0.0,1.0,25.0,168.0,102.0,3.0,13192313.0,12160256.0,0.0,1.0,"Washburn County, Wisconsin",1,official_seed_report_only
55131,2023,WI,0.0,0.0,0.0,0.0,0.0,1.0,35.0,1204.0,370.0,21.0,58810268.0,80772094.0,0.0,0.0,"Washington County, Wisconsin",1,official_seed_report_only
55133,2023,WI,5.0,15442.0,38.0,0.0,5.0,7.0,742.0,25094.0,6068.0,862.0,885610986.0,997099754.0,1.0,0.0,Waukesha County,2,official_seed_report_only
55135,2023,WI,0.0,0.0,0.0,0.0,0.0,1.0,25.0,851.0,209.0,32.0,39334308.0,55385963.0,0.0,1.0,"Waupaca County, Wisconsin",1,official_seed_report_only
55137,2023,WI,0.0,0.0,0.0,0.0,0.0,1.0,25.0,219.0,40.0,5.0,12360291.0,13928250.0,0.0,1.0,"Waushara County, Wisconsin",1,official_seed_report_only
55139,2023,WI,1.0,16240.0,0.0,0.0,1.0,3.0,272.0,13140.0,1908.0,752.0,420116069.0,506278414.0,0.0,0.0,Winnebago County,2,official_seed_report_only
55141,2023,WI,1.0,5387.0,0.0,0.0,1.0,2.0,231.0,11999.0,2504.0,815.0,576559357.0,773224524.0,1.0,0.0,Wood County,2,official_seed_report_only
54001,2023,WV,1.0,0.0,0.0,0.0,0.0,1.0,12.0,29.0,4.0,2.0,21387310.0,21414658.0,0.0,1.0,Barbour County,2,official_seed_report_only
54003,2023,WV,5.0,11577.0,0.0,0.0,5.0,1.0,161.0,7581.0,1944.0,281.0,248525549.0,339737509.0,1.0,0.0,Berkeley County,2,official_seed_report_only
54005,2023,WV,1.0,161.0,0.0,0.0,1.0,0.0,0.0,0.0,0.0,0.0,0.0,0.0,0.0,0.0,Boone County,1,official_seed_report_only
54007,2023,WV,0.0,0.0,0.0,0.0,0.0,1.0,25.0,420.0,124.0,10.0,19587964.0,24282378.0,0.0,1.0,"Braxton County, West Virginia",1,official_seed_report_only
54009,2023,WV,1.0,639.0,4.0,0.0,1.0,0.0,0.0,0.0,0.0,0.0,0.0,0.0,0.0,0.0,Brooke County,1,official_seed_report_only
54011,2023,WV,5.0,15211.0,0.0,1.0,5.0,5.0,911.0,33074.0,7451.0,7999.0,1263729088.0,1341358485.0,3.0,0.0,Cabell County,2,official_seed_report_only
54013,2023,WV,0.0,0.0,0.0,0.0,0.0,1.0,25.0,58.0,19.0,1.0,25843888.0,24501368.0,0.0,1.0,"Calhoun County, West Virginia",1,official_seed_report_only
54019,2023,WV,1.0,38.0,0.0,0.0,1.0,3.0,75.0,799.0,274.0,16.0,70857724.0,74728279.0,0.0,3.0,Fayette County,2,official_seed_report_only
54021,2023,WV,1.0,2386.0,0.0,0.0,1.0,0.0,0.0,0.0,0.0,0.0,0.0,0.0,0.0,0.0,Gilmer County,1,official_seed_report_only
54023,2023,WV,0.0,0.0,0.0,0.0,0.0,1.0,25.0,597.0,158.0,27.0,25022002.0,27251178.0,0.0,1.0,"Grant County, West Virginia",1,official_seed_report_only
54025,2023,WV,1.0,793.0,0.0,1.0,1.0,1.0,66.0,2311.0,675.0,124.0,77605233.0,87003190.0,1.0,0.0,Greenbrier County,2,official_seed_report_only
54027,2023,WV,0.0,0.0,0.0,0.0,0.0,1.0,14.0,371.0,160.0,8.0,34718771.0,36770389.0,0.0,1.0,"Hampshire County, West Virginia",1,official_seed_report_only
54029,2023,WV,1.0,24.0,0.0,0.0,1.0,0.0,0.0,0.0,0.0,0.0,0.0,0.0,0.0,0.0,Hancock County,1,official_seed_report_only
54031,2023,WV,1.0,433.0,0.0,0.0,1.0,0.0,0.0,0.0,0.0,0.0,0.0,0.0,0.0,0.0,Hardy County,1,official_seed_report_only
54033,2023,WV,4.0,1810.0,0.0,0.0,4.0,2.0,232.0,11805.0,3528.0,451.0,399076805.0,551708927.0,1.0,0.0,Harrison County,2,official_seed_report_only
54035,2023,WV,1.0,26.0,0.0,0.0,1.0,1.0,25.0,588.0,183.0,8.0,33828778.0,47501749.0,0.0,1.0,Jackson County,2,official_seed_report_only
54037,2023,WV,3.0,100492.0,4381.0,0.0,3.0,1.0,25.0,1332.0,372.0,53.0,60603816.0,89638903.0,1.0,1.0,Jefferson County,2,official_seed_report_only
54039,2023,WV,9.0,11549.0,7.0,0.0,9.0,5.0,1133.0,42069.0,9830.0,1910.0,1531972044.0,398357359.0,1.0,0.0,Kanawha County,2,official_seed_report_only
54041,2023,WV,0.0,0.0,0.0,0.0,0.0,1.0,49.0,1150.0,291.0,92.0,50644581.0,47580440.0,0.0,0.0,"Lewis County, West Virginia",1,official_seed_report_only
54045,2023,WV,2.0,1681.0,0.0,0.0,2.0,1.0,132.0,4087.0,1124.0,181.0,77173756.0,112215320.0,0.0,0.0,Logan County,2,official_seed_report_only
54049,2023,WV,2.0,5632.0,1.0,0.0,2.0,1.0,10.0,123.0,35.0,2.0,8164211.0,8976840.0,0.0,0.0,Marion County,2,official_seed_report_only
54051,2023,WV,1.0,27.0,0.0,0.0,1.0,1.0,94.0,3500.0,816.0,185.0,99580989.0,132615317.0,0.0,0.0,Marshall County,2,official_seed_report_only
54053,2023,WV,0.0,0.0,0.0,0.0,0.0,1.0,43.0,835.0,302.0,37.0,51918032.0,42704455.0,0.0,0.0,"Mason County, West Virginia",1,official_seed_report_only
54055,2023,WV,3.0,3772.0,0.0,0.0,3.0,1.0,60.0,1307.0,904.0,8.0,17513749.0,26737424.0,0.0,0.0,Mercer County,2,official_seed_report_only
54057,2023,WV,2.0,1425.0,0.0,0.0,2.0,1.0,25.0,1038.0,513.0,13.0,61242957.0,79922790.0,0.0,1.0,Mineral County,2,official_seed_report_only
54059,2023,WV,1.0,23.0,0.0,0.0,1.0,0.0,0.0,0.0,0.0,0.0,0.0,0.0,0.0,0.0,Mingo County,1,official_seed_report_only
54061,2023,WV,6.0,28537.0,0.0,1.0,6.0,3.0,972.0,47241.0,11444.0,1899.0,1690067492.0,2174375055.0,1.0,0.0,Monongalia County,2,official_seed_report_only
54065,2023,WV,0.0,0.0,0.0,0.0,0.0,1.0,25.0,503.0,242.0,9.0,31637278.0,34449734.0,0.0,1.0,"Morgan County, West Virginia",1,official_seed_report_only
54067,2023,WV,0.0,0.0,0.0,0.0,0.0,1.0,25.0,1809.0,480.0,43.0,51034512.0,57562241.0,0.0,1.0,"Nicholas County, West Virginia",1,official_seed_report_only
54069,2023,WV,3.0,5215.0,0.0,0.0,3.0,2.0,211.0,11739.0,3052.0,2628.0,422237718.0,470314064.0,1.0,0.0,Ohio County,2,official_seed_report_only
54071,2023,WV,1.0,55.0,0.0,0.0,1.0,0.0,0.0,0.0,0.0,0.0,0.0,0.0,0.0,0.0,Pendleton County,1,official_seed_report_only
54077,2023,WV,0.0,0.0,0.0,0.0,0.0,1.0,25.0,363.0,120.0,15.0,43809883.0,50507267.0,0.0,1.0,"Preston County, West Virginia",1,official_seed_report_only
54079,2023,WV,2.0,578.0,0.0,0.0,2.0,0.0,0.0,0.0,0.0,0.0,0.0,0.0,0.0,0.0,Putnam County,1,official_seed_report_only
54081,2023,WV,5.0,3888.0,0.0,0.0,5.0,0.0,0.0,0.0,0.0,0.0,0.0,0.0,0.0,0.0,Raleigh County,1,official_seed_report_only
54083,2023,WV,2.0,767.0,0.0,0.0,2.0,1.0,90.0,1643.0,500.0,201.0,95133241.0,103744259.0,0.0,0.0,Randolph County,2,official_seed_report_only
54087,2023,WV,0.0,0.0,0.0,0.0,0.0,1.0,25.0,197.0,63.0,4.0,52896298.0,58411952.0,0.0,1.0,"Roane County, West Virginia",1,official_seed_report_only
54095,2023,WV,0.0,0.0,0.0,0.0,0.0,1.0,6.0,27.0,8.0,1.0,21109644.0,19181516.0,0.0,1.0,"Tyler County, West Virginia",1,official_seed_report_only
54097,2023,WV,2.0,1137.0,0.0,0.0,2.0,1.0,25.0,1234.0,326.0,176.0,76696338.0,112332928.0,0.0,1.0,Upshur County,2,official_seed_report_only
54101,2023,WV,0.0,0.0,0.0,0.0,0.0,1.0,25.0,65.0,13.0,3.0,18458600.0,12088469.0,0.0,1.0,"Webster County, West Virginia",1,official_seed_report_only
54103,2023,WV,0.0,0.0,0.0,0.0,0.0,1.0,25.0,551.0,208.0,9.0,26327497.0,36524884.0,0.0,0.0,"Wetzel County, West Virginia",1,official_seed_report_only
54107,2023,WV,3.0,2825.0,0.0,0.0,2.0,1.0,251.0,13408.0,3982.0,679.0,329029957.0,410948289.0,1.0,0.0,Wood County,2,official_seed_report_only
56001,2023,WY,2.0,13777.0,4.0,0.0,2.0,0.0,0.0,0.0,0.0,0.0,0.0,0.0,0.0,0.0,Albany County,1,official_seed_report_only
56013,2023,WY,1.0,2377.0,1.0,0.0,1.0,1.0,133.0,1870.0,598.0,433.0,61780374.0,73329114.0,0.0,0.0,Fremont County,2,official_seed_report_only
56015,2023,WY,1.0,1828.0,0.0,0.0,1.0,1.0,25.0,598.0,285.0,39.0,35165921.0,40608211.0,0.0,1.0,Goshen County,2,official_seed_report_only
56021,2023,WY,2.0,5337.0,0.0,0.0,2.0,0.0,0.0,0.0,0.0,0.0,0.0,0.0,0.0,0.0,Laramie County,1,official_seed_report_only
56025,2023,WY,1.0,4528.0,0.0,0.0,1.0,3.0,346.0,10686.0,3387.0,1542.0,218683088.0,271819674.0,0.0,0.0,Natrona County,2,official_seed_report_only
56029,2023,WY,1.0,1779.0,0.0,0.0,1.0,0.0,0.0,0.0,0.0,0.0,0.0,0.0,0.0,0.0,Park County,1,official_seed_report_only
56031,2023,WY,0.0,0.0,0.0,0.0,0.0,1.0,25.0,325.0,173.0,22.0,25251277.0,24170432.0,0.0,1.0,"Platte County, Wyoming",1,official_seed_report_only
56033,2023,WY,1.0,4559.0,0.0,0.0,1.0,0.0,0.0,0.0,0.0,0.0,0.0,0.0,0.0,0.0,Sheridan County,1,official_seed_report_only
56037,2023,WY,1.0,3207.0,0.0,0.0,1.0,0.0,0.0,0.0,0.0,0.0,0.0,0.0,0.0,0.0,Sweetwater County,1,official_seed_report_only
56043,2023,WY,0.0,0.0,0.0,0.0,0.0,1.0,18.0,334.0,178.0,34.0,26076493.0,31795209.0,0.0,1.0,"Washakie County, Wyoming",1,official_seed_report_only
02020,2024,AK,0.0,0.0,0.0,0.0,0.0,1.0,80.0,519.0,83.0,31.0,50521060.0,0.0,0.0,0.0,"Anchorage Municipality, Alaska",1,official_seed_report_only
02110,2024,AK,0.0,0.0,0.0,0.0,0.0,1.0,45.0,1292.0,537.0,340.0,105914787.0,126243553.0,0.0,0.0,"Juneau City and Borough, Alaska",1,official_seed_report_only
02122,2024,AK,0.0,0.0,0.0,0.0,0.0,2.0,70.0,3232.0,1346.0,672.0,292498328.0,380061370.0,0.0,1.0,"Kenai Peninsula Borough, Alaska",1,official_seed_report_only
02130,2024,AK,0.0,0.0,0.0,0.0,0.0,1.0,25.0,951.0,328.0,221.0,85913362.0,93531884.0,0.0,1.0,"Ketchikan Gateway Borough, Alaska",1,official_seed_report_only
02195,2024,AK,0.0,0.0,0.0,0.0,0.0,1.0,12.0,125.0,48.0,45.0,20865521.0,22191349.0,0.0,1.0,"Petersburg Borough, Alaska",1,official_seed_report_only
01001,2024,AL,0.0,0.0,0.0,0.0,0.0,1.0,49.0,2656.0,663.0,286.0,62538035.0,56474872.0,0.0,0.0,"Autauga County, Alabama",1,official_seed_report_only
01003,2024,AL,0.0,0.0,0.0,0.0,0.0,2.0,222.0,13449.0,2968.0,1150.0,289056330.0,330261629.0,1.0,0.0,"Baldwin County, Alabama",1,official_seed_report_only
01009,2024,AL,0.0,0.0,0.0,0.0,0.0,1.0,25.0,781.0,120.0,76.0,29228171.0,26129617.0,0.0,1.0,"Blount County, Alabama",1,official_seed_report_only
01015,2024,AL,0.0,0.0,0.0,0.0,0.0,1.0,38.0,206.0,106.0,0.0,7152312.0,6591661.0,0.0,0.0,"Calhoun County, Alabama",1,official_seed_report_only
01021,2024,AL,0.0,0.0,0.0,0.0,0.0,1.0,26.0,716.0,113.0,94.0,26045930.0,32255968.0,0.0,0.0,"Chilton County, Alabama",1,official_seed_report_only
01025,2024,AL,0.0,0.0,0.0,0.0,0.0,1.0,21.0,428.0,41.0,206.0,12921403.0,9433558.0,0.0,0.0,"Clarke County, Alabama",1,official_seed_report_only
01033,2024,AL,0.0,0.0,0.0,0.0,0.0,1.0,47.0,1602.0,148.0,437.0,31924852.0,39648413.0,1.0,0.0,"Colbert County, Alabama",1,official_seed_report_only
01039,2024,AL,0.0,0.0,0.0,0.0,0.0,1.0,83.0,2448.0,640.0,501.0,38057965.0,64368314.0,0.0,0.0,"Covington County, Alabama",1,official_seed_report_only
01043,2024,AL,0.0,0.0,0.0,0.0,0.0,1.0,162.0,9823.0,2364.0,1267.0,147354642.0,179023307.0,0.0,0.0,"Cullman County, Alabama",1,official_seed_report_only
01047,2024,AL,0.0,0.0,0.0,0.0,0.0,1.0,109.0,4009.0,557.0,1073.0,45155326.0,63976142.0,1.0,0.0,"Dallas County, Alabama",1,official_seed_report_only
01049,2024,AL,0.0,0.0,0.0,0.0,0.0,1.0,97.0,2537.0,547.0,530.0,57236746.0,52028919.0,0.0,0.0,"DeKalb County, Alabama",1,official_seed_report_only
01069,2024,AL,0.0,0.0,0.0,0.0,0.0,3.0,94.0,2010.0,1160.0,0.0,29026291.0,38899408.0,0.0,0.0,"Houston County, Alabama",1,official_seed_report_only
01073,2024,AL,0.0,0.0,0.0,0.0,0.0,6.0,1158.0,58235.0,10673.0,5750.0,1274125912.0,1410727978.0,3.0,0.0,"Jefferson County, Alabama",1,official_seed_report_only
01077,2024,AL,0.0,0.0,0.0,0.0,0.0,1.0,223.0,12547.0,3400.0,1540.0,167809135.0,259521802.0,1.0,0.0,"Lauderdale County, Alabama",1,official_seed_report_only
01083,2024,AL,0.0,0.0,0.0,0.0,0.0,2.0,97.0,4198.0,1144.0,1005.0,106702934.0,102328640.0,0.0,0.0,"Limestone County, Alabama",1,official_seed_report_only
01089,2024,AL,0.0,0.0,0.0,0.0,0.0,3.0,1148.0,63675.0,13467.0,10943.0,1435245960.0,1743372169.0,2.0,0.0,"Madison County, Alabama",1,official_seed_report_only
01097,2024,AL,0.0,0.0,0.0,0.0,0.0,2.0,552.0,22212.0,4211.0,1484.0,525261229.0,425487038.0,1.0,0.0,"Mobile County, Alabama",1,official_seed_report_only
01101,2024,AL,0.0,0.0,0.0,0.0,0.0,2.0,550.0,26284.0,3673.0,5957.0,788797094.0,866727471.0,1.0,0.0,"Montgomery County, Alabama",1,official_seed_report_only
01103,2024,AL,0.0,0.0,0.0,0.0,0.0,1.0,310.0,8098.0,1970.0,1616.0,150455610.0,178785758.0,0.0,0.0,"Morgan County, Alabama",1,official_seed_report_only
01109,2024,AL,0.0,0.0,0.0,0.0,0.0,1.0,41.0,921.0,159.0,183.0,33766585.0,40888286.0,0.0,0.0,"Pike County, Alabama",1,official_seed_report_only
01111,2024,AL,0.0,0.0,0.0,0.0,0.0,1.0,15.0,225.0,72.0,2.0,20800078.0,13263057.0,0.0,1.0,"Randolph County, Alabama",1,official_seed_report_only
01113,2024,AL,0.0,0.0,0.0,0.0,0.0,1.0,58.0,1663.0,957.0,0.0,21612401.0,32908139.0,0.0,0.0,"Russell County, Alabama",1,official_seed_report_only
01117,2024,AL,0.0,0.0,0.0,0.0,0.0,1.0,34.0,992.0,473.0,0.0,14864822.0,17822163.0,0.0,0.0,"Shelby County, Alabama",1,official_seed_report_only
01115,2024,AL,0.0,0.0,0.0,0.0,0.0,1.0,40.0,2076.0,472.0,156.0,36243071.0,41687037.0,0.0,0.0,"St. Clair County, Alabama",1,official_seed_report_only
01121,2024,AL,0.0,0.0,0.0,0.0,0.0,1.0,122.0,3082.0,498.0,750.0,68999019.0,82715687.0,0.0,0.0,"Talladega County, Alabama",1,official_seed_report_only
01125,2024,AL,0.0,0.0,0.0,0.0,0.0,2.0,130.0,203.0,66.0,0.0,29518596.0,70288813.0,0.0,0.0,"Tuscaloosa County, Alabama",1,official_seed_report_only
05007,2024,AR,0.0,0.0,0.0,0.0,0.0,2.0,280.0,19091.0,3930.0,3922.0,417768019.0,488345785.0,1.0,0.0,"Benton County, Arkansas",1,official_seed_report_only
05009,2024,AR,0.0,0.0,0.0,0.0,0.0,1.0,120.0,1865.0,664.0,311.0,83677399.0,93159633.0,0.0,0.0,"Boone County, Arkansas",1,official_seed_report_only
05015,2024,AR,0.0,0.0,0.0,0.0,0.0,1.0,25.0,355.0,81.0,25.0,18129821.0,18512763.0,0.0,1.0,"Carroll County, Arkansas",1,official_seed_report_only
05017,2024,AR,0.0,0.0,0.0,0.0,0.0,1.0,25.0,209.0,101.0,11.0,19242358.0,18460791.0,0.0,1.0,"Chicot County, Arkansas",1,official_seed_report_only
05029,2024,AR,0.0,0.0,0.0,0.0,0.0,1.0,25.0,420.0,115.0,21.0,21032401.0,18123795.0,0.0,1.0,"Conway County, Arkansas",1,official_seed_report_only
05031,2024,AR,0.0,0.0,0.0,0.0,0.0,1.0,59.0,307.0,152.0,3.0,16575472.0,14876926.0,0.0,0.0,"Craighead County, Arkansas",1,official_seed_report_only
05041,2024,AR,0.0,0.0,0.0,0.0,0.0,2.0,50.0,678.0,148.0,112.0,32372690.0,28787662.0,0.0,2.0,"Desha County, Arkansas",1,official_seed_report_only
05047,2024,AR,0.0,0.0,0.0,0.0,0.0,1.0,12.0,428.0,80.0,22.0,11250233.0,12075360.0,0.0,1.0,"Franklin County, Arkansas",1,official_seed_report_only
05049,2024,AR,0.0,0.0,0.0,0.0,0.0,1.0,25.0,188.0,64.0,26.0,10760446.0,9909185.0,0.0,1.0,"Fulton County, Arkansas",1,official_seed_report_only
05051,2024,AR,0.0,0.0,0.0,0.0,0.0,4.0,407.0,20591.0,6632.0,2168.0,360475540.0,463343947.0,1.0,0.0,"Garland County, Arkansas",1,official_seed_report_only
05055,2024,AR,0.0,0.0,0.0,0.0,0.0,1.0,114.0,2399.0,656.0,378.0,56971960.0,67175239.0,0.0,0.0,"Greene County, Arkansas",1,official_seed_report_only
05069,2024,AR,0.0,0.0,0.0,0.0,0.0,1.0,245.0,6384.0,1677.0,1360.0,169604228.0,198323041.0,1.0,0.0,"Jefferson County, Arkansas",1,official_seed_report_only
05075,2024,AR,0.0,0.0,0.0,0.0,0.0,1.0,24.0,78.0,66.0,1.0,13914822.0,11648279.0,0.0,1.0,"Lawrence County, Arkansas",1,official_seed_report_only
05081,2024,AR,0.0,0.0,0.0,0.0,0.0,1.0,25.0,228.0,48.0,6.0,10177048.0,9342516.0,0.0,1.0,"Little River County, Arkansas",1,official_seed_report_only
05083,2024,AR,0.0,0.0,0.0,0.0,0.0,2.0,24.0,1010.0,255.0,59.0,27131055.0,26916768.0,0.0,2.0,"Logan County, Arkansas",1,official_seed_report_only
05115,2024,AR,0.0,0.0,0.0,0.0,0.0,1.0,137.0,5003.0,999.0,1031.0,76403075.0,95882689.0,0.0,0.0,"Pope County, Arkansas",1,official_seed_report_only
05119,2024,AR,0.0,0.0,0.0,0.0,0.0,8.0,1654.0,54762.0,10818.0,10161.0,2174628235.0,2431058525.0,3.0,0.0,"Pulaski County, Arkansas",1,official_seed_report_only
05121,2024,AR,0.0,0.0,0.0,0.0,0.0,1.0,0.0,0.0,0.0,0.0,14586342.0,11723259.0,0.0,0.0,"Randolph County, Arkansas",1,official_seed_report_only
05125,2024,AR,0.0,0.0,0.0,0.0,0.0,1.0,131.0,4132.0,1071.0,1073.0,75267164.0,92874195.0,0.0,0.0,"Saline County, Arkansas",1,official_seed_report_only
05127,2024,AR,0.0,0.0,0.0,0.0,0.0,1.0,12.0,438.0,115.0,24.0,12208482.0,11578051.0,0.0,1.0,"Scott County, Arkansas",1,official_seed_report_only
05131,2024,AR,0.0,0.0,0.0,0.0,0.0,4.0,380.0,22820.0,5582.0,4698.0,420257278.0,539536093.0,1.0,0.0,"Sebastian County, Arkansas",1,official_seed_report_only
05139,2024,AR,0.0,0.0,0.0,0.0,0.0,1.0,105.0,3021.0,837.0,472.0,66742234.0,61712868.0,0.0,0.0,"Union County, Arkansas",1,official_seed_report_only
05141,2024,AR,0.0,0.0,0.0,0.0,0.0,1.0,25.0,227.0,99.0,19.0,34197294.0,36925942.0,0.0,1.0,"Van Buren County, Arkansas",1,official_seed_report_only
05143,2024,AR,0.0,0.0,0.0,0.0,0.0,2.0,50.0,2470.0,91.0,743.0,109044118.0,125095067.0,0.0,0.0,"Washington County, Arkansas",1,official_seed_report_only
05149,2024,AR,0.0,0.0,0.0,0.0,0.0,1.0,30.0,1532.0,508.0,210.0,18971195.0,22633001.0,0.0,0.0,"Yell County, Arkansas",1,official_seed_report_only
04003,2024,AZ,0.0,0.0,0.0,0.0,0.0,2.0,88.0,4763.0,1516.0,762.0,152011997.0,226406304.0,1.0,1.0,"Cochise County, Arizona",1,official_seed_report_only
04005,2024,AZ,0.0,0.0,0.0,0.0,0.0,2.0,282.0,13002.0,3645.0,4019.0,492133188.0,565914739.0,0.0,0.0,"Coconino County, Arizona",1,official_seed_report_only
04013,2024,AZ,0.0,0.0,0.0,0.0,0.0,23.0,2989.0,131245.0,21373.0,14195.0,3328335285.0,3733526123.0,7.0,0.0,"Maricopa County, Arizona",1,official_seed_report_only
04015,2024,AZ,0.0,0.0,0.0,0.0,0.0,4.0,456.0,18422.0,4838.0,2746.0,510074459.0,785739424.0,1.0,0.0,"Mohave County, Arizona",1,official_seed_report_only
04019,2024,AZ,0.0,0.0,0.0,0.0,0.0,8.0,1229.0,29024.0,5630.0,450.0,524341982.0,632674846.0,0.0,0.0,"Pima County, Arizona",1,official_seed_report_only
04023,2024,AZ,0.0,0.0,0.0,0.0,0.0,1.0,25.0,914.0,27.0,24.0,21987800.0,37110873.0,0.0,1.0,"Santa Cruz County, Arizona",1,official_seed_report_only
04025,2024,AZ,0.0,0.0,0.0,0.0,0.0,3.0,155.0,11985.0,2091.0,1287.0,184393872.0,219055995.0,1.0,0.0,"Yavapai County, Arizona",1,official_seed_report_only
04027,2024,AZ,0.0,0.0,0.0,0.0,0.0,1.0,51.0,1523.0,1230.0,0.0,23324742.0,31607898.0,0.0,0.0,"Yuma County, Arizona",1,official_seed_report_only
06001,2024,CA,0.0,0.0,0.0,0.0,0.0,8.0,1285.0,47905.0,10085.0,6099.0,2814535405.0,2502079586.0,3.0,0.0,"Alameda County, California",1,official_seed_report_only
06007,2024,CA,0.0,0.0,0.0,0.0,0.0,2.0,282.0,18373.0,7879.0,539.0,711143306.0,1006104143.0,0.0,1.0,"Butte County, California",1,official_seed_report_only
06013,2024,CA,0.0,0.0,0.0,0.0,0.0,2.0,247.0,9742.0,1959.0,732.0,800859831.0,894458392.0,1.0,0.0,"Contra Costa County, California",1,official_seed_report_only
06019,2024,CA,0.0,0.0,0.0,0.0,0.0,3.0,1519.0,87390.0,17187.0,7132.0,2309985856.0,2898791690.0,3.0,0.0,"Fresno County, California",1,official_seed_report_only
06023,2024,CA,0.0,0.0,0.0,0.0,0.0,5.0,224.0,8609.0,3693.0,0.0,455578155.0,509463650.0,1.0,2.0,"Humboldt County, California",1,official_seed_report_only
06025,2024,CA,0.0,0.0,0.0,0.0,0.0,2.0,268.0,8757.0,2138.0,0.0,278224210.0,308908256.0,0.0,0.0,"Imperial County, California",1,official_seed_report_only
06027,2024,CA,0.0,0.0,0.0,0.0,0.0,2.0,29.0,927.0,343.0,47.0,117625421.0,130284991.0,0.0,2.0,"Inyo County, California",1,official_seed_report_only
06029,2024,CA,0.0,0.0,0.0,0.0,0.0,4.0,525.0,23883.0,3654.0,2331.0,737643135.0,782438992.0,1.0,1.0,"Kern County, California",1,official_seed_report_only
06037,2024,CA,0.0,0.0,0.0,0.0,0.0,40.0,9042.0,347282.0,66034.0,27763.0,17188428223.0,20187570184.0,17.0,1.0,"Los Angeles County, California",1,official_seed_report_only
06043,2024,CA,0.0,0.0,0.0,0.0,0.0,1.0,18.0,282.0,135.0,14.0,37211836.0,29291671.0,0.0,1.0,"Mariposa County, California",1,official_seed_report_only
06047,2024,CA,0.0,0.0,0.0,0.0,0.0,1.0,186.0,10468.0,2793.0,496.0,319501277.0,440920931.0,1.0,0.0,"Merced County, California",1,official_seed_report_only
06049,2024,CA,0.0,0.0,0.0,0.0,0.0,2.0,12.0,226.0,157.0,0.0,47583522.0,52636502.0,0.0,2.0,"Modoc County, California",1,official_seed_report_only
06051,2024,CA,0.0,0.0,0.0,0.0,0.0,1.0,17.0,466.0,130.0,59.0,77132207.0,106023182.0,0.0,1.0,"Mono County, California",1,official_seed_report_only
06053,2024,CA,0.0,0.0,0.0,0.0,0.0,2.0,384.0,20973.0,5373.0,1116.0,851574523.0,965493965.0,1.0,0.0,"Monterey County, California",1,official_seed_report_only
06055,2024,CA,0.0,0.0,0.0,0.0,0.0,2.0,290.0,5848.0,2054.0,16.0,716817494.0,314219002.0,0.0,0.0,"Napa County, California",1,official_seed_report_only
06057,2024,CA,0.0,0.0,0.0,0.0,0.0,1.0,25.0,1536.0,557.0,108.0,231221246.0,278891267.0,0.0,1.0,"Nevada County, California",1,official_seed_report_only
06059,2024,CA,0.0,0.0,0.0,0.0,0.0,14.0,2789.0,143696.0,28483.0,5481.0,5924687598.0,6776500961.0,2.0,0.0,"Orange County, California",1,official_seed_report_only
06063,2024,CA,0.0,0.0,0.0,0.0,0.0,3.0,33.0,381.0,182.0,0.0,100189572.0,99121364.0,0.0,3.0,"Plumas County, California",1,official_seed_report_only
06065,2024,CA,0.0,0.0,0.0,0.0,0.0,9.0,2166.0,114837.0,22025.0,9928.0,3445473402.0,4204218987.0,5.0,0.0,"Riverside County, California",1,official_seed_report_only
06067,2024,CA,0.0,0.0,0.0,0.0,0.0,7.0,1667.0,80933.0,18774.0,16060.0,4452525944.0,5652697847.0,3.0,0.0,"Sacramento County, California",1,official_seed_report_only
06069,2024,CA,0.0,0.0,0.0,0.0,0.0,1.0,25.0,1907.0,580.0,0.0,125824141.0,146669961.0,0.0,1.0,"San Benito County, California",1,official_seed_report_only
06071,2024,CA,0.0,0.0,0.0,0.0,0.0,14.0,2250.0,100767.0,12118.0,11930.0,3717336097.0,3771533591.0,6.0,2.0,"San Bernardino County, California",1,official_seed_report_only
06073,2024,CA,0.0,0.0,0.0,0.0,0.0,7.0,2083.0,91228.0,14630.0,10698.0,5309087768.0,6299445600.0,4.0,0.0,"San Diego County, California",1,official_seed_report_only
06075,2024,CA,0.0,0.0,0.0,0.0,0.0,7.0,1343.0,55716.0,13678.0,5631.0,6157680108.0,7644044085.0,4.0,0.0,"San Francisco County, California",1,official_seed_report_only
06077,2024,CA,0.0,0.0,0.0,0.0,0.0,5.0,653.0,33783.0,5881.0,3187.0,1121834386.0,1284901604.0,3.0,0.0,"San Joaquin County, California",1,official_seed_report_only
06079,2024,CA,0.0,0.0,0.0,0.0,0.0,2.0,284.0,9006.0,2703.0,516.0,275368786.0,321678899.0,0.0,0.0,"San Luis Obispo County, California",1,official_seed_report_only
06081,2024,CA,0.0,0.0,0.0,0.0,0.0,2.0,257.0,4747.0,960.0,658.0,590398258.0,368645069.0,1.0,0.0,"San Mateo County, California",1,official_seed_report_only
06083,2024,CA,0.0,0.0,0.0,0.0,0.0,3.0,314.0,17903.0,5664.0,1336.0,722063452.0,1029274096.0,1.0,0.0,"Santa Barbara County, California",1,official_seed_report_only
06085,2024,CA,0.0,0.0,0.0,0.0,0.0,5.0,2686.0,128961.0,28690.0,9070.0,11118908788.0,15388594241.0,3.0,0.0,"Santa Clara County, California",1,official_seed_report_only
06087,2024,CA,0.0,0.0,0.0,0.0,0.0,2.0,218.0,10505.0,4284.0,550.0,406389305.0,539059188.0,0.0,0.0,"Santa Cruz County, California",1,official_seed_report_only
06089,2024,CA,0.0,0.0,0.0,0.0,0.0,2.0,278.0,13416.0,5626.0,475.0,518950247.0,727353206.0,1.0,1.0,"Shasta County, California",1,official_seed_report_only
06093,2024,CA,0.0,0.0,0.0,0.0,0.0,1.0,25.0,721.0,330.0,33.0,58954826.0,76465677.0,0.0,1.0,"Siskiyou County, California",1,official_seed_report_only
06097,2024,CA,0.0,0.0,0.0,0.0,0.0,5.0,421.0,15047.0,5893.0,55.0,826368035.0,935967066.0,0.0,1.0,"Sonoma County, California",1,official_seed_report_only
06099,2024,CA,0.0,0.0,0.0,0.0,0.0,2.0,415.0,21431.0,4135.0,1403.0,630014564.0,747661149.0,1.0,0.0,"Stanislaus County, California",1,official_seed_report_only
06103,2024,CA,0.0,0.0,0.0,0.0,0.0,1.0,49.0,2924.0,1102.0,166.0,140262063.0,181283500.0,0.0,0.0,"Tehama County, California",1,official_seed_report_only
06107,2024,CA,0.0,0.0,0.0,0.0,0.0,3.0,575.0,26232.0,6404.0,1206.0,1073629184.0,929957482.0,2.0,0.0,"Tulare County, California",1,official_seed_report_only
06111,2024,CA,0.0,0.0,0.0,0.0,0.0,2.0,570.0,26255.0,6110.0,3235.0,946671391.0,1217069084.0,1.0,0.0,"Ventura County, California",1,official_seed_report_only
08001,2024,CO,0.0,0.0,0.0,0.0,0.0,3.0,926.0,44065.0,8171.0,10686.0,2203256500.0,3150254484.0,2.0,0.0,"Adams County, Colorado",1,official_seed_report_only
08003,2024,CO,0.0,0.0,0.0,0.0,0.0,1.0,49.0,1871.0,329.0,708.0,82075773.0,107792019.0,0.0,0.0,"Alamosa County, Colorado",1,official_seed_report_only
08005,2024,CO,0.0,0.0,0.0,0.0,0.0,4.0,195.0,3331.0,1469.0,701.0,82689540.0,91401758.0,0.0,0.0,"Arapahoe County, Colorado",1,official_seed_report_only
08013,2024,CO,0.0,0.0,0.0,0.0,0.0,1.0,83.0,5216.0,1110.0,995.0,156556195.0,215150999.0,0.0,0.0,"Boulder County, Colorado",1,official_seed_report_only
08014,2024,CO,0.0,0.0,0.0,0.0,0.0,1.0,20.0,439.0,111.0,108.0,64869441.0,66635631.0,1.0,0.0,"Broomfield County, Colorado",1,official_seed_report_only
08021,2024,CO,0.0,0.0,0.0,0.0,0.0,1.0,17.0,171.0,48.0,20.0,12066764.0,16775620.0,0.0,1.0,"Conejos County, Colorado",1,official_seed_report_only
08031,2024,CO,0.0,0.0,0.0,0.0,0.0,6.0,791.0,24518.0,4548.0,5617.0,1100549081.0,1433590258.0,4.0,0.0,"Denver County, Colorado",1,official_seed_report_only
08035,2024,CO,0.0,0.0,0.0,0.0,0.0,2.0,412.0,22863.0,4305.0,2351.0,620941369.0,851129055.0,1.0,0.0,"Douglas County, Colorado",1,official_seed_report_only
08041,2024,CO,0.0,0.0,0.0,0.0,0.0,3.0,1042.0,52583.0,11363.0,10852.0,1667511116.0,1980503294.0,2.0,0.0,"El Paso County, Colorado",1,official_seed_report_only
08043,2024,CO,0.0,0.0,0.0,0.0,0.0,1.0,25.0,1503.0,311.0,394.0,69804892.0,89126103.0,0.0,1.0,"Fremont County, Colorado",1,official_seed_report_only
08059,2024,CO,0.0,0.0,0.0,0.0,0.0,1.0,48.0,952.0,288.0,6.0,76722339.0,128595791.0,0.0,0.0,"Jefferson County, Colorado",1,official_seed_report_only
08067,2024,CO,0.0,0.0,0.0,0.0,0.0,1.0,73.0,4944.0,1325.0,926.0,182026166.0,276090425.0,0.0,0.0,"La Plata County, Colorado",1,official_seed_report_only
08069,2024,CO,0.0,0.0,0.0,0.0,0.0,3.0,400.0,21263.0,6077.0,2981.0,946794723.0,1349494238.0,2.0,0.0,"Larimer County, Colorado",1,official_seed_report_only
08077,2024,CO,0.0,0.0,0.0,0.0,0.0,1.0,48.0,4600.0,92.0,228.0,23627812.0,15496179.0,0.0,0.0,"Mesa County, Colorado",1,official_seed_report_only
08087,2024,CO,0.0,0.0,0.0,0.0,0.0,1.0,33.0,925.0,229.0,300.0,34365683.0,41330932.0,0.0,0.0,"Morgan County, Colorado",1,official_seed_report_only
08089,2024,CO,0.0,0.0,0.0,0.0,0.0,1.0,20.0,601.0,116.0,210.0,29267257.0,36524868.0,0.0,1.0,"Otero County, Colorado",1,official_seed_report_only
08101,2024,CO,0.0,0.0,0.0,0.0,0.0,3.0,809.0,15377.0,3434.0,4077.0,615777278.0,750954263.0,3.0,0.0,"Pueblo County, Colorado",1,official_seed_report_only
08117,2024,CO,0.0,0.0,0.0,0.0,0.0,1.0,34.0,721.0,99.0,191.0,32095184.0,65691039.0,0.0,0.0,"Summit County, Colorado",1,official_seed_report_only
08119,2024,CO,0.0,0.0,0.0,0.0,0.0,1.0,13.0,202.0,65.0,27.0,27463230.0,32848878.0,0.0,1.0,"Teller County, Colorado",1,official_seed_report_only
08123,2024,CO,0.0,0.0,0.0,0.0,0.0,1.0,88.0,4796.0,1155.0,981.0,170308563.0,207449848.0,0.0,0.0,"Weld County, Colorado",1,official_seed_report_only
09001,2024,CT,0.0,0.0,0.0,0.0,0.0,1.0,62.0,39.0,1.0,17.0,65787453.0,0.0,0.0,0.0,"Fairfield County, Connecticut",1,official_seed_report_only
09003,2024,CT,0.0,0.0,0.0,0.0,0.0,2.0,396.0,12105.0,2388.0,3707.0,916064021.0,790183540.0,1.0,0.0,"Hartford County, Connecticut",1,official_seed_report_only
09007,2024,CT,0.0,0.0,0.0,0.0,0.0,2.0,386.0,2016.0,50.0,31.0,225180631.0,0.0,0.0,0.0,"Middlesex County, Connecticut",1,official_seed_report_only
09009,2024,CT,0.0,0.0,0.0,0.0,0.0,1.0,32.0,21.0,2.0,11.0,61057701.0,0.0,1.0,0.0,"New Haven County, Connecticut",1,official_seed_report_only
11001,2024,DC,0.0,0.0,0.0,0.0,0.0,5.0,1850.0,70630.0,16276.0,3336.0,3874017742.0,5050294995.0,5.0,0.0,District of Columbia,1,official_seed_report_only
10001,2024,DE,0.0,0.0,0.0,0.0,0.0,2.0,313.0,9053.0,5530.0,527.0,481840005.0,689191304.0,1.0,0.0,"Kent County, Delaware",1,official_seed_report_only
10003,2024,DE,0.0,0.0,0.0,0.0,0.0,3.0,1351.0,61884.0,18103.0,9067.0,2313499347.0,2560279610.0,2.0,0.0,"New Castle County, Delaware",1,official_seed_report_only
10005,2024,DE,0.0,0.0,0.0,0.0,0.0,4.0,444.0,23440.0,10319.0,1075.0,891608014.0,1147663258.0,2.0,0.0,"Sussex County, Delaware",1,official_seed_report_only
12001,2024,FL,0.0,0.0,0.0,0.0,0.0,3.0,1514.0,76776.0,17758.0,2430.0,2434381117.0,3236005019.0,2.0,0.0,"Alachua County, Florida",1,official_seed_report_only
12003,2024,FL,0.0,0.0,0.0,0.0,0.0,1.0,60.0,248.0,0.0,4.0,97568362.0,7602808.0,0.0,0.0,"Baker County, Florida",1,official_seed_report_only
12005,2024,FL,0.0,0.0,0.0,0.0,0.0,3.0,435.0,24296.0,6555.0,688.0,449653187.0,577228762.0,0.0,0.0,"Bay County, Florida",1,official_seed_report_only
12009,2024,FL,0.0,0.0,0.0,0.0,0.0,2.0,219.0,2112.0,459.0,0.0,75017039.0,54887358.0,0.0,0.0,"Brevard County, Florida",1,official_seed_report_only
12011,2024,FL,0.0,0.0,0.0,0.0,0.0,13.0,3780.0,159637.0,26356.0,9944.0,4658295127.0,5545597928.0,9.0,0.0,"Broward County, Florida",1,official_seed_report_only
12019,2024,FL,0.0,0.0,0.0,0.0,0.0,2.0,374.0,17698.0,3941.0,396.0,323348368.0,478689081.0,1.0,0.0,"Clay County, Florida",1,official_seed_report_only
12031,2024,FL,0.0,0.0,0.0,0.0,0.0,7.0,1434.0,78022.0,11328.0,2441.0,1759538829.0,1718177542.0,2.0,0.0,"Duval County, Florida",1,official_seed_report_only
12033,2024,FL,0.0,0.0,0.0,0.0,0.0,3.0,996.0,46388.0,10245.0,1375.0,1248774043.0,1637811982.0,2.0,0.0,"Escambia County, Florida",1,official_seed_report_only
12035,2024,FL,0.0,0.0,0.0,0.0,0.0,1.0,100.0,4749.0,1489.0,31.0,85994959.0,98305026.0,0.0,0.0,"Flagler County, Florida",1,official_seed_report_only
12039,2024,FL,0.0,0.0,0.0,0.0,0.0,1.0,24.0,14.0,0.0,0.0,173704611.0,7208894.0,0.0,0.0,"Gadsden County, Florida",1,official_seed_report_only
12045,2024,FL,0.0,0.0,0.0,0.0,0.0,1.0,19.0,361.0,115.0,2.0,24173366.0,21495717.0,0.0,0.0,"Gulf County, Florida",1,official_seed_report_only
12053,2024,FL,0.0,0.0,0.0,0.0,0.0,1.0,350.0,21336.0,4663.0,524.0,264663657.0,381239626.0,1.0,0.0,"Hernando County, Florida",1,official_seed_report_only
12057,2024,FL,0.0,0.0,0.0,0.0,0.0,4.0,687.0,19191.0,5904.0,171.0,1808940867.0,2308403331.0,1.0,0.0,"Hillsborough County, Florida",1,official_seed_report_only
12069,2024,FL,0.0,0.0,0.0,0.0,0.0,2.0,396.0,16304.0,4760.0,1153.0,303702469.0,269263810.0,0.0,0.0,"Lake County, Florida",1,official_seed_report_only
12071,2024,FL,0.0,0.0,0.0,0.0,0.0,2.0,92.0,735.0,425.0,1.0,38072679.0,32157464.0,0.0,0.0,"Lee County, Florida",1,official_seed_report_only
12073,2024,FL,0.0,0.0,0.0,0.0,0.0,3.0,350.0,20185.0,2685.0,330.0,282286444.0,425394736.0,1.0,0.0,"Leon County, Florida",1,official_seed_report_only
12081,2024,FL,0.0,0.0,0.0,0.0,0.0,2.0,396.0,14656.0,3749.0,1678.0,248808947.0,327385488.0,1.0,0.0,"Manatee County, Florida",1,official_seed_report_only
12083,2024,FL,0.0,0.0,0.0,0.0,0.0,3.0,638.0,39297.0,9598.0,2287.0,594980922.0,841963232.0,1.0,0.0,"Marion County, Florida",1,official_seed_report_only
12085,2024,FL,0.0,0.0,0.0,0.0,0.0,1.0,80.0,2880.0,197.0,0.0,14427505.0,17962939.0,0.0,0.0,"Martin County, Florida",1,official_seed_report_only
12086,2024,FL,0.0,0.0,0.0,0.0,0.0,9.0,2658.0,77788.0,10512.0,4934.0,3637818934.0,4084990678.0,3.0,0.0,"Miami-Dade County, Florida",1,official_seed_report_only
12091,2024,FL,0.0,0.0,0.0,0.0,0.0,3.0,392.0,20323.0,7023.0,1034.0,393111359.0,574161752.0,0.0,0.0,"Okaloosa County, Florida",1,official_seed_report_only
12093,2024,FL,0.0,0.0,0.0,0.0,0.0,1.0,100.0,3904.0,1035.0,0.0,65378306.0,102295954.0,0.0,0.0,"Okeechobee County, Florida",1,official_seed_report_only
12095,2024,FL,0.0,0.0,0.0,0.0,0.0,2.0,154.0,7539.0,573.0,455.0,172302255.0,205776671.0,0.0,0.0,"Orange County, Florida",1,official_seed_report_only
12097,2024,FL,0.0,0.0,0.0,0.0,0.0,2.0,158.0,6101.0,1133.0,127.0,94406179.0,149218196.0,0.0,0.0,"Osceola County, Florida",1,official_seed_report_only
12099,2024,FL,0.0,0.0,0.0,0.0,0.0,6.0,1668.0,77633.0,12373.0,9288.0,1344550722.0,1856735585.0,3.0,0.0,"Palm Beach County, Florida",1,official_seed_report_only
12101,2024,FL,0.0,0.0,0.0,0.0,0.0,2.0,600.0,31156.0,5961.0,748.0,530782973.0,703813326.0,2.0,0.0,"Pasco County, Florida",1,official_seed_report_only
12103,2024,FL,0.0,0.0,0.0,0.0,0.0,4.0,828.0,28074.0,3808.0,904.0,929597421.0,1315945551.0,3.0,0.0,"Pinellas County, Florida",1,official_seed_report_only
12105,2024,FL,0.0,0.0,0.0,0.0,0.0,2.0,320.0,13429.0,2225.0,328.0,307040575.0,402925637.0,0.0,0.0,"Polk County, Florida",1,official_seed_report_only
12107,2024,FL,0.0,0.0,0.0,0.0,0.0,1.0,82.0,4614.0,1276.0,59.0,68103269.0,91563798.0,0.0,0.0,"Putnam County, Florida",1,official_seed_report_only
12113,2024,FL,0.0,0.0,0.0,0.0,0.0,1.0,87.0,3835.0,989.0,733.0,81301410.0,106462842.0,0.0,0.0,"Santa Rosa County, Florida",1,official_seed_report_only
12115,2024,FL,0.0,0.0,0.0,0.0,0.0,1.0,40.0,485.0,290.0,0.0,21252842.0,23316854.0,0.0,0.0,"Sarasota County, Florida",1,official_seed_report_only
12117,2024,FL,0.0,0.0,0.0,0.0,0.0,1.0,199.0,9598.0,1841.0,935.0,212038899.0,260535319.0,0.0,0.0,"Seminole County, Florida",1,official_seed_report_only
12109,2024,FL,0.0,0.0,0.0,0.0,0.0,1.0,56.0,1966.0,572.0,11.0,69509609.0,64700673.0,0.0,0.0,"St. Johns County, Florida",1,official_seed_report_only
12119,2024,FL,0.0,0.0,0.0,0.0,0.0,2.0,317.0,13117.0,5527.0,46.0,243898963.0,258390378.0,0.0,0.0,"Sumter County, Florida",1,official_seed_report_only
12131,2024,FL,0.0,0.0,0.0,0.0,0.0,1.0,80.0,6360.0,1724.0,189.0,148811652.0,198200298.0,0.0,0.0,"Walton County, Florida",1,official_seed_report_only
13001,2024,GA,0.0,0.0,0.0,0.0,0.0,1.0,34.0,224.0,67.0,14.0,32404949.0,28457596.0,0.0,0.0,"Appling County, Georgia",1,official_seed_report_only
13005,2024,GA,0.0,0.0,0.0,0.0,0.0,1.0,25.0,923.0,237.0,74.0,44859609.0,47823892.0,0.0,1.0,"Bacon County, Georgia",1,official_seed_report_only
13015,2024,GA,0.0,0.0,0.0,0.0,0.0,1.0,130.0,8105.0,1747.0,479.0,170349598.0,203882031.0,0.0,0.0,"Bartow County, Georgia",1,official_seed_report_only
13017,2024,GA,0.0,0.0,0.0,0.0,0.0,1.0,48.0,541.0,110.0,53.0,25716163.0,26225240.0,0.0,0.0,"Ben Hill County, Georgia",1,official_seed_report_only
13021,2024,GA,0.0,0.0,0.0,0.0,0.0,2.0,260.0,11708.0,2580.0,871.0,263441137.0,318138927.0,1.0,0.0,"Bibb County, Georgia",1,official_seed_report_only
13023,2024,GA,0.0,0.0,0.0,0.0,0.0,1.0,25.0,87.0,35.0,1.0,13083278.0,13548129.0,0.0,1.0,"Bleckley County, Georgia",1,official_seed_report_only
13035,2024,GA,0.0,0.0,0.0,0.0,0.0,1.0,25.0,365.0,11.0,0.0,19787150.0,22992700.0,0.0,1.0,"Butts County, Georgia",1,official_seed_report_only
13039,2024,GA,0.0,0.0,0.0,0.0,0.0,1.0,40.0,2184.0,274.0,38.0,57539522.0,74282414.0,0.0,0.0,"Camden County, Georgia",1,official_seed_report_only
13045,2024,GA,0.0,0.0,0.0,0.0,0.0,2.0,256.0,14048.0,3145.0,715.0,539921125.0,673706067.0,0.0,0.0,"Carroll County, Georgia",1,official_seed_report_only
13047,2024,GA,0.0,0.0,0.0,0.0,0.0,1.0,35.0,616.0,193.0,36.0,24619847.0,22122620.0,0.0,0.0,"Catoosa County, Georgia",1,official_seed_report_only
13051,2024,GA,0.0,0.0,0.0,0.0,0.0,6.0,756.0,23314.0,6050.0,1294.0,810969913.0,860266076.0,0.0,0.0,"Chatham County, Georgia",1,official_seed_report_only
13059,2024,GA,0.0,0.0,0.0,0.0,0.0,2.0,556.0,35242.0,7428.0,2947.0,765802022.0,1073600776.0,2.0,0.0,"Clarke County, Georgia",1,official_seed_report_only
13065,2024,GA,0.0,0.0,0.0,0.0,0.0,1.0,15.0,44.0,21.0,5.0,16338884.0,17078678.0,0.0,1.0,"Clinch County, Georgia",1,official_seed_report_only
13067,2024,GA,0.0,0.0,0.0,0.0,0.0,3.0,1064.0,63416.0,11567.0,3107.0,2234762283.0,2896506621.0,2.0,0.0,"Cobb County, Georgia",1,official_seed_report_only
13075,2024,GA,0.0,0.0,0.0,0.0,0.0,1.0,8.0,201.0,77.0,2.0,65124315.0,56422500.0,0.0,0.0,"Cook County, Georgia",1,official_seed_report_only
13077,2024,GA,0.0,0.0,0.0,0.0,0.0,1.0,213.0,12128.0,2592.0,482.0,265530593.0,385260448.0,0.0,0.0,"Coweta County, Georgia",1,official_seed_report_only
13081,2024,GA,0.0,0.0,0.0,0.0,0.0,1.0,68.0,2594.0,450.0,214.0,88575782.0,118932800.0,0.0,0.0,"Crisp County, Georgia",1,official_seed_report_only
13089,2024,GA,0.0,0.0,0.0,0.0,0.0,7.0,1739.0,65579.0,11664.0,3143.0,2596426028.0,2929504401.0,3.0,0.0,"DeKalb County, Georgia",1,official_seed_report_only
13087,2024,GA,0.0,0.0,0.0,0.0,0.0,1.0,80.0,1752.0,208.0,128.0,42551807.0,53125903.0,0.0,0.0,"Decatur County, Georgia",1,official_seed_report_only
13095,2024,GA,0.0,0.0,0.0,0.0,0.0,1.0,360.0,16562.0,2588.0,1474.0,524228066.0,713972311.0,1.0,0.0,"Dougherty County, Georgia",1,official_seed_report_only
13097,2024,GA,0.0,0.0,0.0,0.0,0.0,1.0,112.0,7608.0,1278.0,525.0,209673782.0,226633884.0,1.0,0.0,"Douglas County, Georgia",1,official_seed_report_only
13103,2024,GA,0.0,0.0,0.0,0.0,0.0,1.0,25.0,245.0,53.0,4.0,66043701.0,62768126.0,0.0,1.0,"Effingham County, Georgia",1,official_seed_report_only
13105,2024,GA,0.0,0.0,0.0,0.0,0.0,1.0,25.0,182.0,83.0,19.0,18344252.0,19070666.0,0.0,1.0,"Elbert County, Georgia",1,official_seed_report_only
13107,2024,GA,0.0,0.0,0.0,0.0,0.0,1.0,24.0,838.0,216.0,58.0,38049908.0,40508135.0,0.0,0.0,"Emanuel County, Georgia",1,official_seed_report_only
13113,2024,GA,0.0,0.0,0.0,0.0,0.0,1.0,299.0,20478.0,3947.0,895.0,405669764.0,565608718.0,0.0,0.0,"Fayette County, Georgia",1,official_seed_report_only
13115,2024,GA,0.0,0.0,0.0,0.0,0.0,1.0,210.0,11173.0,3203.0,415.0,351572517.0,331753274.0,1.0,0.0,"Floyd County, Georgia",1,official_seed_report_only
13119,2024,GA,0.0,0.0,0.0,0.0,0.0,1.0,56.0,2300.0,417.0,172.0,43508739.0,40141593.0,0.0,0.0,"Franklin County, Georgia",1,official_seed_report_only
13121,2024,GA,0.0,0.0,0.0,0.0,0.0,6.0,1670.0,80161.0,14094.0,3752.0,3555346487.0,4191049293.0,3.0,0.0,"Fulton County, Georgia",1,official_seed_report_only
13127,2024,GA,0.0,0.0,0.0,0.0,0.0,1.0,300.0,11436.0,3023.0,1036.0,301720407.0,349611550.0,0.0,0.0,"Glynn County, Georgia",1,official_seed_report_only
13133,2024,GA,0.0,0.0,0.0,0.0,0.0,1.0,25.0,1048.0,357.0,71.0,27866311.0,35892437.0,0.0,1.0,"Greene County, Georgia",1,official_seed_report_only
13135,2024,GA,0.0,0.0,0.0,0.0,0.0,1.0,218.0,10833.0,1912.0,767.0,245351350.0,299108876.0,0.0,0.0,"Gwinnett County, Georgia",1,official_seed_report_only
13143,2024,GA,0.0,0.0,0.0,0.0,0.0,1.0,23.0,181.0,43.0,11.0,37677215.0,45243085.0,0.0,1.0,"Haralson County, Georgia",1,official_seed_report_only
13151,2024,GA,0.0,0.0,0.0,0.0,0.0,2.0,344.0,19636.0,3607.0,987.0,376349766.0,520139828.0,0.0,0.0,"Henry County, Georgia",1,official_seed_report_only
13175,2024,GA,0.0,0.0,0.0,0.0,0.0,1.0,123.0,8657.0,1443.0,505.0,119339232.0,180322855.0,0.0,0.0,"Laurens County, Georgia",1,official_seed_report_only
13189,2024,GA,0.0,0.0,0.0,0.0,0.0,1.0,25.0,807.0,199.0,24.0,22798775.0,29534355.0,0.0,0.0,"McDuffie County, Georgia",1,official_seed_report_only
13199,2024,GA,0.0,0.0,0.0,0.0,0.0,1.0,52.0,372.0,97.0,86.0,11384906.0,8678610.0,0.0,0.0,"Meriwether County, Georgia",1,official_seed_report_only
13201,2024,GA,0.0,0.0,0.0,0.0,0.0,1.0,25.0,220.0,85.0,44.0,71122846.0,82556914.0,0.0,1.0,"Miller County, Georgia",1,official_seed_report_only
13211,2024,GA,0.0,0.0,0.0,0.0,0.0,1.0,25.0,210.0,68.0,10.0,35974621.0,38399930.0,0.0,1.0,"Morgan County, Georgia",1,official_seed_report_only
13215,2024,GA,0.0,0.0,0.0,0.0,0.0,4.0,547.0,22163.0,5042.0,1334.0,488081133.0,684146280.0,1.0,0.0,"Muscogee County, Georgia",1,official_seed_report_only
13217,2024,GA,0.0,0.0,0.0,0.0,0.0,1.0,94.0,6689.0,1189.0,443.0,135116248.0,183933002.0,0.0,0.0,"Newton County, Georgia",1,official_seed_report_only
13223,2024,GA,0.0,0.0,0.0,0.0,0.0,1.0,112.0,9982.0,2355.0,378.0,272942265.0,307892166.0,0.0,0.0,"Paulding County, Georgia",1,official_seed_report_only
13227,2024,GA,0.0,0.0,0.0,0.0,0.0,1.0,62.0,4249.0,1395.0,259.0,105507039.0,146626606.0,0.0,0.0,"Pickens County, Georgia",1,official_seed_report_only
13235,2024,GA,0.0,0.0,0.0,0.0,0.0,1.0,49.0,631.0,219.0,30.0,24963913.0,22707878.0,0.0,0.0,"Pulaski County, Georgia",1,official_seed_report_only
13245,2024,GA,0.0,0.0,0.0,0.0,0.0,6.0,1551.0,63059.0,12797.0,4080.0,1956872570.0,2284465280.0,3.0,0.0,"Richmond County, Georgia",1,official_seed_report_only
13247,2024,GA,0.0,0.0,0.0,0.0,0.0,1.0,181.0,10648.0,1496.0,611.0,205919055.0,238160826.0,0.0,0.0,"Rockdale County, Georgia",1,official_seed_report_only
13253,2024,GA,0.0,0.0,0.0,0.0,0.0,1.0,41.0,500.0,134.0,34.0,30996768.0,30060344.0,0.0,0.0,"Seminole County, Georgia",1,official_seed_report_only
13255,2024,GA,0.0,0.0,0.0,0.0,0.0,1.0,170.0,7988.0,1351.0,554.0,168111434.0,191583551.0,1.0,0.0,"Spalding County, Georgia",1,official_seed_report_only
13261,2024,GA,0.0,0.0,0.0,0.0,0.0,1.0,54.0,3552.0,529.0,381.0,91509088.0,113916390.0,0.0,0.0,"Sumter County, Georgia",1,official_seed_report_only
13279,2024,GA,0.0,0.0,0.0,0.0,0.0,1.0,57.0,4995.0,808.0,384.0,80851297.0,126546297.0,0.0,0.0,"Toombs County, Georgia",1,official_seed_report_only
13281,2024,GA,0.0,0.0,0.0,0.0,0.0,1.0,25.0,314.0,184.0,8.0,33659840.0,34554267.0,0.0,1.0,"Towns County, Georgia",1,official_seed_report_only
13285,2024,GA,0.0,0.0,0.0,0.0,0.0,1.0,276.0,8992.0,1572.0,573.0,257125967.0,294279269.0,0.0,0.0,"Troup County, Georgia",1,official_seed_report_only
13291,2024,GA,0.0,0.0,0.0,0.0,0.0,1.0,39.0,2687.0,966.0,30.0,80897710.0,119671624.0,0.0,0.0,"Union County, Georgia",1,official_seed_report_only
13297,2024,GA,0.0,0.0,0.0,0.0,0.0,1.0,76.0,4658.0,998.0,267.0,90124812.0,141459842.0,0.0,0.0,"Walton County, Georgia",1,official_seed_report_only
13303,2024,GA,0.0,0.0,0.0,0.0,0.0,1.0,49.0,411.0,137.0,31.0,30395770.0,34260866.0,0.0,0.0,"Washington County, Georgia",1,official_seed_report_only
13305,2024,GA,0.0,0.0,0.0,0.0,0.0,1.0,88.0,2202.0,481.0,118.0,75173326.0,75017435.0,0.0,0.0,"Wayne County, Georgia",1,official_seed_report_only
13317,2024,GA,0.0,0.0,0.0,0.0,0.0,1.0,25.0,239.0,67.0,15.0,16952901.0,14438664.0,0.0,1.0,"Wilkes County, Georgia",1,official_seed_report_only
13321,2024,GA,0.0,0.0,0.0,0.0,0.0,1.0,25.0,186.0,34.0,11.0,18147308.0,24076109.0,0.0,1.0,"Worth County, Georgia",1,official_seed_report_only
15001,2024,HI,0.0,0.0,0.0,0.0,0.0,8.0,397.0,14405.0,2630.0,4304.0,781987532.0,679198928.0,1.0,5.0,"Hawaii County, Hawaii",1,official_seed_report_only
15003,2024,HI,0.0,0.0,0.0,0.0,0.0,8.0,1466.0,60039.0,10603.0,225.0,2435789046.0,3032871666.0,6.0,1.0,"Honolulu County, Hawaii",1,official_seed_report_only
15007,2024,HI,0.0,0.0,0.0,0.0,0.0,1.0,72.0,3238.0,691.0,3.0,116765116.0,153681816.0,0.0,0.0,"Kauai County, Hawaii",1,official_seed_report_only
15009,2024,HI,0.0,0.0,0.0,0.0,0.0,1.0,15.0,130.0,30.0,28.0,18776235.0,20065594.0,0.0,1.0,"Maui County, Hawaii",1,official_seed_report_only
19001,2024,IA,0.0,0.0,0.0,0.0,0.0,1.0,25.0,90.0,58.0,1.0,17456137.0,18014045.0,0.0,1.0,"Adair County, Iowa",1,official_seed_report_only
19003,2024,IA,0.0,0.0,0.0,0.0,0.0,1.0,22.0,164.0,90.0,17.0,21744017.0,24526784.0,0.0,1.0,"Adams County, Iowa",1,official_seed_report_only
19005,2024,IA,0.0,0.0,0.0,0.0,0.0,1.0,25.0,334.0,96.0,47.0,23524359.0,25506900.0,0.0,1.0,"Allamakee County, Iowa",1,official_seed_report_only
19007,2024,IA,0.0,0.0,0.0,0.0,0.0,1.0,20.0,284.0,125.0,26.0,40383653.0,51029033.0,0.0,1.0,"Appanoose County, Iowa",1,official_seed_report_only
19009,2024,IA,0.0,0.0,0.0,0.0,0.0,1.0,17.0,89.0,68.0,5.0,15428158.0,16101580.0,0.0,1.0,"Audubon County, Iowa",1,official_seed_report_only
19011,2024,IA,0.0,0.0,0.0,0.0,0.0,1.0,25.0,315.0,161.0,29.0,30722362.0,34927295.0,0.0,1.0,"Benton County, Iowa",1,official_seed_report_only
19013,2024,IA,0.0,0.0,0.0,0.0,0.0,2.0,172.0,7215.0,1495.0,701.0,339388404.0,390585054.0,1.0,0.0,"Black Hawk County, Iowa",1,official_seed_report_only
19015,2024,IA,0.0,0.0,0.0,0.0,0.0,1.0,25.0,341.0,101.0,79.0,44458533.0,51761700.0,0.0,1.0,"Boone County, Iowa",1,official_seed_report_only
19017,2024,IA,0.0,0.0,0.0,0.0,0.0,1.0,21.0,721.0,215.0,6.0,67961515.0,83247693.0,0.0,1.0,"Bremer County, Iowa",1,official_seed_report_only
19019,2024,IA,0.0,0.0,0.0,0.0,0.0,2.0,81.0,372.0,85.0,113.0,69415513.0,56781186.0,0.0,1.0,"Buchanan County, Iowa",1,official_seed_report_only
19021,2024,IA,0.0,0.0,0.0,0.0,0.0,1.0,25.0,817.0,286.0,43.0,59838767.0,72163971.0,0.0,1.0,"Buena Vista County, Iowa",1,official_seed_report_only
19027,2024,IA,0.0,0.0,0.0,0.0,0.0,2.0,66.0,1110.0,346.0,4.0,76558267.0,83369443.0,0.0,1.0,"Carroll County, Iowa",1,official_seed_report_only
19029,2024,IA,0.0,0.0,0.0,0.0,0.0,1.0,25.0,783.0,439.0,0.0,63965245.0,77671961.0,0.0,1.0,"Cass County, Iowa",1,official_seed_report_only
19033,2024,IA,0.0,0.0,0.0,0.0,0.0,1.0,199.0,8556.0,3619.0,317.0,312275917.0,436866984.0,1.0,0.0,"Cerro Gordo County, Iowa",1,official_seed_report_only
19035,2024,IA,0.0,0.0,0.0,0.0,0.0,1.0,0.0,187.0,22.0,88.0,21811504.0,0.0,0.0,0.0,"Cherokee County, Iowa",1,official_seed_report_only
19037,2024,IA,0.0,0.0,0.0,0.0,0.0,1.0,11.0,188.0,126.0,0.0,18151610.0,23930494.0,0.0,1.0,"Chickasaw County, Iowa",1,official_seed_report_only
19039,2024,IA,0.0,0.0,0.0,0.0,0.0,1.0,25.0,207.0,107.0,1.0,40017282.0,40280207.0,0.0,1.0,"Clarke County, Iowa",1,official_seed_report_only
19041,2024,IA,0.0,0.0,0.0,0.0,0.0,1.0,49.0,1441.0,764.0,154.0,94446205.0,117862182.0,0.0,0.0,"Clay County, Iowa",1,official_seed_report_only
19043,2024,IA,0.0,0.0,0.0,0.0,0.0,2.0,40.0,300.0,216.0,0.0,38454426.0,39031724.0,0.0,2.0,"Clayton County, Iowa",1,official_seed_report_only
19045,2024,IA,0.0,0.0,0.0,0.0,0.0,2.0,120.0,3000.0,986.0,84.0,112006005.0,158325393.0,0.0,1.0,"Clinton County, Iowa",1,official_seed_report_only
19047,2024,IA,0.0,0.0,0.0,0.0,0.0,1.0,25.0,325.0,157.0,51.0,37126167.0,43388780.0,0.0,1.0,"Crawford County, Iowa",1,official_seed_report_only
19049,2024,IA,0.0,0.0,0.0,0.0,0.0,2.0,125.0,2335.0,137.0,91.0,46162213.0,53011837.0,0.0,1.0,"Dallas County, Iowa",1,official_seed_report_only
19051,2024,IA,0.0,0.0,0.0,0.0,0.0,1.0,25.0,126.0,79.0,0.0,29936641.0,32306238.0,0.0,1.0,"Davis County, Iowa",1,official_seed_report_only
19053,2024,IA,0.0,0.0,0.0,0.0,0.0,1.0,11.0,137.0,81.0,5.0,20639618.0,26057942.0,0.0,1.0,"Decatur County, Iowa",1,official_seed_report_only
19055,2024,IA,0.0,0.0,0.0,0.0,0.0,1.0,25.0,669.0,211.0,10.0,64649516.0,78700334.0,0.0,1.0,"Delaware County, Iowa",1,official_seed_report_only
19057,2024,IA,0.0,0.0,0.0,0.0,0.0,1.0,174.0,5656.0,2053.0,145.0,262964676.0,360528109.0,0.0,0.0,"Des Moines County, Iowa",1,official_seed_report_only
19059,2024,IA,0.0,0.0,0.0,0.0,0.0,1.0,44.0,1031.0,504.0,113.0,54189782.0,66063751.0,0.0,0.0,"Dickinson County, Iowa",1,official_seed_report_only
19061,2024,IA,0.0,0.0,0.0,0.0,0.0,2.0,155.0,7140.0,3716.0,553.0,145054869.0,176763784.0,0.0,1.0,"Dubuque County, Iowa",1,official_seed_report_only
19063,2024,IA,0.0,0.0,0.0,0.0,0.0,1.0,22.0,236.0,177.0,1.0,24092531.0,31771639.0,0.0,1.0,"Emmet County, Iowa",1,official_seed_report_only
19065,2024,IA,0.0,0.0,0.0,0.0,0.0,1.0,17.0,215.0,80.0,26.0,14734930.0,18310561.0,0.0,1.0,"Fayette County, Iowa",1,official_seed_report_only
19067,2024,IA,0.0,0.0,0.0,0.0,0.0,1.0,25.0,391.0,184.0,44.0,41779185.0,48201633.0,0.0,1.0,"Floyd County, Iowa",1,official_seed_report_only
19069,2024,IA,0.0,0.0,0.0,0.0,0.0,1.0,25.0,199.0,133.0,9.0,25987389.0,27231249.0,0.0,1.0,"Franklin County, Iowa",1,official_seed_report_only
19073,2024,IA,0.0,0.0,0.0,0.0,0.0,1.0,25.0,148.0,81.0,0.0,30604452.0,32929065.0,0.0,1.0,"Greene County, Iowa",1,official_seed_report_only
19075,2024,IA,0.0,0.0,0.0,0.0,0.0,1.0,25.0,164.0,107.0,0.0,27950584.0,34754130.0,0.0,1.0,"Grundy County, Iowa",1,official_seed_report_only
19077,2024,IA,0.0,0.0,0.0,0.0,0.0,1.0,25.0,148.0,90.0,0.0,21222370.0,22620882.0,0.0,1.0,"Guthrie County, Iowa",1,official_seed_report_only
19079,2024,IA,0.0,0.0,0.0,0.0,0.0,1.0,25.0,403.0,245.0,0.0,37777499.0,41061237.0,0.0,1.0,"Hamilton County, Iowa",1,official_seed_report_only
19081,2024,IA,0.0,0.0,0.0,0.0,0.0,1.0,25.0,147.0,108.0,0.0,26774431.0,32191450.0,0.0,1.0,"Hancock County, Iowa",1,official_seed_report_only
19083,2024,IA,0.0,0.0,0.0,0.0,0.0,1.0,17.0,141.0,78.0,0.0,30662157.0,37083872.0,0.0,1.0,"Hardin County, Iowa",1,official_seed_report_only
19085,2024,IA,0.0,0.0,0.0,0.0,0.0,1.0,25.0,303.0,147.0,0.0,31082504.0,36750417.0,0.0,1.0,"Harrison County, Iowa",1,official_seed_report_only
19087,2024,IA,0.0,0.0,0.0,0.0,0.0,1.0,25.0,212.0,113.0,9.0,45991698.0,54315215.0,0.0,1.0,"Henry County, Iowa",1,official_seed_report_only
19089,2024,IA,0.0,0.0,0.0,0.0,0.0,1.0,18.0,243.0,118.0,7.0,37420206.0,40014574.0,0.0,1.0,"Howard County, Iowa",1,official_seed_report_only
19091,2024,IA,0.0,0.0,0.0,0.0,0.0,1.0,17.0,157.0,87.0,2.0,26532570.0,28983791.0,0.0,1.0,"Humboldt County, Iowa",1,official_seed_report_only
19095,2024,IA,0.0,0.0,0.0,0.0,0.0,1.0,25.0,359.0,203.0,0.0,42131673.0,48275712.0,0.0,1.0,"Iowa County, Iowa",1,official_seed_report_only
19097,2024,IA,0.0,0.0,0.0,0.0,0.0,1.0,25.0,135.0,72.0,7.0,21316082.0,29247697.0,0.0,1.0,"Jackson County, Iowa",1,official_seed_report_only
19099,2024,IA,0.0,0.0,0.0,0.0,0.0,1.0,48.0,661.0,245.0,137.0,33441720.0,37185398.0,0.0,0.0,"Jasper County, Iowa",1,official_seed_report_only
19101,2024,IA,0.0,0.0,0.0,0.0,0.0,1.0,25.0,446.0,189.0,5.0,58254748.0,68421966.0,0.0,1.0,"Jefferson County, Iowa",1,official_seed_report_only
19103,2024,IA,0.0,0.0,0.0,0.0,0.0,2.0,951.0,36198.0,7882.0,797.0,1922343666.0,2539393930.0,1.0,0.0,"Johnson County, Iowa",1,official_seed_report_only
19107,2024,IA,0.0,0.0,0.0,0.0,0.0,1.0,25.0,54.0,33.0,0.0,14986013.0,13165972.0,0.0,1.0,"Keokuk County, Iowa",1,official_seed_report_only
19109,2024,IA,0.0,0.0,0.0,0.0,0.0,1.0,24.0,624.0,380.0,1.0,37417868.0,43817068.0,0.0,1.0,"Kossuth County, Iowa",1,official_seed_report_only
19113,2024,IA,0.0,0.0,0.0,0.0,0.0,1.0,216.0,9530.0,3152.0,82.0,347105559.0,415281133.0,0.0,0.0,"Linn County, Iowa",1,official_seed_report_only
19117,2024,IA,0.0,0.0,0.0,0.0,0.0,1.0,25.0,187.0,81.0,10.0,28000239.0,29473908.0,0.0,1.0,"Lucas County, Iowa",1,official_seed_report_only
19119,2024,IA,0.0,0.0,0.0,0.0,0.0,1.0,11.0,64.0,48.0,0.0,10557083.0,10859728.0,0.0,1.0,"Lyon County, Iowa",1,official_seed_report_only
19121,2024,IA,0.0,0.0,0.0,0.0,0.0,1.0,25.0,225.0,123.0,6.0,29141909.0,29735152.0,0.0,1.0,"Madison County, Iowa",1,official_seed_report_only
19123,2024,IA,0.0,0.0,0.0,0.0,0.0,1.0,25.0,1293.0,360.0,0.0,68074981.0,95008023.0,0.0,1.0,"Mahaska County, Iowa",1,official_seed_report_only
19125,2024,IA,0.0,0.0,0.0,0.0,0.0,1.0,25.0,434.0,220.0,8.0,36625147.0,52406068.0,0.0,1.0,"Marion County, Iowa",1,official_seed_report_only
19131,2024,IA,0.0,0.0,0.0,0.0,0.0,1.0,25.0,264.0,203.0,7.0,31757683.0,38103203.0,0.0,1.0,"Mitchell County, Iowa",1,official_seed_report_only
19133,2024,IA,0.0,0.0,0.0,0.0,0.0,1.0,25.0,326.0,177.0,18.0,28867931.0,36856416.0,0.0,1.0,"Monona County, Iowa",1,official_seed_report_only
19135,2024,IA,0.0,0.0,0.0,0.0,0.0,1.0,25.0,122.0,75.0,4.0,29440454.0,32236453.0,0.0,1.0,"Monroe County, Iowa",1,official_seed_report_only
19137,2024,IA,0.0,0.0,0.0,0.0,0.0,1.0,25.0,347.0,215.0,16.0,52322848.0,45351503.0,0.0,1.0,"Montgomery County, Iowa",1,official_seed_report_only
19141,2024,IA,0.0,0.0,0.0,0.0,0.0,1.0,14.0,16.0,13.0,0.0,8348055.0,5465855.0,0.0,1.0,"O'Brien County, Iowa",1,official_seed_report_only
19143,2024,IA,0.0,0.0,0.0,0.0,0.0,1.0,25.0,91.0,61.0,0.0,12595943.0,14233261.0,0.0,1.0,"Osceola County, Iowa",1,official_seed_report_only
19145,2024,IA,0.0,0.0,0.0,0.0,0.0,1.0,25.0,326.0,207.0,28.0,44605397.0,55884738.0,0.0,1.0,"Page County, Iowa",1,official_seed_report_only
19147,2024,IA,0.0,0.0,0.0,0.0,0.0,1.0,24.0,254.0,138.0,36.0,31781156.0,34245060.0,0.0,1.0,"Palo Alto County, Iowa",1,official_seed_report_only
19149,2024,IA,0.0,0.0,0.0,0.0,0.0,1.0,25.0,434.0,176.0,12.0,39146512.0,50653504.0,0.0,1.0,"Plymouth County, Iowa",1,official_seed_report_only
19151,2024,IA,0.0,0.0,0.0,0.0,0.0,1.0,25.0,100.0,64.0,1.0,16191191.0,17133778.0,0.0,1.0,"Pocahontas County, Iowa",1,official_seed_report_only
19153,2024,IA,0.0,0.0,0.0,0.0,0.0,2.0,632.0,29926.0,6430.0,2362.0,844922619.0,1167318776.0,2.0,0.0,"Polk County, Iowa",1,official_seed_report_only
19155,2024,IA,0.0,0.0,0.0,0.0,0.0,1.0,141.0,5263.0,1080.0,62.0,111025764.0,113897349.0,0.0,0.0,"Pottawattamie County, Iowa",1,official_seed_report_only
19159,2024,IA,0.0,0.0,0.0,0.0,0.0,1.0,16.0,144.0,89.0,9.0,25685747.0,26584098.0,0.0,1.0,"Ringgold County, Iowa",1,official_seed_report_only
19161,2024,IA,0.0,0.0,0.0,0.0,0.0,1.0,25.0,106.0,64.0,1.0,17236872.0,20666164.0,0.0,1.0,"Sac County, Iowa",1,official_seed_report_only
19163,2024,IA,0.0,0.0,0.0,0.0,0.0,2.0,301.0,18120.0,4347.0,47.0,412292359.0,494451643.0,1.0,0.0,"Scott County, Iowa",1,official_seed_report_only
19165,2024,IA,0.0,0.0,0.0,0.0,0.0,1.0,25.0,491.0,304.0,0.0,49744595.0,54731841.0,0.0,1.0,"Shelby County, Iowa",1,official_seed_report_only
19167,2024,IA,0.0,0.0,0.0,0.0,0.0,4.0,94.0,1499.0,592.0,133.0,123166668.0,169350600.0,0.0,4.0,"Sioux County, Iowa",1,official_seed_report_only
19169,2024,IA,0.0,0.0,0.0,0.0,0.0,2.0,167.0,9319.0,2761.0,116.0,229208761.0,279114623.0,0.0,1.0,"Story County, Iowa",1,official_seed_report_only
19175,2024,IA,0.0,0.0,0.0,0.0,0.0,1.0,25.0,766.0,388.0,10.0,82351970.0,112463977.0,0.0,1.0,"Union County, Iowa",1,official_seed_report_only
19177,2024,IA,0.0,0.0,0.0,0.0,0.0,1.0,25.0,221.0,125.0,1.0,23256347.0,25403878.0,0.0,1.0,"Van Buren County, Iowa",1,official_seed_report_only
19179,2024,IA,0.0,0.0,0.0,0.0,0.0,1.0,76.0,1514.0,420.0,43.0,67953754.0,83141647.0,0.0,0.0,"Wapello County, Iowa",1,official_seed_report_only
19183,2024,IA,0.0,0.0,0.0,0.0,0.0,1.0,22.0,309.0,158.0,0.0,41226383.0,49870449.0,0.0,1.0,"Washington County, Iowa",1,official_seed_report_only
19185,2024,IA,0.0,0.0,0.0,0.0,0.0,1.0,25.0,476.0,154.0,1.0,31279118.0,37001907.0,0.0,1.0,"Wayne County, Iowa",1,official_seed_report_only
19191,2024,IA,0.0,0.0,0.0,0.0,0.0,1.0,25.0,740.0,338.0,1.0,65604785.0,89224808.0,0.0,1.0,"Winneshiek County, Iowa",1,official_seed_report_only
19193,2024,IA,0.0,0.0,0.0,0.0,0.0,1.0,121.0,5361.0,1839.0,149.0,180896023.0,174303033.0,1.0,0.0,"Woodbury County, Iowa",1,official_seed_report_only
19197,2024,IA,0.0,0.0,0.0,0.0,0.0,2.0,47.0,1557.0,523.0,31.0,98587822.0,144414327.0,0.0,2.0,"Wright County, Iowa",1,official_seed_report_only
16001,2024,ID,0.0,0.0,0.0,0.0,0.0,3.0,430.0,18428.0,3688.0,3782.0,678553390.0,938625488.0,1.0,0.0,"Ada County, Idaho",1,official_seed_report_only
16011,2024,ID,0.0,0.0,0.0,0.0,0.0,1.0,110.0,633.0,42.0,265.0,35102298.0,25366653.0,0.0,0.0,"Bingham County, Idaho",1,official_seed_report_only
16027,2024,ID,0.0,0.0,0.0,0.0,0.0,1.0,96.0,7849.0,1193.0,1869.0,200043287.0,320071137.0,0.0,0.0,"Canyon County, Idaho",1,official_seed_report_only
16055,2024,ID,0.0,0.0,0.0,0.0,0.0,1.0,30.0,718.0,374.0,37.0,15237526.0,17573419.0,0.0,0.0,"Kootenai County, Idaho",1,official_seed_report_only
16069,2024,ID,0.0,0.0,0.0,0.0,0.0,1.0,108.0,3342.0,1254.0,419.0,160915987.0,161589467.0,0.0,0.0,"Nez Perce County, Idaho",1,official_seed_report_only
16071,2024,ID,0.0,0.0,0.0,0.0,0.0,1.0,11.0,113.0,70.0,0.0,15166285.0,16290469.0,0.0,1.0,"Oneida County, Idaho",1,official_seed_report_only
16087,2024,ID,0.0,0.0,0.0,0.0,0.0,1.0,24.0,193.0,59.0,31.0,23684172.0,23780043.0,0.0,1.0,"Washington County, Idaho",1,official_seed_report_only
17005,2024,IL,0.0,0.0,0.0,0.0,0.0,1.0,28.0,352.0,136.0,2.0,20846158.0,22551491.0,0.0,0.0,"Bond County, Illinois",1,official_seed_report_only
17025,2024,IL,0.0,0.0,0.0,0.0,0.0,1.0,20.0,356.0,246.0,2.0,37079732.0,40864680.0,0.0,1.0,"Clay County, Illinois",1,official_seed_report_only
17027,2024,IL,0.0,0.0,0.0,0.0,0.0,1.0,46.0,1893.0,379.0,46.0,43882373.0,71523840.0,0.0,0.0,"Clinton County, Illinois",1,official_seed_report_only
17029,2024,IL,0.0,0.0,0.0,0.0,0.0,1.0,100.0,6400.0,2564.0,171.0,397343136.0,572437742.0,0.0,0.0,"Coles County, Illinois",1,official_seed_report_only
17031,2024,IL,0.0,0.0,0.0,0.0,0.0,37.0,8535.0,329325.0,68544.0,28164.0,13577404088.0,16544761703.0,24.0,0.0,"Cook County, Illinois",1,official_seed_report_only
17033,2024,IL,0.0,0.0,0.0,0.0,0.0,1.0,25.0,869.0,296.0,53.0,57959070.0,74870268.0,0.0,1.0,"Crawford County, Illinois",1,official_seed_report_only
17039,2024,IL,0.0,0.0,0.0,0.0,0.0,1.0,15.0,114.0,21.0,0.0,19409486.0,22676657.0,0.0,1.0,"De Witt County, Illinois",1,official_seed_report_only
17037,2024,IL,0.0,0.0,0.0,0.0,0.0,3.0,186.0,7201.0,2385.0,310.0,307012734.0,465718623.0,0.0,1.0,"DeKalb County, Illinois",1,official_seed_report_only
17043,2024,IL,0.0,0.0,0.0,0.0,0.0,2.0,467.0,27689.0,8132.0,1307.0,1115972862.0,1483066972.0,1.0,0.0,"DuPage County, Illinois",1,official_seed_report_only
17049,2024,IL,0.0,0.0,0.0,0.0,0.0,1.0,133.0,3254.0,1368.0,62.0,115250695.0,162843939.0,0.0,0.0,"Effingham County, Illinois",1,official_seed_report_only
17051,2024,IL,0.0,0.0,0.0,0.0,0.0,1.0,25.0,266.0,158.0,2.0,46045051.0,42528845.0,0.0,1.0,"Fayette County, Illinois",1,official_seed_report_only
17055,2024,IL,0.0,0.0,0.0,0.0,0.0,1.0,16.0,129.0,91.0,0.0,26826363.0,26652266.0,0.0,1.0,"Franklin County, Illinois",1,official_seed_report_only
17057,2024,IL,0.0,0.0,0.0,0.0,0.0,1.0,43.0,1652.0,605.0,295.0,101967438.0,117309443.0,0.0,0.0,"Fulton County, Illinois",1,official_seed_report_only
17061,2024,IL,0.0,0.0,0.0,0.0,0.0,1.0,25.0,96.0,49.0,0.0,15417279.0,14275305.0,0.0,1.0,"Greene County, Illinois",1,official_seed_report_only
17065,2024,IL,0.0,0.0,0.0,0.0,0.0,1.0,25.0,282.0,200.0,0.0,19097749.0,19657102.0,0.0,1.0,"Hamilton County, Illinois",1,official_seed_report_only
17069,2024,IL,0.0,0.0,0.0,0.0,0.0,1.0,25.0,286.0,188.0,2.0,14293681.0,14164316.0,0.0,1.0,"Hardin County, Illinois",1,official_seed_report_only
17073,2024,IL,0.0,0.0,0.0,0.0,0.0,1.0,23.0,361.0,211.0,1.0,46508579.0,56465638.0,0.0,1.0,"Henry County, Illinois",1,official_seed_report_only
17077,2024,IL,0.0,0.0,0.0,0.0,0.0,2.0,200.0,9407.0,2527.0,278.0,340523290.0,464564848.0,1.0,1.0,"Jackson County, Illinois",1,official_seed_report_only
17083,2024,IL,0.0,0.0,0.0,0.0,0.0,1.0,46.0,619.0,319.0,3.0,45934830.0,0.0,0.0,0.0,"Jersey County, Illinois",1,official_seed_report_only
17089,2024,IL,0.0,0.0,0.0,0.0,0.0,5.0,1098.0,32855.0,9496.0,2468.0,1173451458.0,1168838748.0,2.0,0.0,"Kane County, Illinois",1,official_seed_report_only
17091,2024,IL,0.0,0.0,0.0,0.0,0.0,1.0,169.0,4813.0,1341.0,209.0,140111664.0,146310239.0,0.0,0.0,"Kankakee County, Illinois",1,official_seed_report_only
17097,2024,IL,0.0,0.0,0.0,0.0,0.0,2.0,186.0,14189.0,4296.0,681.0,530602985.0,584299477.0,1.0,0.0,"Lake County, Illinois",1,official_seed_report_only
17101,2024,IL,0.0,0.0,0.0,0.0,0.0,1.0,25.0,205.0,73.0,24.0,32193573.0,28392151.0,0.0,1.0,"Lawrence County, Illinois",1,official_seed_report_only
17115,2024,IL,0.0,0.0,0.0,0.0,0.0,1.0,131.0,2475.0,1022.0,19.0,106518250.0,122259431.0,0.0,0.0,"Macon County, Illinois",1,official_seed_report_only
17117,2024,IL,0.0,0.0,0.0,0.0,0.0,1.0,25.0,409.0,172.0,44.0,47357978.0,51202028.0,0.0,1.0,"Macoupin County, Illinois",1,official_seed_report_only
17119,2024,IL,0.0,0.0,0.0,0.0,0.0,2.0,159.0,987.0,364.0,7.0,81943620.0,53109200.0,0.0,1.0,"Madison County, Illinois",1,official_seed_report_only
17121,2024,IL,0.0,0.0,0.0,0.0,0.0,1.0,25.0,288.0,194.0,3.0,39552777.0,55495512.0,0.0,1.0,"Marion County, Illinois",1,official_seed_report_only
17127,2024,IL,0.0,0.0,0.0,0.0,0.0,1.0,25.0,235.0,156.0,1.0,32900827.0,30644915.0,0.0,1.0,"Massac County, Illinois",1,official_seed_report_only
17109,2024,IL,0.0,0.0,0.0,0.0,0.0,1.0,45.0,1035.0,356.0,24.0,69788695.0,78506351.0,0.0,0.0,"McDonough County, Illinois",1,official_seed_report_only
17111,2024,IL,0.0,0.0,0.0,0.0,0.0,3.0,319.0,20991.0,7557.0,843.0,681673270.0,712958878.0,1.0,1.0,"McHenry County, Illinois",1,official_seed_report_only
17131,2024,IL,0.0,0.0,0.0,0.0,0.0,1.0,22.0,104.0,40.0,1.0,18166161.0,18617279.0,0.0,1.0,"Mercer County, Illinois",1,official_seed_report_only
17135,2024,IL,0.0,0.0,0.0,0.0,0.0,2.0,50.0,1114.0,481.0,11.0,67025727.0,100372945.0,0.0,2.0,"Montgomery County, Illinois",1,official_seed_report_only
17141,2024,IL,0.0,0.0,0.0,0.0,0.0,1.0,17.0,353.0,184.0,6.0,35100700.0,49944866.0,0.0,1.0,"Ogle County, Illinois",1,official_seed_report_only
17143,2024,IL,0.0,0.0,0.0,0.0,0.0,1.0,18.0,240.0,74.0,4.0,29385424.0,28644724.0,0.0,0.0,"Peoria County, Illinois",1,official_seed_report_only
17145,2024,IL,0.0,0.0,0.0,0.0,0.0,2.0,45.0,493.0,305.0,9.0,71104139.0,77278145.0,0.0,2.0,"Perry County, Illinois",1,official_seed_report_only
17147,2024,IL,0.0,0.0,0.0,0.0,0.0,1.0,16.0,122.0,54.0,1.0,52239554.0,68750837.0,0.0,1.0,"Piatt County, Illinois",1,official_seed_report_only
17157,2024,IL,0.0,0.0,0.0,0.0,0.0,2.0,50.0,461.0,243.0,10.0,71162116.0,80378564.0,0.0,2.0,"Randolph County, Illinois",1,official_seed_report_only
17161,2024,IL,0.0,0.0,0.0,0.0,0.0,2.0,185.0,3581.0,1039.0,144.0,109336154.0,118647699.0,0.0,0.0,"Rock Island County, Illinois",1,official_seed_report_only
17165,2024,IL,0.0,0.0,0.0,0.0,0.0,2.0,65.0,1094.0,546.0,134.0,121161018.0,103431753.0,0.0,1.0,"Saline County, Illinois",1,official_seed_report_only
17167,2024,IL,0.0,0.0,0.0,0.0,0.0,2.0,592.0,19932.0,4822.0,639.0,526166914.0,585570688.0,1.0,0.0,"Sangamon County, Illinois",1,official_seed_report_only
17169,2024,IL,0.0,0.0,0.0,0.0,0.0,1.0,22.0,181.0,39.0,16.0,24257377.0,26893982.0,0.0,1.0,"Schuyler County, Illinois",1,official_seed_report_only
17173,2024,IL,0.0,0.0,0.0,0.0,0.0,1.0,25.0,265.0,141.0,4.0,14449607.0,16585909.0,0.0,1.0,"Shelby County, Illinois",1,official_seed_report_only
17163,2024,IL,0.0,0.0,0.0,0.0,0.0,2.0,184.0,11219.0,3590.0,216.0,272205386.0,324311675.0,1.0,0.0,"St. Clair County, Illinois",1,official_seed_report_only
17179,2024,IL,0.0,0.0,0.0,0.0,0.0,1.0,25.0,200.0,135.0,1.0,26984122.0,43428540.0,0.0,1.0,"Tazewell County, Illinois",1,official_seed_report_only
17181,2024,IL,0.0,0.0,0.0,0.0,0.0,1.0,88.0,78.0,5.0,0.0,101391484.0,0.0,0.0,0.0,"Union County, Illinois",1,official_seed_report_only
17189,2024,IL,0.0,0.0,0.0,0.0,0.0,1.0,22.0,48.0,23.0,3.0,17559049.0,18024189.0,0.0,1.0,"Washington County, Illinois",1,official_seed_report_only
17191,2024,IL,0.0,0.0,0.0,0.0,0.0,1.0,25.0,551.0,356.0,7.0,46096490.0,45147367.0,0.0,1.0,"Wayne County, Illinois",1,official_seed_report_only
17195,2024,IL,0.0,0.0,0.0,0.0,0.0,2.0,120.0,3891.0,1395.0,88.0,227068932.0,329046554.0,0.0,1.0,"Whiteside County, Illinois",1,official_seed_report_only
17197,2024,IL,0.0,0.0,0.0,0.0,0.0,1.0,425.0,14124.0,3938.0,656.0,381197304.0,318353635.0,1.0,0.0,"Will County, Illinois",1,official_seed_report_only
17199,2024,IL,0.0,0.0,0.0,0.0,0.0,1.0,85.0,4390.0,1940.0,45.0,143319118.0,190738808.0,0.0,0.0,"Williamson County, Illinois",1,official_seed_report_only
17201,2024,IL,0.0,0.0,0.0,0.0,0.0,3.0,566.0,24465.0,5502.0,1097.0,853343405.0,1221262987.0,2.0,0.0,"Winnebago County, Illinois",1,official_seed_report_only
18003,2024,IN,0.0,0.0,0.0,0.0,0.0,3.0,544.0,20858.0,4080.0,5193.0,646637764.0,845680279.0,2.0,0.0,"Allen County, Indiana",1,official_seed_report_only
18017,2024,IN,0.0,0.0,0.0,0.0,0.0,1.0,16.0,313.0,17.0,51.0,7470295.0,25679845.0,0.0,0.0,"Cass County, Indiana",1,official_seed_report_only
18019,2024,IN,0.0,0.0,0.0,0.0,0.0,1.0,153.0,6938.0,1831.0,374.0,147976365.0,168898889.0,0.0,0.0,"Clark County, Indiana",1,official_seed_report_only
18021,2024,IN,0.0,0.0,0.0,0.0,0.0,1.0,25.0,160.0,66.0,9.0,16878390.0,19473121.0,0.0,1.0,"Clay County, Indiana",1,official_seed_report_only
18029,2024,IN,0.0,0.0,0.0,0.0,0.0,1.0,16.0,483.0,34.0,42.0,8503135.0,19459476.0,0.0,0.0,"Dearborn County, Indiana",1,official_seed_report_only
18035,2024,IN,0.0,0.0,0.0,0.0,0.0,1.0,41.0,378.0,139.0,0.0,17750569.0,21360525.0,0.0,0.0,"Delaware County, Indiana",1,official_seed_report_only
18037,2024,IN,0.0,0.0,0.0,0.0,0.0,1.0,96.0,2203.0,1449.0,166.0,182930494.0,271728524.0,1.0,0.0,"Dubois County, Indiana",1,official_seed_report_only
18039,2024,IN,0.0,0.0,0.0,0.0,0.0,1.0,16.0,429.0,29.0,39.0,16047319.0,36796863.0,0.0,0.0,"Elkhart County, Indiana",1,official_seed_report_only
18043,2024,IN,0.0,0.0,0.0,0.0,0.0,2.0,294.0,16374.0,5532.0,974.0,363799510.0,411088835.0,0.0,0.0,"Floyd County, Indiana",1,official_seed_report_only
18053,2024,IN,0.0,0.0,0.0,0.0,0.0,2.0,111.0,4415.0,1082.0,197.0,143981439.0,202826513.0,0.0,0.0,"Grant County, Indiana",1,official_seed_report_only
18057,2024,IN,0.0,0.0,0.0,0.0,0.0,3.0,277.0,11222.0,2628.0,196.0,350147698.0,528289360.0,0.0,0.0,"Hamilton County, Indiana",1,official_seed_report_only
18067,2024,IN,0.0,0.0,0.0,0.0,0.0,1.0,111.0,4675.0,1141.0,106.0,131776952.0,164434275.0,0.0,0.0,"Howard County, Indiana",1,official_seed_report_only
18077,2024,IN,0.0,0.0,0.0,0.0,0.0,1.0,150.0,63.0,1.0,25.0,34589175.0,6715232.0,0.0,0.0,"Jefferson County, Indiana",1,official_seed_report_only
18079,2024,IN,0.0,0.0,0.0,0.0,0.0,1.0,17.0,161.0,53.0,6.0,15852326.0,24551294.0,0.0,1.0,"Jennings County, Indiana",1,official_seed_report_only
18081,2024,IN,0.0,0.0,0.0,0.0,0.0,1.0,98.0,3370.0,95.0,426.0,23776303.0,39750053.0,0.0,0.0,"Johnson County, Indiana",1,official_seed_report_only
18085,2024,IN,0.0,0.0,0.0,0.0,0.0,2.0,92.0,3627.0,729.0,640.0,114816097.0,240961658.0,0.0,0.0,"Kosciusko County, Indiana",1,official_seed_report_only
18089,2024,IN,0.0,0.0,0.0,0.0,0.0,6.0,819.0,32011.0,10522.0,983.0,981979278.0,1236162571.0,1.0,0.0,"Lake County, Indiana",1,official_seed_report_only
18095,2024,IN,0.0,0.0,0.0,0.0,0.0,2.0,154.0,4514.0,885.0,194.0,181892642.0,193923490.0,0.0,1.0,"Madison County, Indiana",1,official_seed_report_only
18097,2024,IN,0.0,0.0,0.0,0.0,0.0,6.0,1127.0,31427.0,6134.0,1634.0,1172601127.0,1506519852.0,1.0,0.0,"Marion County, Indiana",1,official_seed_report_only
18099,2024,IN,0.0,0.0,0.0,0.0,0.0,2.0,99.0,2733.0,295.0,173.0,50675766.0,72743814.0,0.0,0.0,"Marshall County, Indiana",1,official_seed_report_only
18113,2024,IN,0.0,0.0,0.0,0.0,0.0,1.0,16.0,465.0,35.0,47.0,9928928.0,11755301.0,0.0,0.0,"Noble County, Indiana",1,official_seed_report_only
18127,2024,IN,0.0,0.0,0.0,0.0,0.0,1.0,16.0,462.0,24.0,26.0,11244719.0,20323035.0,0.0,0.0,"Porter County, Indiana",1,official_seed_report_only
18135,2024,IN,0.0,0.0,0.0,0.0,0.0,1.0,25.0,498.0,67.0,66.0,20986814.0,32177293.0,0.0,1.0,"Randolph County, Indiana",1,official_seed_report_only
18141,2024,IN,0.0,0.0,0.0,0.0,0.0,2.0,293.0,12538.0,2914.0,371.0,305589495.0,389561887.0,1.0,0.0,"St. Joseph County, Indiana",1,official_seed_report_only
18163,2024,IN,0.0,0.0,0.0,0.0,0.0,3.0,580.0,16095.0,5091.0,326.0,593573880.0,733776464.0,1.0,0.0,"Vanderburgh County, Indiana",1,official_seed_report_only
18167,2024,IN,0.0,0.0,0.0,0.0,0.0,2.0,157.0,4411.0,1138.0,285.0,107741848.0,141358227.0,0.0,0.0,"Vigo County, Indiana",1,official_seed_report_only
18171,2024,IN,0.0,0.0,0.0,0.0,0.0,1.0,16.0,354.0,181.0,17.0,21635568.0,25764311.0,0.0,1.0,"Warren County, Indiana",1,official_seed_report_only
18173,2024,IN,0.0,0.0,0.0,0.0,0.0,1.0,25.0,164.0,55.0,8.0,19086429.0,19227371.0,0.0,1.0,"Warrick County, Indiana",1,official_seed_report_only
18175,2024,IN,0.0,0.0,0.0,0.0,0.0,1.0,25.0,79.0,36.0,3.0,17338854.0,19608204.0,0.0,1.0,"Washington County, Indiana",1,official_seed_report_only
18177,2024,IN,0.0,0.0,0.0,0.0,0.0,1.0,213.0,185.0,0.0,4.0,39423644.0,3919253.0,0.0,0.0,"Wayne County, Indiana",1,official_seed_report_only
20009,2024,KS,0.0,0.0,0.0,0.0,0.0,1.0,29.0,1102.0,447.0,39.0,64179123.0,62209269.0,0.0,0.0,"Barton County, Kansas",1,official_seed_report_only
20019,2024,KS,0.0,0.0,0.0,0.0,0.0,1.0,15.0,88.0,67.0,0.0,5883760.0,4954008.0,0.0,1.0,"Chautauqua County, Kansas",1,official_seed_report_only
20021,2024,KS,0.0,0.0,0.0,0.0,0.0,2.0,51.0,321.0,143.0,5.0,46565890.0,45227646.0,0.0,1.0,"Cherokee County, Kansas",1,official_seed_report_only
20037,2024,KS,0.0,0.0,0.0,0.0,0.0,1.0,64.0,2785.0,621.0,331.0,88579228.0,85596742.0,1.0,0.0,"Crawford County, Kansas",1,official_seed_report_only
20051,2024,KS,0.0,0.0,0.0,0.0,0.0,1.0,121.0,4210.0,2267.0,16.0,186601101.0,235294057.0,0.0,0.0,"Ellis County, Kansas",1,official_seed_report_only
20053,2024,KS,0.0,0.0,0.0,0.0,0.0,1.0,19.0,238.0,173.0,0.0,20170725.0,17427775.0,0.0,1.0,"Ellsworth County, Kansas",1,official_seed_report_only
20055,2024,KS,0.0,0.0,0.0,0.0,0.0,1.0,90.0,2568.0,780.0,451.0,84297173.0,106631524.0,0.0,0.0,"Finney County, Kansas",1,official_seed_report_only
20057,2024,KS,0.0,0.0,0.0,0.0,0.0,1.0,99.0,1457.0,393.0,77.0,34471170.0,42820641.0,0.0,0.0,"Ford County, Kansas",1,official_seed_report_only
20067,2024,KS,0.0,0.0,0.0,0.0,0.0,1.0,26.0,87.0,55.0,3.0,12929052.0,7856425.0,0.0,0.0,"Grant County, Kansas",1,official_seed_report_only
20079,2024,KS,0.0,0.0,0.0,0.0,0.0,2.0,106.0,3066.0,848.0,13.0,83305263.0,121662581.0,0.0,0.0,"Harvey County, Kansas",1,official_seed_report_only
20085,2024,KS,0.0,0.0,0.0,0.0,0.0,1.0,14.0,263.0,85.0,0.0,25328407.0,25307759.0,0.0,1.0,"Jackson County, Kansas",1,official_seed_report_only
20091,2024,KS,0.0,0.0,0.0,0.0,0.0,4.0,482.0,24641.0,6308.0,237.0,643273559.0,957208496.0,2.0,0.0,"Johnson County, Kansas",1,official_seed_report_only
20093,2024,KS,0.0,0.0,0.0,0.0,0.0,1.0,21.0,506.0,82.0,4.0,25007550.0,25486871.0,0.0,1.0,"Kearny County, Kansas",1,official_seed_report_only
20095,2024,KS,0.0,0.0,0.0,0.0,0.0,1.0,25.0,180.0,121.0,0.0,17598577.0,16939630.0,0.0,1.0,"Kingman County, Kansas",1,official_seed_report_only
20105,2024,KS,0.0,0.0,0.0,0.0,0.0,1.0,13.0,55.0,45.0,0.0,7712975.0,6545241.0,0.0,1.0,"Lincoln County, Kansas",1,official_seed_report_only
20113,2024,KS,0.0,0.0,0.0,0.0,0.0,1.0,37.0,805.0,332.0,2.0,39195341.0,40671135.0,0.0,0.0,"McPherson County, Kansas",1,official_seed_report_only
20121,2024,KS,0.0,0.0,0.0,0.0,0.0,1.0,60.0,960.0,86.0,8.0,29381567.0,1516722.0,0.0,0.0,"Miami County, Kansas",1,official_seed_report_only
20123,2024,KS,0.0,0.0,0.0,0.0,0.0,1.0,17.0,635.0,464.0,0.0,27754564.0,28598706.0,0.0,1.0,"Mitchell County, Kansas",1,official_seed_report_only
20131,2024,KS,0.0,0.0,0.0,0.0,0.0,1.0,24.0,307.0,175.0,0.0,21361337.0,21961139.0,0.0,1.0,"Nemaha County, Kansas",1,official_seed_report_only
20137,2024,KS,0.0,0.0,0.0,0.0,0.0,1.0,25.0,86.0,56.0,3.0,16802450.0,14241696.0,0.0,1.0,"Norton County, Kansas",1,official_seed_report_only
20145,2024,KS,0.0,0.0,0.0,0.0,0.0,2.0,75.0,488.0,163.0,18.0,48206572.0,23487094.0,0.0,1.0,"Pawnee County, Kansas",1,official_seed_report_only
20147,2024,KS,0.0,0.0,0.0,0.0,0.0,1.0,25.0,213.0,156.0,0.0,18117019.0,16960625.0,0.0,1.0,"Phillips County, Kansas",1,official_seed_report_only
20149,2024,KS,0.0,0.0,0.0,0.0,0.0,1.0,25.0,364.0,190.0,0.0,28684842.0,32947314.0,0.0,1.0,"Pottawatomie County, Kansas",1,official_seed_report_only
20153,2024,KS,0.0,0.0,0.0,0.0,0.0,1.0,15.0,104.0,83.0,0.0,10118193.0,8323836.0,0.0,1.0,"Rawlins County, Kansas",1,official_seed_report_only
20155,2024,KS,0.0,0.0,0.0,0.0,0.0,1.0,142.0,4595.0,2021.0,38.0,130552834.0,152177530.0,0.0,0.0,"Reno County, Kansas",1,official_seed_report_only
20159,2024,KS,0.0,0.0,0.0,0.0,0.0,1.0,25.0,280.0,118.0,0.0,22226222.0,18794530.0,0.0,1.0,"Rice County, Kansas",1,official_seed_report_only
20161,2024,KS,0.0,0.0,0.0,0.0,0.0,1.0,86.0,3212.0,1185.0,306.0,80881881.0,98487607.0,0.0,0.0,"Riley County, Kansas",1,official_seed_report_only
20167,2024,KS,0.0,0.0,0.0,0.0,0.0,1.0,21.0,269.0,195.0,0.0,19317260.0,18712480.0,0.0,1.0,"Russell County, Kansas",1,official_seed_report_only
20171,2024,KS,0.0,0.0,0.0,0.0,0.0,1.0,25.0,397.0,242.0,25.0,28894588.0,28933319.0,0.0,1.0,"Scott County, Kansas",1,official_seed_report_only
20173,2024,KS,0.0,0.0,0.0,0.0,0.0,2.0,68.0,2834.0,1284.0,161.0,100031923.0,126645651.0,0.0,0.0,"Sedgwick County, Kansas",1,official_seed_report_only
20177,2024,KS,0.0,0.0,0.0,0.0,0.0,1.0,183.0,7104.0,2430.0,60.0,188642426.0,290406197.0,1.0,0.0,"Shawnee County, Kansas",1,official_seed_report_only
20183,2024,KS,0.0,0.0,0.0,0.0,0.0,1.0,16.0,452.0,253.0,0.0,23397763.0,21082196.0,0.0,1.0,"Smith County, Kansas",1,official_seed_report_only
20209,2024,KS,0.0,0.0,0.0,0.0,0.0,1.0,969.0,47107.0,10572.0,2775.0,2316538257.0,2889708235.0,1.0,0.0,"Wyandotte County, Kansas",1,official_seed_report_only
21003,2024,KY,0.0,0.0,0.0,0.0,0.0,1.0,25.0,152.0,71.0,4.0,35017649.0,41543345.0,0.0,1.0,"Allen County, Kentucky",1,official_seed_report_only
21013,2024,KY,0.0,0.0,0.0,0.0,0.0,2.0,91.0,1547.0,313.0,40.0,89587046.0,70742673.0,0.0,0.0,"Bell County, Kentucky",1,official_seed_report_only
21017,2024,KY,0.0,0.0,0.0,0.0,0.0,1.0,34.0,837.0,128.0,10.0,25189591.0,48000842.0,0.0,0.0,"Bourbon County, Kentucky",1,official_seed_report_only
21021,2024,KY,0.0,0.0,0.0,0.0,0.0,1.0,30.0,214.0,77.0,11.0,14518691.0,15897984.0,0.0,0.0,"Boyle County, Kentucky",1,official_seed_report_only
21025,2024,KY,0.0,0.0,0.0,0.0,0.0,1.0,49.0,1506.0,325.0,54.0,29725118.0,35283871.0,0.0,0.0,"Breathitt County, Kentucky",1,official_seed_report_only
21033,2024,KY,0.0,0.0,0.0,0.0,0.0,1.0,25.0,110.0,49.0,0.0,22372278.0,29024089.0,0.0,1.0,"Caldwell County, Kentucky",1,official_seed_report_only
21037,2024,KY,0.0,0.0,0.0,0.0,0.0,1.0,33.0,198.0,60.0,11.0,12825943.0,13783127.0,0.0,0.0,"Campbell County, Kentucky",1,official_seed_report_only
21045,2024,KY,0.0,0.0,0.0,0.0,0.0,1.0,24.0,262.0,166.0,4.0,28909885.0,48101782.0,0.0,1.0,"Casey County, Kentucky",1,official_seed_report_only
21047,2024,KY,0.0,0.0,0.0,0.0,0.0,1.0,163.0,1327.0,140.0,583.0,68869619.0,21027878.0,0.0,0.0,"Christian County, Kentucky",1,official_seed_report_only
21049,2024,KY,0.0,0.0,0.0,0.0,0.0,1.0,59.0,3813.0,715.0,40.0,86681025.0,189318693.0,0.0,0.0,"Clark County, Kentucky",1,official_seed_report_only
21053,2024,KY,0.0,0.0,0.0,0.0,0.0,1.0,25.0,283.0,125.0,0.0,9157698.0,13250470.0,0.0,1.0,"Clinton County, Kentucky",1,official_seed_report_only
21057,2024,KY,0.0,0.0,0.0,0.0,0.0,1.0,25.0,246.0,103.0,6.0,19186082.0,21275541.0,0.0,1.0,"Cumberland County, Kentucky",1,official_seed_report_only
21059,2024,KY,0.0,0.0,0.0,0.0,0.0,1.0,302.0,15526.0,3578.0,322.0,563159287.0,715865506.0,1.0,0.0,"Daviess County, Kentucky",1,official_seed_report_only
21067,2024,KY,0.0,0.0,0.0,0.0,0.0,7.0,2344.0,95691.0,16190.0,2660.0,4106897821.0,3963101631.0,3.0,0.0,"Fayette County, Kentucky",1,official_seed_report_only
21069,2024,KY,0.0,0.0,0.0,0.0,0.0,1.0,25.0,561.0,97.0,10.0,17149943.0,22712355.0,0.0,1.0,"Fleming County, Kentucky",1,official_seed_report_only
21071,2024,KY,0.0,0.0,0.0,0.0,0.0,3.0,113.0,3870.0,674.0,47.0,166436076.0,143896704.0,0.0,2.0,"Floyd County, Kentucky",1,official_seed_report_only
21073,2024,KY,0.0,0.0,0.0,0.0,0.0,1.0,118.0,5488.0,914.0,120.0,92298730.0,132674797.0,0.0,0.0,"Franklin County, Kentucky",1,official_seed_report_only
21083,2024,KY,0.0,0.0,0.0,0.0,0.0,1.0,95.0,2522.0,712.0,54.0,60221755.0,106965449.0,0.0,0.0,"Graves County, Kentucky",1,official_seed_report_only
21085,2024,KY,0.0,0.0,0.0,0.0,0.0,1.0,49.0,1430.0,351.0,21.0,45543224.0,66710792.0,0.0,0.0,"Grayson County, Kentucky",1,official_seed_report_only
21087,2024,KY,0.0,0.0,0.0,0.0,0.0,1.0,25.0,81.0,38.0,3.0,30236100.0,33017209.0,0.0,1.0,"Green County, Kentucky",1,official_seed_report_only
21093,2024,KY,0.0,0.0,0.0,0.0,0.0,2.0,381.0,14192.0,3579.0,153.0,385780890.0,573410920.0,0.0,0.0,"Hardin County, Kentucky",1,official_seed_report_only
21095,2024,KY,0.0,0.0,0.0,0.0,0.0,1.0,56.0,2366.0,515.0,56.0,83853229.0,74523858.0,1.0,0.0,"Harlan County, Kentucky",1,official_seed_report_only
21099,2024,KY,0.0,0.0,0.0,0.0,0.0,1.0,25.0,79.0,24.0,1.0,19645912.0,25102568.0,0.0,1.0,"Hart County, Kentucky",1,official_seed_report_only
21107,2024,KY,0.0,0.0,0.0,0.0,0.0,2.0,189.0,5548.0,1439.0,172.0,204564699.0,262034581.0,1.0,0.0,"Hopkins County, Kentucky",1,official_seed_report_only
21111,2024,KY,0.0,0.0,0.0,0.0,0.0,5.0,1809.0,95067.0,15222.0,1460.0,2364186701.0,2788925378.0,3.0,0.0,"Jefferson County, Kentucky",1,official_seed_report_only
21115,2024,KY,0.0,0.0,0.0,0.0,0.0,1.0,39.0,1408.0,285.0,78.0,35447887.0,30242039.0,0.0,0.0,"Johnson County, Kentucky",1,official_seed_report_only
21117,2024,KY,0.0,0.0,0.0,0.0,0.0,1.0,71.0,1871.0,948.0,7.0,29680843.0,35536372.0,0.0,0.0,"Kenton County, Kentucky",1,official_seed_report_only
21121,2024,KY,0.0,0.0,0.0,0.0,0.0,1.0,25.0,439.0,107.0,3.0,36766194.0,37570049.0,0.0,1.0,"Knox County, Kentucky",1,official_seed_report_only
21125,2024,KY,0.0,0.0,0.0,0.0,0.0,1.0,118.0,7281.0,1163.0,397.0,179687743.0,215381153.0,0.0,0.0,"Laurel County, Kentucky",1,official_seed_report_only
21127,2024,KY,0.0,0.0,0.0,0.0,0.0,1.0,65.0,1119.0,302.0,18.0,39352120.0,48483820.0,0.0,0.0,"Lawrence County, Kentucky",1,official_seed_report_only
21131,2024,KY,0.0,0.0,0.0,0.0,0.0,1.0,25.0,220.0,53.0,9.0,19400815.0,21841581.0,0.0,1.0,"Leslie County, Kentucky",1,official_seed_report_only
21133,2024,KY,0.0,0.0,0.0,0.0,0.0,1.0,90.0,2808.0,453.0,61.0,57616244.0,58128670.0,1.0,0.0,"Letcher County, Kentucky",1,official_seed_report_only
21141,2024,KY,0.0,0.0,0.0,0.0,0.0,1.0,37.0,398.0,155.0,2.0,19959001.0,29049281.0,0.0,0.0,"Logan County, Kentucky",1,official_seed_report_only
21151,2024,KY,0.0,0.0,0.0,0.0,0.0,2.0,78.0,5384.0,938.0,79.0,160750849.0,234885549.0,0.0,1.0,"Madison County, Kentucky",1,official_seed_report_only
21145,2024,KY,0.0,0.0,0.0,0.0,0.0,2.0,227.0,9731.0,3056.0,110.0,325452424.0,446143646.0,0.0,0.0,"McCracken County, Kentucky",1,official_seed_report_only
21171,2024,KY,0.0,0.0,0.0,0.0,0.0,1.0,49.0,945.0,419.0,27.0,18245028.0,19586919.0,0.0,0.0,"Monroe County, Kentucky",1,official_seed_report_only
21173,2024,KY,0.0,0.0,0.0,0.0,0.0,1.0,42.0,1904.0,345.0,77.0,73714666.0,102292586.0,0.0,0.0,"Montgomery County, Kentucky",1,official_seed_report_only
21175,2024,KY,0.0,0.0,0.0,0.0,0.0,1.0,25.0,199.0,40.0,5.0,19884010.0,19669554.0,0.0,1.0,"Morgan County, Kentucky",1,official_seed_report_only
21177,2024,KY,0.0,0.0,0.0,0.0,0.0,1.0,47.0,1147.0,434.0,21.0,52441943.0,57691117.0,0.0,0.0,"Muhlenberg County, Kentucky",1,official_seed_report_only
21179,2024,KY,0.0,0.0,0.0,0.0,0.0,1.0,40.0,1888.0,519.0,34.0,70066451.0,100526232.0,0.0,0.0,"Nelson County, Kentucky",1,official_seed_report_only
21185,2024,KY,0.0,0.0,0.0,0.0,0.0,1.0,52.0,1737.0,304.0,70.0,188708656.0,307380276.0,0.0,0.0,"Oldham County, Kentucky",1,official_seed_report_only
21193,2024,KY,0.0,0.0,0.0,0.0,0.0,2.0,128.0,5926.0,928.0,211.0,242270418.0,213299963.0,1.0,0.0,"Perry County, Kentucky",1,official_seed_report_only
21195,2024,KY,0.0,0.0,0.0,0.0,0.0,2.0,62.0,1979.0,483.0,8.0,59104550.0,52124516.0,0.0,0.0,"Pike County, Kentucky",1,official_seed_report_only
21205,2024,KY,0.0,0.0,0.0,0.0,0.0,1.0,100.0,4147.0,884.0,141.0,185148386.0,239813978.0,1.0,0.0,"Rowan County, Kentucky",1,official_seed_report_only
21207,2024,KY,0.0,0.0,0.0,0.0,0.0,1.0,25.0,431.0,138.0,3.0,36068985.0,41607013.0,0.0,1.0,"Russell County, Kentucky",1,official_seed_report_only
21209,2024,KY,0.0,0.0,0.0,0.0,0.0,1.0,75.0,2251.0,325.0,29.0,68267155.0,157314825.0,0.0,0.0,"Scott County, Kentucky",1,official_seed_report_only
21211,2024,KY,0.0,0.0,0.0,0.0,0.0,1.0,32.0,1151.0,275.0,52.0,35903677.0,36599604.0,0.0,0.0,"Shelby County, Kentucky",1,official_seed_report_only
21213,2024,KY,0.0,0.0,0.0,0.0,0.0,1.0,25.0,138.0,66.0,0.0,26568544.0,38317144.0,0.0,1.0,"Simpson County, Kentucky",1,official_seed_report_only
21217,2024,KY,0.0,0.0,0.0,0.0,0.0,1.0,90.0,1791.0,524.0,28.0,108426253.0,130412174.0,0.0,0.0,"Taylor County, Kentucky",1,official_seed_report_only
21221,2024,KY,0.0,0.0,0.0,0.0,0.0,1.0,25.0,77.0,35.0,0.0,20879786.0,26365861.0,0.0,1.0,"Trigg County, Kentucky",1,official_seed_report_only
21227,2024,KY,0.0,0.0,0.0,0.0,0.0,2.0,320.0,15075.0,3641.0,380.0,379022684.0,533964293.0,1.0,0.0,"Warren County, Kentucky",1,official_seed_report_only
21235,2024,KY,0.0,0.0,0.0,0.0,0.0,2.0,237.0,9981.0,1353.0,129.0,205726672.0,336359303.0,0.0,0.0,"Whitley County, Kentucky",1,official_seed_report_only
21239,2024,KY,0.0,0.0,0.0,0.0,0.0,1.0,25.0,137.0,40.0,2.0,17633184.0,25377589.0,0.0,1.0,"Woodford County, Kentucky",1,official_seed_report_only
22001,2024,LA,0.0,0.0,0.0,0.0,0.0,1.0,15.0,44.0,21.0,4.0,15675223.0,15945155.0,0.0,1.0,"Acadia Parish, Louisiana",1,official_seed_report_only
22003,2024,LA,0.0,0.0,0.0,0.0,0.0,2.0,74.0,914.0,302.0,9.0,41090767.0,39285881.0,0.0,0.0,"Allen Parish, Louisiana",1,official_seed_report_only
22005,2024,LA,0.0,0.0,0.0,0.0,0.0,1.0,25.0,2.0,0.0,0.0,9192355.0,3779036.0,0.0,1.0,"Ascension Parish, Louisiana",1,official_seed_report_only
22007,2024,LA,0.0,0.0,0.0,0.0,0.0,1.0,0.0,0.0,0.0,0.0,9114592.0,10085161.0,0.0,0.0,"Assumption Parish, Louisiana",1,official_seed_report_only
22009,2024,LA,0.0,0.0,0.0,0.0,0.0,2.0,63.0,473.0,227.0,22.0,46449562.0,51243674.0,0.0,1.0,"Avoyelles Parish, Louisiana",1,official_seed_report_only
22015,2024,LA,0.0,0.0,0.0,0.0,0.0,3.0,262.0,10683.0,3925.0,93.0,320346860.0,305923616.0,1.0,0.0,"Bossier Parish, Louisiana",1,official_seed_report_only
22017,2024,LA,0.0,0.0,0.0,0.0,0.0,6.0,641.0,19042.0,3593.0,630.0,831059776.0,940362184.0,3.0,1.0,"Caddo Parish, Louisiana",1,official_seed_report_only
22019,2024,LA,0.0,0.0,0.0,0.0,0.0,3.0,216.0,8270.0,2280.0,40.0,277208205.0,267504454.0,1.0,0.0,"Calcasieu Parish, Louisiana",1,official_seed_report_only
22021,2024,LA,0.0,0.0,0.0,0.0,0.0,1.0,40.0,371.0,211.0,1.0,16005880.0,11824617.0,0.0,0.0,"Caldwell Parish, Louisiana",1,official_seed_report_only
22027,2024,LA,0.0,0.0,0.0,0.0,0.0,1.0,37.0,886.0,429.0,121.0,28608784.0,28284284.0,0.0,0.0,"Claiborne Parish, Louisiana",1,official_seed_report_only
22033,2024,LA,0.0,0.0,0.0,0.0,0.0,5.0,834.0,37559.0,6018.0,9831.0,1169316042.0,1541316422.0,1.0,0.0,"East Baton Rouge Parish, Louisiana",1,official_seed_report_only
22035,2024,LA,0.0,0.0,0.0,0.0,0.0,1.0,23.0,187.0,99.0,24.0,12408173.0,14288148.0,0.0,0.0,"East Carroll Parish, Louisiana",1,official_seed_report_only
22037,2024,LA,0.0,0.0,0.0,0.0,0.0,1.0,334.0,234.0,11.0,0.0,87821793.0,0.0,0.0,0.0,"East Feliciana Parish, Louisiana",1,official_seed_report_only
22041,2024,LA,0.0,0.0,0.0,0.0,0.0,1.0,31.0,515.0,273.0,12.0,37004249.0,42639550.0,0.0,0.0,"Franklin Parish, Louisiana",1,official_seed_report_only
22045,2024,LA,0.0,0.0,0.0,0.0,0.0,1.0,16.0,274.0,125.0,1.0,6644432.0,6025621.0,0.0,0.0,"Iberia Parish, Louisiana",1,official_seed_report_only
22053,2024,LA,0.0,0.0,0.0,0.0,0.0,1.0,27.0,279.0,199.0,0.0,4732974.0,5676067.0,0.0,0.0,"Jefferson Davis Parish, Louisiana",1,official_seed_report_only
22051,2024,LA,0.0,0.0,0.0,0.0,0.0,3.0,173.0,7106.0,988.0,128.0,187561303.0,207843843.0,0.0,0.0,"Jefferson Parish, Louisiana",1,official_seed_report_only
22055,2024,LA,0.0,0.0,0.0,0.0,0.0,4.0,515.0,22786.0,6032.0,332.0,595176900.0,743946444.0,2.0,0.0,"Lafayette Parish, Louisiana",1,official_seed_report_only
22057,2024,LA,0.0,0.0,0.0,0.0,0.0,1.0,10.0,11.0,1.0,1.0,25189150.0,20770402.0,0.0,1.0,"Lafourche Parish, Louisiana",1,official_seed_report_only
22061,2024,LA,0.0,0.0,0.0,0.0,0.0,1.0,30.0,275.0,200.0,5.0,12034614.0,11583487.0,0.0,0.0,"Lincoln Parish, Louisiana",1,official_seed_report_only
22063,2024,LA,0.0,0.0,0.0,0.0,0.0,1.0,59.0,293.0,38.0,216.0,14516217.0,17522079.0,0.0,0.0,"Livingston Parish, Louisiana",1,official_seed_report_only
22067,2024,LA,0.0,0.0,0.0,0.0,0.0,1.0,39.0,765.0,164.0,0.0,27985548.0,26156842.0,0.0,0.0,"Morehouse Parish, Louisiana",1,official_seed_report_only
22069,2024,LA,0.0,0.0,0.0,0.0,0.0,2.0,90.0,1822.0,480.0,46.0,92813030.0,105864624.0,0.0,0.0,"Natchitoches Parish, Louisiana",1,official_seed_report_only
22071,2024,LA,0.0,0.0,0.0,0.0,0.0,3.0,88.0,2253.0,142.0,1.0,21808834.0,19311210.0,0.0,0.0,"Orleans Parish, Louisiana",1,official_seed_report_only
22073,2024,LA,0.0,0.0,0.0,0.0,0.0,6.0,714.0,25372.0,6600.0,4335.0,601072723.0,688469044.0,2.0,0.0,"Ouachita Parish, Louisiana",1,official_seed_report_only
22079,2024,LA,0.0,0.0,0.0,0.0,0.0,5.0,477.0,13794.0,4210.0,269.0,473368040.0,454545096.0,0.0,0.0,"Rapides Parish, Louisiana",1,official_seed_report_only
22081,2024,LA,0.0,0.0,0.0,0.0,0.0,1.0,25.0,500.0,308.0,6.0,27475272.0,28649966.0,0.0,1.0,"Red River Parish, Louisiana",1,official_seed_report_only
22085,2024,LA,0.0,0.0,0.0,0.0,0.0,1.0,48.0,306.0,130.0,66.0,21476659.0,29052384.0,0.0,0.0,"Sabine Parish, Louisiana",1,official_seed_report_only
22089,2024,LA,0.0,0.0,0.0,0.0,0.0,1.0,27.0,837.0,115.0,4.0,68378524.0,67914017.0,1.0,0.0,"St. Charles Parish, Louisiana",1,official_seed_report_only
22093,2024,LA,0.0,0.0,0.0,0.0,0.0,1.0,25.0,184.0,41.0,0.0,28613952.0,30786606.0,0.0,1.0,"St. James Parish, Louisiana",1,official_seed_report_only
22097,2024,LA,0.0,0.0,0.0,0.0,0.0,1.0,151.0,7452.0,1073.0,23.0,141455043.0,157763671.0,0.0,0.0,"St. Landry Parish, Louisiana",1,official_seed_report_only
22103,2024,LA,0.0,0.0,0.0,0.0,0.0,3.0,84.0,1083.0,645.0,34.0,28598424.0,26030542.0,0.0,0.0,"St. Tammany Parish, Louisiana",1,official_seed_report_only
22105,2024,LA,0.0,0.0,0.0,0.0,0.0,4.0,298.0,11711.0,2678.0,159.0,359706715.0,329559453.0,1.0,1.0,"Tangipahoa Parish, Louisiana",1,official_seed_report_only
22109,2024,LA,0.0,0.0,0.0,0.0,0.0,3.0,255.0,7374.0,2052.0,56.0,279711089.0,346101812.0,2.0,0.0,"Terrebonne Parish, Louisiana",1,official_seed_report_only
22111,2024,LA,0.0,0.0,0.0,0.0,0.0,1.0,20.0,194.0,106.0,6.0,18305298.0,20840064.0,0.0,1.0,"Union Parish, Louisiana",1,official_seed_report_only
22115,2024,LA,0.0,0.0,0.0,0.0,0.0,2.0,59.0,1700.0,675.0,8.0,63252702.0,74853736.0,0.0,0.0,"Vernon Parish, Louisiana",1,official_seed_report_only
22117,2024,LA,0.0,0.0,0.0,0.0,0.0,1.0,36.0,1527.0,313.0,704.0,54918614.0,35277238.0,1.0,0.0,"Washington Parish, Louisiana",1,official_seed_report_only
22119,2024,LA,0.0,0.0,0.0,0.0,0.0,1.0,129.0,1908.0,555.0,642.0,54681674.0,58512397.0,0.0,0.0,"Webster Parish, Louisiana",1,official_seed_report_only
22127,2024,LA,0.0,0.0,0.0,0.0,0.0,1.0,45.0,404.0,191.0,54.0,16149720.0,14926881.0,0.0,0.0,"Winn Parish, Louisiana",1,official_seed_report_only
25001,2024,MA,0.0,0.0,0.0,0.0,0.0,1.0,16.0,155.0,16.0,26.0,10317717.0,0.0,0.0,0.0,"Barnstable County, Massachusetts",1,official_seed_report_only
25005,2024,MA,0.0,0.0,0.0,0.0,0.0,2.0,65.0,132.0,5.0,17.0,36521254.0,0.0,0.0,0.0,"Bristol County, Massachusetts",1,official_seed_report_only
25013,2024,MA,0.0,0.0,0.0,0.0,0.0,3.0,314.0,7358.0,1833.0,91.0,384039498.0,299291126.0,0.0,0.0,"Hampden County, Massachusetts",1,official_seed_report_only
25017,2024,MA,0.0,0.0,0.0,0.0,0.0,3.0,757.0,14185.0,3394.0,1891.0,927071952.0,626061906.0,2.0,0.0,"Middlesex County, Massachusetts",1,official_seed_report_only
25021,2024,MA,0.0,0.0,0.0,0.0,0.0,2.0,275.0,3515.0,1905.0,145.0,78808987.0,100739108.0,0.0,0.0,"Norfolk County, Massachusetts",1,official_seed_report_only
25025,2024,MA,0.0,0.0,0.0,0.0,0.0,2.0,308.0,834.0,36.0,302.0,174788500.0,0.0,1.0,0.0,"Suffolk County, Massachusetts",1,official_seed_report_only
25027,2024,MA,0.0,0.0,0.0,0.0,0.0,2.0,564.0,13668.0,2862.0,1264.0,467809818.0,413294644.0,1.0,0.0,"Worcester County, Massachusetts",1,official_seed_report_only
24001,2024,MD,0.0,0.0,0.0,0.0,0.0,2.0,263.0,9316.0,4335.0,2488.0,285429488.0,323718646.0,0.0,0.0,"Allegany County, Maryland",1,official_seed_report_only
24003,2024,MD,0.0,0.0,0.0,0.0,0.0,3.0,723.0,39681.0,15322.0,918.0,860897980.0,1112016633.0,1.0,0.0,"Anne Arundel County, Maryland",1,official_seed_report_only
24005,2024,MD,0.0,0.0,0.0,0.0,0.0,17.0,5681.0,190971.0,55601.0,24927.0,7690428979.0,9119688794.0,13.0,0.0,"Baltimore County, Maryland",1,official_seed_report_only
24510,2024,MD,0.0,0.0,0.0,0.0,0.0,3.0,314.0,15602.0,5894.0,1270.0,479919928.0,612891139.0,2.0,0.0,"Baltimore city, Maryland",1,official_seed_report_only
24009,2024,MD,0.0,0.0,0.0,0.0,0.0,1.0,78.0,5341.0,2207.0,426.0,139287185.0,161137877.0,0.0,0.0,"Calvert County, Maryland",1,official_seed_report_only
24013,2024,MD,0.0,0.0,0.0,0.0,0.0,2.0,686.0,9261.0,4393.0,174.0,272029179.0,251967966.0,0.0,0.0,"Carroll County, Maryland",1,official_seed_report_only
24015,2024,MD,0.0,0.0,0.0,0.0,0.0,1.0,124.0,6932.0,3858.0,151.0,132585558.0,210598455.0,0.0,0.0,"Cecil County, Maryland",1,official_seed_report_only
24017,2024,MD,0.0,0.0,0.0,0.0,0.0,1.0,98.0,4971.0,2195.0,122.0,130284746.0,168102638.0,0.0,0.0,"Charles County, Maryland",1,official_seed_report_only
24019,2024,MD,0.0,0.0,0.0,0.0,0.0,1.0,84.0,96.0,1.0,3.0,22170857.0,0.0,0.0,0.0,"Dorchester County, Maryland",1,official_seed_report_only
24021,2024,MD,0.0,0.0,0.0,0.0,0.0,1.0,272.0,14573.0,6231.0,309.0,347708725.0,400998893.0,0.0,0.0,"Frederick County, Maryland",1,official_seed_report_only
24025,2024,MD,0.0,0.0,0.0,0.0,0.0,2.0,291.0,14502.0,6557.0,204.0,335147527.0,432200010.0,0.0,0.0,"Harford County, Maryland",1,official_seed_report_only
24027,2024,MD,0.0,0.0,0.0,0.0,0.0,1.0,250.0,17726.0,5854.0,433.0,289742994.0,316636582.0,0.0,0.0,"Howard County, Maryland",1,official_seed_report_only
24029,2024,MD,0.0,0.0,0.0,0.0,0.0,1.0,5.0,378.0,266.0,4.0,30506071.0,47472748.0,0.0,0.0,"Kent County, Maryland",1,official_seed_report_only
24031,2024,MD,0.0,0.0,0.0,0.0,0.0,4.0,818.0,49406.0,14633.0,2467.0,1069804546.0,1222657675.0,2.0,0.0,"Montgomery County, Maryland",1,official_seed_report_only
24033,2024,MD,0.0,0.0,0.0,0.0,0.0,4.0,723.0,31104.0,10042.0,1883.0,892138629.0,980937285.0,1.0,0.0,"Prince George's County, Maryland",1,official_seed_report_only
24037,2024,MD,0.0,0.0,0.0,0.0,0.0,1.0,100.0,5858.0,2148.0,285.0,169501550.0,197401183.0,0.0,0.0,"St. Mary's County, Maryland",1,official_seed_report_only
24041,2024,MD,0.0,0.0,0.0,0.0,0.0,1.0,115.0,6420.0,3133.0,143.0,196999747.0,290518025.0,0.0,0.0,"Talbot County, Maryland",1,official_seed_report_only
24043,2024,MD,0.0,0.0,0.0,0.0,0.0,2.0,307.0,16988.0,6405.0,1232.0,352019454.0,483763698.0,1.0,0.0,"Washington County, Maryland",1,official_seed_report_only
24045,2024,MD,0.0,0.0,0.0,0.0,0.0,2.0,350.0,15772.0,6500.0,735.0,404092940.0,539639605.0,1.0,0.0,"Wicomico County, Maryland",1,official_seed_report_only
24047,2024,MD,0.0,0.0,0.0,0.0,0.0,1.0,62.0,2851.0,1606.0,32.0,70409081.0,150149774.0,0.0,0.0,"Worcester County, Maryland",1,official_seed_report_only
23001,2024,ME,0.0,0.0,0.0,0.0,0.0,1.0,187.0,8601.0,1631.0,2862.0,343126454.0,406626295.0,1.0,0.0,"Androscoggin County, Maine",1,official_seed_report_only
23005,2024,ME,0.0,0.0,0.0,0.0,0.0,1.0,25.0,452.0,130.0,62.0,41230280.0,50412852.0,0.0,1.0,"Cumberland County, Maine",1,official_seed_report_only
23009,2024,ME,0.0,0.0,0.0,0.0,0.0,1.0,25.0,678.0,243.0,89.0,66375583.0,80342320.0,0.0,1.0,"Hancock County, Maine",1,official_seed_report_only
23011,2024,ME,0.0,0.0,0.0,0.0,0.0,2.0,278.0,8912.0,1713.0,2032.0,533320331.0,590682231.0,1.0,0.0,"Kennebec County, Maine",1,official_seed_report_only
23017,2024,ME,0.0,0.0,0.0,0.0,0.0,1.0,25.0,341.0,98.0,62.0,42352873.0,49583014.0,0.0,1.0,"Oxford County, Maine",1,official_seed_report_only
23019,2024,ME,0.0,0.0,0.0,0.0,0.0,2.0,92.0,510.0,122.0,51.0,60126709.0,30362603.0,0.0,1.0,"Penobscot County, Maine",1,official_seed_report_only
23025,2024,ME,0.0,0.0,0.0,0.0,0.0,1.0,25.0,1063.0,333.0,189.0,115983238.0,136024984.0,0.0,1.0,"Somerset County, Maine",1,official_seed_report_only
26003,2024,MI,0.0,0.0,0.0,0.0,0.0,1.0,11.0,97.0,40.0,1.0,12351140.0,11958327.0,0.0,1.0,"Alger County, Michigan",1,official_seed_report_only
26005,2024,MI,0.0,0.0,0.0,0.0,0.0,2.0,68.0,391.0,81.0,6.0,52646381.0,56662049.0,0.0,1.0,"Allegan County, Michigan",1,official_seed_report_only
26007,2024,MI,0.0,0.0,0.0,0.0,0.0,1.0,128.0,4075.0,1227.0,78.0,211979245.0,279840367.0,0.0,0.0,"Alpena County, Michigan",1,official_seed_report_only
26011,2024,MI,0.0,0.0,0.0,0.0,0.0,1.0,25.0,639.0,168.0,7.0,23217021.0,23295919.0,0.0,1.0,"Arenac County, Michigan",1,official_seed_report_only
26019,2024,MI,0.0,0.0,0.0,0.0,0.0,1.0,8.0,4.0,1.0,0.0,24147461.0,25488349.0,0.0,1.0,"Benzie County, Michigan",1,official_seed_report_only
26021,2024,MI,0.0,0.0,0.0,0.0,0.0,2.0,251.0,13323.0,2654.0,759.0,448781225.0,53947061.0,0.0,0.0,"Berrien County, Michigan",1,official_seed_report_only
26025,2024,MI,0.0,0.0,0.0,0.0,0.0,2.0,103.0,3452.0,562.0,185.0,145420726.0,186353581.0,0.0,0.0,"Calhoun County, Michigan",1,official_seed_report_only
26027,2024,MI,0.0,0.0,0.0,0.0,0.0,1.0,25.0,285.0,70.0,10.0,17731607.0,17316965.0,0.0,1.0,"Cass County, Michigan",1,official_seed_report_only
26029,2024,MI,0.0,0.0,0.0,0.0,0.0,1.0,25.0,644.0,153.0,19.0,60535434.0,78205135.0,0.0,1.0,"Charlevoix County, Michigan",1,official_seed_report_only
26033,2024,MI,0.0,0.0,0.0,0.0,0.0,1.0,49.0,1700.0,354.0,149.0,112313941.0,122131239.0,0.0,0.0,"Chippewa County, Michigan",1,official_seed_report_only
26035,2024,MI,0.0,0.0,0.0,0.0,0.0,1.0,49.0,962.0,264.0,43.0,81376200.0,103545717.0,0.0,0.0,"Clare County, Michigan",1,official_seed_report_only
26037,2024,MI,0.0,0.0,0.0,0.0,0.0,2.0,84.0,2770.0,240.0,8.0,56710067.0,97367125.0,0.0,1.0,"Clinton County, Michigan",1,official_seed_report_only
26039,2024,MI,0.0,0.0,0.0,0.0,0.0,1.0,42.0,1784.0,456.0,49.0,80210771.0,91678751.0,0.0,0.0,"Crawford County, Michigan",1,official_seed_report_only
26045,2024,MI,0.0,0.0,0.0,0.0,0.0,2.0,45.0,943.0,283.0,11.0,83915870.0,124138954.0,0.0,2.0,"Eaton County, Michigan",1,official_seed_report_only
26049,2024,MI,0.0,0.0,0.0,0.0,0.0,3.0,706.0,31538.0,5233.0,1319.0,752791945.0,830699459.0,2.0,0.0,"Genesee County, Michigan",1,official_seed_report_only
26051,2024,MI,0.0,0.0,0.0,0.0,0.0,1.0,25.0,352.0,106.0,4.0,40459619.0,51112224.0,0.0,1.0,"Gladwin County, Michigan",1,official_seed_report_only
26053,2024,MI,0.0,0.0,0.0,0.0,0.0,1.0,25.0,824.0,246.0,50.0,58193881.0,72522675.0,0.0,1.0,"Gogebic County, Michigan",1,official_seed_report_only
26055,2024,MI,0.0,0.0,0.0,0.0,0.0,1.0,401.0,20853.0,4843.0,584.0,690815064.0,799021195.0,1.0,0.0,"Grand Traverse County, Michigan",1,official_seed_report_only
26057,2024,MI,0.0,0.0,0.0,0.0,0.0,1.0,35.0,3156.0,810.0,84.0,120258236.0,144261201.0,1.0,0.0,"Gratiot County, Michigan",1,official_seed_report_only
26059,2024,MI,0.0,0.0,0.0,0.0,0.0,1.0,44.0,1525.0,306.0,91.0,70488382.0,85964047.0,0.0,0.0,"Hillsdale County, Michigan",1,official_seed_report_only
26061,2024,MI,0.0,0.0,0.0,0.0,0.0,1.0,25.0,981.0,213.0,38.0,53352770.0,59828326.0,0.0,1.0,"Houghton County, Michigan",1,official_seed_report_only
26063,2024,MI,0.0,0.0,0.0,0.0,0.0,1.0,25.0,126.0,83.0,1.0,54938240.0,61472130.0,0.0,1.0,"Huron County, Michigan",1,official_seed_report_only
26065,2024,MI,0.0,0.0,0.0,0.0,0.0,2.0,482.0,24063.0,3777.0,1086.0,860085575.0,1163520708.0,1.0,0.0,"Ingham County, Michigan",1,official_seed_report_only
26067,2024,MI,0.0,0.0,0.0,0.0,0.0,1.0,22.0,615.0,159.0,15.0,51943653.0,71374475.0,0.0,1.0,"Ionia County, Michigan",1,official_seed_report_only
26069,2024,MI,0.0,0.0,0.0,0.0,0.0,1.0,47.0,1390.0,323.0,44.0,50309526.0,55424182.0,0.0,0.0,"Iosco County, Michigan",1,official_seed_report_only
26071,2024,MI,0.0,0.0,0.0,0.0,0.0,1.0,25.0,364.0,138.0,6.0,36166395.0,36831071.0,0.0,1.0,"Iron County, Michigan",1,official_seed_report_only
26077,2024,MI,0.0,0.0,0.0,0.0,0.0,1.0,236.0,11369.0,2157.0,385.0,384716566.0,360342711.0,1.0,0.0,"Kalamazoo County, Michigan",1,official_seed_report_only
26079,2024,MI,0.0,0.0,0.0,0.0,0.0,1.0,8.0,184.0,56.0,1.0,75747811.0,75221358.0,0.0,1.0,"Kalkaska County, Michigan",1,official_seed_report_only
26081,2024,MI,0.0,0.0,0.0,0.0,0.0,5.0,849.0,35117.0,4358.0,1477.0,1242933219.0,1556449921.0,4.0,0.0,"Kent County, Michigan",1,official_seed_report_only
26093,2024,MI,0.0,0.0,0.0,0.0,0.0,2.0,141.0,4756.0,1326.0,124.0,162580968.0,227360747.0,1.0,0.0,"Livingston County, Michigan",1,official_seed_report_only
26097,2024,MI,0.0,0.0,0.0,0.0,0.0,1.0,15.0,202.0,74.0,2.0,61163704.0,68589606.0,0.0,1.0,"Mackinac County, Michigan",1,official_seed_report_only
26099,2024,MI,0.0,0.0,0.0,0.0,0.0,2.0,586.0,25491.0,4299.0,3667.0,457527594.0,505384127.0,1.0,0.0,"Macomb County, Michigan",1,official_seed_report_only
26101,2024,MI,0.0,0.0,0.0,0.0,0.0,1.0,45.0,678.0,222.0,18.0,44805552.0,55243739.0,0.0,0.0,"Manistee County, Michigan",1,official_seed_report_only
26103,2024,MI,0.0,0.0,0.0,0.0,0.0,2.0,188.0,8192.0,1796.0,284.0,301055810.0,444968510.0,1.0,1.0,"Marquette County, Michigan",1,official_seed_report_only
26105,2024,MI,0.0,0.0,0.0,0.0,0.0,1.0,39.0,1882.0,450.0,78.0,94885512.0,117895544.0,0.0,0.0,"Mason County, Michigan",1,official_seed_report_only
26107,2024,MI,0.0,0.0,0.0,0.0,0.0,1.0,49.0,2214.0,445.0,90.0,74894697.0,102516021.0,0.0,0.0,"Mecosta County, Michigan",1,official_seed_report_only
26111,2024,MI,0.0,0.0,0.0,0.0,0.0,1.0,199.0,14218.0,3527.0,263.0,466982763.0,636160876.0,1.0,0.0,"Midland County, Michigan",1,official_seed_report_only
26117,2024,MI,0.0,0.0,0.0,0.0,0.0,2.0,70.0,483.0,150.0,1.0,58484145.0,50570172.0,1.0,1.0,"Montcalm County, Michigan",1,official_seed_report_only
26121,2024,MI,0.0,0.0,0.0,0.0,0.0,1.0,297.0,19703.0,2639.0,626.0,601427305.0,684347304.0,1.0,0.0,"Muskegon County, Michigan",1,official_seed_report_only
26125,2024,MI,0.0,0.0,0.0,0.0,0.0,4.0,1255.0,69324.0,13335.0,2007.0,1460915731.0,1711915279.0,3.0,0.0,"Oakland County, Michigan",1,official_seed_report_only
26127,2024,MI,0.0,0.0,0.0,0.0,0.0,1.0,24.0,448.0,143.0,12.0,36775624.0,38491293.0,0.0,1.0,"Oceana County, Michigan",1,official_seed_report_only
26129,2024,MI,0.0,0.0,0.0,0.0,0.0,1.0,88.0,1815.0,502.0,37.0,58760273.0,68739954.0,0.0,0.0,"Ogemaw County, Michigan",1,official_seed_report_only
26131,2024,MI,0.0,0.0,0.0,0.0,0.0,1.0,18.0,67.0,19.0,2.0,10355741.0,7773138.0,0.0,1.0,"Ontonagon County, Michigan",1,official_seed_report_only
26137,2024,MI,0.0,0.0,0.0,0.0,0.0,1.0,46.0,1697.0,460.0,45.0,100929245.0,122127957.0,0.0,0.0,"Otsego County, Michigan",1,official_seed_report_only
26139,2024,MI,0.0,0.0,0.0,0.0,0.0,3.0,280.0,9707.0,1489.0,793.0,370631032.0,436017506.0,0.0,0.0,"Ottawa County, Michigan",1,official_seed_report_only
26145,2024,MI,0.0,0.0,0.0,0.0,0.0,3.0,677.0,31202.0,6309.0,786.0,746216073.0,1007876141.0,2.0,0.0,"Saginaw County, Michigan",1,official_seed_report_only
26151,2024,MI,0.0,0.0,0.0,0.0,0.0,2.0,40.0,348.0,84.0,5.0,43691794.0,52632287.0,0.0,2.0,"Sanilac County, Michigan",1,official_seed_report_only
26147,2024,MI,0.0,0.0,0.0,0.0,0.0,1.0,18.0,385.0,100.0,5.0,26298840.0,17450415.0,1.0,0.0,"St. Clair County, Michigan",1,official_seed_report_only
26161,2024,MI,0.0,0.0,0.0,0.0,0.0,4.0,1534.0,98704.0,16840.0,2956.0,5472939894.0,6364629784.0,2.0,0.0,"Washtenaw County, Michigan",1,official_seed_report_only
26163,2024,MI,0.0,0.0,0.0,0.0,0.0,9.0,1674.0,80660.0,16719.0,2500.0,2043992370.0,2498347763.0,7.0,0.0,"Wayne County, Michigan",1,official_seed_report_only
26165,2024,MI,0.0,0.0,0.0,0.0,0.0,1.0,49.0,2393.0,654.0,77.0,104973923.0,131592666.0,0.0,0.0,"Wexford County, Michigan",1,official_seed_report_only
27003,2024,MN,0.0,0.0,0.0,0.0,0.0,1.0,110.0,277.0,33.0,120.0,69746529.0,0.0,0.0,0.0,"Anoka County, Minnesota",1,official_seed_report_only
27005,2024,MN,0.0,0.0,0.0,0.0,0.0,1.0,36.0,1931.0,539.0,114.0,129617684.0,175815364.0,0.0,0.0,"Becker County, Minnesota",1,official_seed_report_only
27007,2024,MN,0.0,0.0,0.0,0.0,0.0,1.0,16.0,114.0,12.0,76.0,8703633.0,0.0,0.0,0.0,"Beltrami County, Minnesota",1,official_seed_report_only
27011,2024,MN,0.0,0.0,0.0,0.0,0.0,1.0,15.0,52.0,28.0,1.0,12993025.0,11383571.0,0.0,1.0,"Big Stone County, Minnesota",1,official_seed_report_only
27017,2024,MN,0.0,0.0,0.0,0.0,0.0,1.0,25.0,539.0,169.0,17.0,36742942.0,41564905.0,0.0,1.0,"Carlton County, Minnesota",1,official_seed_report_only
27033,2024,MN,0.0,0.0,0.0,0.0,0.0,1.0,18.0,304.0,107.0,134.0,24054424.0,29144121.0,0.0,1.0,"Cottonwood County, Minnesota",1,official_seed_report_only
27035,2024,MN,0.0,0.0,0.0,0.0,0.0,3.0,154.0,6194.0,1724.0,293.0,346390484.0,490090717.0,0.0,1.0,"Crow Wing County, Minnesota",1,official_seed_report_only
27041,2024,MN,0.0,0.0,0.0,0.0,0.0,1.0,16.0,76.0,7.0,45.0,9398485.0,0.0,0.0,0.0,"Douglas County, Minnesota",1,official_seed_report_only
27053,2024,MN,0.0,0.0,0.0,0.0,0.0,1.0,92.0,516.0,105.0,27.0,40351096.0,59218360.0,0.0,0.0,"Hennepin County, Minnesota",1,official_seed_report_only
27057,2024,MN,0.0,0.0,0.0,0.0,0.0,1.0,25.0,841.0,314.0,23.0,38709140.0,45860589.0,0.0,1.0,"Hubbard County, Minnesota",1,official_seed_report_only
27061,2024,MN,0.0,0.0,0.0,0.0,0.0,1.0,20.0,301.0,97.0,7.0,36902164.0,44251109.0,0.0,1.0,"Itasca County, Minnesota",1,official_seed_report_only
27067,2024,MN,0.0,0.0,0.0,0.0,0.0,2.0,86.0,2680.0,622.0,153.0,139279639.0,149007063.0,0.0,0.0,"Kandiyohi County, Minnesota",1,official_seed_report_only
27077,2024,MN,0.0,0.0,0.0,0.0,0.0,1.0,15.0,108.0,27.0,0.0,18296445.0,17357299.0,0.0,1.0,"Lake of the Woods County, Minnesota",1,official_seed_report_only
27081,2024,MN,0.0,0.0,0.0,0.0,0.0,2.0,44.0,135.0,77.0,4.0,28593586.0,29995500.0,0.0,2.0,"Lincoln County, Minnesota",1,official_seed_report_only
27083,2024,MN,0.0,0.0,0.0,0.0,0.0,1.0,25.0,1040.0,358.0,26.0,95030536.0,128863486.0,0.0,1.0,"Lyon County, Minnesota",1,official_seed_report_only
27097,2024,MN,0.0,0.0,0.0,0.0,0.0,1.0,25.0,658.0,190.0,9.0,62879490.0,70585940.0,0.0,1.0,"Morrison County, Minnesota",1,official_seed_report_only
27107,2024,MN,0.0,0.0,0.0,0.0,0.0,1.0,14.0,66.0,27.0,3.0,9245683.0,10990719.0,0.0,1.0,"Norman County, Minnesota",1,official_seed_report_only
27109,2024,MN,0.0,0.0,0.0,0.0,0.0,1.0,16.0,82.0,12.0,46.0,9598275.0,0.0,0.0,0.0,"Olmsted County, Minnesota",1,official_seed_report_only
27111,2024,MN,0.0,0.0,0.0,0.0,0.0,1.0,16.0,70.0,5.0,41.0,9275726.0,0.0,0.0,0.0,"Otter Tail County, Minnesota",1,official_seed_report_only
27115,2024,MN,0.0,0.0,0.0,0.0,0.0,1.0,9.0,204.0,67.0,2.0,20038276.0,23736519.0,0.0,1.0,"Pine County, Minnesota",1,official_seed_report_only
27117,2024,MN,0.0,0.0,0.0,0.0,0.0,1.0,18.0,349.0,142.0,19.0,31275478.0,35807410.0,0.0,1.0,"Pipestone County, Minnesota",1,official_seed_report_only
27119,2024,MN,0.0,0.0,0.0,0.0,0.0,1.0,25.0,270.0,71.0,2.0,27016614.0,31137509.0,0.0,1.0,"Polk County, Minnesota",1,official_seed_report_only
27123,2024,MN,0.0,0.0,0.0,0.0,0.0,1.0,6.0,6.0,1.0,0.0,996238.0,473539.0,0.0,0.0,"Ramsey County, Minnesota",1,official_seed_report_only
27127,2024,MN,0.0,0.0,0.0,0.0,0.0,1.0,14.0,456.0,123.0,27.0,50167215.0,60752290.0,0.0,1.0,"Redwood County, Minnesota",1,official_seed_report_only
27137,2024,MN,0.0,0.0,0.0,0.0,0.0,4.0,525.0,19610.0,6757.0,1013.0,1084154942.0,1237480953.0,2.0,1.0,"St. Louis County, Minnesota",1,official_seed_report_only
27145,2024,MN,0.0,0.0,0.0,0.0,0.0,4.0,507.0,26297.0,6457.0,866.0,937112993.0,1161567907.0,1.0,3.0,"Stearns County, Minnesota",1,official_seed_report_only
27151,2024,MN,0.0,0.0,0.0,0.0,0.0,1.0,11.0,169.0,88.0,1.0,18535166.0,21890934.0,0.0,1.0,"Swift County, Minnesota",1,official_seed_report_only
27153,2024,MN,0.0,0.0,0.0,0.0,0.0,1.0,14.0,377.0,97.0,16.0,31041742.0,35562846.0,0.0,1.0,"Todd County, Minnesota",1,official_seed_report_only
27165,2024,MN,0.0,0.0,0.0,0.0,0.0,1.0,25.0,107.0,52.0,2.0,18232905.0,17805514.0,0.0,1.0,"Watonwan County, Minnesota",1,official_seed_report_only
27167,2024,MN,0.0,0.0,0.0,0.0,0.0,1.0,25.0,271.0,155.0,10.0,24075740.0,23708899.0,0.0,1.0,"Wilkin County, Minnesota",1,official_seed_report_only
27171,2024,MN,0.0,0.0,0.0,0.0,0.0,2.0,41.0,1049.0,170.0,73.0,80383548.0,96028124.0,0.0,1.0,"Wright County, Minnesota",1,official_seed_report_only
27173,2024,MN,0.0,0.0,0.0,0.0,0.0,1.0,25.0,129.0,73.0,5.0,23502493.0,28862354.0,0.0,1.0,"Yellow Medicine County, Minnesota",1,official_seed_report_only
29001,2024,MO,0.0,0.0,0.0,0.0,0.0,1.0,41.0,1976.0,675.0,146.0,50083622.0,77991775.0,1.0,0.0,"Adair County, Missouri",1,official_seed_report_only
29005,2024,MO,0.0,0.0,0.0,0.0,0.0,1.0,16.0,325.0,160.0,4.0,22964043.0,24741376.0,0.0,1.0,"Atchison County, Missouri",1,official_seed_report_only
29009,2024,MO,0.0,0.0,0.0,0.0,0.0,1.0,25.0,415.0,91.0,20.0,22702115.0,22251888.0,0.0,1.0,"Barry County, Missouri",1,official_seed_report_only
29019,2024,MO,0.0,0.0,0.0,0.0,0.0,2.0,725.0,31086.0,5801.0,6847.0,1362971637.0,1593729113.0,2.0,0.0,"Boone County, Missouri",1,official_seed_report_only
29021,2024,MO,0.0,0.0,0.0,0.0,0.0,3.0,477.0,15925.0,5249.0,1365.0,616171805.0,734219332.0,0.0,0.0,"Buchanan County, Missouri",1,official_seed_report_only
29027,2024,MO,0.0,0.0,0.0,0.0,0.0,1.0,49.0,13.0,9.0,4.0,141462224.0,85774703.0,0.0,0.0,"Callaway County, Missouri",1,official_seed_report_only
29029,2024,MO,0.0,0.0,0.0,0.0,0.0,1.0,105.0,4963.0,1419.0,275.0,218870698.0,231679085.0,0.0,0.0,"Camden County, Missouri",1,official_seed_report_only
29031,2024,MO,0.0,0.0,0.0,0.0,0.0,2.0,332.0,10029.0,2836.0,638.0,363742360.0,588450083.0,0.0,0.0,"Cape Girardeau County, Missouri",1,official_seed_report_only
29033,2024,MO,0.0,0.0,0.0,0.0,0.0,1.0,21.0,178.0,75.0,8.0,37765867.0,42748631.0,0.0,1.0,"Carroll County, Missouri",1,official_seed_report_only
29039,2024,MO,0.0,0.0,0.0,0.0,0.0,1.0,25.0,214.0,65.0,10.0,17424335.0,18055476.0,0.0,1.0,"Cedar County, Missouri",1,official_seed_report_only
29047,2024,MO,0.0,0.0,0.0,0.0,0.0,3.0,634.0,25484.0,7458.0,1346.0,765984889.0,972489516.0,0.0,0.0,"Clay County, Missouri",1,official_seed_report_only
29065,2024,MO,0.0,0.0,0.0,0.0,0.0,1.0,25.0,454.0,174.0,73.0,26619102.0,24420206.0,0.0,1.0,"Dent County, Missouri",1,official_seed_report_only
29071,2024,MO,0.0,0.0,0.0,0.0,0.0,1.0,140.0,7512.0,1316.0,287.0,179068713.0,218586832.0,0.0,0.0,"Franklin County, Missouri",1,official_seed_report_only
29075,2024,MO,0.0,0.0,0.0,0.0,0.0,1.0,25.0,243.0,100.0,6.0,23290315.0,25655108.0,0.0,1.0,"Gentry County, Missouri",1,official_seed_report_only
29077,2024,MO,0.0,0.0,0.0,0.0,0.0,2.0,655.0,37612.0,6273.0,2767.0,991354465.0,1263258046.0,0.0,0.0,"Greene County, Missouri",1,official_seed_report_only
29081,2024,MO,0.0,0.0,0.0,0.0,0.0,1.0,15.0,281.0,134.0,9.0,30009485.0,29840119.0,0.0,1.0,"Harrison County, Missouri",1,official_seed_report_only
29083,2024,MO,0.0,0.0,0.0,0.0,0.0,2.0,43.0,2026.0,648.0,259.0,128220965.0,154000578.0,0.0,0.0,"Henry County, Missouri",1,official_seed_report_only
29091,2024,MO,0.0,0.0,0.0,0.0,0.0,1.0,25.0,170.0,53.0,8.0,18977817.0,20020851.0,0.0,1.0,"Howell County, Missouri",1,official_seed_report_only
29093,2024,MO,0.0,0.0,0.0,0.0,0.0,1.0,15.0,154.0,76.0,16.0,20624878.0,21723080.0,0.0,1.0,"Iron County, Missouri",1,official_seed_report_only
29095,2024,MO,0.0,0.0,0.0,0.0,0.0,5.0,1124.0,46038.0,4378.0,5306.0,2072984316.0,2739369319.0,5.0,0.0,"Jackson County, Missouri",1,official_seed_report_only
29097,2024,MO,0.0,0.0,0.0,0.0,0.0,2.0,267.0,15997.0,3091.0,1535.0,308803654.0,362149167.0,0.0,1.0,"Jasper County, Missouri",1,official_seed_report_only
29099,2024,MO,0.0,0.0,0.0,0.0,0.0,1.0,136.0,9853.0,2348.0,751.0,213676438.0,236797979.0,0.0,0.0,"Jefferson County, Missouri",1,official_seed_report_only
29105,2024,MO,0.0,0.0,0.0,0.0,0.0,1.0,43.0,2062.0,345.0,186.0,73937910.0,101629959.0,0.0,0.0,"Laclede County, Missouri",1,official_seed_report_only
29109,2024,MO,0.0,0.0,0.0,0.0,0.0,1.0,25.0,1018.0,136.0,61.0,28125939.0,31698703.0,0.0,1.0,"Lawrence County, Missouri",1,official_seed_report_only
29113,2024,MO,0.0,0.0,0.0,0.0,0.0,1.0,25.0,937.0,167.0,47.0,46301880.0,53859716.0,0.0,1.0,"Lincoln County, Missouri",1,official_seed_report_only
29115,2024,MO,0.0,0.0,0.0,0.0,0.0,1.0,25.0,229.0,124.0,6.0,20327195.0,20521331.0,0.0,1.0,"Linn County, Missouri",1,official_seed_report_only
29145,2024,MO,0.0,0.0,0.0,0.0,0.0,2.0,373.0,15351.0,3789.0,1193.0,465789419.0,624457688.0,1.0,1.0,"Newton County, Missouri",1,official_seed_report_only
29147,2024,MO,0.0,0.0,0.0,0.0,0.0,1.0,21.0,922.0,343.0,53.0,77953852.0,78309364.0,0.0,0.0,"Nodaway County, Missouri",1,official_seed_report_only
29159,2024,MO,0.0,0.0,0.0,0.0,0.0,1.0,71.0,2871.0,975.0,198.0,113588792.0,168146102.0,1.0,0.0,"Pettis County, Missouri",1,official_seed_report_only
29163,2024,MO,0.0,0.0,0.0,0.0,0.0,1.0,25.0,188.0,101.0,5.0,25305832.0,20183166.0,0.0,1.0,"Pike County, Missouri",1,official_seed_report_only
29167,2024,MO,0.0,0.0,0.0,0.0,0.0,1.0,52.0,2448.0,442.0,261.0,161004790.0,199383004.0,0.0,0.0,"Polk County, Missouri",1,official_seed_report_only
29171,2024,MO,0.0,0.0,0.0,0.0,0.0,1.0,15.0,74.0,54.0,3.0,12485412.0,11886234.0,0.0,1.0,"Putnam County, Missouri",1,official_seed_report_only
29195,2024,MO,0.0,0.0,0.0,0.0,0.0,1.0,42.0,1284.0,406.0,36.0,54061201.0,57863801.0,0.0,0.0,"Saline County, Missouri",1,official_seed_report_only
29199,2024,MO,0.0,0.0,0.0,0.0,0.0,1.0,25.0,436.0,200.0,53.0,33376434.0,31059772.0,0.0,1.0,"Scotland County, Missouri",1,official_seed_report_only
29185,2024,MO,0.0,0.0,0.0,0.0,0.0,1.0,25.0,66.0,31.0,3.0,11654029.0,10137603.0,0.0,1.0,"St. Clair County, Missouri",1,official_seed_report_only
29187,2024,MO,0.0,0.0,0.0,0.0,0.0,1.0,348.0,13.0,11.0,2.0,100626731.0,64957997.0,0.0,0.0,"St. Francois County, Missouri",1,official_seed_report_only
29189,2024,MO,0.0,0.0,0.0,0.0,0.0,9.0,2411.0,93687.0,21505.0,4998.0,2538243558.0,3112266331.0,4.0,0.0,"St. Louis County, Missouri",1,official_seed_report_only
29510,2024,MO,0.0,0.0,0.0,0.0,0.0,1.0,255.0,112.0,2.0,6.0,78458831.0,40308776.0,0.0,0.0,"St. Louis city, Missouri",1,official_seed_report_only
29186,2024,MO,0.0,0.0,0.0,0.0,0.0,1.0,25.0,563.0,133.0,37.0,60280104.0,67538648.0,0.0,1.0,"Ste. Genevieve County, Missouri",1,official_seed_report_only
29217,2024,MO,0.0,0.0,0.0,0.0,0.0,1.0,41.0,612.0,107.0,57.0,37343699.0,38607760.0,0.0,0.0,"Vernon County, Missouri",1,official_seed_report_only
29221,2024,MO,0.0,0.0,0.0,0.0,0.0,1.0,25.0,504.0,149.0,40.0,26273831.0,25513310.0,0.0,1.0,"Washington County, Missouri",1,official_seed_report_only
28011,2024,MS,0.0,0.0,0.0,0.0,0.0,1.0,152.0,2259.0,751.0,188.0,42328083.0,71502742.0,0.0,0.0,"Bolivar County, Mississippi",1,official_seed_report_only
28017,2024,MS,0.0,0.0,0.0,0.0,0.0,1.0,24.0,0.0,0.0,0.0,11823614.0,11320921.0,0.0,0.0,"Chickasaw County, Mississippi",1,official_seed_report_only
28037,2024,MS,0.0,0.0,0.0,0.0,0.0,1.0,24.0,103.0,94.0,1.0,19746062.0,18724753.0,0.0,1.0,"Franklin County, Mississippi",1,official_seed_report_only
28043,2024,MS,0.0,0.0,0.0,0.0,0.0,1.0,49.0,1321.0,562.0,435.0,57816574.0,64498837.0,0.0,0.0,"Grenada County, Mississippi",1,official_seed_report_only
28047,2024,MS,0.0,0.0,0.0,0.0,0.0,2.0,133.0,4229.0,1117.0,1105.0,30860298.0,49595825.0,0.0,0.0,"Harrison County, Mississippi",1,official_seed_report_only
28049,2024,MS,0.0,0.0,0.0,0.0,0.0,4.0,879.0,34544.0,5083.0,10490.0,1196601203.0,1343949655.0,1.0,0.0,"Hinds County, Mississippi",1,official_seed_report_only
28051,2024,MS,0.0,0.0,0.0,0.0,0.0,1.0,25.0,162.0,71.0,9.0,15096803.0,17083250.0,0.0,1.0,"Holmes County, Mississippi",1,official_seed_report_only
28073,2024,MS,0.0,0.0,0.0,0.0,0.0,2.0,156.0,7084.0,1717.0,1183.0,134413186.0,168985092.0,1.0,0.0,"Lamar County, Mississippi",1,official_seed_report_only
28075,2024,MS,0.0,0.0,0.0,0.0,0.0,1.0,40.0,194.0,103.0,0.0,10514360.0,10158211.0,0.0,0.0,"Lauderdale County, Mississippi",1,official_seed_report_only
28081,2024,MS,0.0,0.0,0.0,0.0,0.0,1.0,50.0,417.0,36.0,0.0,9832081.0,746426.0,0.0,0.0,"Lee County, Mississippi",1,official_seed_report_only
28113,2024,MS,0.0,0.0,0.0,0.0,0.0,1.0,17.0,182.0,102.0,10.0,6811528.0,5952277.0,0.0,0.0,"Pike County, Mississippi",1,official_seed_report_only
28121,2024,MS,0.0,0.0,0.0,0.0,0.0,2.0,90.0,820.0,127.0,6.0,24073635.0,0.0,1.0,0.0,"Rankin County, Mississippi",1,official_seed_report_only
28149,2024,MS,0.0,0.0,0.0,0.0,0.0,1.0,124.0,4450.0,1339.0,672.0,103953723.0,116590829.0,0.0,0.0,"Warren County, Mississippi",1,official_seed_report_only
30001,2024,MT,0.0,0.0,0.0,0.0,0.0,1.0,18.0,355.0,152.0,50.0,32534027.0,41330107.0,0.0,1.0,"Beaverhead County, Montana",1,official_seed_report_only
30003,2024,MT,0.0,0.0,0.0,0.0,0.0,1.0,18.0,104.0,30.0,35.0,16547763.0,14059598.0,0.0,1.0,"Big Horn County, Montana",1,official_seed_report_only
30009,2024,MT,0.0,0.0,0.0,0.0,0.0,1.0,10.0,68.0,24.0,3.0,16236742.0,19403410.0,0.0,1.0,"Carbon County, Montana",1,official_seed_report_only
30011,2024,MT,0.0,0.0,0.0,0.0,0.0,1.0,25.0,42.0,32.0,5.0,9819535.0,8563931.0,0.0,1.0,"Carter County, Montana",1,official_seed_report_only
30015,2024,MT,0.0,0.0,0.0,0.0,0.0,1.0,8.0,29.0,21.0,7.0,6990191.0,4780744.0,0.0,1.0,"Chouteau County, Montana",1,official_seed_report_only
30019,2024,MT,0.0,0.0,0.0,0.0,0.0,1.0,25.0,46.0,29.0,6.0,10550601.0,10481743.0,0.0,1.0,"Daniels County, Montana",1,official_seed_report_only
30021,2024,MT,0.0,0.0,0.0,0.0,0.0,1.0,25.0,718.0,301.0,133.0,55383440.0,57612564.0,0.0,1.0,"Dawson County, Montana",1,official_seed_report_only
30025,2024,MT,0.0,0.0,0.0,0.0,0.0,1.0,25.0,75.0,53.0,4.0,11473028.0,9548524.0,0.0,1.0,"Fallon County, Montana",1,official_seed_report_only
30027,2024,MT,0.0,0.0,0.0,0.0,0.0,1.0,25.0,396.0,187.0,28.0,38037973.0,51969266.0,0.0,1.0,"Fergus County, Montana",1,official_seed_report_only
30033,2024,MT,0.0,0.0,0.0,0.0,0.0,1.0,25.0,10.0,8.0,0.0,3325053.0,2186003.0,0.0,1.0,"Garfield County, Montana",1,official_seed_report_only
30039,2024,MT,0.0,0.0,0.0,0.0,0.0,1.0,25.0,21.0,16.0,1.0,7042225.0,6337924.0,0.0,1.0,"Granite County, Montana",1,official_seed_report_only
30041,2024,MT,0.0,0.0,0.0,0.0,0.0,1.0,25.0,836.0,364.0,248.0,63144347.0,73198994.0,0.0,1.0,"Hill County, Montana",1,official_seed_report_only
30049,2024,MT,0.0,0.0,0.0,0.0,0.0,2.0,155.0,6996.0,1725.0,1502.0,291714295.0,332299733.0,0.0,0.0,"Lewis and Clark County, Montana",1,official_seed_report_only
30053,2024,MT,0.0,0.0,0.0,0.0,0.0,1.0,25.0,748.0,153.0,194.0,39467636.0,46960645.0,0.0,1.0,"Lincoln County, Montana",1,official_seed_report_only
30055,2024,MT,0.0,0.0,0.0,0.0,0.0,1.0,25.0,39.0,27.0,0.0,5318771.0,5170396.0,0.0,1.0,"McCone County, Montana",1,official_seed_report_only
30059,2024,MT,0.0,0.0,0.0,0.0,0.0,1.0,25.0,32.0,22.0,1.0,8018667.0,7380783.0,0.0,1.0,"Meagher County, Montana",1,official_seed_report_only
30061,2024,MT,0.0,0.0,0.0,0.0,0.0,1.0,25.0,75.0,34.0,8.0,11006175.0,10899387.0,0.0,1.0,"Mineral County, Montana",1,official_seed_report_only
30065,2024,MT,0.0,0.0,0.0,0.0,0.0,1.0,25.0,55.0,23.0,5.0,13446476.0,13895393.0,0.0,1.0,"Musselshell County, Montana",1,official_seed_report_only
30067,2024,MT,0.0,0.0,0.0,0.0,0.0,1.0,25.0,1051.0,427.0,115.0,79076301.0,88282444.0,0.0,1.0,"Park County, Montana",1,official_seed_report_only
30071,2024,MT,0.0,0.0,0.0,0.0,0.0,1.0,6.0,101.0,66.0,10.0,8161299.0,6838585.0,0.0,1.0,"Phillips County, Montana",1,official_seed_report_only
30077,2024,MT,0.0,0.0,0.0,0.0,0.0,1.0,16.0,98.0,59.0,13.0,21720895.0,22068982.0,0.0,1.0,"Powell County, Montana",1,official_seed_report_only
30079,2024,MT,0.0,0.0,0.0,0.0,0.0,1.0,25.0,0.0,0.0,0.0,4441304.0,3321485.0,0.0,1.0,"Prairie County, Montana",1,official_seed_report_only
30081,2024,MT,0.0,0.0,0.0,0.0,0.0,1.0,25.0,1290.0,414.0,224.0,97286344.0,126328742.0,0.0,1.0,"Ravalli County, Montana",1,official_seed_report_only
30083,2024,MT,0.0,0.0,0.0,0.0,0.0,1.0,25.0,1188.0,462.0,135.0,66838717.0,105664089.0,0.0,1.0,"Richland County, Montana",1,official_seed_report_only
30085,2024,MT,0.0,0.0,0.0,0.0,0.0,3.0,71.0,517.0,124.0,229.0,43867915.0,52435752.0,0.0,3.0,"Roosevelt County, Montana",1,official_seed_report_only
30087,2024,MT,0.0,0.0,0.0,0.0,0.0,1.0,25.0,43.0,32.0,2.0,10148424.0,9342853.0,0.0,1.0,"Rosebud County, Montana",1,official_seed_report_only
30091,2024,MT,0.0,0.0,0.0,0.0,0.0,1.0,19.0,99.0,62.0,4.0,18828622.0,19096658.0,0.0,1.0,"Sheridan County, Montana",1,official_seed_report_only
30097,2024,MT,0.0,0.0,0.0,0.0,0.0,1.0,25.0,64.0,49.0,2.0,11715525.0,10606152.0,0.0,1.0,"Sweet Grass County, Montana",1,official_seed_report_only
30105,2024,MT,0.0,0.0,0.0,0.0,0.0,1.0,25.0,394.0,168.0,81.0,44988425.0,55961107.0,0.0,1.0,"Valley County, Montana",1,official_seed_report_only
30111,2024,MT,0.0,0.0,0.0,0.0,0.0,1.0,40.0,457.0,165.0,155.0,21529905.0,22690523.0,0.0,0.0,"Yellowstone County, Montana",1,official_seed_report_only
37011,2024,NC,0.0,0.0,0.0,0.0,0.0,2.0,60.0,1381.0,198.0,347.0,31026198.0,34748695.0,0.0,1.0,"Avery County, North Carolina",1,official_seed_report_only
37021,2024,NC,0.0,0.0,0.0,0.0,0.0,1.0,80.0,1461.0,33.0,36.0,24240291.0,36323790.0,0.0,0.0,"Buncombe County, North Carolina",1,official_seed_report_only
37023,2024,NC,0.0,0.0,0.0,0.0,0.0,2.0,540.0,8320.0,1420.0,415.0,320320261.0,373857913.0,2.0,0.0,"Burke County, North Carolina",1,official_seed_report_only
37027,2024,NC,0.0,0.0,0.0,0.0,0.0,1.0,137.0,4540.0,887.0,138.0,149129969.0,182656059.0,0.0,0.0,"Caldwell County, North Carolina",1,official_seed_report_only
37035,2024,NC,0.0,0.0,0.0,0.0,0.0,1.0,200.0,9014.0,1998.0,505.0,313690984.0,424212730.0,0.0,0.0,"Catawba County, North Carolina",1,official_seed_report_only
37037,2024,NC,0.0,0.0,0.0,0.0,0.0,1.0,25.0,1054.0,177.0,134.0,32126110.0,50348880.0,0.0,1.0,"Chatham County, North Carolina",1,official_seed_report_only
37039,2024,NC,0.0,0.0,0.0,0.0,0.0,1.0,25.0,880.0,290.0,26.0,59226667.0,61157952.0,0.0,1.0,"Cherokee County, North Carolina",1,official_seed_report_only
37049,2024,NC,0.0,0.0,0.0,0.0,0.0,1.0,309.0,12706.0,4517.0,269.0,372982114.0,574071904.0,0.0,0.0,"Craven County, North Carolina",1,official_seed_report_only
37063,2024,NC,0.0,0.0,0.0,0.0,0.0,3.0,1410.0,67147.0,11837.0,3215.0,3108334075.0,4544053842.0,2.0,0.0,"Durham County, North Carolina",1,official_seed_report_only
37071,2024,NC,0.0,0.0,0.0,0.0,0.0,1.0,424.0,24906.0,4539.0,1411.0,587145968.0,727528998.0,0.0,0.0,"Gaston County, North Carolina",1,official_seed_report_only
37077,2024,NC,0.0,0.0,0.0,0.0,0.0,2.0,338.0,545.0,23.0,39.0,159006860.0,0.0,1.0,0.0,"Granville County, North Carolina",1,official_seed_report_only
37081,2024,NC,0.0,0.0,0.0,0.0,0.0,2.0,131.0,519.0,216.0,0.0,48950978.0,50170036.0,0.0,0.0,"Guilford County, North Carolina",1,official_seed_report_only
37087,2024,NC,0.0,0.0,0.0,0.0,0.0,1.0,121.0,4744.0,1527.0,195.0,119728922.0,187480729.0,0.0,0.0,"Haywood County, North Carolina",1,official_seed_report_only
37089,2024,NC,0.0,0.0,0.0,0.0,0.0,1.0,160.0,8744.0,2635.0,367.0,359655846.0,433233674.0,1.0,0.0,"Henderson County, North Carolina",1,official_seed_report_only
37099,2024,NC,0.0,0.0,0.0,0.0,0.0,1.0,82.0,2253.0,707.0,295.0,90594765.0,142099777.0,0.0,0.0,"Jackson County, North Carolina",1,official_seed_report_only
37101,2024,NC,0.0,0.0,0.0,0.0,0.0,1.0,179.0,13579.0,2644.0,917.0,300611415.0,356888393.0,0.0,0.0,"Johnston County, North Carolina",1,official_seed_report_only
37107,2024,NC,0.0,0.0,0.0,0.0,0.0,1.0,178.0,5080.0,1385.0,382.0,116529591.0,143696689.0,0.0,0.0,"Lenoir County, North Carolina",1,official_seed_report_only
37111,2024,NC,0.0,0.0,0.0,0.0,0.0,1.0,33.0,2052.0,449.0,135.0,66984924.0,73932942.0,0.0,0.0,"McDowell County, North Carolina",1,official_seed_report_only
37119,2024,NC,0.0,0.0,0.0,0.0,0.0,1.0,40.0,206.0,151.0,0.0,18314382.0,20734755.0,0.0,0.0,"Mecklenburg County, North Carolina",1,official_seed_report_only
37127,2024,NC,0.0,0.0,0.0,0.0,0.0,2.0,372.0,13252.0,3147.0,617.0,299114194.0,368704218.0,0.0,0.0,"Nash County, North Carolina",1,official_seed_report_only
37133,2024,NC,0.0,0.0,0.0,0.0,0.0,1.0,84.0,1721.0,32.0,0.0,19780678.0,20905559.0,0.0,0.0,"Onslow County, North Carolina",1,official_seed_report_only
37135,2024,NC,0.0,0.0,0.0,0.0,0.0,1.0,809.0,34976.0,6032.0,2940.0,2589440654.0,3167758141.0,1.0,0.0,"Orange County, North Carolina",1,official_seed_report_only
37145,2024,NC,0.0,0.0,0.0,0.0,0.0,1.0,38.0,618.0,191.0,28.0,29033899.0,41859627.0,0.0,0.0,"Person County, North Carolina",1,official_seed_report_only
37147,2024,NC,0.0,0.0,0.0,0.0,0.0,1.0,51.0,862.0,13.0,333.0,19185136.0,873822.0,0.0,0.0,"Pitt County, North Carolina",1,official_seed_report_only
37155,2024,NC,0.0,0.0,0.0,0.0,0.0,1.0,186.0,10141.0,1655.0,1128.0,236311061.0,308326434.0,1.0,0.0,"Robeson County, North Carolina",1,official_seed_report_only
37157,2024,NC,0.0,0.0,0.0,0.0,0.0,1.0,108.0,1788.0,273.0,65.0,57652016.0,56597762.0,0.0,0.0,"Rockingham County, North Carolina",1,official_seed_report_only
37161,2024,NC,0.0,0.0,0.0,0.0,0.0,1.0,119.0,2465.0,807.0,192.0,61144568.0,108911213.0,0.0,0.0,"Rutherford County, North Carolina",1,official_seed_report_only
37173,2024,NC,0.0,0.0,0.0,0.0,0.0,1.0,24.0,26.0,11.0,1.0,15390681.0,20008788.0,0.0,1.0,"Swain County, North Carolina",1,official_seed_report_only
37183,2024,NC,0.0,0.0,0.0,0.0,0.0,2.0,683.0,41136.0,10303.0,1151.0,1605937133.0,2247764826.0,1.0,0.0,"Wake County, North Carolina",1,official_seed_report_only
37189,2024,NC,0.0,0.0,0.0,0.0,0.0,1.0,121.0,4452.0,1316.0,125.0,169751531.0,205534057.0,1.0,0.0,"Watauga County, North Carolina",1,official_seed_report_only
37191,2024,NC,0.0,0.0,0.0,0.0,0.0,2.0,559.0,9983.0,2345.0,905.0,365188314.0,327824955.0,1.0,0.0,"Wayne County, North Carolina",1,official_seed_report_only
37195,2024,NC,0.0,0.0,0.0,0.0,0.0,1.0,100.0,5279.0,1124.0,305.0,113958241.0,176780644.0,0.0,0.0,"Wilson County, North Carolina",1,official_seed_report_only
38001,2024,ND,0.0,0.0,0.0,0.0,0.0,1.0,25.0,349.0,223.0,19.0,24891057.0,27011111.0,1.0,1.0,"Adams County, North Dakota",1,official_seed_report_only
38003,2024,ND,0.0,0.0,0.0,0.0,0.0,1.0,25.0,249.0,164.0,9.0,12293072.0,13165755.0,0.0,1.0,"Barnes County, North Dakota",1,official_seed_report_only
38015,2024,ND,0.0,0.0,0.0,0.0,0.0,1.0,157.0,5651.0,2115.0,518.0,227160253.0,220546691.0,1.0,0.0,"Burleigh County, North Dakota",1,official_seed_report_only
38017,2024,ND,0.0,0.0,0.0,0.0,0.0,2.0,173.0,8911.0,3116.0,549.0,377894233.0,608211040.0,0.0,0.0,"Cass County, North Dakota",1,official_seed_report_only
38019,2024,ND,0.0,0.0,0.0,0.0,0.0,1.0,25.0,168.0,124.0,5.0,13595461.0,12413560.0,0.0,1.0,"Cavalier County, North Dakota",1,official_seed_report_only
38021,2024,ND,0.0,0.0,0.0,0.0,0.0,1.0,20.0,137.0,81.0,2.0,11086502.0,11624388.0,0.0,1.0,"Dickey County, North Dakota",1,official_seed_report_only
38023,2024,ND,0.0,0.0,0.0,0.0,0.0,1.0,20.0,79.0,44.0,4.0,10427043.0,7146235.0,0.0,1.0,"Divide County, North Dakota",1,official_seed_report_only
38031,2024,ND,0.0,0.0,0.0,0.0,0.0,1.0,25.0,257.0,133.0,0.0,13890699.0,13858264.0,0.0,1.0,"Foster County, North Dakota",1,official_seed_report_only
38037,2024,ND,0.0,0.0,0.0,0.0,0.0,1.0,25.0,33.0,27.0,1.0,13347014.0,8372937.0,0.0,1.0,"Grant County, North Dakota",1,official_seed_report_only
38039,2024,ND,0.0,0.0,0.0,0.0,0.0,1.0,9.0,78.0,57.0,2.0,7535947.0,6296088.0,0.0,1.0,"Griggs County, North Dakota",1,official_seed_report_only
38051,2024,ND,0.0,0.0,0.0,0.0,0.0,1.0,20.0,41.0,33.0,1.0,10698598.0,10269060.0,0.0,1.0,"McIntosh County, North Dakota",1,official_seed_report_only
38053,2024,ND,0.0,0.0,0.0,0.0,0.0,1.0,24.0,409.0,158.0,0.0,46568885.0,51304049.0,0.0,1.0,"McKenzie County, North Dakota",1,official_seed_report_only
38055,2024,ND,0.0,0.0,0.0,0.0,0.0,2.0,47.0,225.0,65.0,0.0,20740090.0,17109223.0,0.0,2.0,"McLean County, North Dakota",1,official_seed_report_only
38057,2024,ND,0.0,0.0,0.0,0.0,0.0,1.0,13.0,129.0,88.0,0.0,13934844.0,16831986.0,0.0,1.0,"Mercer County, North Dakota",1,official_seed_report_only
38059,2024,ND,0.0,0.0,0.0,0.0,0.0,1.0,41.0,125.0,35.0,26.0,9058352.0,24110579.0,0.0,0.0,"Morton County, North Dakota",1,official_seed_report_only
38061,2024,ND,0.0,0.0,0.0,0.0,0.0,1.0,11.0,51.0,18.0,4.0,9115406.0,13679199.0,0.0,1.0,"Mountrail County, North Dakota",1,official_seed_report_only
38063,2024,ND,0.0,0.0,0.0,0.0,0.0,1.0,19.0,34.0,30.0,1.0,8456626.0,8996254.0,0.0,1.0,"Nelson County, North Dakota",1,official_seed_report_only
38069,2024,ND,0.0,0.0,0.0,0.0,0.0,1.0,25.0,175.0,138.0,4.0,24092518.0,28304595.0,0.0,1.0,"Pierce County, North Dakota",1,official_seed_report_only
38071,2024,ND,0.0,0.0,0.0,0.0,0.0,1.0,25.0,770.0,226.0,175.0,28088656.0,28059992.0,0.0,1.0,"Ramsey County, North Dakota",1,official_seed_report_only
38073,2024,ND,0.0,0.0,0.0,0.0,0.0,1.0,25.0,69.0,32.0,0.0,11548773.0,11285289.0,0.0,1.0,"Ransom County, North Dakota",1,official_seed_report_only
38089,2024,ND,0.0,0.0,0.0,0.0,0.0,1.0,25.0,1580.0,449.0,188.0,66455304.0,70584216.0,0.0,1.0,"Stark County, North Dakota",1,official_seed_report_only
38093,2024,ND,0.0,0.0,0.0,0.0,0.0,2.0,106.0,30290.0,348.0,106.0,107974651.0,83429011.0,0.0,1.0,"Stutsman County, North Dakota",1,official_seed_report_only
38095,2024,ND,0.0,0.0,0.0,0.0,0.0,1.0,20.0,80.0,61.0,0.0,12839223.0,13944210.0,0.0,1.0,"Towner County, North Dakota",1,official_seed_report_only
38099,2024,ND,0.0,0.0,0.0,0.0,0.0,1.0,14.0,116.0,81.0,4.0,27810804.0,27937011.0,0.0,1.0,"Walsh County, North Dakota",1,official_seed_report_only
38101,2024,ND,0.0,0.0,0.0,0.0,0.0,2.0,132.0,6364.0,2338.0,1501.0,321773052.0,476743779.0,1.0,1.0,"Ward County, North Dakota",1,official_seed_report_only
38105,2024,ND,0.0,0.0,0.0,0.0,0.0,2.0,50.0,1671.0,406.0,227.0,87406179.0,99946812.0,0.0,2.0,"Williams County, North Dakota",1,official_seed_report_only
31003,2024,NE,0.0,0.0,0.0,0.0,0.0,1.0,16.0,135.0,81.0,15.0,19916367.0,20067019.0,0.0,1.0,"Antelope County, Nebraska",1,official_seed_report_only
31013,2024,NE,0.0,0.0,0.0,0.0,0.0,1.0,25.0,542.0,318.0,50.0,53105378.0,55352953.0,0.0,1.0,"Box Butte County, Nebraska",1,official_seed_report_only
31015,2024,NE,0.0,0.0,0.0,0.0,0.0,1.0,15.0,20.0,19.0,0.0,3861612.0,3009429.0,0.0,1.0,"Boyd County, Nebraska",1,official_seed_report_only
31017,2024,NE,0.0,0.0,0.0,0.0,0.0,1.0,23.0,46.0,40.0,2.0,12022368.0,11401997.0,0.0,1.0,"Brown County, Nebraska",1,official_seed_report_only
31019,2024,NE,0.0,0.0,0.0,0.0,0.0,1.0,182.0,6129.0,1788.0,104.0,148121682.0,189259362.0,1.0,0.0,"Buffalo County, Nebraska",1,official_seed_report_only
31023,2024,NE,0.0,0.0,0.0,0.0,0.0,1.0,20.0,220.0,110.0,11.0,20805070.0,23045000.0,0.0,1.0,"Butler County, Nebraska",1,official_seed_report_only
31029,2024,NE,0.0,0.0,0.0,0.0,0.0,1.0,15.0,108.0,72.0,6.0,13536229.0,13398319.0,0.0,1.0,"Chase County, Nebraska",1,official_seed_report_only
31031,2024,NE,0.0,0.0,0.0,0.0,0.0,1.0,25.0,293.0,115.0,80.0,30106316.0,31226217.0,0.0,1.0,"Cherry County, Nebraska",1,official_seed_report_only
31037,2024,NE,0.0,0.0,0.0,0.0,0.0,1.0,25.0,62.0,28.0,1.0,14930166.0,13790656.0,0.0,1.0,"Colfax County, Nebraska",1,official_seed_report_only
31041,2024,NE,0.0,0.0,0.0,0.0,0.0,1.0,12.0,144.0,100.0,4.0,11561061.0,12045119.0,0.0,1.0,"Custer County, Nebraska",1,official_seed_report_only
31047,2024,NE,0.0,0.0,0.0,0.0,0.0,3.0,60.0,784.0,359.0,136.0,95791672.0,100725789.0,0.0,3.0,"Dawson County, Nebraska",1,official_seed_report_only
31055,2024,NE,0.0,0.0,0.0,0.0,0.0,7.0,1404.0,57783.0,13898.0,1104.0,2460902067.0,2910763716.0,4.0,0.0,"Douglas County, Nebraska",1,official_seed_report_only
31057,2024,NE,0.0,0.0,0.0,0.0,0.0,1.0,12.0,110.0,87.0,11.0,12286211.0,10743955.0,0.0,1.0,"Dundy County, Nebraska",1,official_seed_report_only
31059,2024,NE,0.0,0.0,0.0,0.0,0.0,1.0,20.0,197.0,132.0,11.0,26041411.0,29407990.0,0.0,1.0,"Fillmore County, Nebraska",1,official_seed_report_only
31061,2024,NE,0.0,0.0,0.0,0.0,0.0,1.0,14.0,11.0,8.0,1.0,5991433.0,5419837.0,0.0,1.0,"Franklin County, Nebraska",1,official_seed_report_only
31065,2024,NE,0.0,0.0,0.0,0.0,0.0,1.0,20.0,127.0,66.0,0.0,22729935.0,24617244.0,0.0,1.0,"Furnas County, Nebraska",1,official_seed_report_only
31079,2024,NE,0.0,0.0,0.0,0.0,0.0,1.0,113.0,4436.0,1152.0,67.0,118289747.0,119745439.0,1.0,0.0,"Hall County, Nebraska",1,official_seed_report_only
31089,2024,NE,0.0,0.0,0.0,0.0,0.0,2.0,40.0,771.0,418.0,9.0,48728678.0,57969319.0,0.0,2.0,"Holt County, Nebraska",1,official_seed_report_only
31093,2024,NE,0.0,0.0,0.0,0.0,0.0,1.0,10.0,153.0,81.0,12.0,23301343.0,24009260.0,0.0,1.0,"Howard County, Nebraska",1,official_seed_report_only
31097,2024,NE,0.0,0.0,0.0,0.0,0.0,1.0,18.0,108.0,85.0,2.0,19896907.0,18667634.0,0.0,1.0,"Johnson County, Nebraska",1,official_seed_report_only
31099,2024,NE,0.0,0.0,0.0,0.0,0.0,1.0,10.0,90.0,70.0,0.0,15325401.0,15954996.0,0.0,1.0,"Kearney County, Nebraska",1,official_seed_report_only
31105,2024,NE,0.0,0.0,0.0,0.0,0.0,1.0,14.0,179.0,114.0,20.0,24131635.0,23333825.0,0.0,1.0,"Kimball County, Nebraska",1,official_seed_report_only
31107,2024,NE,0.0,0.0,0.0,0.0,0.0,1.0,17.0,86.0,48.0,1.0,17063123.0,16830806.0,0.0,1.0,"Knox County, Nebraska",1,official_seed_report_only
31109,2024,NE,0.0,0.0,0.0,0.0,0.0,4.0,344.0,10711.0,3062.0,87.0,367166338.0,608885661.0,2.0,0.0,"Lancaster County, Nebraska",1,official_seed_report_only
31123,2024,NE,0.0,0.0,0.0,0.0,0.0,1.0,20.0,149.0,110.0,0.0,24584812.0,28542818.0,0.0,1.0,"Morrill County, Nebraska",1,official_seed_report_only
31125,2024,NE,0.0,0.0,0.0,0.0,0.0,1.0,19.0,51.0,29.0,1.0,8403190.0,8320082.0,0.0,1.0,"Nance County, Nebraska",1,official_seed_report_only
31127,2024,NE,0.0,0.0,0.0,0.0,0.0,1.0,16.0,96.0,65.0,3.0,18854290.0,19905973.0,0.0,1.0,"Nemaha County, Nebraska",1,official_seed_report_only
31129,2024,NE,0.0,0.0,0.0,0.0,0.0,1.0,25.0,347.0,218.0,17.0,34535204.0,34950900.0,0.0,1.0,"Nuckolls County, Nebraska",1,official_seed_report_only
31131,2024,NE,0.0,0.0,0.0,0.0,0.0,2.0,28.0,558.0,259.0,0.0,64990960.0,69633743.0,0.0,2.0,"Otoe County, Nebraska",1,official_seed_report_only
31133,2024,NE,0.0,0.0,0.0,0.0,0.0,1.0,17.0,23.0,12.0,3.0,10492232.0,10156577.0,0.0,1.0,"Pawnee County, Nebraska",1,official_seed_report_only
31135,2024,NE,0.0,0.0,0.0,0.0,0.0,1.0,20.0,163.0,115.0,1.0,24332297.0,28061175.0,0.0,1.0,"Perkins County, Nebraska",1,official_seed_report_only
31139,2024,NE,0.0,0.0,0.0,0.0,0.0,2.0,35.0,164.0,121.0,0.0,18858847.0,17979516.0,0.0,2.0,"Pierce County, Nebraska",1,official_seed_report_only
31141,2024,NE,0.0,0.0,0.0,0.0,0.0,1.0,50.0,1841.0,715.0,155.0,109693780.0,151454525.0,0.0,0.0,"Platte County, Nebraska",1,official_seed_report_only
31143,2024,NE,0.0,0.0,0.0,0.0,0.0,1.0,16.0,132.0,60.0,5.0,8334045.0,8304173.0,0.0,1.0,"Polk County, Nebraska",1,official_seed_report_only
31145,2024,NE,0.0,0.0,0.0,0.0,0.0,1.0,25.0,620.0,258.0,92.0,55698903.0,62708466.0,0.0,1.0,"Red Willow County, Nebraska",1,official_seed_report_only
31147,2024,NE,0.0,0.0,0.0,0.0,0.0,1.0,24.0,541.0,430.0,27.0,32692290.0,34855869.0,0.0,1.0,"Richardson County, Nebraska",1,official_seed_report_only
31149,2024,NE,0.0,0.0,0.0,0.0,0.0,1.0,15.0,60.0,47.0,0.0,11812478.0,11361001.0,0.0,1.0,"Rock County, Nebraska",1,official_seed_report_only
31153,2024,NE,0.0,0.0,0.0,0.0,0.0,2.0,99.0,5535.0,2362.0,7.0,168316472.0,178314062.0,0.0,0.0,"Sarpy County, Nebraska",1,official_seed_report_only
31155,2024,NE,0.0,0.0,0.0,0.0,0.0,1.0,16.0,131.0,74.0,5.0,35142636.0,39142381.0,0.0,1.0,"Saunders County, Nebraska",1,official_seed_report_only
31161,2024,NE,0.0,0.0,0.0,0.0,0.0,1.0,25.0,167.0,96.0,14.0,17009481.0,16565038.0,0.0,1.0,"Sheridan County, Nebraska",1,official_seed_report_only
31169,2024,NE,0.0,0.0,0.0,0.0,0.0,1.0,19.0,107.0,65.0,8.0,25772590.0,26092658.0,0.0,1.0,"Thayer County, Nebraska",1,official_seed_report_only
31173,2024,NE,0.0,0.0,0.0,0.0,0.0,1.0,21.0,217.0,66.0,34.0,32944069.0,29506650.0,0.0,1.0,"Thurston County, Nebraska",1,official_seed_report_only
31175,2024,NE,0.0,0.0,0.0,0.0,0.0,1.0,16.0,110.0,75.0,1.0,26362252.0,27661208.0,0.0,1.0,"Valley County, Nebraska",1,official_seed_report_only
31181,2024,NE,0.0,0.0,0.0,0.0,0.0,1.0,13.0,13.0,10.0,0.0,7206594.0,6635221.0,0.0,1.0,"Webster County, Nebraska",1,official_seed_report_only
31185,2024,NE,0.0,0.0,0.0,0.0,0.0,1.0,13.0,95.0,70.0,2.0,18713061.0,19379440.0,0.0,1.0,"York County, Nebraska",1,official_seed_report_only
33005,2024,NH,0.0,0.0,0.0,0.0,0.0,1.0,86.0,3559.0,1340.0,79.0,229690266.0,260868000.0,0.0,0.0,"Cheshire County, New Hampshire",1,official_seed_report_only
33009,2024,NH,0.0,0.0,0.0,0.0,0.0,3.0,525.0,21255.0,7127.0,148.0,1633212131.0,1879001966.0,1.0,2.0,"Grafton County, New Hampshire",1,official_seed_report_only
33011,2024,NH,0.0,0.0,0.0,0.0,0.0,2.0,354.0,72771.0,5848.0,539.0,846124639.0,960070195.0,1.0,0.0,"Hillsborough County, New Hampshire",1,official_seed_report_only
33013,2024,NH,0.0,0.0,0.0,0.0,0.0,2.0,183.0,1375.0,470.0,133.0,166065119.0,91783676.0,0.0,1.0,"Merrimack County, New Hampshire",1,official_seed_report_only
33015,2024,NH,0.0,0.0,0.0,0.0,0.0,4.0,452.0,17093.0,6724.0,968.0,470200383.0,661259158.0,1.0,0.0,"Rockingham County, New Hampshire",1,official_seed_report_only
33017,2024,NH,0.0,0.0,0.0,0.0,0.0,1.0,39.0,966.0,305.0,15.0,65715503.0,63402305.0,0.0,0.0,"Strafford County, New Hampshire",1,official_seed_report_only
34001,2024,NJ,0.0,0.0,0.0,0.0,0.0,1.0,30.0,258.0,206.0,0.0,17251529.0,16910060.0,0.0,0.0,"Atlantic County, New Jersey",1,official_seed_report_only
34003,2024,NJ,0.0,0.0,0.0,0.0,0.0,1.0,78.0,3925.0,1264.0,15.0,112225780.0,156362092.0,0.0,0.0,"Bergen County, New Jersey",1,official_seed_report_only
34005,2024,NJ,0.0,0.0,0.0,0.0,0.0,1.0,69.0,342.0,217.0,0.0,25989474.0,27753542.0,0.0,0.0,"Burlington County, New Jersey",1,official_seed_report_only
34007,2024,NJ,0.0,0.0,0.0,0.0,0.0,2.0,1061.0,26749.0,8340.0,1081.0,872543982.0,778522100.0,1.0,0.0,"Camden County, New Jersey",1,official_seed_report_only
34011,2024,NJ,0.0,0.0,0.0,0.0,0.0,1.0,41.0,1150.0,642.0,20.0,20267317.0,27214165.0,0.0,0.0,"Cumberland County, New Jersey",1,official_seed_report_only
34013,2024,NJ,0.0,0.0,0.0,0.0,0.0,2.0,421.0,17466.0,1679.0,1975.0,875419373.0,750404906.0,1.0,0.0,"Essex County, New Jersey",1,official_seed_report_only
34021,2024,NJ,0.0,0.0,0.0,0.0,0.0,1.0,400.0,99.0,37.0,0.0,148584338.0,1947745.0,0.0,0.0,"Mercer County, New Jersey",1,official_seed_report_only
34023,2024,NJ,0.0,0.0,0.0,0.0,0.0,2.0,270.0,16619.0,4679.0,309.0,623144839.0,627083905.0,2.0,0.0,"Middlesex County, New Jersey",1,official_seed_report_only
34025,2024,NJ,0.0,0.0,0.0,0.0,0.0,1.0,60.0,1393.0,1104.0,12.0,25302353.0,33737368.0,0.0,0.0,"Monmouth County, New Jersey",1,official_seed_report_only
34027,2024,NJ,0.0,0.0,0.0,0.0,0.0,2.0,504.0,737.0,366.0,1.0,255003738.0,56812467.0,0.0,0.0,"Morris County, New Jersey",1,official_seed_report_only
34029,2024,NJ,0.0,0.0,0.0,0.0,0.0,1.0,50.0,222.0,193.0,0.0,17642460.0,19052101.0,0.0,0.0,"Ocean County, New Jersey",1,official_seed_report_only
34035,2024,NJ,0.0,0.0,0.0,0.0,0.0,1.0,101.0,46.0,0.0,26.0,41601402.0,0.0,0.0,0.0,"Somerset County, New Jersey",1,official_seed_report_only
34039,2024,NJ,0.0,0.0,0.0,0.0,0.0,1.0,124.0,3177.0,231.0,415.0,27079138.0,30362214.0,0.0,0.0,"Union County, New Jersey",1,official_seed_report_only
34041,2024,NJ,0.0,0.0,0.0,0.0,0.0,1.0,92.0,4600.0,1764.0,155.0,137405818.0,228679613.0,1.0,0.0,"Warren County, New Jersey",1,official_seed_report_only
35001,2024,NM,0.0,0.0,0.0,0.0,0.0,8.0,1259.0,49467.0,7763.0,1996.0,1926944480.0,2271619720.0,4.0,0.0,"Bernalillo County, New Mexico",1,official_seed_report_only
35005,2024,NM,0.0,0.0,0.0,0.0,0.0,2.0,135.0,5493.0,1175.0,2000.0,86946203.0,131249591.0,0.0,0.0,"Chaves County, New Mexico",1,official_seed_report_only
35006,2024,NM,0.0,0.0,0.0,0.0,0.0,1.0,25.0,889.0,117.0,94.0,51364919.0,43935585.0,0.0,1.0,"Cibola County, New Mexico",1,official_seed_report_only
35007,2024,NM,0.0,0.0,0.0,0.0,0.0,1.0,25.0,341.0,93.0,18.0,33726034.0,25257896.0,0.0,1.0,"Colfax County, New Mexico",1,official_seed_report_only
35013,2024,NM,0.0,0.0,0.0,0.0,0.0,2.0,186.0,8219.0,1824.0,2828.0,179946998.0,271919922.0,1.0,0.0,"Doña Ana County, New Mexico",1,official_seed_report_only
35015,2024,NM,0.0,0.0,0.0,0.0,0.0,2.0,78.0,2746.0,747.0,694.0,123668164.0,178412796.0,1.0,0.0,"Eddy County, New Mexico",1,official_seed_report_only
35017,2024,NM,0.0,0.0,0.0,0.0,0.0,1.0,25.0,1052.0,304.0,0.0,77697995.0,89212220.0,0.0,1.0,"Grant County, New Mexico",1,official_seed_report_only
35019,2024,NM,0.0,0.0,0.0,0.0,0.0,1.0,0.0,0.0,0.0,0.0,4682737.0,5428118.0,0.0,0.0,"Guadalupe County, New Mexico",1,official_seed_report_only
35025,2024,NM,0.0,0.0,0.0,0.0,0.0,2.0,50.0,1487.0,404.0,15.0,163019517.0,181286790.0,1.0,1.0,"Lea County, New Mexico",1,official_seed_report_only
35035,2024,NM,0.0,0.0,0.0,0.0,0.0,1.0,76.0,3398.0,1055.0,25.0,199881088.0,269166868.0,1.0,0.0,"Otero County, New Mexico",1,official_seed_report_only
35041,2024,NM,0.0,0.0,0.0,0.0,0.0,1.0,12.0,264.0,100.0,0.0,34109062.0,36199541.0,0.0,0.0,"Roosevelt County, New Mexico",1,official_seed_report_only
35045,2024,NM,0.0,0.0,0.0,0.0,0.0,1.0,182.0,10977.0,2322.0,737.0,238727438.0,358756756.0,0.0,0.0,"San Juan County, New Mexico",1,official_seed_report_only
35047,2024,NM,0.0,0.0,0.0,0.0,0.0,1.0,25.0,455.0,137.0,0.0,27611350.0,38978097.0,0.0,1.0,"San Miguel County, New Mexico",1,official_seed_report_only
35049,2024,NM,0.0,0.0,0.0,0.0,0.0,1.0,171.0,10857.0,3043.0,379.0,391666392.0,580672267.0,1.0,0.0,"Santa Fe County, New Mexico",1,official_seed_report_only
35051,2024,NM,0.0,0.0,0.0,0.0,0.0,1.0,11.0,248.0,86.0,0.0,37123549.0,32754951.0,0.0,1.0,"Sierra County, New Mexico",1,official_seed_report_only
35055,2024,NM,0.0,0.0,0.0,0.0,0.0,1.0,25.0,1354.0,313.0,17.0,69300898.0,80136697.0,0.0,1.0,"Taos County, New Mexico",1,official_seed_report_only
35059,2024,NM,0.0,0.0,0.0,0.0,0.0,1.0,25.0,150.0,61.0,1.0,13137240.0,12796197.0,0.0,1.0,"Union County, New Mexico",1,official_seed_report_only
32003,2024,NV,0.0,0.0,0.0,0.0,0.0,14.0,2751.0,114785.0,20569.0,12485.0,2843008690.0,3195904764.0,5.0,1.0,"Clark County, Nevada",1,official_seed_report_only
32007,2024,NV,0.0,0.0,0.0,0.0,0.0,1.0,59.0,1695.0,569.0,376.0,48666021.0,91279330.0,0.0,0.0,"Elko County, Nevada",1,official_seed_report_only
32013,2024,NV,0.0,0.0,0.0,0.0,0.0,1.0,25.0,560.0,213.0,130.0,66341585.0,69011485.0,1.0,1.0,"Humboldt County, Nevada",1,official_seed_report_only
32015,2024,NV,0.0,0.0,0.0,0.0,0.0,1.0,5.0,5.0,2.0,0.0,16252167.0,12490498.0,0.0,1.0,"Lander County, Nevada",1,official_seed_report_only
32017,2024,NV,0.0,0.0,0.0,0.0,0.0,1.0,4.0,77.0,54.0,8.0,9010730.0,7645335.0,0.0,1.0,"Lincoln County, Nevada",1,official_seed_report_only
32019,2024,NV,0.0,0.0,0.0,0.0,0.0,1.0,14.0,61.0,30.0,9.0,17098807.0,13781336.0,0.0,1.0,"Lyon County, Nevada",1,official_seed_report_only
32021,2024,NV,0.0,0.0,0.0,0.0,0.0,1.0,11.0,123.0,55.0,32.0,17138525.0,16376751.0,0.0,1.0,"Mineral County, Nevada",1,official_seed_report_only
32027,2024,NV,0.0,0.0,0.0,0.0,0.0,1.0,13.0,22.0,15.0,2.0,17035421.0,14863162.0,0.0,1.0,"Pershing County, Nevada",1,official_seed_report_only
32031,2024,NV,0.0,0.0,0.0,0.0,0.0,3.0,95.0,384.0,117.0,16.0,49087871.0,39405346.0,0.0,1.0,"Washoe County, Nevada",1,official_seed_report_only
32033,2024,NV,0.0,0.0,0.0,0.0,0.0,1.0,25.0,310.0,171.0,57.0,32571801.0,31999738.0,0.0,1.0,"White Pine County, Nevada",1,official_seed_report_only
36001,2024,NY,0.0,0.0,0.0,0.0,0.0,2.0,637.0,22930.0,5413.0,670.0,646076556.0,760540471.0,2.0,0.0,"Albany County, New York",1,official_seed_report_only
36003,2024,NY,0.0,0.0,0.0,0.0,0.0,1.0,49.0,1521.0,462.0,37.0,71963818.0,68677427.0,0.0,0.0,"Allegany County, New York",1,official_seed_report_only
36005,2024,NY,0.0,0.0,0.0,0.0,0.0,3.0,883.0,39196.0,3163.0,6358.0,2063710753.0,1873261044.0,3.0,0.0,"Bronx County, New York",1,official_seed_report_only
36007,2024,NY,0.0,0.0,0.0,0.0,0.0,2.0,286.0,8293.0,1809.0,442.0,488025363.0,445729497.0,2.0,0.0,"Broome County, New York",1,official_seed_report_only
36015,2024,NY,0.0,0.0,0.0,0.0,0.0,1.0,80.0,129.0,7.0,58.0,57155904.0,0.0,1.0,0.0,"Chemung County, New York",1,official_seed_report_only
36023,2024,NY,0.0,0.0,0.0,0.0,0.0,1.0,84.0,3570.0,865.0,86.0,115197965.0,140623485.0,0.0,0.0,"Cortland County, New York",1,official_seed_report_only
36029,2024,NY,0.0,0.0,0.0,0.0,0.0,3.0,345.0,5747.0,1142.0,54.0,838019011.0,809144670.0,2.0,0.0,"Erie County, New York",1,official_seed_report_only
36047,2024,NY,0.0,0.0,0.0,0.0,0.0,4.0,1034.0,33514.0,5291.0,5480.0,2221421906.0,2256847110.0,4.0,0.0,"Kings County, New York",1,official_seed_report_only
36051,2024,NY,0.0,0.0,0.0,0.0,0.0,1.0,67.0,2121.0,427.0,34.0,71226352.0,87646462.0,0.0,0.0,"Livingston County, New York",1,official_seed_report_only
36055,2024,NY,0.0,0.0,0.0,0.0,0.0,3.0,1213.0,51426.0,7469.0,1547.0,3779545993.0,4234807435.0,3.0,0.0,"Monroe County, New York",1,official_seed_report_only
36057,2024,NY,0.0,0.0,0.0,0.0,0.0,1.0,100.0,3177.0,805.0,72.0,158655476.0,162724000.0,0.0,0.0,"Montgomery County, New York",1,official_seed_report_only
36061,2024,NY,0.0,0.0,0.0,0.0,0.0,8.0,3237.0,151105.0,29690.0,12968.0,10166178046.0,10560269983.0,7.0,0.0,"New York County, New York",1,official_seed_report_only
36065,2024,NY,0.0,0.0,0.0,0.0,0.0,1.0,77.0,271.0,0.0,47.0,41596989.0,0.0,0.0,0.0,"Oneida County, New York",1,official_seed_report_only
36067,2024,NY,0.0,0.0,0.0,0.0,0.0,2.0,437.0,14749.0,4119.0,465.0,601938716.0,589098741.0,2.0,0.0,"Onondaga County, New York",1,official_seed_report_only
36071,2024,NY,0.0,0.0,0.0,0.0,0.0,1.0,285.0,356.0,2.0,1.0,111565830.0,0.0,1.0,0.0,"Orange County, New York",1,official_seed_report_only
36081,2024,NY,0.0,0.0,0.0,0.0,0.0,4.0,907.0,28131.0,2622.0,6523.0,1616149096.0,1582832259.0,3.0,0.0,"Queens County, New York",1,official_seed_report_only
36083,2024,NY,0.0,0.0,0.0,0.0,0.0,1.0,252.0,9032.0,2249.0,352.0,316972047.0,426115030.0,0.0,0.0,"Rensselaer County, New York",1,official_seed_report_only
36085,2024,NY,0.0,0.0,0.0,0.0,0.0,1.0,260.0,211.0,8.0,32.0,144001141.0,0.0,1.0,0.0,"Richmond County, New York",1,official_seed_report_only
36087,2024,NY,0.0,0.0,0.0,0.0,0.0,3.0,415.0,208.0,10.0,14.0,294243640.0,55019824.0,2.0,0.0,"Rockland County, New York",1,official_seed_report_only
36093,2024,NY,0.0,0.0,0.0,0.0,0.0,1.0,17.0,383.0,252.0,1.0,59379986.0,64207723.0,0.0,0.0,"Schenectady County, New York",1,official_seed_report_only
36089,2024,NY,0.0,0.0,0.0,0.0,0.0,1.0,108.0,226.0,11.0,130.0,59388846.0,0.0,1.0,0.0,"St. Lawrence County, New York",1,official_seed_report_only
36101,2024,NY,0.0,0.0,0.0,0.0,0.0,2.0,80.0,5166.0,1377.0,94.0,187331564.0,252387005.0,0.0,0.0,"Steuben County, New York",1,official_seed_report_only
36103,2024,NY,0.0,0.0,0.0,0.0,0.0,3.0,471.0,9766.0,3777.0,314.0,524101647.0,361135297.0,2.0,0.0,"Suffolk County, New York",1,official_seed_report_only
39003,2024,OH,0.0,0.0,0.0,0.0,0.0,1.0,26.0,242.0,95.0,9.0,11718621.0,13052470.0,0.0,0.0,"Allen County, Ohio",1,official_seed_report_only
39009,2024,OH,0.0,0.0,0.0,0.0,0.0,2.0,159.0,3052.0,809.0,339.0,124793611.0,170768282.0,1.0,0.0,"Athens County, Ohio",1,official_seed_report_only
39015,2024,OH,0.0,0.0,0.0,0.0,0.0,1.0,24.0,249.0,37.0,0.0,2792093.0,1778906.0,0.0,0.0,"Brown County, Ohio",1,official_seed_report_only
39017,2024,OH,0.0,0.0,0.0,0.0,0.0,2.0,215.0,12606.0,2984.0,382.0,300175989.0,337135722.0,1.0,0.0,"Butler County, Ohio",1,official_seed_report_only
39023,2024,OH,0.0,0.0,0.0,0.0,0.0,1.0,16.0,700.0,34.0,17.0,3747933.0,10773733.0,0.0,0.0,"Clark County, Ohio",1,official_seed_report_only
39029,2024,OH,0.0,0.0,0.0,0.0,0.0,1.0,87.0,2038.0,570.0,47.0,84764054.0,106836372.0,0.0,0.0,"Columbiana County, Ohio",1,official_seed_report_only
39033,2024,OH,0.0,0.0,0.0,0.0,0.0,2.0,50.0,2039.0,590.0,43.0,173849808.0,220178487.0,0.0,2.0,"Crawford County, Ohio",1,official_seed_report_only
39035,2024,OH,0.0,0.0,0.0,0.0,0.0,4.0,172.0,1483.0,455.0,161.0,88469809.0,113568607.0,0.0,0.0,"Cuyahoga County, Ohio",1,official_seed_report_only
39041,2024,OH,0.0,0.0,0.0,0.0,0.0,2.0,120.0,3576.0,1085.0,144.0,134183879.0,180046515.0,0.0,0.0,"Delaware County, Ohio",1,official_seed_report_only
39049,2024,OH,0.0,0.0,0.0,0.0,0.0,15.0,4436.0,198039.0,35166.0,14933.0,7410795146.0,9658099921.0,8.0,0.0,"Franklin County, Ohio",1,official_seed_report_only
39053,2024,OH,0.0,0.0,0.0,0.0,0.0,1.0,148.0,3528.0,930.0,77.0,203284299.0,226003721.0,1.0,0.0,"Gallia County, Ohio",1,official_seed_report_only
39061,2024,OH,0.0,0.0,0.0,0.0,0.0,10.0,3072.0,123727.0,17904.0,6435.0,5599783497.0,7379464068.0,6.0,0.0,"Hamilton County, Ohio",1,official_seed_report_only
39065,2024,OH,0.0,0.0,0.0,0.0,0.0,1.0,25.0,263.0,109.0,7.0,31488385.0,41470062.0,0.0,1.0,"Hardin County, Ohio",1,official_seed_report_only
39079,2024,OH,0.0,0.0,0.0,0.0,0.0,1.0,24.0,433.0,149.0,12.0,27450233.0,29033412.0,0.0,1.0,"Jackson County, Ohio",1,official_seed_report_only
39081,2024,OH,0.0,0.0,0.0,0.0,0.0,1.0,154.0,5721.0,1742.0,285.0,182656382.0,261470683.0,1.0,0.0,"Jefferson County, Ohio",1,official_seed_report_only
39089,2024,OH,0.0,0.0,0.0,0.0,0.0,1.0,35.0,354.0,139.0,38.0,16120789.0,19012002.0,0.0,0.0,"Licking County, Ohio",1,official_seed_report_only
39093,2024,OH,0.0,0.0,0.0,0.0,0.0,2.0,232.0,5868.0,2286.0,88.0,100697226.0,133342324.0,0.0,0.0,"Lorain County, Ohio",1,official_seed_report_only
39095,2024,OH,0.0,0.0,0.0,0.0,0.0,5.0,441.0,9459.0,2889.0,204.0,429495291.0,373045944.0,2.0,0.0,"Lucas County, Ohio",1,official_seed_report_only
39099,2024,OH,0.0,0.0,0.0,0.0,0.0,1.0,53.0,2084.0,0.0,34.0,17465417.0,27200138.0,0.0,0.0,"Mahoning County, Ohio",1,official_seed_report_only
39101,2024,OH,0.0,0.0,0.0,0.0,0.0,1.0,179.0,7742.0,2034.0,471.0,243630336.0,301333790.0,0.0,0.0,"Marion County, Ohio",1,official_seed_report_only
39107,2024,OH,0.0,0.0,0.0,0.0,0.0,1.0,88.0,1827.0,703.0,29.0,66757359.0,92552791.0,0.0,0.0,"Mercer County, Ohio",1,official_seed_report_only
39113,2024,OH,0.0,0.0,0.0,0.0,0.0,4.0,311.0,9238.0,657.0,293.0,586605926.0,654631794.0,1.0,0.0,"Montgomery County, Ohio",1,official_seed_report_only
39129,2024,OH,0.0,0.0,0.0,0.0,0.0,1.0,83.0,2785.0,677.0,169.0,102401437.0,133118741.0,0.0,0.0,"Pickaway County, Ohio",1,official_seed_report_only
39139,2024,OH,0.0,0.0,0.0,0.0,0.0,3.0,310.0,14322.0,3752.0,791.0,446978906.0,586368132.0,0.0,1.0,"Richland County, Ohio",1,official_seed_report_only
39145,2024,OH,0.0,0.0,0.0,0.0,0.0,1.0,192.0,8879.0,2389.0,222.0,359362569.0,430628553.0,1.0,0.0,"Scioto County, Ohio",1,official_seed_report_only
39147,2024,OH,0.0,0.0,0.0,0.0,0.0,1.0,24.0,345.0,158.0,4.0,6123935.0,5622268.0,0.0,0.0,"Seneca County, Ohio",1,official_seed_report_only
39151,2024,OH,0.0,0.0,0.0,0.0,0.0,3.0,254.0,2766.0,254.0,134.0,58176689.0,28683713.0,0.0,0.0,"Stark County, Ohio",1,official_seed_report_only
39153,2024,OH,0.0,0.0,0.0,0.0,0.0,2.0,319.0,1791.0,614.0,88.0,78721869.0,30643804.0,0.0,0.0,"Summit County, Ohio",1,official_seed_report_only
39157,2024,OH,0.0,0.0,0.0,0.0,0.0,1.0,25.0,116.0,48.0,2.0,22010076.0,22415394.0,0.0,1.0,"Tuscarawas County, Ohio",1,official_seed_report_only
39165,2024,OH,0.0,0.0,0.0,0.0,0.0,1.0,32.0,1310.0,78.0,6.0,12791285.0,36659705.0,0.0,0.0,"Warren County, Ohio",1,official_seed_report_only
39173,2024,OH,0.0,0.0,0.0,0.0,0.0,1.0,99.0,2307.0,595.0,39.0,93158268.0,112318924.0,0.0,0.0,"Wood County, Ohio",1,official_seed_report_only
40001,2024,OK,0.0,0.0,0.0,0.0,0.0,1.0,30.0,355.0,122.0,139.0,10757372.0,10747643.0,0.0,0.0,"Adair County, Oklahoma",1,official_seed_report_only
40007,2024,OK,0.0,0.0,0.0,0.0,0.0,1.0,24.0,53.0,36.0,4.0,6324468.0,4669057.0,0.0,1.0,"Beaver County, Oklahoma",1,official_seed_report_only
40009,2024,OK,0.0,0.0,0.0,0.0,0.0,1.0,42.0,913.0,303.0,244.0,46476054.0,52528748.0,0.0,0.0,"Beckham County, Oklahoma",1,official_seed_report_only
40011,2024,OK,0.0,0.0,0.0,0.0,0.0,2.0,42.0,134.0,63.0,23.0,18628218.0,16949648.0,0.0,2.0,"Blaine County, Oklahoma",1,official_seed_report_only
40015,2024,OK,0.0,0.0,0.0,0.0,0.0,1.0,17.0,200.0,114.0,28.0,23096601.0,22702432.0,0.0,1.0,"Caddo County, Oklahoma",1,official_seed_report_only
40017,2024,OK,0.0,0.0,0.0,0.0,0.0,1.0,66.0,3955.0,1039.0,1064.0,70104611.0,88411303.0,0.0,0.0,"Canadian County, Oklahoma",1,official_seed_report_only
40019,2024,OK,0.0,0.0,0.0,0.0,0.0,2.0,162.0,6759.0,2221.0,1225.0,159275457.0,192192976.0,0.0,1.0,"Carter County, Oklahoma",1,official_seed_report_only
40021,2024,OK,0.0,0.0,0.0,0.0,0.0,1.0,80.0,3373.0,1061.0,918.0,140887074.0,135057913.0,0.0,0.0,"Cherokee County, Oklahoma",1,official_seed_report_only
40023,2024,OK,0.0,0.0,0.0,0.0,0.0,1.0,34.0,301.0,176.0,32.0,9134335.0,7405209.0,0.0,0.0,"Choctaw County, Oklahoma",1,official_seed_report_only
40027,2024,OK,0.0,0.0,0.0,0.0,0.0,3.0,442.0,17958.0,4656.0,5266.0,387853879.0,560558646.0,2.0,0.0,"Cleveland County, Oklahoma",1,official_seed_report_only
40029,2024,OK,0.0,0.0,0.0,0.0,0.0,1.0,20.0,72.0,64.0,8.0,9185870.0,6916940.0,0.0,1.0,"Coal County, Oklahoma",1,official_seed_report_only
40031,2024,OK,0.0,0.0,0.0,0.0,0.0,1.0,14.0,423.0,16.0,242.0,3647951.0,7164797.0,0.0,0.0,"Comanche County, Oklahoma",1,official_seed_report_only
40035,2024,OK,0.0,0.0,0.0,0.0,0.0,1.0,35.0,859.0,355.0,133.0,22127525.0,24679516.0,0.0,0.0,"Craig County, Oklahoma",1,official_seed_report_only
40037,2024,OK,0.0,0.0,0.0,0.0,0.0,1.0,25.0,380.0,98.0,74.0,24283182.0,28070116.0,0.0,1.0,"Creek County, Oklahoma",1,official_seed_report_only
40041,2024,OK,0.0,0.0,0.0,0.0,0.0,1.0,41.0,1439.0,433.0,318.0,54710725.0,52653490.0,0.0,0.0,"Delaware County, Oklahoma",1,official_seed_report_only
40043,2024,OK,0.0,0.0,0.0,0.0,0.0,1.0,18.0,68.0,47.0,4.0,11874374.0,11624707.0,0.0,1.0,"Dewey County, Oklahoma",1,official_seed_report_only
40047,2024,OK,0.0,0.0,0.0,0.0,0.0,1.0,110.0,3177.0,832.0,934.0,94994332.0,105045998.0,1.0,0.0,"Garfield County, Oklahoma",1,official_seed_report_only
40049,2024,OK,0.0,0.0,0.0,0.0,0.0,1.0,26.0,614.0,0.0,466.0,15115034.0,19587670.0,0.0,0.0,"Garvin County, Oklahoma",1,official_seed_report_only
40057,2024,OK,0.0,0.0,0.0,0.0,0.0,1.0,22.0,93.0,57.0,9.0,6784648.0,6024722.0,0.0,1.0,"Harmon County, Oklahoma",1,official_seed_report_only
40063,2024,OK,0.0,0.0,0.0,0.0,0.0,1.0,25.0,235.0,105.0,36.0,17658781.0,17064083.0,0.0,1.0,"Hughes County, Oklahoma",1,official_seed_report_only
40065,2024,OK,0.0,0.0,0.0,0.0,0.0,1.0,49.0,1746.0,708.0,460.0,59434502.0,80054049.0,0.0,0.0,"Jackson County, Oklahoma",1,official_seed_report_only
40067,2024,OK,0.0,0.0,0.0,0.0,0.0,1.0,25.0,17.0,9.0,0.0,43596474.0,39161592.0,0.0,1.0,"Jefferson County, Oklahoma",1,official_seed_report_only
40069,2024,OK,0.0,0.0,0.0,0.0,0.0,1.0,25.0,80.0,37.0,7.0,11778083.0,9954522.0,0.0,1.0,"Johnston County, Oklahoma",1,official_seed_report_only
40073,2024,OK,0.0,0.0,0.0,0.0,0.0,1.0,25.0,156.0,79.0,16.0,19180408.0,17210667.0,0.0,1.0,"Kingfisher County, Oklahoma",1,official_seed_report_only
40075,2024,OK,0.0,0.0,0.0,0.0,0.0,1.0,25.0,270.0,118.0,55.0,9620245.0,9621289.0,0.0,0.0,"Kiowa County, Oklahoma",1,official_seed_report_only
40079,2024,OK,0.0,0.0,0.0,0.0,0.0,1.0,25.0,349.0,140.0,71.0,22903868.0,18677052.0,0.0,1.0,"Le Flore County, Oklahoma",1,official_seed_report_only
40083,2024,OK,0.0,0.0,0.0,0.0,0.0,1.0,25.0,214.0,70.0,21.0,25747666.0,25023115.0,0.0,1.0,"Logan County, Oklahoma",1,official_seed_report_only
40085,2024,OK,0.0,0.0,0.0,0.0,0.0,1.0,25.0,83.0,45.0,5.0,17150207.0,11329730.0,0.0,1.0,"Love County, Oklahoma",1,official_seed_report_only
40093,2024,OK,0.0,0.0,0.0,0.0,0.0,1.0,25.0,110.0,63.0,9.0,8150024.0,7643327.0,0.0,1.0,"Major County, Oklahoma",1,official_seed_report_only
40095,2024,OK,0.0,0.0,0.0,0.0,0.0,1.0,25.0,121.0,32.0,14.0,19934822.0,20758154.0,0.0,1.0,"Marshall County, Oklahoma",1,official_seed_report_only
40097,2024,OK,0.0,0.0,0.0,0.0,0.0,1.0,21.0,436.0,180.0,69.0,30888076.0,34123322.0,0.0,0.0,"Mayes County, Oklahoma",1,official_seed_report_only
40087,2024,OK,0.0,0.0,0.0,0.0,0.0,1.0,10.0,241.0,118.0,20.0,10779688.0,10232784.0,0.0,0.0,"McClain County, Oklahoma",1,official_seed_report_only
40089,2024,OK,0.0,0.0,0.0,0.0,0.0,1.0,25.0,791.0,339.0,0.0,23959747.0,23704458.0,0.0,1.0,"McCurtain County, Oklahoma",1,official_seed_report_only
40101,2024,OK,0.0,0.0,0.0,0.0,0.0,2.0,300.0,10030.0,3316.0,2439.0,185773536.0,240492502.0,0.0,0.0,"Muskogee County, Oklahoma",1,official_seed_report_only
40105,2024,OK,0.0,0.0,0.0,0.0,0.0,1.0,25.0,127.0,64.0,11.0,5824303.0,5559653.0,0.0,1.0,"Nowata County, Oklahoma",1,official_seed_report_only
40109,2024,OK,0.0,0.0,0.0,0.0,0.0,10.0,1425.0,62504.0,17308.0,14675.0,2012533869.0,2391922421.0,2.0,0.0,"Oklahoma County, Oklahoma",1,official_seed_report_only
40115,2024,OK,0.0,0.0,0.0,0.0,0.0,1.0,36.0,1131.0,295.0,294.0,53883858.0,40986682.0,0.0,0.0,"Ottawa County, Oklahoma",1,official_seed_report_only
40121,2024,OK,0.0,0.0,0.0,0.0,0.0,2.0,119.0,3054.0,978.0,1099.0,76263236.0,83942398.0,1.0,0.0,"Pittsburg County, Oklahoma",1,official_seed_report_only
40123,2024,OK,0.0,0.0,0.0,0.0,0.0,1.0,108.0,4472.0,1434.0,564.0,119466535.0,127177278.0,0.0,0.0,"Pontotoc County, Oklahoma",1,official_seed_report_only
40125,2024,OK,0.0,0.0,0.0,0.0,0.0,1.0,26.0,293.0,144.0,66.0,12776635.0,10483250.0,0.0,0.0,"Pottawatomie County, Oklahoma",1,official_seed_report_only
40127,2024,OK,0.0,0.0,0.0,0.0,0.0,1.0,25.0,379.0,169.0,55.0,5368082.0,4671989.0,0.0,0.0,"Pushmataha County, Oklahoma",1,official_seed_report_only
40129,2024,OK,0.0,0.0,0.0,0.0,0.0,1.0,15.0,278.0,152.0,44.0,9111156.0,7804550.0,0.0,1.0,"Roger Mills County, Oklahoma",1,official_seed_report_only
40135,2024,OK,0.0,0.0,0.0,0.0,0.0,1.0,41.0,434.0,167.0,56.0,13983277.0,15790562.0,0.0,0.0,"Sequoyah County, Oklahoma",1,official_seed_report_only
40137,2024,OK,0.0,0.0,0.0,0.0,0.0,1.0,86.0,3992.0,1652.0,894.0,104112971.0,131592887.0,0.0,0.0,"Stephens County, Oklahoma",1,official_seed_report_only
40139,2024,OK,0.0,0.0,0.0,0.0,0.0,1.0,6.0,132.0,74.0,14.0,9851499.0,12305046.0,0.0,1.0,"Texas County, Oklahoma",1,official_seed_report_only
40143,2024,OK,0.0,0.0,0.0,0.0,0.0,14.0,2518.0,121065.0,26344.0,33368.0,2640738587.0,3480882998.0,5.0,0.0,"Tulsa County, Oklahoma",1,official_seed_report_only
40147,2024,OK,0.0,0.0,0.0,0.0,0.0,1.0,81.0,4568.0,1603.0,641.0,104761987.0,124002268.0,1.0,0.0,"Washington County, Oklahoma",1,official_seed_report_only
40149,2024,OK,0.0,0.0,0.0,0.0,0.0,1.0,14.0,130.0,67.0,11.0,8230656.0,7223652.0,0.0,1.0,"Washita County, Oklahoma",1,official_seed_report_only
40151,2024,OK,0.0,0.0,0.0,0.0,0.0,1.0,25.0,165.0,112.0,14.0,14577331.0,12064172.0,0.0,1.0,"Woods County, Oklahoma",1,official_seed_report_only
40153,2024,OK,0.0,0.0,0.0,0.0,0.0,1.0,24.0,261.0,17.0,138.0,6663154.0,4790803.0,0.0,0.0,"Woodward County, Oklahoma",1,official_seed_report_only
41001,2024,OR,0.0,0.0,0.0,0.0,0.0,1.0,21.0,471.0,212.0,80.0,30595217.0,33573348.0,0.0,1.0,"Baker County, Oregon",1,official_seed_report_only
41005,2024,OR,0.0,0.0,0.0,0.0,0.0,1.0,110.0,6981.0,1622.0,959.0,251416011.0,287861598.0,0.0,0.0,"Clackamas County, Oregon",1,official_seed_report_only
41011,2024,OR,0.0,0.0,0.0,0.0,0.0,3.0,178.0,7431.0,2828.0,176.0,277851008.0,261160929.0,1.0,2.0,"Coos County, Oregon",1,official_seed_report_only
41015,2024,OR,0.0,0.0,0.0,0.0,0.0,1.0,16.0,522.0,301.0,9.0,63342578.0,69853654.0,0.0,1.0,"Curry County, Oregon",1,official_seed_report_only
41019,2024,OR,0.0,0.0,0.0,0.0,0.0,2.0,178.0,7463.0,1535.0,227.0,256609065.0,297308668.0,1.0,1.0,"Douglas County, Oregon",1,official_seed_report_only
41023,2024,OR,0.0,0.0,0.0,0.0,0.0,1.0,16.0,192.0,79.0,0.0,27255827.0,27448103.0,0.0,1.0,"Grant County, Oregon",1,official_seed_report_only
41025,2024,OR,0.0,0.0,0.0,0.0,0.0,1.0,24.0,286.0,144.0,2.0,33777407.0,34450690.0,0.0,1.0,"Harney County, Oregon",1,official_seed_report_only
41037,2024,OR,0.0,0.0,0.0,0.0,0.0,1.0,24.0,344.0,165.0,57.0,40472618.0,33664215.0,0.0,1.0,"Lake County, Oregon",1,official_seed_report_only
41039,2024,OR,0.0,0.0,0.0,0.0,0.0,3.0,389.0,25174.0,4685.0,473.0,876650963.0,1107421079.0,0.0,2.0,"Lane County, Oregon",1,official_seed_report_only
41045,2024,OR,0.0,0.0,0.0,0.0,0.0,1.0,35.0,1654.0,322.0,777.0,59189469.0,71563909.0,0.0,0.0,"Malheur County, Oregon",1,official_seed_report_only
41047,2024,OR,0.0,0.0,0.0,0.0,0.0,3.0,1143.0,27504.0,4344.0,7023.0,1242145294.0,1221141828.0,0.0,0.0,"Marion County, Oregon",1,official_seed_report_only
41049,2024,OR,0.0,0.0,0.0,0.0,0.0,1.0,21.0,38.0,23.0,3.0,20793155.0,14476375.0,0.0,1.0,"Morrow County, Oregon",1,official_seed_report_only
41051,2024,OR,0.0,0.0,0.0,0.0,0.0,5.0,1299.0,93476.0,8834.0,12397.0,4066791694.0,4616777494.0,3.0,0.0,"Multnomah County, Oregon",1,official_seed_report_only
41053,2024,OR,0.0,0.0,0.0,0.0,0.0,1.0,25.0,37.0,13.0,7.0,53051534.0,92016372.0,0.0,1.0,"Polk County, Oregon",1,official_seed_report_only
41059,2024,OR,0.0,0.0,0.0,0.0,0.0,2.0,50.0,3263.0,1036.0,86.0,231151624.0,288597833.0,0.0,2.0,"Umatilla County, Oregon",1,official_seed_report_only
41061,2024,OR,0.0,0.0,0.0,0.0,0.0,1.0,25.0,1557.0,598.0,28.0,121993936.0,146257216.0,0.0,1.0,"Union County, Oregon",1,official_seed_report_only
41063,2024,OR,0.0,0.0,0.0,0.0,0.0,1.0,23.0,325.0,178.0,0.0,37302796.0,37559956.0,0.0,1.0,"Wallowa County, Oregon",1,official_seed_report_only
41067,2024,OR,0.0,0.0,0.0,0.0,0.0,1.0,113.0,6298.0,922.0,34.0,239358370.0,293286709.0,1.0,0.0,"Washington County, Oregon",1,official_seed_report_only
42001,2024,PA,0.0,0.0,0.0,0.0,0.0,1.0,76.0,4930.0,1787.0,105.0,182611788.0,347812458.0,0.0,0.0,"Adams County, Pennsylvania",1,official_seed_report_only
42003,2024,PA,0.0,0.0,0.0,0.0,0.0,22.0,5411.0,200682.0,32283.0,2741.0,7493471871.0,9577641272.0,11.0,0.0,"Allegheny County, Pennsylvania",1,official_seed_report_only
42005,2024,PA,0.0,0.0,0.0,0.0,0.0,1.0,66.0,2691.0,455.0,23.0,115716095.0,127048918.0,0.0,0.0,"Armstrong County, Pennsylvania",1,official_seed_report_only
42007,2024,PA,0.0,0.0,0.0,0.0,0.0,2.0,183.0,8160.0,1410.0,51.0,224313722.0,217084290.0,1.0,0.0,"Beaver County, Pennsylvania",1,official_seed_report_only
42009,2024,PA,0.0,0.0,0.0,0.0,0.0,2.0,288.0,15560.0,3708.0,65.0,426988206.0,591217141.0,1.0,0.0,"Bedford County, Pennsylvania",1,official_seed_report_only
42011,2024,PA,0.0,0.0,0.0,0.0,0.0,4.0,635.0,12396.0,3217.0,164.0,413848778.0,427677862.0,1.0,0.0,"Berks County, Pennsylvania",1,official_seed_report_only
42013,2024,PA,0.0,0.0,0.0,0.0,0.0,4.0,465.0,18841.0,4156.0,362.0,512921559.0,675426269.0,1.0,1.0,"Blair County, Pennsylvania",1,official_seed_report_only
42015,2024,PA,0.0,0.0,0.0,0.0,0.0,1.0,25.0,552.0,205.0,2.0,24609234.0,34275490.0,0.0,1.0,"Bradford County, Pennsylvania",1,official_seed_report_only
42017,2024,PA,0.0,0.0,0.0,0.0,0.0,5.0,871.0,46317.0,15520.0,1242.0,1059723403.0,1162097344.0,3.0,0.0,"Bucks County, Pennsylvania",1,official_seed_report_only
42019,2024,PA,0.0,0.0,0.0,0.0,0.0,1.0,273.0,9650.0,1420.0,398.0,247619591.0,293281936.0,0.0,0.0,"Butler County, Pennsylvania",1,official_seed_report_only
42021,2024,PA,0.0,0.0,0.0,0.0,0.0,3.0,324.0,13710.0,2327.0,177.0,307966526.0,276535816.0,1.0,1.0,"Cambria County, Pennsylvania",1,official_seed_report_only
42025,2024,PA,0.0,0.0,0.0,0.0,0.0,1.0,52.0,3563.0,1430.0,35.0,74955907.0,98253096.0,1.0,0.0,"Carbon County, Pennsylvania",1,official_seed_report_only
42027,2024,PA,0.0,0.0,0.0,0.0,0.0,3.0,413.0,14002.0,3326.0,306.0,384710152.0,535371080.0,1.0,0.0,"Centre County, Pennsylvania",1,official_seed_report_only
42029,2024,PA,0.0,0.0,0.0,0.0,0.0,4.0,848.0,46509.0,14555.0,1716.0,1066070554.0,1165084239.0,2.0,0.0,"Chester County, Pennsylvania",1,official_seed_report_only
42031,2024,PA,0.0,0.0,0.0,0.0,0.0,2.0,171.0,3202.0,381.0,230.0,72703721.0,80242561.0,1.0,0.0,"Clarion County, Pennsylvania",1,official_seed_report_only
42033,2024,PA,0.0,0.0,0.0,0.0,0.0,1.0,261.0,10409.0,2377.0,149.0,353010238.0,476408153.0,1.0,0.0,"Clearfield County, Pennsylvania",1,official_seed_report_only
42035,2024,PA,0.0,0.0,0.0,0.0,0.0,1.0,16.0,19.0,1.0,0.0,9000586.0,7661828.0,0.0,1.0,"Clinton County, Pennsylvania",1,official_seed_report_only
42037,2024,PA,0.0,0.0,0.0,0.0,0.0,1.0,40.0,3356.0,524.0,70.0,63084301.0,170010263.0,1.0,0.0,"Columbia County, Pennsylvania",1,official_seed_report_only
42039,2024,PA,0.0,0.0,0.0,0.0,0.0,2.0,225.0,6126.0,1608.0,78.0,243230321.0,313548610.0,1.0,1.0,"Crawford County, Pennsylvania",1,official_seed_report_only
42041,2024,PA,0.0,0.0,0.0,0.0,0.0,5.0,544.0,22229.0,6724.0,319.0,618759942.0,733455721.0,1.0,0.0,"Cumberland County, Pennsylvania",1,official_seed_report_only
42043,2024,PA,0.0,0.0,0.0,0.0,0.0,5.0,1401.0,66173.0,13807.0,1551.0,2824649536.0,3782711513.0,3.0,0.0,"Dauphin County, Pennsylvania",1,official_seed_report_only
42045,2024,PA,0.0,0.0,0.0,0.0,0.0,2.0,383.0,17538.0,5220.0,412.0,419003271.0,475305846.0,1.0,0.0,"Delaware County, Pennsylvania",1,official_seed_report_only
42047,2024,PA,0.0,0.0,0.0,0.0,0.0,1.0,25.0,897.0,335.0,94.0,55242812.0,66962910.0,0.0,1.0,"Elk County, Pennsylvania",1,official_seed_report_only
42049,2024,PA,0.0,0.0,0.0,0.0,0.0,6.0,975.0,34364.0,7789.0,478.0,976553675.0,1166401569.0,4.0,1.0,"Erie County, Pennsylvania",1,official_seed_report_only
42051,2024,PA,0.0,0.0,0.0,0.0,0.0,1.0,61.0,1204.0,121.0,43.0,32259684.0,32283226.0,0.0,0.0,"Fayette County, Pennsylvania",1,official_seed_report_only
42055,2024,PA,0.0,0.0,0.0,0.0,0.0,2.0,288.0,14045.0,4712.0,323.0,403235741.0,565131677.0,1.0,0.0,"Franklin County, Pennsylvania",1,official_seed_report_only
42057,2024,PA,0.0,0.0,0.0,0.0,0.0,1.0,21.0,353.0,108.0,0.0,40941813.0,50165188.0,0.0,1.0,"Fulton County, Pennsylvania",1,official_seed_report_only
42059,2024,PA,0.0,0.0,0.0,0.0,0.0,1.0,18.0,286.0,80.0,5.0,16952705.0,18760656.0,0.0,0.0,"Greene County, Pennsylvania",1,official_seed_report_only
42061,2024,PA,0.0,0.0,0.0,0.0,0.0,1.0,89.0,1987.0,462.0,47.0,57725619.0,59524675.0,0.0,0.0,"Huntingdon County, Pennsylvania",1,official_seed_report_only
42063,2024,PA,0.0,0.0,0.0,0.0,0.0,1.0,134.0,4636.0,959.0,40.0,176135644.0,205131930.0,1.0,0.0,"Indiana County, Pennsylvania",1,official_seed_report_only
42065,2024,PA,0.0,0.0,0.0,0.0,0.0,2.0,69.0,1414.0,377.0,18.0,72401843.0,87903677.0,0.0,1.0,"Jefferson County, Pennsylvania",1,official_seed_report_only
42069,2024,PA,0.0,0.0,0.0,0.0,0.0,5.0,767.0,27423.0,8936.0,2037.0,822888373.0,907363666.0,3.0,0.0,"Lackawanna County, Pennsylvania",1,official_seed_report_only
42071,2024,PA,0.0,0.0,0.0,0.0,0.0,5.0,997.0,45664.0,11396.0,976.0,1618666061.0,2052204082.0,2.0,0.0,"Lancaster County, Pennsylvania",1,official_seed_report_only
42073,2024,PA,0.0,0.0,0.0,0.0,0.0,1.0,134.0,5176.0,1071.0,59.0,131298340.0,129168144.0,1.0,0.0,"Lawrence County, Pennsylvania",1,official_seed_report_only
42075,2024,PA,0.0,0.0,0.0,0.0,0.0,2.0,289.0,9471.0,1881.0,123.0,269332312.0,383454432.0,1.0,0.0,"Lebanon County, Pennsylvania",1,official_seed_report_only
42077,2024,PA,0.0,0.0,0.0,0.0,0.0,4.0,1997.0,91012.0,24488.0,4030.0,3047130444.0,4439177221.0,3.0,0.0,"Lehigh County, Pennsylvania",1,official_seed_report_only
42079,2024,PA,0.0,0.0,0.0,0.0,0.0,5.0,672.0,33274.0,10052.0,1721.0,1122461756.0,1433726814.0,4.0,0.0,"Luzerne County, Pennsylvania",1,official_seed_report_only
42081,2024,PA,0.0,0.0,0.0,0.0,0.0,4.0,292.0,13416.0,3716.0,253.0,561755130.0,667277909.0,1.0,2.0,"Lycoming County, Pennsylvania",1,official_seed_report_only
42083,2024,PA,0.0,0.0,0.0,0.0,0.0,1.0,18.0,236.0,149.0,2.0,22227471.0,21140606.0,0.0,0.0,"McKean County, Pennsylvania",1,official_seed_report_only
42085,2024,PA,0.0,0.0,0.0,0.0,0.0,3.0,307.0,9054.0,1968.0,416.0,321522789.0,352572563.0,1.0,0.0,"Mercer County, Pennsylvania",1,official_seed_report_only
42087,2024,PA,0.0,0.0,0.0,0.0,0.0,1.0,133.0,6804.0,1233.0,115.0,195205549.0,255999331.0,1.0,0.0,"Mifflin County, Pennsylvania",1,official_seed_report_only
42089,2024,PA,0.0,0.0,0.0,0.0,0.0,2.0,371.0,14953.0,4504.0,548.0,457501037.0,614110473.0,1.0,0.0,"Monroe County, Pennsylvania",1,official_seed_report_only
42091,2024,PA,0.0,0.0,0.0,0.0,0.0,15.0,3448.0,147321.0,38245.0,4437.0,3654102209.0,4166166401.0,7.0,0.0,"Montgomery County, Pennsylvania",1,official_seed_report_only
42093,2024,PA,0.0,0.0,0.0,0.0,0.0,3.0,749.0,32419.0,6396.0,770.0,1366277836.0,1867512375.0,1.0,0.0,"Montour County, Pennsylvania",1,official_seed_report_only
42095,2024,PA,0.0,0.0,0.0,0.0,0.0,2.0,212.0,19748.0,4622.0,1639.0,331086979.0,555306434.0,2.0,0.0,"Northampton County, Pennsylvania",1,official_seed_report_only
42101,2024,PA,0.0,0.0,0.0,0.0,0.0,19.0,6065.0,249221.0,41942.0,10081.0,12260216832.0,15529424065.0,14.0,0.0,"Philadelphia County, Pennsylvania",1,official_seed_report_only
42105,2024,PA,0.0,0.0,0.0,0.0,0.0,1.0,25.0,883.0,287.0,4.0,89129531.0,87733105.0,0.0,1.0,"Potter County, Pennsylvania",1,official_seed_report_only
42107,2024,PA,0.0,0.0,0.0,0.0,0.0,3.0,227.0,11465.0,3580.0,477.0,305802338.0,357475699.0,3.0,0.0,"Schuylkill County, Pennsylvania",1,official_seed_report_only
42111,2024,PA,0.0,0.0,0.0,0.0,0.0,3.0,123.0,3503.0,703.0,148.0,139139473.0,154323523.0,0.0,1.0,"Somerset County, Pennsylvania",1,official_seed_report_only
42115,2024,PA,0.0,0.0,0.0,0.0,0.0,1.0,25.0,370.0,193.0,29.0,18033686.0,16280611.0,0.0,1.0,"Susquehanna County, Pennsylvania",1,official_seed_report_only
42117,2024,PA,0.0,0.0,0.0,0.0,0.0,1.0,25.0,1299.0,470.0,14.0,65571895.0,86111109.0,0.0,1.0,"Tioga County, Pennsylvania",1,official_seed_report_only
42119,2024,PA,0.0,0.0,0.0,0.0,0.0,1.0,119.0,5021.0,1498.0,44.0,193799176.0,244902186.0,0.0,0.0,"Union County, Pennsylvania",1,official_seed_report_only
42121,2024,PA,0.0,0.0,0.0,0.0,0.0,1.0,139.0,4557.0,1070.0,50.0,130238031.0,146598613.0,1.0,0.0,"Venango County, Pennsylvania",1,official_seed_report_only
42123,2024,PA,0.0,0.0,0.0,0.0,0.0,2.0,237.0,2442.0,610.0,27.0,140692632.0,86976041.0,0.0,0.0,"Warren County, Pennsylvania",1,official_seed_report_only
42125,2024,PA,0.0,0.0,0.0,0.0,0.0,3.0,477.0,13079.0,2523.0,227.0,396884054.0,435305011.0,1.0,0.0,"Washington County, Pennsylvania",1,official_seed_report_only
42127,2024,PA,0.0,0.0,0.0,0.0,0.0,1.0,58.0,3376.0,978.0,30.0,93846706.0,108525121.0,0.0,0.0,"Wayne County, Pennsylvania",1,official_seed_report_only
42129,2024,PA,0.0,0.0,0.0,0.0,0.0,6.0,868.0,23835.0,3582.0,197.0,647760448.0,609775541.0,1.0,0.0,"Westmoreland County, Pennsylvania",1,official_seed_report_only
42133,2024,PA,0.0,0.0,0.0,0.0,0.0,6.0,801.0,40530.0,11928.0,515.0,1472114227.0,2328310042.0,2.0,0.0,"York County, Pennsylvania",1,official_seed_report_only
72009,2024,PR,0.0,0.0,0.0,0.0,0.0,2.0,186.0,9299.0,672.0,2313.0,85814296.0,100392952.0,0.0,0.0,Aibonito Muno,1,official_seed_report_only
72025,2024,PR,0.0,0.0,0.0,0.0,0.0,1.0,240.0,10534.0,689.0,3490.0,95356224.0,136465909.0,0.0,0.0,Caguas Muno,1,official_seed_report_only
72031,2024,PR,0.0,0.0,0.0,0.0,0.0,1.0,212.0,8989.0,513.0,4037.0,55613149.0,62198817.0,1.0,0.0,Carolina Muno,1,official_seed_report_only
72035,2024,PR,0.0,0.0,0.0,0.0,0.0,1.0,244.0,13437.0,688.0,4860.0,137444387.0,196251723.0,0.0,0.0,Cayey Muno,1,official_seed_report_only
72057,2024,PR,0.0,0.0,0.0,0.0,0.0,1.0,140.0,7067.0,379.0,3091.0,52428635.0,74577237.0,0.0,0.0,Guayama Muno,1,official_seed_report_only
72061,2024,PR,0.0,0.0,0.0,0.0,0.0,1.0,49.0,2333.0,153.0,126.0,22526020.0,25843703.0,0.0,0.0,Guaynabo Muno,1,official_seed_report_only
72069,2024,PR,0.0,0.0,0.0,0.0,0.0,1.0,73.0,5117.0,339.0,1878.0,33402153.0,57475636.0,0.0,0.0,Humacao Muno,1,official_seed_report_only
72091,2024,PR,0.0,0.0,0.0,0.0,0.0,1.0,42.0,1346.0,131.0,0.0,13054510.0,18236115.0,0.0,0.0,Manatí Muno,1,official_seed_report_only
72097,2024,PR,0.0,0.0,0.0,0.0,0.0,1.0,0.0,0.0,0.0,0.0,0.0,0.0,0.0,0.0,Mayagüez Muno,1,official_seed_report_only
72113,2024,PR,0.0,0.0,0.0,0.0,0.0,1.0,137.0,4794.0,321.0,1809.0,34393916.0,40896572.0,0.0,0.0,Ponce Muno,1,official_seed_report_only
72127,2024,PR,0.0,0.0,0.0,0.0,0.0,6.0,589.0,17415.0,1372.0,1692.0,232620676.0,207857050.0,1.0,0.0,San Juan Muno,1,official_seed_report_only
44007,2024,RI,0.0,0.0,0.0,0.0,0.0,1.0,178.0,160.0,1.0,0.0,111364050.0,0.0,0.0,0.0,"Providence County, Rhode Island",1,official_seed_report_only
45007,2024,SC,0.0,0.0,0.0,0.0,0.0,1.0,30.0,241.0,104.0,0.0,15621511.0,14728304.0,0.0,0.0,"Anderson County, South Carolina",1,official_seed_report_only
45013,2024,SC,0.0,0.0,0.0,0.0,0.0,1.0,93.0,5983.0,2534.0,132.0,108896168.0,182831470.0,0.0,0.0,"Beaufort County, South Carolina",1,official_seed_report_only
45019,2024,SC,0.0,0.0,0.0,0.0,0.0,3.0,1111.0,46677.0,10537.0,2721.0,2956011220.0,3524408304.0,1.0,0.0,"Charleston County, South Carolina",1,official_seed_report_only
45023,2024,SC,0.0,0.0,0.0,0.0,0.0,1.0,16.0,866.0,152.0,50.0,75029913.0,63714807.0,0.0,0.0,"Chester County, South Carolina",1,official_seed_report_only
45035,2024,SC,0.0,0.0,0.0,0.0,0.0,1.0,368.0,24018.0,5532.0,2232.0,479991130.0,685856380.0,1.0,0.0,"Dorchester County, South Carolina",1,official_seed_report_only
45041,2024,SC,0.0,0.0,0.0,0.0,0.0,1.0,187.0,11835.0,2591.0,449.0,281692138.0,323463263.0,0.0,0.0,"Florence County, South Carolina",1,official_seed_report_only
45045,2024,SC,0.0,0.0,0.0,0.0,0.0,1.0,322.0,20309.0,5048.0,502.0,623055523.0,773956134.0,0.0,0.0,"Greenville County, South Carolina",1,official_seed_report_only
45051,2024,SC,0.0,0.0,0.0,0.0,0.0,1.0,346.0,23222.0,7249.0,836.0,401201554.0,683167041.0,1.0,0.0,"Horry County, South Carolina",1,official_seed_report_only
45055,2024,SC,0.0,0.0,0.0,0.0,0.0,1.0,99.0,3374.0,909.0,126.0,110662446.0,94168055.0,0.0,0.0,"Kershaw County, South Carolina",1,official_seed_report_only
45057,2024,SC,0.0,0.0,0.0,0.0,0.0,1.0,78.0,4939.0,1109.0,328.0,158540911.0,180008766.0,0.0,0.0,"Lancaster County, South Carolina",1,official_seed_report_only
45067,2024,SC,0.0,0.0,0.0,0.0,0.0,1.0,36.0,1075.0,250.0,36.0,36950301.0,33385770.0,0.0,0.0,"Marion County, South Carolina",1,official_seed_report_only
45071,2024,SC,0.0,0.0,0.0,0.0,0.0,1.0,48.0,1249.0,503.0,130.0,56270999.0,54605918.0,0.0,0.0,"Newberry County, South Carolina",1,official_seed_report_only
45075,2024,SC,0.0,0.0,0.0,0.0,0.0,1.0,0.0,0.0,0.0,0.0,0.0,0.0,0.0,0.0,"Orangeburg County, South Carolina",1,official_seed_report_only
45079,2024,SC,0.0,0.0,0.0,0.0,0.0,3.0,808.0,10509.0,2881.0,313.0,457236903.0,357277045.0,0.0,0.0,"Richland County, South Carolina",1,official_seed_report_only
45089,2024,SC,0.0,0.0,0.0,0.0,0.0,1.0,25.0,1195.0,310.0,56.0,33033745.0,29940069.0,0.0,0.0,"Williamsburg County, South Carolina",1,official_seed_report_only
45091,2024,SC,0.0,0.0,0.0,0.0,0.0,2.0,424.0,16752.0,4627.0,366.0,356537573.0,511872252.0,0.0,0.0,"York County, South Carolina",1,official_seed_report_only
46005,2024,SD,0.0,0.0,0.0,0.0,0.0,1.0,25.0,950.0,391.0,184.0,44634224.0,50584136.0,0.0,1.0,"Beadle County, South Dakota",1,official_seed_report_only
46009,2024,SD,0.0,0.0,0.0,0.0,0.0,2.0,45.0,147.0,84.0,4.0,15094779.0,16075707.0,0.0,2.0,"Bon Homme County, South Dakota",1,official_seed_report_only
46013,2024,SD,0.0,0.0,0.0,0.0,0.0,1.0,50.0,3087.0,1576.0,229.0,131453182.0,201274799.0,0.0,0.0,"Brown County, South Dakota",1,official_seed_report_only
46023,2024,SD,0.0,0.0,0.0,0.0,0.0,2.0,32.0,293.0,172.0,35.0,31025163.0,35465632.0,0.0,2.0,"Charles Mix County, South Dakota",1,official_seed_report_only
46029,2024,SD,0.0,0.0,0.0,0.0,0.0,1.0,81.0,2352.0,1062.0,215.0,95484519.0,138179829.0,0.0,0.0,"Codington County, South Dakota",1,official_seed_report_only
46033,2024,SD,0.0,0.0,0.0,0.0,0.0,1.0,12.0,349.0,171.0,15.0,20874012.0,29050691.0,0.0,1.0,"Custer County, South Dakota",1,official_seed_report_only
46035,2024,SD,0.0,0.0,0.0,0.0,0.0,1.0,25.0,1750.0,723.0,173.0,82265554.0,127479117.0,0.0,1.0,"Davison County, South Dakota",1,official_seed_report_only
46043,2024,SD,0.0,0.0,0.0,0.0,0.0,1.0,11.0,118.0,91.0,2.0,9125925.0,12492215.0,0.0,1.0,"Douglas County, South Dakota",1,official_seed_report_only
46045,2024,SD,0.0,0.0,0.0,0.0,0.0,1.0,12.0,100.0,79.0,0.0,10270686.0,10346148.0,0.0,1.0,"Edmunds County, South Dakota",1,official_seed_report_only
46051,2024,SD,0.0,0.0,0.0,0.0,0.0,1.0,25.0,294.0,181.0,16.0,19850133.0,23388804.0,0.0,1.0,"Grant County, South Dakota",1,official_seed_report_only
46053,2024,SD,0.0,0.0,0.0,0.0,0.0,1.0,13.0,270.0,187.0,19.0,22083302.0,21227507.0,0.0,1.0,"Gregory County, South Dakota",1,official_seed_report_only
46059,2024,SD,0.0,0.0,0.0,0.0,0.0,1.0,25.0,159.0,119.0,4.0,8092938.0,10474100.0,0.0,1.0,"Hand County, South Dakota",1,official_seed_report_only
46065,2024,SD,0.0,0.0,0.0,0.0,0.0,1.0,50.0,1641.0,644.0,348.0,83830225.0,115631446.0,1.0,0.0,"Hughes County, South Dakota",1,official_seed_report_only
46067,2024,SD,0.0,0.0,0.0,0.0,0.0,1.0,25.0,370.0,202.0,21.0,21496377.0,29094393.0,0.0,1.0,"Hutchinson County, South Dakota",1,official_seed_report_only
46073,2024,SD,0.0,0.0,0.0,0.0,0.0,1.0,16.0,84.0,53.0,5.0,4513364.0,5470800.0,0.0,1.0,"Jerauld County, South Dakota",1,official_seed_report_only
46077,2024,SD,0.0,0.0,0.0,0.0,0.0,1.0,6.0,60.0,47.0,0.0,6536121.0,8254620.0,0.0,1.0,"Kingsbury County, South Dakota",1,official_seed_report_only
46079,2024,SD,0.0,0.0,0.0,0.0,0.0,1.0,22.0,445.0,252.0,18.0,27026101.0,34573496.0,0.0,1.0,"Lake County, South Dakota",1,official_seed_report_only
46081,2024,SD,0.0,0.0,0.0,0.0,0.0,2.0,42.0,1611.0,501.0,158.0,103033162.0,142187185.0,0.0,1.0,"Lawrence County, South Dakota",1,official_seed_report_only
46083,2024,SD,0.0,0.0,0.0,0.0,0.0,1.0,53.0,2858.0,1603.0,82.0,125551731.0,166625346.0,0.0,0.0,"Lincoln County, South Dakota",1,official_seed_report_only
46091,2024,SD,0.0,0.0,0.0,0.0,0.0,1.0,20.0,144.0,96.0,0.0,10093775.0,10564402.0,0.0,1.0,"Marshall County, South Dakota",1,official_seed_report_only
46089,2024,SD,0.0,0.0,0.0,0.0,0.0,1.0,4.0,53.0,39.0,2.0,4451340.0,4846608.0,0.0,1.0,"McPherson County, South Dakota",1,official_seed_report_only
46093,2024,SD,0.0,0.0,0.0,0.0,0.0,1.0,25.0,474.0,240.0,17.0,31851384.0,38384379.0,0.0,1.0,"Meade County, South Dakota",1,official_seed_report_only
46099,2024,SD,0.0,0.0,0.0,0.0,0.0,4.0,596.0,26687.0,7200.0,4385.0,920440001.0,1560582918.0,1.0,1.0,"Minnehaha County, South Dakota",1,official_seed_report_only
46101,2024,SD,0.0,0.0,0.0,0.0,0.0,1.0,18.0,144.0,99.0,8.0,9242369.0,10821116.0,0.0,1.0,"Moody County, South Dakota",1,official_seed_report_only
46103,2024,SD,0.0,0.0,0.0,0.0,0.0,2.0,391.0,18416.0,5538.0,3719.0,702911964.0,802389126.0,1.0,0.0,"Pennington County, South Dakota",1,official_seed_report_only
46107,2024,SD,0.0,0.0,0.0,0.0,0.0,1.0,7.0,93.0,74.0,3.0,12119503.0,12124008.0,0.0,1.0,"Potter County, South Dakota",1,official_seed_report_only
46135,2024,SD,0.0,0.0,0.0,0.0,0.0,2.0,110.0,3350.0,1254.0,326.0,103823035.0,191189379.0,0.0,0.0,"Yankton County, South Dakota",1,official_seed_report_only
47001,2024,TN,0.0,0.0,0.0,0.0,0.0,1.0,16.0,478.0,5.0,78.0,15569967.0,10558941.0,0.0,0.0,"Anderson County, Tennessee",1,official_seed_report_only
47003,2024,TN,0.0,0.0,0.0,0.0,0.0,1.0,24.0,1416.0,371.0,65.0,51574565.0,51606603.0,0.0,0.0,"Bedford County, Tennessee",1,official_seed_report_only
47005,2024,TN,0.0,0.0,0.0,0.0,0.0,1.0,25.0,120.0,47.0,0.0,10018984.0,12994662.0,0.0,1.0,"Benton County, Tennessee",1,official_seed_report_only
47007,2024,TN,0.0,0.0,0.0,0.0,0.0,1.0,25.0,147.0,38.0,28.0,17381358.0,23053304.0,0.0,1.0,"Bledsoe County, Tennessee",1,official_seed_report_only
47009,2024,TN,0.0,0.0,0.0,0.0,0.0,1.0,148.0,8532.0,1935.0,0.0,199312289.0,347599704.0,0.0,0.0,"Blount County, Tennessee",1,official_seed_report_only
47011,2024,TN,0.0,0.0,0.0,0.0,0.0,1.0,176.0,8277.0,1663.0,1225.0,143934610.0,162952530.0,0.0,0.0,"Bradley County, Tennessee",1,official_seed_report_only
47013,2024,TN,0.0,0.0,0.0,0.0,0.0,1.0,25.0,11.0,9.0,0.0,23640686.0,0.0,0.0,1.0,"Campbell County, Tennessee",1,official_seed_report_only
47015,2024,TN,0.0,0.0,0.0,0.0,0.0,1.0,21.0,375.0,55.0,0.0,13465778.0,9447814.0,0.0,0.0,"Cannon County, Tennessee",1,official_seed_report_only
47019,2024,TN,0.0,0.0,0.0,0.0,0.0,1.0,29.0,2469.0,544.0,179.0,44678581.0,50242206.0,0.0,0.0,"Carter County, Tennessee",1,official_seed_report_only
47021,2024,TN,0.0,0.0,0.0,0.0,0.0,1.0,0.0,0.0,0.0,0.0,7049687.0,12728984.0,0.0,0.0,"Cheatham County, Tennessee",1,official_seed_report_only
47025,2024,TN,0.0,0.0,0.0,0.0,0.0,1.0,26.0,1085.0,305.0,0.0,31770570.0,33589384.0,0.0,0.0,"Claiborne County, Tennessee",1,official_seed_report_only
47031,2024,TN,0.0,0.0,0.0,0.0,0.0,1.0,76.0,4697.0,1397.0,265.0,94848567.0,84583164.0,0.0,0.0,"Coffee County, Tennessee",1,official_seed_report_only
47035,2024,TN,0.0,0.0,0.0,0.0,0.0,1.0,73.0,5088.0,1472.0,0.0,77115172.0,88846138.0,0.0,0.0,"Cumberland County, Tennessee",1,official_seed_report_only
47037,2024,TN,0.0,0.0,0.0,0.0,0.0,7.0,2381.0,112941.0,19666.0,15718.0,4692639866.0,7513336021.0,4.0,0.0,"Davidson County, Tennessee",1,official_seed_report_only
47041,2024,TN,0.0,0.0,0.0,0.0,0.0,1.0,18.0,391.0,134.0,0.0,13401243.0,10885566.0,0.0,0.0,"DeKalb County, Tennessee",1,official_seed_report_only
47043,2024,TN,0.0,0.0,0.0,0.0,0.0,1.0,110.0,6406.0,1432.0,491.0,104965586.0,149059748.0,0.0,0.0,"Dickson County, Tennessee",1,official_seed_report_only
47045,2024,TN,0.0,0.0,0.0,0.0,0.0,1.0,109.0,2749.0,832.0,0.0,57885544.0,60276734.0,0.0,0.0,"Dyer County, Tennessee",1,official_seed_report_only
47053,2024,TN,0.0,0.0,0.0,0.0,0.0,1.0,47.0,424.0,147.0,0.0,14661149.0,16033320.0,0.0,0.0,"Gibson County, Tennessee",1,official_seed_report_only
47059,2024,TN,0.0,0.0,0.0,0.0,0.0,1.0,70.0,4786.0,1063.0,255.0,100878224.0,106446050.0,0.0,0.0,"Greene County, Tennessee",1,official_seed_report_only
47063,2024,TN,0.0,0.0,0.0,0.0,0.0,1.0,100.0,6761.0,1281.0,0.0,109185660.0,137730243.0,0.0,0.0,"Hamblen County, Tennessee",1,official_seed_report_only
47065,2024,TN,0.0,0.0,0.0,0.0,0.0,7.0,1848.0,80983.0,16650.0,8305.0,1928716859.0,2358144404.0,3.0,0.0,"Hamilton County, Tennessee",1,official_seed_report_only
47067,2024,TN,0.0,0.0,0.0,0.0,0.0,1.0,10.0,93.0,34.0,0.0,7052542.0,8242098.0,0.0,1.0,"Hancock County, Tennessee",1,official_seed_report_only
47069,2024,TN,0.0,0.0,0.0,0.0,0.0,2.0,175.0,582.0,15.0,24.0,55473665.0,12053161.0,0.0,1.0,"Hardeman County, Tennessee",1,official_seed_report_only
47071,2024,TN,0.0,0.0,0.0,0.0,0.0,1.0,49.0,1469.0,348.0,291.0,46035780.0,52177304.0,0.0,0.0,"Hardin County, Tennessee",1,official_seed_report_only
47073,2024,TN,0.0,0.0,0.0,0.0,0.0,1.0,6.0,290.0,61.0,18.0,13140608.0,14142768.0,0.0,0.0,"Hawkins County, Tennessee",1,official_seed_report_only
47079,2024,TN,0.0,0.0,0.0,0.0,0.0,1.0,33.0,1603.0,556.0,339.0,69127582.0,89334366.0,0.0,0.0,"Henry County, Tennessee",1,official_seed_report_only
47081,2024,TN,0.0,0.0,0.0,0.0,0.0,1.0,25.0,38.0,16.0,0.0,17012118.0,13483810.0,0.0,1.0,"Hickman County, Tennessee",1,official_seed_report_only
47085,2024,TN,0.0,0.0,0.0,0.0,0.0,1.0,25.0,249.0,157.0,11.0,12870743.0,12026622.0,0.0,1.0,"Humphreys County, Tennessee",1,official_seed_report_only
47091,2024,TN,0.0,0.0,0.0,0.0,0.0,1.0,2.0,25.0,9.0,1.0,10222193.0,10885518.0,0.0,1.0,"Johnson County, Tennessee",1,official_seed_report_only
47093,2024,TN,0.0,0.0,0.0,0.0,0.0,4.0,522.0,23115.0,5827.0,0.0,428341504.0,467866495.0,0.0,0.0,"Knox County, Tennessee",1,official_seed_report_only
47103,2024,TN,0.0,0.0,0.0,0.0,0.0,1.0,47.0,976.0,258.0,2.0,31137202.0,32825647.0,0.0,0.0,"Lincoln County, Tennessee",1,official_seed_report_only
47113,2024,TN,0.0,0.0,0.0,0.0,0.0,3.0,656.0,28394.0,7347.0,173.0,682770800.0,869581787.0,1.0,0.0,"Madison County, Tennessee",1,official_seed_report_only
47117,2024,TN,0.0,0.0,0.0,0.0,0.0,1.0,25.0,167.0,69.0,0.0,42197038.0,35451180.0,0.0,1.0,"Marshall County, Tennessee",1,official_seed_report_only
47119,2024,TN,0.0,0.0,0.0,0.0,0.0,2.0,304.0,16095.0,3324.0,861.0,348798774.0,358011599.0,0.0,0.0,"Maury County, Tennessee",1,official_seed_report_only
47123,2024,TN,0.0,0.0,0.0,0.0,0.0,1.0,55.0,2221.0,444.0,375.0,54362728.0,56696845.0,0.0,0.0,"Monroe County, Tennessee",1,official_seed_report_only
47133,2024,TN,0.0,0.0,0.0,0.0,0.0,1.0,90.0,1611.0,449.0,342.0,30290940.0,51766567.0,0.0,0.0,"Overton County, Tennessee",1,official_seed_report_only
47141,2024,TN,0.0,0.0,0.0,0.0,0.0,1.0,204.0,12570.0,3946.0,1732.0,348376691.0,404827344.0,0.0,0.0,"Putnam County, Tennessee",1,official_seed_report_only
47143,2024,TN,0.0,0.0,0.0,0.0,0.0,1.0,25.0,772.0,247.0,74.0,29437264.0,27748832.0,0.0,1.0,"Rhea County, Tennessee",1,official_seed_report_only
47145,2024,TN,0.0,0.0,0.0,0.0,0.0,1.0,52.0,2599.0,561.0,0.0,36646835.0,41586925.0,0.0,0.0,"Roane County, Tennessee",1,official_seed_report_only
47147,2024,TN,0.0,0.0,0.0,0.0,0.0,1.0,109.0,3525.0,706.0,229.0,61144416.0,71593175.0,0.0,0.0,"Robertson County, Tennessee",1,official_seed_report_only
47149,2024,TN,0.0,0.0,0.0,0.0,0.0,3.0,499.0,28550.0,5309.0,334.0,594098819.0,735231827.0,2.0,0.0,"Rutherford County, Tennessee",1,official_seed_report_only
47157,2024,TN,0.0,0.0,0.0,0.0,0.0,8.0,916.0,36037.0,5205.0,514.0,879856350.0,889111123.0,2.0,0.0,"Shelby County, Tennessee",1,official_seed_report_only
47159,2024,TN,0.0,0.0,0.0,0.0,0.0,1.0,25.0,850.0,287.0,1.0,22576587.0,26077320.0,0.0,1.0,"Smith County, Tennessee",1,official_seed_report_only
47163,2024,TN,0.0,0.0,0.0,0.0,0.0,4.0,624.0,32174.0,6781.0,1218.0,696172861.0,801396944.0,3.0,0.0,"Sullivan County, Tennessee",1,official_seed_report_only
47165,2024,TN,0.0,0.0,0.0,0.0,0.0,2.0,265.0,15702.0,3490.0,576.0,251023514.0,399796858.0,0.0,0.0,"Sumner County, Tennessee",1,official_seed_report_only
47177,2024,TN,0.0,0.0,0.0,0.0,0.0,1.0,46.0,1711.0,569.0,0.0,55675614.0,55712399.0,0.0,0.0,"Warren County, Tennessee",1,official_seed_report_only
47179,2024,TN,0.0,0.0,0.0,0.0,0.0,2.0,649.0,33444.0,5531.0,1690.0,616815397.0,735410787.0,2.0,0.0,"Washington County, Tennessee",1,official_seed_report_only
47181,2024,TN,0.0,0.0,0.0,0.0,0.0,1.0,25.0,305.0,163.0,0.0,14933464.0,11748157.0,0.0,0.0,"Wayne County, Tennessee",1,official_seed_report_only
47183,2024,TN,0.0,0.0,0.0,0.0,0.0,2.0,78.0,1833.0,799.0,0.0,40533744.0,44496713.0,0.0,0.0,"Weakley County, Tennessee",1,official_seed_report_only
47185,2024,TN,0.0,0.0,0.0,0.0,0.0,1.0,14.0,546.0,188.0,0.0,23675905.0,23258560.0,0.0,0.0,"White County, Tennessee",1,official_seed_report_only
47187,2024,TN,0.0,0.0,0.0,0.0,0.0,3.0,382.0,14909.0,3606.0,557.0,262762701.0,335965441.0,0.0,0.0,"Williamson County, Tennessee",1,official_seed_report_only
47189,2024,TN,0.0,0.0,0.0,0.0,0.0,1.0,117.0,7289.0,1648.0,420.0,168322636.0,172629167.0,0.0,0.0,"Wilson County, Tennessee",1,official_seed_report_only
48005,2024,TX,0.0,0.0,0.0,0.0,0.0,1.0,152.0,6744.0,1800.0,94.0,161149016.0,167476537.0,1.0,0.0,"Angelina County, Texas",1,official_seed_report_only
48013,2024,TX,0.0,0.0,0.0,0.0,0.0,1.0,67.0,1571.0,396.0,9.0,37326652.0,42880321.0,0.0,0.0,"Atascosa County, Texas",1,official_seed_report_only
48021,2024,TX,0.0,0.0,0.0,0.0,0.0,2.0,15.0,301.0,85.0,1.0,36478126.0,48541993.0,0.0,0.0,"Bastrop County, Texas",1,official_seed_report_only
48023,2024,TX,0.0,0.0,0.0,0.0,0.0,1.0,25.0,244.0,131.0,0.0,23444606.0,17362609.0,0.0,1.0,"Baylor County, Texas",1,official_seed_report_only
48025,2024,TX,0.0,0.0,0.0,0.0,0.0,1.0,40.0,1399.0,246.0,10.0,39105186.0,39810099.0,0.0,0.0,"Bee County, Texas",1,official_seed_report_only
48027,2024,TX,0.0,0.0,0.0,0.0,0.0,4.0,781.0,41425.0,7077.0,610.0,1272376881.0,2146586168.0,1.0,0.0,"Bell County, Texas",1,official_seed_report_only
48029,2024,TX,0.0,0.0,0.0,0.0,0.0,14.0,4983.0,220313.0,40575.0,3583.0,4620471199.0,5850962591.0,6.0,0.0,"Bexar County, Texas",1,official_seed_report_only
48035,2024,TX,0.0,0.0,0.0,0.0,0.0,1.0,25.0,381.0,68.0,11.0,32406268.0,31327308.0,0.0,1.0,"Bosque County, Texas",1,official_seed_report_only
48037,2024,TX,0.0,0.0,0.0,0.0,0.0,3.0,365.0,14644.0,4774.0,94.0,435971926.0,500742327.0,1.0,0.0,"Bowie County, Texas",1,official_seed_report_only
48039,2024,TX,0.0,0.0,0.0,0.0,0.0,2.0,128.0,7793.0,1329.0,67.0,190312060.0,216958424.0,0.0,0.0,"Brazoria County, Texas",1,official_seed_report_only
48041,2024,TX,0.0,0.0,0.0,0.0,0.0,2.0,426.0,24549.0,5817.0,836.0,635498070.0,845149995.0,1.0,0.0,"Brazos County, Texas",1,official_seed_report_only
48049,2024,TX,0.0,0.0,0.0,0.0,0.0,1.0,63.0,3707.0,1233.0,80.0,108659516.0,126565337.0,0.0,0.0,"Brown County, Texas",1,official_seed_report_only
48051,2024,TX,0.0,0.0,0.0,0.0,0.0,1.0,15.0,34.0,16.0,0.0,13454383.0,14778390.0,0.0,1.0,"Burleson County, Texas",1,official_seed_report_only
48053,2024,TX,0.0,0.0,0.0,0.0,0.0,2.0,71.0,3262.0,985.0,36.0,166649379.0,217794823.0,0.0,1.0,"Burnet County, Texas",1,official_seed_report_only
48055,2024,TX,0.0,0.0,0.0,0.0,0.0,1.0,23.0,595.0,140.0,2.0,30077237.0,38066385.0,0.0,1.0,"Caldwell County, Texas",1,official_seed_report_only
48061,2024,TX,0.0,0.0,0.0,0.0,0.0,5.0,959.0,41553.0,4707.0,2581.0,668844141.0,944417801.0,1.0,0.0,"Cameron County, Texas",1,official_seed_report_only
48073,2024,TX,0.0,0.0,0.0,0.0,0.0,2.0,313.0,848.0,189.0,3.0,157553451.0,160676331.0,0.0,1.0,"Cherokee County, Texas",1,official_seed_report_only
48085,2024,TX,0.0,0.0,0.0,0.0,0.0,9.0,1314.0,66463.0,15550.0,1108.0,1346480428.0,1877891578.0,1.0,0.0,"Collin County, Texas",1,official_seed_report_only
48089,2024,TX,0.0,0.0,0.0,0.0,0.0,1.0,40.0,792.0,238.0,112.0,35991777.0,35102398.0,0.0,0.0,"Colorado County, Texas",1,official_seed_report_only
48091,2024,TX,0.0,0.0,0.0,0.0,0.0,1.0,121.0,6194.0,1080.0,50.0,99630735.0,137024606.0,0.0,0.0,"Comal County, Texas",1,official_seed_report_only
48097,2024,TX,0.0,0.0,0.0,0.0,0.0,1.0,18.0,37.0,25.0,0.0,12149022.0,9737550.0,0.0,1.0,"Cooke County, Texas",1,official_seed_report_only
48099,2024,TX,0.0,0.0,0.0,0.0,0.0,1.0,25.0,829.0,300.0,1.0,67345196.0,79789972.0,0.0,1.0,"Coryell County, Texas",1,official_seed_report_only
48109,2024,TX,0.0,0.0,0.0,0.0,0.0,1.0,14.0,33.0,24.0,0.0,10278055.0,8255715.0,0.0,1.0,"Culberson County, Texas",1,official_seed_report_only
48113,2024,TX,0.0,0.0,0.0,0.0,0.0,18.0,4485.0,182643.0,32618.0,1833.0,6216410817.0,7736520981.0,7.0,0.0,"Dallas County, Texas",1,official_seed_report_only
48115,2024,TX,0.0,0.0,0.0,0.0,0.0,1.0,21.0,265.0,78.0,1.0,19912628.0,13617186.0,0.0,0.0,"Dawson County, Texas",1,official_seed_report_only
48121,2024,TX,0.0,0.0,0.0,0.0,0.0,3.0,421.0,20457.0,4668.0,847.0,418423635.0,506818350.0,1.0,0.0,"Denton County, Texas",1,official_seed_report_only
48133,2024,TX,0.0,0.0,0.0,0.0,0.0,1.0,19.0,294.0,114.0,0.0,20573381.0,11524134.0,0.0,0.0,"Eastland County, Texas",1,official_seed_report_only
48135,2024,TX,0.0,0.0,0.0,0.0,0.0,1.0,25.0,207.0,97.0,0.0,9560201.0,8552393.0,0.0,0.0,"Ector County, Texas",1,official_seed_report_only
48141,2024,TX,0.0,0.0,0.0,0.0,0.0,6.0,1369.0,51495.0,5246.0,907.0,988805899.0,1367727234.0,2.0,0.0,"El Paso County, Texas",1,official_seed_report_only
48139,2024,TX,0.0,0.0,0.0,0.0,0.0,3.0,228.0,10804.0,2660.0,108.0,314135446.0,378907522.0,1.0,0.0,"Ellis County, Texas",1,official_seed_report_only
48145,2024,TX,0.0,0.0,0.0,0.0,0.0,1.0,0.0,0.0,0.0,0.0,10021908.0,3435973.0,0.0,0.0,"Falls County, Texas",1,official_seed_report_only
48157,2024,TX,0.0,0.0,0.0,0.0,0.0,4.0,290.0,7358.0,1713.0,110.0,173933198.0,174215215.0,0.0,0.0,"Fort Bend County, Texas",1,official_seed_report_only
48167,2024,TX,0.0,0.0,0.0,0.0,0.0,1.0,837.0,38843.0,5061.0,2313.0,2013048526.0,1335809891.0,1.0,0.0,"Galveston County, Texas",1,official_seed_report_only
48171,2024,TX,0.0,0.0,0.0,0.0,0.0,1.0,57.0,2058.0,739.0,160.0,77959406.0,73405426.0,0.0,0.0,"Gillespie County, Texas",1,official_seed_report_only
48177,2024,TX,0.0,0.0,0.0,0.0,0.0,1.0,12.0,497.0,128.0,40.0,36159783.0,48320804.0,0.0,0.0,"Gonzales County, Texas",1,official_seed_report_only
48181,2024,TX,0.0,0.0,0.0,0.0,0.0,1.0,24.0,653.0,477.0,0.0,8598040.0,13538884.0,0.0,0.0,"Grayson County, Texas",1,official_seed_report_only
48183,2024,TX,0.0,0.0,0.0,0.0,0.0,1.0,318.0,17941.0,3565.0,504.0,537134405.0,619119471.0,1.0,0.0,"Gregg County, Texas",1,official_seed_report_only
48185,2024,TX,0.0,0.0,0.0,0.0,0.0,1.0,15.0,5.0,2.0,0.0,18972593.0,19489583.0,0.0,1.0,"Grimes County, Texas",1,official_seed_report_only
48189,2024,TX,0.0,0.0,0.0,0.0,0.0,1.0,49.0,1092.0,191.0,30.0,65660747.0,66352757.0,0.0,0.0,"Hale County, Texas",1,official_seed_report_only
48201,2024,TX,0.0,0.0,0.0,0.0,0.0,23.0,6679.0,283947.0,40836.0,18307.0,11714018069.0,15261883877.0,8.0,0.0,"Harris County, Texas",1,official_seed_report_only
48205,2024,TX,0.0,0.0,0.0,0.0,0.0,1.0,21.0,250.0,38.0,31.0,23885062.0,15080493.0,0.0,1.0,"Hartley County, Texas",1,official_seed_report_only
48209,2024,TX,0.0,0.0,0.0,0.0,0.0,4.0,333.0,16595.0,3526.0,431.0,362263028.0,445108791.0,0.0,0.0,"Hays County, Texas",1,official_seed_report_only
48211,2024,TX,0.0,0.0,0.0,0.0,0.0,1.0,15.0,331.0,66.0,0.0,20175233.0,14678046.0,0.0,1.0,"Hemphill County, Texas",1,official_seed_report_only
48213,2024,TX,0.0,0.0,0.0,0.0,0.0,1.0,127.0,4536.0,1023.0,71.0,90844646.0,127890354.0,1.0,0.0,"Henderson County, Texas",1,official_seed_report_only
48215,2024,TX,0.0,0.0,0.0,0.0,0.0,1.0,53.0,630.0,107.0,0.0,20425179.0,24518492.0,0.0,0.0,"Hidalgo County, Texas",1,official_seed_report_only
48219,2024,TX,0.0,0.0,0.0,0.0,0.0,1.0,21.0,373.0,47.0,15.0,28470309.0,22311966.0,0.0,0.0,"Hockley County, Texas",1,official_seed_report_only
48223,2024,TX,0.0,0.0,0.0,0.0,0.0,1.0,56.0,3498.0,952.0,139.0,105698613.0,132635114.0,0.0,0.0,"Hopkins County, Texas",1,official_seed_report_only
48227,2024,TX,0.0,0.0,0.0,0.0,0.0,1.0,144.0,117.0,13.0,0.0,55694696.0,25632450.0,0.0,0.0,"Howard County, Texas",1,official_seed_report_only
48237,2024,TX,0.0,0.0,0.0,0.0,0.0,1.0,13.0,387.0,124.0,15.0,41461841.0,25081338.0,0.0,0.0,"Jack County, Texas",1,official_seed_report_only
48241,2024,TX,0.0,0.0,0.0,0.0,0.0,1.0,40.0,613.0,204.0,2.0,30238197.0,37236790.0,0.0,0.0,"Jasper County, Texas",1,official_seed_report_only
48245,2024,TX,0.0,0.0,0.0,0.0,0.0,5.0,781.0,31603.0,6332.0,425.0,735137949.0,865620220.0,1.0,0.0,"Jefferson County, Texas",1,official_seed_report_only
48249,2024,TX,0.0,0.0,0.0,0.0,0.0,1.0,72.0,2157.0,402.0,17.0,58300390.0,69397962.0,0.0,0.0,"Jim Wells County, Texas",1,official_seed_report_only
48253,2024,TX,0.0,0.0,0.0,0.0,0.0,1.0,0.0,0.0,0.0,0.0,7577516.0,4501203.0,0.0,0.0,"Jones County, Texas",1,official_seed_report_only
48255,2024,TX,0.0,0.0,0.0,0.0,0.0,1.0,25.0,59.0,23.0,0.0,27921317.0,23852085.0,0.0,1.0,"Karnes County, Texas",1,official_seed_report_only
48257,2024,TX,0.0,0.0,0.0,0.0,0.0,1.0,305.0,1311.0,43.0,8.0,92740231.0,52759291.0,0.0,0.0,"Kaufman County, Texas",1,official_seed_report_only
48265,2024,TX,0.0,0.0,0.0,0.0,0.0,1.0,98.0,5288.0,1719.0,62.0,152164780.0,168709642.0,0.0,0.0,"Kerr County, Texas",1,official_seed_report_only
48273,2024,TX,0.0,0.0,0.0,0.0,0.0,1.0,50.0,1761.0,258.0,21.0,46909596.0,48777259.0,0.0,0.0,"Kleberg County, Texas",1,official_seed_report_only
48277,2024,TX,0.0,0.0,0.0,0.0,0.0,1.0,120.0,6838.0,2737.0,72.0,110769922.0,146277955.0,0.0,0.0,"Lamar County, Texas",1,official_seed_report_only
48285,2024,TX,0.0,0.0,0.0,0.0,0.0,1.0,23.0,401.0,225.0,0.0,23802541.0,23684894.0,0.0,1.0,"Lavaca County, Texas",1,official_seed_report_only
48293,2024,TX,0.0,0.0,0.0,0.0,0.0,1.0,49.0,443.0,155.0,7.0,19234741.0,32038298.0,0.0,0.0,"Limestone County, Texas",1,official_seed_report_only
48303,2024,TX,0.0,0.0,0.0,0.0,0.0,6.0,881.0,25114.0,7042.0,246.0,845012296.0,1018896123.0,2.0,0.0,"Lubbock County, Texas",1,official_seed_report_only
48313,2024,TX,0.0,0.0,0.0,0.0,0.0,1.0,15.0,11.0,8.0,0.0,13148113.0,14767881.0,0.0,1.0,"Madison County, Texas",1,official_seed_report_only
48317,2024,TX,0.0,0.0,0.0,0.0,0.0,1.0,18.0,161.0,48.0,0.0,39171387.0,24264584.0,0.0,1.0,"Martin County, Texas",1,official_seed_report_only
48307,2024,TX,0.0,0.0,0.0,0.0,0.0,1.0,14.0,187.0,81.0,0.0,17164831.0,14168263.0,0.0,1.0,"McCulloch County, Texas",1,official_seed_report_only
48309,2024,TX,0.0,0.0,0.0,0.0,0.0,2.0,461.0,27317.0,5560.0,472.0,622972719.0,810404272.0,2.0,0.0,"McLennan County, Texas",1,official_seed_report_only
48329,2024,TX,0.0,0.0,0.0,0.0,0.0,1.0,106.0,2355.0,1543.0,0.0,39002356.0,46039086.0,0.0,0.0,"Midland County, Texas",1,official_seed_report_only
48337,2024,TX,0.0,0.0,0.0,0.0,0.0,1.0,18.0,361.0,185.0,0.0,13796587.0,10062028.0,0.0,0.0,"Montague County, Texas",1,official_seed_report_only
48339,2024,TX,0.0,0.0,0.0,0.0,0.0,6.0,512.0,18542.0,4275.0,69.0,438021023.0,467345966.0,0.0,0.0,"Montgomery County, Texas",1,official_seed_report_only
48341,2024,TX,0.0,0.0,0.0,0.0,0.0,1.0,19.0,1166.0,116.0,116.0,47873589.0,43079523.0,0.0,1.0,"Moore County, Texas",1,official_seed_report_only
48347,2024,TX,0.0,0.0,0.0,0.0,0.0,1.0,160.0,1824.0,387.0,78.0,36482128.0,26596814.0,0.0,0.0,"Nacogdoches County, Texas",1,official_seed_report_only
48355,2024,TX,0.0,0.0,0.0,0.0,0.0,5.0,1195.0,52273.0,7416.0,822.0,1513460162.0,2255718520.0,3.0,0.0,"Nueces County, Texas",1,official_seed_report_only
48365,2024,TX,0.0,0.0,0.0,0.0,0.0,1.0,42.0,390.0,117.0,0.0,20006513.0,21663443.0,0.0,0.0,"Panola County, Texas",1,official_seed_report_only
48373,2024,TX,0.0,0.0,0.0,0.0,0.0,1.0,66.0,1136.0,272.0,25.0,43134003.0,51602301.0,0.0,0.0,"Polk County, Texas",1,official_seed_report_only
48375,2024,TX,0.0,0.0,0.0,0.0,0.0,1.0,54.0,155.0,70.0,1.0,7154734.0,5641015.0,0.0,0.0,"Potter County, Texas",1,official_seed_report_only
48397,2024,TX,0.0,0.0,0.0,0.0,0.0,1.0,176.0,9618.0,2275.0,60.0,204746115.0,273014051.0,0.0,0.0,"Rockwall County, Texas",1,official_seed_report_only
48399,2024,TX,0.0,0.0,0.0,0.0,0.0,1.0,12.0,125.0,93.0,2.0,8676016.0,5753323.0,0.0,1.0,"Runnels County, Texas",1,official_seed_report_only
48405,2024,TX,0.0,0.0,0.0,0.0,0.0,1.0,0.0,0.0,0.0,0.0,6168363.0,11265418.0,0.0,0.0,"San Augustine County, Texas",1,official_seed_report_only
48423,2024,TX,0.0,0.0,0.0,0.0,0.0,4.0,701.0,33556.0,7415.0,536.0,1042306002.0,1201742221.0,2.0,0.0,"Smith County, Texas",1,official_seed_report_only
48439,2024,TX,0.0,0.0,0.0,0.0,0.0,14.0,2062.0,92614.0,19596.0,1083.0,1722078098.0,2079687915.0,3.0,0.0,"Tarrant County, Texas",1,official_seed_report_only
48441,2024,TX,0.0,0.0,0.0,0.0,0.0,2.0,556.0,25012.0,6985.0,270.0,693982768.0,795755232.0,0.0,0.0,"Taylor County, Texas",1,official_seed_report_only
48451,2024,TX,0.0,0.0,0.0,0.0,0.0,1.0,40.0,899.0,604.0,0.0,16745980.0,15897745.0,0.0,0.0,"Tom Green County, Texas",1,official_seed_report_only
48453,2024,TX,0.0,0.0,0.0,0.0,0.0,11.0,2033.0,79529.0,8641.0,2424.0,2404152621.0,3296595014.0,4.0,0.0,"Travis County, Texas",1,official_seed_report_only
48457,2024,TX,0.0,0.0,0.0,0.0,0.0,1.0,25.0,202.0,63.0,1.0,11324252.0,6881621.0,0.0,0.0,"Tyler County, Texas",1,official_seed_report_only
48463,2024,TX,0.0,0.0,0.0,0.0,0.0,1.0,21.0,1436.0,304.0,24.0,81555044.0,112159920.0,0.0,1.0,"Uvalde County, Texas",1,official_seed_report_only
48465,2024,TX,0.0,0.0,0.0,0.0,0.0,1.0,47.0,5408.0,340.0,66.0,74033126.0,77162881.0,0.0,0.0,"Val Verde County, Texas",1,official_seed_report_only
48469,2024,TX,0.0,0.0,0.0,0.0,0.0,2.0,309.0,7067.0,1934.0,109.0,140121961.0,190029573.0,0.0,0.0,"Victoria County, Texas",1,official_seed_report_only
48471,2024,TX,0.0,0.0,0.0,0.0,0.0,1.0,117.0,3048.0,646.0,13.0,83880448.0,85241466.0,0.0,0.0,"Walker County, Texas",1,official_seed_report_only
48479,2024,TX,0.0,0.0,0.0,0.0,0.0,1.0,40.0,273.0,127.0,0.0,11041085.0,8623068.0,0.0,0.0,"Webb County, Texas",1,official_seed_report_only
48483,2024,TX,0.0,0.0,0.0,0.0,0.0,2.0,41.0,70.0,49.0,0.0,17134511.0,10973932.0,0.0,2.0,"Wheeler County, Texas",1,official_seed_report_only
48485,2024,TX,0.0,0.0,0.0,0.0,0.0,3.0,598.0,2937.0,1615.0,0.0,228165486.0,156463563.0,0.0,0.0,"Wichita County, Texas",1,official_seed_report_only
48491,2024,TX,0.0,0.0,0.0,0.0,0.0,3.0,512.0,33127.0,8682.0,706.0,919902618.0,1286391158.0,1.0,0.0,"Williamson County, Texas",1,official_seed_report_only
48499,2024,TX,0.0,0.0,0.0,0.0,0.0,2.0,39.0,1004.0,310.0,4.0,56144620.0,61066004.0,0.0,2.0,"Wood County, Texas",1,official_seed_report_only
48503,2024,TX,0.0,0.0,0.0,0.0,0.0,1.0,25.0,188.0,100.0,0.0,19359381.0,13231120.0,0.0,1.0,"Young County, Texas",1,official_seed_report_only
49001,2024,UT,0.0,0.0,0.0,0.0,0.0,1.0,25.0,128.0,42.0,7.0,14768174.0,8095487.0,0.0,1.0,"Beaver County, Utah",1,official_seed_report_only
49003,2024,UT,0.0,0.0,0.0,0.0,0.0,1.0,40.0,990.0,178.0,23.0,32791555.0,50822642.0,0.0,0.0,"Box Elder County, Utah",1,official_seed_report_only
49005,2024,UT,0.0,0.0,0.0,0.0,0.0,1.0,28.0,597.0,74.0,70.0,31417757.0,34678992.0,0.0,0.0,"Cache County, Utah",1,official_seed_report_only
49011,2024,UT,0.0,0.0,0.0,0.0,0.0,2.0,110.0,4246.0,745.0,139.0,196855075.0,221948626.0,0.0,0.0,"Davis County, Utah",1,official_seed_report_only
49013,2024,UT,0.0,0.0,0.0,0.0,0.0,1.0,32.0,1474.0,263.0,400.0,99715859.0,139536424.0,0.0,0.0,"Duchesne County, Utah",1,official_seed_report_only
49023,2024,UT,0.0,0.0,0.0,0.0,0.0,1.0,25.0,632.0,169.0,72.0,48594388.0,74087840.0,0.0,1.0,"Juab County, Utah",1,official_seed_report_only
49035,2024,UT,0.0,0.0,0.0,0.0,0.0,6.0,1265.0,63476.0,10543.0,6287.0,3627103912.0,4273882782.0,4.0,0.0,"Salt Lake County, Utah",1,official_seed_report_only
49039,2024,UT,0.0,0.0,0.0,0.0,0.0,1.0,25.0,453.0,124.0,75.0,23005496.0,138788946.0,0.0,1.0,"Sanpete County, Utah",1,official_seed_report_only
49047,2024,UT,0.0,0.0,0.0,0.0,0.0,1.0,39.0,1043.0,210.0,258.0,35379759.0,65040303.0,0.0,0.0,"Uintah County, Utah",1,official_seed_report_only
49049,2024,UT,0.0,0.0,0.0,0.0,0.0,3.0,495.0,3484.0,474.0,453.0,169578857.0,98860476.0,0.0,0.0,"Utah County, Utah",1,official_seed_report_only
49057,2024,UT,0.0,0.0,0.0,0.0,0.0,1.0,174.0,8368.0,1173.0,0.0,178386252.0,310931682.0,0.0,0.0,"Weber County, Utah",1,official_seed_report_only
51005,2024,VA,0.0,0.0,0.0,0.0,0.0,1.0,95.0,1415.0,538.0,17.0,35510637.0,50187185.0,0.0,0.0,"Alleghany County, Virginia",1,official_seed_report_only
51015,2024,VA,0.0,0.0,0.0,0.0,0.0,1.0,112.0,727.0,31.0,0.0,86836282.0,5356111.0,1.0,0.0,"Augusta County, Virginia",1,official_seed_report_only
51027,2024,VA,0.0,0.0,0.0,0.0,0.0,1.0,111.0,780.0,219.0,4.0,21911491.0,26424365.0,0.0,0.0,"Buchanan County, Virginia",1,official_seed_report_only
51540,2024,VA,0.0,0.0,0.0,0.0,0.0,1.0,657.0,28755.0,7201.0,6765.0,2281690389.0,2665041032.0,1.0,0.0,"Charlottesville city, Virginia",1,official_seed_report_only
51041,2024,VA,0.0,0.0,0.0,0.0,0.0,1.0,137.0,12790.0,3286.0,307.0,274771692.0,359430438.0,1.0,0.0,"Chesterfield County, Virginia",1,official_seed_report_only
51047,2024,VA,0.0,0.0,0.0,0.0,0.0,1.0,70.0,4027.0,1266.0,236.0,163125974.0,183758507.0,0.0,0.0,"Culpeper County, Virginia",1,official_seed_report_only
51053,2024,VA,0.0,0.0,0.0,0.0,0.0,1.0,4.0,9.0,6.0,0.0,136052299.0,20296317.0,0.0,0.0,"Dinwiddie County, Virginia",1,official_seed_report_only
51057,2024,VA,0.0,0.0,0.0,0.0,0.0,1.0,66.0,1716.0,677.0,31.0,59808468.0,60375023.0,0.0,0.0,"Essex County, Virginia",1,official_seed_report_only
51059,2024,VA,0.0,0.0,0.0,0.0,0.0,3.0,242.0,3639.0,252.0,0.0,109536176.0,62507201.0,1.0,0.0,"Fairfax County, Virginia",1,official_seed_report_only
51085,2024,VA,0.0,0.0,0.0,0.0,0.0,1.0,239.0,15355.0,5170.0,152.0,344604598.0,450841760.0,1.0,0.0,"Hanover County, Virginia",1,official_seed_report_only
51087,2024,VA,0.0,0.0,0.0,0.0,0.0,3.0,1100.0,44884.0,10855.0,691.0,1047902798.0,1495712346.0,1.0,0.0,"Henrico County, Virginia",1,official_seed_report_only
51103,2024,VA,0.0,0.0,0.0,0.0,0.0,1.0,25.0,588.0,316.0,4.0,49437222.0,50052692.0,0.0,1.0,"Lancaster County, Virginia",1,official_seed_report_only
51105,2024,VA,0.0,0.0,0.0,0.0,0.0,1.0,12.0,223.0,54.0,0.0,10363207.0,13250952.0,0.0,1.0,"Lee County, Virginia",1,official_seed_report_only
51107,2024,VA,0.0,0.0,0.0,0.0,0.0,1.0,60.0,1927.0,1291.0,3.0,27301356.0,39313933.0,0.0,0.0,"Loudoun County, Virginia",1,official_seed_report_only
51117,2024,VA,0.0,0.0,0.0,0.0,0.0,1.0,70.0,3315.0,974.0,94.0,122658473.0,145508280.0,0.0,0.0,"Mecklenburg County, Virginia",1,official_seed_report_only
51127,2024,VA,0.0,0.0,0.0,0.0,0.0,1.0,0.0,0.0,0.0,0.0,0.0,0.0,0.0,0.0,"New Kent County, Virginia",1,official_seed_report_only
51700,2024,VA,0.0,0.0,0.0,0.0,0.0,1.0,114.0,4872.0,1095.0,73.0,149178050.0,182045440.0,0.0,0.0,"Newport News city, Virginia",1,official_seed_report_only
51710,2024,VA,0.0,0.0,0.0,0.0,0.0,3.0,335.0,5237.0,110.0,272.0,581691898.0,653217972.0,1.0,0.0,"Norfolk city, Virginia",1,official_seed_report_only
51730,2024,VA,0.0,0.0,0.0,0.0,0.0,2.0,166.0,4899.0,932.0,54.0,52514556.0,69586275.0,0.0,0.0,"Petersburg city, Virginia",1,official_seed_report_only
51143,2024,VA,0.0,0.0,0.0,0.0,0.0,1.0,72.0,280.0,19.0,0.0,26562394.0,1600510.0,0.0,0.0,"Pittsylvania County, Virginia",1,official_seed_report_only
51740,2024,VA,0.0,0.0,0.0,0.0,0.0,1.0,176.0,8543.0,2095.0,142.0,298197180.0,377192174.0,1.0,0.0,"Portsmouth city, Virginia",1,official_seed_report_only
51153,2024,VA,0.0,0.0,0.0,0.0,0.0,2.0,136.0,10564.0,2720.0,550.0,348922887.0,348410945.0,0.0,0.0,"Prince William County, Virginia",1,official_seed_report_only
51155,2024,VA,0.0,0.0,0.0,0.0,0.0,1.0,51.0,1272.0,359.0,29.0,51800224.0,80547358.0,0.0,0.0,"Pulaski County, Virginia",1,official_seed_report_only
51159,2024,VA,0.0,0.0,0.0,0.0,0.0,4.0,1813.0,90356.0,20422.0,2065.0,3430883928.0,4510393093.0,2.0,0.0,"Richmond County, Virginia",1,official_seed_report_only
51161,2024,VA,0.0,0.0,0.0,0.0,0.0,1.0,132.0,553.0,97.0,0.0,42023892.0,8355491.0,0.0,0.0,"Roanoke County, Virginia",1,official_seed_report_only
51173,2024,VA,0.0,0.0,0.0,0.0,0.0,2.0,129.0,2081.0,373.0,14.0,106646049.0,60770978.0,0.0,0.0,"Smyth County, Virginia",1,official_seed_report_only
51177,2024,VA,0.0,0.0,0.0,0.0,0.0,2.0,167.0,8687.0,2694.0,168.0,139582079.0,223225184.0,0.0,0.0,"Spotsylvania County, Virginia",1,official_seed_report_only
51191,2024,VA,0.0,0.0,0.0,0.0,0.0,2.0,125.0,6879.0,1963.0,106.0,154429801.0,220173097.0,1.0,0.0,"Washington County, Virginia",1,official_seed_report_only
51195,2024,VA,0.0,0.0,0.0,0.0,0.0,1.0,52.0,3249.0,738.0,66.0,112676044.0,177382853.0,1.0,0.0,"Wise County, Virginia",1,official_seed_report_only
50023,2024,VT,0.0,0.0,0.0,0.0,0.0,1.0,25.0,4319.0,5.0,0.0,34141877.0,0.0,0.0,0.0,"Washington County, Vermont",1,official_seed_report_only
53005,2024,WA,0.0,0.0,0.0,0.0,0.0,1.0,22.0,280.0,43.0,16.0,7670451.0,16736257.0,0.0,0.0,"Benton County, Washington",1,official_seed_report_only
53011,2024,WA,0.0,0.0,0.0,0.0,0.0,2.0,597.0,33590.0,5701.0,3228.0,1010635909.0,1364874410.0,2.0,0.0,"Clark County, Washington",1,official_seed_report_only
53015,2024,WA,0.0,0.0,0.0,0.0,0.0,1.0,146.0,7364.0,1383.0,111.0,252883802.0,368329094.0,0.0,0.0,"Cowlitz County, Washington",1,official_seed_report_only
53021,2024,WA,0.0,0.0,0.0,0.0,0.0,1.0,25.0,1074.0,417.0,0.0,83396660.0,112473213.0,0.0,1.0,"Franklin County, Washington",1,official_seed_report_only
53029,2024,WA,0.0,0.0,0.0,0.0,0.0,1.0,10.0,72.0,46.0,0.0,25750011.0,28481400.0,0.0,1.0,"Island County, Washington",1,official_seed_report_only
53033,2024,WA,0.0,0.0,0.0,0.0,0.0,10.0,2447.0,117494.0,23198.0,5075.0,6346444418.0,8938010471.0,6.0,0.0,"King County, Washington",1,official_seed_report_only
53035,2024,WA,0.0,0.0,0.0,0.0,0.0,1.0,238.0,16696.0,5110.0,275.0,618305858.0,762223704.0,1.0,0.0,"Kitsap County, Washington",1,official_seed_report_only
53053,2024,WA,0.0,0.0,0.0,0.0,0.0,3.0,555.0,33897.0,7579.0,729.0,1182229481.0,-2744585224.0,1.0,0.0,"Pierce County, Washington",1,official_seed_report_only
53057,2024,WA,0.0,0.0,0.0,0.0,0.0,1.0,25.0,1016.0,226.0,11.0,72287903.0,87328941.0,0.0,1.0,"Skagit County, Washington",1,official_seed_report_only
53063,2024,WA,0.0,0.0,0.0,0.0,0.0,3.0,500.0,4442.0,526.0,232.0,267864463.0,312688786.0,0.0,1.0,"Spokane County, Washington",1,official_seed_report_only
53073,2024,WA,0.0,0.0,0.0,0.0,0.0,1.0,208.0,16695.0,4358.0,471.0,497732036.0,849644054.0,0.0,0.0,"Whatcom County, Washington",1,official_seed_report_only
55005,2024,WI,0.0,0.0,0.0,0.0,0.0,1.0,14.0,205.0,103.0,9.0,31217619.0,30979910.0,0.0,1.0,"Barron County, Wisconsin",1,official_seed_report_only
55009,2024,WI,0.0,0.0,0.0,0.0,0.0,3.0,336.0,14275.0,2487.0,555.0,401820222.0,851972408.0,1.0,0.0,"Brown County, Wisconsin",1,official_seed_report_only
55015,2024,WI,0.0,0.0,0.0,0.0,0.0,1.0,25.0,168.0,34.0,2.0,24696919.0,32849110.0,0.0,1.0,"Calumet County, Wisconsin",1,official_seed_report_only
55017,2024,WI,0.0,0.0,0.0,0.0,0.0,1.0,102.0,1209.0,117.0,147.0,26969892.0,24252579.0,0.0,0.0,"Chippewa County, Wisconsin",1,official_seed_report_only
55019,2024,WI,0.0,0.0,0.0,0.0,0.0,1.0,24.0,223.0,94.0,7.0,20738719.0,22880956.0,0.0,1.0,"Clark County, Wisconsin",1,official_seed_report_only
55021,2024,WI,0.0,0.0,0.0,0.0,0.0,1.0,42.0,1280.0,423.0,50.0,63765380.0,0.0,0.0,0.0,"Columbia County, Wisconsin",1,official_seed_report_only
55025,2024,WI,0.0,0.0,0.0,0.0,0.0,3.0,1123.0,31895.0,8601.0,2135.0,2054140612.0,3081456520.0,1.0,0.0,"Dane County, Wisconsin",1,official_seed_report_only
55027,2024,WI,0.0,0.0,0.0,0.0,0.0,1.0,76.0,2011.0,645.0,66.0,83801031.0,108246956.0,0.0,0.0,"Dodge County, Wisconsin",1,official_seed_report_only
55029,2024,WI,0.0,0.0,0.0,0.0,0.0,1.0,25.0,856.0,257.0,65.0,99806340.0,111048394.0,0.0,1.0,"Door County, Wisconsin",1,official_seed_report_only
55031,2024,WI,0.0,0.0,0.0,0.0,0.0,1.0,16.0,530.0,191.0,24.0,69991983.0,103808947.0,0.0,1.0,"Douglas County, Wisconsin",1,official_seed_report_only
55035,2024,WI,0.0,0.0,0.0,0.0,0.0,2.0,192.0,5647.0,1166.0,108.0,122299161.0,144461119.0,1.0,0.0,"Eau Claire County, Wisconsin",1,official_seed_report_only
55043,2024,WI,0.0,0.0,0.0,0.0,0.0,1.0,25.0,980.0,422.0,37.0,80583781.0,109953917.0,0.0,1.0,"Grant County, Wisconsin",1,official_seed_report_only
55059,2024,WI,0.0,0.0,0.0,0.0,0.0,2.0,190.0,6278.0,1741.0,346.0,289860469.0,401753621.0,0.0,0.0,"Kenosha County, Wisconsin",1,official_seed_report_only
55067,2024,WI,0.0,0.0,0.0,0.0,0.0,1.0,25.0,1035.0,247.0,47.0,80017980.0,108991746.0,0.0,1.0,"Langlade County, Wisconsin",1,official_seed_report_only
55069,2024,WI,0.0,0.0,0.0,0.0,0.0,2.0,27.0,743.0,244.0,26.0,34383922.0,13872683.0,0.0,2.0,"Lincoln County, Wisconsin",1,official_seed_report_only
55071,2024,WI,0.0,0.0,0.0,0.0,0.0,1.0,45.0,1668.0,474.0,36.0,104653928.0,2330494373.0,0.0,0.0,"Manitowoc County, Wisconsin",1,official_seed_report_only
55073,2024,WI,0.0,0.0,0.0,0.0,0.0,1.0,239.0,10641.0,3431.0,619.0,537604072.0,686050276.0,1.0,0.0,"Marathon County, Wisconsin",1,official_seed_report_only
55079,2024,WI,0.0,0.0,0.0,0.0,0.0,7.0,1583.0,69749.0,12325.0,4816.0,3082387711.0,2405154819.0,4.0,0.0,"Milwaukee County, Wisconsin",1,official_seed_report_only
55083,2024,WI,0.0,0.0,0.0,0.0,0.0,1.0,23.0,168.0,30.0,7.0,26354839.0,30619920.0,0.0,1.0,"Oconto County, Wisconsin",1,official_seed_report_only
55085,2024,WI,0.0,0.0,0.0,0.0,0.0,2.0,84.0,4016.0,932.0,302.0,221713937.0,221524530.0,1.0,0.0,"Oneida County, Wisconsin",1,official_seed_report_only
55087,2024,WI,0.0,0.0,0.0,0.0,0.0,1.0,287.0,10323.0,1446.0,637.0,326276998.0,356403592.0,1.0,0.0,"Outagamie County, Wisconsin",1,official_seed_report_only
55097,2024,WI,0.0,0.0,0.0,0.0,0.0,1.0,82.0,3383.0,702.0,106.0,127863536.0,0.0,0.0,0.0,"Portage County, Wisconsin",1,official_seed_report_only
55101,2024,WI,0.0,0.0,0.0,0.0,0.0,1.0,269.0,8028.0,1509.0,623.0,261938669.0,264485754.0,1.0,0.0,"Racine County, Wisconsin",1,official_seed_report_only
55105,2024,WI,0.0,0.0,0.0,0.0,0.0,1.0,147.0,6034.0,1571.0,118.0,293945680.0,-141884592.0,1.0,0.0,"Rock County, Wisconsin",1,official_seed_report_only
55113,2024,WI,0.0,0.0,0.0,0.0,0.0,1.0,25.0,899.0,371.0,106.0,65230332.0,82531106.0,0.0,1.0,"Sawyer County, Wisconsin",1,official_seed_report_only
55117,2024,WI,0.0,0.0,0.0,0.0,0.0,1.0,48.0,1353.0,317.0,70.0,50934640.0,113585591.0,0.0,0.0,"Sheboygan County, Wisconsin",1,official_seed_report_only
55119,2024,WI,0.0,0.0,0.0,0.0,0.0,1.0,25.0,890.0,177.0,38.0,69107781.0,91097158.0,0.0,1.0,"Taylor County, Wisconsin",1,official_seed_report_only
55125,2024,WI,0.0,0.0,0.0,0.0,0.0,1.0,14.0,321.0,150.0,9.0,15455168.0,0.0,0.0,1.0,"Vilas County, Wisconsin",1,official_seed_report_only
55127,2024,WI,0.0,0.0,0.0,0.0,0.0,1.0,25.0,1033.0,365.0,21.0,78666583.0,-141884682.0,1.0,1.0,"Walworth County, Wisconsin",1,official_seed_report_only
55129,2024,WI,0.0,0.0,0.0,0.0,0.0,1.0,20.0,301.0,140.0,11.0,29718002.0,34177789.0,0.0,1.0,"Washburn County, Wisconsin",1,official_seed_report_only
55131,2024,WI,0.0,0.0,0.0,0.0,0.0,1.0,70.0,4128.0,993.0,83.0,145500946.0,139174927.0,0.0,0.0,"Washington County, Wisconsin",1,official_seed_report_only
55133,2024,WI,0.0,0.0,0.0,0.0,0.0,2.0,143.0,8350.0,2070.0,223.0,303652001.0,304571946.0,1.0,0.0,"Waukesha County, Wisconsin",1,official_seed_report_only
55139,2024,WI,0.0,0.0,0.0,0.0,0.0,1.0,335.0,3420.0,350.0,2383.0,125291470.0,75205245.0,1.0,0.0,"Winnebago County, Wisconsin",1,official_seed_report_only
55141,2024,WI,0.0,0.0,0.0,0.0,0.0,1.0,44.0,2920.0,515.0,62.0,139995434.0,0.0,0.0,0.0,"Wood County, Wisconsin",1,official_seed_report_only
54005,2024,WV,0.0,0.0,0.0,0.0,0.0,1.0,25.0,702.0,310.0,22.0,63853129.0,69684346.0,0.0,1.0,"Boone County, West Virginia",1,official_seed_report_only
54009,2024,WV,0.0,0.0,0.0,0.0,0.0,1.0,127.0,5978.0,2272.0,157.0,156424386.0,182129505.0,0.0,0.0,"Brooke County, West Virginia",1,official_seed_report_only
54011,2024,WV,0.0,0.0,0.0,0.0,0.0,1.0,32.0,339.0,97.0,13.0,14348902.0,16259350.0,0.0,0.0,"Cabell County, West Virginia",1,official_seed_report_only
54029,2024,WV,0.0,0.0,0.0,0.0,0.0,1.0,49.0,605.0,363.0,31.0,27876427.0,27039927.0,0.0,0.0,"Hancock County, West Virginia",1,official_seed_report_only
54039,2024,WV,0.0,0.0,0.0,0.0,0.0,1.0,32.0,358.0,230.0,2.0,17278718.0,19149885.0,0.0,0.0,"Kanawha County, West Virginia",1,official_seed_report_only
54041,2024,WV,0.0,0.0,0.0,0.0,0.0,1.0,200.0,737.0,63.0,20.0,76895007.0,11384812.0,0.0,0.0,"Lewis County, West Virginia",1,official_seed_report_only
54047,2024,WV,0.0,0.0,0.0,0.0,0.0,1.0,49.0,268.0,88.0,15.0,29117022.0,10667021.0,0.0,0.0,"McDowell County, West Virginia",1,official_seed_report_only
54055,2024,WV,0.0,0.0,0.0,0.0,0.0,1.0,124.0,8497.0,2153.0,596.0,202616442.0,287868558.0,0.0,0.0,"Mercer County, West Virginia",1,official_seed_report_only
54061,2024,WV,0.0,0.0,0.0,0.0,0.0,1.0,34.0,282.0,134.0,4.0,15445726.0,15884686.0,0.0,0.0,"Monongalia County, West Virginia",1,official_seed_report_only
54075,2024,WV,0.0,0.0,0.0,0.0,0.0,1.0,25.0,103.0,45.0,0.0,19930151.0,21813744.0,0.0,1.0,"Pocahontas County, West Virginia",1,official_seed_report_only
54081,2024,WV,0.0,0.0,0.0,0.0,0.0,2.0,357.0,22348.0,4132.0,635.0,271212522.0,310080062.0,0.0,0.0,"Raleigh County, West Virginia",1,official_seed_report_only
54089,2024,WV,0.0,0.0,0.0,0.0,0.0,1.0,25.0,178.0,59.0,3.0,20473369.0,17373222.0,0.0,1.0,"Summers County, West Virginia",1,official_seed_report_only
54091,2024,WV,0.0,0.0,0.0,0.0,0.0,1.0,25.0,162.0,46.0,7.0,15856949.0,15114963.0,0.0,1.0,"Taylor County, West Virginia",1,official_seed_report_only
54107,2024,WV,0.0,0.0,0.0,0.0,0.0,1.0,50.0,1282.0,878.0,4.0,19599364.0,23960643.0,0.0,0.0,"Wood County, West Virginia",1,official_seed_report_only
56001,2024,WY,0.0,0.0,0.0,0.0,0.0,1.0,76.0,1512.0,541.0,174.0,90951174.0,136123745.0,0.0,0.0,"Albany County, Wyoming",1,official_seed_report_only
56003,2024,WY,0.0,0.0,0.0,0.0,0.0,2.0,24.0,240.0,161.0,10.0,36593332.0,35183734.0,0.0,2.0,"Big Horn County, Wyoming",1,official_seed_report_only
56005,2024,WY,0.0,0.0,0.0,0.0,0.0,1.0,66.0,2215.0,663.0,563.0,154601207.0,194597882.0,0.0,0.0,"Campbell County, Wyoming",1,official_seed_report_only
56007,2024,WY,0.0,0.0,0.0,0.0,0.0,1.0,25.0,297.0,90.0,40.0,32545656.0,31582093.0,0.0,1.0,"Carbon County, Wyoming",1,official_seed_report_only
56009,2024,WY,0.0,0.0,0.0,0.0,0.0,1.0,25.0,674.0,284.0,64.0,62183602.0,80757069.0,0.0,1.0,"Converse County, Wyoming",1,official_seed_report_only
56011,2024,WY,0.0,0.0,0.0,0.0,0.0,1.0,16.0,105.0,67.0,0.0,14188407.0,12197843.0,0.0,1.0,"Crook County, Wyoming",1,official_seed_report_only
56017,2024,WY,0.0,0.0,0.0,0.0,0.0,1.0,15.0,378.0,131.0,62.0,34413121.0,33952165.0,0.0,1.0,"Hot Springs County, Wyoming",1,official_seed_report_only
56019,2024,WY,0.0,0.0,0.0,0.0,0.0,1.0,20.0,228.0,153.0,14.0,28598067.0,26154123.0,0.0,1.0,"Johnson County, Wyoming",1,official_seed_report_only
56021,2024,WY,0.0,0.0,0.0,0.0,0.0,1.0,159.0,8143.0,2906.0,828.0,321204993.0,391860131.0,0.0,0.0,"Laramie County, Wyoming",1,official_seed_report_only
56023,2024,WY,0.0,0.0,0.0,0.0,0.0,2.0,36.0,715.0,246.0,49.0,88197035.0,110265801.0,0.0,2.0,"Lincoln County, Wyoming",1,official_seed_report_only
56025,2024,WY,0.0,0.0,0.0,0.0,0.0,2.0,56.0,750.0,551.0,25.0,46364855.0,51879650.0,0.0,0.0,"Natrona County, Wyoming",1,official_seed_report_only
56027,2024,WY,0.0,0.0,0.0,0.0,0.0,1.0,24.0,93.0,60.0,4.0,10130430.0,10088825.0,0.0,1.0,"Niobrara County, Wyoming",1,official_seed_report_only
56029,2024,WY,0.0,0.0,0.0,0.0,0.0,2.0,50.0,1594.0,730.0,201.0,163509515.0,201089538.0,0.0,2.0,"Park County, Wyoming",1,official_seed_report_only
56033,2024,WY,0.0,0.0,0.0,0.0,0.0,1.0,88.0,2051.0,865.0,150.0,96025605.0,153705061.0,0.0,0.0,"Sheridan County, Wyoming",1,official_seed_report_only
56037,2024,WY,0.0,0.0,0.0,0.0,0.0,1.0,58.0,1788.0,512.0,469.0,84683181.0,128390476.0,0.0,0.0,"Sweetwater County, Wyoming",1,official_seed_report_only
56039,2024,WY,0.0,0.0,0.0,0.0,0.0,1.0,48.0,1797.0,717.0,109.0,137847641.0,179058274.0,0.0,0.0,"Teton County, Wyoming",1,official_seed_report_only
56041,2024,WY,0.0,0.0,0.0,0.0,0.0,2.0,32.0,518.0,152.0,86.0,27833920.0,35173526.0,0.0,0.0,"Uinta County, Wyoming",1,official_seed_report_only
56045,2024,WY,0.0,0.0,0.0,0.0,0.0,1.0,12.0,158.0,75.0,5.0,18136912.0,21593442.0,0.0,1.0,"Weston County, Wyoming",1,official_seed_report_only
