cms_provider_number,fiscal_year,manual_review_decision,manual_fips,manual_county_name,manual_geocode_confidence,manual_review_note,acceptance_source,acceptance_action,accepted_at,external_manual_rank,provider_year_key,provider_name,state_abbr,street_address,city,zip5,external_manual_lane,reviewer_decision,manual_geocode_source,manual_geocode_match_type,reviewed_by,reviewed_at,acceptance_status,acceptance_issue,production_model_rank_or_dashboard_change
284003,2024,assign_county,31109,"Lancaster County, Nebraska",0.8400,Held by strict Census context review: not_external_census_context_only; census_score_below_0_88; census_confidence_below_0_89; matched_address_missing_provider_zip5; leading_street_number_not_supported.,output/institutional_anchor_provider_geocode_external_manual_results_CENSUS_CONTEXT_REVIEW.csv,external_manual_geocode_review_confirmed,2026-06-04T17:01:40.158716+00:00,1,284003__2024,LINCOLN REGIONAL CENTER,NE,FOLSOM & PROSPECTOR,LINCOLN,68509,weak_same_fips_census_context_manual_review,hold,official_census_geographies_batch_context_review,census_non_exact_street_number_zip_city_state,codex_official_census_context_policy,2026-06-04T17:01:04.193568+00:00,held_or_rejected,Held by strict Census context review: not_external_census_context_only; census_score_below_0_88; census_confidence_below_0_89; matched_address_missing_provider_zip5; leading_street_number_not_supported.,False
100209,2023,assign_county,,,,Held by strict Census context review: not_external_census_context_only; census_status_not_match; census_match_type_not_non_exact; not_provider_original_attempt; census_fips_not_in_county_lookup; census_score_below_0_88; census_confidence_below_0_89; matched_address_missing_provider_zip5; leading_street_number_not_supported; street_token_support_missing; matched_address_lacks_city_support; matched_address_lacks_state_support.,output/institutional_anchor_provider_geocode_external_manual_results_CENSUS_CONTEXT_REVIEW.csv,external_manual_geocode_review_confirmed,2026-06-04T17:01:40.158716+00:00,2,100209__2023,HCA FLORIDA KENDALL HOSPITAL,FL,11750 BIRD ROAD,MIAMI,33175,same_city_unresolved_after_census_external_geocoder,hold,official_census_geographies_batch_context_review,census_non_exact_street_number_zip_city_state,codex_official_census_context_policy,2026-06-04T17:01:04.193568+00:00,held_or_rejected,Held by strict Census context review: not_external_census_context_only; census_status_not_match; census_match_type_not_non_exact; not_provider_original_attempt; census_fips_not_in_county_lookup; census_score_below_0_88; census_confidence_below_0_89; matched_address_missing_provider_zip5; leading_street_number_not_supported; street_token_support_missing; matched_address_lacks_city_support; matched_address_lacks_state_support.,False
190064,2024,assign_county,,,,Held by strict Census context review: not_external_census_context_only; census_status_not_match; census_match_type_not_non_exact; not_provider_original_attempt; census_fips_not_in_county_lookup; census_score_below_0_88; census_confidence_below_0_89; matched_address_missing_provider_zip5; leading_street_number_not_supported; street_token_support_missing; matched_address_lacks_city_support; matched_address_lacks_state_support.,output/institutional_anchor_provider_geocode_external_manual_results_CENSUS_CONTEXT_REVIEW.csv,external_manual_geocode_review_confirmed,2026-06-04T17:01:40.158716+00:00,3,190064__2024,OUR LADY OF THE LAKE RMC,LA,5000 HENNESSY BLVD,BATON ROUGE,70808,same_city_unresolved_after_census_external_geocoder,hold,official_census_geographies_batch_context_review,census_non_exact_street_number_zip_city_state,codex_official_census_context_policy,2026-06-04T17:01:04.193568+00:00,held_or_rejected,Held by strict Census context review: not_external_census_context_only; census_status_not_match; census_match_type_not_non_exact; not_provider_original_attempt; census_fips_not_in_county_lookup; census_score_below_0_88; census_confidence_below_0_89; matched_address_missing_provider_zip5; leading_street_number_not_supported; street_token_support_missing; matched_address_lacks_city_support; matched_address_lacks_state_support.,False
260105,2023,assign_county,,,,Held by strict Census context review: not_external_census_context_only; census_status_not_match; census_match_type_not_non_exact; not_provider_original_attempt; census_fips_not_in_county_lookup; census_score_below_0_88; census_confidence_below_0_89; matched_address_missing_provider_zip5; leading_street_number_not_supported; street_token_support_missing; matched_address_lacks_city_support; matched_address_lacks_state_support.,output/institutional_anchor_provider_geocode_external_manual_results_CENSUS_CONTEXT_REVIEW.csv,external_manual_geocode_review_confirmed,2026-06-04T17:01:40.158716+00:00,4,260105__2023,SSM SAINT LOUIS UNIVERSITY HOSPITAL,MO,1201 SOUTH GRAND BLVD,ST. LOUIS,63104,same_city_unresolved_after_census_external_geocoder,hold,official_census_geographies_batch_context_review,census_non_exact_street_number_zip_city_state,codex_official_census_context_policy,2026-06-04T17:01:04.193568+00:00,held_or_rejected,Held by strict Census context review: not_external_census_context_only; census_status_not_match; census_match_type_not_non_exact; not_provider_original_attempt; census_fips_not_in_county_lookup; census_score_below_0_88; census_confidence_below_0_89; matched_address_missing_provider_zip5; leading_street_number_not_supported; street_token_support_missing; matched_address_lacks_city_support; matched_address_lacks_state_support.,False
290041,2023,assign_county,,,,Held by strict Census context review: not_external_census_context_only; census_status_not_match; census_match_type_not_non_exact; not_provider_original_attempt; census_fips_not_in_county_lookup; census_score_below_0_88; census_confidence_below_0_89; matched_address_missing_provider_zip5; leading_street_number_not_supported; street_token_support_missing; matched_address_lacks_city_support; matched_address_lacks_state_support.,output/institutional_anchor_provider_geocode_external_manual_results_CENSUS_CONTEXT_REVIEW.csv,external_manual_geocode_review_confirmed,2026-06-04T17:01:40.158716+00:00,5,290041__2023,SUMMERLIN HOSPITAL MEDICAL CENTER,NV,657 TOWN CENTER DRIVE,LAS VEGAS,89114,same_city_unresolved_after_census_external_geocoder,hold,official_census_geographies_batch_context_review,census_non_exact_street_number_zip_city_state,codex_official_census_context_policy,2026-06-04T17:01:04.193568+00:00,held_or_rejected,Held by strict Census context review: not_external_census_context_only; census_status_not_match; census_match_type_not_non_exact; not_provider_original_attempt; census_fips_not_in_county_lookup; census_score_below_0_88; census_confidence_below_0_89; matched_address_missing_provider_zip5; leading_street_number_not_supported; street_token_support_missing; matched_address_lacks_city_support; matched_address_lacks_state_support.,False
370093,2024,assign_county,,,,Held by strict Census context review: not_external_census_context_only; census_status_not_match; census_match_type_not_non_exact; not_provider_original_attempt; census_fips_not_in_county_lookup; census_score_below_0_88; census_confidence_below_0_89; matched_address_missing_provider_zip5; leading_street_number_not_supported; street_token_support_missing; matched_address_lacks_city_support; matched_address_lacks_state_support.,output/institutional_anchor_provider_geocode_external_manual_results_CENSUS_CONTEXT_REVIEW.csv,external_manual_geocode_review_confirmed,2026-06-04T17:01:40.158716+00:00,6,370093__2024,OU MEDICAL CENTER,OK,1200 CHILDRENS AVE,OKLAHOMA CITY,73104,same_city_unresolved_after_census_external_geocoder,hold,official_census_geographies_batch_context_review,census_non_exact_street_number_zip_city_state,codex_official_census_context_policy,2026-06-04T17:01:04.193568+00:00,held_or_rejected,Held by strict Census context review: not_external_census_context_only; census_status_not_match; census_match_type_not_non_exact; not_provider_original_attempt; census_fips_not_in_county_lookup; census_score_below_0_88; census_confidence_below_0_89; matched_address_missing_provider_zip5; leading_street_number_not_supported; street_token_support_missing; matched_address_lacks_city_support; matched_address_lacks_state_support.,False
450788,2024,assign_county,,,,Held by strict Census context review: not_external_census_context_only; census_status_not_match; census_match_type_not_non_exact; not_provider_original_attempt; census_fips_not_in_county_lookup; census_score_below_0_88; census_confidence_below_0_89; matched_address_missing_provider_zip5; leading_street_number_not_supported; street_token_support_missing; matched_address_lacks_city_support; matched_address_lacks_state_support.,output/institutional_anchor_provider_geocode_external_manual_results_CENSUS_CONTEXT_REVIEW.csv,external_manual_geocode_review_confirmed,2026-06-04T17:01:40.158716+00:00,7,450788__2024,CORPUS CHRISTI MEDICAL CENTER,TX,7101 SOUTH PADRE ISLAND DRIVE,CORPUS CHRISTI,78412,same_city_unresolved_after_census_external_geocoder,hold,official_census_geographies_batch_context_review,census_non_exact_street_number_zip_city_state,codex_official_census_context_policy,2026-06-04T17:01:04.193568+00:00,held_or_rejected,Held by strict Census context review: not_external_census_context_only; census_status_not_match; census_match_type_not_non_exact; not_provider_original_attempt; census_fips_not_in_county_lookup; census_score_below_0_88; census_confidence_below_0_89; matched_address_missing_provider_zip5; leading_street_number_not_supported; street_token_support_missing; matched_address_lacks_city_support; matched_address_lacks_state_support.,False
030115,2023,assign_county,,,,Held by strict Census context review: not_external_census_context_only; census_status_not_match; census_match_type_not_non_exact; not_provider_original_attempt; census_fips_not_in_county_lookup; census_score_below_0_88; census_confidence_below_0_89; matched_address_missing_provider_zip5; leading_street_number_not_supported; street_token_support_missing; matched_address_lacks_city_support; matched_address_lacks_state_support.,output/institutional_anchor_provider_geocode_external_manual_results_CENSUS_CONTEXT_REVIEW.csv,external_manual_geocode_review_confirmed,2026-06-04T17:01:40.158716+00:00,8,030115__2023,BANNER ESTRELLA MEDICAL CENTER,AZ,9201 WEST THOMAS ROAD,PHOENIX,85037,same_city_unresolved_after_census_external_geocoder,hold,official_census_geographies_batch_context_review,census_non_exact_street_number_zip_city_state,codex_official_census_context_policy,2026-06-04T17:01:04.193568+00:00,held_or_rejected,Held by strict Census context review: not_external_census_context_only; census_status_not_match; census_match_type_not_non_exact; not_provider_original_attempt; census_fips_not_in_county_lookup; census_score_below_0_88; census_confidence_below_0_89; matched_address_missing_provider_zip5; leading_street_number_not_supported; street_token_support_missing; matched_address_lacks_city_support; matched_address_lacks_state_support.,False
210024,2024,assign_county,,,,Held by strict Census context review: not_external_census_context_only; census_status_not_match; census_match_type_not_non_exact; not_provider_original_attempt; census_fips_not_in_county_lookup; census_score_below_0_88; census_confidence_below_0_89; matched_address_missing_provider_zip5; leading_street_number_not_supported; street_token_support_missing; matched_address_lacks_city_support; matched_address_lacks_state_support.,output/institutional_anchor_provider_geocode_external_manual_results_CENSUS_CONTEXT_REVIEW.csv,external_manual_geocode_review_confirmed,2026-06-04T17:01:40.158716+00:00,9,210024__2024,MEDSTAR UNION MEMORIAL HOSPITAL,MD,201 EAST UNIVERSITY PARKWAY,BALTIMORE,21218,same_city_unresolved_after_census_external_geocoder,hold,official_census_geographies_batch_context_review,census_non_exact_street_number_zip_city_state,codex_official_census_context_policy,2026-06-04T17:01:04.193568+00:00,held_or_rejected,Held by strict Census context review: not_external_census_context_only; census_status_not_match; census_match_type_not_non_exact; not_provider_original_attempt; census_fips_not_in_county_lookup; census_score_below_0_88; census_confidence_below_0_89; matched_address_missing_provider_zip5; leading_street_number_not_supported; street_token_support_missing; matched_address_lacks_city_support; matched_address_lacks_state_support.,False
450079,2024,assign_county,,,,Held by strict Census context review: not_external_census_context_only; census_status_not_match; census_match_type_not_non_exact; not_provider_original_attempt; census_fips_not_in_county_lookup; census_score_below_0_88; census_confidence_below_0_89; matched_address_missing_provider_zip5; leading_street_number_not_supported; street_token_support_missing; matched_address_lacks_city_support; matched_address_lacks_state_support.,output/institutional_anchor_provider_geocode_external_manual_results_CENSUS_CONTEXT_REVIEW.csv,external_manual_geocode_review_confirmed,2026-06-04T17:01:40.158716+00:00,10,450079__2024,BAYLOR S&W MEDICAL CENTER - IRVING,TX,1901 NORTH MACARTHUR BLVD,IRVING,75061,same_city_unresolved_after_census_external_geocoder,hold,official_census_geographies_batch_context_review,census_non_exact_street_number_zip_city_state,codex_official_census_context_policy,2026-06-04T17:01:04.193568+00:00,held_or_rejected,Held by strict Census context review: not_external_census_context_only; census_status_not_match; census_match_type_not_non_exact; not_provider_original_attempt; census_fips_not_in_county_lookup; census_score_below_0_88; census_confidence_below_0_89; matched_address_missing_provider_zip5; leading_street_number_not_supported; street_token_support_missing; matched_address_lacks_city_support; matched_address_lacks_state_support.,False
370056,2024,assign_county,,,,Held by strict Census context review: not_external_census_context_only; census_status_not_match; census_match_type_not_non_exact; not_provider_original_attempt; census_fips_not_in_county_lookup; census_score_below_0_88; census_confidence_below_0_89; matched_address_missing_provider_zip5; leading_street_number_not_supported; street_token_support_missing; matched_address_lacks_city_support; matched_address_lacks_state_support.,output/institutional_anchor_provider_geocode_external_manual_results_CENSUS_CONTEXT_REVIEW.csv,external_manual_geocode_review_confirmed,2026-06-04T17:01:40.158716+00:00,11,370056__2024,COMANCHE COUNTY MEMORIAL HOSPITAL,OK,3401 W GORE,LAWTON,73502,same_city_unresolved_after_census_external_geocoder,hold,official_census_geographies_batch_context_review,census_non_exact_street_number_zip_city_state,codex_official_census_context_policy,2026-06-04T17:01:04.193568+00:00,held_or_rejected,Held by strict Census context review: not_external_census_context_only; census_status_not_match; census_match_type_not_non_exact; not_provider_original_attempt; census_fips_not_in_county_lookup; census_score_below_0_88; census_confidence_below_0_89; matched_address_missing_provider_zip5; leading_street_number_not_supported; street_token_support_missing; matched_address_lacks_city_support; matched_address_lacks_state_support.,False
190204,2023,assign_county,,,,Held by strict Census context review: not_external_census_context_only; census_status_not_match; census_match_type_not_non_exact; not_provider_original_attempt; census_fips_not_in_county_lookup; census_score_below_0_88; census_confidence_below_0_89; matched_address_missing_provider_zip5; leading_street_number_not_supported; street_token_support_missing; matched_address_lacks_city_support; matched_address_lacks_state_support.,output/institutional_anchor_provider_geocode_external_manual_results_CENSUS_CONTEXT_REVIEW.csv,external_manual_geocode_review_confirmed,2026-06-04T17:01:40.158716+00:00,12,190204__2023,OCHSNER MEDICAL CENTER -NORTHSHORE,LA,100 MEDICAL CENTER DRIVE,SLIDELL,70461,same_city_unresolved_after_census_external_geocoder,hold,official_census_geographies_batch_context_review,census_non_exact_street_number_zip_city_state,codex_official_census_context_policy,2026-06-04T17:01:04.193568+00:00,held_or_rejected,Held by strict Census context review: not_external_census_context_only; census_status_not_match; census_match_type_not_non_exact; not_provider_original_attempt; census_fips_not_in_county_lookup; census_score_below_0_88; census_confidence_below_0_89; matched_address_missing_provider_zip5; leading_street_number_not_supported; street_token_support_missing; matched_address_lacks_city_support; matched_address_lacks_state_support.,False
210034,2024,assign_county,,,,Held by strict Census context review: not_external_census_context_only; census_status_not_match; census_match_type_not_non_exact; not_provider_original_attempt; census_fips_not_in_county_lookup; census_score_below_0_88; census_confidence_below_0_89; matched_address_missing_provider_zip5; leading_street_number_not_supported; street_token_support_missing; matched_address_lacks_city_support; matched_address_lacks_state_support.,output/institutional_anchor_provider_geocode_external_manual_results_CENSUS_CONTEXT_REVIEW.csv,external_manual_geocode_review_confirmed,2026-06-04T17:01:40.158716+00:00,13,210034__2024,MEDSTAR HARBOR HOSPITAL,MD,3001 SOUTH HANOVER STREET,BALTIMORE,21225,same_city_unresolved_after_census_external_geocoder,hold,official_census_geographies_batch_context_review,census_non_exact_street_number_zip_city_state,codex_official_census_context_policy,2026-06-04T17:01:04.193568+00:00,held_or_rejected,Held by strict Census context review: not_external_census_context_only; census_status_not_match; census_match_type_not_non_exact; not_provider_original_attempt; census_fips_not_in_county_lookup; census_score_below_0_88; census_confidence_below_0_89; matched_address_missing_provider_zip5; leading_street_number_not_supported; street_token_support_missing; matched_address_lacks_city_support; matched_address_lacks_state_support.,False
190054,2023,assign_county,,,,Held by strict Census context review: not_external_census_context_only; census_status_not_match; census_match_type_not_non_exact; not_provider_original_attempt; census_fips_not_in_county_lookup; census_score_below_0_88; census_confidence_below_0_89; matched_address_missing_provider_zip5; leading_street_number_not_supported; street_token_support_missing; matched_address_lacks_city_support; matched_address_lacks_state_support.,output/institutional_anchor_provider_geocode_external_manual_results_CENSUS_CONTEXT_REVIEW.csv,external_manual_geocode_review_confirmed,2026-06-04T17:01:40.158716+00:00,14,190054__2023,IBERIA MEDICAL CENTER,LA,2315 W MAIN STREET,NEW IBERIA,70562,same_city_unresolved_after_census_external_geocoder,hold,official_census_geographies_batch_context_review,census_non_exact_street_number_zip_city_state,codex_official_census_context_policy,2026-06-04T17:01:04.193568+00:00,held_or_rejected,Held by strict Census context review: not_external_census_context_only; census_status_not_match; census_match_type_not_non_exact; not_provider_original_attempt; census_fips_not_in_county_lookup; census_score_below_0_88; census_confidence_below_0_89; matched_address_missing_provider_zip5; leading_street_number_not_supported; street_token_support_missing; matched_address_lacks_city_support; matched_address_lacks_state_support.,False
474001,2023,assign_county,,,,Held by strict Census context review: not_external_census_context_only; census_status_not_match; census_match_type_not_non_exact; not_provider_original_attempt; census_fips_not_in_county_lookup; census_score_below_0_88; census_confidence_below_0_89; matched_address_missing_provider_zip5; leading_street_number_not_supported; street_token_support_missing; matched_address_lacks_city_support; matched_address_lacks_state_support.,output/institutional_anchor_provider_geocode_external_manual_results_CENSUS_CONTEXT_REVIEW.csv,external_manual_geocode_review_confirmed,2026-06-04T17:01:40.158716+00:00,15,474001__2023,BRATTLEBORO RETREAT,VT,ANNA MARSH LANE,BRATTLEBORO,05302,same_city_unresolved_after_census_external_geocoder,hold,official_census_geographies_batch_context_review,census_non_exact_street_number_zip_city_state,codex_official_census_context_policy,2026-06-04T17:01:04.193568+00:00,held_or_rejected,Held by strict Census context review: not_external_census_context_only; census_status_not_match; census_match_type_not_non_exact; not_provider_original_attempt; census_fips_not_in_county_lookup; census_score_below_0_88; census_confidence_below_0_89; matched_address_missing_provider_zip5; leading_street_number_not_supported; street_token_support_missing; matched_address_lacks_city_support; matched_address_lacks_state_support.,False
514009,2024,assign_county,,,,Held by strict Census context review: not_external_census_context_only; census_status_not_match; census_match_type_not_non_exact; not_provider_original_attempt; census_fips_not_in_county_lookup; census_score_below_0_88; census_confidence_below_0_89; matched_address_missing_provider_zip5; leading_street_number_not_supported; street_token_support_missing; matched_address_lacks_city_support; matched_address_lacks_state_support.,output/institutional_anchor_provider_geocode_external_manual_results_CENSUS_CONTEXT_REVIEW.csv,external_manual_geocode_review_confirmed,2026-06-04T17:01:40.158716+00:00,16,514009__2024,MILDRED MITCHELL-BATEMAN HOSPITAL,WV,1530 NORWAY AVENUE,HUNTINGTON,25706,same_city_unresolved_after_census_external_geocoder,hold,official_census_geographies_batch_context_review,census_non_exact_street_number_zip_city_state,codex_official_census_context_policy,2026-06-04T17:01:04.193568+00:00,held_or_rejected,Held by strict Census context review: not_external_census_context_only; census_status_not_match; census_match_type_not_non_exact; not_provider_original_attempt; census_fips_not_in_county_lookup; census_score_below_0_88; census_confidence_below_0_89; matched_address_missing_provider_zip5; leading_street_number_not_supported; street_token_support_missing; matched_address_lacks_city_support; matched_address_lacks_state_support.,False
054089,2024,assign_county,,,,Held by strict Census context review: not_external_census_context_only; census_status_not_match; census_match_type_not_non_exact; not_provider_original_attempt; census_fips_not_in_county_lookup; census_score_below_0_88; census_confidence_below_0_89; matched_address_missing_provider_zip5; leading_street_number_not_supported; street_token_support_missing; matched_address_lacks_city_support; matched_address_lacks_state_support.,output/institutional_anchor_provider_geocode_external_manual_results_CENSUS_CONTEXT_REVIEW.csv,external_manual_geocode_review_confirmed,2026-06-04T17:01:40.158716+00:00,17,054089__2024,JEWISH HOME FOR THE AGED,CA,302 SILVER AVENUE,SAN FRANCISCO,94112,same_city_unresolved_after_census_external_geocoder,hold,official_census_geographies_batch_context_review,census_non_exact_street_number_zip_city_state,codex_official_census_context_policy,2026-06-04T17:01:04.193568+00:00,held_or_rejected,Held by strict Census context review: not_external_census_context_only; census_status_not_match; census_match_type_not_non_exact; not_provider_original_attempt; census_fips_not_in_county_lookup; census_score_below_0_88; census_confidence_below_0_89; matched_address_missing_provider_zip5; leading_street_number_not_supported; street_token_support_missing; matched_address_lacks_city_support; matched_address_lacks_state_support.,False
343025,2023,assign_county,,,,Held by strict Census context review: not_external_census_context_only; census_status_not_match; census_match_type_not_non_exact; not_provider_original_attempt; census_fips_not_in_county_lookup; census_score_below_0_88; census_confidence_below_0_89; matched_address_missing_provider_zip5; leading_street_number_not_supported; street_token_support_missing; matched_address_lacks_city_support; matched_address_lacks_state_support.,output/institutional_anchor_provider_geocode_external_manual_results_CENSUS_CONTEXT_REVIEW.csv,external_manual_geocode_review_confirmed,2026-06-04T17:01:40.158716+00:00,18,343025__2023,CAREPARTNERS REHAB HOSPITAL,NC,68 SWEETEN CREEK ROAD,ASHEVILLE,28803,same_city_unresolved_after_census_external_geocoder,hold,official_census_geographies_batch_context_review,census_non_exact_street_number_zip_city_state,codex_official_census_context_policy,2026-06-04T17:01:04.193568+00:00,held_or_rejected,Held by strict Census context review: not_external_census_context_only; census_status_not_match; census_match_type_not_non_exact; not_provider_original_attempt; census_fips_not_in_county_lookup; census_score_below_0_88; census_confidence_below_0_89; matched_address_missing_provider_zip5; leading_street_number_not_supported; street_token_support_missing; matched_address_lacks_city_support; matched_address_lacks_state_support.,False
670112,2024,assign_county,,,,Held by strict Census context review: not_external_census_context_only; census_status_not_match; census_match_type_not_non_exact; not_provider_original_attempt; census_fips_not_in_county_lookup; census_score_below_0_88; census_confidence_below_0_89; matched_address_missing_provider_zip5; leading_street_number_not_supported; street_token_support_missing; matched_address_lacks_city_support; matched_address_lacks_state_support.,output/institutional_anchor_provider_geocode_external_manual_results_CENSUS_CONTEXT_REVIEW.csv,external_manual_geocode_review_confirmed,2026-06-04T17:01:40.158716+00:00,19,670112__2024,CUMBERLAND SURGICAL HOSPITAL,TX,5330 NORTH LOOP 1604 WEST,SAN ANTONIO,78249,same_city_unresolved_after_census_external_geocoder,hold,official_census_geographies_batch_context_review,census_non_exact_street_number_zip_city_state,codex_official_census_context_policy,2026-06-04T17:01:04.193568+00:00,held_or_rejected,Held by strict Census context review: not_external_census_context_only; census_status_not_match; census_match_type_not_non_exact; not_provider_original_attempt; census_fips_not_in_county_lookup; census_score_below_0_88; census_confidence_below_0_89; matched_address_missing_provider_zip5; leading_street_number_not_supported; street_token_support_missing; matched_address_lacks_city_support; matched_address_lacks_state_support.,False
212002,2024,assign_county,,,,Held by strict Census context review: not_external_census_context_only; census_status_not_match; census_match_type_not_non_exact; not_provider_original_attempt; census_fips_not_in_county_lookup; census_score_below_0_88; census_confidence_below_0_89; matched_address_missing_provider_zip5; leading_street_number_not_supported; street_token_support_missing; matched_address_lacks_city_support; matched_address_lacks_state_support.,output/institutional_anchor_provider_geocode_external_manual_results_CENSUS_CONTEXT_REVIEW.csv,external_manual_geocode_review_confirmed,2026-06-04T17:01:40.158716+00:00,20,212002__2024,WESTERN MARYLAND HOSPITAL CENTER,MD,1500 PENNSYLVANIA AVENUE,HAGERSTOWN,21740,same_city_unresolved_after_census_external_geocoder,hold,official_census_geographies_batch_context_review,census_non_exact_street_number_zip_city_state,codex_official_census_context_policy,2026-06-04T17:01:04.193568+00:00,held_or_rejected,Held by strict Census context review: not_external_census_context_only; census_status_not_match; census_match_type_not_non_exact; not_provider_original_attempt; census_fips_not_in_county_lookup; census_score_below_0_88; census_confidence_below_0_89; matched_address_missing_provider_zip5; leading_street_number_not_supported; street_token_support_missing; matched_address_lacks_city_support; matched_address_lacks_state_support.,False
190044,2023,assign_county,,,,Held by strict Census context review: not_external_census_context_only; census_status_not_match; census_match_type_not_non_exact; not_provider_original_attempt; census_fips_not_in_county_lookup; census_score_below_0_88; census_confidence_below_0_89; matched_address_missing_provider_zip5; leading_street_number_not_supported; street_token_support_missing; matched_address_lacks_city_support; matched_address_lacks_state_support.,output/institutional_anchor_provider_geocode_external_manual_results_CENSUS_CONTEXT_REVIEW.csv,external_manual_geocode_review_confirmed,2026-06-04T17:01:40.158716+00:00,21,190044__2023,ACADIA GENERAL HOSPITAL,LA,190044,CROWLEY,70526,same_city_unresolved_after_census_external_geocoder,hold,official_census_geographies_batch_context_review,census_non_exact_street_number_zip_city_state,codex_official_census_context_policy,2026-06-04T17:01:04.193568+00:00,held_or_rejected,Held by strict Census context review: not_external_census_context_only; census_status_not_match; census_match_type_not_non_exact; not_provider_original_attempt; census_fips_not_in_county_lookup; census_score_below_0_88; census_confidence_below_0_89; matched_address_missing_provider_zip5; leading_street_number_not_supported; street_token_support_missing; matched_address_lacks_city_support; matched_address_lacks_state_support.,False
103052,2023,assign_county,,,,Held by strict Census context review: not_external_census_context_only; census_status_not_match; census_match_type_not_non_exact; not_provider_original_attempt; census_fips_not_in_county_lookup; census_score_below_0_88; census_confidence_below_0_89; matched_address_missing_provider_zip5; leading_street_number_not_supported; street_token_support_missing; matched_address_lacks_city_support; matched_address_lacks_state_support.,output/institutional_anchor_provider_geocode_external_manual_results_CENSUS_CONTEXT_REVIEW.csv,external_manual_geocode_review_confirmed,2026-06-04T17:01:40.158716+00:00,22,103052__2023,ENCOMPASS HEALTH REHABILITATION HOSP,FL,11595 BURNT MILL ROAD,JACKSONVILLE,32256,same_city_unresolved_after_census_external_geocoder,hold,official_census_geographies_batch_context_review,census_non_exact_street_number_zip_city_state,codex_official_census_context_policy,2026-06-04T17:01:04.193568+00:00,held_or_rejected,Held by strict Census context review: not_external_census_context_only; census_status_not_match; census_match_type_not_non_exact; not_provider_original_attempt; census_fips_not_in_county_lookup; census_score_below_0_88; census_confidence_below_0_89; matched_address_missing_provider_zip5; leading_street_number_not_supported; street_token_support_missing; matched_address_lacks_city_support; matched_address_lacks_state_support.,False
670265,2024,assign_county,,,,Held by strict Census context review: not_external_census_context_only; census_status_not_match; census_match_type_not_non_exact; not_provider_original_attempt; census_fips_not_in_county_lookup; census_score_below_0_88; census_confidence_below_0_89; matched_address_missing_provider_zip5; leading_street_number_not_supported; street_token_support_missing; matched_address_lacks_city_support; matched_address_lacks_state_support.,output/institutional_anchor_provider_geocode_external_manual_results_CENSUS_CONTEXT_REVIEW.csv,external_manual_geocode_review_confirmed,2026-06-04T17:01:40.158716+00:00,23,670265__2024,LEGENT ORTHOPEDIC HOSPITAL CARROLLTO,TX,1401 EAST TRINITY MILLS ROAD,CARROLLTON,75007,same_city_unresolved_after_census_external_geocoder,hold,official_census_geographies_batch_context_review,census_non_exact_street_number_zip_city_state,codex_official_census_context_policy,2026-06-04T17:01:04.193568+00:00,held_or_rejected,Held by strict Census context review: not_external_census_context_only; census_status_not_match; census_match_type_not_non_exact; not_provider_original_attempt; census_fips_not_in_county_lookup; census_score_below_0_88; census_confidence_below_0_89; matched_address_missing_provider_zip5; leading_street_number_not_supported; street_token_support_missing; matched_address_lacks_city_support; matched_address_lacks_state_support.,False
054149,2024,assign_county,,,,Held by strict Census context review: not_external_census_context_only; census_status_not_match; census_match_type_not_non_exact; not_provider_original_attempt; census_fips_not_in_county_lookup; census_score_below_0_88; census_confidence_below_0_89; matched_address_missing_provider_zip5; leading_street_number_not_supported; street_token_support_missing; matched_address_lacks_city_support; matched_address_lacks_state_support.,output/institutional_anchor_provider_geocode_external_manual_results_CENSUS_CONTEXT_REVIEW.csv,external_manual_geocode_review_confirmed,2026-06-04T17:01:40.158716+00:00,24,054149__2024,WILLOW ROCK CENTER,CA,22050 FAIRMONT DRIVE,SAN LEANDRO,94578,same_city_unresolved_after_census_external_geocoder,hold,official_census_geographies_batch_context_review,census_non_exact_street_number_zip_city_state,codex_official_census_context_policy,2026-06-04T17:01:04.193568+00:00,held_or_rejected,Held by strict Census context review: not_external_census_context_only; census_status_not_match; census_match_type_not_non_exact; not_provider_original_attempt; census_fips_not_in_county_lookup; census_score_below_0_88; census_confidence_below_0_89; matched_address_missing_provider_zip5; leading_street_number_not_supported; street_token_support_missing; matched_address_lacks_city_support; matched_address_lacks_state_support.,False
213300,2024,assign_county,,,,Held by strict Census context review: not_external_census_context_only; census_status_not_match; census_match_type_not_non_exact; not_provider_original_attempt; census_fips_not_in_county_lookup; census_score_below_0_88; census_confidence_below_0_89; matched_address_missing_provider_zip5; leading_street_number_not_supported; street_token_support_missing; matched_address_lacks_city_support; matched_address_lacks_state_support.,output/institutional_anchor_provider_geocode_external_manual_results_CENSUS_CONTEXT_REVIEW.csv,external_manual_geocode_review_confirmed,2026-06-04T17:01:40.158716+00:00,25,213300__2024,MT WASHINGTON PEDIATRICS,MD,1708 WEST ROGERS AVENUE,BALTIMORE,21209,same_city_unresolved_after_census_external_geocoder,hold,official_census_geographies_batch_context_review,census_non_exact_street_number_zip_city_state,codex_official_census_context_policy,2026-06-04T17:01:04.193568+00:00,held_or_rejected,Held by strict Census context review: not_external_census_context_only; census_status_not_match; census_match_type_not_non_exact; not_provider_original_attempt; census_fips_not_in_county_lookup; census_score_below_0_88; census_confidence_below_0_89; matched_address_missing_provider_zip5; leading_street_number_not_supported; street_token_support_missing; matched_address_lacks_city_support; matched_address_lacks_state_support.,False
400016,2023,assign_county,,,,Held by strict Census context review: not_external_census_context_only; census_status_not_match; census_match_type_not_non_exact; not_provider_original_attempt; census_fips_not_in_county_lookup; census_score_below_0_88; census_confidence_below_0_89; matched_address_missing_provider_zip5; leading_street_number_not_supported; street_token_support_missing; matched_address_lacks_city_support; matched_address_lacks_state_support.,output/institutional_anchor_provider_geocode_external_manual_results_CENSUS_CONTEXT_REVIEW.csv,external_manual_geocode_review_confirmed,2026-06-04T17:01:40.158716+00:00,26,400016__2023,AUXILIO MUTUO HOSPITAL,PR,PONCE DE LEON,SAN JUAN,00919,same_city_unresolved_after_census_external_geocoder,hold,official_census_geographies_batch_context_review,census_non_exact_street_number_zip_city_state,codex_official_census_context_policy,2026-06-04T17:01:04.193568+00:00,held_or_rejected,Held by strict Census context review: not_external_census_context_only; census_status_not_match; census_match_type_not_non_exact; not_provider_original_attempt; census_fips_not_in_county_lookup; census_score_below_0_88; census_confidence_below_0_89; matched_address_missing_provider_zip5; leading_street_number_not_supported; street_token_support_missing; matched_address_lacks_city_support; matched_address_lacks_state_support.,False
400044,2023,assign_county,,,,Held by strict Census context review: not_external_census_context_only; census_status_not_match; census_match_type_not_non_exact; not_provider_original_attempt; census_fips_not_in_county_lookup; census_score_below_0_88; census_confidence_below_0_89; matched_address_missing_provider_zip5; leading_street_number_not_supported; street_token_support_missing; matched_address_lacks_city_support; matched_address_lacks_state_support.,output/institutional_anchor_provider_geocode_external_manual_results_CENSUS_CONTEXT_REVIEW.csv,external_manual_geocode_review_confirmed,2026-06-04T17:01:40.158716+00:00,27,400044__2023,SAN LUCAS PONCE,PR,917 AVE TITO CASTRO,PONCE,00733,same_city_unresolved_after_census_external_geocoder,hold,official_census_geographies_batch_context_review,census_non_exact_street_number_zip_city_state,codex_official_census_context_policy,2026-06-04T17:01:04.193568+00:00,held_or_rejected,Held by strict Census context review: not_external_census_context_only; census_status_not_match; census_match_type_not_non_exact; not_provider_original_attempt; census_fips_not_in_county_lookup; census_score_below_0_88; census_confidence_below_0_89; matched_address_missing_provider_zip5; leading_street_number_not_supported; street_token_support_missing; matched_address_lacks_city_support; matched_address_lacks_state_support.,False
400061,2024,assign_county,,,,Held by strict Census context review: not_external_census_context_only; census_status_not_match; census_match_type_not_non_exact; not_provider_original_attempt; census_fips_not_in_county_lookup; census_score_below_0_88; census_confidence_below_0_89; matched_address_missing_provider_zip5; leading_street_number_not_supported; street_token_support_missing; matched_address_lacks_city_support; matched_address_lacks_state_support.,output/institutional_anchor_provider_geocode_external_manual_results_CENSUS_CONTEXT_REVIEW.csv,external_manual_geocode_review_confirmed,2026-06-04T17:01:40.158716+00:00,28,400061__2024,UNIVERSITY DISCTRICT HOSPITAL,PR,BO. MONACILLO,SAN JUAN,00922,same_city_unresolved_after_census_external_geocoder,hold,official_census_geographies_batch_context_review,census_non_exact_street_number_zip_city_state,codex_official_census_context_policy,2026-06-04T17:01:04.193568+00:00,held_or_rejected,Held by strict Census context review: not_external_census_context_only; census_status_not_match; census_match_type_not_non_exact; not_provider_original_attempt; census_fips_not_in_county_lookup; census_score_below_0_88; census_confidence_below_0_89; matched_address_missing_provider_zip5; leading_street_number_not_supported; street_token_support_missing; matched_address_lacks_city_support; matched_address_lacks_state_support.,False
400127,2024,assign_county,,,,Held by strict Census context review: not_external_census_context_only; census_status_not_match; census_match_type_not_non_exact; not_provider_original_attempt; census_fips_not_in_county_lookup; census_score_below_0_88; census_confidence_below_0_89; matched_address_missing_provider_zip5; leading_street_number_not_supported; street_token_support_missing; matched_address_lacks_city_support; matched_address_lacks_state_support.,output/institutional_anchor_provider_geocode_external_manual_results_CENSUS_CONTEXT_REVIEW.csv,external_manual_geocode_review_confirmed,2026-06-04T17:01:40.158716+00:00,29,400127__2024,ADMIN DE SERVICIOS MEDICOS DE PR,PR,CENTRO MEDICO,SAN JUAN,00922,same_city_unresolved_after_census_external_geocoder,hold,official_census_geographies_batch_context_review,census_non_exact_street_number_zip_city_state,codex_official_census_context_policy,2026-06-04T17:01:04.193568+00:00,held_or_rejected,Held by strict Census context review: not_external_census_context_only; census_status_not_match; census_match_type_not_non_exact; not_provider_original_attempt; census_fips_not_in_county_lookup; census_score_below_0_88; census_confidence_below_0_89; matched_address_missing_provider_zip5; leading_street_number_not_supported; street_token_support_missing; matched_address_lacks_city_support; matched_address_lacks_state_support.,False
400015,2024,assign_county,,,,Held by strict Census context review: not_external_census_context_only; census_status_not_match; census_match_type_not_non_exact; not_provider_original_attempt; census_fips_not_in_county_lookup; census_score_below_0_88; census_confidence_below_0_89; matched_address_missing_provider_zip5; leading_street_number_not_supported; street_token_support_missing; matched_address_lacks_city_support; matched_address_lacks_state_support.,output/institutional_anchor_provider_geocode_external_manual_results_CENSUS_CONTEXT_REVIEW.csv,external_manual_geocode_review_confirmed,2026-06-04T17:01:40.158716+00:00,30,400015__2024,SAN JUAN MUNICIPAL HOSPITAL,PR,RIO PIEDRAS STATION,SAN JUAN,00928,same_city_unresolved_after_census_external_geocoder,hold,official_census_geographies_batch_context_review,census_non_exact_street_number_zip_city_state,codex_official_census_context_policy,2026-06-04T17:01:04.193568+00:00,held_or_rejected,Held by strict Census context review: not_external_census_context_only; census_status_not_match; census_match_type_not_non_exact; not_provider_original_attempt; census_fips_not_in_county_lookup; census_score_below_0_88; census_confidence_below_0_89; matched_address_missing_provider_zip5; leading_street_number_not_supported; street_token_support_missing; matched_address_lacks_city_support; matched_address_lacks_state_support.,False
400098,2023,assign_county,,,,Held by strict Census context review: not_external_census_context_only; census_status_not_match; census_match_type_not_non_exact; not_provider_original_attempt; census_fips_not_in_county_lookup; census_score_below_0_88; census_confidence_below_0_89; matched_address_missing_provider_zip5; leading_street_number_not_supported; street_token_support_missing; matched_address_lacks_city_support; matched_address_lacks_state_support.,output/institutional_anchor_provider_geocode_external_manual_results_CENSUS_CONTEXT_REVIEW.csv,external_manual_geocode_review_confirmed,2026-06-04T17:01:40.158716+00:00,31,400098__2023,HOSPITAL SAN FRANCISCO,PR,DE DIEGO AVE. #371,RIO PIEDRAS,00923,same_city_unresolved_after_census_external_geocoder,hold,official_census_geographies_batch_context_review,census_non_exact_street_number_zip_city_state,codex_official_census_context_policy,2026-06-04T17:01:04.193568+00:00,held_or_rejected,Held by strict Census context review: not_external_census_context_only; census_status_not_match; census_match_type_not_non_exact; not_provider_original_attempt; census_fips_not_in_county_lookup; census_score_below_0_88; census_confidence_below_0_89; matched_address_missing_provider_zip5; leading_street_number_not_supported; street_token_support_missing; matched_address_lacks_city_support; matched_address_lacks_state_support.,False
400106,2023,assign_county,,,,Held by strict Census context review: not_external_census_context_only; census_status_not_match; census_match_type_not_non_exact; not_provider_original_attempt; census_fips_not_in_county_lookup; census_score_below_0_88; census_confidence_below_0_89; matched_address_missing_provider_zip5; leading_street_number_not_supported; street_token_support_missing; matched_address_lacks_city_support; matched_address_lacks_state_support.,output/institutional_anchor_provider_geocode_external_manual_results_CENSUS_CONTEXT_REVIEW.csv,external_manual_geocode_review_confirmed,2026-06-04T17:01:40.158716+00:00,32,400106__2023,HOSPITAL METROPOLITANO,PR,21 #1785,RIO PIEDRAS,00922,same_city_unresolved_after_census_external_geocoder,hold,official_census_geographies_batch_context_review,census_non_exact_street_number_zip_city_state,codex_official_census_context_policy,2026-06-04T17:01:04.193568+00:00,held_or_rejected,Held by strict Census context review: not_external_census_context_only; census_status_not_match; census_match_type_not_non_exact; not_provider_original_attempt; census_fips_not_in_county_lookup; census_score_below_0_88; census_confidence_below_0_89; matched_address_missing_provider_zip5; leading_street_number_not_supported; street_token_support_missing; matched_address_lacks_city_support; matched_address_lacks_state_support.,False
400022,2023,assign_county,,,,Held by strict Census context review: not_external_census_context_only; census_status_not_match; census_match_type_not_non_exact; not_provider_original_attempt; census_fips_not_in_county_lookup; census_score_below_0_88; census_confidence_below_0_89; matched_address_missing_provider_zip5; leading_street_number_not_supported; street_token_support_missing; matched_address_lacks_city_support; matched_address_lacks_state_support.,output/institutional_anchor_provider_geocode_external_manual_results_CENSUS_CONTEXT_REVIEW.csv,external_manual_geocode_review_confirmed,2026-06-04T17:01:40.158716+00:00,33,400022__2023,HOSPITAL DAMAS,PR,2213 PONCE BY PASS,PONCE,00717,same_city_unresolved_after_census_external_geocoder,hold,official_census_geographies_batch_context_review,census_non_exact_street_number_zip_city_state,codex_official_census_context_policy,2026-06-04T17:01:04.193568+00:00,held_or_rejected,Held by strict Census context review: not_external_census_context_only; census_status_not_match; census_match_type_not_non_exact; not_provider_original_attempt; census_fips_not_in_county_lookup; census_score_below_0_88; census_confidence_below_0_89; matched_address_missing_provider_zip5; leading_street_number_not_supported; street_token_support_missing; matched_address_lacks_city_support; matched_address_lacks_state_support.,False
224045,2023,assign_county,,,,Held by strict Census context review: not_external_census_context_only; census_status_not_match; census_match_type_not_non_exact; not_provider_original_attempt; census_fips_not_in_county_lookup; census_score_below_0_88; census_confidence_below_0_89; matched_address_missing_provider_zip5; leading_street_number_not_supported; street_token_support_missing; matched_address_lacks_city_support; matched_address_lacks_state_support.,output/institutional_anchor_provider_geocode_external_manual_results_CENSUS_CONTEXT_REVIEW.csv,external_manual_geocode_review_confirmed,2026-06-04T17:01:40.158716+00:00,34,224045__2023,HOSPITAL FOR BEHAVIORAL MEDICINE,MA,100 CENTURY DR,WORCESTER,01606,same_city_unresolved_after_census_external_geocoder,hold,official_census_geographies_batch_context_review,census_non_exact_street_number_zip_city_state,codex_official_census_context_policy,2026-06-04T17:01:04.193568+00:00,held_or_rejected,Held by strict Census context review: not_external_census_context_only; census_status_not_match; census_match_type_not_non_exact; not_provider_original_attempt; census_fips_not_in_county_lookup; census_score_below_0_88; census_confidence_below_0_89; matched_address_missing_provider_zip5; leading_street_number_not_supported; street_token_support_missing; matched_address_lacks_city_support; matched_address_lacks_state_support.,False
400006,2023,assign_county,,,,Held by strict Census context review: not_external_census_context_only; census_status_not_match; census_match_type_not_non_exact; not_provider_original_attempt; census_fips_not_in_county_lookup; census_score_below_0_88; census_confidence_below_0_89; matched_address_missing_provider_zip5; leading_street_number_not_supported; street_token_support_missing; matched_address_lacks_city_support; matched_address_lacks_state_support.,output/institutional_anchor_provider_geocode_external_manual_results_CENSUS_CONTEXT_REVIEW.csv,external_manual_geocode_review_confirmed,2026-06-04T17:01:40.158716+00:00,35,400006__2023,DOCTORS CENTER HOSPITAL SAN JUAN I,PR,1395 SAN RAFAEL ST. PDA. 20,SAN JUAN,00910,same_city_unresolved_after_census_external_geocoder,hold,official_census_geographies_batch_context_review,census_non_exact_street_number_zip_city_state,codex_official_census_context_policy,2026-06-04T17:01:04.193568+00:00,held_or_rejected,Held by strict Census context review: not_external_census_context_only; census_status_not_match; census_match_type_not_non_exact; not_provider_original_attempt; census_fips_not_in_county_lookup; census_score_below_0_88; census_confidence_below_0_89; matched_address_missing_provider_zip5; leading_street_number_not_supported; street_token_support_missing; matched_address_lacks_city_support; matched_address_lacks_state_support.,False
450874,2023,assign_county,,,,Held by strict Census context review: not_external_census_context_only; census_status_not_match; census_match_type_not_non_exact; not_provider_original_attempt; census_fips_not_in_county_lookup; census_score_below_0_88; census_confidence_below_0_89; matched_address_missing_provider_zip5; leading_street_number_not_supported; street_token_support_missing; matched_address_lacks_city_support; matched_address_lacks_state_support.,output/institutional_anchor_provider_geocode_external_manual_results_CENSUS_CONTEXT_REVIEW.csv,external_manual_geocode_review_confirmed,2026-06-04T17:01:40.158716+00:00,36,450874__2023,BAYLOR SURGICAL HOSPITAL LAS COLINAS,TX,400 W I-635 SUITE 101,IRVING,75063,same_city_unresolved_after_census_external_geocoder,hold,official_census_geographies_batch_context_review,census_non_exact_street_number_zip_city_state,codex_official_census_context_policy,2026-06-04T17:01:04.193568+00:00,held_or_rejected,Held by strict Census context review: not_external_census_context_only; census_status_not_match; census_match_type_not_non_exact; not_provider_original_attempt; census_fips_not_in_county_lookup; census_score_below_0_88; census_confidence_below_0_89; matched_address_missing_provider_zip5; leading_street_number_not_supported; street_token_support_missing; matched_address_lacks_city_support; matched_address_lacks_state_support.,False
403301,2024,assign_county,,,,Held by strict Census context review: not_external_census_context_only; census_status_not_match; census_match_type_not_non_exact; not_provider_original_attempt; census_fips_not_in_county_lookup; census_score_below_0_88; census_confidence_below_0_89; matched_address_missing_provider_zip5; leading_street_number_not_supported; street_token_support_missing; matched_address_lacks_city_support; matched_address_lacks_state_support.,output/institutional_anchor_provider_geocode_external_manual_results_CENSUS_CONTEXT_REVIEW.csv,external_manual_geocode_review_confirmed,2026-06-04T17:01:40.158716+00:00,37,403301__2024,UNIVERSITY PEDIATRIC HOSPITAL,PR,PO BOX 191079,SAN JUAN,00910,same_city_unresolved_after_census_external_geocoder,hold,official_census_geographies_batch_context_review,census_non_exact_street_number_zip_city_state,codex_official_census_context_policy,2026-06-04T17:01:04.193568+00:00,held_or_rejected,Held by strict Census context review: not_external_census_context_only; census_status_not_match; census_match_type_not_non_exact; not_provider_original_attempt; census_fips_not_in_county_lookup; census_score_below_0_88; census_confidence_below_0_89; matched_address_missing_provider_zip5; leading_street_number_not_supported; street_token_support_missing; matched_address_lacks_city_support; matched_address_lacks_state_support.,False
050224,2023,assign_county,06059,"Orange County, California",0.8400,Held by strict Census context review: census_score_below_0_88; census_confidence_below_0_89; matched_address_missing_provider_zip5; leading_street_number_not_supported.,output/institutional_anchor_provider_geocode_external_manual_results_CENSUS_CONTEXT_REVIEW.csv,external_manual_geocode_review_confirmed,2026-06-04T17:01:40.158716+00:00,38,050224__2023,HOAG MEMORIAL HOSPITAL PRESBYTERIAN,CA,ONE HOAG DRIVE,NEWPORT BEACH,92658,external_geocoder_required_no_local_candidate,hold,official_census_geographies_batch_context_review,census_non_exact_street_number_zip_city_state,codex_official_census_context_policy,2026-06-04T17:01:04.193568+00:00,held_or_rejected,Held by strict Census context review: census_score_below_0_88; census_confidence_below_0_89; matched_address_missing_provider_zip5; leading_street_number_not_supported.,False
050367,2023,assign_county,,,,Held by strict Census context review: not_external_census_context_only; census_status_not_match; census_match_type_not_non_exact; not_provider_original_attempt; census_fips_not_in_county_lookup; census_score_below_0_88; census_confidence_below_0_89; matched_address_missing_provider_zip5; leading_street_number_not_supported; street_token_support_missing; matched_address_lacks_city_support; matched_address_lacks_state_support.,output/institutional_anchor_provider_geocode_external_manual_results_CENSUS_CONTEXT_REVIEW.csv,external_manual_geocode_review_confirmed,2026-06-04T17:01:40.158716+00:00,39,050367__2023,NORTHBAY HOSPITAL GROUP,CA,1200 B. GALE WILSON BLVD,FAIRFIELD,94533,external_geocoder_required_no_local_candidate,hold,official_census_geographies_batch_context_review,census_non_exact_street_number_zip_city_state,codex_official_census_context_policy,2026-06-04T17:01:04.193568+00:00,held_or_rejected,Held by strict Census context review: not_external_census_context_only; census_status_not_match; census_match_type_not_non_exact; not_provider_original_attempt; census_fips_not_in_county_lookup; census_score_below_0_88; census_confidence_below_0_89; matched_address_missing_provider_zip5; leading_street_number_not_supported; street_token_support_missing; matched_address_lacks_city_support; matched_address_lacks_state_support.,False
390180,2023,assign_county,42045,"Delaware County, Pennsylvania",0.8900,Held by strict Census context review: census_score_below_0_88; leading_street_number_not_supported; matched_address_lacks_city_support.,output/institutional_anchor_provider_geocode_external_manual_results_CENSUS_CONTEXT_REVIEW.csv,external_manual_geocode_review_confirmed,2026-06-04T17:01:40.158716+00:00,40,390180__2023,CROZER CHESTER MEDICAL CENTER,PA,ONE MEDICAL CENTER BLVD.,UPLAND,19013,external_geocoder_required_no_local_candidate,hold,official_census_geographies_batch_context_review,census_non_exact_street_number_zip_city_state,codex_official_census_context_policy,2026-06-04T17:01:04.193568+00:00,held_or_rejected,Held by strict Census context review: census_score_below_0_88; leading_street_number_not_supported; matched_address_lacks_city_support.,False
500036,2023,assign_county,53077,"Yakima County, Washington",0.8900,"Accepted report-only institutional-anchor CMS provider external/manual geocode review: official_census_geographies_batch_context_review / census_non_exact_street_number_zip_city_state assigned Yakima County, Washington (53077) for provider 500036 fiscal year 2023 at confidence 0.89. Reviewer note: Accepted from strict official Census non-exact context review: provider-original match supports Yakima County, Washington (53077) with matching leading street number, ZIP, city/state support, no conflicting FIPS, score 0.88, confidence 0.89. Matched address: 2811 W TIETON DR, YAKIMA, WA, 98902.. Institutional source promotion remains blocked by source-maturity, leakage, and model-impact gates.",output/institutional_anchor_provider_geocode_external_manual_results_CENSUS_CONTEXT_REVIEW.csv,external_manual_geocode_review_confirmed,2026-06-04T17:01:40.158716+00:00,41,500036__2023,YAKIMA VALLEY MEMORIAL HOSPITAL,WA,2811 TIETON DRIVE,YAKIMA,98902,external_geocoder_required_no_local_candidate,accept,official_census_geographies_batch_context_review,census_non_exact_street_number_zip_city_state,codex_official_census_context_policy,2026-06-04T17:01:04.193568+00:00,accepted,,False
250141,2023,assign_county,,,,Held by strict Census context review: not_external_census_context_only; census_status_not_match; census_match_type_not_non_exact; not_provider_original_attempt; census_fips_not_in_county_lookup; census_score_below_0_88; census_confidence_below_0_89; matched_address_missing_provider_zip5; leading_street_number_not_supported; street_token_support_missing; matched_address_lacks_city_support; matched_address_lacks_state_support.,output/institutional_anchor_provider_geocode_external_manual_results_CENSUS_CONTEXT_REVIEW.csv,external_manual_geocode_review_confirmed,2026-06-04T17:01:40.158716+00:00,42,250141__2023,BAPTIST MEM HOSPITAL DESOTO,MS,7601 SOUTHCREST,SOUTHAVEN,38671,external_geocoder_required_no_local_candidate,hold,official_census_geographies_batch_context_review,census_non_exact_street_number_zip_city_state,codex_official_census_context_policy,2026-06-04T17:01:04.193568+00:00,held_or_rejected,Held by strict Census context review: not_external_census_context_only; census_status_not_match; census_match_type_not_non_exact; not_provider_original_attempt; census_fips_not_in_county_lookup; census_score_below_0_88; census_confidence_below_0_89; matched_address_missing_provider_zip5; leading_street_number_not_supported; street_token_support_missing; matched_address_lacks_city_support; matched_address_lacks_state_support.,False
230151,2023,assign_county,26125,"Oakland County, Michigan",0.8900,"Accepted report-only institutional-anchor CMS provider external/manual geocode review: official_census_geographies_batch_context_review / census_non_exact_street_number_zip_city_state assigned Oakland County, Michigan (26125) for provider 230151 fiscal year 2023 at confidence 0.89. Reviewer note: Accepted from strict official Census non-exact context review: provider-original match supports Oakland County, Michigan (26125) with matching leading street number, ZIP, city/state support, no conflicting FIPS, score 0.88, confidence 0.89. Matched address: 28050 GRAND RIVER AVE, FARMINGTON HILLS, MI, 48336.. Institutional source promotion remains blocked by source-maturity, leakage, and model-impact gates.",output/institutional_anchor_provider_geocode_external_manual_results_CENSUS_CONTEXT_REVIEW.csv,external_manual_geocode_review_confirmed,2026-06-04T17:01:40.158716+00:00,43,230151__2023,COREWELL HEALTH- FARMINGTON HILLS,MI,28050 GRAND RIVER,FARMINGTON HILLS,48336,external_geocoder_required_no_local_candidate,accept,official_census_geographies_batch_context_review,census_non_exact_street_number_zip_city_state,codex_official_census_context_policy,2026-06-04T17:01:04.193568+00:00,accepted,,False
220084,2023,assign_county,,,,Held by strict Census context review: not_external_census_context_only; census_status_not_match; census_match_type_not_non_exact; not_provider_original_attempt; census_fips_not_in_county_lookup; census_score_below_0_88; census_confidence_below_0_89; matched_address_missing_provider_zip5; leading_street_number_not_supported; street_token_support_missing; matched_address_lacks_city_support; matched_address_lacks_state_support.,output/institutional_anchor_provider_geocode_external_manual_results_CENSUS_CONTEXT_REVIEW.csv,external_manual_geocode_review_confirmed,2026-06-04T17:01:40.158716+00:00,44,220084__2023,EMERSON HOSPITAL,MA,113 ORNC,CONCORD,01742,external_geocoder_required_no_local_candidate,hold,official_census_geographies_batch_context_review,census_non_exact_street_number_zip_city_state,codex_official_census_context_policy,2026-06-04T17:01:04.193568+00:00,held_or_rejected,Held by strict Census context review: not_external_census_context_only; census_status_not_match; census_match_type_not_non_exact; not_provider_original_attempt; census_fips_not_in_county_lookup; census_score_below_0_88; census_confidence_below_0_89; matched_address_missing_provider_zip5; leading_street_number_not_supported; street_token_support_missing; matched_address_lacks_city_support; matched_address_lacks_state_support.,False
100189,2023,assign_county,12011,"Broward County, Florida",0.8900,Held by strict Census context review: street_token_support_missing.,output/institutional_anchor_provider_geocode_external_manual_results_CENSUS_CONTEXT_REVIEW.csv,external_manual_geocode_review_confirmed,2026-06-04T17:01:40.158716+00:00,45,100189__2023,HCA FLORIDA NORTHWEST HOSPITAL,FL,2801 NORTH STATE ROAD 7,MARGATE,33063,external_geocoder_required_no_local_candidate,hold,official_census_geographies_batch_context_review,census_non_exact_street_number_zip_city_state,codex_official_census_context_policy,2026-06-04T17:01:04.193568+00:00,held_or_rejected,Held by strict Census context review: street_token_support_missing.,False
150015,2023,assign_county,,,,Held by strict Census context review: not_external_census_context_only; census_status_not_match; census_match_type_not_non_exact; not_provider_original_attempt; census_fips_not_in_county_lookup; census_score_below_0_88; census_confidence_below_0_89; matched_address_missing_provider_zip5; leading_street_number_not_supported; street_token_support_missing; matched_address_lacks_city_support; matched_address_lacks_state_support.,output/institutional_anchor_provider_geocode_external_manual_results_CENSUS_CONTEXT_REVIEW.csv,external_manual_geocode_review_confirmed,2026-06-04T17:01:40.158716+00:00,46,150015__2023,FRANCISCAN HEALTH MICHIGAN CITY,IN,3500 FRANCISCAN WAY,MICHIGAN CITY,46360,external_geocoder_required_no_local_candidate,hold,official_census_geographies_batch_context_review,census_non_exact_street_number_zip_city_state,codex_official_census_context_policy,2026-06-04T17:01:04.193568+00:00,held_or_rejected,Held by strict Census context review: not_external_census_context_only; census_status_not_match; census_match_type_not_non_exact; not_provider_original_attempt; census_fips_not_in_county_lookup; census_score_below_0_88; census_confidence_below_0_89; matched_address_missing_provider_zip5; leading_street_number_not_supported; street_token_support_missing; matched_address_lacks_city_support; matched_address_lacks_state_support.,False
100269,2024,assign_county,,,,Held by strict Census context review: not_external_census_context_only; census_status_not_match; census_match_type_not_non_exact; not_provider_original_attempt; census_fips_not_in_county_lookup; census_score_below_0_88; census_confidence_below_0_89; matched_address_missing_provider_zip5; leading_street_number_not_supported; street_token_support_missing; matched_address_lacks_city_support; matched_address_lacks_state_support.,output/institutional_anchor_provider_geocode_external_manual_results_CENSUS_CONTEXT_REVIEW.csv,external_manual_geocode_review_confirmed,2026-06-04T17:01:40.158716+00:00,47,100269__2024,HCA FLORIDA PALMS WEST HOSPITAL,FL,13001 STATE ROAD 80,LOXAHATCHEE,33470,external_geocoder_required_no_local_candidate,hold,official_census_geographies_batch_context_review,census_non_exact_street_number_zip_city_state,codex_official_census_context_policy,2026-06-04T17:01:04.193568+00:00,held_or_rejected,Held by strict Census context review: not_external_census_context_only; census_status_not_match; census_match_type_not_non_exact; not_provider_original_attempt; census_fips_not_in_county_lookup; census_score_below_0_88; census_confidence_below_0_89; matched_address_missing_provider_zip5; leading_street_number_not_supported; street_token_support_missing; matched_address_lacks_city_support; matched_address_lacks_state_support.,False
140164,2024,assign_county,17077,"Jackson County, Illinois",0.8400,Held by strict Census context review: census_score_below_0_88; census_confidence_below_0_89; matched_address_missing_provider_zip5.,output/institutional_anchor_provider_geocode_external_manual_results_CENSUS_CONTEXT_REVIEW.csv,external_manual_geocode_review_confirmed,2026-06-04T17:01:40.158716+00:00,48,140164__2024,MEMORIAL HOSPITAL OF CARBONDALE,IL,405 W. JACKSON ST.,CARBONDALE,62902,external_geocoder_required_no_local_candidate,hold,official_census_geographies_batch_context_review,census_non_exact_street_number_zip_city_state,codex_official_census_context_policy,2026-06-04T17:01:04.193568+00:00,held_or_rejected,Held by strict Census context review: census_score_below_0_88; census_confidence_below_0_89; matched_address_missing_provider_zip5.,False
264010,2024,assign_county,,,,Held by strict Census context review: not_external_census_context_only; census_status_not_match; census_match_type_not_non_exact; not_provider_original_attempt; census_fips_not_in_county_lookup; census_score_below_0_88; census_confidence_below_0_89; matched_address_missing_provider_zip5; leading_street_number_not_supported; street_token_support_missing; matched_address_lacks_city_support; matched_address_lacks_state_support.,output/institutional_anchor_provider_geocode_external_manual_results_CENSUS_CONTEXT_REVIEW.csv,external_manual_geocode_review_confirmed,2026-06-04T17:01:40.158716+00:00,49,264010__2024,ST. LOUIS FORENSIC TREATMENT CENTER,MO,500 ARSENAL STREET,ST.LOUIS,63119,external_geocoder_required_no_local_candidate,hold,official_census_geographies_batch_context_review,census_non_exact_street_number_zip_city_state,codex_official_census_context_policy,2026-06-04T17:01:04.193568+00:00,held_or_rejected,Held by strict Census context review: not_external_census_context_only; census_status_not_match; census_match_type_not_non_exact; not_provider_original_attempt; census_fips_not_in_county_lookup; census_score_below_0_88; census_confidence_below_0_89; matched_address_missing_provider_zip5; leading_street_number_not_supported; street_token_support_missing; matched_address_lacks_city_support; matched_address_lacks_state_support.,False
140054,2024,assign_county,17031,"Cook County, Illinois",0.8900,"Accepted report-only institutional-anchor CMS provider external/manual geocode review: official_census_geographies_batch_context_review / census_non_exact_street_number_zip_city_state assigned Cook County, Illinois (17031) for provider 140054 fiscal year 2024 at confidence 0.89. Reviewer note: Accepted from strict official Census non-exact context review: provider-original match supports Cook County, Illinois (17031) with matching leading street number, ZIP, city/state support, no conflicting FIPS, score 0.88, confidence 0.89. Matched address: 3249 OAK PARK AVE, BERWYN, IL, 60402.. Institutional source promotion remains blocked by source-maturity, leakage, and model-impact gates.",output/institutional_anchor_provider_geocode_external_manual_results_CENSUS_CONTEXT_REVIEW.csv,external_manual_geocode_review_confirmed,2026-06-04T17:01:40.158716+00:00,50,140054__2024,MACNEAL HOSPITAL,IL,3249 SOUTH OAK PARK AVENUE,BERWYN,60402,external_geocoder_required_no_local_candidate,accept,official_census_geographies_batch_context_review,census_non_exact_street_number_zip_city_state,codex_official_census_context_policy,2026-06-04T17:01:04.193568+00:00,accepted,,False
110192,2024,assign_county,13135,"Gwinnett County, Georgia",0.8400,Held by strict Census context review: census_score_below_0_88; census_confidence_below_0_89; matched_address_missing_provider_zip5.,output/institutional_anchor_provider_geocode_external_manual_results_CENSUS_CONTEXT_REVIEW.csv,external_manual_geocode_review_confirmed,2026-06-04T17:01:40.158716+00:00,51,110192__2024,PIEDMONT EASTSIDE MEDICAL CENTER,GA,1700 MEDICAL WAY,SNELLVILLE,30278,external_geocoder_required_no_local_candidate,hold,official_census_geographies_batch_context_review,census_non_exact_street_number_zip_city_state,codex_official_census_context_policy,2026-06-04T17:01:04.193568+00:00,held_or_rejected,Held by strict Census context review: census_score_below_0_88; census_confidence_below_0_89; matched_address_missing_provider_zip5.,False
100224,2024,assign_county,,,,Held by strict Census context review: not_external_census_context_only; census_status_not_match; census_match_type_not_non_exact; not_provider_original_attempt; census_fips_not_in_county_lookup; census_score_below_0_88; census_confidence_below_0_89; matched_address_missing_provider_zip5; leading_street_number_not_supported; street_token_support_missing; matched_address_lacks_city_support; matched_address_lacks_state_support.,output/institutional_anchor_provider_geocode_external_manual_results_CENSUS_CONTEXT_REVIEW.csv,external_manual_geocode_review_confirmed,2026-06-04T17:01:40.158716+00:00,52,100224__2024,HCA FLORIDA WOODMONT HOSPITAL,FL,7201 UNIVERSITY DRIVE,TAMARAC,33321,external_geocoder_required_no_local_candidate,hold,official_census_geographies_batch_context_review,census_non_exact_street_number_zip_city_state,codex_official_census_context_policy,2026-06-04T17:01:04.193568+00:00,held_or_rejected,Held by strict Census context review: not_external_census_context_only; census_status_not_match; census_match_type_not_non_exact; not_provider_original_attempt; census_fips_not_in_county_lookup; census_score_below_0_88; census_confidence_below_0_89; matched_address_missing_provider_zip5; leading_street_number_not_supported; street_token_support_missing; matched_address_lacks_city_support; matched_address_lacks_state_support.,False
440068,2023,assign_county,,,,Held by strict Census context review: not_external_census_context_only; census_status_not_match; census_match_type_not_non_exact; not_provider_original_attempt; census_fips_not_in_county_lookup; census_score_below_0_88; census_confidence_below_0_89; matched_address_missing_provider_zip5; leading_street_number_not_supported; street_token_support_missing; matched_address_lacks_city_support; matched_address_lacks_state_support.,output/institutional_anchor_provider_geocode_external_manual_results_CENSUS_CONTEXT_REVIEW.csv,external_manual_geocode_review_confirmed,2026-06-04T17:01:40.158716+00:00,53,440068__2023,ATHENS REGIONAL MEDICAL CENTER,TN,1114 MADISON AVENUE,ATHENS,37303,external_geocoder_required_no_local_candidate,hold,official_census_geographies_batch_context_review,census_non_exact_street_number_zip_city_state,codex_official_census_context_policy,2026-06-04T17:01:04.193568+00:00,held_or_rejected,Held by strict Census context review: not_external_census_context_only; census_status_not_match; census_match_type_not_non_exact; not_provider_original_attempt; census_fips_not_in_county_lookup; census_score_below_0_88; census_confidence_below_0_89; matched_address_missing_provider_zip5; leading_street_number_not_supported; street_token_support_missing; matched_address_lacks_city_support; matched_address_lacks_state_support.,False
450669,2024,assign_county,48121,"Denton County, Texas",0.8900,"Accepted report-only institutional-anchor CMS provider external/manual geocode review: official_census_geographies_batch_context_review / census_non_exact_street_number_zip_city_state assigned Denton County, Texas (48121) for provider 450669 fiscal year 2024 at confidence 0.89. Reviewer note: Accepted from strict official Census non-exact context review: provider-original match supports Denton County, Texas (48121) with matching leading street number, ZIP, city/state support, no conflicting FIPS, score 0.88, confidence 0.89. Matched address: 500 W MAIN ST, LEWISVILLE, TX, 75067.. Institutional source promotion remains blocked by source-maturity, leakage, and model-impact gates.",output/institutional_anchor_provider_geocode_external_manual_results_CENSUS_CONTEXT_REVIEW.csv,external_manual_geocode_review_confirmed,2026-06-04T17:01:40.158716+00:00,54,450669__2024,MEDICAL CITY LEWISVILLE,TX,500 WEST MAIN,LEWISVILLE,75067,external_geocoder_required_no_local_candidate,accept,official_census_geographies_batch_context_review,census_non_exact_street_number_zip_city_state,codex_official_census_context_policy,2026-06-04T17:01:04.193568+00:00,accepted,,False
230142,2024,assign_county,26163,"Wayne County, Michigan",0.8900,"Accepted report-only institutional-anchor CMS provider external/manual geocode review: official_census_geographies_batch_context_review / census_non_exact_street_number_zip_city_state assigned Wayne County, Michigan (26163) for provider 230142 fiscal year 2024 at confidence 0.89. Reviewer note: Accepted from strict official Census non-exact context review: provider-original match supports Wayne County, Michigan (26163) with matching leading street number, ZIP, city/state support, no conflicting FIPS, score 0.88, confidence 0.89. Matched address: 33155 ANNAPOLIS ST, WAYNE, MI, 48184.. Institutional source promotion remains blocked by source-maturity, leakage, and model-impact gates.",output/institutional_anchor_provider_geocode_external_manual_results_CENSUS_CONTEXT_REVIEW.csv,external_manual_geocode_review_confirmed,2026-06-04T17:01:40.158716+00:00,55,230142__2024,COREWELL HEALTH WAYNE,MI,33155 ANNAPOLIS AVENUE,WAYNE,48184,external_geocoder_required_no_local_candidate,accept,official_census_geographies_batch_context_review,census_non_exact_street_number_zip_city_state,codex_official_census_context_policy,2026-06-04T17:01:04.193568+00:00,accepted,,False
440194,2024,assign_county,47165,"Sumner County, Tennessee",0.8400,Held by strict Census context review: census_score_below_0_88; census_confidence_below_0_89; matched_address_missing_provider_zip5.,output/institutional_anchor_provider_geocode_external_manual_results_CENSUS_CONTEXT_REVIEW.csv,external_manual_geocode_review_confirmed,2026-06-04T17:01:40.158716+00:00,56,440194__2024,TRISTAR HENDERSONVILLE MEDICAL CENTE,TN,355 NEW SHACKLE ISLAND,HENDERSONVILLE,37215,external_geocoder_required_no_local_candidate,hold,official_census_geographies_batch_context_review,census_non_exact_street_number_zip_city_state,codex_official_census_context_policy,2026-06-04T17:01:04.193568+00:00,held_or_rejected,Held by strict Census context review: census_score_below_0_88; census_confidence_below_0_89; matched_address_missing_provider_zip5.,False
230099,2023,assign_county,26115,"Monroe County, Michigan",0.8900,"Accepted report-only institutional-anchor CMS provider external/manual geocode review: official_census_geographies_batch_context_review / census_non_exact_street_number_zip_city_state assigned Monroe County, Michigan (26115) for provider 230099 fiscal year 2023 at confidence 0.89. Reviewer note: Accepted from strict official Census non-exact context review: provider-original match supports Monroe County, Michigan (26115) with matching leading street number, ZIP, city/state support, no conflicting FIPS, score 0.88, confidence 0.89. Matched address: 718 N MACOMB ST, MONROE, MI, 48162.. Institutional source promotion remains blocked by source-maturity, leakage, and model-impact gates.",output/institutional_anchor_provider_geocode_external_manual_results_CENSUS_CONTEXT_REVIEW.csv,external_manual_geocode_review_confirmed,2026-06-04T17:01:40.158716+00:00,57,230099__2023,MONROE REGIONAL HOSPITAL,MI,718 NORTH MACOMB,MONROE,48162,external_geocoder_required_no_local_candidate,accept,official_census_geographies_batch_context_review,census_non_exact_street_number_zip_city_state,codex_official_census_context_policy,2026-06-04T17:01:04.193568+00:00,accepted,,False
140008,2024,assign_county,,,,Held by strict Census context review: not_external_census_context_only; census_status_not_match; census_match_type_not_non_exact; not_provider_original_attempt; census_fips_not_in_county_lookup; census_score_below_0_88; census_confidence_below_0_89; matched_address_missing_provider_zip5; leading_street_number_not_supported; street_token_support_missing; matched_address_lacks_city_support; matched_address_lacks_state_support.,output/institutional_anchor_provider_geocode_external_manual_results_CENSUS_CONTEXT_REVIEW.csv,external_manual_geocode_review_confirmed,2026-06-04T17:01:40.158716+00:00,58,140008__2024,GOTTLIEB MEMORIAL HOSPITAL,IL,8700 WEST NORTH AVENUE,MELROSE PARK,60160,external_geocoder_required_no_local_candidate,hold,official_census_geographies_batch_context_review,census_non_exact_street_number_zip_city_state,codex_official_census_context_policy,2026-06-04T17:01:04.193568+00:00,held_or_rejected,Held by strict Census context review: not_external_census_context_only; census_status_not_match; census_match_type_not_non_exact; not_provider_original_attempt; census_fips_not_in_county_lookup; census_score_below_0_88; census_confidence_below_0_89; matched_address_missing_provider_zip5; leading_street_number_not_supported; street_token_support_missing; matched_address_lacks_city_support; matched_address_lacks_state_support.,False
054154,2023,assign_county,06085,"Santa Clara County, California",0.8900,Held by strict Census context review: matched_address_lacks_city_support.,output/institutional_anchor_provider_geocode_external_manual_results_CENSUS_CONTEXT_REVIEW.csv,external_manual_geocode_review_confirmed,2026-06-04T17:01:40.158716+00:00,59,054154__2023,SAN JOSE BEHAVIORAL HEALTH,CA,455 SILICON VALLEY BLVD,SANN JOSE,95138,external_geocoder_required_no_local_candidate,hold,official_census_geographies_batch_context_review,census_non_exact_street_number_zip_city_state,codex_official_census_context_policy,2026-06-04T17:01:04.193568+00:00,held_or_rejected,Held by strict Census context review: matched_address_lacks_city_support.,False
390336,2024,assign_county,42041,"Cumberland County, Pennsylvania",0.8900,"Accepted report-only institutional-anchor CMS provider external/manual geocode review: official_census_geographies_batch_context_review / census_non_exact_street_number_zip_city_state assigned Cumberland County, Pennsylvania (42041) for provider 390336 fiscal year 2024 at confidence 0.89. Reviewer note: Accepted from strict official Census non-exact context review: provider-original match supports Cumberland County, Pennsylvania (42041) with matching leading street number, ZIP, city/state support, no conflicting FIPS, score 0.88, confidence 0.89. Matched address: 2200 N GOOD HOPE RD, ENOLA, PA, 17025.. Institutional source promotion remains blocked by source-maturity, leakage, and model-impact gates.",output/institutional_anchor_provider_geocode_external_manual_results_CENSUS_CONTEXT_REVIEW.csv,external_manual_geocode_review_confirmed,2026-06-04T17:01:40.158716+00:00,60,390336__2024,HAMPDEN MEDICAL CENTER,PA,2200 GOOD HOPE ROAD,ENOLA,17025,external_geocoder_required_no_local_candidate,accept,official_census_geographies_batch_context_review,census_non_exact_street_number_zip_city_state,codex_official_census_context_policy,2026-06-04T17:01:04.193568+00:00,accepted,,False
460013,2024,assign_county,49049,"Utah County, Utah",0.8900,Held by strict Census context review: street_token_support_missing.,output/institutional_anchor_provider_geocode_external_manual_results_CENSUS_CONTEXT_REVIEW.csv,external_manual_geocode_review_confirmed,2026-06-04T17:01:40.158716+00:00,61,460013__2024,MOUNTAIN VIEW HOSPITAL,UT,1000 EAST 100 NORTH,PAYSON,84651,external_geocoder_required_no_local_candidate,hold,official_census_geographies_batch_context_review,census_non_exact_street_number_zip_city_state,codex_official_census_context_policy,2026-06-04T17:01:04.193568+00:00,held_or_rejected,Held by strict Census context review: street_token_support_missing.,False
110023,2023,assign_county,13129,"Gordon County, Georgia",0.8400,Held by strict Census context review: census_score_below_0_88; census_confidence_below_0_89; matched_address_missing_provider_zip5.,output/institutional_anchor_provider_geocode_external_manual_results_CENSUS_CONTEXT_REVIEW.csv,external_manual_geocode_review_confirmed,2026-06-04T17:01:40.158716+00:00,62,110023__2023,ADVENTHEALTH GORDON,GA,1035 RED BUD ROAD,CALHOUN,30703,external_geocoder_required_no_local_candidate,hold,official_census_geographies_batch_context_review,census_non_exact_street_number_zip_city_state,codex_official_census_context_policy,2026-06-04T17:01:04.193568+00:00,held_or_rejected,Held by strict Census context review: census_score_below_0_88; census_confidence_below_0_89; matched_address_missing_provider_zip5.,False
440065,2024,assign_county,,,,Held by strict Census context review: not_external_census_context_only; census_status_not_match; census_match_type_not_non_exact; not_provider_original_attempt; census_fips_not_in_county_lookup; census_score_below_0_88; census_confidence_below_0_89; matched_address_missing_provider_zip5; leading_street_number_not_supported; street_token_support_missing; matched_address_lacks_city_support; matched_address_lacks_state_support.,output/institutional_anchor_provider_geocode_external_manual_results_CENSUS_CONTEXT_REVIEW.csv,external_manual_geocode_review_confirmed,2026-06-04T17:01:40.158716+00:00,63,440065__2024,NORTHCREST MEDICAL CENTER,TN,100 NORTHCREST DRIVE,SPRINGFIELD,37172,external_geocoder_required_no_local_candidate,hold,official_census_geographies_batch_context_review,census_non_exact_street_number_zip_city_state,codex_official_census_context_policy,2026-06-04T17:01:04.193568+00:00,held_or_rejected,Held by strict Census context review: not_external_census_context_only; census_status_not_match; census_match_type_not_non_exact; not_provider_original_attempt; census_fips_not_in_county_lookup; census_score_below_0_88; census_confidence_below_0_89; matched_address_missing_provider_zip5; leading_street_number_not_supported; street_token_support_missing; matched_address_lacks_city_support; matched_address_lacks_state_support.,False
190013,2023,assign_county,22019,"Calcasieu Parish, Louisiana",0.8900,"Accepted report-only institutional-anchor CMS provider external/manual geocode review: official_census_geographies_batch_context_review / census_non_exact_street_number_zip_city_state assigned Calcasieu Parish, Louisiana (22019) for provider 190013 fiscal year 2023 at confidence 0.89. Reviewer note: Accepted from strict official Census non-exact context review: provider-original match supports Calcasieu Parish, Louisiana (22019) with matching leading street number, ZIP, city/state support, no conflicting FIPS, score 0.88, confidence 0.89. Matched address: 701 CYPRESS ST, SULPHUR, LA, 70663.. Institutional source promotion remains blocked by source-maturity, leakage, and model-impact gates.",output/institutional_anchor_provider_geocode_external_manual_results_CENSUS_CONTEXT_REVIEW.csv,external_manual_geocode_review_confirmed,2026-06-04T17:01:40.158716+00:00,64,190013__2023,WEST CALCASIEU-CAMERON HOSPITAL,LA,701 EAST CYPRESS,SULPHUR,70663,external_geocoder_required_no_local_candidate,accept,official_census_geographies_batch_context_review,census_non_exact_street_number_zip_city_state,codex_official_census_context_policy,2026-06-04T17:01:04.193568+00:00,accepted,,False
190014,2023,assign_county,22101,"St. Mary Parish, Louisiana",0.8400,Held by strict Census context review: census_score_below_0_88; census_confidence_below_0_89; matched_address_missing_provider_zip5.,output/institutional_anchor_provider_geocode_external_manual_results_CENSUS_CONTEXT_REVIEW.csv,external_manual_geocode_review_confirmed,2026-06-04T17:01:40.158716+00:00,65,190014__2023,OCHSNER ST. MARY,LA,1125 MARGUERITE STREET,MORGAN CITY,70308,external_geocoder_required_no_local_candidate,hold,official_census_geographies_batch_context_review,census_non_exact_street_number_zip_city_state,codex_official_census_context_policy,2026-06-04T17:01:04.193568+00:00,held_or_rejected,Held by strict Census context review: census_score_below_0_88; census_confidence_below_0_89; matched_address_missing_provider_zip5.,False
194114,2023,assign_county,,,,Held by strict Census context review: not_external_census_context_only; census_status_not_match; census_match_type_not_non_exact; not_provider_original_attempt; census_fips_not_in_county_lookup; census_score_below_0_88; census_confidence_below_0_89; matched_address_missing_provider_zip5; leading_street_number_not_supported; street_token_support_missing; matched_address_lacks_city_support; matched_address_lacks_state_support.,output/institutional_anchor_provider_geocode_external_manual_results_CENSUS_CONTEXT_REVIEW.csv,external_manual_geocode_review_confirmed,2026-06-04T17:01:40.158716+00:00,66,194114__2023,RIVER PLACE BEHAVIORAL HEALTH,LA,500 RUE DE SANTE,LAPLACE,70068,external_geocoder_required_no_local_candidate,hold,official_census_geographies_batch_context_review,census_non_exact_street_number_zip_city_state,codex_official_census_context_policy,2026-06-04T17:01:04.193568+00:00,held_or_rejected,Held by strict Census context review: not_external_census_context_only; census_status_not_match; census_match_type_not_non_exact; not_provider_original_attempt; census_fips_not_in_county_lookup; census_score_below_0_88; census_confidence_below_0_89; matched_address_missing_provider_zip5; leading_street_number_not_supported; street_token_support_missing; matched_address_lacks_city_support; matched_address_lacks_state_support.,False
230193,2023,assign_county,26087,"Lapeer County, Michigan",0.8400,Held by strict Census context review: census_score_below_0_88; census_confidence_below_0_89; matched_address_missing_provider_zip5.,output/institutional_anchor_provider_geocode_external_manual_results_CENSUS_CONTEXT_REVIEW.csv,external_manual_geocode_review_confirmed,2026-06-04T17:01:40.158716+00:00,67,230193__2023,MCLAREN LAPEER REGION,MI,1375 NORTH MAIN STREET,LAPEER,48436,external_geocoder_required_no_local_candidate,hold,official_census_geographies_batch_context_review,census_non_exact_street_number_zip_city_state,codex_official_census_context_policy,2026-06-04T17:01:04.193568+00:00,held_or_rejected,Held by strict Census context review: census_score_below_0_88; census_confidence_below_0_89; matched_address_missing_provider_zip5.,False
450587,2024,assign_county,48049,"Brown County, Texas",0.8400,Held by strict Census context review: census_score_below_0_88; census_confidence_below_0_89; matched_address_missing_provider_zip5; street_token_support_missing.,output/institutional_anchor_provider_geocode_external_manual_results_CENSUS_CONTEXT_REVIEW.csv,external_manual_geocode_review_confirmed,2026-06-04T17:01:40.158716+00:00,68,450587__2024,HENDRICK MEDICAL CENTER BROWNWOOD,TX,1501 BURNET DRIVE,BROWNWOOD,76804,external_geocoder_required_no_local_candidate,hold,official_census_geographies_batch_context_review,census_non_exact_street_number_zip_city_state,codex_official_census_context_policy,2026-06-04T17:01:04.193568+00:00,held_or_rejected,Held by strict Census context review: census_score_below_0_88; census_confidence_below_0_89; matched_address_missing_provider_zip5; street_token_support_missing.,False
100320,2024,assign_county,,,,Held by strict Census context review: not_external_census_context_only; census_status_not_match; census_match_type_not_non_exact; not_provider_original_attempt; census_fips_not_in_county_lookup; census_score_below_0_88; census_confidence_below_0_89; matched_address_missing_provider_zip5; leading_street_number_not_supported; street_token_support_missing; matched_address_lacks_city_support; matched_address_lacks_state_support.,output/institutional_anchor_provider_geocode_external_manual_results_CENSUS_CONTEXT_REVIEW.csv,external_manual_geocode_review_confirmed,2026-06-04T17:01:40.158716+00:00,69,100320__2024,HCA FLORIDA POINCIANA HOSPITAL,FL,325 CYPRESS PARKWAY,KISSIMMMEE,34758,external_geocoder_required_no_local_candidate,hold,official_census_geographies_batch_context_review,census_non_exact_street_number_zip_city_state,codex_official_census_context_policy,2026-06-04T17:01:04.193568+00:00,held_or_rejected,Held by strict Census context review: not_external_census_context_only; census_status_not_match; census_match_type_not_non_exact; not_provider_original_attempt; census_fips_not_in_county_lookup; census_score_below_0_88; census_confidence_below_0_89; matched_address_missing_provider_zip5; leading_street_number_not_supported; street_token_support_missing; matched_address_lacks_city_support; matched_address_lacks_state_support.,False
110128,2024,assign_county,,,,Held by strict Census context review: not_external_census_context_only; census_status_not_match; census_match_type_not_non_exact; not_provider_original_attempt; census_fips_not_in_county_lookup; census_score_below_0_88; census_confidence_below_0_89; matched_address_missing_provider_zip5; leading_street_number_not_supported; street_token_support_missing; matched_address_lacks_city_support; matched_address_lacks_state_support.,output/institutional_anchor_provider_geocode_external_manual_results_CENSUS_CONTEXT_REVIEW.csv,external_manual_geocode_review_confirmed,2026-06-04T17:01:40.158716+00:00,70,110128__2024,MEADOWS REGIONAL MEDICAL CENTER,GA,1 MEADOWS PARKWAY,VIDALIA,30474,external_geocoder_required_no_local_candidate,hold,official_census_geographies_batch_context_review,census_non_exact_street_number_zip_city_state,codex_official_census_context_policy,2026-06-04T17:01:04.193568+00:00,held_or_rejected,Held by strict Census context review: not_external_census_context_only; census_status_not_match; census_match_type_not_non_exact; not_provider_original_attempt; census_fips_not_in_county_lookup; census_score_below_0_88; census_confidence_below_0_89; matched_address_missing_provider_zip5; leading_street_number_not_supported; street_token_support_missing; matched_address_lacks_city_support; matched_address_lacks_state_support.,False
061317,2023,assign_county,,,,Held by strict Census context review: not_external_census_context_only; census_status_not_match; census_match_type_not_non_exact; not_provider_original_attempt; census_fips_not_in_county_lookup; census_score_below_0_88; census_confidence_below_0_89; matched_address_missing_provider_zip5; leading_street_number_not_supported; street_token_support_missing; matched_address_lacks_city_support; matched_address_lacks_state_support.,output/institutional_anchor_provider_geocode_external_manual_results_CENSUS_CONTEXT_REVIEW.csv,external_manual_geocode_review_confirmed,2026-06-04T17:01:40.158716+00:00,71,061317__2023,GRAND RIVER HOSPITAL DISTRICT,CO,501 AIRPORT ROAD,RIFLE,81650,external_geocoder_required_no_local_candidate,hold,official_census_geographies_batch_context_review,census_non_exact_street_number_zip_city_state,codex_official_census_context_policy,2026-06-04T17:01:04.193568+00:00,held_or_rejected,Held by strict Census context review: not_external_census_context_only; census_status_not_match; census_match_type_not_non_exact; not_provider_original_attempt; census_fips_not_in_county_lookup; census_score_below_0_88; census_confidence_below_0_89; matched_address_missing_provider_zip5; leading_street_number_not_supported; street_token_support_missing; matched_address_lacks_city_support; matched_address_lacks_state_support.,False
230095,2024,assign_county,,,,Held by strict Census context review: not_external_census_context_only; census_status_not_match; census_match_type_not_non_exact; not_provider_original_attempt; census_fips_not_in_county_lookup; census_score_below_0_88; census_confidence_below_0_89; matched_address_missing_provider_zip5; leading_street_number_not_supported; street_token_support_missing; matched_address_lacks_city_support; matched_address_lacks_state_support.,output/institutional_anchor_provider_geocode_external_manual_results_CENSUS_CONTEXT_REVIEW.csv,external_manual_geocode_review_confirmed,2026-06-04T17:01:40.158716+00:00,72,230095__2024,MYMICHIGAN MEDICAL CTR WEST BRAN,MI,2463 S M-30,WEST BRANCH,48661,external_geocoder_required_no_local_candidate,hold,official_census_geographies_batch_context_review,census_non_exact_street_number_zip_city_state,codex_official_census_context_policy,2026-06-04T17:01:04.193568+00:00,held_or_rejected,Held by strict Census context review: not_external_census_context_only; census_status_not_match; census_match_type_not_non_exact; not_provider_original_attempt; census_fips_not_in_county_lookup; census_score_below_0_88; census_confidence_below_0_89; matched_address_missing_provider_zip5; leading_street_number_not_supported; street_token_support_missing; matched_address_lacks_city_support; matched_address_lacks_state_support.,False
170006,2024,assign_county,,,,Held by strict Census context review: not_external_census_context_only; census_status_not_match; census_match_type_not_non_exact; not_provider_original_attempt; census_fips_not_in_county_lookup; census_score_below_0_88; census_confidence_below_0_89; matched_address_missing_provider_zip5; leading_street_number_not_supported; street_token_support_missing; matched_address_lacks_city_support; matched_address_lacks_state_support.,output/institutional_anchor_provider_geocode_external_manual_results_CENSUS_CONTEXT_REVIEW.csv,external_manual_geocode_review_confirmed,2026-06-04T17:01:40.158716+00:00,73,170006__2024,VIA CHRISTI HOSPITAL PITTSBURG INC.,KS,1 MT CARMEL WAY,PITTSBURG,66762,external_geocoder_required_no_local_candidate,hold,official_census_geographies_batch_context_review,census_non_exact_street_number_zip_city_state,codex_official_census_context_policy,2026-06-04T17:01:04.193568+00:00,held_or_rejected,Held by strict Census context review: not_external_census_context_only; census_status_not_match; census_match_type_not_non_exact; not_provider_original_attempt; census_fips_not_in_county_lookup; census_score_below_0_88; census_confidence_below_0_89; matched_address_missing_provider_zip5; leading_street_number_not_supported; street_token_support_missing; matched_address_lacks_city_support; matched_address_lacks_state_support.,False
380071,2023,assign_county,,,,Held by strict Census context review: not_external_census_context_only; census_status_not_match; census_match_type_not_non_exact; not_provider_original_attempt; census_fips_not_in_county_lookup; census_score_below_0_88; census_confidence_below_0_89; matched_address_missing_provider_zip5; leading_street_number_not_supported; street_token_support_missing; matched_address_lacks_city_support; matched_address_lacks_state_support.,output/institutional_anchor_provider_geocode_external_manual_results_CENSUS_CONTEXT_REVIEW.csv,external_manual_geocode_review_confirmed,2026-06-04T17:01:40.158716+00:00,74,380071__2023,WILLAMETTE VALLEY MEDICAL CENTER,OR,2700 SE STRATUS AVENUE,MCMINNVILLE,97128,external_geocoder_required_no_local_candidate,hold,official_census_geographies_batch_context_review,census_non_exact_street_number_zip_city_state,codex_official_census_context_policy,2026-06-04T17:01:04.193568+00:00,held_or_rejected,Held by strict Census context review: not_external_census_context_only; census_status_not_match; census_match_type_not_non_exact; not_provider_original_attempt; census_fips_not_in_county_lookup; census_score_below_0_88; census_confidence_below_0_89; matched_address_missing_provider_zip5; leading_street_number_not_supported; street_token_support_missing; matched_address_lacks_city_support; matched_address_lacks_state_support.,False
524042,2023,assign_county,55025,"Dane County, Wisconsin",0.8900,Held by strict Census context review: street_token_support_missing.,output/institutional_anchor_provider_geocode_external_manual_results_CENSUS_CONTEXT_REVIEW.csv,external_manual_geocode_review_confirmed,2026-06-04T17:01:40.158716+00:00,75,524042__2023,MIRAMOUNT BEHAVIORAL HEALTH,WI,3169 DEMMING WAY,MIDDLETON,53562,external_geocoder_required_no_local_candidate,hold,official_census_geographies_batch_context_review,census_non_exact_street_number_zip_city_state,codex_official_census_context_policy,2026-06-04T17:01:04.193568+00:00,held_or_rejected,Held by strict Census context review: street_token_support_missing.,False
190079,2024,assign_county,22089,"St. Charles Parish, Louisiana",0.8900,"Accepted report-only institutional-anchor CMS provider external/manual geocode review: official_census_geographies_batch_context_review / census_non_exact_street_number_zip_city_state assigned St. Charles Parish, Louisiana (22089) for provider 190079 fiscal year 2024 at confidence 0.89. Reviewer note: Accepted from strict official Census non-exact context review: provider-original match supports St. Charles Parish, Louisiana (22089) with matching leading street number, ZIP, city/state support, no conflicting FIPS, score 0.88, confidence 0.89. Matched address: 1057 PAUL MAILLARD RD, LULING, LA, 70070.. Institutional source promotion remains blocked by source-maturity, leakage, and model-impact gates.",output/institutional_anchor_provider_geocode_external_manual_results_CENSUS_CONTEXT_REVIEW.csv,external_manual_geocode_review_confirmed,2026-06-04T17:01:40.158716+00:00,76,190079__2024,ST. CHARLES PARISH HOSPITAL,LA,1057 PAUL MALLARD ROAD,LULING,70070,external_geocoder_required_no_local_candidate,accept,official_census_geographies_batch_context_review,census_non_exact_street_number_zip_city_state,codex_official_census_context_policy,2026-06-04T17:01:04.193568+00:00,accepted,,False
490143,2023,assign_county,,,,Held by strict Census context review: not_external_census_context_only; census_status_not_match; census_match_type_not_non_exact; not_provider_original_attempt; census_fips_not_in_county_lookup; census_score_below_0_88; census_confidence_below_0_89; matched_address_missing_provider_zip5; leading_street_number_not_supported; street_token_support_missing; matched_address_lacks_city_support; matched_address_lacks_state_support.,output/institutional_anchor_provider_geocode_external_manual_results_CENSUS_CONTEXT_REVIEW.csv,external_manual_geocode_review_confirmed,2026-06-04T17:01:40.158716+00:00,77,490143__2023,RIVERSIDE DOCTORS HOSPITAL WILLIAMSB,VA,1500 COMMONWEALTH AVENUE,WILLIAMSBURG,23185,external_geocoder_required_no_local_candidate,hold,official_census_geographies_batch_context_review,census_non_exact_street_number_zip_city_state,codex_official_census_context_policy,2026-06-04T17:01:04.193568+00:00,held_or_rejected,Held by strict Census context review: not_external_census_context_only; census_status_not_match; census_match_type_not_non_exact; not_provider_original_attempt; census_fips_not_in_county_lookup; census_score_below_0_88; census_confidence_below_0_89; matched_address_missing_provider_zip5; leading_street_number_not_supported; street_token_support_missing; matched_address_lacks_city_support; matched_address_lacks_state_support.,False
300014,2024,assign_county,,,,Held by strict Census context review: not_external_census_context_only; census_status_not_match; census_match_type_not_non_exact; not_provider_original_attempt; census_fips_not_in_county_lookup; census_score_below_0_88; census_confidence_below_0_89; matched_address_missing_provider_zip5; leading_street_number_not_supported; street_token_support_missing; matched_address_lacks_city_support; matched_address_lacks_state_support.,output/institutional_anchor_provider_geocode_external_manual_results_CENSUS_CONTEXT_REVIEW.csv,external_manual_geocode_review_confirmed,2026-06-04T17:01:40.158716+00:00,78,300014__2024,FRISBIE MEMORIAL HOSPITAL,NH,11 WHITEHALL ROAD,ROCHESTER,03867,external_geocoder_required_no_local_candidate,hold,official_census_geographies_batch_context_review,census_non_exact_street_number_zip_city_state,codex_official_census_context_policy,2026-06-04T17:01:04.193568+00:00,held_or_rejected,Held by strict Census context review: not_external_census_context_only; census_status_not_match; census_match_type_not_non_exact; not_provider_original_attempt; census_fips_not_in_county_lookup; census_score_below_0_88; census_confidence_below_0_89; matched_address_missing_provider_zip5; leading_street_number_not_supported; street_token_support_missing; matched_address_lacks_city_support; matched_address_lacks_state_support.,False
241355,2023,assign_county,,,,Held by strict Census context review: not_external_census_context_only; census_status_not_match; census_match_type_not_non_exact; not_provider_original_attempt; census_fips_not_in_county_lookup; census_score_below_0_88; census_confidence_below_0_89; matched_address_missing_provider_zip5; leading_street_number_not_supported; street_token_support_missing; matched_address_lacks_city_support; matched_address_lacks_state_support.,output/institutional_anchor_provider_geocode_external_manual_results_CENSUS_CONTEXT_REVIEW.csv,external_manual_geocode_review_confirmed,2026-06-04T17:01:40.158716+00:00,79,241355__2023,GLENCOE REGIONAL HEALTH SERVICES,MN,705 EAST 18TH STREEET,GLENCOE,55336,external_geocoder_required_no_local_candidate,hold,official_census_geographies_batch_context_review,census_non_exact_street_number_zip_city_state,codex_official_census_context_policy,2026-06-04T17:01:04.193568+00:00,held_or_rejected,Held by strict Census context review: not_external_census_context_only; census_status_not_match; census_match_type_not_non_exact; not_provider_original_attempt; census_fips_not_in_county_lookup; census_score_below_0_88; census_confidence_below_0_89; matched_address_missing_provider_zip5; leading_street_number_not_supported; street_token_support_missing; matched_address_lacks_city_support; matched_address_lacks_state_support.,False
010158,2023,assign_county,,,,Held by strict Census context review: not_external_census_context_only; census_status_not_match; census_match_type_not_non_exact; not_provider_original_attempt; census_fips_not_in_county_lookup; census_score_below_0_88; census_confidence_below_0_89; matched_address_missing_provider_zip5; leading_street_number_not_supported; street_token_support_missing; matched_address_lacks_city_support; matched_address_lacks_state_support.,output/institutional_anchor_provider_geocode_external_manual_results_CENSUS_CONTEXT_REVIEW.csv,external_manual_geocode_review_confirmed,2026-06-04T17:01:40.158716+00:00,80,010158__2023,RUSSELLVILLE HOSPITAL,AL,15155 HIGHWAY 43,RUSSELLVILLE,35653,external_geocoder_required_no_local_candidate,hold,official_census_geographies_batch_context_review,census_non_exact_street_number_zip_city_state,codex_official_census_context_policy,2026-06-04T17:01:04.193568+00:00,held_or_rejected,Held by strict Census context review: not_external_census_context_only; census_status_not_match; census_match_type_not_non_exact; not_provider_original_attempt; census_fips_not_in_county_lookup; census_score_below_0_88; census_confidence_below_0_89; matched_address_missing_provider_zip5; leading_street_number_not_supported; street_token_support_missing; matched_address_lacks_city_support; matched_address_lacks_state_support.,False
370113,2024,assign_county,,,,Held by strict Census context review: not_external_census_context_only; census_status_not_match; census_match_type_not_non_exact; not_provider_original_attempt; census_fips_not_in_county_lookup; census_score_below_0_88; census_confidence_below_0_89; matched_address_missing_provider_zip5; leading_street_number_not_supported; street_token_support_missing; matched_address_lacks_city_support; matched_address_lacks_state_support.,output/institutional_anchor_provider_geocode_external_manual_results_CENSUS_CONTEXT_REVIEW.csv,external_manual_geocode_review_confirmed,2026-06-04T17:01:40.158716+00:00,81,370113__2024,INTEGRIS GROVE HOSPITAL,OK,1001 EAST 18TH STREET,GROVE,74344,external_geocoder_required_no_local_candidate,hold,official_census_geographies_batch_context_review,census_non_exact_street_number_zip_city_state,codex_official_census_context_policy,2026-06-04T17:01:04.193568+00:00,held_or_rejected,Held by strict Census context review: not_external_census_context_only; census_status_not_match; census_match_type_not_non_exact; not_provider_original_attempt; census_fips_not_in_county_lookup; census_score_below_0_88; census_confidence_below_0_89; matched_address_missing_provider_zip5; leading_street_number_not_supported; street_token_support_missing; matched_address_lacks_city_support; matched_address_lacks_state_support.,False
230100,2024,assign_county,26069,"Iosco County, Michigan",0.8400,Held by strict Census context review: census_score_below_0_88; census_confidence_below_0_89; matched_address_missing_provider_zip5.,output/institutional_anchor_provider_geocode_external_manual_results_CENSUS_CONTEXT_REVIEW.csv,external_manual_geocode_review_confirmed,2026-06-04T17:01:40.158716+00:00,82,230100__2024,ASCENSION ST. JOSEPH HOSPITAL,MI,200 HEMLOCK ST,TAWAS,48764,external_geocoder_required_no_local_candidate,hold,official_census_geographies_batch_context_review,census_non_exact_street_number_zip_city_state,codex_official_census_context_policy,2026-06-04T17:01:04.193568+00:00,held_or_rejected,Held by strict Census context review: census_score_below_0_88; census_confidence_below_0_89; matched_address_missing_provider_zip5.,False
261319,2024,assign_county,29113,"Lincoln County, Missouri",0.8900,"Accepted report-only institutional-anchor CMS provider external/manual geocode review: official_census_geographies_batch_context_review / census_non_exact_street_number_zip_city_state assigned Lincoln County, Missouri (29113) for provider 261319 fiscal year 2024 at confidence 0.89. Reviewer note: Accepted from strict official Census non-exact context review: provider-original match supports Lincoln County, Missouri (29113) with matching leading street number, ZIP, city/state support, no conflicting FIPS, score 0.88, confidence 0.89. Matched address: 1000 W CHERRY ST, TROY, MO, 63379.. Institutional source promotion remains blocked by source-maturity, leakage, and model-impact gates.",output/institutional_anchor_provider_geocode_external_manual_results_CENSUS_CONTEXT_REVIEW.csv,external_manual_geocode_review_confirmed,2026-06-04T17:01:40.158716+00:00,83,261319__2024,MERCY HOSPITAL LINCOLN,MO,1000 EAST CHERRY STREET,TROY,63379,external_geocoder_required_no_local_candidate,accept,official_census_geographies_batch_context_review,census_non_exact_street_number_zip_city_state,codex_official_census_context_policy,2026-06-04T17:01:04.193568+00:00,accepted,,False
150022,2023,assign_county,18107,"Montgomery County, Indiana",0.8900,"Accepted report-only institutional-anchor CMS provider external/manual geocode review: official_census_geographies_batch_context_review / census_non_exact_street_number_zip_city_state assigned Montgomery County, Indiana (18107) for provider 150022 fiscal year 2023 at confidence 0.89. Reviewer note: Accepted from strict official Census non-exact context review: provider-original match supports Montgomery County, Indiana (18107) with matching leading street number, ZIP, city/state support, no conflicting FIPS, score 0.88, confidence 0.89. Matched address: 1710 LAFAYETTE AVE, CRAWFORDSVILLE, IN, 47933.. Institutional source promotion remains blocked by source-maturity, leakage, and model-impact gates.",output/institutional_anchor_provider_geocode_external_manual_results_CENSUS_CONTEXT_REVIEW.csv,external_manual_geocode_review_confirmed,2026-06-04T17:01:40.158716+00:00,84,150022__2023,FRANCISCAN HEALTH CRAWFORDSVILLE,IN,1710 LAFAYETTE ROAD,CRAWFORDSVILLE,47933,external_geocoder_required_no_local_candidate,accept,official_census_geographies_batch_context_review,census_non_exact_street_number_zip_city_state,codex_official_census_context_policy,2026-06-04T17:01:04.193568+00:00,accepted,,False
673079,2023,assign_county,,,,Held by strict Census context review: not_external_census_context_only; census_status_not_match; census_match_type_not_non_exact; not_provider_original_attempt; census_fips_not_in_county_lookup; census_score_below_0_88; census_confidence_below_0_89; matched_address_missing_provider_zip5; leading_street_number_not_supported; street_token_support_missing; matched_address_lacks_city_support; matched_address_lacks_state_support.,output/institutional_anchor_provider_geocode_external_manual_results_CENSUS_CONTEXT_REVIEW.csv,external_manual_geocode_review_confirmed,2026-06-04T17:01:40.158716+00:00,85,673079__2023,ENCOMPASS HEALTH REHABILITATION OF W,TX,3600 SOUTH LOOP 340,ROBINSON,76706,external_geocoder_required_no_local_candidate,hold,official_census_geographies_batch_context_review,census_non_exact_street_number_zip_city_state,codex_official_census_context_policy,2026-06-04T17:01:04.193568+00:00,held_or_rejected,Held by strict Census context review: not_external_census_context_only; census_status_not_match; census_match_type_not_non_exact; not_provider_original_attempt; census_fips_not_in_county_lookup; census_score_below_0_88; census_confidence_below_0_89; matched_address_missing_provider_zip5; leading_street_number_not_supported; street_token_support_missing; matched_address_lacks_city_support; matched_address_lacks_state_support.,False
144028,2024,assign_county,,,,Held by strict Census context review: not_external_census_context_only; census_status_not_match; census_match_type_not_non_exact; not_provider_original_attempt; census_fips_not_in_county_lookup; census_score_below_0_88; census_confidence_below_0_89; matched_address_missing_provider_zip5; leading_street_number_not_supported; street_token_support_missing; matched_address_lacks_city_support; matched_address_lacks_state_support.,output/institutional_anchor_provider_geocode_external_manual_results_CENSUS_CONTEXT_REVIEW.csv,external_manual_geocode_review_confirmed,2026-06-04T17:01:40.158716+00:00,86,144028__2024,JOHN J MADDEN MENTAL HEALTH CENTER,IL,1200 S FIRST AVE,HINES,60141,external_geocoder_required_no_local_candidate,hold,official_census_geographies_batch_context_review,census_non_exact_street_number_zip_city_state,codex_official_census_context_policy,2026-06-04T17:01:04.193568+00:00,held_or_rejected,Held by strict Census context review: not_external_census_context_only; census_status_not_match; census_match_type_not_non_exact; not_provider_original_attempt; census_fips_not_in_county_lookup; census_score_below_0_88; census_confidence_below_0_89; matched_address_missing_provider_zip5; leading_street_number_not_supported; street_token_support_missing; matched_address_lacks_city_support; matched_address_lacks_state_support.,False
231325,2024,assign_county,26051,"Gladwin County, Michigan",0.8900,Held by strict Census context review: street_token_support_missing.,output/institutional_anchor_provider_geocode_external_manual_results_CENSUS_CONTEXT_REVIEW.csv,external_manual_geocode_review_confirmed,2026-06-04T17:01:40.158716+00:00,87,231325__2024,MYMICHIGAN MEDICAL CENTER GLADWIN,MI,515 QUATER STREET,GLADWIN,48624,external_geocoder_required_no_local_candidate,hold,official_census_geographies_batch_context_review,census_non_exact_street_number_zip_city_state,codex_official_census_context_policy,2026-06-04T17:01:04.193568+00:00,held_or_rejected,Held by strict Census context review: street_token_support_missing.,False
390117,2024,assign_county,,,,Held by strict Census context review: not_external_census_context_only; census_status_not_match; census_match_type_not_non_exact; not_provider_original_attempt; census_fips_not_in_county_lookup; census_score_below_0_88; census_confidence_below_0_89; matched_address_missing_provider_zip5; leading_street_number_not_supported; street_token_support_missing; matched_address_lacks_city_support; matched_address_lacks_state_support.,output/institutional_anchor_provider_geocode_external_manual_results_CENSUS_CONTEXT_REVIEW.csv,external_manual_geocode_review_confirmed,2026-06-04T17:01:40.158716+00:00,88,390117__2024,UPMC BEDFORD,PA,10455 LINCOLN HIGHWAY,EVERETT,15537,external_geocoder_required_no_local_candidate,hold,official_census_geographies_batch_context_review,census_non_exact_street_number_zip_city_state,codex_official_census_context_policy,2026-06-04T17:01:04.193568+00:00,held_or_rejected,Held by strict Census context review: not_external_census_context_only; census_status_not_match; census_match_type_not_non_exact; not_provider_original_attempt; census_fips_not_in_county_lookup; census_score_below_0_88; census_confidence_below_0_89; matched_address_missing_provider_zip5; leading_street_number_not_supported; street_token_support_missing; matched_address_lacks_city_support; matched_address_lacks_state_support.,False
361330,2023,assign_county,,,,Held by strict Census context review: not_external_census_context_only; census_status_not_match; census_match_type_not_non_exact; not_provider_original_attempt; census_fips_not_in_county_lookup; census_score_below_0_88; census_confidence_below_0_89; matched_address_missing_provider_zip5; leading_street_number_not_supported; street_token_support_missing; matched_address_lacks_city_support; matched_address_lacks_state_support.,output/institutional_anchor_provider_geocode_external_manual_results_CENSUS_CONTEXT_REVIEW.csv,external_manual_geocode_review_confirmed,2026-06-04T17:01:40.158716+00:00,89,361330__2023,HOCKING VALLEY,OH,601 STATE ROUTE 664,LOGAN,43138,external_geocoder_required_no_local_candidate,hold,official_census_geographies_batch_context_review,census_non_exact_street_number_zip_city_state,codex_official_census_context_policy,2026-06-04T17:01:04.193568+00:00,held_or_rejected,Held by strict Census context review: not_external_census_context_only; census_status_not_match; census_match_type_not_non_exact; not_provider_original_attempt; census_fips_not_in_county_lookup; census_score_below_0_88; census_confidence_below_0_89; matched_address_missing_provider_zip5; leading_street_number_not_supported; street_token_support_missing; matched_address_lacks_city_support; matched_address_lacks_state_support.,False
451333,2024,assign_county,,,,Held by strict Census context review: not_external_census_context_only; census_status_not_match; census_match_type_not_non_exact; not_provider_original_attempt; census_fips_not_in_county_lookup; census_score_below_0_88; census_confidence_below_0_89; matched_address_missing_provider_zip5; leading_street_number_not_supported; street_token_support_missing; matched_address_lacks_city_support; matched_address_lacks_state_support.,output/institutional_anchor_provider_geocode_external_manual_results_CENSUS_CONTEXT_REVIEW.csv,external_manual_geocode_review_confirmed,2026-06-04T17:01:40.158716+00:00,90,451333__2024,MARTIN COUNTY HOSPITAL,TX,610 N. SAINT PETER STREET,STANTON,79782,external_geocoder_required_no_local_candidate,hold,official_census_geographies_batch_context_review,census_non_exact_street_number_zip_city_state,codex_official_census_context_policy,2026-06-04T17:01:04.193568+00:00,held_or_rejected,Held by strict Census context review: not_external_census_context_only; census_status_not_match; census_match_type_not_non_exact; not_provider_original_attempt; census_fips_not_in_county_lookup; census_score_below_0_88; census_confidence_below_0_89; matched_address_missing_provider_zip5; leading_street_number_not_supported; street_token_support_missing; matched_address_lacks_city_support; matched_address_lacks_state_support.,False
110236,2024,assign_county,,,,Held by strict Census context review: not_external_census_context_only; census_status_not_match; census_match_type_not_non_exact; not_provider_original_attempt; census_fips_not_in_county_lookup; census_score_below_0_88; census_confidence_below_0_89; matched_address_missing_provider_zip5; leading_street_number_not_supported; street_token_support_missing; matched_address_lacks_city_support; matched_address_lacks_state_support.,output/institutional_anchor_provider_geocode_external_manual_results_CENSUS_CONTEXT_REVIEW.csv,external_manual_geocode_review_confirmed,2026-06-04T17:01:40.158716+00:00,91,110236__2024,CHI MEMORIAL HOSPITAL - GEORGIA,GA,101 GROSS CRESCENT CIRCLE,FT OGLETHORPE,30742,external_geocoder_required_no_local_candidate,hold,official_census_geographies_batch_context_review,census_non_exact_street_number_zip_city_state,codex_official_census_context_policy,2026-06-04T17:01:04.193568+00:00,held_or_rejected,Held by strict Census context review: not_external_census_context_only; census_status_not_match; census_match_type_not_non_exact; not_provider_original_attempt; census_fips_not_in_county_lookup; census_score_below_0_88; census_confidence_below_0_89; matched_address_missing_provider_zip5; leading_street_number_not_supported; street_token_support_missing; matched_address_lacks_city_support; matched_address_lacks_state_support.,False
251300,2023,assign_county,28123,"Scott County, Mississippi",0.8900,"Accepted report-only institutional-anchor CMS provider external/manual geocode review: official_census_geographies_batch_context_review / census_non_exact_street_number_zip_city_state assigned Scott County, Mississippi (28123) for provider 251300 fiscal year 2023 at confidence 0.89. Reviewer note: Accepted from strict official Census non-exact context review: provider-original match supports Scott County, Mississippi (28123) with matching leading street number, ZIP, city/state support, no conflicting FIPS, score 0.88, confidence 0.89. Matched address: 330 N BROAD ST, FOREST, MS, 39074.. Institutional source promotion remains blocked by source-maturity, leakage, and model-impact gates.",output/institutional_anchor_provider_geocode_external_manual_results_CENSUS_CONTEXT_REVIEW.csv,external_manual_geocode_review_confirmed,2026-06-04T17:01:40.158716+00:00,92,251300__2023,S.E. LACKEY MEMORIAL HOSPITAL,MS,330 NORTH BROAD STEET,FOREST,39074,external_geocoder_required_no_local_candidate,accept,official_census_geographies_batch_context_review,census_non_exact_street_number_zip_city_state,codex_official_census_context_policy,2026-06-04T17:01:04.193568+00:00,accepted,,False
370178,2024,assign_county,,,,Held by strict Census context review: not_external_census_context_only; census_status_not_match; census_match_type_not_non_exact; not_provider_original_attempt; census_fips_not_in_county_lookup; census_score_below_0_88; census_confidence_below_0_89; matched_address_missing_provider_zip5; leading_street_number_not_supported; street_token_support_missing; matched_address_lacks_city_support; matched_address_lacks_state_support.,output/institutional_anchor_provider_geocode_external_manual_results_CENSUS_CONTEXT_REVIEW.csv,external_manual_geocode_review_confirmed,2026-06-04T17:01:40.158716+00:00,93,370178__2024,ADAIR COUNTY HEALTH CENTER,OK,100 HIGHWAY WEST,STILWELL,74960,external_geocoder_required_no_local_candidate,hold,official_census_geographies_batch_context_review,census_non_exact_street_number_zip_city_state,codex_official_census_context_policy,2026-06-04T17:01:04.193568+00:00,held_or_rejected,Held by strict Census context review: not_external_census_context_only; census_status_not_match; census_match_type_not_non_exact; not_provider_original_attempt; census_fips_not_in_county_lookup; census_score_below_0_88; census_confidence_below_0_89; matched_address_missing_provider_zip5; leading_street_number_not_supported; street_token_support_missing; matched_address_lacks_city_support; matched_address_lacks_state_support.,False
291311,2023,assign_county,32023,"Nye County, Nevada",0.8900,"Accepted report-only institutional-anchor CMS provider external/manual geocode review: official_census_geographies_batch_context_review / census_non_exact_street_number_zip_city_state assigned Nye County, Nevada (32023) for provider 291311 fiscal year 2023 at confidence 0.89. Reviewer note: Accepted from strict official Census non-exact context review: provider-original match supports Nye County, Nevada (32023) with matching leading street number, ZIP, city/state support, no conflicting FIPS, score 0.88, confidence 0.89. Matched address: 360 LOLA, PAHRUMP, NV, 89048.. Institutional source promotion remains blocked by source-maturity, leakage, and model-impact gates.",output/institutional_anchor_provider_geocode_external_manual_results_CENSUS_CONTEXT_REVIEW.csv,external_manual_geocode_review_confirmed,2026-06-04T17:01:40.158716+00:00,94,291311__2023,DESERT VIEW REGIONAL MEDICAL CENTER,NV,360 S LOLA LANE,PAHRUMP,89048,external_geocoder_required_no_local_candidate,accept,official_census_geographies_batch_context_review,census_non_exact_street_number_zip_city_state,codex_official_census_context_policy,2026-06-04T17:01:04.193568+00:00,accepted,,False
370015,2024,assign_county,40097,"Mayes County, Oklahoma",0.8900,"Accepted report-only institutional-anchor CMS provider external/manual geocode review: official_census_geographies_batch_context_review / census_non_exact_street_number_zip_city_state assigned Mayes County, Oklahoma (40097) for provider 370015 fiscal year 2024 at confidence 0.89. Reviewer note: Accepted from strict official Census non-exact context review: provider-original match supports Mayes County, Oklahoma (40097) with matching leading street number, ZIP, city/state support, no conflicting FIPS, score 0.88, confidence 0.89. Matched address: 111 N BAILEY ST, PRYOR, OK, 74361.. Institutional source promotion remains blocked by source-maturity, leakage, and model-impact gates.",output/institutional_anchor_provider_geocode_external_manual_results_CENSUS_CONTEXT_REVIEW.csv,external_manual_geocode_review_confirmed,2026-06-04T17:01:40.158716+00:00,95,370015__2024,HILLCREST HOSPITAL PRYOR,OK,111 N. BAILEY,PRYOR,74361,external_geocoder_required_no_local_candidate,accept,official_census_geographies_batch_context_review,census_non_exact_street_number_zip_city_state,codex_official_census_context_policy,2026-06-04T17:01:04.193568+00:00,accepted,,False
670131,2024,assign_county,,,,Held by strict Census context review: not_external_census_context_only; census_status_not_match; census_match_type_not_non_exact; not_provider_original_attempt; census_fips_not_in_county_lookup; census_score_below_0_88; census_confidence_below_0_89; matched_address_missing_provider_zip5; leading_street_number_not_supported; street_token_support_missing; matched_address_lacks_city_support; matched_address_lacks_state_support.,output/institutional_anchor_provider_geocode_external_manual_results_CENSUS_CONTEXT_REVIEW.csv,external_manual_geocode_review_confirmed,2026-06-04T17:01:40.158716+00:00,96,670131__2024,BAYLOR SCOTT & WHITE - BUDA,TX,5330 OVERPASS ROAD SUITE 110,BUDA,78610,external_geocoder_required_no_local_candidate,hold,official_census_geographies_batch_context_review,census_non_exact_street_number_zip_city_state,codex_official_census_context_policy,2026-06-04T17:01:04.193568+00:00,held_or_rejected,Held by strict Census context review: not_external_census_context_only; census_status_not_match; census_match_type_not_non_exact; not_provider_original_attempt; census_fips_not_in_county_lookup; census_score_below_0_88; census_confidence_below_0_89; matched_address_missing_provider_zip5; leading_street_number_not_supported; street_token_support_missing; matched_address_lacks_city_support; matched_address_lacks_state_support.,False
110111,2023,assign_county,13189,"McDuffie County, Georgia",0.8900,"Accepted report-only institutional-anchor CMS provider external/manual geocode review: official_census_geographies_batch_context_review / census_non_exact_street_number_zip_city_state assigned McDuffie County, Georgia (13189) for provider 110111 fiscal year 2023 at confidence 0.89. Reviewer note: Accepted from strict official Census non-exact context review: provider-original match supports McDuffie County, Georgia (13189) with matching leading street number, ZIP, city/state support, no conflicting FIPS, score 0.88, confidence 0.89. Matched address: 2460 WASHINGTON RD, THOMSON, GA, 30824.. Institutional source promotion remains blocked by source-maturity, leakage, and model-impact gates.",output/institutional_anchor_provider_geocode_external_manual_results_CENSUS_CONTEXT_REVIEW.csv,external_manual_geocode_review_confirmed,2026-06-04T17:01:40.158716+00:00,97,110111__2023,UNIVERSITY HOSPITAL MCDUFFIE,GA,2460 WASHINGTON RD NE,THOMSON,30824,external_geocoder_required_no_local_candidate,accept,official_census_geographies_batch_context_review,census_non_exact_street_number_zip_city_state,codex_official_census_context_policy,2026-06-04T17:01:04.193568+00:00,accepted,,False
110111,2024,assign_county,13189,"McDuffie County, Georgia",0.8900,"Accepted report-only institutional-anchor CMS provider external/manual geocode review: official_census_geographies_batch_context_review / census_non_exact_street_number_zip_city_state assigned McDuffie County, Georgia (13189) for provider 110111 fiscal year 2024 at confidence 0.89. Reviewer note: Accepted from strict official Census non-exact context review: provider-original match supports McDuffie County, Georgia (13189) with matching leading street number, ZIP, city/state support, no conflicting FIPS, score 0.88, confidence 0.89. Matched address: 2460 WASHINGTON RD, THOMSON, GA, 30824.. Institutional source promotion remains blocked by source-maturity, leakage, and model-impact gates.",output/institutional_anchor_provider_geocode_external_manual_results_CENSUS_CONTEXT_REVIEW.csv,external_manual_geocode_review_confirmed,2026-06-04T17:01:40.158716+00:00,98,110111__2024,UNIVERSITY HOSPITAL MCDUFFIE,GA,2460 WASHINGTON RD NE,THOMSON,30824,external_geocoder_required_no_local_candidate,accept,official_census_geographies_batch_context_review,census_non_exact_street_number_zip_city_state,codex_official_census_context_policy,2026-06-04T17:01:04.193568+00:00,accepted,,False
140167,2023,assign_county,17075,"Iroquois County, Illinois",0.8900,"Accepted report-only institutional-anchor CMS provider external/manual geocode review: official_census_geographies_batch_context_review / census_non_exact_street_number_zip_city_state assigned Iroquois County, Illinois (17075) for provider 140167 fiscal year 2023 at confidence 0.89. Reviewer note: Accepted from strict official Census non-exact context review: provider-original match supports Iroquois County, Illinois (17075) with matching leading street number, ZIP, city/state support, no conflicting FIPS, score 0.88, confidence 0.89. Matched address: 200 E FAIRMAN AVE, WATSEKA, IL, 60970.. Institutional source promotion remains blocked by source-maturity, leakage, and model-impact gates.",output/institutional_anchor_provider_geocode_external_manual_results_CENSUS_CONTEXT_REVIEW.csv,external_manual_geocode_review_confirmed,2026-06-04T17:01:40.158716+00:00,99,140167__2023,IROQUOIS MEMORIAL HOSPITAL,IL,200 FAIRMAN AVENUE,WATSEKA,60970,external_geocoder_required_no_local_candidate,accept,official_census_geographies_batch_context_review,census_non_exact_street_number_zip_city_state,codex_official_census_context_policy,2026-06-04T17:01:04.193568+00:00,accepted,,False
141353,2023,assign_county,17075,"Iroquois County, Illinois",0.8900,"Accepted report-only institutional-anchor CMS provider external/manual geocode review: official_census_geographies_batch_context_review / census_non_exact_street_number_zip_city_state assigned Iroquois County, Illinois (17075) for provider 141353 fiscal year 2023 at confidence 0.89. Reviewer note: Accepted from strict official Census non-exact context review: provider-original match supports Iroquois County, Illinois (17075) with matching leading street number, ZIP, city/state support, no conflicting FIPS, score 0.88, confidence 0.89. Matched address: 200 E FAIRMAN AVE, WATSEKA, IL, 60970.. Institutional source promotion remains blocked by source-maturity, leakage, and model-impact gates.",output/institutional_anchor_provider_geocode_external_manual_results_CENSUS_CONTEXT_REVIEW.csv,external_manual_geocode_review_confirmed,2026-06-04T17:01:40.158716+00:00,100,141353__2023,IROQUOIS MEMORIAL HOSPITAL,IL,200 FAIRMAN AVENUE,WATSEKA,60970,external_geocoder_required_no_local_candidate,accept,official_census_geographies_batch_context_review,census_non_exact_street_number_zip_city_state,codex_official_census_context_policy,2026-06-04T17:01:04.193568+00:00,accepted,,False
181331,2024,assign_county,,,,Held by strict Census context review: not_external_census_context_only; census_status_not_match; census_match_type_not_non_exact; not_provider_original_attempt; census_fips_not_in_county_lookup; census_score_below_0_88; census_confidence_below_0_89; matched_address_missing_provider_zip5; leading_street_number_not_supported; street_token_support_missing; matched_address_lacks_city_support; matched_address_lacks_state_support.,output/institutional_anchor_provider_geocode_external_manual_results_CENSUS_CONTEXT_REVIEW.csv,external_manual_geocode_review_confirmed,2026-06-04T17:01:40.158716+00:00,101,181331__2024,MCDOWELL ARH,KY,9879 ROUTE 122,MCDOWELL,41647,external_geocoder_required_no_local_candidate,hold,official_census_geographies_batch_context_review,census_non_exact_street_number_zip_city_state,codex_official_census_context_policy,2026-06-04T17:01:04.193568+00:00,held_or_rejected,Held by strict Census context review: not_external_census_context_only; census_status_not_match; census_match_type_not_non_exact; not_provider_original_attempt; census_fips_not_in_county_lookup; census_score_below_0_88; census_confidence_below_0_89; matched_address_missing_provider_zip5; leading_street_number_not_supported; street_token_support_missing; matched_address_lacks_city_support; matched_address_lacks_state_support.,False
341317,2023,assign_county,,,,Held by strict Census context review: not_external_census_context_only; census_status_not_match; census_match_type_not_non_exact; not_provider_original_attempt; census_fips_not_in_county_lookup; census_score_below_0_88; census_confidence_below_0_89; matched_address_missing_provider_zip5; leading_street_number_not_supported; street_token_support_missing; matched_address_lacks_city_support; matched_address_lacks_state_support.,output/institutional_anchor_provider_geocode_external_manual_results_CENSUS_CONTEXT_REVIEW.csv,external_manual_geocode_review_confirmed,2026-06-04T17:01:40.158716+00:00,102,341317__2023,LIFEBRITE COMM HOSP OF STOKES,NC,1570 NC 8 & 89 HWY N,DANBURY,27016,external_geocoder_required_no_local_candidate,hold,official_census_geographies_batch_context_review,census_non_exact_street_number_zip_city_state,codex_official_census_context_policy,2026-06-04T17:01:04.193568+00:00,held_or_rejected,Held by strict Census context review: not_external_census_context_only; census_status_not_match; census_match_type_not_non_exact; not_provider_original_attempt; census_fips_not_in_county_lookup; census_score_below_0_88; census_confidence_below_0_89; matched_address_missing_provider_zip5; leading_street_number_not_supported; street_token_support_missing; matched_address_lacks_city_support; matched_address_lacks_state_support.,False
451396,2023,assign_county,48299,"Llano County, Texas",0.8900,"Accepted report-only institutional-anchor CMS provider external/manual geocode review: official_census_geographies_batch_context_review / census_non_exact_street_number_zip_city_state assigned Llano County, Texas (48299) for provider 451396 fiscal year 2023 at confidence 0.89. Reviewer note: Accepted from strict official Census non-exact context review: provider-original match supports Llano County, Texas (48299) with matching leading street number, ZIP, city/state support, no conflicting FIPS, score 0.88, confidence 0.89. Matched address: 200 W OLLIE ST, LLANO, TX, 78643.. Institutional source promotion remains blocked by source-maturity, leakage, and model-impact gates.",output/institutional_anchor_provider_geocode_external_manual_results_CENSUS_CONTEXT_REVIEW.csv,external_manual_geocode_review_confirmed,2026-06-04T17:01:40.158716+00:00,103,451396__2023,MID COAST MEDICAL CENTER-CENTRAL,TX,200 N. OLLIE STREET,LLANO,78643,external_geocoder_required_no_local_candidate,accept,official_census_geographies_batch_context_review,census_non_exact_street_number_zip_city_state,codex_official_census_context_policy,2026-06-04T17:01:04.193568+00:00,accepted,,False
511310,2024,assign_county,,,,Held by strict Census context review: not_external_census_context_only; census_status_not_match; census_match_type_not_non_exact; not_provider_original_attempt; census_fips_not_in_county_lookup; census_score_below_0_88; census_confidence_below_0_89; matched_address_missing_provider_zip5; leading_street_number_not_supported; street_token_support_missing; matched_address_lacks_city_support; matched_address_lacks_state_support.,output/institutional_anchor_provider_geocode_external_manual_results_CENSUS_CONTEXT_REVIEW.csv,external_manual_geocode_review_confirmed,2026-06-04T17:01:40.158716+00:00,104,511310__2024,SUMMERS COUNTY ARH,WV,TERRACE STREET,HINTON,25951,external_geocoder_required_no_local_candidate,hold,official_census_geographies_batch_context_review,census_non_exact_street_number_zip_city_state,codex_official_census_context_policy,2026-06-04T17:01:04.193568+00:00,held_or_rejected,Held by strict Census context review: not_external_census_context_only; census_status_not_match; census_match_type_not_non_exact; not_provider_original_attempt; census_fips_not_in_county_lookup; census_score_below_0_88; census_confidence_below_0_89; matched_address_missing_provider_zip5; leading_street_number_not_supported; street_token_support_missing; matched_address_lacks_city_support; matched_address_lacks_state_support.,False
371338,2024,assign_county,40057,"Harmon County, Oklahoma",0.8900,"Accepted report-only institutional-anchor CMS provider external/manual geocode review: official_census_geographies_batch_context_review / census_non_exact_street_number_zip_city_state assigned Harmon County, Oklahoma (40057) for provider 371338 fiscal year 2024 at confidence 0.89. Reviewer note: Accepted from strict official Census non-exact context review: provider-original match supports Harmon County, Oklahoma (40057) with matching leading street number, ZIP, city/state support, no conflicting FIPS, score 0.88, confidence 0.89. Matched address: 400 E CHESTNUT ST, HOLLIS, OK, 73550.. Institutional source promotion remains blocked by source-maturity, leakage, and model-impact gates.",output/institutional_anchor_provider_geocode_external_manual_results_CENSUS_CONTEXT_REVIEW.csv,external_manual_geocode_review_confirmed,2026-06-04T17:01:40.158716+00:00,105,371338__2024,HARMON MEMORIAL HOSPITAL,OK,400 EAST CHESTNUT,HOLLIS,73550,external_geocoder_required_no_local_candidate,accept,official_census_geographies_batch_context_review,census_non_exact_street_number_zip_city_state,codex_official_census_context_policy,2026-06-04T17:01:04.193568+00:00,accepted,,False
451331,2024,assign_county,48205,"Hartley County, Texas",0.8900,"Accepted report-only institutional-anchor CMS provider external/manual geocode review: official_census_geographies_batch_context_review / census_non_exact_street_number_zip_city_state assigned Hartley County, Texas (48205) for provider 451331 fiscal year 2024 at confidence 0.89. Reviewer note: Accepted from strict official Census non-exact context review: provider-original match supports Hartley County, Texas (48205) with matching leading street number, ZIP, city/state support, no conflicting FIPS, score 0.88, confidence 0.89. Matched address: 1411 DENVER AVE, DALHART, TX, 79022.. Institutional source promotion remains blocked by source-maturity, leakage, and model-impact gates.",output/institutional_anchor_provider_geocode_external_manual_results_CENSUS_CONTEXT_REVIEW.csv,external_manual_geocode_review_confirmed,2026-06-04T17:01:40.158716+00:00,106,451331__2024,COON MEMORIAL HOSPITAL,TX,1411 DENVER,DALHART,79022,external_geocoder_required_no_local_candidate,accept,official_census_geographies_batch_context_review,census_non_exact_street_number_zip_city_state,codex_official_census_context_policy,2026-06-04T17:01:04.193568+00:00,accepted,,False
390104,2024,assign_county,,,,Held by strict Census context review: not_external_census_context_only; census_status_not_match; census_match_type_not_non_exact; not_provider_original_attempt; census_fips_not_in_county_lookup; census_score_below_0_88; census_confidence_below_0_89; matched_address_missing_provider_zip5; leading_street_number_not_supported; street_token_support_missing; matched_address_lacks_city_support; matched_address_lacks_state_support.,output/institutional_anchor_provider_geocode_external_manual_results_CENSUS_CONTEXT_REVIEW.csv,external_manual_geocode_review_confirmed,2026-06-04T17:01:40.158716+00:00,107,390104__2024,UPMC KANE,PA,4372 ROUTE 6,KANE,16735,external_geocoder_required_no_local_candidate,hold,official_census_geographies_batch_context_review,census_non_exact_street_number_zip_city_state,codex_official_census_context_policy,2026-06-04T17:01:04.193568+00:00,held_or_rejected,Held by strict Census context review: not_external_census_context_only; census_status_not_match; census_match_type_not_non_exact; not_provider_original_attempt; census_fips_not_in_county_lookup; census_score_below_0_88; census_confidence_below_0_89; matched_address_missing_provider_zip5; leading_street_number_not_supported; street_token_support_missing; matched_address_lacks_city_support; matched_address_lacks_state_support.,False
011306,2024,assign_county,01111,"Randolph County, Alabama",0.8900,"Accepted report-only institutional-anchor CMS provider external/manual geocode review: official_census_geographies_batch_context_review / census_non_exact_street_number_zip_city_state assigned Randolph County, Alabama (01111) for provider 011306 fiscal year 2024 at confidence 0.89. Reviewer note: Accepted from strict official Census non-exact context review: provider-original match supports Randolph County, Alabama (01111) with matching leading street number, ZIP, city/state support, no conflicting FIPS, score 0.88, confidence 0.89. Matched address: 1032 N MAIN ST, WEDOWEE, AL, 36278.. Institutional source promotion remains blocked by source-maturity, leakage, and model-impact gates.",output/institutional_anchor_provider_geocode_external_manual_results_CENSUS_CONTEXT_REVIEW.csv,external_manual_geocode_review_confirmed,2026-06-04T17:01:40.158716+00:00,108,011306__2024,TANNER MEDICAL CENTER ALABAMA INC.,AL,1032 MAIN STREET SOUTH,WEDOWEE,36278,external_geocoder_required_no_local_candidate,accept,official_census_geographies_batch_context_review,census_non_exact_street_number_zip_city_state,codex_official_census_context_policy,2026-06-04T17:01:04.193568+00:00,accepted,,False
241301,2024,assign_county,,,,Held by strict Census context review: not_external_census_context_only; census_status_not_match; census_match_type_not_non_exact; not_provider_original_attempt; census_fips_not_in_county_lookup; census_score_below_0_88; census_confidence_below_0_89; matched_address_missing_provider_zip5; leading_street_number_not_supported; street_token_support_missing; matched_address_lacks_city_support; matched_address_lacks_state_support.,output/institutional_anchor_provider_geocode_external_manual_results_CENSUS_CONTEXT_REVIEW.csv,external_manual_geocode_review_confirmed,2026-06-04T17:01:40.158716+00:00,109,241301__2024,LAKEWOOD HEALTH CENTER,MN,600 MAIN AVENUE S,BAUDETTE,56623,external_geocoder_required_no_local_candidate,hold,official_census_geographies_batch_context_review,census_non_exact_street_number_zip_city_state,codex_official_census_context_policy,2026-06-04T17:01:04.193568+00:00,held_or_rejected,Held by strict Census context review: not_external_census_context_only; census_status_not_match; census_match_type_not_non_exact; not_provider_original_attempt; census_fips_not_in_county_lookup; census_score_below_0_88; census_confidence_below_0_89; matched_address_missing_provider_zip5; leading_street_number_not_supported; street_token_support_missing; matched_address_lacks_city_support; matched_address_lacks_state_support.,False
171357,2023,assign_county,20115,"Marion County, Kansas",0.8900,"Accepted report-only institutional-anchor CMS provider external/manual geocode review: official_census_geographies_batch_context_review / census_non_exact_street_number_zip_city_state assigned Marion County, Kansas (20115) for provider 171357 fiscal year 2023 at confidence 0.89. Reviewer note: Accepted from strict official Census non-exact context review: provider-original match supports Marion County, Kansas (20115) with matching leading street number, ZIP, city/state support, no conflicting FIPS, score 0.88, confidence 0.89. Matched address: 101 INDUSTRIAL RD, HILLSBORO, KS, 67063.. Institutional source promotion remains blocked by source-maturity, leakage, and model-impact gates.",output/institutional_anchor_provider_geocode_external_manual_results_CENSUS_CONTEXT_REVIEW.csv,external_manual_geocode_review_confirmed,2026-06-04T17:01:40.158716+00:00,110,171357__2023,HILLSBORO COMMUNITY HOSPITAL,KS,101 INDUSTRIAL BLVD,HILLSBORO,67063,external_geocoder_required_no_local_candidate,accept,official_census_geographies_batch_context_review,census_non_exact_street_number_zip_city_state,codex_official_census_context_policy,2026-06-04T17:01:04.193568+00:00,accepted,,False
371331,2023,assign_county,,,,Held by strict Census context review: not_external_census_context_only; census_status_not_match; census_match_type_not_non_exact; not_provider_original_attempt; census_fips_not_in_county_lookup; census_score_below_0_88; census_confidence_below_0_89; matched_address_missing_provider_zip5; leading_street_number_not_supported; street_token_support_missing; matched_address_lacks_city_support; matched_address_lacks_state_support.,output/institutional_anchor_provider_geocode_external_manual_results_CENSUS_CONTEXT_REVIEW.csv,external_manual_geocode_review_confirmed,2026-06-04T17:01:40.158716+00:00,111,371331__2023,DRUMRIGHT REGIONAL HOSPITAL,OK,610 WEST BYPASS,DRUMRIGHT,74030,external_geocoder_required_no_local_candidate,hold,official_census_geographies_batch_context_review,census_non_exact_street_number_zip_city_state,codex_official_census_context_policy,2026-06-04T17:01:04.193568+00:00,held_or_rejected,Held by strict Census context review: not_external_census_context_only; census_status_not_match; census_match_type_not_non_exact; not_provider_original_attempt; census_fips_not_in_county_lookup; census_score_below_0_88; census_confidence_below_0_89; matched_address_missing_provider_zip5; leading_street_number_not_supported; street_token_support_missing; matched_address_lacks_city_support; matched_address_lacks_state_support.,False
371303,2024,assign_county,,,,Held by strict Census context review: not_external_census_context_only; census_status_not_match; census_match_type_not_non_exact; not_provider_original_attempt; census_fips_not_in_county_lookup; census_score_below_0_88; census_confidence_below_0_89; matched_address_missing_provider_zip5; leading_street_number_not_supported; street_token_support_missing; matched_address_lacks_city_support; matched_address_lacks_state_support.,output/institutional_anchor_provider_geocode_external_manual_results_CENSUS_CONTEXT_REVIEW.csv,external_manual_geocode_review_confirmed,2026-06-04T17:01:40.158716+00:00,112,371303__2024,ROGER MILLS MEMORIAL HOSPITAL,OK,501 SOUTH LL MALES AVENUE,CHEYENNE,73628,external_geocoder_required_no_local_candidate,hold,official_census_geographies_batch_context_review,census_non_exact_street_number_zip_city_state,codex_official_census_context_policy,2026-06-04T17:01:04.193568+00:00,held_or_rejected,Held by strict Census context review: not_external_census_context_only; census_status_not_match; census_match_type_not_non_exact; not_provider_original_attempt; census_fips_not_in_county_lookup; census_score_below_0_88; census_confidence_below_0_89; matched_address_missing_provider_zip5; leading_street_number_not_supported; street_token_support_missing; matched_address_lacks_city_support; matched_address_lacks_state_support.,False
521300,2024,assign_county,55125,"Vilas County, Wisconsin",0.8900,"Accepted report-only institutional-anchor CMS provider external/manual geocode review: official_census_geographies_batch_context_review / census_non_exact_street_number_zip_city_state assigned Vilas County, Wisconsin (55125) for provider 521300 fiscal year 2024 at confidence 0.89. Reviewer note: Accepted from strict official Census non-exact context review: provider-original match supports Vilas County, Wisconsin (55125) with matching leading street number, ZIP, city/state support, no conflicting FIPS, score 0.88, confidence 0.89. Matched address: 201 E HOSPITAL RD, EAGLE RIVER, WI, 54521.. Institutional source promotion remains blocked by source-maturity, leakage, and model-impact gates.",output/institutional_anchor_provider_geocode_external_manual_results_CENSUS_CONTEXT_REVIEW.csv,external_manual_geocode_review_confirmed,2026-06-04T17:01:40.158716+00:00,113,521300__2024,ASPIRUS EAGLE RIVER HOSPITAL,WI,201 HOSPITAL ROAD,EAGLE RIVER,54521,external_geocoder_required_no_local_candidate,accept,official_census_geographies_batch_context_review,census_non_exact_street_number_zip_city_state,codex_official_census_context_policy,2026-06-04T17:01:04.193568+00:00,accepted,,False
670285,2023,assign_county,,,,Held by strict Census context review: not_external_census_context_only; census_status_not_match; census_match_type_not_non_exact; not_provider_original_attempt; census_fips_not_in_county_lookup; census_score_below_0_88; census_confidence_below_0_89; matched_address_missing_provider_zip5; leading_street_number_not_supported; street_token_support_missing; matched_address_lacks_city_support; matched_address_lacks_state_support.,output/institutional_anchor_provider_geocode_external_manual_results_CENSUS_CONTEXT_REVIEW.csv,external_manual_geocode_review_confirmed,2026-06-04T17:01:40.158716+00:00,114,670285__2023,KINGWOOD EMERGENCY HOSPITAL,TX,23330 HIGHWAY 59 N,KINGWOOD,77339,external_geocoder_required_no_local_candidate,hold,official_census_geographies_batch_context_review,census_non_exact_street_number_zip_city_state,codex_official_census_context_policy,2026-06-04T17:01:04.193568+00:00,held_or_rejected,Held by strict Census context review: not_external_census_context_only; census_status_not_match; census_match_type_not_non_exact; not_provider_original_attempt; census_fips_not_in_county_lookup; census_score_below_0_88; census_confidence_below_0_89; matched_address_missing_provider_zip5; leading_street_number_not_supported; street_token_support_missing; matched_address_lacks_city_support; matched_address_lacks_state_support.,False
014006,2023,assign_county,01055,"Etowah County, Alabama",0.8900,Held by strict Census context review: matched_address_lacks_city_support.,output/institutional_anchor_provider_geocode_external_manual_results_CENSUS_CONTEXT_REVIEW.csv,external_manual_geocode_review_confirmed,2026-06-04T17:01:40.158716+00:00,115,014006__2023,MOUNTAIN VIEW HOSPITAL,AL,3001 SCENIC HWY,GADSEN,35904,external_geocoder_required_no_local_candidate,hold,official_census_geographies_batch_context_review,census_non_exact_street_number_zip_city_state,codex_official_census_context_policy,2026-06-04T17:01:04.193568+00:00,held_or_rejected,Held by strict Census context review: matched_address_lacks_city_support.,False
194118,2023,assign_county,22079,"Rapides Parish, Louisiana",0.8900,Held by strict Census context review: street_token_support_missing.,output/institutional_anchor_provider_geocode_external_manual_results_CENSUS_CONTEXT_REVIEW.csv,external_manual_geocode_review_confirmed,2026-06-04T17:01:40.158716+00:00,116,194118__2023,MERCY BEHAVIORAL HOSPITAL,LA,2810 US HIGHWAY 71 S,LECOMPTE,71346,external_geocoder_required_no_local_candidate,hold,official_census_geographies_batch_context_review,census_non_exact_street_number_zip_city_state,codex_official_census_context_policy,2026-06-04T17:01:04.193568+00:00,held_or_rejected,Held by strict Census context review: street_token_support_missing.,False
244016,2023,assign_county,,,,Held by strict Census context review: not_external_census_context_only; census_status_not_match; census_match_type_not_non_exact; not_provider_original_attempt; census_fips_not_in_county_lookup; census_score_below_0_88; census_confidence_below_0_89; matched_address_missing_provider_zip5; leading_street_number_not_supported; street_token_support_missing; matched_address_lacks_city_support; matched_address_lacks_state_support.,output/institutional_anchor_provider_geocode_external_manual_results_CENSUS_CONTEXT_REVIEW.csv,external_manual_geocode_review_confirmed,2026-06-04T17:01:40.158716+00:00,117,244016__2023,PRAIRIECARE,MN,9400 ZANE AVE N,BROOKLYN PARK,55443,external_geocoder_required_no_local_candidate,hold,official_census_geographies_batch_context_review,census_non_exact_street_number_zip_city_state,codex_official_census_context_policy,2026-06-04T17:01:04.193568+00:00,held_or_rejected,Held by strict Census context review: not_external_census_context_only; census_status_not_match; census_match_type_not_non_exact; not_provider_original_attempt; census_fips_not_in_county_lookup; census_score_below_0_88; census_confidence_below_0_89; matched_address_missing_provider_zip5; leading_street_number_not_supported; street_token_support_missing; matched_address_lacks_city_support; matched_address_lacks_state_support.,False
264020,2024,assign_county,29083,"Henry County, Missouri",0.8900,"Accepted report-only institutional-anchor CMS provider external/manual geocode review: official_census_geographies_batch_context_review / census_non_exact_street_number_zip_city_state assigned Henry County, Missouri (29083) for provider 264020 fiscal year 2024 at confidence 0.89. Reviewer note: Accepted from strict official Census non-exact context review: provider-original match supports Henry County, Missouri (29083) with matching leading street number, ZIP, city/state support, no conflicting FIPS, score 0.88, confidence 0.89. Matched address: 307 N MAIN ST, WINDSOR, MO, 65360.. Institutional source promotion remains blocked by source-maturity, leakage, and model-impact gates.",output/institutional_anchor_provider_geocode_external_manual_results_CENSUS_CONTEXT_REVIEW.csv,external_manual_geocode_review_confirmed,2026-06-04T17:01:40.158716+00:00,118,264020__2024,ROYAL OAKS HOSPITAL,MO,307 NORTH MAIN,WINDSOR,65360,external_geocoder_required_no_local_candidate,accept,official_census_geographies_batch_context_review,census_non_exact_street_number_zip_city_state,codex_official_census_context_policy,2026-06-04T17:01:04.193568+00:00,accepted,,False
414003,2023,assign_county,44007,"Providence County, Rhode Island",0.8900,Held by strict Census context review: matched_address_lacks_city_support.,output/institutional_anchor_provider_geocode_external_manual_results_CENSUS_CONTEXT_REVIEW.csv,external_manual_geocode_review_confirmed,2026-06-04T17:01:40.158716+00:00,119,414003__2023,EMMA P BRADLEY HOSPITAL,RI,1011 VETERANS MEMORIAL PARKWAY,EAST PROVIDENCE,02915,external_geocoder_required_no_local_candidate,hold,official_census_geographies_batch_context_review,census_non_exact_street_number_zip_city_state,codex_official_census_context_policy,2026-06-04T17:01:04.193568+00:00,held_or_rejected,Held by strict Census context review: matched_address_lacks_city_support.,False
453317,2023,assign_county,,,,Held by strict Census context review: not_external_census_context_only; census_status_not_match; census_match_type_not_non_exact; not_provider_original_attempt; census_fips_not_in_county_lookup; census_score_below_0_88; census_confidence_below_0_89; matched_address_missing_provider_zip5; leading_street_number_not_supported; street_token_support_missing; matched_address_lacks_city_support; matched_address_lacks_state_support.,output/institutional_anchor_provider_geocode_external_manual_results_CENSUS_CONTEXT_REVIEW.csv,external_manual_geocode_review_confirmed,2026-06-04T17:01:40.158716+00:00,120,453317__2023,COOK CHILDREN CARE,TX,4100 W UNIVERSITY DR,PROSPER,75078,external_geocoder_required_no_local_candidate,hold,official_census_geographies_batch_context_review,census_non_exact_street_number_zip_city_state,codex_official_census_context_policy,2026-06-04T17:01:04.193568+00:00,held_or_rejected,Held by strict Census context review: not_external_census_context_only; census_status_not_match; census_match_type_not_non_exact; not_provider_original_attempt; census_fips_not_in_county_lookup; census_score_below_0_88; census_confidence_below_0_89; matched_address_missing_provider_zip5; leading_street_number_not_supported; street_token_support_missing; matched_address_lacks_city_support; matched_address_lacks_state_support.,False
464007,2024,assign_county,49011,"Davis County, Utah",0.8400,Held by strict Census context review: census_score_below_0_88; census_confidence_below_0_89; matched_address_missing_provider_zip5; street_token_support_missing; matched_address_lacks_city_support.,output/institutional_anchor_provider_geocode_external_manual_results_CENSUS_CONTEXT_REVIEW.csv,external_manual_geocode_review_confirmed,2026-06-04T17:01:40.158716+00:00,121,464007__2024,BENCHMARK BEHAVIORAL HEALTH SYSTEM I,UT,592 WEST 1350 SOUTH,WOOD CROSS,84087,external_geocoder_required_no_local_candidate,hold,official_census_geographies_batch_context_review,census_non_exact_street_number_zip_city_state,codex_official_census_context_policy,2026-06-04T17:01:04.193568+00:00,held_or_rejected,Held by strict Census context review: census_score_below_0_88; census_confidence_below_0_89; matched_address_missing_provider_zip5; street_token_support_missing; matched_address_lacks_city_support.,False
493300,2024,assign_county,,,,Held by strict Census context review: not_external_census_context_only; census_status_not_match; census_match_type_not_non_exact; not_provider_original_attempt; census_fips_not_in_county_lookup; census_score_below_0_88; census_confidence_below_0_89; matched_address_missing_provider_zip5; leading_street_number_not_supported; street_token_support_missing; matched_address_lacks_city_support; matched_address_lacks_state_support.,output/institutional_anchor_provider_geocode_external_manual_results_CENSUS_CONTEXT_REVIEW.csv,external_manual_geocode_review_confirmed,2026-06-04T17:01:40.158716+00:00,122,493300__2024,CUMBERLAND HOSPITAL LLC,VA,9407 CUMBERLAND RD,NEW KENT,23124,external_geocoder_required_no_local_candidate,hold,official_census_geographies_batch_context_review,census_non_exact_street_number_zip_city_state,codex_official_census_context_policy,2026-06-04T17:01:04.193568+00:00,held_or_rejected,Held by strict Census context review: not_external_census_context_only; census_status_not_match; census_match_type_not_non_exact; not_provider_original_attempt; census_fips_not_in_county_lookup; census_score_below_0_88; census_confidence_below_0_89; matched_address_missing_provider_zip5; leading_street_number_not_supported; street_token_support_missing; matched_address_lacks_city_support; matched_address_lacks_state_support.,False
514011,2023,assign_county,,,,Held by strict Census context review: not_external_census_context_only; census_status_not_match; census_match_type_not_non_exact; not_provider_original_attempt; census_fips_not_in_county_lookup; census_score_below_0_88; census_confidence_below_0_89; matched_address_missing_provider_zip5; leading_street_number_not_supported; street_token_support_missing; matched_address_lacks_city_support; matched_address_lacks_state_support.,output/institutional_anchor_provider_geocode_external_manual_results_CENSUS_CONTEXT_REVIEW.csv,external_manual_geocode_review_confirmed,2026-06-04T17:01:40.158716+00:00,123,514011__2023,HIGHLAND CLARKSBURG HOSPITAL INC,WV,3 HOSPITAL PLAZA,CLARKSBURG,26301,external_geocoder_required_no_local_candidate,hold,official_census_geographies_batch_context_review,census_non_exact_street_number_zip_city_state,codex_official_census_context_policy,2026-06-04T17:01:04.193568+00:00,held_or_rejected,Held by strict Census context review: not_external_census_context_only; census_status_not_match; census_match_type_not_non_exact; not_provider_original_attempt; census_fips_not_in_county_lookup; census_score_below_0_88; census_confidence_below_0_89; matched_address_missing_provider_zip5; leading_street_number_not_supported; street_token_support_missing; matched_address_lacks_city_support; matched_address_lacks_state_support.,False
110215,2024,assign_county,13113,"Fayette County, Georgia",0.8900,Held by strict Census context review: street_token_support_missing.,output/institutional_anchor_provider_geocode_external_manual_results_CENSUS_CONTEXT_REVIEW.csv,external_manual_geocode_review_confirmed,2026-06-04T17:01:40.158716+00:00,124,110215__2024,PIEDMONT FAYETTE HOSPITAL INC.,GA,1255 HIGHWAY 54 WEST,FAYETTEVILLE,30214,external_geocoder_required_no_local_candidate,hold,official_census_geographies_batch_context_review,census_non_exact_street_number_zip_city_state,codex_official_census_context_policy,2026-06-04T17:01:04.193568+00:00,held_or_rejected,Held by strict Census context review: street_token_support_missing.,False
400109,2023,assign_county,72021,Bayamón Muno,0.8400,Held by strict Census context review: census_score_below_0_88; census_confidence_below_0_89; matched_address_missing_provider_zip5.,output/institutional_anchor_provider_geocode_external_manual_results_CENSUS_CONTEXT_REVIEW.csv,external_manual_geocode_review_confirmed,2026-06-04T17:01:40.158716+00:00,125,400109__2023,HOSPITAL HIMA SAN PABLO BAYAMON,PR,SANTA CRUZ # 70,BAYAMON,00959,external_geocoder_required_no_local_candidate,hold,official_census_geographies_batch_context_review,census_non_exact_street_number_zip_city_state,codex_official_census_context_policy,2026-06-04T17:01:04.193568+00:00,held_or_rejected,Held by strict Census context review: census_score_below_0_88; census_confidence_below_0_89; matched_address_missing_provider_zip5.,False
400118,2023,assign_county,,,,Held by strict Census context review: not_external_census_context_only; census_status_not_match; census_match_type_not_non_exact; not_provider_original_attempt; census_fips_not_in_county_lookup; census_score_below_0_88; census_confidence_below_0_89; matched_address_missing_provider_zip5; leading_street_number_not_supported; street_token_support_missing; matched_address_lacks_city_support; matched_address_lacks_state_support.,output/institutional_anchor_provider_geocode_external_manual_results_CENSUS_CONTEXT_REVIEW.csv,external_manual_geocode_review_confirmed,2026-06-04T17:01:40.158716+00:00,126,400118__2023,DOCTOR CENTER HOSPITAL MANATI INC.,PR,CARR. #2,MANATI,00674,external_geocoder_required_no_local_candidate,hold,official_census_geographies_batch_context_review,census_non_exact_street_number_zip_city_state,codex_official_census_context_policy,2026-06-04T17:01:04.193568+00:00,held_or_rejected,Held by strict Census context review: not_external_census_context_only; census_status_not_match; census_match_type_not_non_exact; not_provider_original_attempt; census_fips_not_in_county_lookup; census_score_below_0_88; census_confidence_below_0_89; matched_address_missing_provider_zip5; leading_street_number_not_supported; street_token_support_missing; matched_address_lacks_city_support; matched_address_lacks_state_support.,False
404004,2023,assign_county,,,,Held by strict Census context review: not_external_census_context_only; census_status_not_match; census_match_type_not_non_exact; not_provider_original_attempt; census_fips_not_in_county_lookup; census_score_below_0_88; census_confidence_below_0_89; matched_address_missing_provider_zip5; leading_street_number_not_supported; street_token_support_missing; matched_address_lacks_city_support; matched_address_lacks_state_support.,output/institutional_anchor_provider_geocode_external_manual_results_CENSUS_CONTEXT_REVIEW.csv,external_manual_geocode_review_confirmed,2026-06-04T17:01:40.158716+00:00,127,404004__2023,FIRST HOSPITAL PANAMERICANO,PR,STATE ROAD #787,CIDRA,00739,external_geocoder_required_no_local_candidate,hold,official_census_geographies_batch_context_review,census_non_exact_street_number_zip_city_state,codex_official_census_context_policy,2026-06-04T17:01:04.193568+00:00,held_or_rejected,Held by strict Census context review: not_external_census_context_only; census_status_not_match; census_match_type_not_non_exact; not_provider_original_attempt; census_fips_not_in_county_lookup; census_score_below_0_88; census_confidence_below_0_89; matched_address_missing_provider_zip5; leading_street_number_not_supported; street_token_support_missing; matched_address_lacks_city_support; matched_address_lacks_state_support.,False
400112,2024,assign_county,,,,Held by strict Census context review: not_external_census_context_only; census_status_not_match; census_match_type_not_non_exact; not_provider_original_attempt; census_fips_not_in_county_lookup; census_score_below_0_88; census_confidence_below_0_89; matched_address_missing_provider_zip5; leading_street_number_not_supported; street_token_support_missing; matched_address_lacks_city_support; matched_address_lacks_state_support.,output/institutional_anchor_provider_geocode_external_manual_results_CENSUS_CONTEXT_REVIEW.csv,external_manual_geocode_review_confirmed,2026-06-04T17:01:40.158716+00:00,128,400112__2024,HOSPITAL UPR,PR,STREET 3 KM 8.3 65 INFANTERIA AVE.,CAROLINA,00984,external_geocoder_required_no_local_candidate,hold,official_census_geographies_batch_context_review,census_non_exact_street_number_zip_city_state,codex_official_census_context_policy,2026-06-04T17:01:04.193568+00:00,held_or_rejected,Held by strict Census context review: not_external_census_context_only; census_status_not_match; census_match_type_not_non_exact; not_provider_original_attempt; census_fips_not_in_county_lookup; census_score_below_0_88; census_confidence_below_0_89; matched_address_missing_provider_zip5; leading_street_number_not_supported; street_token_support_missing; matched_address_lacks_city_support; matched_address_lacks_state_support.,False
400032,2023,assign_county,,,,Held by strict Census context review: not_external_census_context_only; census_status_not_match; census_match_type_not_non_exact; not_provider_original_attempt; census_fips_not_in_county_lookup; census_score_below_0_88; census_confidence_below_0_89; matched_address_missing_provider_zip5; leading_street_number_not_supported; street_token_support_missing; matched_address_lacks_city_support; matched_address_lacks_state_support.,output/institutional_anchor_provider_geocode_external_manual_results_CENSUS_CONTEXT_REVIEW.csv,external_manual_geocode_review_confirmed,2026-06-04T17:01:40.158716+00:00,129,400032__2023,BAYAMON MEDICAL CENTER,PR,CARR. #2 KM. 11.7,BAYAMON,00960,external_geocoder_required_no_local_candidate,hold,official_census_geographies_batch_context_review,census_non_exact_street_number_zip_city_state,codex_official_census_context_policy,2026-06-04T17:01:04.193568+00:00,held_or_rejected,Held by strict Census context review: not_external_census_context_only; census_status_not_match; census_match_type_not_non_exact; not_provider_original_attempt; census_fips_not_in_county_lookup; census_score_below_0_88; census_confidence_below_0_89; matched_address_missing_provider_zip5; leading_street_number_not_supported; street_token_support_missing; matched_address_lacks_city_support; matched_address_lacks_state_support.,False
650003,2023,assign_county,,,,Held by strict Census context review: not_external_census_context_only; census_status_not_match; census_match_type_not_non_exact; not_provider_original_attempt; census_fips_not_in_county_lookup; census_score_below_0_88; census_confidence_below_0_89; matched_address_missing_provider_zip5; leading_street_number_not_supported; street_token_support_missing; matched_address_lacks_city_support; matched_address_lacks_state_support.,output/institutional_anchor_provider_geocode_external_manual_results_CENSUS_CONTEXT_REVIEW.csv,external_manual_geocode_review_confirmed,2026-06-04T17:01:40.158716+00:00,130,650003__2023,GUAM REGIONAL MEDICAL CITY,GU,133 ROUTE 3,DEDEDO,96929,external_geocoder_required_no_local_candidate,hold,official_census_geographies_batch_context_review,census_non_exact_street_number_zip_city_state,codex_official_census_context_policy,2026-06-04T17:01:04.193568+00:00,held_or_rejected,Held by strict Census context review: not_external_census_context_only; census_status_not_match; census_match_type_not_non_exact; not_provider_original_attempt; census_fips_not_in_county_lookup; census_score_below_0_88; census_confidence_below_0_89; matched_address_missing_provider_zip5; leading_street_number_not_supported; street_token_support_missing; matched_address_lacks_city_support; matched_address_lacks_state_support.,False
650001,2023,assign_county,,,,Held by strict Census context review: not_external_census_context_only; census_status_not_match; census_match_type_not_non_exact; not_provider_original_attempt; census_fips_not_in_county_lookup; census_score_below_0_88; census_confidence_below_0_89; matched_address_missing_provider_zip5; leading_street_number_not_supported; street_token_support_missing; matched_address_lacks_city_support; matched_address_lacks_state_support.,output/institutional_anchor_provider_geocode_external_manual_results_CENSUS_CONTEXT_REVIEW.csv,external_manual_geocode_review_confirmed,2026-06-04T17:01:40.158716+00:00,131,650001__2023,GUAM MEMORIAL HOSPITAL,GU,850 GOVERNOR CARLOS G CAMACHO RD,OKA TAMUNING,96911,external_geocoder_required_no_local_candidate,hold,official_census_geographies_batch_context_review,census_non_exact_street_number_zip_city_state,codex_official_census_context_policy,2026-06-04T17:01:04.193568+00:00,held_or_rejected,Held by strict Census context review: not_external_census_context_only; census_status_not_match; census_match_type_not_non_exact; not_provider_original_attempt; census_fips_not_in_county_lookup; census_score_below_0_88; census_confidence_below_0_89; matched_address_missing_provider_zip5; leading_street_number_not_supported; street_token_support_missing; matched_address_lacks_city_support; matched_address_lacks_state_support.,False
400019,2023,assign_county,,,,Held by strict Census context review: not_external_census_context_only; census_status_not_match; census_match_type_not_non_exact; not_provider_original_attempt; census_fips_not_in_county_lookup; census_score_below_0_88; census_confidence_below_0_89; matched_address_missing_provider_zip5; leading_street_number_not_supported; street_token_support_missing; matched_address_lacks_city_support; matched_address_lacks_state_support.,output/institutional_anchor_provider_geocode_external_manual_results_CENSUS_CONTEXT_REVIEW.csv,external_manual_geocode_review_confirmed,2026-06-04T17:01:40.158716+00:00,132,400019__2023,HOSPITAL PAVIA SANTURCE,PR,ASIA STREET,SANTURCE,00910,external_geocoder_required_no_local_candidate,hold,official_census_geographies_batch_context_review,census_non_exact_street_number_zip_city_state,codex_official_census_context_policy,2026-06-04T17:01:04.193568+00:00,held_or_rejected,Held by strict Census context review: not_external_census_context_only; census_status_not_match; census_match_type_not_non_exact; not_provider_original_attempt; census_fips_not_in_county_lookup; census_score_below_0_88; census_confidence_below_0_89; matched_address_missing_provider_zip5; leading_street_number_not_supported; street_token_support_missing; matched_address_lacks_city_support; matched_address_lacks_state_support.,False
390156,2024,assign_county,,,,Held by strict Census context review: not_external_census_context_only; census_status_not_match; census_match_type_not_non_exact; not_provider_original_attempt; census_fips_not_in_county_lookup; census_score_below_0_88; census_confidence_below_0_89; matched_address_missing_provider_zip5; leading_street_number_not_supported; street_token_support_missing; matched_address_lacks_city_support; matched_address_lacks_state_support.,output/institutional_anchor_provider_geocode_external_manual_results_CENSUS_CONTEXT_REVIEW.csv,external_manual_geocode_review_confirmed,2026-06-04T17:01:40.158716+00:00,133,390156__2024,MERCY CATHOLIC MEDICAL CENTER,PA,LANSDOWNE AVE & BAILEY RD.,DARBY,19023,external_geocoder_required_no_local_candidate,hold,official_census_geographies_batch_context_review,census_non_exact_street_number_zip_city_state,codex_official_census_context_policy,2026-06-04T17:01:04.193568+00:00,held_or_rejected,Held by strict Census context review: not_external_census_context_only; census_status_not_match; census_match_type_not_non_exact; not_provider_original_attempt; census_fips_not_in_county_lookup; census_score_below_0_88; census_confidence_below_0_89; matched_address_missing_provider_zip5; leading_street_number_not_supported; street_token_support_missing; matched_address_lacks_city_support; matched_address_lacks_state_support.,False
480001,2023,assign_county,,,,Held by strict Census context review: not_external_census_context_only; census_status_not_match; census_match_type_not_non_exact; not_provider_original_attempt; census_fips_not_in_county_lookup; census_score_below_0_88; census_confidence_below_0_89; matched_address_missing_provider_zip5; leading_street_number_not_supported; street_token_support_missing; matched_address_lacks_city_support; matched_address_lacks_state_support.,output/institutional_anchor_provider_geocode_external_manual_results_CENSUS_CONTEXT_REVIEW.csv,external_manual_geocode_review_confirmed,2026-06-04T17:01:40.158716+00:00,134,480001__2023,ROY L SCHNEIDER HOSPITAL,VI,9048 SUGAR ESTATE,ST. THOMAS,00801,external_geocoder_required_no_local_candidate,hold,official_census_geographies_batch_context_review,census_non_exact_street_number_zip_city_state,codex_official_census_context_policy,2026-06-04T17:01:04.193568+00:00,held_or_rejected,Held by strict Census context review: not_external_census_context_only; census_status_not_match; census_match_type_not_non_exact; not_provider_original_attempt; census_fips_not_in_county_lookup; census_score_below_0_88; census_confidence_below_0_89; matched_address_missing_provider_zip5; leading_street_number_not_supported; street_token_support_missing; matched_address_lacks_city_support; matched_address_lacks_state_support.,False
394056,2024,assign_county,,,,Held by strict Census context review: not_external_census_context_only; census_status_not_match; census_match_type_not_non_exact; not_provider_original_attempt; census_fips_not_in_county_lookup; census_score_below_0_88; census_confidence_below_0_89; matched_address_missing_provider_zip5; leading_street_number_not_supported; street_token_support_missing; matched_address_lacks_city_support; matched_address_lacks_state_support.,output/institutional_anchor_provider_geocode_external_manual_results_CENSUS_CONTEXT_REVIEW.csv,external_manual_geocode_review_confirmed,2026-06-04T17:01:40.158716+00:00,135,394056__2024,TOWER BEHAVIORAL HEALTH,PA,201 WELLNESS WAY,READING,19605,external_geocoder_required_no_local_candidate,hold,official_census_geographies_batch_context_review,census_non_exact_street_number_zip_city_state,codex_official_census_context_policy,2026-06-04T17:01:04.193568+00:00,held_or_rejected,Held by strict Census context review: not_external_census_context_only; census_status_not_match; census_match_type_not_non_exact; not_provider_original_attempt; census_fips_not_in_county_lookup; census_score_below_0_88; census_confidence_below_0_89; matched_address_missing_provider_zip5; leading_street_number_not_supported; street_token_support_missing; matched_address_lacks_city_support; matched_address_lacks_state_support.,False
400048,2024,assign_county,,,,Held by strict Census context review: not_external_census_context_only; census_status_not_match; census_match_type_not_non_exact; not_provider_original_attempt; census_fips_not_in_county_lookup; census_score_below_0_88; census_confidence_below_0_89; matched_address_missing_provider_zip5; leading_street_number_not_supported; street_token_support_missing; matched_address_lacks_city_support; matched_address_lacks_state_support.,output/institutional_anchor_provider_geocode_external_manual_results_CENSUS_CONTEXT_REVIEW.csv,external_manual_geocode_review_confirmed,2026-06-04T17:01:40.158716+00:00,136,400048__2024,HOSPITAL MENONITA GUAYAMA,PR,AVE PEDRO ALBIZU CAMPOS,GUAYAMA,00785,external_geocoder_required_no_local_candidate,hold,official_census_geographies_batch_context_review,census_non_exact_street_number_zip_city_state,codex_official_census_context_policy,2026-06-04T17:01:04.193568+00:00,held_or_rejected,Held by strict Census context review: not_external_census_context_only; census_status_not_match; census_match_type_not_non_exact; not_provider_original_attempt; census_fips_not_in_county_lookup; census_score_below_0_88; census_confidence_below_0_89; matched_address_missing_provider_zip5; leading_street_number_not_supported; street_token_support_missing; matched_address_lacks_city_support; matched_address_lacks_state_support.,False
400102,2023,assign_county,,,,Held by strict Census context review: not_external_census_context_only; census_status_not_match; census_match_type_not_non_exact; not_provider_original_attempt; census_fips_not_in_county_lookup; census_score_below_0_88; census_confidence_below_0_89; matched_address_missing_provider_zip5; leading_street_number_not_supported; street_token_support_missing; matched_address_lacks_city_support; matched_address_lacks_state_support.,output/institutional_anchor_provider_geocode_external_manual_results_CENSUS_CONTEXT_REVIEW.csv,external_manual_geocode_review_confirmed,2026-06-04T17:01:40.158716+00:00,137,400102__2023,DOCTORS CENTER HOSPITAL BAYAMON,PR,STREET J-9 EXT. HERMANAS DAVILA,BAYAMON,00956,external_geocoder_required_no_local_candidate,hold,official_census_geographies_batch_context_review,census_non_exact_street_number_zip_city_state,codex_official_census_context_policy,2026-06-04T17:01:04.193568+00:00,held_or_rejected,Held by strict Census context review: not_external_census_context_only; census_status_not_match; census_match_type_not_non_exact; not_provider_original_attempt; census_fips_not_in_county_lookup; census_score_below_0_88; census_confidence_below_0_89; matched_address_missing_provider_zip5; leading_street_number_not_supported; street_token_support_missing; matched_address_lacks_city_support; matched_address_lacks_state_support.,False
400004,2024,assign_county,,,,Held by strict Census context review: not_external_census_context_only; census_status_not_match; census_match_type_not_non_exact; not_provider_original_attempt; census_fips_not_in_county_lookup; census_score_below_0_88; census_confidence_below_0_89; matched_address_missing_provider_zip5; leading_street_number_not_supported; street_token_support_missing; matched_address_lacks_city_support; matched_address_lacks_state_support.,output/institutional_anchor_provider_geocode_external_manual_results_CENSUS_CONTEXT_REVIEW.csv,external_manual_geocode_review_confirmed,2026-06-04T17:01:40.158716+00:00,138,400004__2024,ASOCIACION HOSPITAL DEL MAESTRO,PR,SERGIO CUEVAS BUSTAMTE,SANJUAN,00969,external_geocoder_required_no_local_candidate,hold,official_census_geographies_batch_context_review,census_non_exact_street_number_zip_city_state,codex_official_census_context_policy,2026-06-04T17:01:04.193568+00:00,held_or_rejected,Held by strict Census context review: not_external_census_context_only; census_status_not_match; census_match_type_not_non_exact; not_provider_original_attempt; census_fips_not_in_county_lookup; census_score_below_0_88; census_confidence_below_0_89; matched_address_missing_provider_zip5; leading_street_number_not_supported; street_token_support_missing; matched_address_lacks_city_support; matched_address_lacks_state_support.,False
394040,2024,assign_county,,,,Held by strict Census context review: not_external_census_context_only; census_status_not_match; census_match_type_not_non_exact; not_provider_original_attempt; census_fips_not_in_county_lookup; census_score_below_0_88; census_confidence_below_0_89; matched_address_missing_provider_zip5; leading_street_number_not_supported; street_token_support_missing; matched_address_lacks_city_support; matched_address_lacks_state_support.,output/institutional_anchor_provider_geocode_external_manual_results_CENSUS_CONTEXT_REVIEW.csv,external_manual_geocode_review_confirmed,2026-06-04T17:01:40.158716+00:00,139,394040__2024,THE MEADOWS HOSPITAL,PA,1 EARLYSTOWN RD,CENTRE HALL,16828,external_geocoder_required_no_local_candidate,hold,official_census_geographies_batch_context_review,census_non_exact_street_number_zip_city_state,codex_official_census_context_policy,2026-06-04T17:01:04.193568+00:00,held_or_rejected,Held by strict Census context review: not_external_census_context_only; census_status_not_match; census_match_type_not_non_exact; not_provider_original_attempt; census_fips_not_in_county_lookup; census_score_below_0_88; census_confidence_below_0_89; matched_address_missing_provider_zip5; leading_street_number_not_supported; street_token_support_missing; matched_address_lacks_city_support; matched_address_lacks_state_support.,False
400138,2023,assign_county,,,,Held by strict Census context review: not_external_census_context_only; census_status_not_match; census_match_type_not_non_exact; not_provider_original_attempt; census_fips_not_in_county_lookup; census_score_below_0_88; census_confidence_below_0_89; matched_address_missing_provider_zip5; leading_street_number_not_supported; street_token_support_missing; matched_address_lacks_city_support; matched_address_lacks_state_support.,output/institutional_anchor_provider_geocode_external_manual_results_CENSUS_CONTEXT_REVIEW.csv,external_manual_geocode_review_confirmed,2026-06-04T17:01:40.158716+00:00,140,400138__2023,PUERTO RICO WOMEN AND CHILDRENS HOSP,PR,CARR. PR-2 KM 11.6 (INTERIOR),BAYAMON,00959,external_geocoder_required_no_local_candidate,hold,official_census_geographies_batch_context_review,census_non_exact_street_number_zip_city_state,codex_official_census_context_policy,2026-06-04T17:01:04.193568+00:00,held_or_rejected,Held by strict Census context review: not_external_census_context_only; census_status_not_match; census_match_type_not_non_exact; not_provider_original_attempt; census_fips_not_in_county_lookup; census_score_below_0_88; census_confidence_below_0_89; matched_address_missing_provider_zip5; leading_street_number_not_supported; street_token_support_missing; matched_address_lacks_city_support; matched_address_lacks_state_support.,False
460060,2024,assign_county,49035,"Salt Lake County, Utah",0.8900,Held by strict Census context review: street_token_support_missing.,output/institutional_anchor_provider_geocode_external_manual_results_CENSUS_CONTEXT_REVIEW.csv,external_manual_geocode_review_confirmed,2026-06-04T17:01:40.158716+00:00,141,460060__2024,LONE PEAK HOSPITAL,UT,11925 S STATE STREET,DRAPER,84020,external_geocoder_required_no_local_candidate,hold,official_census_geographies_batch_context_review,census_non_exact_street_number_zip_city_state,codex_official_census_context_policy,2026-06-04T17:01:04.193568+00:00,held_or_rejected,Held by strict Census context review: street_token_support_missing.,False
400115,2023,assign_county,72143,Vega Alta Muno,0.8900,Held by strict Census context review: leading_street_number_not_supported; street_token_support_missing.,output/institutional_anchor_provider_geocode_external_manual_results_CENSUS_CONTEXT_REVIEW.csv,external_manual_geocode_review_confirmed,2026-06-04T17:01:40.158716+00:00,142,400115__2023,HOSPITAL WILMA N VAZQUEZ,PR,#2 KM 39.5,VEGA BAJA,00693,external_geocoder_required_no_local_candidate,hold,official_census_geographies_batch_context_review,census_non_exact_street_number_zip_city_state,codex_official_census_context_policy,2026-06-04T17:01:04.193568+00:00,held_or_rejected,Held by strict Census context review: leading_street_number_not_supported; street_token_support_missing.,False
400105,2024,assign_county,,,,Held by strict Census context review: not_external_census_context_only; census_status_not_match; census_match_type_not_non_exact; not_provider_original_attempt; census_fips_not_in_county_lookup; census_score_below_0_88; census_confidence_below_0_89; matched_address_missing_provider_zip5; leading_street_number_not_supported; street_token_support_missing; matched_address_lacks_city_support; matched_address_lacks_state_support.,output/institutional_anchor_provider_geocode_external_manual_results_CENSUS_CONTEXT_REVIEW.csv,external_manual_geocode_review_confirmed,2026-06-04T17:01:40.158716+00:00,143,400105__2024,BAYAMON REGIONAL HOSPITAL,PR,LAUREL #100,BAYAMON,00956,external_geocoder_required_no_local_candidate,hold,official_census_geographies_batch_context_review,census_non_exact_street_number_zip_city_state,codex_official_census_context_policy,2026-06-04T17:01:04.193568+00:00,held_or_rejected,Held by strict Census context review: not_external_census_context_only; census_status_not_match; census_match_type_not_non_exact; not_provider_original_attempt; census_fips_not_in_county_lookup; census_score_below_0_88; census_confidence_below_0_89; matched_address_missing_provider_zip5; leading_street_number_not_supported; street_token_support_missing; matched_address_lacks_city_support; matched_address_lacks_state_support.,False
660001,2023,assign_county,,,,Held by strict Census context review: not_external_census_context_only; census_status_not_match; census_match_type_not_non_exact; not_provider_original_attempt; census_fips_not_in_county_lookup; census_score_below_0_88; census_confidence_below_0_89; matched_address_missing_provider_zip5; leading_street_number_not_supported; street_token_support_missing; matched_address_lacks_city_support; matched_address_lacks_state_support.,output/institutional_anchor_provider_geocode_external_manual_results_CENSUS_CONTEXT_REVIEW.csv,external_manual_geocode_review_confirmed,2026-06-04T17:01:40.158716+00:00,144,660001__2023,COMMONWEALTH HEALTH CENTER,MP,LOWER NAVY HILL RD,SAIPAN,96950,external_geocoder_required_no_local_candidate,hold,official_census_geographies_batch_context_review,census_non_exact_street_number_zip_city_state,codex_official_census_context_policy,2026-06-04T17:01:04.193568+00:00,held_or_rejected,Held by strict Census context review: not_external_census_context_only; census_status_not_match; census_match_type_not_non_exact; not_provider_original_attempt; census_fips_not_in_county_lookup; census_score_below_0_88; census_confidence_below_0_89; matched_address_missing_provider_zip5; leading_street_number_not_supported; street_token_support_missing; matched_address_lacks_city_support; matched_address_lacks_state_support.,False
224039,2023,assign_county,,,,Held by strict Census context review: not_external_census_context_only; census_status_not_match; census_match_type_not_non_exact; not_provider_original_attempt; census_fips_not_in_county_lookup; census_score_below_0_88; census_confidence_below_0_89; matched_address_missing_provider_zip5; leading_street_number_not_supported; street_token_support_missing; matched_address_lacks_city_support; matched_address_lacks_state_support.,output/institutional_anchor_provider_geocode_external_manual_results_CENSUS_CONTEXT_REVIEW.csv,external_manual_geocode_review_confirmed,2026-06-04T17:01:40.158716+00:00,145,224039__2023,HAVERHILL PAVILION,MA,76 SUMMER STREED,HAVERHILL,01832,external_geocoder_required_no_local_candidate,hold,official_census_geographies_batch_context_review,census_non_exact_street_number_zip_city_state,codex_official_census_context_policy,2026-06-04T17:01:04.193568+00:00,held_or_rejected,Held by strict Census context review: not_external_census_context_only; census_status_not_match; census_match_type_not_non_exact; not_provider_original_attempt; census_fips_not_in_county_lookup; census_score_below_0_88; census_confidence_below_0_89; matched_address_missing_provider_zip5; leading_street_number_not_supported; street_token_support_missing; matched_address_lacks_city_support; matched_address_lacks_state_support.,False
480002,2023,assign_county,,,,Held by strict Census context review: not_external_census_context_only; census_status_not_match; census_match_type_not_non_exact; not_provider_original_attempt; census_fips_not_in_county_lookup; census_score_below_0_88; census_confidence_below_0_89; matched_address_missing_provider_zip5; leading_street_number_not_supported; street_token_support_missing; matched_address_lacks_city_support; matched_address_lacks_state_support.,output/institutional_anchor_provider_geocode_external_manual_results_CENSUS_CONTEXT_REVIEW.csv,external_manual_geocode_review_confirmed,2026-06-04T17:01:40.158716+00:00,146,480002__2023,GOV. JUAN F. LUIS HOSPITAL,VI,4007 EAST DIAMOND RUBY,CHRISTIANSTED,00820,external_geocoder_required_no_local_candidate,hold,official_census_geographies_batch_context_review,census_non_exact_street_number_zip_city_state,codex_official_census_context_policy,2026-06-04T17:01:04.193568+00:00,held_or_rejected,Held by strict Census context review: not_external_census_context_only; census_status_not_match; census_match_type_not_non_exact; not_provider_original_attempt; census_fips_not_in_county_lookup; census_score_below_0_88; census_confidence_below_0_89; matched_address_missing_provider_zip5; leading_street_number_not_supported; street_token_support_missing; matched_address_lacks_city_support; matched_address_lacks_state_support.,False
403027,2023,assign_county,,,,Held by strict Census context review: not_external_census_context_only; census_status_not_match; census_match_type_not_non_exact; not_provider_original_attempt; census_fips_not_in_county_lookup; census_score_below_0_88; census_confidence_below_0_89; matched_address_missing_provider_zip5; leading_street_number_not_supported; street_token_support_missing; matched_address_lacks_city_support; matched_address_lacks_state_support.,output/institutional_anchor_provider_geocode_external_manual_results_CENSUS_CONTEXT_REVIEW.csv,external_manual_geocode_review_confirmed,2026-06-04T17:01:40.158716+00:00,147,403027__2023,MULTY MEDICAL FACILITIES,PR,MUNOZ RIVERA AVENUE #402,SAN JUAN PR 00918,00918,external_geocoder_required_no_local_candidate,hold,official_census_geographies_batch_context_review,census_non_exact_street_number_zip_city_state,codex_official_census_context_policy,2026-06-04T17:01:04.193568+00:00,held_or_rejected,Held by strict Census context review: not_external_census_context_only; census_status_not_match; census_match_type_not_non_exact; not_provider_original_attempt; census_fips_not_in_county_lookup; census_score_below_0_88; census_confidence_below_0_89; matched_address_missing_provider_zip5; leading_street_number_not_supported; street_token_support_missing; matched_address_lacks_city_support; matched_address_lacks_state_support.,False
400128,2023,assign_county,72127,San Juan Muno,0.8900,"Accepted report-only institutional-anchor CMS provider external/manual geocode review: official_census_geographies_batch_context_review / census_non_exact_street_number_zip_city_state assigned San Juan Muno (72127) for provider 400128 fiscal year 2023 at confidence 0.89. Reviewer note: Accepted from strict official Census non-exact context review: provider-original match supports San Juan Muno (72127) with matching leading street number, ZIP, city/state support, no conflicting FIPS, score 0.88, confidence 0.89. Matched address: 435 AVE PONCE DE LEON, HATO REY, PR, 00917.. Institutional source promotion remains blocked by source-maturity, leakage, and model-impact gates.",output/institutional_anchor_provider_geocode_external_manual_results_CENSUS_CONTEXT_REVIEW.csv,external_manual_geocode_review_confirmed,2026-06-04T17:01:40.158716+00:00,148,400128__2023,HOSPITAL METRO HATO REY INC.,PR,PONCE DE LEON #435,HATO REY,00917,external_geocoder_required_no_local_candidate,accept,official_census_geographies_batch_context_review,census_non_exact_street_number_zip_city_state,codex_official_census_context_policy,2026-06-04T17:01:04.193568+00:00,accepted,,False
400137,2023,assign_county,,,,Held by strict Census context review: not_external_census_context_only; census_status_not_match; census_match_type_not_non_exact; not_provider_original_attempt; census_fips_not_in_county_lookup; census_score_below_0_88; census_confidence_below_0_89; matched_address_missing_provider_zip5; leading_street_number_not_supported; street_token_support_missing; matched_address_lacks_city_support; matched_address_lacks_state_support.,output/institutional_anchor_provider_geocode_external_manual_results_CENSUS_CONTEXT_REVIEW.csv,external_manual_geocode_review_confirmed,2026-06-04T17:01:40.158716+00:00,149,400137__2023,DOCTORS CENTER HOSPITAL OH-DORADO,PR,RD 696 INTERSEC EFRON AVE BO HIGUI,DORADO,00646,external_geocoder_required_no_local_candidate,hold,official_census_geographies_batch_context_review,census_non_exact_street_number_zip_city_state,codex_official_census_context_policy,2026-06-04T17:01:04.193568+00:00,held_or_rejected,Held by strict Census context review: not_external_census_context_only; census_status_not_match; census_match_type_not_non_exact; not_provider_original_attempt; census_fips_not_in_county_lookup; census_score_below_0_88; census_confidence_below_0_89; matched_address_missing_provider_zip5; leading_street_number_not_supported; street_token_support_missing; matched_address_lacks_city_support; matched_address_lacks_state_support.,False
400122,2024,assign_county,,,,Held by strict Census context review: not_external_census_context_only; census_status_not_match; census_match_type_not_non_exact; not_provider_original_attempt; census_fips_not_in_county_lookup; census_score_below_0_88; census_confidence_below_0_89; matched_address_missing_provider_zip5; leading_street_number_not_supported; street_token_support_missing; matched_address_lacks_city_support; matched_address_lacks_state_support.,output/institutional_anchor_provider_geocode_external_manual_results_CENSUS_CONTEXT_REVIEW.csv,external_manual_geocode_review_confirmed,2026-06-04T17:01:40.158716+00:00,150,400122__2024,PROFESSIONAL HOSPITAL,PR,AVE LAS CUMBRES,GUAYNABO,00970,external_geocoder_required_no_local_candidate,hold,official_census_geographies_batch_context_review,census_non_exact_street_number_zip_city_state,codex_official_census_context_policy,2026-06-04T17:01:04.193568+00:00,held_or_rejected,Held by strict Census context review: not_external_census_context_only; census_status_not_match; census_match_type_not_non_exact; not_provider_original_attempt; census_fips_not_in_county_lookup; census_score_below_0_88; census_confidence_below_0_89; matched_address_missing_provider_zip5; leading_street_number_not_supported; street_token_support_missing; matched_address_lacks_city_support; matched_address_lacks_state_support.,False
400012,2024,assign_county,,,,Held by strict Census context review: not_external_census_context_only; census_status_not_match; census_match_type_not_non_exact; not_provider_original_attempt; census_fips_not_in_county_lookup; census_score_below_0_88; census_confidence_below_0_89; matched_address_missing_provider_zip5; leading_street_number_not_supported; street_token_support_missing; matched_address_lacks_city_support; matched_address_lacks_state_support.,output/institutional_anchor_provider_geocode_external_manual_results_CENSUS_CONTEXT_REVIEW.csv,external_manual_geocode_review_confirmed,2026-06-04T17:01:40.158716+00:00,151,400012__2024,HOSPITAL I GONZALEZ MARTINEZ,PR,CENTRO MEDICO,PO BOX 191811 SAN JUAN,00919,external_geocoder_required_no_local_candidate,hold,official_census_geographies_batch_context_review,census_non_exact_street_number_zip_city_state,codex_official_census_context_policy,2026-06-04T17:01:04.193568+00:00,held_or_rejected,Held by strict Census context review: not_external_census_context_only; census_status_not_match; census_match_type_not_non_exact; not_provider_original_attempt; census_fips_not_in_county_lookup; census_score_below_0_88; census_confidence_below_0_89; matched_address_missing_provider_zip5; leading_street_number_not_supported; street_token_support_missing; matched_address_lacks_city_support; matched_address_lacks_state_support.,False
404007,2023,assign_county,72023,Cabo Rojo Muno,0.8900,"Accepted report-only institutional-anchor CMS provider external/manual geocode review: official_census_geographies_batch_context_review / census_non_exact_street_number_zip_city_state assigned Cabo Rojo Muno (72023) for provider 404007 fiscal year 2023 at confidence 0.89. Reviewer note: Accepted from strict official Census non-exact context review: provider-original match supports Cabo Rojo Muno (72023) with matching leading street number, ZIP, city/state support, no conflicting FIPS, score 0.88, confidence 0.89. Matched address: 108 CLL MUNOZ RIVERA, CABO ROJO, PR, 00623.. Institutional source promotion remains blocked by source-maturity, leakage, and model-impact gates.",output/institutional_anchor_provider_geocode_external_manual_results_CENSUS_CONTEXT_REVIEW.csv,external_manual_geocode_review_confirmed,2026-06-04T17:01:40.158716+00:00,152,404007__2023,HOSPITAL PSIQUIATRICO CABO ROJO,PR,CALLE MUNOZ RIVERA 108,CABO ROJO,00623,external_geocoder_required_no_local_candidate,accept,official_census_geographies_batch_context_review,census_non_exact_street_number_zip_city_state,codex_official_census_context_policy,2026-06-04T17:01:04.193568+00:00,accepted,,False
191309,2023,assign_county,22105,"Tangipahoa Parish, Louisiana",0.8900,"Accepted report-only institutional-anchor CMS provider external/manual geocode review: official_census_geographies_batch_context_review / census_non_exact_street_number_zip_city_state assigned Tangipahoa Parish, Louisiana (22105) for provider 191309 fiscal year 2023 at confidence 0.89. Reviewer note: Accepted from strict official Census non-exact context review: provider-original match supports Tangipahoa Parish, Louisiana (22105) with matching leading street number, ZIP, city/state support, no conflicting FIPS, score 0.88, confidence 0.89. Matched address: 301 WALNUT ST, AMITE, LA, 70422.. Institutional source promotion remains blocked by source-maturity, leakage, and model-impact gates.",output/institutional_anchor_provider_geocode_external_manual_results_CENSUS_CONTEXT_REVIEW.csv,external_manual_geocode_review_confirmed,2026-06-04T17:01:40.158716+00:00,153,191309__2023,HOOD MEMORIAL HOSPITAL,LA,301 WEST WALNUT,AMITE,70422,external_geocoder_required_no_local_candidate,accept,official_census_geographies_batch_context_review,census_non_exact_street_number_zip_city_state,codex_official_census_context_policy,2026-06-04T17:01:04.193568+00:00,accepted,,False
241347,2023,assign_county,,,,Held by strict Census context review: not_external_census_context_only; census_status_not_match; census_match_type_not_non_exact; not_provider_original_attempt; census_fips_not_in_county_lookup; census_score_below_0_88; census_confidence_below_0_89; matched_address_missing_provider_zip5; leading_street_number_not_supported; street_token_support_missing; matched_address_lacks_city_support; matched_address_lacks_state_support.,output/institutional_anchor_provider_geocode_external_manual_results_CENSUS_CONTEXT_REVIEW.csv,external_manual_geocode_review_confirmed,2026-06-04T17:01:40.158716+00:00,154,241347__2023,SANFORD HOSPITAL CANBY,MN,112 SAINT OLAF AVENUE,CANBY,56220,external_geocoder_required_no_local_candidate,hold,official_census_geographies_batch_context_review,census_non_exact_street_number_zip_city_state,codex_official_census_context_policy,2026-06-04T17:01:04.193568+00:00,held_or_rejected,Held by strict Census context review: not_external_census_context_only; census_status_not_match; census_match_type_not_non_exact; not_provider_original_attempt; census_fips_not_in_county_lookup; census_score_below_0_88; census_confidence_below_0_89; matched_address_missing_provider_zip5; leading_street_number_not_supported; street_token_support_missing; matched_address_lacks_city_support; matched_address_lacks_state_support.,False
371307,2023,assign_county,,,,Held by strict Census context review: not_external_census_context_only; census_status_not_match; census_match_type_not_non_exact; not_provider_original_attempt; census_fips_not_in_county_lookup; census_score_below_0_88; census_confidence_below_0_89; matched_address_missing_provider_zip5; leading_street_number_not_supported; street_token_support_missing; matched_address_lacks_city_support; matched_address_lacks_state_support.,output/institutional_anchor_provider_geocode_external_manual_results_CENSUS_CONTEXT_REVIEW.csv,external_manual_geocode_review_confirmed,2026-06-04T17:01:40.158716+00:00,155,371307__2023,CIMARRON MEMORIAL HOSPITAL,OK,100 SOUTH ELLIS,BOISE CITY,73933,external_geocoder_required_no_local_candidate,hold,official_census_geographies_batch_context_review,census_non_exact_street_number_zip_city_state,codex_official_census_context_policy,2026-06-04T17:01:04.193568+00:00,held_or_rejected,Held by strict Census context review: not_external_census_context_only; census_status_not_match; census_match_type_not_non_exact; not_provider_original_attempt; census_fips_not_in_county_lookup; census_score_below_0_88; census_confidence_below_0_89; matched_address_missing_provider_zip5; leading_street_number_not_supported; street_token_support_missing; matched_address_lacks_city_support; matched_address_lacks_state_support.,False
021307,2023,assign_county,02063,"Chugach Census Area, Alaska",0.8900,"Accepted report-only institutional-anchor CMS provider external/manual geocode review: official_census_geographies_batch_context_review / census_non_exact_street_number_zip_city_state assigned Chugach Census Area, Alaska (02063) for provider 021307 fiscal year 2023 at confidence 0.89. Reviewer note: Accepted from strict official Census non-exact context review: provider-original match supports Chugach Census Area, Alaska (02063) with matching leading street number, ZIP, city/state support, no conflicting FIPS, score 0.88, confidence 0.89. Matched address: 602 CHASE AVE, CORDOVA, AK, 99574.. Institutional source promotion remains blocked by source-maturity, leakage, and model-impact gates.",output/institutional_anchor_provider_geocode_external_manual_results_CENSUS_CONTEXT_REVIEW.csv,external_manual_geocode_review_confirmed,2026-06-04T17:01:40.158716+00:00,156,021307__2023,CORDOVA COMMUNITY MEDICAL CENTER,AK,602 CHASE STREET,CORDOVA,99574,external_geocoder_required_no_local_candidate,accept,official_census_geographies_batch_context_review,census_non_exact_street_number_zip_city_state,codex_official_census_context_policy,2026-06-04T17:01:04.193568+00:00,accepted,,False
400010,2023,assign_county,,,,Held by strict Census context review: not_external_census_context_only; census_status_not_match; census_match_type_not_non_exact; not_provider_original_attempt; census_fips_not_in_county_lookup; census_score_below_0_88; census_confidence_below_0_89; matched_address_missing_provider_zip5; leading_street_number_not_supported; street_token_support_missing; matched_address_lacks_city_support; matched_address_lacks_state_support.,output/institutional_anchor_provider_geocode_external_manual_results_CENSUS_CONTEXT_REVIEW.csv,external_manual_geocode_review_confirmed,2026-06-04T17:01:40.158716+00:00,157,400010__2023,CASTANER HOSPITAL,PR,PO BOX 1003,CASTANER,00631,external_geocoder_required_no_local_candidate,hold,official_census_geographies_batch_context_review,census_non_exact_street_number_zip_city_state,codex_official_census_context_policy,2026-06-04T17:01:04.193568+00:00,held_or_rejected,Held by strict Census context review: not_external_census_context_only; census_status_not_match; census_match_type_not_non_exact; not_provider_original_attempt; census_fips_not_in_county_lookup; census_score_below_0_88; census_confidence_below_0_89; matched_address_missing_provider_zip5; leading_street_number_not_supported; street_token_support_missing; matched_address_lacks_city_support; matched_address_lacks_state_support.,False
