external_manual_rank,packet_rank,cms_provider_number,provider_name,state_abbr,street_address,city,zip5,raw_county,fiscal_year,review_issue,review_priority,suggested_fips,suggested_county_name,supporting_matched_provider_rows,candidate_method,candidate_confidence,review_recommendation,source_operator_review_status,beds_total,discharges_total,total_costs_usd,net_patient_revenue_usd,closeout_action,closeout_note,provider_volume_score,provider_year_key,same_city_review_action,same_city_review_note,census_candidate_fips,census_candidate_county_name,census_match_status,census_match_type,census_matched_address,census_candidate_score,census_candidate_confidence,census_attempt_label,conflicting_census_candidate_fips,census_candidate_status,census_candidate_note,external_manual_lane,recommended_resolution_method,external_manual_note,geocoder_query,retry_candidate_fips,retry_candidate_county_name,retry_match_status,retry_match_type,retry_matched_address,retry_candidate_score,retry_candidate_confidence,retry_attempt_label,retry_conflicting_candidate_fips,retry_candidate_status,retry_candidate_note,production_model_rank_or_dashboard_change
1,10,284003,LINCOLN REGIONAL CENTER,NE,FOLSOM & PROSPECTOR,LINCOLN,68509,,2024,cms_county_blank,high,31109,"Lancaster County, Nebraska",6,same_state_city_unique_matched_cms_rows,0.76,operator_review_city_match_before_assigning,cms_county_missing_provider_geocode_review_required,266.0,28.0,24666453.0,12927774.0,spot_check_same_city_candidate_before_assignment,Same state+city maps to one already matched CMS county; review address/ZIP before applying.,0.6364,284003__2024,operator_spot_check_census_context_same_fips,"Census provides same-FIPS context, but the match is non-exact or otherwise below automatic acceptance policy.",31109,"Lancaster County, Nebraska",Match,Non_Exact,"S FOLSOM ST & W PROSPECTOR PL, LINCOLN, NE, 68522",0.75,0.84,provider_original,,same_city_census_context_only,Census result is useful context but not strict enough for automatic same-city acceptance.,weak_same_fips_census_context_manual_review,manual_review_or_approved_external_geocoder,One weak same-FIPS Census context row remains below spot-check acceptance policy; review manually before any override.,"FOLSOM & PROSPECTOR, LINCOLN, NE, 68509",31109,"Lancaster County, Nebraska",Match,Non_Exact,"S FOLSOM ST & W PROSPECTOR PL, LINCOLN, NE, 68522",0.75,0.76,provider_original,,residual_census_context_only,Residual Census retry produced context but not enough evidence for automatic acceptance.,False
2,1,100209,HCA FLORIDA KENDALL HOSPITAL,FL,11750 BIRD ROAD,MIAMI,33175,,2023,cms_county_blank,high,12086,"Miami-Dade County, Florida",15,same_state_city_unique_matched_cms_rows,0.76,operator_review_city_match_before_assigning,cms_county_missing_provider_geocode_review_required,424.0,20544.0,395991466.0,605941023.0,spot_check_same_city_candidate_before_assignment,Same state+city maps to one already matched CMS county; review address/ZIP before applying.,1.0,100209__2023,external_or_manual_geocode_required,No usable Census county context; route through approved provider geocoder or manual address review.,,,,,,,,,,unresolved_after_census_batch,No Census geographies address match for provider street/city/state/ZIP.,same_city_unresolved_after_census_external_geocoder,approved_external_provider_geocoder,Same-city heuristic survived local review but official Census evidence did not support a conservative assignment.,"11750 BIRD ROAD, MIAMI, FL, 33175",,,,,,,,,,unresolved_after_residual_census_retry,No Census geographies match from residual retry variants.,False
3,2,190064,OUR LADY OF THE LAKE  RMC,LA,5000 HENNESSY BLVD,BATON ROUGE,70808,,2024,cms_county_blank,high,22033,"East Baton Rouge Parish, Louisiana",17,same_state_city_unique_matched_cms_rows,0.76,operator_review_city_match_before_assigning,cms_county_missing_provider_geocode_review_required,647.0,33984.0,1061786275.0,1448942077.0,spot_check_same_city_candidate_before_assignment,Same state+city maps to one already matched CMS county; review address/ZIP before applying.,1.0,190064__2024,external_or_manual_geocode_required,No usable Census county context; route through approved provider geocoder or manual address review.,,,,,,,,,,unresolved_after_census_batch,No Census geographies address match for provider street/city/state/ZIP.,same_city_unresolved_after_census_external_geocoder,approved_external_provider_geocoder,Same-city heuristic survived local review but official Census evidence did not support a conservative assignment.,"5000 HENNESSY BLVD, BATON ROUGE, LA, 70808",,,,,,,,,,unresolved_after_residual_census_retry,No Census geographies match from residual retry variants.,False
4,3,260105,SSM SAINT LOUIS UNIVERSITY HOSPITAL,MO,1201 SOUTH GRAND BLVD,ST. LOUIS,63104,,2023,cms_county_blank,high,29189,"St. Louis County, Missouri",9,same_state_city_unique_matched_cms_rows,0.76,operator_review_city_match_before_assigning,cms_county_missing_provider_geocode_review_required,366.0,23767.0,705130372.0,803223664.0,spot_check_same_city_candidate_before_assignment,Same state+city maps to one already matched CMS county; review address/ZIP before applying.,1.0,260105__2023,external_or_manual_geocode_required,No usable Census county context; route through approved provider geocoder or manual address review.,,,,,,,,,,unresolved_after_census_batch,No Census geographies address match for provider street/city/state/ZIP.,same_city_unresolved_after_census_external_geocoder,approved_external_provider_geocoder,Same-city heuristic survived local review but official Census evidence did not support a conservative assignment.,"1201 SOUTH GRAND BLVD, ST. LOUIS, MO, 63104",29510,"St. Louis city, Missouri",Match,Exact,"1201 S GRAND BLVD, SAINT LOUIS, MO, 63104",0.99,0.95,provider_original,,same_city_residual_census_exact_conflict_correction,Residual Census retry exact match corrects the same-city heuristic county.,False
5,4,290041,SUMMERLIN HOSPITAL MEDICAL CENTER,NV,657 TOWN CENTER DRIVE,LAS VEGAS,89114,,2023,cms_county_blank,high,32003,"Clark County, Nevada",23,same_state_city_unique_matched_cms_rows,0.76,operator_review_city_match_before_assigning,cms_county_missing_provider_geocode_review_required,416.0,23214.0,362460482.0,443399845.0,spot_check_same_city_candidate_before_assignment,Same state+city maps to one already matched CMS county; review address/ZIP before applying.,1.0,290041__2023,external_or_manual_geocode_required,No usable Census county context; route through approved provider geocoder or manual address review.,,,,,,,,,,unresolved_after_census_batch,No Census geographies address match for provider street/city/state/ZIP.,same_city_unresolved_after_census_external_geocoder,approved_external_provider_geocoder,Same-city heuristic survived local review but official Census evidence did not support a conservative assignment.,"657 TOWN CENTER DRIVE, LAS VEGAS, NV, 89114",,,,,,,,,,unresolved_after_residual_census_retry,No Census geographies match from residual retry variants.,False
6,5,370093,OU MEDICAL CENTER,OK,1200 CHILDRENS AVE,OKLAHOMA CITY,73104,,2024,cms_county_blank,high,40109,"Oklahoma County, Oklahoma",24,same_state_city_unique_matched_cms_rows,0.76,operator_review_city_match_before_assigning,cms_county_missing_provider_geocode_review_required,842.0,42672.0,1731174557.0,1965959449.0,spot_check_same_city_candidate_before_assignment,Same state+city maps to one already matched CMS county; review address/ZIP before applying.,1.0,370093__2024,external_or_manual_geocode_required,No usable Census county context; route through approved provider geocoder or manual address review.,,,,,,,,,,unresolved_after_census_batch,No Census geographies address match for provider street/city/state/ZIP.,same_city_unresolved_after_census_external_geocoder,approved_external_provider_geocoder,Same-city heuristic survived local review but official Census evidence did not support a conservative assignment.,"1200 CHILDRENS AVE, OKLAHOMA CITY, OK, 73104",,,,,,,,,,unresolved_after_residual_census_retry,No Census geographies match from residual retry variants.,False
7,6,450788,CORPUS CHRISTI MEDICAL CENTER,TX,7101 SOUTH PADRE ISLAND DRIVE,CORPUS CHRISTI,78412,,2024,cms_county_blank,high,48355,"Nueces County, Texas",5,same_state_city_unique_matched_cms_rows,0.76,operator_review_city_match_before_assigning,cms_county_missing_provider_geocode_review_required,372.0,23298.0,362631199.0,552165467.0,spot_check_same_city_candidate_before_assignment,Same state+city maps to one already matched CMS county; review address/ZIP before applying.,1.0,450788__2024,external_or_manual_geocode_required,No usable Census county context; route through approved provider geocoder or manual address review.,,,,,,,,,,unresolved_after_census_batch,No Census geographies address match for provider street/city/state/ZIP.,same_city_unresolved_after_census_external_geocoder,approved_external_provider_geocoder,Same-city heuristic survived local review but official Census evidence did not support a conservative assignment.,"7101 SOUTH PADRE ISLAND DRIVE, CORPUS CHRISTI, TX, 78412",,,,,,,,,,unresolved_after_residual_census_retry,No Census geographies match from residual retry variants.,False
8,7,030115,BANNER ESTRELLA MEDICAL CENTER,AZ,9201 WEST THOMAS ROAD,PHOENIX,85037,,2023,cms_county_blank,high,04013,"Maricopa County, Arizona",24,same_state_city_unique_matched_cms_rows,0.76,operator_review_city_match_before_assigning,cms_county_missing_provider_geocode_review_required,317.0,18265.0,354227291.0,445368593.0,spot_check_same_city_candidate_before_assignment,Same state+city maps to one already matched CMS county; review address/ZIP before applying.,0.8611,030115__2023,external_or_manual_geocode_required,No usable Census county context; route through approved provider geocoder or manual address review.,,,,,,,,,,unresolved_after_census_batch,No Census geographies address match for provider street/city/state/ZIP.,same_city_unresolved_after_census_external_geocoder,approved_external_provider_geocoder,Same-city heuristic survived local review but official Census evidence did not support a conservative assignment.,"9201 WEST THOMAS ROAD, PHOENIX, AZ, 85037",,,,,,,,,,unresolved_after_residual_census_retry,No Census geographies match from residual retry variants.,False
9,8,210024,MEDSTAR UNION MEMORIAL HOSPITAL,MD,201 EAST UNIVERSITY PARKWAY,BALTIMORE,21218,,2024,cms_county_blank,high,24005,"Baltimore County, Maryland",12,same_state_city_unique_matched_cms_rows,0.76,operator_review_city_match_before_assigning,cms_county_missing_provider_geocode_review_required,189.0,8756.0,317192934.0,422965084.0,spot_check_same_city_candidate_before_assignment,Same state+city maps to one already matched CMS county; review address/ZIP before applying.,0.7495,210024__2024,external_or_manual_geocode_required,No usable Census county context; route through approved provider geocoder or manual address review.,,,,,,,,,,unresolved_after_census_batch,No Census geographies address match for provider street/city/state/ZIP.,same_city_unresolved_after_census_external_geocoder,approved_external_provider_geocoder,Same-city heuristic survived local review but official Census evidence did not support a conservative assignment.,"201 EAST UNIVERSITY PARKWAY, BALTIMORE, MD, 21218",24510,"Baltimore city, Maryland",Match,Exact,"201 E UNIVERSITY PKWY, BALTIMORE, MD, 21218",0.99,0.95,provider_original,,same_city_residual_census_exact_conflict_correction,Residual Census retry exact match corrects the same-city heuristic county.,False
10,9,450079,BAYLOR S&W MEDICAL CENTER - IRVING,TX,1901 NORTH MACARTHUR BLVD,IRVING,75061,,2024,cms_county_blank,high,48113,"Dallas County, Texas",1,same_state_city_unique_matched_cms_rows,0.76,operator_review_city_match_before_assigning,cms_county_missing_provider_geocode_review_required,269.0,12679.0,246654703.0,270930503.0,spot_check_same_city_candidate_before_assignment,Same state+city maps to one already matched CMS county; review address/ZIP before applying.,0.6435,450079__2024,external_or_manual_geocode_required,No usable Census county context; route through approved provider geocoder or manual address review.,,,,,,,,,,unresolved_after_census_batch,No Census geographies address match for provider street/city/state/ZIP.,same_city_unresolved_after_census_external_geocoder,approved_external_provider_geocoder,Same-city heuristic survived local review but official Census evidence did not support a conservative assignment.,"1901 NORTH MACARTHUR BLVD, IRVING, TX, 75061",,,,,,,,,,unresolved_after_residual_census_retry,No Census geographies match from residual retry variants.,False
11,11,370056,COMANCHE COUNTY MEMORIAL HOSPITAL,OK,3401 W GORE,LAWTON,73502,,2024,cms_county_blank,high,40031,"Comanche County, Oklahoma",3,same_state_city_unique_matched_cms_rows,0.76,operator_review_city_match_before_assigning,cms_county_missing_provider_geocode_review_required,183.0,10649.0,224314285.0,339847745.0,spot_check_same_city_candidate_before_assignment,Same state+city maps to one already matched CMS county; review address/ZIP before applying.,0.5822,370056__2024,external_or_manual_geocode_required,No usable Census county context; route through approved provider geocoder or manual address review.,,,,,,,,,,unresolved_after_census_batch,No Census geographies address match for provider street/city/state/ZIP.,same_city_unresolved_after_census_external_geocoder,approved_external_provider_geocoder,Same-city heuristic survived local review but official Census evidence did not support a conservative assignment.,"3401 W GORE, LAWTON, OK, 73502",40031,"Comanche County, Oklahoma",Match,Non_Exact,"3401 W GORE BLVD, LAWTON, OK, 73505",0.75,0.76,street_token_expanded,,residual_census_context_only,Residual Census retry produced context but not enough evidence for automatic acceptance.,False
12,12,210034,MEDSTAR HARBOR HOSPITAL,MD,3001 SOUTH HANOVER STREET,BALTIMORE,21225,,2024,cms_county_blank,high,24005,"Baltimore County, Maryland",12,same_state_city_unique_matched_cms_rows,0.76,operator_review_city_match_before_assigning,cms_county_missing_provider_geocode_review_required,125.0,6846.0,162726994.0,189926055.0,spot_check_same_city_candidate_before_assignment,Same state+city maps to one already matched CMS county; review address/ZIP before applying.,0.3845,210034__2024,external_or_manual_geocode_required,No usable Census county context; route through approved provider geocoder or manual address review.,,,,,,,,,,unresolved_after_census_batch,No Census geographies address match for provider street/city/state/ZIP.,same_city_unresolved_after_census_external_geocoder,approved_external_provider_geocoder,Same-city heuristic survived local review but official Census evidence did not support a conservative assignment.,"3001 SOUTH HANOVER STREET, BALTIMORE, MD, 21225",24510,"Baltimore city, Maryland",Match,Exact,"3001 S HANOVER ST, BALTIMORE, MD, 21225",0.99,0.95,provider_original,,same_city_residual_census_exact_conflict_correction,Residual Census retry exact match corrects the same-city heuristic county.,False
13,13,190204,OCHSNER MEDICAL CENTER -NORTHSHORE,LA,100 MEDICAL CENTER DRIVE,SLIDELL,70461,,2023,cms_county_blank,high,22103,"St. Tammany Parish, Louisiana",3,same_state_city_unique_matched_cms_rows,0.76,operator_review_city_match_before_assigning,cms_county_missing_provider_geocode_review_required,150.0,503.0,26069642.0,26318145.0,spot_check_same_city_candidate_before_assignment,Same state+city maps to one already matched CMS county; review address/ZIP before applying.,0.3589,190204__2023,external_or_manual_geocode_required,No usable Census county context; route through approved provider geocoder or manual address review.,,,,,,,,,,unresolved_after_census_batch,No Census geographies address match for provider street/city/state/ZIP.,same_city_unresolved_after_census_external_geocoder,approved_external_provider_geocoder,Same-city heuristic survived local review but official Census evidence did not support a conservative assignment.,"100 MEDICAL CENTER DRIVE, SLIDELL, LA, 70461",,,,,,,,,,unresolved_after_residual_census_retry,No Census geographies match from residual retry variants.,False
14,14,190054,IBERIA MEDICAL CENTER,LA,2315 W MAIN STREET,NEW IBERIA,70562,,2023,cms_county_blank,high,22045,"Iberia Parish, Louisiana",1,same_state_city_unique_matched_cms_rows,0.76,operator_review_city_match_before_assigning,cms_county_missing_provider_geocode_review_required,133.0,3965.0,90825525.0,106319014.0,spot_check_same_city_candidate_before_assignment,Same state+city maps to one already matched CMS county; review address/ZIP before applying.,0.3182,190054__2023,external_or_manual_geocode_required,No usable Census county context; route through approved provider geocoder or manual address review.,,,,,,,,,,unresolved_after_census_batch,No Census geographies address match for provider street/city/state/ZIP.,same_city_unresolved_after_census_external_geocoder,approved_external_provider_geocoder,Same-city heuristic survived local review but official Census evidence did not support a conservative assignment.,"2315 W MAIN STREET, NEW IBERIA, LA, 70562",,,,,,,,,,unresolved_after_residual_census_retry,No Census geographies match from residual retry variants.,False
15,15,474001,BRATTLEBORO RETREAT,VT,ANNA MARSH LANE,BRATTLEBORO,05302,,2023,cms_county_blank,high,50025,"Windham County, Vermont",1,same_state_city_unique_matched_cms_rows,0.76,operator_review_city_match_before_assigning,cms_county_missing_provider_geocode_review_required,113.0,1759.0,72243402.0,96398345.0,spot_check_same_city_candidate_before_assignment,Same state+city maps to one already matched CMS county; review address/ZIP before applying.,0.2703,474001__2023,external_or_manual_geocode_required,No usable Census county context; route through approved provider geocoder or manual address review.,,,,,,,,,,unresolved_after_census_batch,No Census geographies address match for provider street/city/state/ZIP.,same_city_unresolved_after_census_external_geocoder,approved_external_provider_geocoder,Same-city heuristic survived local review but official Census evidence did not support a conservative assignment.,"ANNA MARSH LANE, BRATTLEBORO, VT, 05302",,,,,,,,,,unresolved_after_residual_census_retry,No Census geographies match from residual retry variants.,False
16,16,514009,MILDRED MITCHELL-BATEMAN HOSPITAL,WV,1530 NORWAY AVENUE,HUNTINGTON,25706,,2024,cms_county_blank,high,54011,"Cabell County, West Virginia",6,same_state_city_unique_matched_cms_rows,0.76,operator_review_city_match_before_assigning,cms_county_missing_provider_geocode_review_required,110.0,409.0,51287750.0,16735784.0,spot_check_same_city_candidate_before_assignment,Same state+city maps to one already matched CMS county; review address/ZIP before applying.,0.2632,514009__2024,external_or_manual_geocode_required,No usable Census county context; route through approved provider geocoder or manual address review.,,,,,,,,,,unresolved_after_census_batch,No Census geographies address match for provider street/city/state/ZIP.,same_city_unresolved_after_census_external_geocoder,approved_external_provider_geocoder,Same-city heuristic survived local review but official Census evidence did not support a conservative assignment.,"1530 NORWAY AVENUE, HUNTINGTON, WV, 25706",,,,,,,,,,unresolved_after_residual_census_retry,No Census geographies match from residual retry variants.,False
17,17,054089,JEWISH HOME FOR THE AGED,CA,302 SILVER AVENUE,SAN FRANCISCO,94112,,2024,cms_county_blank,high,06075,"San Francisco County, California",12,same_state_city_unique_matched_cms_rows,0.76,operator_review_city_match_before_assigning,cms_county_missing_provider_geocode_review_required,13.0,175.0,101512847.0,94729336.0,spot_check_same_city_candidate_before_assignment,Same state+city maps to one already matched CMS county; review address/ZIP before applying.,0.2399,054089__2024,external_or_manual_geocode_required,No usable Census county context; route through approved provider geocoder or manual address review.,,,,,,,,,,unresolved_after_census_batch,No Census geographies address match for provider street/city/state/ZIP.,same_city_unresolved_after_census_external_geocoder,approved_external_provider_geocoder,Same-city heuristic survived local review but official Census evidence did not support a conservative assignment.,"302 SILVER AVENUE, SAN FRANCISCO, CA, 94112",,,,,,,,,,unresolved_after_residual_census_retry,No Census geographies match from residual retry variants.,False
18,18,670112,CUMBERLAND SURGICAL HOSPITAL,TX,5330 NORTH LOOP 1604 WEST,SAN ANTONIO,78249,,2024,cms_county_blank,high,48029,"Bexar County, Texas",21,same_state_city_unique_matched_cms_rows,0.76,operator_review_city_match_before_assigning,cms_county_missing_provider_geocode_review_required,25.0,643.0,71774555.0,61789647.0,spot_check_same_city_candidate_before_assignment,Same state+city maps to one already matched CMS county; review address/ZIP before applying.,0.1696,670112__2024,external_or_manual_geocode_required,No usable Census county context; route through approved provider geocoder or manual address review.,,,,,,,,,,unresolved_after_census_batch,No Census geographies address match for provider street/city/state/ZIP.,same_city_unresolved_after_census_external_geocoder,approved_external_provider_geocoder,Same-city heuristic survived local review but official Census evidence did not support a conservative assignment.,"5330 NORTH LOOP 1604 WEST, SAN ANTONIO, TX, 78249",,,,,,,,,,unresolved_after_residual_census_retry,No Census geographies match from residual retry variants.,False
19,19,343025,CAREPARTNERS REHAB HOSPITAL,NC,68 SWEETEN CREEK ROAD,ASHEVILLE,28803,,2023,cms_county_blank,high,37021,"Buncombe County, North Carolina",2,same_state_city_unique_matched_cms_rows,0.76,operator_review_city_match_before_assigning,cms_county_missing_provider_geocode_review_required,70.0,1539.0,28994498.0,98755653.0,spot_check_same_city_candidate_before_assignment,Same state+city maps to one already matched CMS county; review address/ZIP before applying.,0.1692,343025__2023,external_or_manual_geocode_required,No usable Census county context; route through approved provider geocoder or manual address review.,,,,,,,,,,unresolved_after_census_batch,No Census geographies address match for provider street/city/state/ZIP.,same_city_unresolved_after_census_external_geocoder,approved_external_provider_geocoder,Same-city heuristic survived local review but official Census evidence did not support a conservative assignment.,"68 SWEETEN CREEK ROAD, ASHEVILLE, NC, 28803",,,,,,,,,,unresolved_after_residual_census_retry,No Census geographies match from residual retry variants.,False
20,20,212002,WESTERN MARYLAND HOSPITAL CENTER,MD,1500 PENNSYLVANIA AVENUE,HAGERSTOWN,21740,,2024,cms_county_blank,high,24043,"Washington County, Maryland",2,same_state_city_unique_matched_cms_rows,0.76,operator_review_city_match_before_assigning,cms_county_missing_provider_geocode_review_required,60.0,14.0,23465963.0,,spot_check_same_city_candidate_before_assignment,Same state+city maps to one already matched CMS county; review address/ZIP before applying.,0.1435,212002__2024,external_or_manual_geocode_required,No usable Census county context; route through approved provider geocoder or manual address review.,,,,,,,,,,unresolved_after_census_batch,No Census geographies address match for provider street/city/state/ZIP.,same_city_unresolved_after_census_external_geocoder,approved_external_provider_geocoder,Same-city heuristic survived local review but official Census evidence did not support a conservative assignment.,"1500 PENNSYLVANIA AVENUE, HAGERSTOWN, MD, 21740",,,,,,,,,,unresolved_after_residual_census_retry,No Census geographies match from residual retry variants.,False
21,21,190044,ACADIA GENERAL HOSPITAL,LA,190044,CROWLEY,70526,,2023,cms_county_blank,high,22001,"Acadia Parish, Louisiana",1,same_state_city_unique_matched_cms_rows,0.76,operator_review_city_match_before_assigning,cms_county_missing_provider_geocode_review_required,54.0,1564.0,50363732.0,53325390.0,spot_check_same_city_candidate_before_assignment,Same state+city maps to one already matched CMS county; review address/ZIP before applying.,0.1292,190044__2023,external_or_manual_geocode_required,No usable Census county context; route through approved provider geocoder or manual address review.,,,,,,,,,,unresolved_after_census_batch,No Census geographies address match for provider street/city/state/ZIP.,same_city_unresolved_after_census_external_geocoder,approved_external_provider_geocoder,Same-city heuristic survived local review but official Census evidence did not support a conservative assignment.,"190044, CROWLEY, LA, 70526",,,,,,,,,,unresolved_after_residual_census_retry,No Census geographies match from residual retry variants.,False
22,22,103052,ENCOMPASS HEALTH REHABILITATION HOSP,FL,11595 BURNT MILL ROAD,JACKSONVILLE,32256,,2023,cms_county_blank,high,12031,"Duval County, Florida",10,same_state_city_unique_matched_cms_rows,0.76,operator_review_city_match_before_assigning,cms_county_missing_provider_geocode_review_required,50.0,798.0,17626662.0,16719427.0,spot_check_same_city_candidate_before_assignment,Same state+city maps to one already matched CMS county; review address/ZIP before applying.,0.1196,103052__2023,external_or_manual_geocode_required,No usable Census county context; route through approved provider geocoder or manual address review.,,,,,,,,,,unresolved_after_census_batch,No Census geographies address match for provider street/city/state/ZIP.,same_city_unresolved_after_census_external_geocoder,approved_external_provider_geocoder,Same-city heuristic survived local review but official Census evidence did not support a conservative assignment.,"11595 BURNT MILL ROAD, JACKSONVILLE, FL, 32256",,,,,,,,,,unresolved_after_residual_census_retry,No Census geographies match from residual retry variants.,False
23,23,670265,LEGENT ORTHOPEDIC HOSPITAL CARROLLTO,TX,1401 EAST TRINITY MILLS ROAD,CARROLLTON,75007,,2024,cms_county_blank,high,48121,"Denton County, Texas",2,same_state_city_unique_matched_cms_rows,0.76,operator_review_city_match_before_assigning,cms_county_missing_provider_geocode_review_required,22.0,629.0,45132104.0,36285783.0,spot_check_same_city_candidate_before_assignment,Same state+city maps to one already matched CMS county; review address/ZIP before applying.,0.1066,670265__2024,external_or_manual_geocode_required,No usable Census county context; route through approved provider geocoder or manual address review.,,,,,,,,,,unresolved_after_census_batch,No Census geographies address match for provider street/city/state/ZIP.,same_city_unresolved_after_census_external_geocoder,approved_external_provider_geocoder,Same-city heuristic survived local review but official Census evidence did not support a conservative assignment.,"1401 EAST TRINITY MILLS ROAD, CARROLLTON, TX, 75007",,,,,,,,,,unresolved_after_residual_census_retry,No Census geographies match from residual retry variants.,False
24,24,054149,WILLOW ROCK CENTER,CA,22050 FAIRMONT DRIVE,SAN LEANDRO,94578,,2024,cms_county_blank,high,06001,"Alameda County, California",2,same_state_city_unique_matched_cms_rows,0.76,operator_review_city_match_before_assigning,cms_county_missing_provider_geocode_review_required,,,,,spot_check_same_city_candidate_before_assignment,Same state+city maps to one already matched CMS county; review address/ZIP before applying.,0.0,054149__2024,external_or_manual_geocode_required,No usable Census county context; route through approved provider geocoder or manual address review.,,,,,,,,,,unresolved_after_census_batch,No Census geographies address match for provider street/city/state/ZIP.,same_city_unresolved_after_census_external_geocoder,approved_external_provider_geocoder,Same-city heuristic survived local review but official Census evidence did not support a conservative assignment.,"22050 FAIRMONT DRIVE, SAN LEANDRO, CA, 94578",,,,,,,,,,unresolved_after_residual_census_retry,No Census geographies match from residual retry variants.,False
25,25,213300,MT WASHINGTON PEDIATRICS,MD,1708 WEST ROGERS AVENUE,BALTIMORE,21209,,2024,cms_county_blank,high,24005,"Baltimore County, Maryland",12,same_state_city_unique_matched_cms_rows,0.76,operator_review_city_match_before_assigning,cms_county_missing_provider_geocode_review_required,,,,,spot_check_same_city_candidate_before_assignment,Same state+city maps to one already matched CMS county; review address/ZIP before applying.,0.0,213300__2024,external_or_manual_geocode_required,No usable Census county context; route through approved provider geocoder or manual address review.,,,,,,,,,,unresolved_after_census_batch,No Census geographies address match for provider street/city/state/ZIP.,same_city_unresolved_after_census_external_geocoder,approved_external_provider_geocoder,Same-city heuristic survived local review but official Census evidence did not support a conservative assignment.,"1708 WEST ROGERS AVENUE, BALTIMORE, MD, 21209",24510,"Baltimore city, Maryland",Match,Exact,"1708 W ROGERS AVE, BALTIMORE, MD, 21209",0.99,0.95,provider_original,,same_city_residual_census_exact_conflict_correction,Residual Census retry exact match corrects the same-city heuristic county.,False
26,26,400016,AUXILIO MUTUO HOSPITAL,PR,PONCE DE LEON,SAN JUAN,00919,,2023,cms_county_blank,medium,72127,San Juan Muno,5,same_state_city_unique_matched_cms_rows,0.76,operator_review_city_match_before_assigning,cms_county_missing_provider_geocode_review_required,488.0,17410.0,222107178.0,246596454.0,spot_check_same_city_candidate_before_assignment,Same state+city maps to one already matched CMS county; review address/ZIP before applying.,1.0,400016__2023,external_or_manual_geocode_required,No usable Census county context; route through approved provider geocoder or manual address review.,,,,,,,,,,unresolved_after_census_batch,No Census geographies address match for provider street/city/state/ZIP.,same_city_unresolved_after_census_external_geocoder,approved_external_provider_geocoder,Same-city heuristic survived local review but official Census evidence did not support a conservative assignment.,"PONCE DE LEON, SAN JUAN, PR, 00919",,,,,,,,,,unresolved_after_residual_census_retry,No Census geographies match from residual retry variants.,False
27,27,400044,SAN LUCAS PONCE,PR,917 AVE TITO CASTRO,PONCE,00733,,2023,cms_county_blank,medium,72113,Ponce Muno,4,same_state_city_unique_matched_cms_rows,0.76,operator_review_city_match_before_assigning,cms_county_missing_provider_geocode_review_required,336.0,15880.0,128796764.0,152402856.0,spot_check_same_city_candidate_before_assignment,Same state+city maps to one already matched CMS county; review address/ZIP before applying.,0.8038,400044__2023,external_or_manual_geocode_required,No usable Census county context; route through approved provider geocoder or manual address review.,,,,,,,,,,unresolved_after_census_batch,No Census geographies address match for provider street/city/state/ZIP.,same_city_unresolved_after_census_external_geocoder,approved_external_provider_geocoder,Same-city heuristic survived local review but official Census evidence did not support a conservative assignment.,"917 AVE TITO CASTRO, PONCE, PR, 00733",,,,,,,,,,unresolved_after_residual_census_retry,No Census geographies match from residual retry variants.,False
28,28,400061,UNIVERSITY DISCTRICT HOSPITAL,PR,BO. MONACILLO,SAN JUAN,00922,PUERTO RICO,2024,county_text_unmatched,medium,72127,San Juan Muno,5,same_state_city_unique_matched_cms_rows,0.76,operator_review_city_match_before_assigning,county_fips_unmatched_review_required,204.0,7413.0,129171912.0,108313813.0,spot_check_same_city_candidate_before_assignment,Same state+city maps to one already matched CMS county; review address/ZIP before applying.,0.488,400061__2024,external_or_manual_geocode_required,No usable Census county context; route through approved provider geocoder or manual address review.,,,,,,,,,,unresolved_after_census_batch,No Census geographies address match for provider street/city/state/ZIP.,same_city_unresolved_after_census_external_geocoder,approved_external_provider_geocoder,Same-city heuristic survived local review but official Census evidence did not support a conservative assignment.,"BO. MONACILLO, SAN JUAN, PR, 00922",,,,,,,,,,unresolved_after_residual_census_retry,No Census geographies match from residual retry variants.,False
29,29,400127,ADMIN DE SERVICIOS MEDICOS DE PR,PR,CENTRO MEDICO,SAN JUAN,00922,,2024,cms_county_blank,medium,72127,San Juan Muno,5,same_state_city_unique_matched_cms_rows,0.76,operator_review_city_match_before_assigning,cms_county_missing_provider_geocode_review_required,65.0,1632.0,143190592.0,234252304.0,spot_check_same_city_candidate_before_assignment,Same state+city maps to one already matched CMS county; review address/ZIP before applying.,0.4013,400127__2024,external_or_manual_geocode_required,No usable Census county context; route through approved provider geocoder or manual address review.,,,,,,,,,,unresolved_after_census_batch,No Census geographies address match for provider street/city/state/ZIP.,same_city_unresolved_after_census_external_geocoder,approved_external_provider_geocoder,Same-city heuristic survived local review but official Census evidence did not support a conservative assignment.,"CENTRO MEDICO, SAN JUAN, PR, 00922",,,,,,,,,,unresolved_after_residual_census_retry,No Census geographies match from residual retry variants.,False
30,30,400015,SAN JUAN MUNICIPAL HOSPITAL,PR,RIO PIEDRAS STATION,SAN JUAN,00928,,2024,cms_county_blank,medium,72127,San Juan Muno,5,same_state_city_unique_matched_cms_rows,0.76,operator_review_city_match_before_assigning,cms_county_missing_provider_geocode_review_required,145.0,5355.0,88665795.0,99596842.0,spot_check_same_city_candidate_before_assignment,Same state+city maps to one already matched CMS county; review address/ZIP before applying.,0.3469,400015__2024,external_or_manual_geocode_required,No usable Census county context; route through approved provider geocoder or manual address review.,,,,,,,,,,unresolved_after_census_batch,No Census geographies address match for provider street/city/state/ZIP.,same_city_unresolved_after_census_external_geocoder,approved_external_provider_geocoder,Same-city heuristic survived local review but official Census evidence did not support a conservative assignment.,"RIO PIEDRAS STATION, SAN JUAN, PR, 00928",,,,,,,,,,unresolved_after_residual_census_retry,No Census geographies match from residual retry variants.,False
31,31,400098,HOSPITAL SAN FRANCISCO,PR,DE DIEGO AVE. #371,RIO PIEDRAS,00923,RIO PIEDRAS,2023,county_text_unmatched,medium,72127,San Juan Muno,1,same_state_city_unique_matched_cms_rows,0.76,operator_review_city_match_before_assigning,county_fips_unmatched_review_required,139.0,4112.0,36023250.0,44399547.0,spot_check_same_city_candidate_before_assignment,Same state+city maps to one already matched CMS county; review address/ZIP before applying.,0.3325,400098__2023,external_or_manual_geocode_required,No usable Census county context; route through approved provider geocoder or manual address review.,,,,,,,,,,unresolved_after_census_batch,No Census geographies address match for provider street/city/state/ZIP.,same_city_unresolved_after_census_external_geocoder,approved_external_provider_geocoder,Same-city heuristic survived local review but official Census evidence did not support a conservative assignment.,"DE DIEGO AVE. #371, RIO PIEDRAS, PR, 00923",,,,,,,,,,unresolved_after_residual_census_retry,No Census geographies match from residual retry variants.,False
32,32,400106,HOSPITAL METROPOLITANO,PR,21 #1785,RIO PIEDRAS,00922,,2023,cms_county_blank,medium,72127,San Juan Muno,1,same_state_city_unique_matched_cms_rows,0.76,operator_review_city_match_before_assigning,cms_county_missing_provider_geocode_review_required,132.0,4353.0,33670119.0,49829173.0,spot_check_same_city_candidate_before_assignment,Same state+city maps to one already matched CMS county; review address/ZIP before applying.,0.3158,400106__2023,external_or_manual_geocode_required,No usable Census county context; route through approved provider geocoder or manual address review.,,,,,,,,,,unresolved_after_census_batch,No Census geographies address match for provider street/city/state/ZIP.,same_city_unresolved_after_census_external_geocoder,approved_external_provider_geocoder,Same-city heuristic survived local review but official Census evidence did not support a conservative assignment.,"21 #1785, RIO PIEDRAS, PR, 00922",,,,,,,,,,unresolved_after_residual_census_retry,No Census geographies match from residual retry variants.,False
33,33,400022,HOSPITAL DAMAS,PR,2213 PONCE BY PASS,PONCE,00717,,2023,cms_county_blank,medium,72113,Ponce Muno,4,same_state_city_unique_matched_cms_rows,0.76,operator_review_city_match_before_assigning,cms_county_missing_provider_geocode_review_required,128.0,5522.0,66237197.0,62906926.0,spot_check_same_city_candidate_before_assignment,Same state+city maps to one already matched CMS county; review address/ZIP before applying.,0.3062,400022__2023,external_or_manual_geocode_required,No usable Census county context; route through approved provider geocoder or manual address review.,,,,,,,,,,unresolved_after_census_batch,No Census geographies address match for provider street/city/state/ZIP.,same_city_unresolved_after_census_external_geocoder,approved_external_provider_geocoder,Same-city heuristic survived local review but official Census evidence did not support a conservative assignment.,"2213 PONCE BY PASS, PONCE, PR, 00717",,,,,,,,,,unresolved_after_residual_census_retry,No Census geographies match from residual retry variants.,False
34,34,224045,HOSPITAL FOR BEHAVIORAL MEDICINE,MA,100 CENTURY DR,WORCESTER,01606,COLES,2023,county_text_unmatched,medium,25027,"Worcester County, Massachusetts",5,same_state_city_unique_matched_cms_rows,0.76,operator_review_city_match_before_assigning,county_fips_unmatched_review_required,120.0,2417.0,29177010.0,35049255.0,spot_check_same_city_candidate_before_assignment,Same state+city maps to one already matched CMS county; review address/ZIP before applying.,0.2871,224045__2023,external_or_manual_geocode_required,No usable Census county context; route through approved provider geocoder or manual address review.,,,,,,,,,,unresolved_after_census_batch,No Census geographies address match for provider street/city/state/ZIP.,same_city_unresolved_after_census_external_geocoder,approved_external_provider_geocoder,Same-city heuristic survived local review but official Census evidence did not support a conservative assignment.,"100 CENTURY DR, WORCESTER, MA, 01606",,,,,,,,,,unresolved_after_residual_census_retry,No Census geographies match from residual retry variants.,False
35,35,400006,DOCTORS CENTER HOSPITAL SAN JUAN I,PR,1395 SAN RAFAEL ST. PDA. 20,SAN JUAN,00910,,2023,cms_county_blank,medium,72127,San Juan Muno,5,same_state_city_unique_matched_cms_rows,0.76,operator_review_city_match_before_assigning,cms_county_missing_provider_geocode_review_required,110.0,5179.0,34502937.0,38065669.0,spot_check_same_city_candidate_before_assignment,Same state+city maps to one already matched CMS county; review address/ZIP before applying.,0.2632,400006__2023,external_or_manual_geocode_required,No usable Census county context; route through approved provider geocoder or manual address review.,,,,,,,,,,unresolved_after_census_batch,No Census geographies address match for provider street/city/state/ZIP.,same_city_unresolved_after_census_external_geocoder,approved_external_provider_geocoder,Same-city heuristic survived local review but official Census evidence did not support a conservative assignment.,"1395 SAN RAFAEL ST. PDA. 20, SAN JUAN, PR, 00910",,,,,,,,,,unresolved_after_residual_census_retry,No Census geographies match from residual retry variants.,False
36,36,450874,BAYLOR SURGICAL HOSPITAL LAS COLINAS,TX,400 W I-635 SUITE 101,IRVING,75063,IRVING,2023,county_text_unmatched,medium,48113,"Dallas County, Texas",1,same_state_city_unique_matched_cms_rows,0.76,operator_review_city_match_before_assigning,county_fips_unmatched_review_required,20.0,663.0,52087563.0,79823675.0,spot_check_same_city_candidate_before_assignment,Same state+city maps to one already matched CMS county; review address/ZIP before applying.,0.1367,450874__2023,external_or_manual_geocode_required,No usable Census county context; route through approved provider geocoder or manual address review.,,,,,,,,,,unresolved_after_census_batch,No Census geographies address match for provider street/city/state/ZIP.,same_city_unresolved_after_census_external_geocoder,approved_external_provider_geocoder,Same-city heuristic survived local review but official Census evidence did not support a conservative assignment.,"400 W I-635 SUITE 101, IRVING, TX, 75063",,,,,,,,,,unresolved_after_residual_census_retry,No Census geographies match from residual retry variants.,False
37,37,403301,UNIVERSITY PEDIATRIC HOSPITAL,PR,PO BOX 191079,SAN JUAN,00910,,2024,cms_county_blank,medium,72127,San Juan Muno,5,same_state_city_unique_matched_cms_rows,0.76,operator_review_city_match_before_assigning,cms_county_missing_provider_geocode_review_required,,,,,spot_check_same_city_candidate_before_assignment,Same state+city maps to one already matched CMS county; review address/ZIP before applying.,0.0,403301__2024,external_or_manual_geocode_required,No usable Census county context; route through approved provider geocoder or manual address review.,,,,,,,,,,unresolved_after_census_batch,No Census geographies address match for provider street/city/state/ZIP.,same_city_unresolved_after_census_external_geocoder,approved_external_provider_geocoder,Same-city heuristic survived local review but official Census evidence did not support a conservative assignment.,"PO BOX 191079, SAN JUAN, PR, 00910",,,,,,,,,,unresolved_after_residual_census_retry,No Census geographies match from residual retry variants.,False
38,38,050224,HOAG MEMORIAL HOSPITAL PRESBYTERIAN,CA,ONE HOAG DRIVE,NEWPORT BEACH,92658,,2023,cms_county_blank,high,,,0,external_geocode_required,0.0,use provider street_address/city/state/zip with an approved geocoder or manual county review,cms_county_missing_provider_geocode_review_required,512.0,34327.0,1352973476.0,1565207812.0,external_geocode_required,No conservative local county candidate; use approved geocoder or manual county review.,1.0,050224__2023,,,,,,,,,,,,,,external_geocoder_required_no_local_candidate,approved_external_provider_geocoder,No conservative local county candidate exists; route through an approved street-address geocoder or manual county review.,"ONE HOAG DRIVE, NEWPORT BEACH, CA, 92658",06059,"Orange County, California",Match,Non_Exact,"1 HOAG DR, NEWPORT BEACH, CA, 92663",0.75,0.76,provider_original,,residual_census_context_only,Residual Census retry produced context but not enough evidence for automatic acceptance.,False
39,39,050367,NORTHBAY HOSPITAL GROUP,CA,1200 B. GALE WILSON BLVD,FAIRFIELD,94533,,2023,cms_county_blank,high,,,0,external_geocode_required,0.0,use provider street_address/city/state/zip with an approved geocoder or manual county review,cms_county_missing_provider_geocode_review_required,204.0,10160.0,551977988.0,723617346.0,external_geocode_required,No conservative local county candidate; use approved geocoder or manual county review.,1.0,050367__2023,,,,,,,,,,,,,,external_geocoder_required_no_local_candidate,approved_external_provider_geocoder,No conservative local county candidate exists; route through an approved street-address geocoder or manual county review.,"1200 B. GALE WILSON BLVD, FAIRFIELD, CA, 94533",,,,,,,,,,unresolved_after_residual_census_retry,No Census geographies match from residual retry variants.,False
40,40,390180,CROZER CHESTER MEDICAL CENTER,PA,ONE MEDICAL CENTER BLVD.,UPLAND,19013,,2023,cms_county_blank,high,,,0,external_geocode_required,0.0,use provider street_address/city/state/zip with an approved geocoder or manual county review,cms_county_missing_provider_geocode_review_required,296.0,10845.0,475820923.0,408878254.0,external_geocode_required,No conservative local county candidate; use approved geocoder or manual county review.,1.0,390180__2023,,,,,,,,,,,,,,external_geocoder_required_no_local_candidate,approved_external_provider_geocoder,No conservative local county candidate exists; route through an approved street-address geocoder or manual county review.,"ONE MEDICAL CENTER BLVD., UPLAND, PA, 19013",42045,"Delaware County, Pennsylvania",Match,Non_Exact,"1 MEDICAL CENTER BLVD, CHESTER, PA, 19013",0.83,0.86,provider_original,,residual_census_context_only,Residual Census retry produced context but not enough evidence for automatic acceptance.,False
41,41,250141,BAPTIST MEM HOSPITAL DESOTO,MS,7601 SOUTHCREST,SOUTHAVEN,38671,,2023,cms_county_blank,high,,,0,external_geocode_required,0.0,use provider street_address/city/state/zip with an approved geocoder or manual county review,cms_county_missing_provider_geocode_review_required,298.0,19507.0,293398667.0,316449190.0,external_geocode_required,No conservative local county candidate; use approved geocoder or manual county review.,0.9196,250141__2023,,,,,,,,,,,,,,external_geocoder_required_no_local_candidate,approved_external_provider_geocoder,No conservative local county candidate exists; route through an approved street-address geocoder or manual county review.,"7601 SOUTHCREST, SOUTHAVEN, MS, 38671",,,,,,,,,,unresolved_after_residual_census_retry,No Census geographies match from residual retry variants.,False
42,42,220084,EMERSON HOSPITAL,MA,113 ORNC,CONCORD,01742,,2023,cms_county_blank,high,,,0,external_geocode_required,0.0,use provider street_address/city/state/zip with an approved geocoder or manual county review,cms_county_missing_provider_geocode_review_required,111.0,7115.0,340538577.0,336180825.0,external_geocode_required,No conservative local county candidate; use approved geocoder or manual county review.,0.8047,220084__2023,,,,,,,,,,,,,,external_geocoder_required_no_local_candidate,approved_external_provider_geocoder,No conservative local county candidate exists; route through an approved street-address geocoder or manual county review.,"113 ORNC, CONCORD, MA, 01742",,,,,,,,,,unresolved_after_residual_census_retry,No Census geographies match from residual retry variants.,False
43,43,150015,FRANCISCAN HEALTH MICHIGAN CITY,IN,3500 FRANCISCAN WAY,MICHIGAN CITY,46360,,2023,cms_county_blank,high,,,0,external_geocode_required,0.0,use provider street_address/city/state/zip with an approved geocoder or manual county review,cms_county_missing_provider_geocode_review_required,133.0,6242.0,300746057.0,350439707.0,external_geocode_required,No conservative local county candidate; use approved geocoder or manual county review.,0.7106,150015__2023,,,,,,,,,,,,,,external_geocoder_required_no_local_candidate,approved_external_provider_geocoder,No conservative local county candidate exists; route through an approved street-address geocoder or manual county review.,"3500 FRANCISCAN WAY, MICHIGAN CITY, IN, 46360",,,,,,,,,,unresolved_after_residual_census_retry,No Census geographies match from residual retry variants.,False
44,44,100189,HCA FLORIDA NORTHWEST HOSPITAL,FL,2801 NORTH STATE ROAD 7,MARGATE,33063,,2023,cms_county_blank,high,,,0,external_geocode_required,0.0,use provider street_address/city/state/zip with an approved geocoder or manual county review,cms_county_missing_provider_geocode_review_required,289.0,13381.0,213699170.0,297442158.0,external_geocode_required,No conservative local county candidate; use approved geocoder or manual county review.,0.6914,100189__2023,,,,,,,,,,,,,,external_geocoder_required_no_local_candidate,approved_external_provider_geocoder,No conservative local county candidate exists; route through an approved street-address geocoder or manual county review.,"2801 NORTH STATE ROAD 7, MARGATE, FL, 33063",12011,"Broward County, Florida",Match,Non_Exact,"2801 STATE HWY 7, MARGATE, FL, 33063",0.88,0.86,provider_original,,residual_census_context_only,Residual Census retry produced context but not enough evidence for automatic acceptance.,False
45,45,100269,HCA FLORIDA PALMS WEST HOSPITAL,FL,13001 STATE ROAD 80,LOXAHATCHEE,33470,,2024,cms_county_blank,high,,,0,external_geocode_required,0.0,use provider street_address/city/state/zip with an approved geocoder or manual county review,cms_county_missing_provider_geocode_review_required,206.0,14571.0,182154912.0,273487723.0,external_geocode_required,No conservative local county candidate; use approved geocoder or manual county review.,0.6869,100269__2024,,,,,,,,,,,,,,external_geocoder_required_no_local_candidate,approved_external_provider_geocoder,No conservative local county candidate exists; route through an approved street-address geocoder or manual county review.,"13001 STATE ROAD 80, LOXAHATCHEE, FL, 33470",,,,,,,,,,unresolved_after_residual_census_retry,No Census geographies match from residual retry variants.,False
46,46,140164,MEMORIAL HOSPITAL OF CARBONDALE,IL,405 W. JACKSON ST.,CARBONDALE,62902,,2024,cms_county_blank,high,,,0,external_geocode_required,0.0,use provider street_address/city/state/zip with an approved geocoder or manual county review,cms_county_missing_provider_geocode_review_required,175.0,9105.0,288516316.0,376884426.0,external_geocode_required,No conservative local county candidate; use approved geocoder or manual county review.,0.6817,140164__2024,,,,,,,,,,,,,,external_geocoder_required_no_local_candidate,approved_external_provider_geocoder,No conservative local county candidate exists; route through an approved street-address geocoder or manual county review.,"405 W. JACKSON ST., CARBONDALE, IL, 62902",17077,"Jackson County, Illinois",Match,Non_Exact,"405 W JACKSON ST, CARBONDALE, IL, 62901",0.8,0.76,provider_original,,residual_census_context_only,Residual Census retry produced context but not enough evidence for automatic acceptance.,False
47,47,264010,ST. LOUIS FORENSIC TREATMENT CENTER,MO,500 ARSENAL STREET,ST.LOUIS,63119,,2024,cms_county_blank,high,,,0,external_geocode_required,0.0,use provider street_address/city/state/zip with an approved geocoder or manual county review,cms_county_missing_provider_geocode_review_required,255.0,112.0,78458831.0,40308776.0,external_geocode_required,No conservative local county candidate; use approved geocoder or manual county review.,0.61,264010__2024,,,,,,,,,,,,,,external_geocoder_required_no_local_candidate,approved_external_provider_geocoder,No conservative local county candidate exists; route through an approved street-address geocoder or manual county review.,"500 ARSENAL STREET, ST.LOUIS, MO, 63119",29510,"St. Louis city, Missouri",Match,Non_Exact,"500 ARSENAL ST, SAINT LOUIS, MO, 63118",0.8,0.76,provider_original,,residual_census_context_only,Residual Census retry produced context but not enough evidence for automatic acceptance.,False
48,48,110192,PIEDMONT EASTSIDE MEDICAL CENTER,GA,1700 MEDICAL WAY,SNELLVILLE,30278,,2024,cms_county_blank,high,,,0,external_geocode_required,0.0,use provider street_address/city/state/zip with an approved geocoder or manual county review,cms_county_missing_provider_geocode_review_required,218.0,10833.0,245351350.0,299108876.0,external_geocode_required,No conservative local county candidate; use approved geocoder or manual county review.,0.5797,110192__2024,,,,,,,,,,,,,,external_geocoder_required_no_local_candidate,approved_external_provider_geocoder,No conservative local county candidate exists; route through an approved street-address geocoder or manual county review.,"1700 MEDICAL WAY, SNELLVILLE, GA, 30278",13135,"Gwinnett County, Georgia",Match,Non_Exact,"1700 MEDICAL WAY, SNELLVILLE, GA, 30078",0.8,0.76,provider_original,,residual_census_context_only,Residual Census retry produced context but not enough evidence for automatic acceptance.,False
49,49,100224,HCA FLORIDA WOODMONT HOSPITAL,FL,7201 UNIVERSITY DRIVE,TAMARAC,33321,,2024,cms_county_blank,high,,,0,external_geocode_required,0.0,use provider street_address/city/state/zip with an approved geocoder or manual county review,cms_county_missing_provider_geocode_review_required,194.0,8460.0,144187760.0,210759019.0,external_geocode_required,No conservative local county candidate; use approved geocoder or manual county review.,0.4641,100224__2024,,,,,,,,,,,,,,external_geocoder_required_no_local_candidate,approved_external_provider_geocoder,No conservative local county candidate exists; route through an approved street-address geocoder or manual county review.,"7201 UNIVERSITY DRIVE, TAMARAC, FL, 33321",,,,,,,,,,unresolved_after_residual_census_retry,No Census geographies match from residual retry variants.,False
50,50,440068,ATHENS REGIONAL MEDICAL CENTER,TN,1114 MADISON AVENUE,ATHENS,37303,,2023,cms_county_blank,high,,,0,external_geocode_required,0.0,use provider street_address/city/state/zip with an approved geocoder or manual county review,cms_county_missing_provider_geocode_review_required,172.0,1884.0,64985779.0,115320790.0,external_geocode_required,No conservative local county candidate; use approved geocoder or manual county review.,0.4115,440068__2023,,,,,,,,,,,,,,external_geocoder_required_no_local_candidate,approved_external_provider_geocoder,No conservative local county candidate exists; route through an approved street-address geocoder or manual county review.,"1114 MADISON AVENUE, ATHENS, TN, 37303",,,,,,,,,,unresolved_after_residual_census_retry,No Census geographies match from residual retry variants.,False
51,51,440194,TRISTAR HENDERSONVILLE MEDICAL CENTE,TN,355 NEW SHACKLE ISLAND,HENDERSONVILLE,37215,,2024,cms_county_blank,high,,,0,external_geocode_required,0.0,use provider street_address/city/state/zip with an approved geocoder or manual county review,cms_county_missing_provider_geocode_review_required,127.0,7879.0,128885998.0,219747348.0,external_geocode_required,No conservative local county candidate; use approved geocoder or manual county review.,0.3764,440194__2024,,,,,,,,,,,,,,external_geocoder_required_no_local_candidate,approved_external_provider_geocoder,No conservative local county candidate exists; route through an approved street-address geocoder or manual county review.,"355 NEW SHACKLE ISLAND, HENDERSONVILLE, TN, 37215",47165,"Sumner County, Tennessee",Match,Non_Exact,"355 NEW SHACKLE ISLAND RD, HENDERSONVILLE, TN, 37075",0.8,0.76,provider_original,,residual_census_context_only,Residual Census retry produced context but not enough evidence for automatic acceptance.,False
52,52,140008,GOTTLIEB MEMORIAL HOSPITAL,IL,8700 WEST NORTH AVENUE,MELROSE PARK,60160,,2024,cms_county_blank,high,,,0,external_geocode_required,0.0,use provider street_address/city/state/zip with an approved geocoder or manual county review,cms_county_missing_provider_geocode_review_required,135.0,4604.0,136211755.0,132636361.0,external_geocode_required,No conservative local county candidate; use approved geocoder or manual county review.,0.323,140008__2024,,,,,,,,,,,,,,external_geocoder_required_no_local_candidate,approved_external_provider_geocoder,No conservative local county candidate exists; route through an approved street-address geocoder or manual county review.,"8700 WEST NORTH AVENUE, MELROSE PARK, IL, 60160",,,,,,,,,,unresolved_after_residual_census_retry,No Census geographies match from residual retry variants.,False
53,53,054154,SAN JOSE BEHAVIORAL HEALTH,CA,455 SILICON VALLEY BLVD,SANN JOSE,95138,,2023,cms_county_blank,high,,,0,external_geocode_required,0.0,use provider street_address/city/state/zip with an approved geocoder or manual county review,cms_county_missing_provider_geocode_review_required,133.0,3306.0,39446662.0,58931789.0,external_geocode_required,No conservative local county candidate; use approved geocoder or manual county review.,0.3182,054154__2023,,,,,,,,,,,,,,external_geocoder_required_no_local_candidate,approved_external_provider_geocoder,No conservative local county candidate exists; route through an approved street-address geocoder or manual county review.,"455 SILICON VALLEY BLVD, SANN JOSE, CA, 95138",06085,"Santa Clara County, California",Match,Non_Exact,"455 SILICON VALLEY BLVD, SAN JOSE, CA, 95138",0.88,0.86,provider_original,,residual_census_context_only,Residual Census retry produced context but not enough evidence for automatic acceptance.,False
54,54,110023,ADVENTHEALTH GORDON,GA,1035 RED BUD ROAD,CALHOUN,30703,,2023,cms_county_blank,high,,,0,external_geocode_required,0.0,use provider street_address/city/state/zip with an approved geocoder or manual county review,cms_county_missing_provider_geocode_review_required,69.0,4320.0,128157314.0,,external_geocode_required,No conservative local county candidate; use approved geocoder or manual county review.,0.3028,110023__2023,,,,,,,,,,,,,,external_geocoder_required_no_local_candidate,approved_external_provider_geocoder,No conservative local county candidate exists; route through an approved street-address geocoder or manual county review.,"1035 RED BUD ROAD, CALHOUN, GA, 30703",13129,"Gordon County, Georgia",Match,Non_Exact,"1035 RED BUD RD NE, CALHOUN, GA, 30701",0.8,0.76,provider_original,,residual_census_context_only,Residual Census retry produced context but not enough evidence for automatic acceptance.,False
55,55,460013,MOUNTAIN VIEW HOSPITAL,UT,1000 EAST 100 NORTH,PAYSON,84651,,2024,cms_county_blank,high,,,0,external_geocode_required,0.0,use provider street_address/city/state/zip with an approved geocoder or manual county review,cms_county_missing_provider_geocode_review_required,119.0,2991.0,62087942.0,84244464.0,external_geocode_required,No conservative local county candidate; use approved geocoder or manual county review.,0.2847,460013__2024,,,,,,,,,,,,,,external_geocoder_required_no_local_candidate,approved_external_provider_geocoder,No conservative local county candidate exists; route through an approved street-address geocoder or manual county review.,"1000 EAST 100 NORTH, PAYSON, UT, 84651",49049,"Utah County, Utah",Match,Non_Exact,"1000 E 100 S, PAYSON, UT, 84651",0.88,0.86,provider_original,,residual_census_context_only,Residual Census retry produced context but not enough evidence for automatic acceptance.,False
56,56,230193,MCLAREN LAPEER REGION,MI,1375 NORTH MAIN STREET,LAPEER,48436,,2023,cms_county_blank,high,,,0,external_geocode_required,0.0,use provider street_address/city/state/zip with an approved geocoder or manual county review,cms_county_missing_provider_geocode_review_required,92.0,4845.0,111398623.0,132203736.0,external_geocode_required,No conservative local county candidate; use approved geocoder or manual county review.,0.2632,230193__2023,,,,,,,,,,,,,,external_geocoder_required_no_local_candidate,approved_external_provider_geocoder,No conservative local county candidate exists; route through an approved street-address geocoder or manual county review.,"1375 NORTH MAIN STREET, LAPEER, MI, 48436",26087,"Lapeer County, Michigan",Match,Non_Exact,"1375 N MAIN ST, LAPEER, MI, 48446",0.8,0.76,provider_original,,residual_census_context_only,Residual Census retry produced context but not enough evidence for automatic acceptance.,False
57,57,440065,NORTHCREST MEDICAL CENTER,TN,100 NORTHCREST DRIVE,SPRINGFIELD,37172,,2024,cms_county_blank,high,,,0,external_geocode_required,0.0,use provider street_address/city/state/zip with an approved geocoder or manual county review,cms_county_missing_provider_geocode_review_required,109.0,3525.0,61144416.0,71593175.0,external_geocode_required,No conservative local county candidate; use approved geocoder or manual county review.,0.2608,440065__2024,,,,,,,,,,,,,,external_geocoder_required_no_local_candidate,approved_external_provider_geocoder,No conservative local county candidate exists; route through an approved street-address geocoder or manual county review.,"100 NORTHCREST DRIVE, SPRINGFIELD, TN, 37172",,,,,,,,,,unresolved_after_residual_census_retry,No Census geographies match from residual retry variants.,False
58,58,450587,HENDRICK MEDICAL CENTER BROWNWOOD,TX,1501 BURNET DRIVE,BROWNWOOD,76804,,2024,cms_county_blank,high,,,0,external_geocode_required,0.0,use provider street_address/city/state/zip with an approved geocoder or manual county review,cms_county_missing_provider_geocode_review_required,63.0,3707.0,108659516.0,126565337.0,external_geocode_required,No conservative local county candidate; use approved geocoder or manual county review.,0.2568,450587__2024,,,,,,,,,,,,,,external_geocoder_required_no_local_candidate,approved_external_provider_geocoder,No conservative local county candidate exists; route through an approved street-address geocoder or manual county review.,"1501 BURNET DRIVE, BROWNWOOD, TX, 76804",48049,"Brown County, Texas",Match,Non_Exact,"1501 BURNEY DR, BROWNWOOD, TX, 76801",0.8,0.76,provider_original,,residual_census_context_only,Residual Census retry produced context but not enough evidence for automatic acceptance.,False
59,59,190014,OCHSNER ST. MARY,LA,1125 MARGUERITE STREET,MORGAN CITY,70308,,2023,cms_county_blank,high,,,0,external_geocode_required,0.0,use provider street_address/city/state/zip with an approved geocoder or manual county review,cms_county_missing_provider_geocode_review_required,105.0,919.0,38954751.0,36229926.0,external_geocode_required,No conservative local county candidate; use approved geocoder or manual county review.,0.2512,190014__2023,,,,,,,,,,,,,,external_geocoder_required_no_local_candidate,approved_external_provider_geocoder,No conservative local county candidate exists; route through an approved street-address geocoder or manual county review.,"1125 MARGUERITE STREET, MORGAN CITY, LA, 70308",22101,"St. Mary Parish, Louisiana",Match,Non_Exact,"1125 MARGUERITE ST, MORGAN CITY, LA, 70380",0.8,0.76,provider_original,,residual_census_context_only,Residual Census retry produced context but not enough evidence for automatic acceptance.,False
60,60,194114,RIVER PLACE BEHAVIORAL HEALTH,LA,500 RUE DE SANTE,LAPLACE,70068,,2023,cms_county_blank,high,,,0,external_geocode_required,0.0,use provider street_address/city/state/zip with an approved geocoder or manual county review,cms_county_missing_provider_geocode_review_required,104.0,3518.0,17151469.0,22368871.0,external_geocode_required,No conservative local county candidate; use approved geocoder or manual county review.,0.2488,194114__2023,,,,,,,,,,,,,,external_geocoder_required_no_local_candidate,approved_external_provider_geocoder,No conservative local county candidate exists; route through an approved street-address geocoder or manual county review.,"500 RUE DE SANTE, LAPLACE, LA, 70068",,,,,,,,,,unresolved_after_residual_census_retry,No Census geographies match from residual retry variants.,False
61,61,110128,MEADOWS REGIONAL MEDICAL CENTER,GA,1 MEADOWS PARKWAY,VIDALIA,30474,,2024,cms_county_blank,high,,,0,external_geocode_required,0.0,use provider street_address/city/state/zip with an approved geocoder or manual county review,cms_county_missing_provider_geocode_review_required,57.0,4995.0,80851297.0,126546297.0,external_geocode_required,No conservative local county candidate; use approved geocoder or manual county review.,0.2355,110128__2024,,,,,,,,,,,,,,external_geocoder_required_no_local_candidate,approved_external_provider_geocoder,No conservative local county candidate exists; route through an approved street-address geocoder or manual county review.,"1 MEADOWS PARKWAY, VIDALIA, GA, 30474",,,,,,,,,,unresolved_after_residual_census_retry,No Census geographies match from residual retry variants.,False
62,62,061317,GRAND RIVER HOSPITAL DISTRICT,CO,501 AIRPORT ROAD,RIFLE,81650,,2023,cms_county_blank,high,,,0,external_geocode_required,0.0,use provider street_address/city/state/zip with an approved geocoder or manual county review,cms_county_missing_provider_geocode_review_required,25.0,500.0,99266247.0,89779430.0,external_geocode_required,No conservative local county candidate; use approved geocoder or manual county review.,0.2346,061317__2023,,,,,,,,,,,,,,external_geocoder_required_no_local_candidate,approved_external_provider_geocoder,No conservative local county candidate exists; route through an approved street-address geocoder or manual county review.,"501 AIRPORT ROAD, RIFLE, CO, 81650",,,,,,,,,,unresolved_after_residual_census_retry,No Census geographies match from residual retry variants.,False
63,63,100320,HCA FLORIDA POINCIANA HOSPITAL,FL,325 CYPRESS PARKWAY,KISSIMMMEE,34758,,2024,cms_county_blank,high,,,0,external_geocode_required,0.0,use provider street_address/city/state/zip with an approved geocoder or manual county review,cms_county_missing_provider_geocode_review_required,94.0,4832.0,83670709.0,136879455.0,external_geocode_required,No conservative local county candidate; use approved geocoder or manual county review.,0.2345,100320__2024,,,,,,,,,,,,,,external_geocoder_required_no_local_candidate,approved_external_provider_geocoder,No conservative local county candidate exists; route through an approved street-address geocoder or manual county review.,"325 CYPRESS PARKWAY, KISSIMMMEE, FL, 34758",,,,,,,,,,unresolved_after_residual_census_retry,No Census geographies match from residual retry variants.,False
64,64,230095,MYMICHIGAN MEDICAL CTR  WEST BRAN,MI,2463 S M-30,WEST BRANCH,48661,,2024,cms_county_blank,high,,,0,external_geocode_required,0.0,use provider street_address/city/state/zip with an approved geocoder or manual county review,cms_county_missing_provider_geocode_review_required,88.0,1815.0,58760273.0,68739954.0,external_geocode_required,No conservative local county candidate; use approved geocoder or manual county review.,0.2105,230095__2024,,,,,,,,,,,,,,external_geocoder_required_no_local_candidate,approved_external_provider_geocoder,No conservative local county candidate exists; route through an approved street-address geocoder or manual county review.,"2463 S M-30, WEST BRANCH, MI, 48661",,,,,,,,,,unresolved_after_residual_census_retry,No Census geographies match from residual retry variants.,False
65,65,170006,VIA CHRISTI HOSPITAL PITTSBURG  INC.,KS,1 MT CARMEL WAY,PITTSBURG,66762,,2024,cms_county_blank,high,,,0,external_geocode_required,0.0,use provider street_address/city/state/zip with an approved geocoder or manual county review,cms_county_missing_provider_geocode_review_required,64.0,2785.0,88579228.0,85596742.0,external_geocode_required,No conservative local county candidate; use approved geocoder or manual county review.,0.2093,170006__2024,,,,,,,,,,,,,,external_geocoder_required_no_local_candidate,approved_external_provider_geocoder,No conservative local county candidate exists; route through an approved street-address geocoder or manual county review.,"1 MT CARMEL WAY, PITTSBURG, KS, 66762",,,,,,,,,,unresolved_after_residual_census_retry,No Census geographies match from residual retry variants.,False
66,66,380071,WILLAMETTE VALLEY MEDICAL CENTER,OR,2700 SE STRATUS AVENUE,MCMINNVILLE,97128,,2023,cms_county_blank,high,,,0,external_geocode_required,0.0,use provider street_address/city/state/zip with an approved geocoder or manual county review,cms_county_missing_provider_geocode_review_required,50.0,2584.0,80783951.0,113603973.0,external_geocode_required,No conservative local county candidate; use approved geocoder or manual county review.,0.1946,380071__2023,,,,,,,,,,,,,,external_geocoder_required_no_local_candidate,approved_external_provider_geocoder,No conservative local county candidate exists; route through an approved street-address geocoder or manual county review.,"2700 SE STRATUS AVENUE, MCMINNVILLE, OR, 97128",,,,,,,,,,unresolved_after_residual_census_retry,No Census geographies match from residual retry variants.,False
67,67,524042,MIRAMOUNT BEHAVIORAL HEALTH,WI,3169 DEMMING WAY,MIDDLETON,53562,,2023,cms_county_blank,high,,,0,external_geocode_required,0.0,use provider street_address/city/state/zip with an approved geocoder or manual county review,cms_county_missing_provider_geocode_review_required,72.0,1393.0,16057458.0,16168781.0,external_geocode_required,No conservative local county candidate; use approved geocoder or manual county review.,0.1722,524042__2023,,,,,,,,,,,,,,external_geocoder_required_no_local_candidate,approved_external_provider_geocoder,No conservative local county candidate exists; route through an approved street-address geocoder or manual county review.,"3169 DEMMING WAY, MIDDLETON, WI, 53562",55025,"Dane County, Wisconsin",Match,Non_Exact,"3169 DEMING WAY, MIDDLETON, WI, 53562",0.88,0.86,provider_original,,residual_census_context_only,Residual Census retry produced context but not enough evidence for automatic acceptance.,False
68,68,490143,RIVERSIDE DOCTORS HOSPITAL WILLIAMSB,VA,1500 COMMONWEALTH AVENUE,WILLIAMSBURG,23185,,2023,cms_county_blank,high,,,0,external_geocode_required,0.0,use provider street_address/city/state/zip with an approved geocoder or manual county review,cms_county_missing_provider_geocode_review_required,40.0,2152.0,66090586.0,80022321.0,external_geocode_required,No conservative local county candidate; use approved geocoder or manual county review.,0.1562,490143__2023,,,,,,,,,,,,,,external_geocoder_required_no_local_candidate,approved_external_provider_geocoder,No conservative local county candidate exists; route through an approved street-address geocoder or manual county review.,"1500 COMMONWEALTH AVENUE, WILLIAMSBURG, VA, 23185",,,,,,,,,,unresolved_after_residual_census_retry,No Census geographies match from residual retry variants.,False
69,69,300014,FRISBIE MEMORIAL HOSPITAL,NH,11 WHITEHALL ROAD,ROCHESTER,03867,,2024,cms_county_blank,high,,,0,external_geocode_required,0.0,use provider street_address/city/state/zip with an approved geocoder or manual county review,cms_county_missing_provider_geocode_review_required,39.0,966.0,65715503.0,63402305.0,external_geocode_required,No conservative local county candidate; use approved geocoder or manual county review.,0.1553,300014__2024,,,,,,,,,,,,,,external_geocoder_required_no_local_candidate,approved_external_provider_geocoder,No conservative local county candidate exists; route through an approved street-address geocoder or manual county review.,"11 WHITEHALL ROAD, ROCHESTER, NH, 03867",,,,,,,,,,unresolved_after_residual_census_retry,No Census geographies match from residual retry variants.,False
70,70,241355,GLENCOE REGIONAL HEALTH SERVICES,MN,705 EAST 18TH STREEET,GLENCOE,55336,,2023,cms_county_blank,high,,,0,external_geocode_required,0.0,use provider street_address/city/state/zip with an approved geocoder or manual county review,cms_county_missing_provider_geocode_review_required,25.0,816.0,63721537.0,77452435.0,external_geocode_required,No conservative local county candidate; use approved geocoder or manual county review.,0.1506,241355__2023,,,,,,,,,,,,,,external_geocoder_required_no_local_candidate,approved_external_provider_geocoder,No conservative local county candidate exists; route through an approved street-address geocoder or manual county review.,"705 EAST 18TH STREEET, GLENCOE, MN, 55336",,,,,,,,,,unresolved_after_residual_census_retry,No Census geographies match from residual retry variants.,False
71,71,370113,INTEGRIS GROVE  HOSPITAL,OK,1001 EAST 18TH STREET,GROVE,74344,,2024,cms_county_blank,high,,,0,external_geocode_required,0.0,use provider street_address/city/state/zip with an approved geocoder or manual county review,cms_county_missing_provider_geocode_review_required,41.0,1439.0,54710725.0,52653490.0,external_geocode_required,No conservative local county candidate; use approved geocoder or manual county review.,0.1293,370113__2024,,,,,,,,,,,,,,external_geocoder_required_no_local_candidate,approved_external_provider_geocoder,No conservative local county candidate exists; route through an approved street-address geocoder or manual county review.,"1001 EAST 18TH STREET, GROVE, OK, 74344",,,,,,,,,,unresolved_after_residual_census_retry,No Census geographies match from residual retry variants.,False
72,72,010158,RUSSELLVILLE HOSPITAL,AL,15155 HIGHWAY 43,RUSSELLVILLE,35653,,2023,cms_county_blank,high,,,0,external_geocode_required,0.0,use provider street_address/city/state/zip with an approved geocoder or manual county review,cms_county_missing_provider_geocode_review_required,51.0,938.0,51423381.0,48590057.0,external_geocode_required,No conservative local county candidate; use approved geocoder or manual county review.,0.122,010158__2023,,,,,,,,,,,,,,external_geocoder_required_no_local_candidate,approved_external_provider_geocoder,No conservative local county candidate exists; route through an approved street-address geocoder or manual county review.,"15155 HIGHWAY 43, RUSSELLVILLE, AL, 35653",,,,,,,,,,unresolved_after_residual_census_retry,No Census geographies match from residual retry variants.,False
73,73,230100,ASCENSION ST. JOSEPH HOSPITAL,MI,200 HEMLOCK ST,TAWAS,48764,,2024,cms_county_blank,high,,,0,external_geocode_required,0.0,use provider street_address/city/state/zip with an approved geocoder or manual county review,cms_county_missing_provider_geocode_review_required,47.0,1390.0,50309526.0,55424182.0,external_geocode_required,No conservative local county candidate; use approved geocoder or manual county review.,0.1189,230100__2024,,,,,,,,,,,,,,external_geocoder_required_no_local_candidate,approved_external_provider_geocoder,No conservative local county candidate exists; route through an approved street-address geocoder or manual county review.,"200 HEMLOCK ST, TAWAS, MI, 48764",26069,"Iosco County, Michigan",Match,Non_Exact,"200 HEMLOCK ST, TAWAS CITY, MI, 48763",0.8,0.76,provider_original,,residual_census_context_only,Residual Census retry produced context but not enough evidence for automatic acceptance.,False
74,74,144028,JOHN J MADDEN MENTAL HEALTH CENTER,IL,1200 S FIRST AVE,HINES,60141,,2024,cms_county_blank,high,,,0,external_geocode_required,0.0,use provider street_address/city/state/zip with an approved geocoder or manual county review,cms_county_missing_provider_geocode_review_required,28.0,240.0,43129124.0,,external_geocode_required,No conservative local county candidate; use approved geocoder or manual county review.,0.1019,144028__2024,,,,,,,,,,,,,,external_geocoder_required_no_local_candidate,approved_external_provider_geocoder,No conservative local county candidate exists; route through an approved street-address geocoder or manual county review.,"1200 S FIRST AVE, HINES, IL, 60141",,,,,,,,,,unresolved_after_residual_census_retry,No Census geographies match from residual retry variants.,False
75,75,673079,ENCOMPASS HEALTH REHABILITATION OF W,TX,3600 SOUTH LOOP 340,ROBINSON,76706,,2023,cms_county_blank,high,,,0,external_geocode_required,0.0,use provider street_address/city/state/zip with an approved geocoder or manual county review,cms_county_missing_provider_geocode_review_required,40.0,1020.0,17990256.0,21418709.0,external_geocode_required,No conservative local county candidate; use approved geocoder or manual county review.,0.0957,673079__2023,,,,,,,,,,,,,,external_geocoder_required_no_local_candidate,approved_external_provider_geocoder,No conservative local county candidate exists; route through an approved street-address geocoder or manual county review.,"3600 SOUTH LOOP 340, ROBINSON, TX, 76706",,,,,,,,,,unresolved_after_residual_census_retry,No Census geographies match from residual retry variants.,False
76,76,231325,MYMICHIGAN MEDICAL CENTER GLADWIN,MI,515 QUATER STREET,GLADWIN,48624,,2024,cms_county_blank,high,,,0,external_geocode_required,0.0,use provider street_address/city/state/zip with an approved geocoder or manual county review,cms_county_missing_provider_geocode_review_required,25.0,352.0,40459619.0,51112224.0,external_geocode_required,No conservative local county candidate; use approved geocoder or manual county review.,0.0956,231325__2024,,,,,,,,,,,,,,external_geocoder_required_no_local_candidate,approved_external_provider_geocoder,No conservative local county candidate exists; route through an approved street-address geocoder or manual county review.,"515 QUATER STREET, GLADWIN, MI, 48624",26051,"Gladwin County, Michigan",Match,Non_Exact,"515 QUARTER ST, GLADWIN, MI, 48624",0.88,0.86,provider_original,,residual_census_context_only,Residual Census retry produced context but not enough evidence for automatic acceptance.,False
77,77,390117,UPMC BEDFORD,PA,10455 LINCOLN HIGHWAY,EVERETT,15537,,2024,cms_county_blank,high,,,0,external_geocode_required,0.0,use provider street_address/city/state/zip with an approved geocoder or manual county review,cms_county_missing_provider_geocode_review_required,36.0,1207.0,39724063.0,52775013.0,external_geocode_required,No conservative local county candidate; use approved geocoder or manual county review.,0.0939,390117__2024,,,,,,,,,,,,,,external_geocoder_required_no_local_candidate,approved_external_provider_geocoder,No conservative local county candidate exists; route through an approved street-address geocoder or manual county review.,"10455 LINCOLN HIGHWAY, EVERETT, PA, 15537",,,,,,,,,,unresolved_after_residual_census_retry,No Census geographies match from residual retry variants.,False
78,78,361330,HOCKING VALLEY,OH,601 STATE ROUTE 664,LOGAN,43138,,2023,cms_county_blank,high,,,0,external_geocode_required,0.0,use provider street_address/city/state/zip with an approved geocoder or manual county review,cms_county_missing_provider_geocode_review_required,25.0,488.0,39433114.0,43476182.0,external_geocode_required,No conservative local county candidate; use approved geocoder or manual county review.,0.0932,361330__2023,,,,,,,,,,,,,,external_geocoder_required_no_local_candidate,approved_external_provider_geocoder,No conservative local county candidate exists; route through an approved street-address geocoder or manual county review.,"601 STATE ROUTE 664, LOGAN, OH, 43138",,,,,,,,,,unresolved_after_residual_census_retry,No Census geographies match from residual retry variants.,False
79,79,451333,MARTIN COUNTY HOSPITAL,TX,610 N. SAINT PETER STREET,STANTON,79782,,2024,cms_county_blank,high,,,0,external_geocode_required,0.0,use provider street_address/city/state/zip with an approved geocoder or manual county review,cms_county_missing_provider_geocode_review_required,18.0,161.0,39171387.0,24264584.0,external_geocode_required,No conservative local county candidate; use approved geocoder or manual county review.,0.0926,451333__2024,,,,,,,,,,,,,,external_geocoder_required_no_local_candidate,approved_external_provider_geocoder,No conservative local county candidate exists; route through an approved street-address geocoder or manual county review.,"610 N. SAINT PETER STREET, STANTON, TX, 79782",,,,,,,,,,unresolved_after_residual_census_retry,No Census geographies match from residual retry variants.,False
80,80,110236,CHI MEMORIAL HOSPITAL - GEORGIA,GA,101 GROSS CRESCENT CIRCLE,FT OGLETHORPE,30742,,2024,cms_county_blank,high,,,0,external_geocode_required,0.0,use provider street_address/city/state/zip with an approved geocoder or manual county review,cms_county_missing_provider_geocode_review_required,35.0,616.0,24619847.0,22122620.0,external_geocode_required,No conservative local county candidate; use approved geocoder or manual county review.,0.0837,110236__2024,,,,,,,,,,,,,,external_geocoder_required_no_local_candidate,approved_external_provider_geocoder,No conservative local county candidate exists; route through an approved street-address geocoder or manual county review.,"101 GROSS CRESCENT CIRCLE, FT OGLETHORPE, GA, 30742",,,,,,,,,,unresolved_after_residual_census_retry,No Census geographies match from residual retry variants.,False
81,81,370178,ADAIR COUNTY  HEALTH CENTER,OK,100 HIGHWAY WEST,STILWELL,74960,,2024,cms_county_blank,high,,,0,external_geocode_required,0.0,use provider street_address/city/state/zip with an approved geocoder or manual county review,cms_county_missing_provider_geocode_review_required,30.0,355.0,10757372.0,10747643.0,external_geocode_required,No conservative local county candidate; use approved geocoder or manual county review.,0.0718,370178__2024,,,,,,,,,,,,,,external_geocoder_required_no_local_candidate,approved_external_provider_geocoder,No conservative local county candidate exists; route through an approved street-address geocoder or manual county review.,"100 HIGHWAY WEST, STILWELL, OK, 74960",,,,,,,,,,unresolved_after_residual_census_retry,No Census geographies match from residual retry variants.,False
82,82,670131,BAYLOR SCOTT & WHITE - BUDA,TX,5330 OVERPASS ROAD SUITE 110,BUDA,78610,,2024,cms_county_blank,high,,,0,external_geocode_required,0.0,use provider street_address/city/state/zip with an approved geocoder or manual county review,cms_county_missing_provider_geocode_review_required,15.0,395.0,29275278.0,30176560.0,external_geocode_required,No conservative local county candidate; use approved geocoder or manual county review.,0.0692,670131__2024,,,,,,,,,,,,,,external_geocoder_required_no_local_candidate,approved_external_provider_geocoder,No conservative local county candidate exists; route through an approved street-address geocoder or manual county review.,"5330 OVERPASS ROAD SUITE 110, BUDA, TX, 78610",,,,,,,,,,unresolved_after_residual_census_retry,No Census geographies match from residual retry variants.,False
83,83,181331,MCDOWELL ARH,KY,9879 ROUTE 122,MCDOWELL,41647,,2024,cms_county_blank,high,,,0,external_geocode_required,0.0,use provider street_address/city/state/zip with an approved geocoder or manual county review,cms_county_missing_provider_geocode_review_required,25.0,369.0,25462128.0,26421303.0,external_geocode_required,No conservative local county candidate; use approved geocoder or manual county review.,0.0602,181331__2024,,,,,,,,,,,,,,external_geocoder_required_no_local_candidate,approved_external_provider_geocoder,No conservative local county candidate exists; route through an approved street-address geocoder or manual county review.,"9879 ROUTE 122, MCDOWELL, KY, 41647",,,,,,,,,,unresolved_after_residual_census_retry,No Census geographies match from residual retry variants.,False
84,84,341317,LIFEBRITE COMM HOSP OF STOKES,NC,1570 NC 8 & 89 HWY N,DANBURY,27016,,2023,cms_county_blank,high,,,0,external_geocode_required,0.0,use provider street_address/city/state/zip with an approved geocoder or manual county review,cms_county_missing_provider_geocode_review_required,25.0,138.0,14683228.0,14350580.0,external_geocode_required,No conservative local county candidate; use approved geocoder or manual county review.,0.0598,341317__2023,,,,,,,,,,,,,,external_geocoder_required_no_local_candidate,approved_external_provider_geocoder,No conservative local county candidate exists; route through an approved street-address geocoder or manual county review.,"1570 NC 8 & 89 HWY N, DANBURY, NC, 27016",,,,,,,,,,unresolved_after_residual_census_retry,No Census geographies match from residual retry variants.,False
85,85,511310,SUMMERS COUNTY ARH,WV,TERRACE STREET,HINTON,25951,,2024,cms_county_blank,high,,,0,external_geocode_required,0.0,use provider street_address/city/state/zip with an approved geocoder or manual county review,cms_county_missing_provider_geocode_review_required,25.0,178.0,20473369.0,17373222.0,external_geocode_required,No conservative local county candidate; use approved geocoder or manual county review.,0.0598,511310__2024,,,,,,,,,,,,,,external_geocoder_required_no_local_candidate,approved_external_provider_geocoder,No conservative local county candidate exists; route through an approved street-address geocoder or manual county review.,"TERRACE STREET, HINTON, WV, 25951",,,,,,,,,,unresolved_after_residual_census_retry,No Census geographies match from residual retry variants.,False
86,86,390104,UPMC KANE,PA,4372 ROUTE 6,KANE,16735,,2024,cms_county_blank,high,,,0,external_geocode_required,0.0,use provider street_address/city/state/zip with an approved geocoder or manual county review,cms_county_missing_provider_geocode_review_required,18.0,236.0,22227471.0,21140606.0,external_geocode_required,No conservative local county candidate; use approved geocoder or manual county review.,0.0525,390104__2024,,,,,,,,,,,,,,external_geocoder_required_no_local_candidate,approved_external_provider_geocoder,No conservative local county candidate exists; route through an approved street-address geocoder or manual county review.,"4372 ROUTE 6, KANE, PA, 16735",,,,,,,,,,unresolved_after_residual_census_retry,No Census geographies match from residual retry variants.,False
87,87,241301,LAKEWOOD HEALTH CENTER,MN,600 MAIN AVENUE S,BAUDETTE,56623,,2024,cms_county_blank,high,,,0,external_geocode_required,0.0,use provider street_address/city/state/zip with an approved geocoder or manual county review,cms_county_missing_provider_geocode_review_required,15.0,108.0,18296445.0,17357299.0,external_geocode_required,No conservative local county candidate; use approved geocoder or manual county review.,0.0432,241301__2024,,,,,,,,,,,,,,external_geocoder_required_no_local_candidate,approved_external_provider_geocoder,No conservative local county candidate exists; route through an approved street-address geocoder or manual county review.,"600 MAIN AVENUE S, BAUDETTE, MN, 56623",,,,,,,,,,unresolved_after_residual_census_retry,No Census geographies match from residual retry variants.,False
88,88,371331,DRUMRIGHT REGIONAL HOSPITAL,OK,610 WEST BYPASS,DRUMRIGHT,74030,,2023,cms_county_blank,high,,,0,external_geocode_required,0.0,use provider street_address/city/state/zip with an approved geocoder or manual county review,cms_county_missing_provider_geocode_review_required,15.0,169.0,11463079.0,11086747.0,external_geocode_required,No conservative local county candidate; use approved geocoder or manual county review.,0.0359,371331__2023,,,,,,,,,,,,,,external_geocoder_required_no_local_candidate,approved_external_provider_geocoder,No conservative local county candidate exists; route through an approved street-address geocoder or manual county review.,"610 WEST BYPASS, DRUMRIGHT, OK, 74030",,,,,,,,,,unresolved_after_residual_census_retry,No Census geographies match from residual retry variants.,False
89,89,371303,ROGER MILLS MEMORIAL HOSPITAL,OK,501 SOUTH LL MALES AVENUE,CHEYENNE,73628,,2024,cms_county_blank,high,,,0,external_geocode_required,0.0,use provider street_address/city/state/zip with an approved geocoder or manual county review,cms_county_missing_provider_geocode_review_required,15.0,278.0,9111156.0,7804550.0,external_geocode_required,No conservative local county candidate; use approved geocoder or manual county review.,0.0359,371303__2024,,,,,,,,,,,,,,external_geocoder_required_no_local_candidate,approved_external_provider_geocoder,No conservative local county candidate exists; route through an approved street-address geocoder or manual county review.,"501 SOUTH LL MALES AVENUE, CHEYENNE, OK, 73628",,,,,,,,,,unresolved_after_residual_census_retry,No Census geographies match from residual retry variants.,False
90,90,670285,KINGWOOD EMERGENCY HOSPITAL,TX,23330 HIGHWAY 59 N,KINGWOOD,77339,,2023,cms_county_blank,high,,,0,external_geocode_required,0.0,use provider street_address/city/state/zip with an approved geocoder or manual county review,cms_county_missing_provider_geocode_review_required,6.0,149.0,12060141.0,18835395.0,external_geocode_required,No conservative local county candidate; use approved geocoder or manual county review.,0.0323,670285__2023,,,,,,,,,,,,,,external_geocoder_required_no_local_candidate,approved_external_provider_geocoder,No conservative local county candidate exists; route through an approved street-address geocoder or manual county review.,"23330 HIGHWAY 59 N, KINGWOOD, TX, 77339",,,,,,,,,,unresolved_after_residual_census_retry,No Census geographies match from residual retry variants.,False
91,91,014006,MOUNTAIN VIEW HOSPITAL,AL,3001 SCENIC HWY,GADSEN,35904,,2023,cms_county_blank,high,,,0,external_geocode_required,0.0,use provider street_address/city/state/zip with an approved geocoder or manual county review,cms_county_missing_provider_geocode_review_required,,,,,external_geocode_required,No conservative local county candidate; use approved geocoder or manual county review.,0.0,014006__2023,,,,,,,,,,,,,,external_geocoder_required_no_local_candidate,approved_external_provider_geocoder,No conservative local county candidate exists; route through an approved street-address geocoder or manual county review.,"3001 SCENIC HWY, GADSEN, AL, 35904",01055,"Etowah County, Alabama",Match,Non_Exact,"3001 SCENIC HWY, GADSDEN, AL, 35904",0.88,0.86,provider_original,,residual_census_context_only,Residual Census retry produced context but not enough evidence for automatic acceptance.,False
92,92,194118,MERCY BEHAVIORAL HOSPITAL,LA,2810 US HIGHWAY 71 S,LECOMPTE,71346,,2023,cms_county_blank,high,,,0,external_geocode_required,0.0,use provider street_address/city/state/zip with an approved geocoder or manual county review,cms_county_missing_provider_geocode_review_required,,,,,external_geocode_required,No conservative local county candidate; use approved geocoder or manual county review.,0.0,194118__2023,,,,,,,,,,,,,,external_geocoder_required_no_local_candidate,approved_external_provider_geocoder,No conservative local county candidate exists; route through an approved street-address geocoder or manual county review.,"2810 US HIGHWAY 71 S, LECOMPTE, LA, 71346",22079,"Rapides Parish, Louisiana",Match,Non_Exact,"2810 US HWY 71, LECOMPTE, LA, 71346",0.88,0.86,provider_original,,residual_census_context_only,Residual Census retry produced context but not enough evidence for automatic acceptance.,False
93,93,244016,PRAIRIECARE,MN,9400 ZANE AVE N,BROOKLYN PARK,55443,,2023,cms_county_blank,high,,,0,external_geocode_required,0.0,use provider street_address/city/state/zip with an approved geocoder or manual county review,cms_county_missing_provider_geocode_review_required,,,,,external_geocode_required,No conservative local county candidate; use approved geocoder or manual county review.,0.0,244016__2023,,,,,,,,,,,,,,external_geocoder_required_no_local_candidate,approved_external_provider_geocoder,No conservative local county candidate exists; route through an approved street-address geocoder or manual county review.,"9400 ZANE AVE N, BROOKLYN PARK, MN, 55443",,,,,,,,,,unresolved_after_residual_census_retry,No Census geographies match from residual retry variants.,False
94,94,414003,EMMA P BRADLEY HOSPITAL,RI,1011 VETERANS MEMORIAL PARKWAY,EAST PROVIDENCE,02915,,2023,cms_county_blank,high,,,0,external_geocode_required,0.0,use provider street_address/city/state/zip with an approved geocoder or manual county review,cms_county_missing_provider_geocode_review_required,,,,,external_geocode_required,No conservative local county candidate; use approved geocoder or manual county review.,0.0,414003__2023,,,,,,,,,,,,,,external_geocoder_required_no_local_candidate,approved_external_provider_geocoder,No conservative local county candidate exists; route through an approved street-address geocoder or manual county review.,"1011 VETERANS MEMORIAL PARKWAY, EAST PROVIDENCE, RI, 02915",44007,"Providence County, Rhode Island",Match,Non_Exact,"1011 VETERANS MEMORIAL PKWY, RIVERSIDE, RI, 02915",0.88,0.86,provider_original,,residual_census_context_only,Residual Census retry produced context but not enough evidence for automatic acceptance.,False
95,95,453317,COOK CHILDREN CARE,TX,4100 W UNIVERSITY DR,PROSPER,75078,,2023,cms_county_blank,high,,,0,external_geocode_required,0.0,use provider street_address/city/state/zip with an approved geocoder or manual county review,cms_county_missing_provider_geocode_review_required,,,,,external_geocode_required,No conservative local county candidate; use approved geocoder or manual county review.,0.0,453317__2023,,,,,,,,,,,,,,external_geocoder_required_no_local_candidate,approved_external_provider_geocoder,No conservative local county candidate exists; route through an approved street-address geocoder or manual county review.,"4100 W UNIVERSITY DR, PROSPER, TX, 75078",,,,,,,,,,unresolved_after_residual_census_retry,No Census geographies match from residual retry variants.,False
96,96,464007,BENCHMARK BEHAVIORAL HEALTH SYSTEM I,UT,592 WEST 1350 SOUTH,WOOD CROSS,84087,,2024,cms_county_blank,high,,,0,external_geocode_required,0.0,use provider street_address/city/state/zip with an approved geocoder or manual county review,cms_county_missing_provider_geocode_review_required,,,,,external_geocode_required,No conservative local county candidate; use approved geocoder or manual county review.,0.0,464007__2024,,,,,,,,,,,,,,external_geocoder_required_no_local_candidate,approved_external_provider_geocoder,No conservative local county candidate exists; route through an approved street-address geocoder or manual county review.,"592 WEST 1350 SOUTH, WOOD CROSS, UT, 84087",49011,"Davis County, Utah",Match,Non_Exact,"592 W 1350 S, WOODS CROSS, UT, 84010",0.8,0.76,provider_original,,residual_census_context_only,Residual Census retry produced context but not enough evidence for automatic acceptance.,False
97,97,493300,CUMBERLAND HOSPITAL LLC,VA,9407 CUMBERLAND RD,NEW KENT,23124,,2024,cms_county_blank,high,,,0,external_geocode_required,0.0,use provider street_address/city/state/zip with an approved geocoder or manual county review,cms_county_missing_provider_geocode_review_required,,,,,external_geocode_required,No conservative local county candidate; use approved geocoder or manual county review.,0.0,493300__2024,,,,,,,,,,,,,,external_geocoder_required_no_local_candidate,approved_external_provider_geocoder,No conservative local county candidate exists; route through an approved street-address geocoder or manual county review.,"9407 CUMBERLAND RD, NEW KENT, VA, 23124",,,,,,,,,,unresolved_after_residual_census_retry,No Census geographies match from residual retry variants.,False
98,98,514011,HIGHLAND CLARKSBURG HOSPITAL INC,WV,3 HOSPITAL PLAZA,CLARKSBURG,26301,,2023,cms_county_blank,high,,,0,external_geocode_required,0.0,use provider street_address/city/state/zip with an approved geocoder or manual county review,cms_county_missing_provider_geocode_review_required,,,,,external_geocode_required,No conservative local county candidate; use approved geocoder or manual county review.,0.0,514011__2023,,,,,,,,,,,,,,external_geocoder_required_no_local_candidate,approved_external_provider_geocoder,No conservative local county candidate exists; route through an approved street-address geocoder or manual county review.,"3 HOSPITAL PLAZA, CLARKSBURG, WV, 26301",,,,,,,,,,unresolved_after_residual_census_retry,No Census geographies match from residual retry variants.,False
99,99,400109,HOSPITAL HIMA SAN PABLO BAYAMON,PR,SANTA CRUZ # 70,BAYAMON,00959,,2023,cms_county_blank,medium,,,0,external_geocode_required,0.0,use provider street_address/city/state/zip with an approved geocoder or manual county review,cms_county_missing_provider_geocode_review_required,424.0,4066.0,91058647.0,41700230.0,external_geocode_required,No conservative local county candidate; use approved geocoder or manual county review.,1.0,400109__2023,,,,,,,,,,,,,,external_geocoder_required_no_local_candidate,approved_external_provider_geocoder,No conservative local county candidate exists; route through an approved street-address geocoder or manual county review.,"SANTA CRUZ # 70, BAYAMON, PR, 00959",72021,Bayamón Muno,Match,Non_Exact,"70 CLL SANTA CRUZ, BAYAMON, PR, 00961",0.8,0.76,provider_original,,residual_census_context_only,Residual Census retry produced context but not enough evidence for automatic acceptance.,False
100,100,110215,PIEDMONT FAYETTE HOSPITAL INC.,GA,1255 HIGHWAY 54 WEST,FAYETTEVILLE,30214,F,2024,county_text_unmatched,medium,,,0,external_geocode_required,0.0,use provider street_address/city/state/zip with an approved geocoder or manual county review,county_fips_unmatched_review_required,299.0,20478.0,405669764.0,565608718.0,external_geocode_required,No conservative local county candidate; use approved geocoder or manual county review.,0.9689,110215__2024,,,,,,,,,,,,,,external_geocoder_required_no_local_candidate,approved_external_provider_geocoder,No conservative local county candidate exists; route through an approved street-address geocoder or manual county review.,"1255 HIGHWAY 54 WEST, FAYETTEVILLE, GA, 30214",13113,"Fayette County, Georgia",Match,Non_Exact,"1255 STATE RTE 54, FAYETTEVILLE, GA, 30214",0.88,0.86,provider_original,,residual_census_context_only,Residual Census retry produced context but not enough evidence for automatic acceptance.,False
101,101,400118,DOCTOR CENTER HOSPITAL MANATI  INC.,PR,CARR. #2,MANATI,00674,,2023,cms_county_blank,medium,,,0,external_geocode_required,0.0,use provider street_address/city/state/zip with an approved geocoder or manual county review,cms_county_missing_provider_geocode_review_required,257.0,14683.0,85918519.0,110802004.0,external_geocode_required,No conservative local county candidate; use approved geocoder or manual county review.,0.6922,400118__2023,,,,,,,,,,,,,,external_geocoder_required_no_local_candidate,approved_external_provider_geocoder,No conservative local county candidate exists; route through an approved street-address geocoder or manual county review.,"CARR. #2, MANATI, PR, 00674",,,,,,,,,,unresolved_after_residual_census_retry,No Census geographies match from residual retry variants.,False
102,102,650003,GUAM REGIONAL MEDICAL CITY,GU,133 ROUTE 3,DEDEDO,96929,,2023,cms_county_blank,medium,,,0,external_geocode_required,0.0,use provider street_address/city/state/zip with an approved geocoder or manual county review,cms_county_missing_provider_geocode_review_required,120.0,5098.0,223615047.0,217935803.0,external_geocode_required,No conservative local county candidate; use approved geocoder or manual county review.,0.5284,650003__2023,,,,,,,,,,,,,,external_geocoder_required_no_local_candidate,approved_external_provider_geocoder,No conservative local county candidate exists; route through an approved street-address geocoder or manual county review.,"133 ROUTE 3, DEDEDO, GU, 96929",,,,,,,,,,unresolved_after_residual_census_retry,No Census geographies match from residual retry variants.,False
103,103,404004,FIRST HOSPITAL PANAMERICANO,PR,STATE ROAD #787,CIDRA,00739,,2023,cms_county_blank,medium,,,0,external_geocode_required,0.0,use provider street_address/city/state/zip with an approved geocoder or manual county review,cms_county_missing_provider_geocode_review_required,216.0,8229.0,27915015.0,36287251.0,external_geocode_required,No conservative local county candidate; use approved geocoder or manual county review.,0.5167,404004__2023,,,,,,,,,,,,,,external_geocoder_required_no_local_candidate,approved_external_provider_geocoder,No conservative local county candidate exists; route through an approved street-address geocoder or manual county review.,"STATE ROAD #787, CIDRA, PR, 00739",,,,,,,,,,unresolved_after_residual_census_retry,No Census geographies match from residual retry variants.,False
104,104,400112,HOSPITAL UPR,PR,STREET 3 KM 8.3 65 INFANTERIA AVE.,CAROLINA,00984,,2024,cms_county_blank,medium,,,0,external_geocode_required,0.0,use provider street_address/city/state/zip with an approved geocoder or manual county review,cms_county_missing_provider_geocode_review_required,212.0,8989.0,55613149.0,62198817.0,external_geocode_required,No conservative local county candidate; use approved geocoder or manual county review.,0.5072,400112__2024,,,,,,,,,,,,,,external_geocoder_required_no_local_candidate,approved_external_provider_geocoder,No conservative local county candidate exists; route through an approved street-address geocoder or manual county review.,"STREET 3 KM 8.3 65 INFANTERIA AVE., CAROLINA, PR, 00984",,,,,,,,,,unresolved_after_residual_census_retry,No Census geographies match from residual retry variants.,False
105,105,400032,BAYAMON MEDICAL CENTER,PR,CARR. #2 KM. 11.7,BAYAMON,00960,,2023,cms_county_blank,medium,,,0,external_geocode_required,0.0,use provider street_address/city/state/zip with an approved geocoder or manual county review,cms_county_missing_provider_geocode_review_required,207.0,9922.0,69880819.0,89687525.0,external_geocode_required,No conservative local county candidate; use approved geocoder or manual county review.,0.4952,400032__2023,,,,,,,,,,,,,,external_geocoder_required_no_local_candidate,approved_external_provider_geocoder,No conservative local county candidate exists; route through an approved street-address geocoder or manual county review.,"CARR. #2 KM. 11.7, BAYAMON, PR, 00960",,,,,,,,,,unresolved_after_residual_census_retry,No Census geographies match from residual retry variants.,False
106,106,650001,GUAM MEMORIAL HOSPITAL,GU,850 GOVERNOR CARLOS G CAMACHO RD,OKA  TAMUNING,96911,,2023,cms_county_blank,medium,,,0,external_geocode_required,0.0,use provider street_address/city/state/zip with an approved geocoder or manual county review,cms_county_missing_provider_geocode_review_required,161.0,8675.0,157454503.0,98170329.0,external_geocode_required,No conservative local county candidate; use approved geocoder or manual county review.,0.409,650001__2023,,,,,,,,,,,,,,external_geocoder_required_no_local_candidate,approved_external_provider_geocoder,No conservative local county candidate exists; route through an approved street-address geocoder or manual county review.,"850 GOVERNOR CARLOS G CAMACHO RD, OKA TAMUNING, GU, 96911",,,,,,,,,,unresolved_after_residual_census_retry,No Census geographies match from residual retry variants.,False
107,107,390156,MERCY CATHOLIC MEDICAL CENTER,PA,LANSDOWNE AVE & BAILEY RD.,DARBY,19023,USA,2024,county_text_unmatched,medium,,,0,external_geocode_required,0.0,use provider street_address/city/state/zip with an approved geocoder or manual county review,county_fips_unmatched_review_required,153.0,6692.0,161166648.0,198896114.0,external_geocode_required,No conservative local county candidate; use approved geocoder or manual county review.,0.3808,390156__2024,,,,,,,,,,,,,,external_geocoder_required_no_local_candidate,approved_external_provider_geocoder,No conservative local county candidate exists; route through an approved street-address geocoder or manual county review.,"LANSDOWNE AVE & BAILEY RD., DARBY, PA, 19023",,,,,,,,,,unresolved_after_residual_census_retry,No Census geographies match from residual retry variants.,False
108,108,400019,HOSPITAL PAVIA SANTURCE,PR,ASIA STREET,SANTURCE,00910,,2023,cms_county_blank,medium,,,0,external_geocode_required,0.0,use provider street_address/city/state/zip with an approved geocoder or manual county review,cms_county_missing_provider_geocode_review_required,154.0,7315.0,73276232.0,105570415.0,external_geocode_required,No conservative local county candidate; use approved geocoder or manual county review.,0.3684,400019__2023,,,,,,,,,,,,,,external_geocoder_required_no_local_candidate,approved_external_provider_geocoder,No conservative local county candidate exists; route through an approved street-address geocoder or manual county review.,"ASIA STREET, SANTURCE, PR, 00910",,,,,,,,,,unresolved_after_residual_census_retry,No Census geographies match from residual retry variants.,False
109,109,480001,ROY L SCHNEIDER HOSPITAL,VI,9048 SUGAR ESTATE,ST. THOMAS,00801,,2023,cms_county_blank,medium,,,0,external_geocode_required,0.0,use provider street_address/city/state/zip with an approved geocoder or manual county review,cms_county_missing_provider_geocode_review_required,149.0,2801.0,83854257.0,73802953.0,external_geocode_required,No conservative local county candidate; use approved geocoder or manual county review.,0.3565,480001__2023,,,,,,,,,,,,,,external_geocoder_required_no_local_candidate,approved_external_provider_geocoder,No conservative local county candidate exists; route through an approved street-address geocoder or manual county review.,"9048 SUGAR ESTATE, ST. THOMAS, VI, 00801",,,,,,,,,,unresolved_after_residual_census_retry,No Census geographies match from residual retry variants.,False
110,110,394056,TOWER BEHAVIORAL HEALTH,PA,201 WELLNESS WAY,READING,19605,ESMERALDA,2024,county_text_unmatched,medium,,,0,external_geocode_required,0.0,use provider street_address/city/state/zip with an approved geocoder or manual county review,county_fips_unmatched_review_required,144.0,2865.0,38525473.0,59054435.0,external_geocode_required,No conservative local county candidate; use approved geocoder or manual county review.,0.3445,394056__2024,,,,,,,,,,,,,,external_geocoder_required_no_local_candidate,approved_external_provider_geocoder,No conservative local county candidate exists; route through an approved street-address geocoder or manual county review.,"201 WELLNESS WAY, READING, PA, 19605",,,,,,,,,,unresolved_after_residual_census_retry,No Census geographies match from residual retry variants.,False
111,111,400048,HOSPITAL MENONITA  GUAYAMA,PR,AVE PEDRO ALBIZU CAMPOS,GUAYAMA,00785,,2024,cms_county_blank,medium,,,0,external_geocode_required,0.0,use provider street_address/city/state/zip with an approved geocoder or manual county review,cms_county_missing_provider_geocode_review_required,140.0,7067.0,52428635.0,74577237.0,external_geocode_required,No conservative local county candidate; use approved geocoder or manual county review.,0.3349,400048__2024,,,,,,,,,,,,,,external_geocoder_required_no_local_candidate,approved_external_provider_geocoder,No conservative local county candidate exists; route through an approved street-address geocoder or manual county review.,"AVE PEDRO ALBIZU CAMPOS, GUAYAMA, PR, 00785",,,,,,,,,,unresolved_after_residual_census_retry,No Census geographies match from residual retry variants.,False
112,112,400102,DOCTORS CENTER HOSPITAL BAYAMON,PR,STREET J-9 EXT. HERMANAS DAVILA,BAYAMON,00956,,2023,cms_county_blank,medium,,,0,external_geocode_required,0.0,use provider street_address/city/state/zip with an approved geocoder or manual county review,cms_county_missing_provider_geocode_review_required,130.0,6950.0,43696247.0,50452830.0,external_geocode_required,No conservative local county candidate; use approved geocoder or manual county review.,0.3277,400102__2023,,,,,,,,,,,,,,external_geocoder_required_no_local_candidate,approved_external_provider_geocoder,No conservative local county candidate exists; route through an approved street-address geocoder or manual county review.,"STREET J-9 EXT. HERMANAS DAVILA, BAYAMON, PR, 00956",,,,,,,,,,unresolved_after_residual_census_retry,No Census geographies match from residual retry variants.,False
113,113,400004,ASOCIACION HOSPITAL DEL MAESTRO,PR,SERGIO CUEVAS BUSTAMTE,SANJUAN,00969,,2024,cms_county_blank,medium,,,0,external_geocode_required,0.0,use provider street_address/city/state/zip with an approved geocoder or manual county review,cms_county_missing_provider_geocode_review_required,125.0,1600.0,17576162.0,12995433.0,external_geocode_required,No conservative local county candidate; use approved geocoder or manual county review.,0.299,400004__2024,,,,,,,,,,,,,,external_geocoder_required_no_local_candidate,approved_external_provider_geocoder,No conservative local county candidate exists; route through an approved street-address geocoder or manual county review.,"SERGIO CUEVAS BUSTAMTE, SANJUAN, PR, 00969",,,,,,,,,,unresolved_after_residual_census_retry,No Census geographies match from residual retry variants.,False
114,114,394040,THE MEADOWS HOSPITAL,PA,1 EARLYSTOWN RD,CENTRE HALL,16828,CENTRE HALL,2024,county_text_unmatched,medium,,,0,external_geocode_required,0.0,use provider street_address/city/state/zip with an approved geocoder or manual county review,county_fips_unmatched_review_required,119.0,1899.0,19283777.0,24285236.0,external_geocode_required,No conservative local county candidate; use approved geocoder or manual county review.,0.2847,394040__2024,,,,,,,,,,,,,,external_geocoder_required_no_local_candidate,approved_external_provider_geocoder,No conservative local county candidate exists; route through an approved street-address geocoder or manual county review.,"1 EARLYSTOWN RD, CENTRE HALL, PA, 16828",,,,,,,,,,unresolved_after_residual_census_retry,No Census geographies match from residual retry variants.,False
115,115,460060,LONE PEAK HOSPITAL,UT,11925 S STATE STREET,DRAPER,84020,UNITED STATES,2024,county_text_unmatched,medium,,,0,external_geocode_required,0.0,use provider street_address/city/state/zip with an approved geocoder or manual county review,county_fips_unmatched_review_required,61.0,3338.0,90663148.0,156561386.0,external_geocode_required,No conservative local county candidate; use approved geocoder or manual county review.,0.2682,460060__2024,,,,,,,,,,,,,,external_geocoder_required_no_local_candidate,approved_external_provider_geocoder,No conservative local county candidate exists; route through an approved street-address geocoder or manual county review.,"11925 S STATE STREET, DRAPER, UT, 84020",49035,"Salt Lake County, Utah",Match,Non_Exact,"11925 STATE ST, DRAPER, UT, 84020",0.88,0.86,provider_original,,residual_census_context_only,Residual Census retry produced context but not enough evidence for automatic acceptance.,False
116,116,400138,PUERTO RICO WOMEN AND CHILDRENS HOSP,PR,CARR. PR-2 KM 11.6 (INTERIOR),BAYAMON,00959,,2023,cms_county_blank,medium,,,0,external_geocode_required,0.0,use provider street_address/city/state/zip with an approved geocoder or manual county review,cms_county_missing_provider_geocode_review_required,111.0,5180.0,20671319.0,28468288.0,external_geocode_required,No conservative local county candidate; use approved geocoder or manual county review.,0.2656,400138__2023,,,,,,,,,,,,,,external_geocoder_required_no_local_candidate,approved_external_provider_geocoder,No conservative local county candidate exists; route through an approved street-address geocoder or manual county review.,"CARR. PR-2 KM 11.6 (INTERIOR), BAYAMON, PR, 00959",,,,,,,,,,unresolved_after_residual_census_retry,No Census geographies match from residual retry variants.,False
117,117,400115,HOSPITAL WILMA N VAZQUEZ,PR,#2 KM 39.5,VEGA BAJA,00693,,2023,cms_county_blank,medium,,,0,external_geocode_required,0.0,use provider street_address/city/state/zip with an approved geocoder or manual county review,cms_county_missing_provider_geocode_review_required,98.0,3598.0,31930723.0,37337129.0,external_geocode_required,No conservative local county candidate; use approved geocoder or manual county review.,0.2344,400115__2023,,,,,,,,,,,,,,external_geocoder_required_no_local_candidate,approved_external_provider_geocoder,No conservative local county candidate exists; route through an approved street-address geocoder or manual county review.,"#2 KM 39.5, VEGA BAJA, PR, 00693",72143,Vega Alta Muno,Match,Non_Exact,"39 CLL 5, VEGA BAJA, PR, 00693",0.86,0.86,provider_original,,residual_census_context_only,Residual Census retry produced context but not enough evidence for automatic acceptance.,False
118,118,400105,BAYAMON REGIONAL HOSPITAL,PR,LAUREL #100,BAYAMON,00956,,2024,cms_county_blank,medium,,,0,external_geocode_required,0.0,use provider street_address/city/state/zip with an approved geocoder or manual county review,cms_county_missing_provider_geocode_review_required,84.0,1678.0,27144009.0,17396235.0,external_geocode_required,No conservative local county candidate; use approved geocoder or manual county review.,0.201,400105__2024,,,,,,,,,,,,,,external_geocoder_required_no_local_candidate,approved_external_provider_geocoder,No conservative local county candidate exists; route through an approved street-address geocoder or manual county review.,"LAUREL #100, BAYAMON, PR, 00956",,,,,,,,,,unresolved_after_residual_census_retry,No Census geographies match from residual retry variants.,False
119,119,660001,COMMONWEALTH HEALTH CENTER,MP,LOWER NAVY HILL RD,SAIPAN,96950,STATEWIDE,2023,county_text_unmatched,medium,,,0,external_geocode_required,0.0,use provider street_address/city/state/zip with an approved geocoder or manual county review,county_fips_unmatched_review_required,74.0,3446.0,83988038.0,,external_geocode_required,No conservative local county candidate; use approved geocoder or manual county review.,0.1985,660001__2023,,,,,,,,,,,,,,external_geocoder_required_no_local_candidate,approved_external_provider_geocoder,No conservative local county candidate exists; route through an approved street-address geocoder or manual county review.,"LOWER NAVY HILL RD, SAIPAN, MP, 96950",,,,,,,,,,unresolved_after_residual_census_retry,No Census geographies match from residual retry variants.,False
120,120,224039,HAVERHILL PAVILION,MA,76 SUMMER STREED,HAVERHILL,01832,ARCHER,2023,county_text_unmatched,medium,,,0,external_geocode_required,0.0,use provider street_address/city/state/zip with an approved geocoder or manual county review,county_fips_unmatched_review_required,71.0,1354.0,19955636.0,24608678.0,external_geocode_required,No conservative local county candidate; use approved geocoder or manual county review.,0.1699,224039__2023,,,,,,,,,,,,,,external_geocoder_required_no_local_candidate,approved_external_provider_geocoder,No conservative local county candidate exists; route through an approved street-address geocoder or manual county review.,"76 SUMMER STREED, HAVERHILL, MA, 01832",,,,,,,,,,unresolved_after_residual_census_retry,No Census geographies match from residual retry variants.,False
121,121,480002,GOV. JUAN F. LUIS HOSPITAL,VI,4007 EAST DIAMOND RUBY,CHRISTIANSTED,00820,,2023,cms_county_blank,medium,,,0,external_geocode_required,0.0,use provider street_address/city/state/zip with an approved geocoder or manual county review,cms_county_missing_provider_geocode_review_required,66.0,1689.0,65498339.0,-34343588.0,external_geocode_required,No conservative local county candidate; use approved geocoder or manual county review.,0.1579,480002__2023,,,,,,,,,,,,,,external_geocoder_required_no_local_candidate,approved_external_provider_geocoder,No conservative local county candidate exists; route through an approved street-address geocoder or manual county review.,"4007 EAST DIAMOND RUBY, CHRISTIANSTED, VI, 00820",,,,,,,,,,unresolved_after_residual_census_retry,No Census geographies match from residual retry variants.,False
122,122,403027,MULTY MEDICAL FACILITIES,PR,MUNOZ RIVERA AVENUE #402,SAN JUAN PR 00918,00918,,2023,cms_county_blank,medium,,,0,external_geocode_required,0.0,use provider street_address/city/state/zip with an approved geocoder or manual county review,cms_county_missing_provider_geocode_review_required,57.0,1748.0,9539821.0,11171359.0,external_geocode_required,No conservative local county candidate; use approved geocoder or manual county review.,0.1364,403027__2023,,,,,,,,,,,,,,external_geocoder_required_no_local_candidate,approved_external_provider_geocoder,No conservative local county candidate exists; route through an approved street-address geocoder or manual county review.,"MUNOZ RIVERA AVENUE #402, SAN JUAN PR 00918, PR, 00918",,,,,,,,,,unresolved_after_residual_census_retry,No Census geographies match from residual retry variants.,False
123,123,400137,DOCTORS CENTER HOSPITAL OH-DORADO,PR,RD 696 INTERSEC  EFRON AVE  BO HIGUI,DORADO,00646,,2023,cms_county_blank,medium,,,0,external_geocode_required,0.0,use provider street_address/city/state/zip with an approved geocoder or manual county review,cms_county_missing_provider_geocode_review_required,50.0,2107.0,19159485.0,16946891.0,external_geocode_required,No conservative local county candidate; use approved geocoder or manual county review.,0.1196,400137__2023,,,,,,,,,,,,,,external_geocoder_required_no_local_candidate,approved_external_provider_geocoder,No conservative local county candidate exists; route through an approved street-address geocoder or manual county review.,"RD 696 INTERSEC EFRON AVE BO HIGUI, DORADO, PR, 00646",,,,,,,,,,unresolved_after_residual_census_retry,No Census geographies match from residual retry variants.,False
124,124,400122,PROFESSIONAL HOSPITAL,PR,AVE LAS CUMBRES,GUAYNABO,00970,,2024,cms_county_blank,medium,,,0,external_geocode_required,0.0,use provider street_address/city/state/zip with an approved geocoder or manual county review,cms_county_missing_provider_geocode_review_required,49.0,2333.0,22526020.0,25843703.0,external_geocode_required,No conservative local county candidate; use approved geocoder or manual county review.,0.1172,400122__2024,,,,,,,,,,,,,,external_geocoder_required_no_local_candidate,approved_external_provider_geocoder,No conservative local county candidate exists; route through an approved street-address geocoder or manual county review.,"AVE LAS CUMBRES, GUAYNABO, PR, 00970",,,,,,,,,,unresolved_after_residual_census_retry,No Census geographies match from residual retry variants.,False
125,125,400012,HOSPITAL I GONZALEZ MARTINEZ,PR,CENTRO MEDICO,PO BOX 191811 SAN JUAN,00919,,2024,cms_county_blank,medium,,,0,external_geocode_required,0.0,use provider street_address/city/state/zip with an approved geocoder or manual county review,cms_county_missing_provider_geocode_review_required,40.0,992.0,25797865.0,16240488.0,external_geocode_required,No conservative local county candidate; use approved geocoder or manual county review.,0.0957,400012__2024,,,,,,,,,,,,,,external_geocoder_required_no_local_candidate,approved_external_provider_geocoder,No conservative local county candidate exists; route through an approved street-address geocoder or manual county review.,"CENTRO MEDICO, PO BOX 191811 SAN JUAN, PR, 00919",,,,,,,,,,unresolved_after_residual_census_retry,No Census geographies match from residual retry variants.,False
126,126,241347,SANFORD HOSPITAL CANBY,MN,112 SAINT OLAF AVENUE,CANBY,56220,YELLOW MEDCINE,2023,county_text_unmatched,medium,,,0,external_geocode_required,0.0,use provider street_address/city/state/zip with an approved geocoder or manual county review,county_fips_unmatched_review_required,25.0,96.0,23421550.0,26442965.0,external_geocode_required,No conservative local county candidate; use approved geocoder or manual county review.,0.0598,241347__2023,,,,,,,,,,,,,,external_geocoder_required_no_local_candidate,approved_external_provider_geocoder,No conservative local county candidate exists; route through an approved street-address geocoder or manual county review.,"112 SAINT OLAF AVENUE, CANBY, MN, 56220",,,,,,,,,,unresolved_after_residual_census_retry,No Census geographies match from residual retry variants.,False
127,127,371307,CIMARRON MEMORIAL HOSPITAL,OK,100 SOUTH ELLIS,BOISE CITY,73933,BEE,2023,county_text_unmatched,medium,,,0,external_geocode_required,0.0,use provider street_address/city/state/zip with an approved geocoder or manual county review,county_fips_unmatched_review_required,25.0,146.0,4673053.0,3440627.0,external_geocode_required,No conservative local county candidate; use approved geocoder or manual county review.,0.0598,371307__2023,,,,,,,,,,,,,,external_geocoder_required_no_local_candidate,approved_external_provider_geocoder,No conservative local county candidate exists; route through an approved street-address geocoder or manual county review.,"100 SOUTH ELLIS, BOISE CITY, OK, 73933",,,,,,,,,,unresolved_after_residual_census_retry,No Census geographies match from residual retry variants.,False
128,128,400010,CASTANER HOSPITAL,PR,PO BOX 1003,CASTANER,00631,,2023,cms_county_blank,medium,,,0,external_geocode_required,0.0,use provider street_address/city/state/zip with an approved geocoder or manual county review,cms_county_missing_provider_geocode_review_required,,,,,external_geocode_required,No conservative local county candidate; use approved geocoder or manual county review.,0.0,400010__2023,,,,,,,,,,,,,,external_geocoder_required_no_local_candidate,approved_external_provider_geocoder,No conservative local county candidate exists; route through an approved street-address geocoder or manual county review.,"PO BOX 1003, CASTANER, PR, 00631",,,,,,,,,,unresolved_after_residual_census_retry,No Census geographies match from residual retry variants.,False
