cms_provider_number,fiscal_year,manual_review_decision,manual_fips,manual_county_name,manual_geocode_confidence,manual_review_note,acceptance_source,acceptance_action,accepted_at,packet_rank,provider_name,state_abbr,street_address,city,zip5,raw_county,review_issue,candidate_method,suggested_fips,suggested_county_name,supporting_matched_provider_rows,closeout_action,acceptance_status,acceptance_issue,production_model_rank_or_dashboard_change
400014,2023,assign_county,72097,Mayagüez Muno,0.86,Accepted report-only institutional-anchor CMS provider geocode closeout: same-state/same-ZIP unique matched CMS county assigned Mayagüez Muno (72097) for provider 400014 fiscal year 2023. Same-city and external-geocode rows remain under review; no production promotion.,/Users/coryseidel/PersonalProjects/IdeaTests/LandInvest/output/institutional_anchor_provider_geocode_closeout_packet.csv,approve_same_zip_candidate_after_address_spotcheck,2026-06-04T15:35:17.159055+00:00,1,HOSPITAL BELLA VISTA,PR,349 KM 2.7,MAYAGUEZ,00680,,cms_county_blank,same_state_zip5_unique_matched_cms_rows,72097,Mayagüez Muno,1,approve_same_zip_candidate_after_address_spotcheck,accepted,,False
020001,2023,assign_county,02020,"Anchorage Municipality, Alaska",0.76,"Accepted report-only institutional-anchor CMS provider geocode closeout: same-state/same-ZIP unique matched CMS county assigned Anchorage Municipality, Alaska (02020) for provider 020001 fiscal year 2023. Same-city and external-geocode rows remain under review; no production promotion.",/Users/coryseidel/PersonalProjects/IdeaTests/LandInvest/output/institutional_anchor_provider_geocode_closeout_packet.csv,approve_same_zip_candidate_after_address_spotcheck,2026-06-04T15:35:17.159055+00:00,2,PROVIDENCE ALASKA MEDICAL CENTER,AK,3200 PROVIDENCE DRIVE,ANCHORAGE,99519,,cms_county_blank,same_state_city_unique_matched_cms_rows,02020,"Anchorage Municipality, Alaska",5,spot_check_same_city_candidate_before_assignment,held_or_rejected,not_same_zip_closeout_action; not_same_zip_candidate_method; candidate_confidence_below_0_86,False
050069,2024,assign_county,06059,"Orange County, California",0.76,"Accepted report-only institutional-anchor CMS provider geocode closeout: same-state/same-ZIP unique matched CMS county assigned Orange County, California (06059) for provider 050069 fiscal year 2024. Same-city and external-geocode rows remain under review; no production promotion.",/Users/coryseidel/PersonalProjects/IdeaTests/LandInvest/output/institutional_anchor_provider_geocode_closeout_packet.csv,approve_same_zip_candidate_after_address_spotcheck,2026-06-04T15:35:17.159055+00:00,3,ST. JOSEPH HOSPITAL OF ORANGE,CA,1100 WEST STEWART DRIVE,ORANGE,92863,,cms_county_blank,same_state_city_unique_matched_cms_rows,06059,"Orange County, California",4,spot_check_same_city_candidate_before_assignment,held_or_rejected,not_same_zip_closeout_action; not_same_zip_candidate_method; candidate_confidence_below_0_86,False
100209,2023,assign_county,12086,"Miami-Dade County, Florida",0.76,"Accepted report-only institutional-anchor CMS provider geocode closeout: same-state/same-ZIP unique matched CMS county assigned Miami-Dade County, Florida (12086) for provider 100209 fiscal year 2023. Same-city and external-geocode rows remain under review; no production promotion.",/Users/coryseidel/PersonalProjects/IdeaTests/LandInvest/output/institutional_anchor_provider_geocode_closeout_packet.csv,approve_same_zip_candidate_after_address_spotcheck,2026-06-04T15:35:17.159055+00:00,4,HCA FLORIDA KENDALL HOSPITAL,FL,11750 BIRD ROAD,MIAMI,33175,,cms_county_blank,same_state_city_unique_matched_cms_rows,12086,"Miami-Dade County, Florida",14,spot_check_same_city_candidate_before_assignment,held_or_rejected,not_same_zip_closeout_action; not_same_zip_candidate_method; candidate_confidence_below_0_86,False
190064,2024,assign_county,22033,"East Baton Rouge Parish, Louisiana",0.76,"Accepted report-only institutional-anchor CMS provider geocode closeout: same-state/same-ZIP unique matched CMS county assigned East Baton Rouge Parish, Louisiana (22033) for provider 190064 fiscal year 2024. Same-city and external-geocode rows remain under review; no production promotion.",/Users/coryseidel/PersonalProjects/IdeaTests/LandInvest/output/institutional_anchor_provider_geocode_closeout_packet.csv,approve_same_zip_candidate_after_address_spotcheck,2026-06-04T15:35:17.159055+00:00,5,OUR LADY OF THE LAKE RMC,LA,5000 HENNESSY BLVD,BATON ROUGE,70808,,cms_county_blank,same_state_city_unique_matched_cms_rows,22033,"East Baton Rouge Parish, Louisiana",17,spot_check_same_city_candidate_before_assignment,held_or_rejected,not_same_zip_closeout_action; not_same_zip_candidate_method; candidate_confidence_below_0_86,False
260105,2023,assign_county,29189,"St. Louis County, Missouri",0.76,"Accepted report-only institutional-anchor CMS provider geocode closeout: same-state/same-ZIP unique matched CMS county assigned St. Louis County, Missouri (29189) for provider 260105 fiscal year 2023. Same-city and external-geocode rows remain under review; no production promotion.",/Users/coryseidel/PersonalProjects/IdeaTests/LandInvest/output/institutional_anchor_provider_geocode_closeout_packet.csv,approve_same_zip_candidate_after_address_spotcheck,2026-06-04T15:35:17.159055+00:00,6,SSM SAINT LOUIS UNIVERSITY HOSPITAL,MO,1201 SOUTH GRAND BLVD,ST. LOUIS,63104,,cms_county_blank,same_state_city_unique_matched_cms_rows,29189,"St. Louis County, Missouri",9,spot_check_same_city_candidate_before_assignment,held_or_rejected,not_same_zip_closeout_action; not_same_zip_candidate_method; candidate_confidence_below_0_86,False
290041,2023,assign_county,32003,"Clark County, Nevada",0.76,"Accepted report-only institutional-anchor CMS provider geocode closeout: same-state/same-ZIP unique matched CMS county assigned Clark County, Nevada (32003) for provider 290041 fiscal year 2023. Same-city and external-geocode rows remain under review; no production promotion.",/Users/coryseidel/PersonalProjects/IdeaTests/LandInvest/output/institutional_anchor_provider_geocode_closeout_packet.csv,approve_same_zip_candidate_after_address_spotcheck,2026-06-04T15:35:17.159055+00:00,7,SUMMERLIN HOSPITAL MEDICAL CENTER,NV,657 TOWN CENTER DRIVE,LAS VEGAS,89114,,cms_county_blank,same_state_city_unique_matched_cms_rows,32003,"Clark County, Nevada",23,spot_check_same_city_candidate_before_assignment,held_or_rejected,not_same_zip_closeout_action; not_same_zip_candidate_method; candidate_confidence_below_0_86,False
370093,2024,assign_county,40109,"Oklahoma County, Oklahoma",0.76,"Accepted report-only institutional-anchor CMS provider geocode closeout: same-state/same-ZIP unique matched CMS county assigned Oklahoma County, Oklahoma (40109) for provider 370093 fiscal year 2024. Same-city and external-geocode rows remain under review; no production promotion.",/Users/coryseidel/PersonalProjects/IdeaTests/LandInvest/output/institutional_anchor_provider_geocode_closeout_packet.csv,approve_same_zip_candidate_after_address_spotcheck,2026-06-04T15:35:17.159055+00:00,8,OU MEDICAL CENTER,OK,1200 CHILDRENS AVE,OKLAHOMA CITY,73104,,cms_county_blank,same_state_city_unique_matched_cms_rows,40109,"Oklahoma County, Oklahoma",24,spot_check_same_city_candidate_before_assignment,held_or_rejected,not_same_zip_closeout_action; not_same_zip_candidate_method; candidate_confidence_below_0_86,False
450788,2024,assign_county,48355,"Nueces County, Texas",0.76,"Accepted report-only institutional-anchor CMS provider geocode closeout: same-state/same-ZIP unique matched CMS county assigned Nueces County, Texas (48355) for provider 450788 fiscal year 2024. Same-city and external-geocode rows remain under review; no production promotion.",/Users/coryseidel/PersonalProjects/IdeaTests/LandInvest/output/institutional_anchor_provider_geocode_closeout_packet.csv,approve_same_zip_candidate_after_address_spotcheck,2026-06-04T15:35:17.159055+00:00,9,CORPUS CHRISTI MEDICAL CENTER,TX,7101 SOUTH PADRE ISLAND DRIVE,CORPUS CHRISTI,78412,,cms_county_blank,same_state_city_unique_matched_cms_rows,48355,"Nueces County, Texas",5,spot_check_same_city_candidate_before_assignment,held_or_rejected,not_same_zip_closeout_action; not_same_zip_candidate_method; candidate_confidence_below_0_86,False
450431,2023,assign_county,48453,"Travis County, Texas",0.76,"Accepted report-only institutional-anchor CMS provider geocode closeout: same-state/same-ZIP unique matched CMS county assigned Travis County, Texas (48453) for provider 450431 fiscal year 2023. Same-city and external-geocode rows remain under review; no production promotion.",/Users/coryseidel/PersonalProjects/IdeaTests/LandInvest/output/institutional_anchor_provider_geocode_closeout_packet.csv,approve_same_zip_candidate_after_address_spotcheck,2026-06-04T15:35:17.159055+00:00,10,ST. DAVIDS MEDICAL CENTER,TX,919 EAST 32ND STREET,AUSTIN,78765,,cms_county_blank,same_state_city_unique_matched_cms_rows,48453,"Travis County, Texas",17,spot_check_same_city_candidate_before_assignment,held_or_rejected,not_same_zip_closeout_action; not_same_zip_candidate_method; candidate_confidence_below_0_86,False
490009,2024,assign_county,51003,"Albemarle County, Virginia",0.76,"Accepted report-only institutional-anchor CMS provider geocode closeout: same-state/same-ZIP unique matched CMS county assigned Albemarle County, Virginia (51003) for provider 490009 fiscal year 2024. Same-city and external-geocode rows remain under review; no production promotion.",/Users/coryseidel/PersonalProjects/IdeaTests/LandInvest/output/institutional_anchor_provider_geocode_closeout_packet.csv,approve_same_zip_candidate_after_address_spotcheck,2026-06-04T15:35:17.159055+00:00,11,UNIVERSITY OF VIRGINIA MEDICAL CENTE,VA,855 WEST MAIN STREET,CHARLOTTESVILLE,22908,,cms_county_blank,same_state_city_unique_matched_cms_rows,51003,"Albemarle County, Virginia",2,spot_check_same_city_candidate_before_assignment,held_or_rejected,not_same_zip_closeout_action; not_same_zip_candidate_method; candidate_confidence_below_0_86,False
100131,2023,assign_county,12086,"Miami-Dade County, Florida",0.76,"Accepted report-only institutional-anchor CMS provider geocode closeout: same-state/same-ZIP unique matched CMS county assigned Miami-Dade County, Florida (12086) for provider 100131 fiscal year 2023. Same-city and external-geocode rows remain under review; no production promotion.",/Users/coryseidel/PersonalProjects/IdeaTests/LandInvest/output/institutional_anchor_provider_geocode_closeout_packet.csv,approve_same_zip_candidate_after_address_spotcheck,2026-06-04T15:35:17.159055+00:00,12,HCA FLORIDA AVENTURA HOSPITAL,FL,2801 NE 209TH ST AT BISCAYNE BLVD,MIAMI,33180,,cms_county_blank,same_state_city_unique_matched_cms_rows,12086,"Miami-Dade County, Florida",14,spot_check_same_city_candidate_before_assignment,held_or_rejected,not_same_zip_closeout_action; not_same_zip_candidate_method; candidate_confidence_below_0_86,False
030115,2023,assign_county,04013,"Maricopa County, Arizona",0.76,"Accepted report-only institutional-anchor CMS provider geocode closeout: same-state/same-ZIP unique matched CMS county assigned Maricopa County, Arizona (04013) for provider 030115 fiscal year 2023. Same-city and external-geocode rows remain under review; no production promotion.",/Users/coryseidel/PersonalProjects/IdeaTests/LandInvest/output/institutional_anchor_provider_geocode_closeout_packet.csv,approve_same_zip_candidate_after_address_spotcheck,2026-06-04T15:35:17.159055+00:00,13,BANNER ESTRELLA MEDICAL CENTER,AZ,9201 WEST THOMAS ROAD,PHOENIX,85037,,cms_county_blank,same_state_city_unique_matched_cms_rows,04013,"Maricopa County, Arizona",24,spot_check_same_city_candidate_before_assignment,held_or_rejected,not_same_zip_closeout_action; not_same_zip_candidate_method; candidate_confidence_below_0_86,False
100242,2024,assign_county,12005,"Bay County, Florida",0.76,"Accepted report-only institutional-anchor CMS provider geocode closeout: same-state/same-ZIP unique matched CMS county assigned Bay County, Florida (12005) for provider 100242 fiscal year 2024. Same-city and external-geocode rows remain under review; no production promotion.",/Users/coryseidel/PersonalProjects/IdeaTests/LandInvest/output/institutional_anchor_provider_geocode_closeout_packet.csv,approve_same_zip_candidate_after_address_spotcheck,2026-06-04T15:35:17.159055+00:00,14,HCA FLORIDA GULF COAST HOSPITAL,FL,449 WEST 23RD STREET,PANAMA CITY,32404,,cms_county_blank,same_state_city_unique_matched_cms_rows,12005,"Bay County, Florida",4,spot_check_same_city_candidate_before_assignment,held_or_rejected,not_same_zip_closeout_action; not_same_zip_candidate_method; candidate_confidence_below_0_86,False
450079,2024,assign_county,48113,"Dallas County, Texas",0.76,"Accepted report-only institutional-anchor CMS provider geocode closeout: same-state/same-ZIP unique matched CMS county assigned Dallas County, Texas (48113) for provider 450079 fiscal year 2024. Same-city and external-geocode rows remain under review; no production promotion.",/Users/coryseidel/PersonalProjects/IdeaTests/LandInvest/output/institutional_anchor_provider_geocode_closeout_packet.csv,approve_same_zip_candidate_after_address_spotcheck,2026-06-04T15:35:17.159055+00:00,15,BAYLOR S&W MEDICAL CENTER - IRVING,TX,1901 NORTH MACARTHUR BLVD,IRVING,75061,,cms_county_blank,same_state_city_unique_matched_cms_rows,48113,"Dallas County, Texas",1,spot_check_same_city_candidate_before_assignment,held_or_rejected,not_same_zip_closeout_action; not_same_zip_candidate_method; candidate_confidence_below_0_86,False
284003,2024,assign_county,31109,"Lancaster County, Nebraska",0.76,"Accepted report-only institutional-anchor CMS provider geocode closeout: same-state/same-ZIP unique matched CMS county assigned Lancaster County, Nebraska (31109) for provider 284003 fiscal year 2024. Same-city and external-geocode rows remain under review; no production promotion.",/Users/coryseidel/PersonalProjects/IdeaTests/LandInvest/output/institutional_anchor_provider_geocode_closeout_packet.csv,approve_same_zip_candidate_after_address_spotcheck,2026-06-04T15:35:17.159055+00:00,16,LINCOLN REGIONAL CENTER,NE,FOLSOM & PROSPECTOR,LINCOLN,68509,,cms_county_blank,same_state_city_unique_matched_cms_rows,31109,"Lancaster County, Nebraska",6,spot_check_same_city_candidate_before_assignment,held_or_rejected,not_same_zip_closeout_action; not_same_zip_candidate_method; candidate_confidence_below_0_86,False
130018,2023,assign_county,16019,"Bonneville County, Idaho",0.76,"Accepted report-only institutional-anchor CMS provider geocode closeout: same-state/same-ZIP unique matched CMS county assigned Bonneville County, Idaho (16019) for provider 130018 fiscal year 2023. Same-city and external-geocode rows remain under review; no production promotion.",/Users/coryseidel/PersonalProjects/IdeaTests/LandInvest/output/institutional_anchor_provider_geocode_closeout_packet.csv,approve_same_zip_candidate_after_address_spotcheck,2026-06-04T15:35:17.159055+00:00,17,EASTERN IDAHO REGIONAL MEDICAL CENTE,ID,3100 CHANNING WAY,IDAHO FALLS,83403,,cms_county_blank,same_state_city_unique_matched_cms_rows,16019,"Bonneville County, Idaho",2,spot_check_same_city_candidate_before_assignment,held_or_rejected,not_same_zip_closeout_action; not_same_zip_candidate_method; candidate_confidence_below_0_86,False
210024,2024,assign_county,24005,"Baltimore County, Maryland",0.76,"Accepted report-only institutional-anchor CMS provider geocode closeout: same-state/same-ZIP unique matched CMS county assigned Baltimore County, Maryland (24005) for provider 210024 fiscal year 2024. Same-city and external-geocode rows remain under review; no production promotion.",/Users/coryseidel/PersonalProjects/IdeaTests/LandInvest/output/institutional_anchor_provider_geocode_closeout_packet.csv,approve_same_zip_candidate_after_address_spotcheck,2026-06-04T15:35:17.159055+00:00,18,MEDSTAR UNION MEMORIAL HOSPITAL,MD,201 EAST UNIVERSITY PARKWAY,BALTIMORE,21218,,cms_county_blank,same_state_city_unique_matched_cms_rows,24005,"Baltimore County, Maryland",12,spot_check_same_city_candidate_before_assignment,held_or_rejected,not_same_zip_closeout_action; not_same_zip_candidate_method; candidate_confidence_below_0_86,False
670082,2024,assign_county,48085,"Collin County, Texas",0.76,"Accepted report-only institutional-anchor CMS provider geocode closeout: same-state/same-ZIP unique matched CMS county assigned Collin County, Texas (48085) for provider 670082 fiscal year 2024. Same-city and external-geocode rows remain under review; no production promotion.",/Users/coryseidel/PersonalProjects/IdeaTests/LandInvest/output/institutional_anchor_provider_geocode_closeout_packet.csv,approve_same_zip_candidate_after_address_spotcheck,2026-06-04T15:35:17.159055+00:00,19,BAYLOR S&W MEDICAL CENTER - MCKINNEY,TX,5252 W UNIVERSITY DR,MCKINNEY,75021,,cms_county_blank,same_state_city_unique_matched_cms_rows,48085,"Collin County, Texas",2,spot_check_same_city_candidate_before_assignment,held_or_rejected,not_same_zip_closeout_action; not_same_zip_candidate_method; candidate_confidence_below_0_86,False
370056,2024,assign_county,40031,"Comanche County, Oklahoma",0.76,"Accepted report-only institutional-anchor CMS provider geocode closeout: same-state/same-ZIP unique matched CMS county assigned Comanche County, Oklahoma (40031) for provider 370056 fiscal year 2024. Same-city and external-geocode rows remain under review; no production promotion.",/Users/coryseidel/PersonalProjects/IdeaTests/LandInvest/output/institutional_anchor_provider_geocode_closeout_packet.csv,approve_same_zip_candidate_after_address_spotcheck,2026-06-04T15:35:17.159055+00:00,20,COMANCHE COUNTY MEMORIAL HOSPITAL,OK,3401 W GORE,LAWTON,73502,,cms_county_blank,same_state_city_unique_matched_cms_rows,40031,"Comanche County, Oklahoma",3,spot_check_same_city_candidate_before_assignment,held_or_rejected,not_same_zip_closeout_action; not_same_zip_candidate_method; candidate_confidence_below_0_86,False
190204,2023,assign_county,22103,"St. Tammany Parish, Louisiana",0.76,"Accepted report-only institutional-anchor CMS provider geocode closeout: same-state/same-ZIP unique matched CMS county assigned St. Tammany Parish, Louisiana (22103) for provider 190204 fiscal year 2023. Same-city and external-geocode rows remain under review; no production promotion.",/Users/coryseidel/PersonalProjects/IdeaTests/LandInvest/output/institutional_anchor_provider_geocode_closeout_packet.csv,approve_same_zip_candidate_after_address_spotcheck,2026-06-04T15:35:17.159055+00:00,21,OCHSNER MEDICAL CENTER -NORTHSHORE,LA,100 MEDICAL CENTER DRIVE,SLIDELL,70461,,cms_county_blank,same_state_city_unique_matched_cms_rows,22103,"St. Tammany Parish, Louisiana",3,spot_check_same_city_candidate_before_assignment,held_or_rejected,not_same_zip_closeout_action; not_same_zip_candidate_method; candidate_confidence_below_0_86,False
190054,2023,assign_county,22045,"Iberia Parish, Louisiana",0.76,"Accepted report-only institutional-anchor CMS provider geocode closeout: same-state/same-ZIP unique matched CMS county assigned Iberia Parish, Louisiana (22045) for provider 190054 fiscal year 2023. Same-city and external-geocode rows remain under review; no production promotion.",/Users/coryseidel/PersonalProjects/IdeaTests/LandInvest/output/institutional_anchor_provider_geocode_closeout_packet.csv,approve_same_zip_candidate_after_address_spotcheck,2026-06-04T15:35:17.159055+00:00,22,IBERIA MEDICAL CENTER,LA,2315 W MAIN STREET,NEW IBERIA,70562,,cms_county_blank,same_state_city_unique_matched_cms_rows,22045,"Iberia Parish, Louisiana",1,spot_check_same_city_candidate_before_assignment,held_or_rejected,not_same_zip_closeout_action; not_same_zip_candidate_method; candidate_confidence_below_0_86,False
210034,2024,assign_county,24005,"Baltimore County, Maryland",0.76,"Accepted report-only institutional-anchor CMS provider geocode closeout: same-state/same-ZIP unique matched CMS county assigned Baltimore County, Maryland (24005) for provider 210034 fiscal year 2024. Same-city and external-geocode rows remain under review; no production promotion.",/Users/coryseidel/PersonalProjects/IdeaTests/LandInvest/output/institutional_anchor_provider_geocode_closeout_packet.csv,approve_same_zip_candidate_after_address_spotcheck,2026-06-04T15:35:17.159055+00:00,23,MEDSTAR HARBOR HOSPITAL,MD,3001 SOUTH HANOVER STREET,BALTIMORE,21225,,cms_county_blank,same_state_city_unique_matched_cms_rows,24005,"Baltimore County, Maryland",12,spot_check_same_city_candidate_before_assignment,held_or_rejected,not_same_zip_closeout_action; not_same_zip_candidate_method; candidate_confidence_below_0_86,False
474001,2023,assign_county,50025,"Windham County, Vermont",0.76,"Accepted report-only institutional-anchor CMS provider geocode closeout: same-state/same-ZIP unique matched CMS county assigned Windham County, Vermont (50025) for provider 474001 fiscal year 2023. Same-city and external-geocode rows remain under review; no production promotion.",/Users/coryseidel/PersonalProjects/IdeaTests/LandInvest/output/institutional_anchor_provider_geocode_closeout_packet.csv,approve_same_zip_candidate_after_address_spotcheck,2026-06-04T15:35:17.159055+00:00,24,BRATTLEBORO RETREAT,VT,ANNA MARSH LANE,BRATTLEBORO,05302,,cms_county_blank,same_state_city_unique_matched_cms_rows,50025,"Windham County, Vermont",1,spot_check_same_city_candidate_before_assignment,held_or_rejected,not_same_zip_closeout_action; not_same_zip_candidate_method; candidate_confidence_below_0_86,False
334012,2024,assign_county,36007,"Broome County, New York",0.76,"Accepted report-only institutional-anchor CMS provider geocode closeout: same-state/same-ZIP unique matched CMS county assigned Broome County, New York (36007) for provider 334012 fiscal year 2024. Same-city and external-geocode rows remain under review; no production promotion.",/Users/coryseidel/PersonalProjects/IdeaTests/LandInvest/output/institutional_anchor_provider_geocode_closeout_packet.csv,approve_same_zip_candidate_after_address_spotcheck,2026-06-04T15:35:17.159055+00:00,25,GREATER BINGHAMTON H.C.,NY,425 ROBINSON ST,BINGHAMTON,13901,,cms_county_blank,same_state_city_unique_matched_cms_rows,36007,"Broome County, New York",2,spot_check_same_city_candidate_before_assignment,held_or_rejected,not_same_zip_closeout_action; not_same_zip_candidate_method; candidate_confidence_below_0_86,False
514009,2024,assign_county,54011,"Cabell County, West Virginia",0.76,"Accepted report-only institutional-anchor CMS provider geocode closeout: same-state/same-ZIP unique matched CMS county assigned Cabell County, West Virginia (54011) for provider 514009 fiscal year 2024. Same-city and external-geocode rows remain under review; no production promotion.",/Users/coryseidel/PersonalProjects/IdeaTests/LandInvest/output/institutional_anchor_provider_geocode_closeout_packet.csv,approve_same_zip_candidate_after_address_spotcheck,2026-06-04T15:35:17.159055+00:00,26,MILDRED MITCHELL-BATEMAN HOSPITAL,WV,1530 NORWAY AVENUE,HUNTINGTON,25706,,cms_county_blank,same_state_city_unique_matched_cms_rows,54011,"Cabell County, West Virginia",6,spot_check_same_city_candidate_before_assignment,held_or_rejected,not_same_zip_closeout_action; not_same_zip_candidate_method; candidate_confidence_below_0_86,False
050747,2023,assign_county,06059,"Orange County, California",0.76,"Accepted report-only institutional-anchor CMS provider geocode closeout: same-state/same-ZIP unique matched CMS county assigned Orange County, California (06059) for provider 050747 fiscal year 2023. Same-city and external-geocode rows remain under review; no production promotion.",/Users/coryseidel/PersonalProjects/IdeaTests/LandInvest/output/institutional_anchor_provider_geocode_closeout_packet.csv,approve_same_zip_candidate_after_address_spotcheck,2026-06-04T15:35:17.159055+00:00,27,SOUTH COAST GLOBAL MEDICAL CENTER,CA,2710 SOUTH BRISTOL STREET,SANTA ANA,82701,,cms_county_blank,same_state_city_unique_matched_cms_rows,06059,"Orange County, California",1,spot_check_same_city_candidate_before_assignment,held_or_rejected,not_same_zip_closeout_action; not_same_zip_candidate_method; candidate_confidence_below_0_86,False
454064,2023,assign_county,48451,"Tom Green County, Texas",0.76,"Accepted report-only institutional-anchor CMS provider geocode closeout: same-state/same-ZIP unique matched CMS county assigned Tom Green County, Texas (48451) for provider 454064 fiscal year 2023. Same-city and external-geocode rows remain under review; no production promotion.",/Users/coryseidel/PersonalProjects/IdeaTests/LandInvest/output/institutional_anchor_provider_geocode_closeout_packet.csv,approve_same_zip_candidate_after_address_spotcheck,2026-06-04T15:35:17.159055+00:00,28,RIVER CREST HOSPITAL,TX,1636 HUNTERS GLEN RD,SAN ANGELO,76907,,cms_county_blank,same_state_city_unique_matched_cms_rows,48451,"Tom Green County, Texas",2,spot_check_same_city_candidate_before_assignment,held_or_rejected,not_same_zip_closeout_action; not_same_zip_candidate_method; candidate_confidence_below_0_86,False
054089,2024,assign_county,06075,"San Francisco County, California",0.76,"Accepted report-only institutional-anchor CMS provider geocode closeout: same-state/same-ZIP unique matched CMS county assigned San Francisco County, California (06075) for provider 054089 fiscal year 2024. Same-city and external-geocode rows remain under review; no production promotion.",/Users/coryseidel/PersonalProjects/IdeaTests/LandInvest/output/institutional_anchor_provider_geocode_closeout_packet.csv,approve_same_zip_candidate_after_address_spotcheck,2026-06-04T15:35:17.159055+00:00,29,JEWISH HOME FOR THE AGED,CA,302 SILVER AVENUE,SAN FRANCISCO,94112,,cms_county_blank,same_state_city_unique_matched_cms_rows,06075,"San Francisco County, California",12,spot_check_same_city_candidate_before_assignment,held_or_rejected,not_same_zip_closeout_action; not_same_zip_candidate_method; candidate_confidence_below_0_86,False
343025,2023,assign_county,37021,"Buncombe County, North Carolina",0.76,"Accepted report-only institutional-anchor CMS provider geocode closeout: same-state/same-ZIP unique matched CMS county assigned Buncombe County, North Carolina (37021) for provider 343025 fiscal year 2023. Same-city and external-geocode rows remain under review; no production promotion.",/Users/coryseidel/PersonalProjects/IdeaTests/LandInvest/output/institutional_anchor_provider_geocode_closeout_packet.csv,approve_same_zip_candidate_after_address_spotcheck,2026-06-04T15:35:17.159055+00:00,30,CAREPARTNERS REHAB HOSPITAL,NC,68 SWEETEN CREEK ROAD,ASHEVILLE,28803,,cms_county_blank,same_state_city_unique_matched_cms_rows,37021,"Buncombe County, North Carolina",2,spot_check_same_city_candidate_before_assignment,held_or_rejected,not_same_zip_closeout_action; not_same_zip_candidate_method; candidate_confidence_below_0_86,False
050708,2023,assign_county,06019,"Fresno County, California",0.76,"Accepted report-only institutional-anchor CMS provider geocode closeout: same-state/same-ZIP unique matched CMS county assigned Fresno County, California (06019) for provider 050708 fiscal year 2023. Same-city and external-geocode rows remain under review; no production promotion.",/Users/coryseidel/PersonalProjects/IdeaTests/LandInvest/output/institutional_anchor_provider_geocode_closeout_packet.csv,approve_same_zip_candidate_after_address_spotcheck,2026-06-04T15:35:17.159055+00:00,31,FRESNO SURGICAL HOSPITAL,CA,6125 NORTH FRESNO STREET,FRESNO,96710,,cms_county_blank,same_state_city_unique_matched_cms_rows,06019,"Fresno County, California",4,spot_check_same_city_candidate_before_assignment,held_or_rejected,not_same_zip_closeout_action; not_same_zip_candidate_method; candidate_confidence_below_0_86,False
212002,2024,assign_county,24043,"Washington County, Maryland",0.76,"Accepted report-only institutional-anchor CMS provider geocode closeout: same-state/same-ZIP unique matched CMS county assigned Washington County, Maryland (24043) for provider 212002 fiscal year 2024. Same-city and external-geocode rows remain under review; no production promotion.",/Users/coryseidel/PersonalProjects/IdeaTests/LandInvest/output/institutional_anchor_provider_geocode_closeout_packet.csv,approve_same_zip_candidate_after_address_spotcheck,2026-06-04T15:35:17.159055+00:00,32,WESTERN MARYLAND HOSPITAL CENTER,MD,1500 PENNSYLVANIA AVENUE,HAGERSTOWN,21740,,cms_county_blank,same_state_city_unique_matched_cms_rows,24043,"Washington County, Maryland",2,spot_check_same_city_candidate_before_assignment,held_or_rejected,not_same_zip_closeout_action; not_same_zip_candidate_method; candidate_confidence_below_0_86,False
670112,2024,assign_county,48029,"Bexar County, Texas",0.76,"Accepted report-only institutional-anchor CMS provider geocode closeout: same-state/same-ZIP unique matched CMS county assigned Bexar County, Texas (48029) for provider 670112 fiscal year 2024. Same-city and external-geocode rows remain under review; no production promotion.",/Users/coryseidel/PersonalProjects/IdeaTests/LandInvest/output/institutional_anchor_provider_geocode_closeout_packet.csv,approve_same_zip_candidate_after_address_spotcheck,2026-06-04T15:35:17.159055+00:00,33,CUMBERLAND SURGICAL HOSPITAL,TX,5330 NORTH LOOP 1604 WEST,SAN ANTONIO,78249,,cms_county_blank,same_state_city_unique_matched_cms_rows,48029,"Bexar County, Texas",21,spot_check_same_city_candidate_before_assignment,held_or_rejected,not_same_zip_closeout_action; not_same_zip_candidate_method; candidate_confidence_below_0_86,False
190044,2023,assign_county,22001,"Acadia Parish, Louisiana",0.76,"Accepted report-only institutional-anchor CMS provider geocode closeout: same-state/same-ZIP unique matched CMS county assigned Acadia Parish, Louisiana (22001) for provider 190044 fiscal year 2023. Same-city and external-geocode rows remain under review; no production promotion.",/Users/coryseidel/PersonalProjects/IdeaTests/LandInvest/output/institutional_anchor_provider_geocode_closeout_packet.csv,approve_same_zip_candidate_after_address_spotcheck,2026-06-04T15:35:17.159055+00:00,34,ACADIA GENERAL HOSPITAL,LA,190044,CROWLEY,70526,,cms_county_blank,same_state_city_unique_matched_cms_rows,22001,"Acadia Parish, Louisiana",1,spot_check_same_city_candidate_before_assignment,held_or_rejected,not_same_zip_closeout_action; not_same_zip_candidate_method; candidate_confidence_below_0_86,False
103052,2023,assign_county,12031,"Duval County, Florida",0.76,"Accepted report-only institutional-anchor CMS provider geocode closeout: same-state/same-ZIP unique matched CMS county assigned Duval County, Florida (12031) for provider 103052 fiscal year 2023. Same-city and external-geocode rows remain under review; no production promotion.",/Users/coryseidel/PersonalProjects/IdeaTests/LandInvest/output/institutional_anchor_provider_geocode_closeout_packet.csv,approve_same_zip_candidate_after_address_spotcheck,2026-06-04T15:35:17.159055+00:00,35,ENCOMPASS HEALTH REHABILITATION HOSP,FL,11595 BURNT MILL ROAD,JACKSONVILLE,32256,,cms_county_blank,same_state_city_unique_matched_cms_rows,12031,"Duval County, Florida",10,spot_check_same_city_candidate_before_assignment,held_or_rejected,not_same_zip_closeout_action; not_same_zip_candidate_method; candidate_confidence_below_0_86,False
393036,2024,assign_county,42079,"Luzerne County, Pennsylvania",0.76,"Accepted report-only institutional-anchor CMS provider geocode closeout: same-state/same-ZIP unique matched CMS county assigned Luzerne County, Pennsylvania (42079) for provider 393036 fiscal year 2024. Same-city and external-geocode rows remain under review; no production promotion.",/Users/coryseidel/PersonalProjects/IdeaTests/LandInvest/output/institutional_anchor_provider_geocode_closeout_packet.csv,approve_same_zip_candidate_after_address_spotcheck,2026-06-04T15:35:17.159055+00:00,36,JOHN HEINZ INSTIT. OF REHAB MEDICINE,PA,150 MUNDY ST,WILKES-BARRE,18436,,cms_county_blank,same_state_city_unique_matched_cms_rows,42079,"Luzerne County, Pennsylvania",1,spot_check_same_city_candidate_before_assignment,held_or_rejected,not_same_zip_closeout_action; not_same_zip_candidate_method; candidate_confidence_below_0_86,False
190116,2024,assign_county,22067,"Morehouse Parish, Louisiana",0.76,"Accepted report-only institutional-anchor CMS provider geocode closeout: same-state/same-ZIP unique matched CMS county assigned Morehouse Parish, Louisiana (22067) for provider 190116 fiscal year 2024. Same-city and external-geocode rows remain under review; no production promotion.",/Users/coryseidel/PersonalProjects/IdeaTests/LandInvest/output/institutional_anchor_provider_geocode_closeout_packet.csv,approve_same_zip_candidate_after_address_spotcheck,2026-06-04T15:35:17.159055+00:00,37,MOREHOUSE GENERAL HOSPITAL,LA,323 W. WALNUT STREET,BASTROP,71121,,cms_county_blank,same_state_city_unique_matched_cms_rows,22067,"Morehouse Parish, Louisiana",2,spot_check_same_city_candidate_before_assignment,held_or_rejected,not_same_zip_closeout_action; not_same_zip_candidate_method; candidate_confidence_below_0_86,False
670265,2024,assign_county,48121,"Denton County, Texas",0.76,"Accepted report-only institutional-anchor CMS provider geocode closeout: same-state/same-ZIP unique matched CMS county assigned Denton County, Texas (48121) for provider 670265 fiscal year 2024. Same-city and external-geocode rows remain under review; no production promotion.",/Users/coryseidel/PersonalProjects/IdeaTests/LandInvest/output/institutional_anchor_provider_geocode_closeout_packet.csv,approve_same_zip_candidate_after_address_spotcheck,2026-06-04T15:35:17.159055+00:00,38,LEGENT ORTHOPEDIC HOSPITAL CARROLLTO,TX,1401 EAST TRINITY MILLS ROAD,CARROLLTON,75007,,cms_county_blank,same_state_city_unique_matched_cms_rows,48121,"Denton County, Texas",2,spot_check_same_city_candidate_before_assignment,held_or_rejected,not_same_zip_closeout_action; not_same_zip_candidate_method; candidate_confidence_below_0_86,False
670136,2023,assign_county,48453,"Travis County, Texas",0.76,"Accepted report-only institutional-anchor CMS provider geocode closeout: same-state/same-ZIP unique matched CMS county assigned Travis County, Texas (48453) for provider 670136 fiscal year 2023. Same-city and external-geocode rows remain under review; no production promotion.",/Users/coryseidel/PersonalProjects/IdeaTests/LandInvest/output/institutional_anchor_provider_geocode_closeout_packet.csv,approve_same_zip_candidate_after_address_spotcheck,2026-06-04T15:35:17.159055+00:00,39,BSW MEDICAL CENTER - AUSTIN,TX,5245 W US 290,AUSTIN,78735,,cms_county_blank,same_state_city_unique_matched_cms_rows,48453,"Travis County, Texas",17,spot_check_same_city_candidate_before_assignment,held_or_rejected,not_same_zip_closeout_action; not_same_zip_candidate_method; candidate_confidence_below_0_86,False
054149,2024,assign_county,06001,"Alameda County, California",0.76,"Accepted report-only institutional-anchor CMS provider geocode closeout: same-state/same-ZIP unique matched CMS county assigned Alameda County, California (06001) for provider 054149 fiscal year 2024. Same-city and external-geocode rows remain under review; no production promotion.",/Users/coryseidel/PersonalProjects/IdeaTests/LandInvest/output/institutional_anchor_provider_geocode_closeout_packet.csv,approve_same_zip_candidate_after_address_spotcheck,2026-06-04T15:35:17.159055+00:00,40,WILLOW ROCK CENTER,CA,22050 FAIRMONT DRIVE,SAN LEANDRO,94578,,cms_county_blank,same_state_city_unique_matched_cms_rows,06001,"Alameda County, California",2,spot_check_same_city_candidate_before_assignment,held_or_rejected,not_same_zip_closeout_action; not_same_zip_candidate_method; candidate_confidence_below_0_86,False
213300,2024,assign_county,24005,"Baltimore County, Maryland",0.76,"Accepted report-only institutional-anchor CMS provider geocode closeout: same-state/same-ZIP unique matched CMS county assigned Baltimore County, Maryland (24005) for provider 213300 fiscal year 2024. Same-city and external-geocode rows remain under review; no production promotion.",/Users/coryseidel/PersonalProjects/IdeaTests/LandInvest/output/institutional_anchor_provider_geocode_closeout_packet.csv,approve_same_zip_candidate_after_address_spotcheck,2026-06-04T15:35:17.159055+00:00,41,MT WASHINGTON PEDIATRICS,MD,1708 WEST ROGERS AVENUE,BALTIMORE,21209,,cms_county_blank,same_state_city_unique_matched_cms_rows,24005,"Baltimore County, Maryland",12,spot_check_same_city_candidate_before_assignment,held_or_rejected,not_same_zip_closeout_action; not_same_zip_candidate_method; candidate_confidence_below_0_86,False
443303,2024,assign_county,47093,"Knox County, Tennessee",0.76,"Accepted report-only institutional-anchor CMS provider geocode closeout: same-state/same-ZIP unique matched CMS county assigned Knox County, Tennessee (47093) for provider 443303 fiscal year 2024. Same-city and external-geocode rows remain under review; no production promotion.",/Users/coryseidel/PersonalProjects/IdeaTests/LandInvest/output/institutional_anchor_provider_geocode_closeout_packet.csv,approve_same_zip_candidate_after_address_spotcheck,2026-06-04T15:35:17.159055+00:00,42,EAST TENNESSEE CHILDRENS HOSPITAL,TN,2018 CLINCH AVENUE,KNOXVILLE,37901,,cms_county_blank,same_state_city_unique_matched_cms_rows,47093,"Knox County, Tennessee",9,spot_check_same_city_candidate_before_assignment,held_or_rejected,not_same_zip_closeout_action; not_same_zip_candidate_method; candidate_confidence_below_0_86,False
400016,2023,assign_county,72127,San Juan Muno,0.76,Accepted report-only institutional-anchor CMS provider geocode closeout: same-state/same-ZIP unique matched CMS county assigned San Juan Muno (72127) for provider 400016 fiscal year 2023. Same-city and external-geocode rows remain under review; no production promotion.,/Users/coryseidel/PersonalProjects/IdeaTests/LandInvest/output/institutional_anchor_provider_geocode_closeout_packet.csv,approve_same_zip_candidate_after_address_spotcheck,2026-06-04T15:35:17.159055+00:00,43,AUXILIO MUTUO HOSPITAL,PR,PONCE DE LEON,SAN JUAN,00919,,cms_county_blank,same_state_city_unique_matched_cms_rows,72127,San Juan Muno,3,spot_check_same_city_candidate_before_assignment,held_or_rejected,not_same_zip_closeout_action; not_same_zip_candidate_method; candidate_confidence_below_0_86,False
400044,2023,assign_county,72113,Ponce Muno,0.76,Accepted report-only institutional-anchor CMS provider geocode closeout: same-state/same-ZIP unique matched CMS county assigned Ponce Muno (72113) for provider 400044 fiscal year 2023. Same-city and external-geocode rows remain under review; no production promotion.,/Users/coryseidel/PersonalProjects/IdeaTests/LandInvest/output/institutional_anchor_provider_geocode_closeout_packet.csv,approve_same_zip_candidate_after_address_spotcheck,2026-06-04T15:35:17.159055+00:00,44,SAN LUCAS PONCE,PR,917 AVE TITO CASTRO,PONCE,00733,,cms_county_blank,same_state_city_unique_matched_cms_rows,72113,Ponce Muno,3,spot_check_same_city_candidate_before_assignment,held_or_rejected,not_same_zip_closeout_action; not_same_zip_candidate_method; candidate_confidence_below_0_86,False
400061,2024,assign_county,72127,San Juan Muno,0.76,Accepted report-only institutional-anchor CMS provider geocode closeout: same-state/same-ZIP unique matched CMS county assigned San Juan Muno (72127) for provider 400061 fiscal year 2024. Same-city and external-geocode rows remain under review; no production promotion.,/Users/coryseidel/PersonalProjects/IdeaTests/LandInvest/output/institutional_anchor_provider_geocode_closeout_packet.csv,approve_same_zip_candidate_after_address_spotcheck,2026-06-04T15:35:17.159055+00:00,45,UNIVERSITY DISCTRICT HOSPITAL,PR,BO. MONACILLO,SAN JUAN,00922,PUERTO RICO,county_text_unmatched,same_state_city_unique_matched_cms_rows,72127,San Juan Muno,3,spot_check_same_city_candidate_before_assignment,held_or_rejected,not_same_zip_closeout_action; not_same_zip_candidate_method; candidate_confidence_below_0_86,False
400001,2024,assign_county,72127,San Juan Muno,0.76,Accepted report-only institutional-anchor CMS provider geocode closeout: same-state/same-ZIP unique matched CMS county assigned San Juan Muno (72127) for provider 400001 fiscal year 2024. Same-city and external-geocode rows remain under review; no production promotion.,/Users/coryseidel/PersonalProjects/IdeaTests/LandInvest/output/institutional_anchor_provider_geocode_closeout_packet.csv,approve_same_zip_candidate_after_address_spotcheck,2026-06-04T15:35:17.159055+00:00,46,ASHFORD PRESBYTERIAN COMMUNITY CORP,PR,1451 ASHFORD AVE.,SAN JUAN,00902,,cms_county_blank,same_state_city_unique_matched_cms_rows,72127,San Juan Muno,3,spot_check_same_city_candidate_before_assignment,held_or_rejected,not_same_zip_closeout_action; not_same_zip_candidate_method; candidate_confidence_below_0_86,False
400015,2024,assign_county,72127,San Juan Muno,0.76,Accepted report-only institutional-anchor CMS provider geocode closeout: same-state/same-ZIP unique matched CMS county assigned San Juan Muno (72127) for provider 400015 fiscal year 2024. Same-city and external-geocode rows remain under review; no production promotion.,/Users/coryseidel/PersonalProjects/IdeaTests/LandInvest/output/institutional_anchor_provider_geocode_closeout_packet.csv,approve_same_zip_candidate_after_address_spotcheck,2026-06-04T15:35:17.159055+00:00,47,SAN JUAN MUNICIPAL HOSPITAL,PR,RIO PIEDRAS STATION,SAN JUAN,00928,,cms_county_blank,same_state_city_unique_matched_cms_rows,72127,San Juan Muno,3,spot_check_same_city_candidate_before_assignment,held_or_rejected,not_same_zip_closeout_action; not_same_zip_candidate_method; candidate_confidence_below_0_86,False
400098,2023,assign_county,72127,San Juan Muno,0.76,Accepted report-only institutional-anchor CMS provider geocode closeout: same-state/same-ZIP unique matched CMS county assigned San Juan Muno (72127) for provider 400098 fiscal year 2023. Same-city and external-geocode rows remain under review; no production promotion.,/Users/coryseidel/PersonalProjects/IdeaTests/LandInvest/output/institutional_anchor_provider_geocode_closeout_packet.csv,approve_same_zip_candidate_after_address_spotcheck,2026-06-04T15:35:17.159055+00:00,48,HOSPITAL SAN FRANCISCO,PR,DE DIEGO AVE. #371,RIO PIEDRAS,00923,RIO PIEDRAS,county_text_unmatched,same_state_city_unique_matched_cms_rows,72127,San Juan Muno,1,spot_check_same_city_candidate_before_assignment,held_or_rejected,not_same_zip_closeout_action; not_same_zip_candidate_method; candidate_confidence_below_0_86,False
400127,2024,assign_county,72127,San Juan Muno,0.76,Accepted report-only institutional-anchor CMS provider geocode closeout: same-state/same-ZIP unique matched CMS county assigned San Juan Muno (72127) for provider 400127 fiscal year 2024. Same-city and external-geocode rows remain under review; no production promotion.,/Users/coryseidel/PersonalProjects/IdeaTests/LandInvest/output/institutional_anchor_provider_geocode_closeout_packet.csv,approve_same_zip_candidate_after_address_spotcheck,2026-06-04T15:35:17.159055+00:00,49,ADMIN DE SERVICIOS MEDICOS DE PR,PR,CENTRO MEDICO,SAN JUAN,00922,,cms_county_blank,same_state_city_unique_matched_cms_rows,72127,San Juan Muno,3,spot_check_same_city_candidate_before_assignment,held_or_rejected,not_same_zip_closeout_action; not_same_zip_candidate_method; candidate_confidence_below_0_86,False
400106,2023,assign_county,72127,San Juan Muno,0.76,Accepted report-only institutional-anchor CMS provider geocode closeout: same-state/same-ZIP unique matched CMS county assigned San Juan Muno (72127) for provider 400106 fiscal year 2023. Same-city and external-geocode rows remain under review; no production promotion.,/Users/coryseidel/PersonalProjects/IdeaTests/LandInvest/output/institutional_anchor_provider_geocode_closeout_packet.csv,approve_same_zip_candidate_after_address_spotcheck,2026-06-04T15:35:17.159055+00:00,50,HOSPITAL METROPOLITANO,PR,21 #1785,RIO PIEDRAS,00922,,cms_county_blank,same_state_city_unique_matched_cms_rows,72127,San Juan Muno,1,spot_check_same_city_candidate_before_assignment,held_or_rejected,not_same_zip_closeout_action; not_same_zip_candidate_method; candidate_confidence_below_0_86,False
400022,2023,assign_county,72113,Ponce Muno,0.76,Accepted report-only institutional-anchor CMS provider geocode closeout: same-state/same-ZIP unique matched CMS county assigned Ponce Muno (72113) for provider 400022 fiscal year 2023. Same-city and external-geocode rows remain under review; no production promotion.,/Users/coryseidel/PersonalProjects/IdeaTests/LandInvest/output/institutional_anchor_provider_geocode_closeout_packet.csv,approve_same_zip_candidate_after_address_spotcheck,2026-06-04T15:35:17.159055+00:00,51,HOSPITAL DAMAS,PR,2213 PONCE BY PASS,PONCE,00717,,cms_county_blank,same_state_city_unique_matched_cms_rows,72113,Ponce Muno,3,spot_check_same_city_candidate_before_assignment,held_or_rejected,not_same_zip_closeout_action; not_same_zip_candidate_method; candidate_confidence_below_0_86,False
224045,2023,assign_county,25027,"Worcester County, Massachusetts",0.76,"Accepted report-only institutional-anchor CMS provider geocode closeout: same-state/same-ZIP unique matched CMS county assigned Worcester County, Massachusetts (25027) for provider 224045 fiscal year 2023. Same-city and external-geocode rows remain under review; no production promotion.",/Users/coryseidel/PersonalProjects/IdeaTests/LandInvest/output/institutional_anchor_provider_geocode_closeout_packet.csv,approve_same_zip_candidate_after_address_spotcheck,2026-06-04T15:35:17.159055+00:00,52,HOSPITAL FOR BEHAVIORAL MEDICINE,MA,100 CENTURY DR,WORCESTER,01606,COLES,county_text_unmatched,same_state_city_unique_matched_cms_rows,25027,"Worcester County, Massachusetts",5,spot_check_same_city_candidate_before_assignment,held_or_rejected,not_same_zip_closeout_action; not_same_zip_candidate_method; candidate_confidence_below_0_86,False
400003,2023,assign_county,72113,Ponce Muno,0.76,Accepted report-only institutional-anchor CMS provider geocode closeout: same-state/same-ZIP unique matched CMS county assigned Ponce Muno (72113) for provider 400003 fiscal year 2023. Same-city and external-geocode rows remain under review; no production promotion.,/Users/coryseidel/PersonalProjects/IdeaTests/LandInvest/output/institutional_anchor_provider_geocode_closeout_packet.csv,approve_same_zip_candidate_after_address_spotcheck,2026-06-04T15:35:17.159055+00:00,53,HOSPITAL DR. PILA,PR,2445 AVE. LAS AMERICAS,PONCE,00731,,cms_county_blank,same_state_city_unique_matched_cms_rows,72113,Ponce Muno,3,spot_check_same_city_candidate_before_assignment,held_or_rejected,not_same_zip_closeout_action; not_same_zip_candidate_method; candidate_confidence_below_0_86,False
400006,2023,assign_county,72127,San Juan Muno,0.76,Accepted report-only institutional-anchor CMS provider geocode closeout: same-state/same-ZIP unique matched CMS county assigned San Juan Muno (72127) for provider 400006 fiscal year 2023. Same-city and external-geocode rows remain under review; no production promotion.,/Users/coryseidel/PersonalProjects/IdeaTests/LandInvest/output/institutional_anchor_provider_geocode_closeout_packet.csv,approve_same_zip_candidate_after_address_spotcheck,2026-06-04T15:35:17.159055+00:00,54,DOCTORS CENTER HOSPITAL SAN JUAN I,PR,1395 SAN RAFAEL ST. PDA. 20,SAN JUAN,00910,,cms_county_blank,same_state_city_unique_matched_cms_rows,72127,San Juan Muno,3,spot_check_same_city_candidate_before_assignment,held_or_rejected,not_same_zip_closeout_action; not_same_zip_candidate_method; candidate_confidence_below_0_86,False
450874,2023,assign_county,48113,"Dallas County, Texas",0.76,"Accepted report-only institutional-anchor CMS provider geocode closeout: same-state/same-ZIP unique matched CMS county assigned Dallas County, Texas (48113) for provider 450874 fiscal year 2023. Same-city and external-geocode rows remain under review; no production promotion.",/Users/coryseidel/PersonalProjects/IdeaTests/LandInvest/output/institutional_anchor_provider_geocode_closeout_packet.csv,approve_same_zip_candidate_after_address_spotcheck,2026-06-04T15:35:17.159055+00:00,55,BAYLOR SURGICAL HOSPITAL LAS COLINAS,TX,400 W I-635 SUITE 101,IRVING,75063,IRVING,county_text_unmatched,same_state_city_unique_matched_cms_rows,48113,"Dallas County, Texas",1,spot_check_same_city_candidate_before_assignment,held_or_rejected,not_same_zip_closeout_action; not_same_zip_candidate_method; candidate_confidence_below_0_86,False
400134,2023,assign_county,72127,San Juan Muno,0.76,Accepted report-only institutional-anchor CMS provider geocode closeout: same-state/same-ZIP unique matched CMS county assigned San Juan Muno (72127) for provider 400134 fiscal year 2023. Same-city and external-geocode rows remain under review; no production promotion.,/Users/coryseidel/PersonalProjects/IdeaTests/LandInvest/output/institutional_anchor_provider_geocode_closeout_packet.csv,approve_same_zip_candidate_after_address_spotcheck,2026-06-04T15:35:17.159055+00:00,56,SAN JORGE CHILDRENS & WOMEN HOSPITAL,PR,258 SAN JORGE STREET,SAN JUAN,00914,,cms_county_blank,same_state_city_unique_matched_cms_rows,72127,San Juan Muno,3,spot_check_same_city_candidate_before_assignment,held_or_rejected,not_same_zip_closeout_action; not_same_zip_candidate_method; candidate_confidence_below_0_86,False
403301,2024,assign_county,72127,San Juan Muno,0.76,Accepted report-only institutional-anchor CMS provider geocode closeout: same-state/same-ZIP unique matched CMS county assigned San Juan Muno (72127) for provider 403301 fiscal year 2024. Same-city and external-geocode rows remain under review; no production promotion.,/Users/coryseidel/PersonalProjects/IdeaTests/LandInvest/output/institutional_anchor_provider_geocode_closeout_packet.csv,approve_same_zip_candidate_after_address_spotcheck,2026-06-04T15:35:17.159055+00:00,57,UNIVERSITY PEDIATRIC HOSPITAL,PR,PO BOX 191079,SAN JUAN,00910,,cms_county_blank,same_state_city_unique_matched_cms_rows,72127,San Juan Muno,3,spot_check_same_city_candidate_before_assignment,held_or_rejected,not_same_zip_closeout_action; not_same_zip_candidate_method; candidate_confidence_below_0_86,False
050224,2023,assign_county,,,0.0,Accepted report-only institutional-anchor CMS provider geocode closeout: same-state/same-ZIP unique matched CMS county assigned  () for provider 050224 fiscal year 2023. Same-city and external-geocode rows remain under review; no production promotion.,/Users/coryseidel/PersonalProjects/IdeaTests/LandInvest/output/institutional_anchor_provider_geocode_closeout_packet.csv,approve_same_zip_candidate_after_address_spotcheck,2026-06-04T15:35:17.159055+00:00,58,HOAG MEMORIAL HOSPITAL PRESBYTERIAN,CA,ONE HOAG DRIVE,NEWPORT BEACH,92658,,cms_county_blank,external_geocode_required,,,0,external_geocode_required,held_or_rejected,not_same_zip_closeout_action; not_same_zip_candidate_method; suggested_fips_not_in_county_lookup; candidate_confidence_below_0_86,False
050367,2023,assign_county,,,0.0,Accepted report-only institutional-anchor CMS provider geocode closeout: same-state/same-ZIP unique matched CMS county assigned  () for provider 050367 fiscal year 2023. Same-city and external-geocode rows remain under review; no production promotion.,/Users/coryseidel/PersonalProjects/IdeaTests/LandInvest/output/institutional_anchor_provider_geocode_closeout_packet.csv,approve_same_zip_candidate_after_address_spotcheck,2026-06-04T15:35:17.159055+00:00,59,NORTHBAY HOSPITAL GROUP,CA,1200 B. GALE WILSON BLVD,FAIRFIELD,94533,,cms_county_blank,external_geocode_required,,,0,external_geocode_required,held_or_rejected,not_same_zip_closeout_action; not_same_zip_candidate_method; suggested_fips_not_in_county_lookup; candidate_confidence_below_0_86,False
390180,2023,assign_county,,,0.0,Accepted report-only institutional-anchor CMS provider geocode closeout: same-state/same-ZIP unique matched CMS county assigned  () for provider 390180 fiscal year 2023. Same-city and external-geocode rows remain under review; no production promotion.,/Users/coryseidel/PersonalProjects/IdeaTests/LandInvest/output/institutional_anchor_provider_geocode_closeout_packet.csv,approve_same_zip_candidate_after_address_spotcheck,2026-06-04T15:35:17.159055+00:00,60,CROZER CHESTER MEDICAL CENTER,PA,ONE MEDICAL CENTER BLVD.,UPLAND,19013,,cms_county_blank,external_geocode_required,,,0,external_geocode_required,held_or_rejected,not_same_zip_closeout_action; not_same_zip_candidate_method; suggested_fips_not_in_county_lookup; candidate_confidence_below_0_86,False
250141,2023,assign_county,,,0.0,Accepted report-only institutional-anchor CMS provider geocode closeout: same-state/same-ZIP unique matched CMS county assigned  () for provider 250141 fiscal year 2023. Same-city and external-geocode rows remain under review; no production promotion.,/Users/coryseidel/PersonalProjects/IdeaTests/LandInvest/output/institutional_anchor_provider_geocode_closeout_packet.csv,approve_same_zip_candidate_after_address_spotcheck,2026-06-04T15:35:17.159055+00:00,61,BAPTIST MEM HOSPITAL DESOTO,MS,7601 SOUTHCREST,SOUTHAVEN,38671,,cms_county_blank,external_geocode_required,,,0,external_geocode_required,held_or_rejected,not_same_zip_closeout_action; not_same_zip_candidate_method; suggested_fips_not_in_county_lookup; candidate_confidence_below_0_86,False
500036,2023,assign_county,,,0.0,Accepted report-only institutional-anchor CMS provider geocode closeout: same-state/same-ZIP unique matched CMS county assigned  () for provider 500036 fiscal year 2023. Same-city and external-geocode rows remain under review; no production promotion.,/Users/coryseidel/PersonalProjects/IdeaTests/LandInvest/output/institutional_anchor_provider_geocode_closeout_packet.csv,approve_same_zip_candidate_after_address_spotcheck,2026-06-04T15:35:17.159055+00:00,62,YAKIMA VALLEY MEMORIAL HOSPITAL,WA,2811 TIETON DRIVE,YAKIMA,98902,,cms_county_blank,external_geocode_required,,,0,external_geocode_required,held_or_rejected,not_same_zip_closeout_action; not_same_zip_candidate_method; suggested_fips_not_in_county_lookup; candidate_confidence_below_0_86,False
100189,2023,assign_county,,,0.0,Accepted report-only institutional-anchor CMS provider geocode closeout: same-state/same-ZIP unique matched CMS county assigned  () for provider 100189 fiscal year 2023. Same-city and external-geocode rows remain under review; no production promotion.,/Users/coryseidel/PersonalProjects/IdeaTests/LandInvest/output/institutional_anchor_provider_geocode_closeout_packet.csv,approve_same_zip_candidate_after_address_spotcheck,2026-06-04T15:35:17.159055+00:00,63,HCA FLORIDA NORTHWEST HOSPITAL,FL,2801 NORTH STATE ROAD 7,MARGATE,33063,,cms_county_blank,external_geocode_required,,,0,external_geocode_required,held_or_rejected,not_same_zip_closeout_action; not_same_zip_candidate_method; suggested_fips_not_in_county_lookup; candidate_confidence_below_0_86,False
230151,2023,assign_county,,,0.0,Accepted report-only institutional-anchor CMS provider geocode closeout: same-state/same-ZIP unique matched CMS county assigned  () for provider 230151 fiscal year 2023. Same-city and external-geocode rows remain under review; no production promotion.,/Users/coryseidel/PersonalProjects/IdeaTests/LandInvest/output/institutional_anchor_provider_geocode_closeout_packet.csv,approve_same_zip_candidate_after_address_spotcheck,2026-06-04T15:35:17.159055+00:00,64,COREWELL HEALTH- FARMINGTON HILLS,MI,28050 GRAND RIVER,FARMINGTON HILLS,48336,,cms_county_blank,external_geocode_required,,,0,external_geocode_required,held_or_rejected,not_same_zip_closeout_action; not_same_zip_candidate_method; suggested_fips_not_in_county_lookup; candidate_confidence_below_0_86,False
100269,2024,assign_county,,,0.0,Accepted report-only institutional-anchor CMS provider geocode closeout: same-state/same-ZIP unique matched CMS county assigned  () for provider 100269 fiscal year 2024. Same-city and external-geocode rows remain under review; no production promotion.,/Users/coryseidel/PersonalProjects/IdeaTests/LandInvest/output/institutional_anchor_provider_geocode_closeout_packet.csv,approve_same_zip_candidate_after_address_spotcheck,2026-06-04T15:35:17.159055+00:00,65,HCA FLORIDA PALMS WEST HOSPITAL,FL,13001 STATE ROAD 80,LOXAHATCHEE,33470,,cms_county_blank,external_geocode_required,,,0,external_geocode_required,held_or_rejected,not_same_zip_closeout_action; not_same_zip_candidate_method; suggested_fips_not_in_county_lookup; candidate_confidence_below_0_86,False
220084,2023,assign_county,,,0.0,Accepted report-only institutional-anchor CMS provider geocode closeout: same-state/same-ZIP unique matched CMS county assigned  () for provider 220084 fiscal year 2023. Same-city and external-geocode rows remain under review; no production promotion.,/Users/coryseidel/PersonalProjects/IdeaTests/LandInvest/output/institutional_anchor_provider_geocode_closeout_packet.csv,approve_same_zip_candidate_after_address_spotcheck,2026-06-04T15:35:17.159055+00:00,66,EMERSON HOSPITAL,MA,113 ORNC,CONCORD,01742,,cms_county_blank,external_geocode_required,,,0,external_geocode_required,held_or_rejected,not_same_zip_closeout_action; not_same_zip_candidate_method; suggested_fips_not_in_county_lookup; candidate_confidence_below_0_86,False
264010,2024,assign_county,,,0.0,Accepted report-only institutional-anchor CMS provider geocode closeout: same-state/same-ZIP unique matched CMS county assigned  () for provider 264010 fiscal year 2024. Same-city and external-geocode rows remain under review; no production promotion.,/Users/coryseidel/PersonalProjects/IdeaTests/LandInvest/output/institutional_anchor_provider_geocode_closeout_packet.csv,approve_same_zip_candidate_after_address_spotcheck,2026-06-04T15:35:17.159055+00:00,67,ST. LOUIS FORENSIC TREATMENT CENTER,MO,500 ARSENAL STREET,ST.LOUIS,63119,,cms_county_blank,external_geocode_required,,,0,external_geocode_required,held_or_rejected,not_same_zip_closeout_action; not_same_zip_candidate_method; suggested_fips_not_in_county_lookup; candidate_confidence_below_0_86,False
140054,2024,assign_county,,,0.0,Accepted report-only institutional-anchor CMS provider geocode closeout: same-state/same-ZIP unique matched CMS county assigned  () for provider 140054 fiscal year 2024. Same-city and external-geocode rows remain under review; no production promotion.,/Users/coryseidel/PersonalProjects/IdeaTests/LandInvest/output/institutional_anchor_provider_geocode_closeout_packet.csv,approve_same_zip_candidate_after_address_spotcheck,2026-06-04T15:35:17.159055+00:00,68,MACNEAL HOSPITAL,IL,3249 SOUTH OAK PARK AVENUE,BERWYN,60402,,cms_county_blank,external_geocode_required,,,0,external_geocode_required,held_or_rejected,not_same_zip_closeout_action; not_same_zip_candidate_method; suggested_fips_not_in_county_lookup; candidate_confidence_below_0_86,False
150015,2023,assign_county,,,0.0,Accepted report-only institutional-anchor CMS provider geocode closeout: same-state/same-ZIP unique matched CMS county assigned  () for provider 150015 fiscal year 2023. Same-city and external-geocode rows remain under review; no production promotion.,/Users/coryseidel/PersonalProjects/IdeaTests/LandInvest/output/institutional_anchor_provider_geocode_closeout_packet.csv,approve_same_zip_candidate_after_address_spotcheck,2026-06-04T15:35:17.159055+00:00,69,FRANCISCAN HEALTH MICHIGAN CITY,IN,3500 FRANCISCAN WAY,MICHIGAN CITY,46360,,cms_county_blank,external_geocode_required,,,0,external_geocode_required,held_or_rejected,not_same_zip_closeout_action; not_same_zip_candidate_method; suggested_fips_not_in_county_lookup; candidate_confidence_below_0_86,False
140164,2024,assign_county,,,0.0,Accepted report-only institutional-anchor CMS provider geocode closeout: same-state/same-ZIP unique matched CMS county assigned  () for provider 140164 fiscal year 2024. Same-city and external-geocode rows remain under review; no production promotion.,/Users/coryseidel/PersonalProjects/IdeaTests/LandInvest/output/institutional_anchor_provider_geocode_closeout_packet.csv,approve_same_zip_candidate_after_address_spotcheck,2026-06-04T15:35:17.159055+00:00,70,MEMORIAL HOSPITAL OF CARBONDALE,IL,405 W. JACKSON ST.,CARBONDALE,62902,,cms_county_blank,external_geocode_required,,,0,external_geocode_required,held_or_rejected,not_same_zip_closeout_action; not_same_zip_candidate_method; suggested_fips_not_in_county_lookup; candidate_confidence_below_0_86,False
110192,2024,assign_county,,,0.0,Accepted report-only institutional-anchor CMS provider geocode closeout: same-state/same-ZIP unique matched CMS county assigned  () for provider 110192 fiscal year 2024. Same-city and external-geocode rows remain under review; no production promotion.,/Users/coryseidel/PersonalProjects/IdeaTests/LandInvest/output/institutional_anchor_provider_geocode_closeout_packet.csv,approve_same_zip_candidate_after_address_spotcheck,2026-06-04T15:35:17.159055+00:00,71,PIEDMONT EASTSIDE MEDICAL CENTER,GA,1700 MEDICAL WAY,SNELLVILLE,30278,,cms_county_blank,external_geocode_required,,,0,external_geocode_required,held_or_rejected,not_same_zip_closeout_action; not_same_zip_candidate_method; suggested_fips_not_in_county_lookup; candidate_confidence_below_0_86,False
100224,2024,assign_county,,,0.0,Accepted report-only institutional-anchor CMS provider geocode closeout: same-state/same-ZIP unique matched CMS county assigned  () for provider 100224 fiscal year 2024. Same-city and external-geocode rows remain under review; no production promotion.,/Users/coryseidel/PersonalProjects/IdeaTests/LandInvest/output/institutional_anchor_provider_geocode_closeout_packet.csv,approve_same_zip_candidate_after_address_spotcheck,2026-06-04T15:35:17.159055+00:00,72,HCA FLORIDA WOODMONT HOSPITAL,FL,7201 UNIVERSITY DRIVE,TAMARAC,33321,,cms_county_blank,external_geocode_required,,,0,external_geocode_required,held_or_rejected,not_same_zip_closeout_action; not_same_zip_candidate_method; suggested_fips_not_in_county_lookup; candidate_confidence_below_0_86,False
440068,2023,assign_county,,,0.0,Accepted report-only institutional-anchor CMS provider geocode closeout: same-state/same-ZIP unique matched CMS county assigned  () for provider 440068 fiscal year 2023. Same-city and external-geocode rows remain under review; no production promotion.,/Users/coryseidel/PersonalProjects/IdeaTests/LandInvest/output/institutional_anchor_provider_geocode_closeout_packet.csv,approve_same_zip_candidate_after_address_spotcheck,2026-06-04T15:35:17.159055+00:00,73,ATHENS REGIONAL MEDICAL CENTER,TN,1114 MADISON AVENUE,ATHENS,37303,,cms_county_blank,external_geocode_required,,,0,external_geocode_required,held_or_rejected,not_same_zip_closeout_action; not_same_zip_candidate_method; suggested_fips_not_in_county_lookup; candidate_confidence_below_0_86,False
450669,2024,assign_county,,,0.0,Accepted report-only institutional-anchor CMS provider geocode closeout: same-state/same-ZIP unique matched CMS county assigned  () for provider 450669 fiscal year 2024. Same-city and external-geocode rows remain under review; no production promotion.,/Users/coryseidel/PersonalProjects/IdeaTests/LandInvest/output/institutional_anchor_provider_geocode_closeout_packet.csv,approve_same_zip_candidate_after_address_spotcheck,2026-06-04T15:35:17.159055+00:00,74,MEDICAL CITY LEWISVILLE,TX,500 WEST MAIN,LEWISVILLE,75067,,cms_county_blank,external_geocode_required,,,0,external_geocode_required,held_or_rejected,not_same_zip_closeout_action; not_same_zip_candidate_method; suggested_fips_not_in_county_lookup; candidate_confidence_below_0_86,False
230099,2023,assign_county,,,0.0,Accepted report-only institutional-anchor CMS provider geocode closeout: same-state/same-ZIP unique matched CMS county assigned  () for provider 230099 fiscal year 2023. Same-city and external-geocode rows remain under review; no production promotion.,/Users/coryseidel/PersonalProjects/IdeaTests/LandInvest/output/institutional_anchor_provider_geocode_closeout_packet.csv,approve_same_zip_candidate_after_address_spotcheck,2026-06-04T15:35:17.159055+00:00,75,MONROE REGIONAL HOSPITAL,MI,718 NORTH MACOMB,MONROE,48162,,cms_county_blank,external_geocode_required,,,0,external_geocode_required,held_or_rejected,not_same_zip_closeout_action; not_same_zip_candidate_method; suggested_fips_not_in_county_lookup; candidate_confidence_below_0_86,False
440194,2024,assign_county,,,0.0,Accepted report-only institutional-anchor CMS provider geocode closeout: same-state/same-ZIP unique matched CMS county assigned  () for provider 440194 fiscal year 2024. Same-city and external-geocode rows remain under review; no production promotion.,/Users/coryseidel/PersonalProjects/IdeaTests/LandInvest/output/institutional_anchor_provider_geocode_closeout_packet.csv,approve_same_zip_candidate_after_address_spotcheck,2026-06-04T15:35:17.159055+00:00,76,TRISTAR HENDERSONVILLE MEDICAL CENTE,TN,355 NEW SHACKLE ISLAND,HENDERSONVILLE,37215,,cms_county_blank,external_geocode_required,,,0,external_geocode_required,held_or_rejected,not_same_zip_closeout_action; not_same_zip_candidate_method; suggested_fips_not_in_county_lookup; candidate_confidence_below_0_86,False
140008,2024,assign_county,,,0.0,Accepted report-only institutional-anchor CMS provider geocode closeout: same-state/same-ZIP unique matched CMS county assigned  () for provider 140008 fiscal year 2024. Same-city and external-geocode rows remain under review; no production promotion.,/Users/coryseidel/PersonalProjects/IdeaTests/LandInvest/output/institutional_anchor_provider_geocode_closeout_packet.csv,approve_same_zip_candidate_after_address_spotcheck,2026-06-04T15:35:17.159055+00:00,77,GOTTLIEB MEMORIAL HOSPITAL,IL,8700 WEST NORTH AVENUE,MELROSE PARK,60160,,cms_county_blank,external_geocode_required,,,0,external_geocode_required,held_or_rejected,not_same_zip_closeout_action; not_same_zip_candidate_method; suggested_fips_not_in_county_lookup; candidate_confidence_below_0_86,False
054154,2023,assign_county,,,0.0,Accepted report-only institutional-anchor CMS provider geocode closeout: same-state/same-ZIP unique matched CMS county assigned  () for provider 054154 fiscal year 2023. Same-city and external-geocode rows remain under review; no production promotion.,/Users/coryseidel/PersonalProjects/IdeaTests/LandInvest/output/institutional_anchor_provider_geocode_closeout_packet.csv,approve_same_zip_candidate_after_address_spotcheck,2026-06-04T15:35:17.159055+00:00,78,SAN JOSE BEHAVIORAL HEALTH,CA,455 SILICON VALLEY BLVD,SANN JOSE,95138,,cms_county_blank,external_geocode_required,,,0,external_geocode_required,held_or_rejected,not_same_zip_closeout_action; not_same_zip_candidate_method; suggested_fips_not_in_county_lookup; candidate_confidence_below_0_86,False
230142,2024,assign_county,,,0.0,Accepted report-only institutional-anchor CMS provider geocode closeout: same-state/same-ZIP unique matched CMS county assigned  () for provider 230142 fiscal year 2024. Same-city and external-geocode rows remain under review; no production promotion.,/Users/coryseidel/PersonalProjects/IdeaTests/LandInvest/output/institutional_anchor_provider_geocode_closeout_packet.csv,approve_same_zip_candidate_after_address_spotcheck,2026-06-04T15:35:17.159055+00:00,79,COREWELL HEALTH WAYNE,MI,33155 ANNAPOLIS AVENUE,WAYNE,48184,,cms_county_blank,external_geocode_required,,,0,external_geocode_required,held_or_rejected,not_same_zip_closeout_action; not_same_zip_candidate_method; suggested_fips_not_in_county_lookup; candidate_confidence_below_0_86,False
460013,2024,assign_county,,,0.0,Accepted report-only institutional-anchor CMS provider geocode closeout: same-state/same-ZIP unique matched CMS county assigned  () for provider 460013 fiscal year 2024. Same-city and external-geocode rows remain under review; no production promotion.,/Users/coryseidel/PersonalProjects/IdeaTests/LandInvest/output/institutional_anchor_provider_geocode_closeout_packet.csv,approve_same_zip_candidate_after_address_spotcheck,2026-06-04T15:35:17.159055+00:00,80,MOUNTAIN VIEW HOSPITAL,UT,1000 EAST 100 NORTH,PAYSON,84651,,cms_county_blank,external_geocode_required,,,0,external_geocode_required,held_or_rejected,not_same_zip_closeout_action; not_same_zip_candidate_method; suggested_fips_not_in_county_lookup; candidate_confidence_below_0_86,False
390336,2024,assign_county,,,0.0,Accepted report-only institutional-anchor CMS provider geocode closeout: same-state/same-ZIP unique matched CMS county assigned  () for provider 390336 fiscal year 2024. Same-city and external-geocode rows remain under review; no production promotion.,/Users/coryseidel/PersonalProjects/IdeaTests/LandInvest/output/institutional_anchor_provider_geocode_closeout_packet.csv,approve_same_zip_candidate_after_address_spotcheck,2026-06-04T15:35:17.159055+00:00,81,HAMPDEN MEDICAL CENTER,PA,2200 GOOD HOPE ROAD,ENOLA,17025,,cms_county_blank,external_geocode_required,,,0,external_geocode_required,held_or_rejected,not_same_zip_closeout_action; not_same_zip_candidate_method; suggested_fips_not_in_county_lookup; candidate_confidence_below_0_86,False
440065,2024,assign_county,,,0.0,Accepted report-only institutional-anchor CMS provider geocode closeout: same-state/same-ZIP unique matched CMS county assigned  () for provider 440065 fiscal year 2024. Same-city and external-geocode rows remain under review; no production promotion.,/Users/coryseidel/PersonalProjects/IdeaTests/LandInvest/output/institutional_anchor_provider_geocode_closeout_packet.csv,approve_same_zip_candidate_after_address_spotcheck,2026-06-04T15:35:17.159055+00:00,82,NORTHCREST MEDICAL CENTER,TN,100 NORTHCREST DRIVE,SPRINGFIELD,37172,,cms_county_blank,external_geocode_required,,,0,external_geocode_required,held_or_rejected,not_same_zip_closeout_action; not_same_zip_candidate_method; suggested_fips_not_in_county_lookup; candidate_confidence_below_0_86,False
190013,2023,assign_county,,,0.0,Accepted report-only institutional-anchor CMS provider geocode closeout: same-state/same-ZIP unique matched CMS county assigned  () for provider 190013 fiscal year 2023. Same-city and external-geocode rows remain under review; no production promotion.,/Users/coryseidel/PersonalProjects/IdeaTests/LandInvest/output/institutional_anchor_provider_geocode_closeout_packet.csv,approve_same_zip_candidate_after_address_spotcheck,2026-06-04T15:35:17.159055+00:00,83,WEST CALCASIEU-CAMERON HOSPITAL,LA,701 EAST CYPRESS,SULPHUR,70663,,cms_county_blank,external_geocode_required,,,0,external_geocode_required,held_or_rejected,not_same_zip_closeout_action; not_same_zip_candidate_method; suggested_fips_not_in_county_lookup; candidate_confidence_below_0_86,False
190014,2023,assign_county,,,0.0,Accepted report-only institutional-anchor CMS provider geocode closeout: same-state/same-ZIP unique matched CMS county assigned  () for provider 190014 fiscal year 2023. Same-city and external-geocode rows remain under review; no production promotion.,/Users/coryseidel/PersonalProjects/IdeaTests/LandInvest/output/institutional_anchor_provider_geocode_closeout_packet.csv,approve_same_zip_candidate_after_address_spotcheck,2026-06-04T15:35:17.159055+00:00,84,OCHSNER ST. MARY,LA,1125 MARGUERITE STREET,MORGAN CITY,70308,,cms_county_blank,external_geocode_required,,,0,external_geocode_required,held_or_rejected,not_same_zip_closeout_action; not_same_zip_candidate_method; suggested_fips_not_in_county_lookup; candidate_confidence_below_0_86,False
194114,2023,assign_county,,,0.0,Accepted report-only institutional-anchor CMS provider geocode closeout: same-state/same-ZIP unique matched CMS county assigned  () for provider 194114 fiscal year 2023. Same-city and external-geocode rows remain under review; no production promotion.,/Users/coryseidel/PersonalProjects/IdeaTests/LandInvest/output/institutional_anchor_provider_geocode_closeout_packet.csv,approve_same_zip_candidate_after_address_spotcheck,2026-06-04T15:35:17.159055+00:00,85,RIVER PLACE BEHAVIORAL HEALTH,LA,500 RUE DE SANTE,LAPLACE,70068,,cms_county_blank,external_geocode_required,,,0,external_geocode_required,held_or_rejected,not_same_zip_closeout_action; not_same_zip_candidate_method; suggested_fips_not_in_county_lookup; candidate_confidence_below_0_86,False
110023,2023,assign_county,,,0.0,Accepted report-only institutional-anchor CMS provider geocode closeout: same-state/same-ZIP unique matched CMS county assigned  () for provider 110023 fiscal year 2023. Same-city and external-geocode rows remain under review; no production promotion.,/Users/coryseidel/PersonalProjects/IdeaTests/LandInvest/output/institutional_anchor_provider_geocode_closeout_packet.csv,approve_same_zip_candidate_after_address_spotcheck,2026-06-04T15:35:17.159055+00:00,86,ADVENTHEALTH GORDON,GA,1035 RED BUD ROAD,CALHOUN,30703,,cms_county_blank,external_geocode_required,,,0,external_geocode_required,held_or_rejected,not_same_zip_closeout_action; not_same_zip_candidate_method; suggested_fips_not_in_county_lookup; candidate_confidence_below_0_86,False
100320,2024,assign_county,,,0.0,Accepted report-only institutional-anchor CMS provider geocode closeout: same-state/same-ZIP unique matched CMS county assigned  () for provider 100320 fiscal year 2024. Same-city and external-geocode rows remain under review; no production promotion.,/Users/coryseidel/PersonalProjects/IdeaTests/LandInvest/output/institutional_anchor_provider_geocode_closeout_packet.csv,approve_same_zip_candidate_after_address_spotcheck,2026-06-04T15:35:17.159055+00:00,87,HCA FLORIDA POINCIANA HOSPITAL,FL,325 CYPRESS PARKWAY,KISSIMMMEE,34758,,cms_county_blank,external_geocode_required,,,0,external_geocode_required,held_or_rejected,not_same_zip_closeout_action; not_same_zip_candidate_method; suggested_fips_not_in_county_lookup; candidate_confidence_below_0_86,False
230193,2023,assign_county,,,0.0,Accepted report-only institutional-anchor CMS provider geocode closeout: same-state/same-ZIP unique matched CMS county assigned  () for provider 230193 fiscal year 2023. Same-city and external-geocode rows remain under review; no production promotion.,/Users/coryseidel/PersonalProjects/IdeaTests/LandInvest/output/institutional_anchor_provider_geocode_closeout_packet.csv,approve_same_zip_candidate_after_address_spotcheck,2026-06-04T15:35:17.159055+00:00,88,MCLAREN LAPEER REGION,MI,1375 NORTH MAIN STREET,LAPEER,48436,,cms_county_blank,external_geocode_required,,,0,external_geocode_required,held_or_rejected,not_same_zip_closeout_action; not_same_zip_candidate_method; suggested_fips_not_in_county_lookup; candidate_confidence_below_0_86,False
110128,2024,assign_county,,,0.0,Accepted report-only institutional-anchor CMS provider geocode closeout: same-state/same-ZIP unique matched CMS county assigned  () for provider 110128 fiscal year 2024. Same-city and external-geocode rows remain under review; no production promotion.,/Users/coryseidel/PersonalProjects/IdeaTests/LandInvest/output/institutional_anchor_provider_geocode_closeout_packet.csv,approve_same_zip_candidate_after_address_spotcheck,2026-06-04T15:35:17.159055+00:00,89,MEADOWS REGIONAL MEDICAL CENTER,GA,1 MEADOWS PARKWAY,VIDALIA,30474,,cms_county_blank,external_geocode_required,,,0,external_geocode_required,held_or_rejected,not_same_zip_closeout_action; not_same_zip_candidate_method; suggested_fips_not_in_county_lookup; candidate_confidence_below_0_86,False
230095,2024,assign_county,,,0.0,Accepted report-only institutional-anchor CMS provider geocode closeout: same-state/same-ZIP unique matched CMS county assigned  () for provider 230095 fiscal year 2024. Same-city and external-geocode rows remain under review; no production promotion.,/Users/coryseidel/PersonalProjects/IdeaTests/LandInvest/output/institutional_anchor_provider_geocode_closeout_packet.csv,approve_same_zip_candidate_after_address_spotcheck,2026-06-04T15:35:17.159055+00:00,90,MYMICHIGAN MEDICAL CTR WEST BRAN,MI,2463 S M-30,WEST BRANCH,48661,,cms_county_blank,external_geocode_required,,,0,external_geocode_required,held_or_rejected,not_same_zip_closeout_action; not_same_zip_candidate_method; suggested_fips_not_in_county_lookup; candidate_confidence_below_0_86,False
450587,2024,assign_county,,,0.0,Accepted report-only institutional-anchor CMS provider geocode closeout: same-state/same-ZIP unique matched CMS county assigned  () for provider 450587 fiscal year 2024. Same-city and external-geocode rows remain under review; no production promotion.,/Users/coryseidel/PersonalProjects/IdeaTests/LandInvest/output/institutional_anchor_provider_geocode_closeout_packet.csv,approve_same_zip_candidate_after_address_spotcheck,2026-06-04T15:35:17.159055+00:00,91,HENDRICK MEDICAL CENTER BROWNWOOD,TX,1501 BURNET DRIVE,BROWNWOOD,76804,,cms_county_blank,external_geocode_required,,,0,external_geocode_required,held_or_rejected,not_same_zip_closeout_action; not_same_zip_candidate_method; suggested_fips_not_in_county_lookup; candidate_confidence_below_0_86,False
061317,2023,assign_county,,,0.0,Accepted report-only institutional-anchor CMS provider geocode closeout: same-state/same-ZIP unique matched CMS county assigned  () for provider 061317 fiscal year 2023. Same-city and external-geocode rows remain under review; no production promotion.,/Users/coryseidel/PersonalProjects/IdeaTests/LandInvest/output/institutional_anchor_provider_geocode_closeout_packet.csv,approve_same_zip_candidate_after_address_spotcheck,2026-06-04T15:35:17.159055+00:00,92,GRAND RIVER HOSPITAL DISTRICT,CO,501 AIRPORT ROAD,RIFLE,81650,,cms_county_blank,external_geocode_required,,,0,external_geocode_required,held_or_rejected,not_same_zip_closeout_action; not_same_zip_candidate_method; suggested_fips_not_in_county_lookup; candidate_confidence_below_0_86,False
524042,2023,assign_county,,,0.0,Accepted report-only institutional-anchor CMS provider geocode closeout: same-state/same-ZIP unique matched CMS county assigned  () for provider 524042 fiscal year 2023. Same-city and external-geocode rows remain under review; no production promotion.,/Users/coryseidel/PersonalProjects/IdeaTests/LandInvest/output/institutional_anchor_provider_geocode_closeout_packet.csv,approve_same_zip_candidate_after_address_spotcheck,2026-06-04T15:35:17.159055+00:00,93,MIRAMOUNT BEHAVIORAL HEALTH,WI,3169 DEMMING WAY,MIDDLETON,53562,,cms_county_blank,external_geocode_required,,,0,external_geocode_required,held_or_rejected,not_same_zip_closeout_action; not_same_zip_candidate_method; suggested_fips_not_in_county_lookup; candidate_confidence_below_0_86,False
170006,2024,assign_county,,,0.0,Accepted report-only institutional-anchor CMS provider geocode closeout: same-state/same-ZIP unique matched CMS county assigned  () for provider 170006 fiscal year 2024. Same-city and external-geocode rows remain under review; no production promotion.,/Users/coryseidel/PersonalProjects/IdeaTests/LandInvest/output/institutional_anchor_provider_geocode_closeout_packet.csv,approve_same_zip_candidate_after_address_spotcheck,2026-06-04T15:35:17.159055+00:00,94,VIA CHRISTI HOSPITAL PITTSBURG INC.,KS,1 MT CARMEL WAY,PITTSBURG,66762,,cms_county_blank,external_geocode_required,,,0,external_geocode_required,held_or_rejected,not_same_zip_closeout_action; not_same_zip_candidate_method; suggested_fips_not_in_county_lookup; candidate_confidence_below_0_86,False
380071,2023,assign_county,,,0.0,Accepted report-only institutional-anchor CMS provider geocode closeout: same-state/same-ZIP unique matched CMS county assigned  () for provider 380071 fiscal year 2023. Same-city and external-geocode rows remain under review; no production promotion.,/Users/coryseidel/PersonalProjects/IdeaTests/LandInvest/output/institutional_anchor_provider_geocode_closeout_packet.csv,approve_same_zip_candidate_after_address_spotcheck,2026-06-04T15:35:17.159055+00:00,95,WILLAMETTE VALLEY MEDICAL CENTER,OR,2700 SE STRATUS AVENUE,MCMINNVILLE,97128,,cms_county_blank,external_geocode_required,,,0,external_geocode_required,held_or_rejected,not_same_zip_closeout_action; not_same_zip_candidate_method; suggested_fips_not_in_county_lookup; candidate_confidence_below_0_86,False
190079,2024,assign_county,,,0.0,Accepted report-only institutional-anchor CMS provider geocode closeout: same-state/same-ZIP unique matched CMS county assigned  () for provider 190079 fiscal year 2024. Same-city and external-geocode rows remain under review; no production promotion.,/Users/coryseidel/PersonalProjects/IdeaTests/LandInvest/output/institutional_anchor_provider_geocode_closeout_packet.csv,approve_same_zip_candidate_after_address_spotcheck,2026-06-04T15:35:17.159055+00:00,96,ST. CHARLES PARISH HOSPITAL,LA,1057 PAUL MALLARD ROAD,LULING,70070,,cms_county_blank,external_geocode_required,,,0,external_geocode_required,held_or_rejected,not_same_zip_closeout_action; not_same_zip_candidate_method; suggested_fips_not_in_county_lookup; candidate_confidence_below_0_86,False
010158,2023,assign_county,,,0.0,Accepted report-only institutional-anchor CMS provider geocode closeout: same-state/same-ZIP unique matched CMS county assigned  () for provider 010158 fiscal year 2023. Same-city and external-geocode rows remain under review; no production promotion.,/Users/coryseidel/PersonalProjects/IdeaTests/LandInvest/output/institutional_anchor_provider_geocode_closeout_packet.csv,approve_same_zip_candidate_after_address_spotcheck,2026-06-04T15:35:17.159055+00:00,97,RUSSELLVILLE HOSPITAL,AL,15155 HIGHWAY 43,RUSSELLVILLE,35653,,cms_county_blank,external_geocode_required,,,0,external_geocode_required,held_or_rejected,not_same_zip_closeout_action; not_same_zip_candidate_method; suggested_fips_not_in_county_lookup; candidate_confidence_below_0_86,False
490143,2023,assign_county,,,0.0,Accepted report-only institutional-anchor CMS provider geocode closeout: same-state/same-ZIP unique matched CMS county assigned  () for provider 490143 fiscal year 2023. Same-city and external-geocode rows remain under review; no production promotion.,/Users/coryseidel/PersonalProjects/IdeaTests/LandInvest/output/institutional_anchor_provider_geocode_closeout_packet.csv,approve_same_zip_candidate_after_address_spotcheck,2026-06-04T15:35:17.159055+00:00,98,RIVERSIDE DOCTORS HOSPITAL WILLIAMSB,VA,1500 COMMONWEALTH AVENUE,WILLIAMSBURG,23185,,cms_county_blank,external_geocode_required,,,0,external_geocode_required,held_or_rejected,not_same_zip_closeout_action; not_same_zip_candidate_method; suggested_fips_not_in_county_lookup; candidate_confidence_below_0_86,False
300014,2024,assign_county,,,0.0,Accepted report-only institutional-anchor CMS provider geocode closeout: same-state/same-ZIP unique matched CMS county assigned  () for provider 300014 fiscal year 2024. Same-city and external-geocode rows remain under review; no production promotion.,/Users/coryseidel/PersonalProjects/IdeaTests/LandInvest/output/institutional_anchor_provider_geocode_closeout_packet.csv,approve_same_zip_candidate_after_address_spotcheck,2026-06-04T15:35:17.159055+00:00,99,FRISBIE MEMORIAL HOSPITAL,NH,11 WHITEHALL ROAD,ROCHESTER,03867,,cms_county_blank,external_geocode_required,,,0,external_geocode_required,held_or_rejected,not_same_zip_closeout_action; not_same_zip_candidate_method; suggested_fips_not_in_county_lookup; candidate_confidence_below_0_86,False
241355,2023,assign_county,,,0.0,Accepted report-only institutional-anchor CMS provider geocode closeout: same-state/same-ZIP unique matched CMS county assigned  () for provider 241355 fiscal year 2023. Same-city and external-geocode rows remain under review; no production promotion.,/Users/coryseidel/PersonalProjects/IdeaTests/LandInvest/output/institutional_anchor_provider_geocode_closeout_packet.csv,approve_same_zip_candidate_after_address_spotcheck,2026-06-04T15:35:17.159055+00:00,100,GLENCOE REGIONAL HEALTH SERVICES,MN,705 EAST 18TH STREEET,GLENCOE,55336,,cms_county_blank,external_geocode_required,,,0,external_geocode_required,held_or_rejected,not_same_zip_closeout_action; not_same_zip_candidate_method; suggested_fips_not_in_county_lookup; candidate_confidence_below_0_86,False
230100,2024,assign_county,,,0.0,Accepted report-only institutional-anchor CMS provider geocode closeout: same-state/same-ZIP unique matched CMS county assigned  () for provider 230100 fiscal year 2024. Same-city and external-geocode rows remain under review; no production promotion.,/Users/coryseidel/PersonalProjects/IdeaTests/LandInvest/output/institutional_anchor_provider_geocode_closeout_packet.csv,approve_same_zip_candidate_after_address_spotcheck,2026-06-04T15:35:17.159055+00:00,101,ASCENSION ST. JOSEPH HOSPITAL,MI,200 HEMLOCK ST,TAWAS,48764,,cms_county_blank,external_geocode_required,,,0,external_geocode_required,held_or_rejected,not_same_zip_closeout_action; not_same_zip_candidate_method; suggested_fips_not_in_county_lookup; candidate_confidence_below_0_86,False
370113,2024,assign_county,,,0.0,Accepted report-only institutional-anchor CMS provider geocode closeout: same-state/same-ZIP unique matched CMS county assigned  () for provider 370113 fiscal year 2024. Same-city and external-geocode rows remain under review; no production promotion.,/Users/coryseidel/PersonalProjects/IdeaTests/LandInvest/output/institutional_anchor_provider_geocode_closeout_packet.csv,approve_same_zip_candidate_after_address_spotcheck,2026-06-04T15:35:17.159055+00:00,102,INTEGRIS GROVE HOSPITAL,OK,1001 EAST 18TH STREET,GROVE,74344,,cms_county_blank,external_geocode_required,,,0,external_geocode_required,held_or_rejected,not_same_zip_closeout_action; not_same_zip_candidate_method; suggested_fips_not_in_county_lookup; candidate_confidence_below_0_86,False
673079,2023,assign_county,,,0.0,Accepted report-only institutional-anchor CMS provider geocode closeout: same-state/same-ZIP unique matched CMS county assigned  () for provider 673079 fiscal year 2023. Same-city and external-geocode rows remain under review; no production promotion.,/Users/coryseidel/PersonalProjects/IdeaTests/LandInvest/output/institutional_anchor_provider_geocode_closeout_packet.csv,approve_same_zip_candidate_after_address_spotcheck,2026-06-04T15:35:17.159055+00:00,103,ENCOMPASS HEALTH REHABILITATION OF W,TX,3600 SOUTH LOOP 340,ROBINSON,76706,,cms_county_blank,external_geocode_required,,,0,external_geocode_required,held_or_rejected,not_same_zip_closeout_action; not_same_zip_candidate_method; suggested_fips_not_in_county_lookup; candidate_confidence_below_0_86,False
390117,2024,assign_county,,,0.0,Accepted report-only institutional-anchor CMS provider geocode closeout: same-state/same-ZIP unique matched CMS county assigned  () for provider 390117 fiscal year 2024. Same-city and external-geocode rows remain under review; no production promotion.,/Users/coryseidel/PersonalProjects/IdeaTests/LandInvest/output/institutional_anchor_provider_geocode_closeout_packet.csv,approve_same_zip_candidate_after_address_spotcheck,2026-06-04T15:35:17.159055+00:00,104,UPMC BEDFORD,PA,10455 LINCOLN HIGHWAY,EVERETT,15537,,cms_county_blank,external_geocode_required,,,0,external_geocode_required,held_or_rejected,not_same_zip_closeout_action; not_same_zip_candidate_method; suggested_fips_not_in_county_lookup; candidate_confidence_below_0_86,False
261319,2024,assign_county,,,0.0,Accepted report-only institutional-anchor CMS provider geocode closeout: same-state/same-ZIP unique matched CMS county assigned  () for provider 261319 fiscal year 2024. Same-city and external-geocode rows remain under review; no production promotion.,/Users/coryseidel/PersonalProjects/IdeaTests/LandInvest/output/institutional_anchor_provider_geocode_closeout_packet.csv,approve_same_zip_candidate_after_address_spotcheck,2026-06-04T15:35:17.159055+00:00,105,MERCY HOSPITAL LINCOLN,MO,1000 EAST CHERRY STREET,TROY,63379,,cms_county_blank,external_geocode_required,,,0,external_geocode_required,held_or_rejected,not_same_zip_closeout_action; not_same_zip_candidate_method; suggested_fips_not_in_county_lookup; candidate_confidence_below_0_86,False
110236,2024,assign_county,,,0.0,Accepted report-only institutional-anchor CMS provider geocode closeout: same-state/same-ZIP unique matched CMS county assigned  () for provider 110236 fiscal year 2024. Same-city and external-geocode rows remain under review; no production promotion.,/Users/coryseidel/PersonalProjects/IdeaTests/LandInvest/output/institutional_anchor_provider_geocode_closeout_packet.csv,approve_same_zip_candidate_after_address_spotcheck,2026-06-04T15:35:17.159055+00:00,106,CHI MEMORIAL HOSPITAL - GEORGIA,GA,101 GROSS CRESCENT CIRCLE,FT OGLETHORPE,30742,,cms_county_blank,external_geocode_required,,,0,external_geocode_required,held_or_rejected,not_same_zip_closeout_action; not_same_zip_candidate_method; suggested_fips_not_in_county_lookup; candidate_confidence_below_0_86,False
150022,2023,assign_county,,,0.0,Accepted report-only institutional-anchor CMS provider geocode closeout: same-state/same-ZIP unique matched CMS county assigned  () for provider 150022 fiscal year 2023. Same-city and external-geocode rows remain under review; no production promotion.,/Users/coryseidel/PersonalProjects/IdeaTests/LandInvest/output/institutional_anchor_provider_geocode_closeout_packet.csv,approve_same_zip_candidate_after_address_spotcheck,2026-06-04T15:35:17.159055+00:00,107,FRANCISCAN HEALTH CRAWFORDSVILLE,IN,1710 LAFAYETTE ROAD,CRAWFORDSVILLE,47933,,cms_county_blank,external_geocode_required,,,0,external_geocode_required,held_or_rejected,not_same_zip_closeout_action; not_same_zip_candidate_method; suggested_fips_not_in_county_lookup; candidate_confidence_below_0_86,False
144028,2024,assign_county,,,0.0,Accepted report-only institutional-anchor CMS provider geocode closeout: same-state/same-ZIP unique matched CMS county assigned  () for provider 144028 fiscal year 2024. Same-city and external-geocode rows remain under review; no production promotion.,/Users/coryseidel/PersonalProjects/IdeaTests/LandInvest/output/institutional_anchor_provider_geocode_closeout_packet.csv,approve_same_zip_candidate_after_address_spotcheck,2026-06-04T15:35:17.159055+00:00,108,JOHN J MADDEN MENTAL HEALTH CENTER,IL,1200 S FIRST AVE,HINES,60141,,cms_county_blank,external_geocode_required,,,0,external_geocode_required,held_or_rejected,not_same_zip_closeout_action; not_same_zip_candidate_method; suggested_fips_not_in_county_lookup; candidate_confidence_below_0_86,False
231325,2024,assign_county,,,0.0,Accepted report-only institutional-anchor CMS provider geocode closeout: same-state/same-ZIP unique matched CMS county assigned  () for provider 231325 fiscal year 2024. Same-city and external-geocode rows remain under review; no production promotion.,/Users/coryseidel/PersonalProjects/IdeaTests/LandInvest/output/institutional_anchor_provider_geocode_closeout_packet.csv,approve_same_zip_candidate_after_address_spotcheck,2026-06-04T15:35:17.159055+00:00,109,MYMICHIGAN MEDICAL CENTER GLADWIN,MI,515 QUATER STREET,GLADWIN,48624,,cms_county_blank,external_geocode_required,,,0,external_geocode_required,held_or_rejected,not_same_zip_closeout_action; not_same_zip_candidate_method; suggested_fips_not_in_county_lookup; candidate_confidence_below_0_86,False
370178,2024,assign_county,,,0.0,Accepted report-only institutional-anchor CMS provider geocode closeout: same-state/same-ZIP unique matched CMS county assigned  () for provider 370178 fiscal year 2024. Same-city and external-geocode rows remain under review; no production promotion.,/Users/coryseidel/PersonalProjects/IdeaTests/LandInvest/output/institutional_anchor_provider_geocode_closeout_packet.csv,approve_same_zip_candidate_after_address_spotcheck,2026-06-04T15:35:17.159055+00:00,110,ADAIR COUNTY HEALTH CENTER,OK,100 HIGHWAY WEST,STILWELL,74960,,cms_county_blank,external_geocode_required,,,0,external_geocode_required,held_or_rejected,not_same_zip_closeout_action; not_same_zip_candidate_method; suggested_fips_not_in_county_lookup; candidate_confidence_below_0_86,False
361330,2023,assign_county,,,0.0,Accepted report-only institutional-anchor CMS provider geocode closeout: same-state/same-ZIP unique matched CMS county assigned  () for provider 361330 fiscal year 2023. Same-city and external-geocode rows remain under review; no production promotion.,/Users/coryseidel/PersonalProjects/IdeaTests/LandInvest/output/institutional_anchor_provider_geocode_closeout_packet.csv,approve_same_zip_candidate_after_address_spotcheck,2026-06-04T15:35:17.159055+00:00,111,HOCKING VALLEY,OH,601 STATE ROUTE 664,LOGAN,43138,,cms_county_blank,external_geocode_required,,,0,external_geocode_required,held_or_rejected,not_same_zip_closeout_action; not_same_zip_candidate_method; suggested_fips_not_in_county_lookup; candidate_confidence_below_0_86,False
451333,2024,assign_county,,,0.0,Accepted report-only institutional-anchor CMS provider geocode closeout: same-state/same-ZIP unique matched CMS county assigned  () for provider 451333 fiscal year 2024. Same-city and external-geocode rows remain under review; no production promotion.,/Users/coryseidel/PersonalProjects/IdeaTests/LandInvest/output/institutional_anchor_provider_geocode_closeout_packet.csv,approve_same_zip_candidate_after_address_spotcheck,2026-06-04T15:35:17.159055+00:00,112,MARTIN COUNTY HOSPITAL,TX,610 N. SAINT PETER STREET,STANTON,79782,,cms_county_blank,external_geocode_required,,,0,external_geocode_required,held_or_rejected,not_same_zip_closeout_action; not_same_zip_candidate_method; suggested_fips_not_in_county_lookup; candidate_confidence_below_0_86,False
251300,2023,assign_county,,,0.0,Accepted report-only institutional-anchor CMS provider geocode closeout: same-state/same-ZIP unique matched CMS county assigned  () for provider 251300 fiscal year 2023. Same-city and external-geocode rows remain under review; no production promotion.,/Users/coryseidel/PersonalProjects/IdeaTests/LandInvest/output/institutional_anchor_provider_geocode_closeout_packet.csv,approve_same_zip_candidate_after_address_spotcheck,2026-06-04T15:35:17.159055+00:00,113,S.E. LACKEY MEMORIAL HOSPITAL,MS,330 NORTH BROAD STEET,FOREST,39074,,cms_county_blank,external_geocode_required,,,0,external_geocode_required,held_or_rejected,not_same_zip_closeout_action; not_same_zip_candidate_method; suggested_fips_not_in_county_lookup; candidate_confidence_below_0_86,False
110111,2023,assign_county,,,0.0,Accepted report-only institutional-anchor CMS provider geocode closeout: same-state/same-ZIP unique matched CMS county assigned  () for provider 110111 fiscal year 2023. Same-city and external-geocode rows remain under review; no production promotion.,/Users/coryseidel/PersonalProjects/IdeaTests/LandInvest/output/institutional_anchor_provider_geocode_closeout_packet.csv,approve_same_zip_candidate_after_address_spotcheck,2026-06-04T15:35:17.159055+00:00,114,UNIVERSITY HOSPITAL MCDUFFIE,GA,2460 WASHINGTON RD NE,THOMSON,30824,,cms_county_blank,external_geocode_required,,,0,external_geocode_required,held_or_rejected,not_same_zip_closeout_action; not_same_zip_candidate_method; suggested_fips_not_in_county_lookup; candidate_confidence_below_0_86,False
110111,2024,assign_county,,,0.0,Accepted report-only institutional-anchor CMS provider geocode closeout: same-state/same-ZIP unique matched CMS county assigned  () for provider 110111 fiscal year 2024. Same-city and external-geocode rows remain under review; no production promotion.,/Users/coryseidel/PersonalProjects/IdeaTests/LandInvest/output/institutional_anchor_provider_geocode_closeout_packet.csv,approve_same_zip_candidate_after_address_spotcheck,2026-06-04T15:35:17.159055+00:00,115,UNIVERSITY HOSPITAL MCDUFFIE,GA,2460 WASHINGTON RD NE,THOMSON,30824,,cms_county_blank,external_geocode_required,,,0,external_geocode_required,held_or_rejected,not_same_zip_closeout_action; not_same_zip_candidate_method; suggested_fips_not_in_county_lookup; candidate_confidence_below_0_86,False
140167,2023,assign_county,,,0.0,Accepted report-only institutional-anchor CMS provider geocode closeout: same-state/same-ZIP unique matched CMS county assigned  () for provider 140167 fiscal year 2023. Same-city and external-geocode rows remain under review; no production promotion.,/Users/coryseidel/PersonalProjects/IdeaTests/LandInvest/output/institutional_anchor_provider_geocode_closeout_packet.csv,approve_same_zip_candidate_after_address_spotcheck,2026-06-04T15:35:17.159055+00:00,116,IROQUOIS MEMORIAL HOSPITAL,IL,200 FAIRMAN AVENUE,WATSEKA,60970,,cms_county_blank,external_geocode_required,,,0,external_geocode_required,held_or_rejected,not_same_zip_closeout_action; not_same_zip_candidate_method; suggested_fips_not_in_county_lookup; candidate_confidence_below_0_86,False
141353,2023,assign_county,,,0.0,Accepted report-only institutional-anchor CMS provider geocode closeout: same-state/same-ZIP unique matched CMS county assigned  () for provider 141353 fiscal year 2023. Same-city and external-geocode rows remain under review; no production promotion.,/Users/coryseidel/PersonalProjects/IdeaTests/LandInvest/output/institutional_anchor_provider_geocode_closeout_packet.csv,approve_same_zip_candidate_after_address_spotcheck,2026-06-04T15:35:17.159055+00:00,117,IROQUOIS MEMORIAL HOSPITAL,IL,200 FAIRMAN AVENUE,WATSEKA,60970,,cms_county_blank,external_geocode_required,,,0,external_geocode_required,held_or_rejected,not_same_zip_closeout_action; not_same_zip_candidate_method; suggested_fips_not_in_county_lookup; candidate_confidence_below_0_86,False
181331,2024,assign_county,,,0.0,Accepted report-only institutional-anchor CMS provider geocode closeout: same-state/same-ZIP unique matched CMS county assigned  () for provider 181331 fiscal year 2024. Same-city and external-geocode rows remain under review; no production promotion.,/Users/coryseidel/PersonalProjects/IdeaTests/LandInvest/output/institutional_anchor_provider_geocode_closeout_packet.csv,approve_same_zip_candidate_after_address_spotcheck,2026-06-04T15:35:17.159055+00:00,118,MCDOWELL ARH,KY,9879 ROUTE 122,MCDOWELL,41647,,cms_county_blank,external_geocode_required,,,0,external_geocode_required,held_or_rejected,not_same_zip_closeout_action; not_same_zip_candidate_method; suggested_fips_not_in_county_lookup; candidate_confidence_below_0_86,False
341317,2023,assign_county,,,0.0,Accepted report-only institutional-anchor CMS provider geocode closeout: same-state/same-ZIP unique matched CMS county assigned  () for provider 341317 fiscal year 2023. Same-city and external-geocode rows remain under review; no production promotion.,/Users/coryseidel/PersonalProjects/IdeaTests/LandInvest/output/institutional_anchor_provider_geocode_closeout_packet.csv,approve_same_zip_candidate_after_address_spotcheck,2026-06-04T15:35:17.159055+00:00,119,LIFEBRITE COMM HOSP OF STOKES,NC,1570 NC 8 & 89 HWY N,DANBURY,27016,,cms_county_blank,external_geocode_required,,,0,external_geocode_required,held_or_rejected,not_same_zip_closeout_action; not_same_zip_candidate_method; suggested_fips_not_in_county_lookup; candidate_confidence_below_0_86,False
291311,2023,assign_county,,,0.0,Accepted report-only institutional-anchor CMS provider geocode closeout: same-state/same-ZIP unique matched CMS county assigned  () for provider 291311 fiscal year 2023. Same-city and external-geocode rows remain under review; no production promotion.,/Users/coryseidel/PersonalProjects/IdeaTests/LandInvest/output/institutional_anchor_provider_geocode_closeout_packet.csv,approve_same_zip_candidate_after_address_spotcheck,2026-06-04T15:35:17.159055+00:00,120,DESERT VIEW REGIONAL MEDICAL CENTER,NV,360 S LOLA LANE,PAHRUMP,89048,,cms_county_blank,external_geocode_required,,,0,external_geocode_required,held_or_rejected,not_same_zip_closeout_action; not_same_zip_candidate_method; suggested_fips_not_in_county_lookup; candidate_confidence_below_0_86,False
451396,2023,assign_county,,,0.0,Accepted report-only institutional-anchor CMS provider geocode closeout: same-state/same-ZIP unique matched CMS county assigned  () for provider 451396 fiscal year 2023. Same-city and external-geocode rows remain under review; no production promotion.,/Users/coryseidel/PersonalProjects/IdeaTests/LandInvest/output/institutional_anchor_provider_geocode_closeout_packet.csv,approve_same_zip_candidate_after_address_spotcheck,2026-06-04T15:35:17.159055+00:00,121,MID COAST MEDICAL CENTER-CENTRAL,TX,200 N. OLLIE STREET,LLANO,78643,,cms_county_blank,external_geocode_required,,,0,external_geocode_required,held_or_rejected,not_same_zip_closeout_action; not_same_zip_candidate_method; suggested_fips_not_in_county_lookup; candidate_confidence_below_0_86,False
511310,2024,assign_county,,,0.0,Accepted report-only institutional-anchor CMS provider geocode closeout: same-state/same-ZIP unique matched CMS county assigned  () for provider 511310 fiscal year 2024. Same-city and external-geocode rows remain under review; no production promotion.,/Users/coryseidel/PersonalProjects/IdeaTests/LandInvest/output/institutional_anchor_provider_geocode_closeout_packet.csv,approve_same_zip_candidate_after_address_spotcheck,2026-06-04T15:35:17.159055+00:00,122,SUMMERS COUNTY ARH,WV,TERRACE STREET,HINTON,25951,,cms_county_blank,external_geocode_required,,,0,external_geocode_required,held_or_rejected,not_same_zip_closeout_action; not_same_zip_candidate_method; suggested_fips_not_in_county_lookup; candidate_confidence_below_0_86,False
370015,2024,assign_county,,,0.0,Accepted report-only institutional-anchor CMS provider geocode closeout: same-state/same-ZIP unique matched CMS county assigned  () for provider 370015 fiscal year 2024. Same-city and external-geocode rows remain under review; no production promotion.,/Users/coryseidel/PersonalProjects/IdeaTests/LandInvest/output/institutional_anchor_provider_geocode_closeout_packet.csv,approve_same_zip_candidate_after_address_spotcheck,2026-06-04T15:35:17.159055+00:00,123,HILLCREST HOSPITAL PRYOR,OK,111 N. BAILEY,PRYOR,74361,,cms_county_blank,external_geocode_required,,,0,external_geocode_required,held_or_rejected,not_same_zip_closeout_action; not_same_zip_candidate_method; suggested_fips_not_in_county_lookup; candidate_confidence_below_0_86,False
670131,2024,assign_county,,,0.0,Accepted report-only institutional-anchor CMS provider geocode closeout: same-state/same-ZIP unique matched CMS county assigned  () for provider 670131 fiscal year 2024. Same-city and external-geocode rows remain under review; no production promotion.,/Users/coryseidel/PersonalProjects/IdeaTests/LandInvest/output/institutional_anchor_provider_geocode_closeout_packet.csv,approve_same_zip_candidate_after_address_spotcheck,2026-06-04T15:35:17.159055+00:00,124,BAYLOR SCOTT & WHITE - BUDA,TX,5330 OVERPASS ROAD SUITE 110,BUDA,78610,,cms_county_blank,external_geocode_required,,,0,external_geocode_required,held_or_rejected,not_same_zip_closeout_action; not_same_zip_candidate_method; suggested_fips_not_in_county_lookup; candidate_confidence_below_0_86,False
371338,2024,assign_county,,,0.0,Accepted report-only institutional-anchor CMS provider geocode closeout: same-state/same-ZIP unique matched CMS county assigned  () for provider 371338 fiscal year 2024. Same-city and external-geocode rows remain under review; no production promotion.,/Users/coryseidel/PersonalProjects/IdeaTests/LandInvest/output/institutional_anchor_provider_geocode_closeout_packet.csv,approve_same_zip_candidate_after_address_spotcheck,2026-06-04T15:35:17.159055+00:00,125,HARMON MEMORIAL HOSPITAL,OK,400 EAST CHESTNUT,HOLLIS,73550,,cms_county_blank,external_geocode_required,,,0,external_geocode_required,held_or_rejected,not_same_zip_closeout_action; not_same_zip_candidate_method; suggested_fips_not_in_county_lookup; candidate_confidence_below_0_86,False
451331,2024,assign_county,,,0.0,Accepted report-only institutional-anchor CMS provider geocode closeout: same-state/same-ZIP unique matched CMS county assigned  () for provider 451331 fiscal year 2024. Same-city and external-geocode rows remain under review; no production promotion.,/Users/coryseidel/PersonalProjects/IdeaTests/LandInvest/output/institutional_anchor_provider_geocode_closeout_packet.csv,approve_same_zip_candidate_after_address_spotcheck,2026-06-04T15:35:17.159055+00:00,126,COON MEMORIAL HOSPITAL,TX,1411 DENVER,DALHART,79022,,cms_county_blank,external_geocode_required,,,0,external_geocode_required,held_or_rejected,not_same_zip_closeout_action; not_same_zip_candidate_method; suggested_fips_not_in_county_lookup; candidate_confidence_below_0_86,False
390104,2024,assign_county,,,0.0,Accepted report-only institutional-anchor CMS provider geocode closeout: same-state/same-ZIP unique matched CMS county assigned  () for provider 390104 fiscal year 2024. Same-city and external-geocode rows remain under review; no production promotion.,/Users/coryseidel/PersonalProjects/IdeaTests/LandInvest/output/institutional_anchor_provider_geocode_closeout_packet.csv,approve_same_zip_candidate_after_address_spotcheck,2026-06-04T15:35:17.159055+00:00,127,UPMC KANE,PA,4372 ROUTE 6,KANE,16735,,cms_county_blank,external_geocode_required,,,0,external_geocode_required,held_or_rejected,not_same_zip_closeout_action; not_same_zip_candidate_method; suggested_fips_not_in_county_lookup; candidate_confidence_below_0_86,False
011306,2024,assign_county,,,0.0,Accepted report-only institutional-anchor CMS provider geocode closeout: same-state/same-ZIP unique matched CMS county assigned  () for provider 011306 fiscal year 2024. Same-city and external-geocode rows remain under review; no production promotion.,/Users/coryseidel/PersonalProjects/IdeaTests/LandInvest/output/institutional_anchor_provider_geocode_closeout_packet.csv,approve_same_zip_candidate_after_address_spotcheck,2026-06-04T15:35:17.159055+00:00,128,TANNER MEDICAL CENTER ALABAMA INC.,AL,1032 MAIN STREET SOUTH,WEDOWEE,36278,,cms_county_blank,external_geocode_required,,,0,external_geocode_required,held_or_rejected,not_same_zip_closeout_action; not_same_zip_candidate_method; suggested_fips_not_in_county_lookup; candidate_confidence_below_0_86,False
171357,2023,assign_county,,,0.0,Accepted report-only institutional-anchor CMS provider geocode closeout: same-state/same-ZIP unique matched CMS county assigned  () for provider 171357 fiscal year 2023. Same-city and external-geocode rows remain under review; no production promotion.,/Users/coryseidel/PersonalProjects/IdeaTests/LandInvest/output/institutional_anchor_provider_geocode_closeout_packet.csv,approve_same_zip_candidate_after_address_spotcheck,2026-06-04T15:35:17.159055+00:00,129,HILLSBORO COMMUNITY HOSPITAL,KS,101 INDUSTRIAL BLVD,HILLSBORO,67063,,cms_county_blank,external_geocode_required,,,0,external_geocode_required,held_or_rejected,not_same_zip_closeout_action; not_same_zip_candidate_method; suggested_fips_not_in_county_lookup; candidate_confidence_below_0_86,False
241301,2024,assign_county,,,0.0,Accepted report-only institutional-anchor CMS provider geocode closeout: same-state/same-ZIP unique matched CMS county assigned  () for provider 241301 fiscal year 2024. Same-city and external-geocode rows remain under review; no production promotion.,/Users/coryseidel/PersonalProjects/IdeaTests/LandInvest/output/institutional_anchor_provider_geocode_closeout_packet.csv,approve_same_zip_candidate_after_address_spotcheck,2026-06-04T15:35:17.159055+00:00,130,LAKEWOOD HEALTH CENTER,MN,600 MAIN AVENUE S,BAUDETTE,56623,,cms_county_blank,external_geocode_required,,,0,external_geocode_required,held_or_rejected,not_same_zip_closeout_action; not_same_zip_candidate_method; suggested_fips_not_in_county_lookup; candidate_confidence_below_0_86,False
371331,2023,assign_county,,,0.0,Accepted report-only institutional-anchor CMS provider geocode closeout: same-state/same-ZIP unique matched CMS county assigned  () for provider 371331 fiscal year 2023. Same-city and external-geocode rows remain under review; no production promotion.,/Users/coryseidel/PersonalProjects/IdeaTests/LandInvest/output/institutional_anchor_provider_geocode_closeout_packet.csv,approve_same_zip_candidate_after_address_spotcheck,2026-06-04T15:35:17.159055+00:00,131,DRUMRIGHT REGIONAL HOSPITAL,OK,610 WEST BYPASS,DRUMRIGHT,74030,,cms_county_blank,external_geocode_required,,,0,external_geocode_required,held_or_rejected,not_same_zip_closeout_action; not_same_zip_candidate_method; suggested_fips_not_in_county_lookup; candidate_confidence_below_0_86,False
371303,2024,assign_county,,,0.0,Accepted report-only institutional-anchor CMS provider geocode closeout: same-state/same-ZIP unique matched CMS county assigned  () for provider 371303 fiscal year 2024. Same-city and external-geocode rows remain under review; no production promotion.,/Users/coryseidel/PersonalProjects/IdeaTests/LandInvest/output/institutional_anchor_provider_geocode_closeout_packet.csv,approve_same_zip_candidate_after_address_spotcheck,2026-06-04T15:35:17.159055+00:00,132,ROGER MILLS MEMORIAL HOSPITAL,OK,501 SOUTH LL MALES AVENUE,CHEYENNE,73628,,cms_county_blank,external_geocode_required,,,0,external_geocode_required,held_or_rejected,not_same_zip_closeout_action; not_same_zip_candidate_method; suggested_fips_not_in_county_lookup; candidate_confidence_below_0_86,False
521300,2024,assign_county,,,0.0,Accepted report-only institutional-anchor CMS provider geocode closeout: same-state/same-ZIP unique matched CMS county assigned  () for provider 521300 fiscal year 2024. Same-city and external-geocode rows remain under review; no production promotion.,/Users/coryseidel/PersonalProjects/IdeaTests/LandInvest/output/institutional_anchor_provider_geocode_closeout_packet.csv,approve_same_zip_candidate_after_address_spotcheck,2026-06-04T15:35:17.159055+00:00,133,ASPIRUS EAGLE RIVER HOSPITAL,WI,201 HOSPITAL ROAD,EAGLE RIVER,54521,,cms_county_blank,external_geocode_required,,,0,external_geocode_required,held_or_rejected,not_same_zip_closeout_action; not_same_zip_candidate_method; suggested_fips_not_in_county_lookup; candidate_confidence_below_0_86,False
670285,2023,assign_county,,,0.0,Accepted report-only institutional-anchor CMS provider geocode closeout: same-state/same-ZIP unique matched CMS county assigned  () for provider 670285 fiscal year 2023. Same-city and external-geocode rows remain under review; no production promotion.,/Users/coryseidel/PersonalProjects/IdeaTests/LandInvest/output/institutional_anchor_provider_geocode_closeout_packet.csv,approve_same_zip_candidate_after_address_spotcheck,2026-06-04T15:35:17.159055+00:00,134,KINGWOOD EMERGENCY HOSPITAL,TX,23330 HIGHWAY 59 N,KINGWOOD,77339,,cms_county_blank,external_geocode_required,,,0,external_geocode_required,held_or_rejected,not_same_zip_closeout_action; not_same_zip_candidate_method; suggested_fips_not_in_county_lookup; candidate_confidence_below_0_86,False
014006,2023,assign_county,,,0.0,Accepted report-only institutional-anchor CMS provider geocode closeout: same-state/same-ZIP unique matched CMS county assigned  () for provider 014006 fiscal year 2023. Same-city and external-geocode rows remain under review; no production promotion.,/Users/coryseidel/PersonalProjects/IdeaTests/LandInvest/output/institutional_anchor_provider_geocode_closeout_packet.csv,approve_same_zip_candidate_after_address_spotcheck,2026-06-04T15:35:17.159055+00:00,135,MOUNTAIN VIEW HOSPITAL,AL,3001 SCENIC HWY,GADSEN,35904,,cms_county_blank,external_geocode_required,,,0,external_geocode_required,held_or_rejected,not_same_zip_closeout_action; not_same_zip_candidate_method; suggested_fips_not_in_county_lookup; candidate_confidence_below_0_86,False
194118,2023,assign_county,,,0.0,Accepted report-only institutional-anchor CMS provider geocode closeout: same-state/same-ZIP unique matched CMS county assigned  () for provider 194118 fiscal year 2023. Same-city and external-geocode rows remain under review; no production promotion.,/Users/coryseidel/PersonalProjects/IdeaTests/LandInvest/output/institutional_anchor_provider_geocode_closeout_packet.csv,approve_same_zip_candidate_after_address_spotcheck,2026-06-04T15:35:17.159055+00:00,136,MERCY BEHAVIORAL HOSPITAL,LA,2810 US HIGHWAY 71 S,LECOMPTE,71346,,cms_county_blank,external_geocode_required,,,0,external_geocode_required,held_or_rejected,not_same_zip_closeout_action; not_same_zip_candidate_method; suggested_fips_not_in_county_lookup; candidate_confidence_below_0_86,False
244016,2023,assign_county,,,0.0,Accepted report-only institutional-anchor CMS provider geocode closeout: same-state/same-ZIP unique matched CMS county assigned  () for provider 244016 fiscal year 2023. Same-city and external-geocode rows remain under review; no production promotion.,/Users/coryseidel/PersonalProjects/IdeaTests/LandInvest/output/institutional_anchor_provider_geocode_closeout_packet.csv,approve_same_zip_candidate_after_address_spotcheck,2026-06-04T15:35:17.159055+00:00,137,PRAIRIECARE,MN,9400 ZANE AVE N,BROOKLYN PARK,55443,,cms_county_blank,external_geocode_required,,,0,external_geocode_required,held_or_rejected,not_same_zip_closeout_action; not_same_zip_candidate_method; suggested_fips_not_in_county_lookup; candidate_confidence_below_0_86,False
264020,2024,assign_county,,,0.0,Accepted report-only institutional-anchor CMS provider geocode closeout: same-state/same-ZIP unique matched CMS county assigned  () for provider 264020 fiscal year 2024. Same-city and external-geocode rows remain under review; no production promotion.,/Users/coryseidel/PersonalProjects/IdeaTests/LandInvest/output/institutional_anchor_provider_geocode_closeout_packet.csv,approve_same_zip_candidate_after_address_spotcheck,2026-06-04T15:35:17.159055+00:00,138,ROYAL OAKS HOSPITAL,MO,307 NORTH MAIN,WINDSOR,65360,,cms_county_blank,external_geocode_required,,,0,external_geocode_required,held_or_rejected,not_same_zip_closeout_action; not_same_zip_candidate_method; suggested_fips_not_in_county_lookup; candidate_confidence_below_0_86,False
414003,2023,assign_county,,,0.0,Accepted report-only institutional-anchor CMS provider geocode closeout: same-state/same-ZIP unique matched CMS county assigned  () for provider 414003 fiscal year 2023. Same-city and external-geocode rows remain under review; no production promotion.,/Users/coryseidel/PersonalProjects/IdeaTests/LandInvest/output/institutional_anchor_provider_geocode_closeout_packet.csv,approve_same_zip_candidate_after_address_spotcheck,2026-06-04T15:35:17.159055+00:00,139,EMMA P BRADLEY HOSPITAL,RI,1011 VETERANS MEMORIAL PARKWAY,EAST PROVIDENCE,02915,,cms_county_blank,external_geocode_required,,,0,external_geocode_required,held_or_rejected,not_same_zip_closeout_action; not_same_zip_candidate_method; suggested_fips_not_in_county_lookup; candidate_confidence_below_0_86,False
453317,2023,assign_county,,,0.0,Accepted report-only institutional-anchor CMS provider geocode closeout: same-state/same-ZIP unique matched CMS county assigned  () for provider 453317 fiscal year 2023. Same-city and external-geocode rows remain under review; no production promotion.,/Users/coryseidel/PersonalProjects/IdeaTests/LandInvest/output/institutional_anchor_provider_geocode_closeout_packet.csv,approve_same_zip_candidate_after_address_spotcheck,2026-06-04T15:35:17.159055+00:00,140,COOK CHILDREN CARE,TX,4100 W UNIVERSITY DR,PROSPER,75078,,cms_county_blank,external_geocode_required,,,0,external_geocode_required,held_or_rejected,not_same_zip_closeout_action; not_same_zip_candidate_method; suggested_fips_not_in_county_lookup; candidate_confidence_below_0_86,False
464007,2024,assign_county,,,0.0,Accepted report-only institutional-anchor CMS provider geocode closeout: same-state/same-ZIP unique matched CMS county assigned  () for provider 464007 fiscal year 2024. Same-city and external-geocode rows remain under review; no production promotion.,/Users/coryseidel/PersonalProjects/IdeaTests/LandInvest/output/institutional_anchor_provider_geocode_closeout_packet.csv,approve_same_zip_candidate_after_address_spotcheck,2026-06-04T15:35:17.159055+00:00,141,BENCHMARK BEHAVIORAL HEALTH SYSTEM I,UT,592 WEST 1350 SOUTH,WOOD CROSS,84087,,cms_county_blank,external_geocode_required,,,0,external_geocode_required,held_or_rejected,not_same_zip_closeout_action; not_same_zip_candidate_method; suggested_fips_not_in_county_lookup; candidate_confidence_below_0_86,False
493300,2024,assign_county,,,0.0,Accepted report-only institutional-anchor CMS provider geocode closeout: same-state/same-ZIP unique matched CMS county assigned  () for provider 493300 fiscal year 2024. Same-city and external-geocode rows remain under review; no production promotion.,/Users/coryseidel/PersonalProjects/IdeaTests/LandInvest/output/institutional_anchor_provider_geocode_closeout_packet.csv,approve_same_zip_candidate_after_address_spotcheck,2026-06-04T15:35:17.159055+00:00,142,CUMBERLAND HOSPITAL LLC,VA,9407 CUMBERLAND RD,NEW KENT,23124,,cms_county_blank,external_geocode_required,,,0,external_geocode_required,held_or_rejected,not_same_zip_closeout_action; not_same_zip_candidate_method; suggested_fips_not_in_county_lookup; candidate_confidence_below_0_86,False
514011,2023,assign_county,,,0.0,Accepted report-only institutional-anchor CMS provider geocode closeout: same-state/same-ZIP unique matched CMS county assigned  () for provider 514011 fiscal year 2023. Same-city and external-geocode rows remain under review; no production promotion.,/Users/coryseidel/PersonalProjects/IdeaTests/LandInvest/output/institutional_anchor_provider_geocode_closeout_packet.csv,approve_same_zip_candidate_after_address_spotcheck,2026-06-04T15:35:17.159055+00:00,143,HIGHLAND CLARKSBURG HOSPITAL INC,WV,3 HOSPITAL PLAZA,CLARKSBURG,26301,,cms_county_blank,external_geocode_required,,,0,external_geocode_required,held_or_rejected,not_same_zip_closeout_action; not_same_zip_candidate_method; suggested_fips_not_in_county_lookup; candidate_confidence_below_0_86,False
400109,2023,assign_county,,,0.0,Accepted report-only institutional-anchor CMS provider geocode closeout: same-state/same-ZIP unique matched CMS county assigned  () for provider 400109 fiscal year 2023. Same-city and external-geocode rows remain under review; no production promotion.,/Users/coryseidel/PersonalProjects/IdeaTests/LandInvest/output/institutional_anchor_provider_geocode_closeout_packet.csv,approve_same_zip_candidate_after_address_spotcheck,2026-06-04T15:35:17.159055+00:00,144,HOSPITAL HIMA SAN PABLO BAYAMON,PR,SANTA CRUZ # 70,BAYAMON,00959,,cms_county_blank,external_geocode_required,,,0,external_geocode_required,held_or_rejected,not_same_zip_closeout_action; not_same_zip_candidate_method; suggested_fips_not_in_county_lookup; candidate_confidence_below_0_86,False
110215,2024,assign_county,,,0.0,Accepted report-only institutional-anchor CMS provider geocode closeout: same-state/same-ZIP unique matched CMS county assigned  () for provider 110215 fiscal year 2024. Same-city and external-geocode rows remain under review; no production promotion.,/Users/coryseidel/PersonalProjects/IdeaTests/LandInvest/output/institutional_anchor_provider_geocode_closeout_packet.csv,approve_same_zip_candidate_after_address_spotcheck,2026-06-04T15:35:17.159055+00:00,145,PIEDMONT FAYETTE HOSPITAL INC.,GA,1255 HIGHWAY 54 WEST,FAYETTEVILLE,30214,F,county_text_unmatched,external_geocode_required,,,0,external_geocode_required,held_or_rejected,not_same_zip_closeout_action; not_same_zip_candidate_method; suggested_fips_not_in_county_lookup; candidate_confidence_below_0_86,False
400118,2023,assign_county,,,0.0,Accepted report-only institutional-anchor CMS provider geocode closeout: same-state/same-ZIP unique matched CMS county assigned  () for provider 400118 fiscal year 2023. Same-city and external-geocode rows remain under review; no production promotion.,/Users/coryseidel/PersonalProjects/IdeaTests/LandInvest/output/institutional_anchor_provider_geocode_closeout_packet.csv,approve_same_zip_candidate_after_address_spotcheck,2026-06-04T15:35:17.159055+00:00,146,DOCTOR CENTER HOSPITAL MANATI INC.,PR,CARR. #2,MANATI,00674,,cms_county_blank,external_geocode_required,,,0,external_geocode_required,held_or_rejected,not_same_zip_closeout_action; not_same_zip_candidate_method; suggested_fips_not_in_county_lookup; candidate_confidence_below_0_86,False
404004,2023,assign_county,,,0.0,Accepted report-only institutional-anchor CMS provider geocode closeout: same-state/same-ZIP unique matched CMS county assigned  () for provider 404004 fiscal year 2023. Same-city and external-geocode rows remain under review; no production promotion.,/Users/coryseidel/PersonalProjects/IdeaTests/LandInvest/output/institutional_anchor_provider_geocode_closeout_packet.csv,approve_same_zip_candidate_after_address_spotcheck,2026-06-04T15:35:17.159055+00:00,147,FIRST HOSPITAL PANAMERICANO,PR,STATE ROAD #787,CIDRA,00739,,cms_county_blank,external_geocode_required,,,0,external_geocode_required,held_or_rejected,not_same_zip_closeout_action; not_same_zip_candidate_method; suggested_fips_not_in_county_lookup; candidate_confidence_below_0_86,False
400112,2024,assign_county,,,0.0,Accepted report-only institutional-anchor CMS provider geocode closeout: same-state/same-ZIP unique matched CMS county assigned  () for provider 400112 fiscal year 2024. Same-city and external-geocode rows remain under review; no production promotion.,/Users/coryseidel/PersonalProjects/IdeaTests/LandInvest/output/institutional_anchor_provider_geocode_closeout_packet.csv,approve_same_zip_candidate_after_address_spotcheck,2026-06-04T15:35:17.159055+00:00,148,HOSPITAL UPR,PR,STREET 3 KM 8.3 65 INFANTERIA AVE.,CAROLINA,00984,,cms_county_blank,external_geocode_required,,,0,external_geocode_required,held_or_rejected,not_same_zip_closeout_action; not_same_zip_candidate_method; suggested_fips_not_in_county_lookup; candidate_confidence_below_0_86,False
400032,2023,assign_county,,,0.0,Accepted report-only institutional-anchor CMS provider geocode closeout: same-state/same-ZIP unique matched CMS county assigned  () for provider 400032 fiscal year 2023. Same-city and external-geocode rows remain under review; no production promotion.,/Users/coryseidel/PersonalProjects/IdeaTests/LandInvest/output/institutional_anchor_provider_geocode_closeout_packet.csv,approve_same_zip_candidate_after_address_spotcheck,2026-06-04T15:35:17.159055+00:00,149,BAYAMON MEDICAL CENTER,PR,CARR. #2 KM. 11.7,BAYAMON,00960,,cms_county_blank,external_geocode_required,,,0,external_geocode_required,held_or_rejected,not_same_zip_closeout_action; not_same_zip_candidate_method; suggested_fips_not_in_county_lookup; candidate_confidence_below_0_86,False
650003,2023,assign_county,,,0.0,Accepted report-only institutional-anchor CMS provider geocode closeout: same-state/same-ZIP unique matched CMS county assigned  () for provider 650003 fiscal year 2023. Same-city and external-geocode rows remain under review; no production promotion.,/Users/coryseidel/PersonalProjects/IdeaTests/LandInvest/output/institutional_anchor_provider_geocode_closeout_packet.csv,approve_same_zip_candidate_after_address_spotcheck,2026-06-04T15:35:17.159055+00:00,150,GUAM REGIONAL MEDICAL CITY,GU,133 ROUTE 3,DEDEDO,96929,,cms_county_blank,external_geocode_required,,,0,external_geocode_required,held_or_rejected,not_same_zip_closeout_action; not_same_zip_candidate_method; suggested_fips_not_in_county_lookup; candidate_confidence_below_0_86,False
650001,2023,assign_county,,,0.0,Accepted report-only institutional-anchor CMS provider geocode closeout: same-state/same-ZIP unique matched CMS county assigned  () for provider 650001 fiscal year 2023. Same-city and external-geocode rows remain under review; no production promotion.,/Users/coryseidel/PersonalProjects/IdeaTests/LandInvest/output/institutional_anchor_provider_geocode_closeout_packet.csv,approve_same_zip_candidate_after_address_spotcheck,2026-06-04T15:35:17.159055+00:00,151,GUAM MEMORIAL HOSPITAL,GU,850 GOVERNOR CARLOS G CAMACHO RD,OKA TAMUNING,96911,,cms_county_blank,external_geocode_required,,,0,external_geocode_required,held_or_rejected,not_same_zip_closeout_action; not_same_zip_candidate_method; suggested_fips_not_in_county_lookup; candidate_confidence_below_0_86,False
400019,2023,assign_county,,,0.0,Accepted report-only institutional-anchor CMS provider geocode closeout: same-state/same-ZIP unique matched CMS county assigned  () for provider 400019 fiscal year 2023. Same-city and external-geocode rows remain under review; no production promotion.,/Users/coryseidel/PersonalProjects/IdeaTests/LandInvest/output/institutional_anchor_provider_geocode_closeout_packet.csv,approve_same_zip_candidate_after_address_spotcheck,2026-06-04T15:35:17.159055+00:00,152,HOSPITAL PAVIA SANTURCE,PR,ASIA STREET,SANTURCE,00910,,cms_county_blank,external_geocode_required,,,0,external_geocode_required,held_or_rejected,not_same_zip_closeout_action; not_same_zip_candidate_method; suggested_fips_not_in_county_lookup; candidate_confidence_below_0_86,False
390156,2024,assign_county,,,0.0,Accepted report-only institutional-anchor CMS provider geocode closeout: same-state/same-ZIP unique matched CMS county assigned  () for provider 390156 fiscal year 2024. Same-city and external-geocode rows remain under review; no production promotion.,/Users/coryseidel/PersonalProjects/IdeaTests/LandInvest/output/institutional_anchor_provider_geocode_closeout_packet.csv,approve_same_zip_candidate_after_address_spotcheck,2026-06-04T15:35:17.159055+00:00,153,MERCY CATHOLIC MEDICAL CENTER,PA,LANSDOWNE AVE & BAILEY RD.,DARBY,19023,USA,county_text_unmatched,external_geocode_required,,,0,external_geocode_required,held_or_rejected,not_same_zip_closeout_action; not_same_zip_candidate_method; suggested_fips_not_in_county_lookup; candidate_confidence_below_0_86,False
480001,2023,assign_county,,,0.0,Accepted report-only institutional-anchor CMS provider geocode closeout: same-state/same-ZIP unique matched CMS county assigned  () for provider 480001 fiscal year 2023. Same-city and external-geocode rows remain under review; no production promotion.,/Users/coryseidel/PersonalProjects/IdeaTests/LandInvest/output/institutional_anchor_provider_geocode_closeout_packet.csv,approve_same_zip_candidate_after_address_spotcheck,2026-06-04T15:35:17.159055+00:00,154,ROY L SCHNEIDER HOSPITAL,VI,9048 SUGAR ESTATE,ST. THOMAS,00801,,cms_county_blank,external_geocode_required,,,0,external_geocode_required,held_or_rejected,not_same_zip_closeout_action; not_same_zip_candidate_method; suggested_fips_not_in_county_lookup; candidate_confidence_below_0_86,False
394056,2024,assign_county,,,0.0,Accepted report-only institutional-anchor CMS provider geocode closeout: same-state/same-ZIP unique matched CMS county assigned  () for provider 394056 fiscal year 2024. Same-city and external-geocode rows remain under review; no production promotion.,/Users/coryseidel/PersonalProjects/IdeaTests/LandInvest/output/institutional_anchor_provider_geocode_closeout_packet.csv,approve_same_zip_candidate_after_address_spotcheck,2026-06-04T15:35:17.159055+00:00,155,TOWER BEHAVIORAL HEALTH,PA,201 WELLNESS WAY,READING,19605,ESMERALDA,county_text_unmatched,external_geocode_required,,,0,external_geocode_required,held_or_rejected,not_same_zip_closeout_action; not_same_zip_candidate_method; suggested_fips_not_in_county_lookup; candidate_confidence_below_0_86,False
400048,2024,assign_county,,,0.0,Accepted report-only institutional-anchor CMS provider geocode closeout: same-state/same-ZIP unique matched CMS county assigned  () for provider 400048 fiscal year 2024. Same-city and external-geocode rows remain under review; no production promotion.,/Users/coryseidel/PersonalProjects/IdeaTests/LandInvest/output/institutional_anchor_provider_geocode_closeout_packet.csv,approve_same_zip_candidate_after_address_spotcheck,2026-06-04T15:35:17.159055+00:00,156,HOSPITAL MENONITA GUAYAMA,PR,AVE PEDRO ALBIZU CAMPOS,GUAYAMA,00785,,cms_county_blank,external_geocode_required,,,0,external_geocode_required,held_or_rejected,not_same_zip_closeout_action; not_same_zip_candidate_method; suggested_fips_not_in_county_lookup; candidate_confidence_below_0_86,False
400102,2023,assign_county,,,0.0,Accepted report-only institutional-anchor CMS provider geocode closeout: same-state/same-ZIP unique matched CMS county assigned  () for provider 400102 fiscal year 2023. Same-city and external-geocode rows remain under review; no production promotion.,/Users/coryseidel/PersonalProjects/IdeaTests/LandInvest/output/institutional_anchor_provider_geocode_closeout_packet.csv,approve_same_zip_candidate_after_address_spotcheck,2026-06-04T15:35:17.159055+00:00,157,DOCTORS CENTER HOSPITAL BAYAMON,PR,STREET J-9 EXT. HERMANAS DAVILA,BAYAMON,00956,,cms_county_blank,external_geocode_required,,,0,external_geocode_required,held_or_rejected,not_same_zip_closeout_action; not_same_zip_candidate_method; suggested_fips_not_in_county_lookup; candidate_confidence_below_0_86,False
400004,2024,assign_county,,,0.0,Accepted report-only institutional-anchor CMS provider geocode closeout: same-state/same-ZIP unique matched CMS county assigned  () for provider 400004 fiscal year 2024. Same-city and external-geocode rows remain under review; no production promotion.,/Users/coryseidel/PersonalProjects/IdeaTests/LandInvest/output/institutional_anchor_provider_geocode_closeout_packet.csv,approve_same_zip_candidate_after_address_spotcheck,2026-06-04T15:35:17.159055+00:00,158,ASOCIACION HOSPITAL DEL MAESTRO,PR,SERGIO CUEVAS BUSTAMTE,SANJUAN,00969,,cms_county_blank,external_geocode_required,,,0,external_geocode_required,held_or_rejected,not_same_zip_closeout_action; not_same_zip_candidate_method; suggested_fips_not_in_county_lookup; candidate_confidence_below_0_86,False
394040,2024,assign_county,,,0.0,Accepted report-only institutional-anchor CMS provider geocode closeout: same-state/same-ZIP unique matched CMS county assigned  () for provider 394040 fiscal year 2024. Same-city and external-geocode rows remain under review; no production promotion.,/Users/coryseidel/PersonalProjects/IdeaTests/LandInvest/output/institutional_anchor_provider_geocode_closeout_packet.csv,approve_same_zip_candidate_after_address_spotcheck,2026-06-04T15:35:17.159055+00:00,159,THE MEADOWS HOSPITAL,PA,1 EARLYSTOWN RD,CENTRE HALL,16828,CENTRE HALL,county_text_unmatched,external_geocode_required,,,0,external_geocode_required,held_or_rejected,not_same_zip_closeout_action; not_same_zip_candidate_method; suggested_fips_not_in_county_lookup; candidate_confidence_below_0_86,False
400138,2023,assign_county,,,0.0,Accepted report-only institutional-anchor CMS provider geocode closeout: same-state/same-ZIP unique matched CMS county assigned  () for provider 400138 fiscal year 2023. Same-city and external-geocode rows remain under review; no production promotion.,/Users/coryseidel/PersonalProjects/IdeaTests/LandInvest/output/institutional_anchor_provider_geocode_closeout_packet.csv,approve_same_zip_candidate_after_address_spotcheck,2026-06-04T15:35:17.159055+00:00,160,PUERTO RICO WOMEN AND CHILDRENS HOSP,PR,CARR. PR-2 KM 11.6 (INTERIOR),BAYAMON,00959,,cms_county_blank,external_geocode_required,,,0,external_geocode_required,held_or_rejected,not_same_zip_closeout_action; not_same_zip_candidate_method; suggested_fips_not_in_county_lookup; candidate_confidence_below_0_86,False
400115,2023,assign_county,,,0.0,Accepted report-only institutional-anchor CMS provider geocode closeout: same-state/same-ZIP unique matched CMS county assigned  () for provider 400115 fiscal year 2023. Same-city and external-geocode rows remain under review; no production promotion.,/Users/coryseidel/PersonalProjects/IdeaTests/LandInvest/output/institutional_anchor_provider_geocode_closeout_packet.csv,approve_same_zip_candidate_after_address_spotcheck,2026-06-04T15:35:17.159055+00:00,161,HOSPITAL WILMA N VAZQUEZ,PR,#2 KM 39.5,VEGA BAJA,00693,,cms_county_blank,external_geocode_required,,,0,external_geocode_required,held_or_rejected,not_same_zip_closeout_action; not_same_zip_candidate_method; suggested_fips_not_in_county_lookup; candidate_confidence_below_0_86,False
460060,2024,assign_county,,,0.0,Accepted report-only institutional-anchor CMS provider geocode closeout: same-state/same-ZIP unique matched CMS county assigned  () for provider 460060 fiscal year 2024. Same-city and external-geocode rows remain under review; no production promotion.,/Users/coryseidel/PersonalProjects/IdeaTests/LandInvest/output/institutional_anchor_provider_geocode_closeout_packet.csv,approve_same_zip_candidate_after_address_spotcheck,2026-06-04T15:35:17.159055+00:00,162,LONE PEAK HOSPITAL,UT,11925 S STATE STREET,DRAPER,84020,UNITED STATES,county_text_unmatched,external_geocode_required,,,0,external_geocode_required,held_or_rejected,not_same_zip_closeout_action; not_same_zip_candidate_method; suggested_fips_not_in_county_lookup; candidate_confidence_below_0_86,False
400105,2024,assign_county,,,0.0,Accepted report-only institutional-anchor CMS provider geocode closeout: same-state/same-ZIP unique matched CMS county assigned  () for provider 400105 fiscal year 2024. Same-city and external-geocode rows remain under review; no production promotion.,/Users/coryseidel/PersonalProjects/IdeaTests/LandInvest/output/institutional_anchor_provider_geocode_closeout_packet.csv,approve_same_zip_candidate_after_address_spotcheck,2026-06-04T15:35:17.159055+00:00,163,BAYAMON REGIONAL HOSPITAL,PR,LAUREL #100,BAYAMON,00956,,cms_county_blank,external_geocode_required,,,0,external_geocode_required,held_or_rejected,not_same_zip_closeout_action; not_same_zip_candidate_method; suggested_fips_not_in_county_lookup; candidate_confidence_below_0_86,False
660001,2023,assign_county,,,0.0,Accepted report-only institutional-anchor CMS provider geocode closeout: same-state/same-ZIP unique matched CMS county assigned  () for provider 660001 fiscal year 2023. Same-city and external-geocode rows remain under review; no production promotion.,/Users/coryseidel/PersonalProjects/IdeaTests/LandInvest/output/institutional_anchor_provider_geocode_closeout_packet.csv,approve_same_zip_candidate_after_address_spotcheck,2026-06-04T15:35:17.159055+00:00,164,COMMONWEALTH HEALTH CENTER,MP,LOWER NAVY HILL RD,SAIPAN,96950,STATEWIDE,county_text_unmatched,external_geocode_required,,,0,external_geocode_required,held_or_rejected,not_same_zip_closeout_action; not_same_zip_candidate_method; suggested_fips_not_in_county_lookup; candidate_confidence_below_0_86,False
224039,2023,assign_county,,,0.0,Accepted report-only institutional-anchor CMS provider geocode closeout: same-state/same-ZIP unique matched CMS county assigned  () for provider 224039 fiscal year 2023. Same-city and external-geocode rows remain under review; no production promotion.,/Users/coryseidel/PersonalProjects/IdeaTests/LandInvest/output/institutional_anchor_provider_geocode_closeout_packet.csv,approve_same_zip_candidate_after_address_spotcheck,2026-06-04T15:35:17.159055+00:00,165,HAVERHILL PAVILION,MA,76 SUMMER STREED,HAVERHILL,01832,ARCHER,county_text_unmatched,external_geocode_required,,,0,external_geocode_required,held_or_rejected,not_same_zip_closeout_action; not_same_zip_candidate_method; suggested_fips_not_in_county_lookup; candidate_confidence_below_0_86,False
480002,2023,assign_county,,,0.0,Accepted report-only institutional-anchor CMS provider geocode closeout: same-state/same-ZIP unique matched CMS county assigned  () for provider 480002 fiscal year 2023. Same-city and external-geocode rows remain under review; no production promotion.,/Users/coryseidel/PersonalProjects/IdeaTests/LandInvest/output/institutional_anchor_provider_geocode_closeout_packet.csv,approve_same_zip_candidate_after_address_spotcheck,2026-06-04T15:35:17.159055+00:00,166,GOV. JUAN F. LUIS HOSPITAL,VI,4007 EAST DIAMOND RUBY,CHRISTIANSTED,00820,,cms_county_blank,external_geocode_required,,,0,external_geocode_required,held_or_rejected,not_same_zip_closeout_action; not_same_zip_candidate_method; suggested_fips_not_in_county_lookup; candidate_confidence_below_0_86,False
403027,2023,assign_county,,,0.0,Accepted report-only institutional-anchor CMS provider geocode closeout: same-state/same-ZIP unique matched CMS county assigned  () for provider 403027 fiscal year 2023. Same-city and external-geocode rows remain under review; no production promotion.,/Users/coryseidel/PersonalProjects/IdeaTests/LandInvest/output/institutional_anchor_provider_geocode_closeout_packet.csv,approve_same_zip_candidate_after_address_spotcheck,2026-06-04T15:35:17.159055+00:00,167,MULTY MEDICAL FACILITIES,PR,MUNOZ RIVERA AVENUE #402,SAN JUAN PR 00918,00918,,cms_county_blank,external_geocode_required,,,0,external_geocode_required,held_or_rejected,not_same_zip_closeout_action; not_same_zip_candidate_method; suggested_fips_not_in_county_lookup; candidate_confidence_below_0_86,False
400128,2023,assign_county,,,0.0,Accepted report-only institutional-anchor CMS provider geocode closeout: same-state/same-ZIP unique matched CMS county assigned  () for provider 400128 fiscal year 2023. Same-city and external-geocode rows remain under review; no production promotion.,/Users/coryseidel/PersonalProjects/IdeaTests/LandInvest/output/institutional_anchor_provider_geocode_closeout_packet.csv,approve_same_zip_candidate_after_address_spotcheck,2026-06-04T15:35:17.159055+00:00,168,HOSPITAL METRO HATO REY INC.,PR,PONCE DE LEON #435,HATO REY,00917,HATO REY,county_text_unmatched,external_geocode_required,,,0,external_geocode_required,held_or_rejected,not_same_zip_closeout_action; not_same_zip_candidate_method; suggested_fips_not_in_county_lookup; candidate_confidence_below_0_86,False
400137,2023,assign_county,,,0.0,Accepted report-only institutional-anchor CMS provider geocode closeout: same-state/same-ZIP unique matched CMS county assigned  () for provider 400137 fiscal year 2023. Same-city and external-geocode rows remain under review; no production promotion.,/Users/coryseidel/PersonalProjects/IdeaTests/LandInvest/output/institutional_anchor_provider_geocode_closeout_packet.csv,approve_same_zip_candidate_after_address_spotcheck,2026-06-04T15:35:17.159055+00:00,169,DOCTORS CENTER HOSPITAL OH-DORADO,PR,RD 696 INTERSEC EFRON AVE BO HIGUI,DORADO,00646,,cms_county_blank,external_geocode_required,,,0,external_geocode_required,held_or_rejected,not_same_zip_closeout_action; not_same_zip_candidate_method; suggested_fips_not_in_county_lookup; candidate_confidence_below_0_86,False
400122,2024,assign_county,,,0.0,Accepted report-only institutional-anchor CMS provider geocode closeout: same-state/same-ZIP unique matched CMS county assigned  () for provider 400122 fiscal year 2024. Same-city and external-geocode rows remain under review; no production promotion.,/Users/coryseidel/PersonalProjects/IdeaTests/LandInvest/output/institutional_anchor_provider_geocode_closeout_packet.csv,approve_same_zip_candidate_after_address_spotcheck,2026-06-04T15:35:17.159055+00:00,170,PROFESSIONAL HOSPITAL,PR,AVE LAS CUMBRES,GUAYNABO,00970,,cms_county_blank,external_geocode_required,,,0,external_geocode_required,held_or_rejected,not_same_zip_closeout_action; not_same_zip_candidate_method; suggested_fips_not_in_county_lookup; candidate_confidence_below_0_86,False
400012,2024,assign_county,,,0.0,Accepted report-only institutional-anchor CMS provider geocode closeout: same-state/same-ZIP unique matched CMS county assigned  () for provider 400012 fiscal year 2024. Same-city and external-geocode rows remain under review; no production promotion.,/Users/coryseidel/PersonalProjects/IdeaTests/LandInvest/output/institutional_anchor_provider_geocode_closeout_packet.csv,approve_same_zip_candidate_after_address_spotcheck,2026-06-04T15:35:17.159055+00:00,171,HOSPITAL I GONZALEZ MARTINEZ,PR,CENTRO MEDICO,PO BOX 191811 SAN JUAN,00919,,cms_county_blank,external_geocode_required,,,0,external_geocode_required,held_or_rejected,not_same_zip_closeout_action; not_same_zip_candidate_method; suggested_fips_not_in_county_lookup; candidate_confidence_below_0_86,False
404007,2023,assign_county,,,0.0,Accepted report-only institutional-anchor CMS provider geocode closeout: same-state/same-ZIP unique matched CMS county assigned  () for provider 404007 fiscal year 2023. Same-city and external-geocode rows remain under review; no production promotion.,/Users/coryseidel/PersonalProjects/IdeaTests/LandInvest/output/institutional_anchor_provider_geocode_closeout_packet.csv,approve_same_zip_candidate_after_address_spotcheck,2026-06-04T15:35:17.159055+00:00,172,HOSPITAL PSIQUIATRICO CABO ROJO,PR,CALLE MUNOZ RIVERA 108,CABO ROJO,00623,,cms_county_blank,external_geocode_required,,,0,external_geocode_required,held_or_rejected,not_same_zip_closeout_action; not_same_zip_candidate_method; suggested_fips_not_in_county_lookup; candidate_confidence_below_0_86,False
191309,2023,assign_county,,,0.0,Accepted report-only institutional-anchor CMS provider geocode closeout: same-state/same-ZIP unique matched CMS county assigned  () for provider 191309 fiscal year 2023. Same-city and external-geocode rows remain under review; no production promotion.,/Users/coryseidel/PersonalProjects/IdeaTests/LandInvest/output/institutional_anchor_provider_geocode_closeout_packet.csv,approve_same_zip_candidate_after_address_spotcheck,2026-06-04T15:35:17.159055+00:00,173,HOOD MEMORIAL HOSPITAL,LA,301 WEST WALNUT,AMITE,70422,STATEWIDE PARISH,county_text_unmatched,external_geocode_required,,,0,external_geocode_required,held_or_rejected,not_same_zip_closeout_action; not_same_zip_candidate_method; suggested_fips_not_in_county_lookup; candidate_confidence_below_0_86,False
241347,2023,assign_county,,,0.0,Accepted report-only institutional-anchor CMS provider geocode closeout: same-state/same-ZIP unique matched CMS county assigned  () for provider 241347 fiscal year 2023. Same-city and external-geocode rows remain under review; no production promotion.,/Users/coryseidel/PersonalProjects/IdeaTests/LandInvest/output/institutional_anchor_provider_geocode_closeout_packet.csv,approve_same_zip_candidate_after_address_spotcheck,2026-06-04T15:35:17.159055+00:00,174,SANFORD HOSPITAL CANBY,MN,112 SAINT OLAF AVENUE,CANBY,56220,YELLOW MEDCINE,county_text_unmatched,external_geocode_required,,,0,external_geocode_required,held_or_rejected,not_same_zip_closeout_action; not_same_zip_candidate_method; suggested_fips_not_in_county_lookup; candidate_confidence_below_0_86,False
371307,2023,assign_county,,,0.0,Accepted report-only institutional-anchor CMS provider geocode closeout: same-state/same-ZIP unique matched CMS county assigned  () for provider 371307 fiscal year 2023. Same-city and external-geocode rows remain under review; no production promotion.,/Users/coryseidel/PersonalProjects/IdeaTests/LandInvest/output/institutional_anchor_provider_geocode_closeout_packet.csv,approve_same_zip_candidate_after_address_spotcheck,2026-06-04T15:35:17.159055+00:00,175,CIMARRON MEMORIAL HOSPITAL,OK,100 SOUTH ELLIS,BOISE CITY,73933,BEE,county_text_unmatched,external_geocode_required,,,0,external_geocode_required,held_or_rejected,not_same_zip_closeout_action; not_same_zip_candidate_method; suggested_fips_not_in_county_lookup; candidate_confidence_below_0_86,False
021307,2023,assign_county,,,0.0,Accepted report-only institutional-anchor CMS provider geocode closeout: same-state/same-ZIP unique matched CMS county assigned  () for provider 021307 fiscal year 2023. Same-city and external-geocode rows remain under review; no production promotion.,/Users/coryseidel/PersonalProjects/IdeaTests/LandInvest/output/institutional_anchor_provider_geocode_closeout_packet.csv,approve_same_zip_candidate_after_address_spotcheck,2026-06-04T15:35:17.159055+00:00,176,CORDOVA COMMUNITY MEDICAL CENTER,AK,602 CHASE STREET,CORDOVA,99574,CORDOVA,county_text_unmatched,external_geocode_required,,,0,external_geocode_required,held_or_rejected,not_same_zip_closeout_action; not_same_zip_candidate_method; suggested_fips_not_in_county_lookup; candidate_confidence_below_0_86,False
400010,2023,assign_county,,,0.0,Accepted report-only institutional-anchor CMS provider geocode closeout: same-state/same-ZIP unique matched CMS county assigned  () for provider 400010 fiscal year 2023. Same-city and external-geocode rows remain under review; no production promotion.,/Users/coryseidel/PersonalProjects/IdeaTests/LandInvest/output/institutional_anchor_provider_geocode_closeout_packet.csv,approve_same_zip_candidate_after_address_spotcheck,2026-06-04T15:35:17.159055+00:00,177,CASTANER HOSPITAL,PR,PO BOX 1003,CASTANER,00631,,cms_county_blank,external_geocode_required,,,0,external_geocode_required,held_or_rejected,not_same_zip_closeout_action; not_same_zip_candidate_method; suggested_fips_not_in_county_lookup; candidate_confidence_below_0_86,False
