cms_provider_number,fiscal_year,manual_review_decision,manual_fips,manual_county_name,manual_geocode_confidence,manual_review_note,acceptance_source,acceptance_action,accepted_at,provider_name,state_abbr,city,zip5,street_address,closeout_action,census_candidate_status,census_match_type,census_matched_address,census_candidate_score,census_attempt_label,acceptance_status,acceptance_issue,production_model_rank_or_dashboard_change
020001,2023,assign_county,02020,"Anchorage Municipality, Alaska",0.84,"Accepted report-only institutional-anchor CMS provider geocode: external provider row confirmed by exact Census geographies address match to Anchorage Municipality, Alaska (02020) for provider 020001 fiscal year 2023. Institutional source promotion remains blocked by source-maturity, leakage, and model-impact gates.",/Users/coryseidel/PersonalProjects/IdeaTests/LandInvest/output/institutional_anchor_provider_geocode_census_candidates.csv,external_census_exact_confirmed,2026-06-04T14:02:28.324990+00:00,PROVIDENCE ALASKA MEDICAL CENTER,AK,ANCHORAGE,99519,3200 PROVIDENCE DRIVE,spot_check_same_city_candidate_before_assignment,same_city_census_context_only,Non_Exact,"3200 PROVIDENCE DR, ANCHORAGE, AK, 99508",0.8,provider_original,held_or_rejected,not_external_geocode_action; not_external_census_candidate_ready_status; census_match_type_not_exact; census_confidence_below_0_93; census_score_below_0_97; matched_address_missing_provider_zip5,False
050180,2023,assign_county,06013,"Contra Costa County, California",0.93,"Accepted report-only institutional-anchor CMS provider geocode: external provider row confirmed by exact Census geographies address match to Contra Costa County, California (06013) for provider 050180 fiscal year 2023. Institutional source promotion remains blocked by source-maturity, leakage, and model-impact gates.",/Users/coryseidel/PersonalProjects/IdeaTests/LandInvest/output/institutional_anchor_provider_geocode_census_candidates.csv,external_census_exact_confirmed,2026-06-04T14:02:28.324990+00:00,JOHN MUIR MEDICAL CENTER - WC,CA,WALNUT CREEK,94598,1601 YGNACIO VALLEY ROAD,spot_check_same_city_candidate_before_assignment,same_city_census_confirms_candidate,Exact,"1601 YGNACIO VALLEY RD, WALNUT CREEK, CA, 94598",0.97,provider_original,held_or_rejected,not_external_geocode_action; not_external_census_candidate_ready_status,False
050174,2024,assign_county,06097,"Sonoma County, California",0.93,"Accepted report-only institutional-anchor CMS provider geocode: external provider row confirmed by exact Census geographies address match to Sonoma County, California (06097) for provider 050174 fiscal year 2024. Institutional source promotion remains blocked by source-maturity, leakage, and model-impact gates.",/Users/coryseidel/PersonalProjects/IdeaTests/LandInvest/output/institutional_anchor_provider_geocode_census_candidates.csv,external_census_exact_confirmed,2026-06-04T14:02:28.324990+00:00,SANTA ROSA MEMORIAL HOSPITAL,CA,SANTA ROSA,95405,1165 MONTGOMERY DRIVE,spot_check_same_city_candidate_before_assignment,same_city_census_confirms_candidate,Exact,"1165 MONTGOMERY DR, SANTA ROSA, CA, 95405",0.97,provider_original,held_or_rejected,not_external_geocode_action; not_external_census_candidate_ready_status,False
050069,2024,assign_county,06059,"Orange County, California",0.84,"Accepted report-only institutional-anchor CMS provider geocode: external provider row confirmed by exact Census geographies address match to Orange County, California (06059) for provider 050069 fiscal year 2024. Institutional source promotion remains blocked by source-maturity, leakage, and model-impact gates.",/Users/coryseidel/PersonalProjects/IdeaTests/LandInvest/output/institutional_anchor_provider_geocode_census_candidates.csv,external_census_exact_confirmed,2026-06-04T14:02:28.324990+00:00,ST. JOSEPH HOSPITAL OF ORANGE,CA,ORANGE,92863,1100 WEST STEWART DRIVE,spot_check_same_city_candidate_before_assignment,same_city_census_context_only,Non_Exact,"1100 W STEWART DR, ORANGE, CA, 92868",0.8,provider_original,held_or_rejected,not_external_geocode_action; not_external_census_candidate_ready_status; census_match_type_not_exact; census_confidence_below_0_93; census_score_below_0_97; matched_address_missing_provider_zip5,False
050351,2024,assign_county,06037,"Los Angeles County, California",0.93,"Accepted report-only institutional-anchor CMS provider geocode: external provider row confirmed by exact Census geographies address match to Los Angeles County, California (06037) for provider 050351 fiscal year 2024. Institutional source promotion remains blocked by source-maturity, leakage, and model-impact gates.",/Users/coryseidel/PersonalProjects/IdeaTests/LandInvest/output/institutional_anchor_provider_geocode_census_candidates.csv,external_census_exact_confirmed,2026-06-04T14:02:28.324990+00:00,TORRANCE MEMORIAL MEDICAL CENTER,CA,TORRANCE,90505,3330 LOMITA BOULEVARD,spot_check_same_city_candidate_before_assignment,same_city_census_confirms_candidate,Exact,"3330 LOMITA BLVD, TORRANCE, CA, 90505",0.97,provider_original,held_or_rejected,not_external_geocode_action; not_external_census_candidate_ready_status,False
100209,2023,assign_county,,,,"Accepted report-only institutional-anchor CMS provider geocode: external provider row confirmed by exact Census geographies address match to  () for provider 100209 fiscal year 2023. Institutional source promotion remains blocked by source-maturity, leakage, and model-impact gates.",/Users/coryseidel/PersonalProjects/IdeaTests/LandInvest/output/institutional_anchor_provider_geocode_census_candidates.csv,external_census_exact_confirmed,2026-06-04T14:02:28.324990+00:00,HCA FLORIDA KENDALL HOSPITAL,FL,MIAMI,33175,11750 BIRD ROAD,spot_check_same_city_candidate_before_assignment,unresolved_after_census_batch,,,,,held_or_rejected,not_external_geocode_action; not_external_census_candidate_ready_status; not_provider_original_attempt; census_match_status_not_match; census_match_type_not_exact; census_fips_not_in_county_lookup; census_confidence_below_0_93; census_score_below_0_97; missing_census_matched_address; matched_address_missing_provider_zip5; matched_address_missing_number,False
100204,2024,assign_county,12001,"Alachua County, Florida",0.93,"Accepted report-only institutional-anchor CMS provider geocode: external provider row confirmed by exact Census geographies address match to Alachua County, Florida (12001) for provider 100204 fiscal year 2024. Institutional source promotion remains blocked by source-maturity, leakage, and model-impact gates.",/Users/coryseidel/PersonalProjects/IdeaTests/LandInvest/output/institutional_anchor_provider_geocode_census_candidates.csv,external_census_exact_confirmed,2026-06-04T14:02:28.324990+00:00,HCA FLORIDA NORTH FLORIDA HOSP,FL,GAINESVILLE,32605,6500 W NEWBERRY ROAD,spot_check_same_city_candidate_before_assignment,same_city_census_confirms_candidate,Exact,"6500 W NEWBERRY RD, GAINESVILLE, FL, 32605",0.97,provider_original,held_or_rejected,not_external_geocode_action; not_external_census_candidate_ready_status,False
190064,2024,assign_county,,,,"Accepted report-only institutional-anchor CMS provider geocode: external provider row confirmed by exact Census geographies address match to  () for provider 190064 fiscal year 2024. Institutional source promotion remains blocked by source-maturity, leakage, and model-impact gates.",/Users/coryseidel/PersonalProjects/IdeaTests/LandInvest/output/institutional_anchor_provider_geocode_census_candidates.csv,external_census_exact_confirmed,2026-06-04T14:02:28.324990+00:00,OUR LADY OF THE LAKE RMC,LA,BATON ROUGE,70808,5000 HENNESSY BLVD,spot_check_same_city_candidate_before_assignment,unresolved_after_census_batch,,,,,held_or_rejected,not_external_geocode_action; not_external_census_candidate_ready_status; not_provider_original_attempt; census_match_status_not_match; census_match_type_not_exact; census_fips_not_in_county_lookup; census_confidence_below_0_93; census_score_below_0_97; missing_census_matched_address; matched_address_missing_provider_zip5; matched_address_missing_number,False
230017,2023,assign_county,26077,"Kalamazoo County, Michigan",0.93,"Accepted report-only institutional-anchor CMS provider geocode: external provider row confirmed by exact Census geographies address match to Kalamazoo County, Michigan (26077) for provider 230017 fiscal year 2023. Institutional source promotion remains blocked by source-maturity, leakage, and model-impact gates.",/Users/coryseidel/PersonalProjects/IdeaTests/LandInvest/output/institutional_anchor_provider_geocode_census_candidates.csv,external_census_exact_confirmed,2026-06-04T14:02:28.324990+00:00,BRONSON METHODIST HOSPITAL,MI,KALAMAZOO,49007,601 JOHN STREET,spot_check_same_city_candidate_before_assignment,same_city_census_confirms_candidate,Exact,"601 JOHN ST, KALAMAZOO, MI, 49007",0.97,provider_original,held_or_rejected,not_external_geocode_action; not_external_census_candidate_ready_status,False
260105,2023,assign_county,,,,"Accepted report-only institutional-anchor CMS provider geocode: external provider row confirmed by exact Census geographies address match to  () for provider 260105 fiscal year 2023. Institutional source promotion remains blocked by source-maturity, leakage, and model-impact gates.",/Users/coryseidel/PersonalProjects/IdeaTests/LandInvest/output/institutional_anchor_provider_geocode_census_candidates.csv,external_census_exact_confirmed,2026-06-04T14:02:28.324990+00:00,SSM SAINT LOUIS UNIVERSITY HOSPITAL,MO,ST. LOUIS,63104,1201 SOUTH GRAND BLVD,spot_check_same_city_candidate_before_assignment,unresolved_after_census_batch,,,,,held_or_rejected,not_external_geocode_action; not_external_census_candidate_ready_status; not_provider_original_attempt; census_match_status_not_match; census_match_type_not_exact; census_fips_not_in_county_lookup; census_confidence_below_0_93; census_score_below_0_97; missing_census_matched_address; matched_address_missing_provider_zip5; matched_address_missing_number,False
320001,2024,assign_county,35001,"Bernalillo County, New Mexico",0.93,"Accepted report-only institutional-anchor CMS provider geocode: external provider row confirmed by exact Census geographies address match to Bernalillo County, New Mexico (35001) for provider 320001 fiscal year 2024. Institutional source promotion remains blocked by source-maturity, leakage, and model-impact gates.",/Users/coryseidel/PersonalProjects/IdeaTests/LandInvest/output/institutional_anchor_provider_geocode_census_candidates.csv,external_census_exact_confirmed,2026-06-04T14:02:28.324990+00:00,UNIVERSITY OF NEW MEXICO HOSPITAL,NM,ALBUQUERQUE,87106,2211 LOMAS BLVD NE,spot_check_same_city_candidate_before_assignment,same_city_census_confirms_candidate,Exact,"2211 LOMAS BLVD NE, ALBUQUERQUE, NM, 87106",0.97,provider_original,held_or_rejected,not_external_geocode_action; not_external_census_candidate_ready_status,False
290041,2023,assign_county,,,,"Accepted report-only institutional-anchor CMS provider geocode: external provider row confirmed by exact Census geographies address match to  () for provider 290041 fiscal year 2023. Institutional source promotion remains blocked by source-maturity, leakage, and model-impact gates.",/Users/coryseidel/PersonalProjects/IdeaTests/LandInvest/output/institutional_anchor_provider_geocode_census_candidates.csv,external_census_exact_confirmed,2026-06-04T14:02:28.324990+00:00,SUMMERLIN HOSPITAL MEDICAL CENTER,NV,LAS VEGAS,89114,657 TOWN CENTER DRIVE,spot_check_same_city_candidate_before_assignment,unresolved_after_census_batch,,,,,held_or_rejected,not_external_geocode_action; not_external_census_candidate_ready_status; not_provider_original_attempt; census_match_status_not_match; census_match_type_not_exact; census_fips_not_in_county_lookup; census_confidence_below_0_93; census_score_below_0_97; missing_census_matched_address; matched_address_missing_provider_zip5; matched_address_missing_number,False
330119,2023,assign_county,36061,"New York County, New York",0.93,"Accepted report-only institutional-anchor CMS provider geocode: external provider row confirmed by exact Census geographies address match to New York County, New York (36061) for provider 330119 fiscal year 2023. Institutional source promotion remains blocked by source-maturity, leakage, and model-impact gates.",/Users/coryseidel/PersonalProjects/IdeaTests/LandInvest/output/institutional_anchor_provider_geocode_census_candidates.csv,external_census_exact_confirmed,2026-06-04T14:02:28.324990+00:00,LENOX HILL HOSPITAL,NY,NEW YORK,10075,100 EAST 77TH STREET,spot_check_same_city_candidate_before_assignment,same_city_census_confirms_candidate,Exact,"100 E 77TH ST, NEW YORK, NY, 10075",0.97,provider_original,held_or_rejected,not_external_geocode_action; not_external_census_candidate_ready_status,False
370093,2024,assign_county,,,,"Accepted report-only institutional-anchor CMS provider geocode: external provider row confirmed by exact Census geographies address match to  () for provider 370093 fiscal year 2024. Institutional source promotion remains blocked by source-maturity, leakage, and model-impact gates.",/Users/coryseidel/PersonalProjects/IdeaTests/LandInvest/output/institutional_anchor_provider_geocode_census_candidates.csv,external_census_exact_confirmed,2026-06-04T14:02:28.324990+00:00,OU MEDICAL CENTER,OK,OKLAHOMA CITY,73104,1200 CHILDRENS AVE,spot_check_same_city_candidate_before_assignment,unresolved_after_census_batch,,,,,held_or_rejected,not_external_geocode_action; not_external_census_candidate_ready_status; not_provider_original_attempt; census_match_status_not_match; census_match_type_not_exact; census_fips_not_in_county_lookup; census_confidence_below_0_93; census_score_below_0_97; missing_census_matched_address; matched_address_missing_provider_zip5; matched_address_missing_number,False
390067,2024,assign_county,42043,"Dauphin County, Pennsylvania",0.93,"Accepted report-only institutional-anchor CMS provider geocode: external provider row confirmed by exact Census geographies address match to Dauphin County, Pennsylvania (42043) for provider 390067 fiscal year 2024. Institutional source promotion remains blocked by source-maturity, leakage, and model-impact gates.",/Users/coryseidel/PersonalProjects/IdeaTests/LandInvest/output/institutional_anchor_provider_geocode_census_candidates.csv,external_census_exact_confirmed,2026-06-04T14:02:28.324990+00:00,UPMC PINNACLE HOSPITALS,PA,HARRISBURG,17101,409 S. 2ND STREET,spot_check_same_city_candidate_before_assignment,same_city_census_confirms_candidate,Exact,"409 S 2ND ST, HARRISBURG, PA, 17101",0.97,provider_original,held_or_rejected,not_external_geocode_action; not_external_census_candidate_ready_status,False
450788,2024,assign_county,,,,"Accepted report-only institutional-anchor CMS provider geocode: external provider row confirmed by exact Census geographies address match to  () for provider 450788 fiscal year 2024. Institutional source promotion remains blocked by source-maturity, leakage, and model-impact gates.",/Users/coryseidel/PersonalProjects/IdeaTests/LandInvest/output/institutional_anchor_provider_geocode_census_candidates.csv,external_census_exact_confirmed,2026-06-04T14:02:28.324990+00:00,CORPUS CHRISTI MEDICAL CENTER,TX,CORPUS CHRISTI,78412,7101 SOUTH PADRE ISLAND DRIVE,spot_check_same_city_candidate_before_assignment,unresolved_after_census_batch,,,,,held_or_rejected,not_external_geocode_action; not_external_census_candidate_ready_status; not_provider_original_attempt; census_match_status_not_match; census_match_type_not_exact; census_fips_not_in_county_lookup; census_confidence_below_0_93; census_score_below_0_97; missing_census_matched_address; matched_address_missing_provider_zip5; matched_address_missing_number,False
450431,2023,assign_county,48453,"Travis County, Texas",0.84,"Accepted report-only institutional-anchor CMS provider geocode: external provider row confirmed by exact Census geographies address match to Travis County, Texas (48453) for provider 450431 fiscal year 2023. Institutional source promotion remains blocked by source-maturity, leakage, and model-impact gates.",/Users/coryseidel/PersonalProjects/IdeaTests/LandInvest/output/institutional_anchor_provider_geocode_census_candidates.csv,external_census_exact_confirmed,2026-06-04T14:02:28.324990+00:00,ST. DAVIDS MEDICAL CENTER,TX,AUSTIN,78765,919 EAST 32ND STREET,spot_check_same_city_candidate_before_assignment,same_city_census_context_only,Non_Exact,"919 E 32ND ST, AUSTIN, TX, 78705",0.8,provider_original,held_or_rejected,not_external_geocode_action; not_external_census_candidate_ready_status; census_match_type_not_exact; census_confidence_below_0_93; census_score_below_0_97; matched_address_missing_provider_zip5,False
490009,2024,assign_county,51540,"Charlottesville city, Virginia",0.84,"Accepted report-only institutional-anchor CMS provider geocode: external provider row confirmed by exact Census geographies address match to Charlottesville city, Virginia (51540) for provider 490009 fiscal year 2024. Institutional source promotion remains blocked by source-maturity, leakage, and model-impact gates.",/Users/coryseidel/PersonalProjects/IdeaTests/LandInvest/output/institutional_anchor_provider_geocode_census_candidates.csv,external_census_exact_confirmed,2026-06-04T14:02:28.324990+00:00,UNIVERSITY OF VIRGINIA MEDICAL CENTE,VA,CHARLOTTESVILLE,22908,855 WEST MAIN STREET,spot_check_same_city_candidate_before_assignment,same_city_census_conflicts_candidate,Non_Exact,"855 W MAIN ST, CHARLOTTESVILLE, VA, 22903",0.8,provider_original,held_or_rejected,not_external_geocode_action; not_external_census_candidate_ready_status; census_match_type_not_exact; census_confidence_below_0_93; census_score_below_0_97; matched_address_missing_provider_zip5,False
030115,2023,assign_county,,,,"Accepted report-only institutional-anchor CMS provider geocode: external provider row confirmed by exact Census geographies address match to  () for provider 030115 fiscal year 2023. Institutional source promotion remains blocked by source-maturity, leakage, and model-impact gates.",/Users/coryseidel/PersonalProjects/IdeaTests/LandInvest/output/institutional_anchor_provider_geocode_census_candidates.csv,external_census_exact_confirmed,2026-06-04T14:02:28.324990+00:00,BANNER ESTRELLA MEDICAL CENTER,AZ,PHOENIX,85037,9201 WEST THOMAS ROAD,spot_check_same_city_candidate_before_assignment,unresolved_after_census_batch,,,,,held_or_rejected,not_external_geocode_action; not_external_census_candidate_ready_status; not_provider_original_attempt; census_match_status_not_match; census_match_type_not_exact; census_fips_not_in_county_lookup; census_confidence_below_0_93; census_score_below_0_97; missing_census_matched_address; matched_address_missing_provider_zip5; matched_address_missing_number,False
190128,2023,assign_county,22033,"East Baton Rouge Parish, Louisiana",0.93,"Accepted report-only institutional-anchor CMS provider geocode: external provider row confirmed by exact Census geographies address match to East Baton Rouge Parish, Louisiana (22033) for provider 190128 fiscal year 2023. Institutional source promotion remains blocked by source-maturity, leakage, and model-impact gates.",/Users/coryseidel/PersonalProjects/IdeaTests/LandInvest/output/institutional_anchor_provider_geocode_census_candidates.csv,external_census_exact_confirmed,2026-06-04T14:02:28.324990+00:00,WOMANS HOSPITAL,LA,BATON ROUGE,70817,100 WOMANS WAY,spot_check_same_city_candidate_before_assignment,same_city_census_confirms_candidate,Exact,"100 WOMANS WAY, BATON ROUGE, LA, 70817",0.97,provider_original,held_or_rejected,not_external_geocode_action; not_external_census_candidate_ready_status,False
464001,2024,assign_county,49049,"Utah County, Utah",0.93,"Accepted report-only institutional-anchor CMS provider geocode: external provider row confirmed by exact Census geographies address match to Utah County, Utah (49049) for provider 464001 fiscal year 2024. Institutional source promotion remains blocked by source-maturity, leakage, and model-impact gates.",/Users/coryseidel/PersonalProjects/IdeaTests/LandInvest/output/institutional_anchor_provider_geocode_census_candidates.csv,external_census_exact_confirmed,2026-06-04T14:02:28.324990+00:00,UTAH STATE HOSPITAL,UT,PROVO,84606,1300 E. CENTER STREET,spot_check_same_city_candidate_before_assignment,same_city_census_confirms_candidate,Exact,"1300 E CENTER ST, PROVO, UT, 84606",0.97,provider_original,held_or_rejected,not_external_geocode_action; not_external_census_candidate_ready_status,False
100131,2023,assign_county,12086,"Miami-Dade County, Florida",0.89,"Accepted report-only institutional-anchor CMS provider geocode: external provider row confirmed by exact Census geographies address match to Miami-Dade County, Florida (12086) for provider 100131 fiscal year 2023. Institutional source promotion remains blocked by source-maturity, leakage, and model-impact gates.",/Users/coryseidel/PersonalProjects/IdeaTests/LandInvest/output/institutional_anchor_provider_geocode_census_candidates.csv,external_census_exact_confirmed,2026-06-04T14:02:28.324990+00:00,HCA FLORIDA AVENTURA HOSPITAL,FL,MIAMI,33180,2801 NE 209TH ST AT BISCAYNE BLVD,spot_check_same_city_candidate_before_assignment,same_city_census_context_only,Non_Exact,"NE 209TH ST & BISCAYNE BLVD, MIAMI, FL, 33180",0.88,provider_original,held_or_rejected,not_external_geocode_action; not_external_census_candidate_ready_status; census_match_type_not_exact; census_confidence_below_0_93; census_score_below_0_97,False
260183,2024,assign_county,29031,"Cape Girardeau County, Missouri",0.93,"Accepted report-only institutional-anchor CMS provider geocode: external provider row confirmed by exact Census geographies address match to Cape Girardeau County, Missouri (29031) for provider 260183 fiscal year 2024. Institutional source promotion remains blocked by source-maturity, leakage, and model-impact gates.",/Users/coryseidel/PersonalProjects/IdeaTests/LandInvest/output/institutional_anchor_provider_geocode_census_candidates.csv,external_census_exact_confirmed,2026-06-04T14:02:28.324990+00:00,SAINT FRANCIS MEDICAL CENTER,MO,CAPE GIRARDEAU,63703,211 ST. FRANCIS DRIVE,spot_check_same_city_candidate_before_assignment,same_city_census_confirms_candidate,Exact,"211 ST FRANCIS DR, CAPE GIRARDEAU, MO, 63703",0.97,provider_original,held_or_rejected,not_external_geocode_action; not_external_census_candidate_ready_status,False
460047,2024,assign_county,49035,"Salt Lake County, Utah",0.93,"Accepted report-only institutional-anchor CMS provider geocode: external provider row confirmed by exact Census geographies address match to Salt Lake County, Utah (49035) for provider 460047 fiscal year 2024. Institutional source promotion remains blocked by source-maturity, leakage, and model-impact gates.",/Users/coryseidel/PersonalProjects/IdeaTests/LandInvest/output/institutional_anchor_provider_geocode_census_candidates.csv,external_census_exact_confirmed,2026-06-04T14:02:28.324990+00:00,ST MARKS HOSPITAL,UT,SALT LAKE CITY,84124,1200 EAST 3900 SOUTH,spot_check_same_city_candidate_before_assignment,same_city_census_confirms_candidate,Exact,"1200 E 3900 S, SALT LAKE CITY, UT, 84124",0.97,provider_original,held_or_rejected,not_external_geocode_action; not_external_census_candidate_ready_status,False
420026,2024,assign_county,45079,"Richland County, South Carolina",0.93,"Accepted report-only institutional-anchor CMS provider geocode: external provider row confirmed by exact Census geographies address match to Richland County, South Carolina (45079) for provider 420026 fiscal year 2024. Institutional source promotion remains blocked by source-maturity, leakage, and model-impact gates.",/Users/coryseidel/PersonalProjects/IdeaTests/LandInvest/output/institutional_anchor_provider_geocode_census_candidates.csv,external_census_exact_confirmed,2026-06-04T14:02:28.324990+00:00,MUSC HEALTH COLUMBIA MEDICAL CENTER,SC,COLUMBIA,29204,2435 FOREST DRIVE,spot_check_same_city_candidate_before_assignment,same_city_census_confirms_candidate,Exact,"2435 FOREST DR, COLUMBIA, SC, 29204",0.97,provider_original,held_or_rejected,not_external_geocode_action; not_external_census_candidate_ready_status,False
100084,2024,assign_county,12069,"Lake County, Florida",0.93,"Accepted report-only institutional-anchor CMS provider geocode: external provider row confirmed by exact Census geographies address match to Lake County, Florida (12069) for provider 100084 fiscal year 2024. Institutional source promotion remains blocked by source-maturity, leakage, and model-impact gates.",/Users/coryseidel/PersonalProjects/IdeaTests/LandInvest/output/institutional_anchor_provider_geocode_census_candidates.csv,external_census_exact_confirmed,2026-06-04T14:02:28.324990+00:00,LEESBURG REGIONAL MEDICAL CENTER INC,FL,LEESBURG,34748,600 E DIXIE AVENUE,spot_check_same_city_candidate_before_assignment,same_city_census_confirms_candidate,Exact,"600 E DIXIE AVE, LEESBURG, FL, 34748",0.97,provider_original,held_or_rejected,not_external_geocode_action; not_external_census_candidate_ready_status,False
100242,2024,assign_county,12005,"Bay County, Florida",0.84,"Accepted report-only institutional-anchor CMS provider geocode: external provider row confirmed by exact Census geographies address match to Bay County, Florida (12005) for provider 100242 fiscal year 2024. Institutional source promotion remains blocked by source-maturity, leakage, and model-impact gates.",/Users/coryseidel/PersonalProjects/IdeaTests/LandInvest/output/institutional_anchor_provider_geocode_census_candidates.csv,external_census_exact_confirmed,2026-06-04T14:02:28.324990+00:00,HCA FLORIDA GULF COAST HOSPITAL,FL,PANAMA CITY,32404,449 WEST 23RD STREET,spot_check_same_city_candidate_before_assignment,same_city_census_context_only,Non_Exact,"449 W 23RD ST, PANAMA CITY, FL, 32405",0.8,provider_original,held_or_rejected,not_external_geocode_action; not_external_census_candidate_ready_status; census_match_type_not_exact; census_confidence_below_0_93; census_score_below_0_97; matched_address_missing_provider_zip5,False
050471,2023,assign_county,06037,"Los Angeles County, California",0.93,"Accepted report-only institutional-anchor CMS provider geocode: external provider row confirmed by exact Census geographies address match to Los Angeles County, California (06037) for provider 050471 fiscal year 2023. Institutional source promotion remains blocked by source-maturity, leakage, and model-impact gates.",/Users/coryseidel/PersonalProjects/IdeaTests/LandInvest/output/institutional_anchor_provider_geocode_census_candidates.csv,external_census_exact_confirmed,2026-06-04T14:02:28.324990+00:00,PIH HEALTH GOOD SAMARITAN HOSPITAL,CA,LOS ANGELES,90017,1225 WILSHIRE BOULEVARD,spot_check_same_city_candidate_before_assignment,same_city_census_confirms_candidate,Exact,"1225 WILSHIRE BLVD, LOS ANGELES, CA, 90017",0.97,provider_original,held_or_rejected,not_external_geocode_action; not_external_census_candidate_ready_status,False
170176,2024,assign_county,20091,"Johnson County, Kansas",0.93,"Accepted report-only institutional-anchor CMS provider geocode: external provider row confirmed by exact Census geographies address match to Johnson County, Kansas (20091) for provider 170176 fiscal year 2024. Institutional source promotion remains blocked by source-maturity, leakage, and model-impact gates.",/Users/coryseidel/PersonalProjects/IdeaTests/LandInvest/output/institutional_anchor_provider_geocode_census_candidates.csv,external_census_exact_confirmed,2026-06-04T14:02:28.324990+00:00,OVERLAND PARK REGIONAL MED CTR,KS,OVERLAND PARK,66215,10500 QUIVIRA ROAD,spot_check_same_city_candidate_before_assignment,same_city_census_confirms_candidate,Exact,"10500 QUIVIRA RD, OVERLAND PARK, KS, 66215",0.97,provider_original,held_or_rejected,not_external_geocode_action; not_external_census_candidate_ready_status,False
230117,2024,assign_county,26077,"Kalamazoo County, Michigan",0.93,"Accepted report-only institutional-anchor CMS provider geocode: external provider row confirmed by exact Census geographies address match to Kalamazoo County, Michigan (26077) for provider 230117 fiscal year 2024. Institutional source promotion remains blocked by source-maturity, leakage, and model-impact gates.",/Users/coryseidel/PersonalProjects/IdeaTests/LandInvest/output/institutional_anchor_provider_geocode_census_candidates.csv,external_census_exact_confirmed,2026-06-04T14:02:28.324990+00:00,ASCENSION BORGESS HOSPITAL,MI,KALAMAZOO,49048,1521 GULL ROAD,spot_check_same_city_candidate_before_assignment,same_city_census_confirms_candidate,Exact,"1521 GULL RD, KALAMAZOO, MI, 49048",0.97,provider_original,held_or_rejected,not_external_geocode_action; not_external_census_candidate_ready_status,False
450079,2024,assign_county,,,,"Accepted report-only institutional-anchor CMS provider geocode: external provider row confirmed by exact Census geographies address match to  () for provider 450079 fiscal year 2024. Institutional source promotion remains blocked by source-maturity, leakage, and model-impact gates.",/Users/coryseidel/PersonalProjects/IdeaTests/LandInvest/output/institutional_anchor_provider_geocode_census_candidates.csv,external_census_exact_confirmed,2026-06-04T14:02:28.324990+00:00,BAYLOR S&W MEDICAL CENTER - IRVING,TX,IRVING,75061,1901 NORTH MACARTHUR BLVD,spot_check_same_city_candidate_before_assignment,unresolved_after_census_batch,,,,,held_or_rejected,not_external_geocode_action; not_external_census_candidate_ready_status; not_provider_original_attempt; census_match_status_not_match; census_match_type_not_exact; census_fips_not_in_county_lookup; census_confidence_below_0_93; census_score_below_0_97; missing_census_matched_address; matched_address_missing_provider_zip5; matched_address_missing_number,False
284003,2024,assign_county,31109,"Lancaster County, Nebraska",0.84,"Accepted report-only institutional-anchor CMS provider geocode: external provider row confirmed by exact Census geographies address match to Lancaster County, Nebraska (31109) for provider 284003 fiscal year 2024. Institutional source promotion remains blocked by source-maturity, leakage, and model-impact gates.",/Users/coryseidel/PersonalProjects/IdeaTests/LandInvest/output/institutional_anchor_provider_geocode_census_candidates.csv,external_census_exact_confirmed,2026-06-04T14:02:28.324990+00:00,LINCOLN REGIONAL CENTER,NE,LINCOLN,68509,FOLSOM & PROSPECTOR,spot_check_same_city_candidate_before_assignment,same_city_census_context_only,Non_Exact,"S FOLSOM ST & W PROSPECTOR PL, LINCOLN, NE, 68522",0.75,provider_original,held_or_rejected,not_external_geocode_action; not_external_census_candidate_ready_status; census_match_type_not_exact; census_confidence_below_0_93; census_score_below_0_97; matched_address_missing_provider_zip5; provider_street_missing_number,False
210024,2024,assign_county,,,,"Accepted report-only institutional-anchor CMS provider geocode: external provider row confirmed by exact Census geographies address match to  () for provider 210024 fiscal year 2024. Institutional source promotion remains blocked by source-maturity, leakage, and model-impact gates.",/Users/coryseidel/PersonalProjects/IdeaTests/LandInvest/output/institutional_anchor_provider_geocode_census_candidates.csv,external_census_exact_confirmed,2026-06-04T14:02:28.324990+00:00,MEDSTAR UNION MEMORIAL HOSPITAL,MD,BALTIMORE,21218,201 EAST UNIVERSITY PARKWAY,spot_check_same_city_candidate_before_assignment,unresolved_after_census_batch,,,,,held_or_rejected,not_external_geocode_action; not_external_census_candidate_ready_status; not_provider_original_attempt; census_match_status_not_match; census_match_type_not_exact; census_fips_not_in_county_lookup; census_confidence_below_0_93; census_score_below_0_97; missing_census_matched_address; matched_address_missing_provider_zip5; matched_address_missing_number,False
170049,2023,assign_county,20091,"Johnson County, Kansas",0.93,"Accepted report-only institutional-anchor CMS provider geocode: external provider row confirmed by exact Census geographies address match to Johnson County, Kansas (20091) for provider 170049 fiscal year 2023. Institutional source promotion remains blocked by source-maturity, leakage, and model-impact gates.",/Users/coryseidel/PersonalProjects/IdeaTests/LandInvest/output/institutional_anchor_provider_geocode_census_candidates.csv,external_census_exact_confirmed,2026-06-04T14:02:28.324990+00:00,OLATHE MEDICAL CENTER,KS,OLATHE,66061,20333 WEST 151 STREET,spot_check_same_city_candidate_before_assignment,same_city_census_confirms_candidate,Exact,"20333 W 151ST ST, OLATHE, KS, 66061",0.97,provider_original,held_or_rejected,not_external_geocode_action; not_external_census_candidate_ready_status,False
130018,2023,assign_county,16019,"Bonneville County, Idaho",0.84,"Accepted report-only institutional-anchor CMS provider geocode: external provider row confirmed by exact Census geographies address match to Bonneville County, Idaho (16019) for provider 130018 fiscal year 2023. Institutional source promotion remains blocked by source-maturity, leakage, and model-impact gates.",/Users/coryseidel/PersonalProjects/IdeaTests/LandInvest/output/institutional_anchor_provider_geocode_census_candidates.csv,external_census_exact_confirmed,2026-06-04T14:02:28.324990+00:00,EASTERN IDAHO REGIONAL MEDICAL CENTE,ID,IDAHO FALLS,83403,3100 CHANNING WAY,spot_check_same_city_candidate_before_assignment,same_city_census_context_only,Non_Exact,"3100 CHANNING WAY, IDAHO FALLS, ID, 83404",0.8,provider_original,held_or_rejected,not_external_geocode_action; not_external_census_candidate_ready_status; census_match_type_not_exact; census_confidence_below_0_93; census_score_below_0_97; matched_address_missing_provider_zip5,False
670082,2024,assign_county,48085,"Collin County, Texas",0.84,"Accepted report-only institutional-anchor CMS provider geocode: external provider row confirmed by exact Census geographies address match to Collin County, Texas (48085) for provider 670082 fiscal year 2024. Institutional source promotion remains blocked by source-maturity, leakage, and model-impact gates.",/Users/coryseidel/PersonalProjects/IdeaTests/LandInvest/output/institutional_anchor_provider_geocode_census_candidates.csv,external_census_exact_confirmed,2026-06-04T14:02:28.324990+00:00,BAYLOR S&W MEDICAL CENTER - MCKINNEY,TX,MCKINNEY,75021,5252 W UNIVERSITY DR,spot_check_same_city_candidate_before_assignment,same_city_census_context_only,Non_Exact,"5252 W UNIVERSITY DR, MCKINNEY, TX, 75071",0.8,provider_original,held_or_rejected,not_external_geocode_action; not_external_census_candidate_ready_status; census_match_type_not_exact; census_confidence_below_0_93; census_score_below_0_97; matched_address_missing_provider_zip5,False
072004,2024,assign_county,09003,"Hartford County, Connecticut",0.93,"Accepted report-only institutional-anchor CMS provider geocode: external provider row confirmed by exact Census geographies address match to Hartford County, Connecticut (09003) for provider 072004 fiscal year 2024. Institutional source promotion remains blocked by source-maturity, leakage, and model-impact gates.",/Users/coryseidel/PersonalProjects/IdeaTests/LandInvest/output/institutional_anchor_provider_geocode_census_candidates.csv,external_census_exact_confirmed,2026-06-04T14:02:28.324990+00:00,HOSPITAL FOR SPECIAL CARE,CT,NEW BRITAIN,06053,2150 CORBIN AVENUE,spot_check_same_city_candidate_before_assignment,same_city_census_confirms_candidate,Exact,"2150 CORBIN AVE, NEW BRITAIN, CT, 06053",0.97,provider_original,held_or_rejected,not_external_geocode_action; not_external_census_candidate_ready_status,False
370056,2024,assign_county,,,,"Accepted report-only institutional-anchor CMS provider geocode: external provider row confirmed by exact Census geographies address match to  () for provider 370056 fiscal year 2024. Institutional source promotion remains blocked by source-maturity, leakage, and model-impact gates.",/Users/coryseidel/PersonalProjects/IdeaTests/LandInvest/output/institutional_anchor_provider_geocode_census_candidates.csv,external_census_exact_confirmed,2026-06-04T14:02:28.324990+00:00,COMANCHE COUNTY MEMORIAL HOSPITAL,OK,LAWTON,73502,3401 W GORE,spot_check_same_city_candidate_before_assignment,unresolved_after_census_batch,,,,,held_or_rejected,not_external_geocode_action; not_external_census_candidate_ready_status; not_provider_original_attempt; census_match_status_not_match; census_match_type_not_exact; census_fips_not_in_county_lookup; census_confidence_below_0_93; census_score_below_0_97; missing_census_matched_address; matched_address_missing_provider_zip5; matched_address_missing_number,False
100126,2023,assign_county,12103,"Pinellas County, Florida",0.93,"Accepted report-only institutional-anchor CMS provider geocode: external provider row confirmed by exact Census geographies address match to Pinellas County, Florida (12103) for provider 100126 fiscal year 2023. Institutional source promotion remains blocked by source-maturity, leakage, and model-impact gates.",/Users/coryseidel/PersonalProjects/IdeaTests/LandInvest/output/institutional_anchor_provider_geocode_census_candidates.csv,external_census_exact_confirmed,2026-06-04T14:02:28.324990+00:00,HCA FLORIDA PASADENA HOSPITAL,FL,ST PETERSBURG,33707,1501 PASADENA AVE S,spot_check_same_city_candidate_before_assignment,same_city_census_confirms_candidate,Exact,"1501 PASADENA AVE S, ST PETERSBURG, FL, 33707",0.97,provider_original,held_or_rejected,not_external_geocode_action; not_external_census_candidate_ready_status,False
310016,2023,assign_county,34017,"Hudson County, New Jersey",0.89,"Accepted report-only institutional-anchor CMS provider geocode: external provider row confirmed by exact Census geographies address match to Hudson County, New Jersey (34017) for provider 310016 fiscal year 2023. Institutional source promotion remains blocked by source-maturity, leakage, and model-impact gates.",/Users/coryseidel/PersonalProjects/IdeaTests/LandInvest/output/institutional_anchor_provider_geocode_census_candidates.csv,external_census_exact_confirmed,2026-06-04T14:02:28.324990+00:00,CHRIST HOSPITAL,NJ,JERSEY CITY,07306,176 PALISADES AVENUE,spot_check_same_city_candidate_before_assignment,same_city_census_context_only,Non_Exact,"176 PALISADE AVE, JERSEY CITY, NJ, 07306",0.88,provider_original,held_or_rejected,not_external_geocode_action; not_external_census_candidate_ready_status; census_match_type_not_exact; census_confidence_below_0_93; census_score_below_0_97,False
100069,2023,assign_county,12057,"Hillsborough County, Florida",0.93,"Accepted report-only institutional-anchor CMS provider geocode: external provider row confirmed by exact Census geographies address match to Hillsborough County, Florida (12057) for provider 100069 fiscal year 2023. Institutional source promotion remains blocked by source-maturity, leakage, and model-impact gates.",/Users/coryseidel/PersonalProjects/IdeaTests/LandInvest/output/institutional_anchor_provider_geocode_census_candidates.csv,external_census_exact_confirmed,2026-06-04T14:02:28.324990+00:00,ADVENTHEALTH CARROLLWOOD,FL,TAMPA,33614,7171 NORTH DALE MABRY HIGHWAY,spot_check_same_city_candidate_before_assignment,same_city_census_confirms_candidate,Exact,"7171 N DALE MABRY HWY, TAMPA, FL, 33614",0.97,provider_original,held_or_rejected,not_external_geocode_action; not_external_census_candidate_ready_status,False
144021,2024,assign_county,17167,"Sangamon County, Illinois",0.93,"Accepted report-only institutional-anchor CMS provider geocode: external provider row confirmed by exact Census geographies address match to Sangamon County, Illinois (17167) for provider 144021 fiscal year 2024. Institutional source promotion remains blocked by source-maturity, leakage, and model-impact gates.",/Users/coryseidel/PersonalProjects/IdeaTests/LandInvest/output/institutional_anchor_provider_geocode_census_candidates.csv,external_census_exact_confirmed,2026-06-04T14:02:28.324990+00:00,PACKARD MENTAL HEALTH CENTER,IL,SPRINGFIELD,62703,901 SOUTHWIND RD,spot_check_same_city_candidate_before_assignment,same_city_census_confirms_candidate,Exact,"901 SOUTHWIND RD, SPRINGFIELD, IL, 62703",0.97,provider_original,held_or_rejected,not_external_geocode_action; not_external_census_candidate_ready_status,False
190204,2023,assign_county,,,,"Accepted report-only institutional-anchor CMS provider geocode: external provider row confirmed by exact Census geographies address match to  () for provider 190204 fiscal year 2023. Institutional source promotion remains blocked by source-maturity, leakage, and model-impact gates.",/Users/coryseidel/PersonalProjects/IdeaTests/LandInvest/output/institutional_anchor_provider_geocode_census_candidates.csv,external_census_exact_confirmed,2026-06-04T14:02:28.324990+00:00,OCHSNER MEDICAL CENTER -NORTHSHORE,LA,SLIDELL,70461,100 MEDICAL CENTER DRIVE,spot_check_same_city_candidate_before_assignment,unresolved_after_census_batch,,,,,held_or_rejected,not_external_geocode_action; not_external_census_candidate_ready_status; not_provider_original_attempt; census_match_status_not_match; census_match_type_not_exact; census_fips_not_in_county_lookup; census_confidence_below_0_93; census_score_below_0_97; missing_census_matched_address; matched_address_missing_provider_zip5; matched_address_missing_number,False
130071,2023,assign_county,16027,"Canyon County, Idaho",0.93,"Accepted report-only institutional-anchor CMS provider geocode: external provider row confirmed by exact Census geographies address match to Canyon County, Idaho (16027) for provider 130071 fiscal year 2023. Institutional source promotion remains blocked by source-maturity, leakage, and model-impact gates.",/Users/coryseidel/PersonalProjects/IdeaTests/LandInvest/output/institutional_anchor_provider_geocode_census_candidates.csv,external_census_exact_confirmed,2026-06-04T14:02:28.324990+00:00,ST. LUKES NAMPA MEDICAL CENTER,ID,NAMPA,83687,9850 W. ST. LUKES DRIVE,spot_check_same_city_candidate_before_assignment,same_city_census_confirms_candidate,Exact,"9850 W ST LUKES DR, NAMPA, ID, 83687",0.97,provider_original,held_or_rejected,not_external_geocode_action; not_external_census_candidate_ready_status,False
210034,2024,assign_county,,,,"Accepted report-only institutional-anchor CMS provider geocode: external provider row confirmed by exact Census geographies address match to  () for provider 210034 fiscal year 2024. Institutional source promotion remains blocked by source-maturity, leakage, and model-impact gates.",/Users/coryseidel/PersonalProjects/IdeaTests/LandInvest/output/institutional_anchor_provider_geocode_census_candidates.csv,external_census_exact_confirmed,2026-06-04T14:02:28.324990+00:00,MEDSTAR HARBOR HOSPITAL,MD,BALTIMORE,21225,3001 SOUTH HANOVER STREET,spot_check_same_city_candidate_before_assignment,unresolved_after_census_batch,,,,,held_or_rejected,not_external_geocode_action; not_external_census_candidate_ready_status; not_provider_original_attempt; census_match_status_not_match; census_match_type_not_exact; census_fips_not_in_county_lookup; census_confidence_below_0_93; census_score_below_0_97; missing_census_matched_address; matched_address_missing_provider_zip5; matched_address_missing_number,False
150088,2024,assign_county,18095,"Madison County, Indiana",0.93,"Accepted report-only institutional-anchor CMS provider geocode: external provider row confirmed by exact Census geographies address match to Madison County, Indiana (18095) for provider 150088 fiscal year 2024. Institutional source promotion remains blocked by source-maturity, leakage, and model-impact gates.",/Users/coryseidel/PersonalProjects/IdeaTests/LandInvest/output/institutional_anchor_provider_geocode_census_candidates.csv,external_census_exact_confirmed,2026-06-04T14:02:28.324990+00:00,ASCENSION ST. VINCENT ANDERSON,IN,ANDERSON,46016,2015 JACKSON STREET,spot_check_same_city_candidate_before_assignment,same_city_census_confirms_candidate,Exact,"2015 JACKSON ST, ANDERSON, IN, 46016",0.97,provider_original,held_or_rejected,not_external_geocode_action; not_external_census_candidate_ready_status,False
190054,2023,assign_county,,,,"Accepted report-only institutional-anchor CMS provider geocode: external provider row confirmed by exact Census geographies address match to  () for provider 190054 fiscal year 2023. Institutional source promotion remains blocked by source-maturity, leakage, and model-impact gates.",/Users/coryseidel/PersonalProjects/IdeaTests/LandInvest/output/institutional_anchor_provider_geocode_census_candidates.csv,external_census_exact_confirmed,2026-06-04T14:02:28.324990+00:00,IBERIA MEDICAL CENTER,LA,NEW IBERIA,70562,2315 W MAIN STREET,spot_check_same_city_candidate_before_assignment,unresolved_after_census_batch,,,,,held_or_rejected,not_external_geocode_action; not_external_census_candidate_ready_status; not_provider_original_attempt; census_match_status_not_match; census_match_type_not_exact; census_fips_not_in_county_lookup; census_confidence_below_0_93; census_score_below_0_97; missing_census_matched_address; matched_address_missing_provider_zip5; matched_address_missing_number,False
390198,2024,assign_county,42049,"Erie County, Pennsylvania",0.93,"Accepted report-only institutional-anchor CMS provider geocode: external provider row confirmed by exact Census geographies address match to Erie County, Pennsylvania (42049) for provider 390198 fiscal year 2024. Institutional source promotion remains blocked by source-maturity, leakage, and model-impact gates.",/Users/coryseidel/PersonalProjects/IdeaTests/LandInvest/output/institutional_anchor_provider_geocode_census_candidates.csv,external_census_exact_confirmed,2026-06-04T14:02:28.324990+00:00,MILLCREEK COMMUNITY HOSPITAL,PA,ERIE,16509,5515 PEACH STREET,spot_check_same_city_candidate_before_assignment,same_city_census_confirms_candidate,Exact,"5515 PEACH ST, ERIE, PA, 16509",0.97,provider_original,held_or_rejected,not_external_geocode_action; not_external_census_candidate_ready_status,False
454107,2023,assign_county,48201,"Harris County, Texas",0.93,"Accepted report-only institutional-anchor CMS provider geocode: external provider row confirmed by exact Census geographies address match to Harris County, Texas (48201) for provider 454107 fiscal year 2023. Institutional source promotion remains blocked by source-maturity, leakage, and model-impact gates.",/Users/coryseidel/PersonalProjects/IdeaTests/LandInvest/output/institutional_anchor_provider_geocode_census_candidates.csv,external_census_exact_confirmed,2026-06-04T14:02:28.324990+00:00,BEHAVIORAL HOSPITAL OF BELLAIRE,TX,HOUSTON,77081,5314 DASHWOOD DRIVE,spot_check_same_city_candidate_before_assignment,same_city_census_confirms_candidate,Exact,"5314 DASHWOOD DR, HOUSTON, TX, 77081",0.97,provider_original,held_or_rejected,not_external_geocode_action; not_external_census_candidate_ready_status,False
324010,2023,assign_county,35013,"Doña Ana County, New Mexico",0.93,"Accepted report-only institutional-anchor CMS provider geocode: external provider row confirmed by exact Census geographies address match to Doña Ana County, New Mexico (35013) for provider 324010 fiscal year 2023. Institutional source promotion remains blocked by source-maturity, leakage, and model-impact gates.",/Users/coryseidel/PersonalProjects/IdeaTests/LandInvest/output/institutional_anchor_provider_geocode_census_candidates.csv,external_census_exact_confirmed,2026-06-04T14:02:28.324990+00:00,BHC MESILLA VALLEY HOSPITAL LLC,NM,LAS CRUCES,88012,3751 DEL REY BLVD,spot_check_same_city_candidate_before_assignment,same_city_census_confirms_candidate,Exact,"3751 DEL REY BLVD, LAS CRUCES, NM, 88012",0.97,provider_original,held_or_rejected,not_external_geocode_action; not_external_census_candidate_ready_status,False
114036,2023,assign_county,13185,"Lowndes County, Georgia",0.93,"Accepted report-only institutional-anchor CMS provider geocode: external provider row confirmed by exact Census geographies address match to Lowndes County, Georgia (13185) for provider 114036 fiscal year 2023. Institutional source promotion remains blocked by source-maturity, leakage, and model-impact gates.",/Users/coryseidel/PersonalProjects/IdeaTests/LandInvest/output/institutional_anchor_provider_geocode_census_candidates.csv,external_census_exact_confirmed,2026-06-04T14:02:28.324990+00:00,ACADIA GREENLEAF HOSPITAL,GA,VALDOSTA,31602,2209 PINEVIEW DRIVE,spot_check_same_city_candidate_before_assignment,same_city_census_confirms_candidate,Exact,"2209 PINEVIEW DR, VALDOSTA, GA, 31602",0.97,provider_original,held_or_rejected,not_external_geocode_action; not_external_census_candidate_ready_status,False
474001,2023,assign_county,,,,"Accepted report-only institutional-anchor CMS provider geocode: external provider row confirmed by exact Census geographies address match to  () for provider 474001 fiscal year 2023. Institutional source promotion remains blocked by source-maturity, leakage, and model-impact gates.",/Users/coryseidel/PersonalProjects/IdeaTests/LandInvest/output/institutional_anchor_provider_geocode_census_candidates.csv,external_census_exact_confirmed,2026-06-04T14:02:28.324990+00:00,BRATTLEBORO RETREAT,VT,BRATTLEBORO,05302,ANNA MARSH LANE,spot_check_same_city_candidate_before_assignment,unresolved_after_census_batch,,,,,held_or_rejected,not_external_geocode_action; not_external_census_candidate_ready_status; not_provider_original_attempt; census_match_status_not_match; census_match_type_not_exact; census_fips_not_in_county_lookup; census_confidence_below_0_93; census_score_below_0_97; missing_census_matched_address; matched_address_missing_provider_zip5; provider_street_missing_number; matched_address_missing_number,False
334012,2024,assign_county,36007,"Broome County, New York",0.84,"Accepted report-only institutional-anchor CMS provider geocode: external provider row confirmed by exact Census geographies address match to Broome County, New York (36007) for provider 334012 fiscal year 2024. Institutional source promotion remains blocked by source-maturity, leakage, and model-impact gates.",/Users/coryseidel/PersonalProjects/IdeaTests/LandInvest/output/institutional_anchor_provider_geocode_census_candidates.csv,external_census_exact_confirmed,2026-06-04T14:02:28.324990+00:00,GREATER BINGHAMTON H.C.,NY,BINGHAMTON,13901,425 ROBINSON ST,spot_check_same_city_candidate_before_assignment,same_city_census_context_only,Non_Exact,"425 ROBINSON ST, BINGHAMTON, NY, 13904",0.8,provider_original,held_or_rejected,not_external_geocode_action; not_external_census_candidate_ready_status; census_match_type_not_exact; census_confidence_below_0_93; census_score_below_0_97; matched_address_missing_provider_zip5,False
294011,2023,assign_county,32003,"Clark County, Nevada",0.89,"Accepted report-only institutional-anchor CMS provider geocode: external provider row confirmed by exact Census geographies address match to Clark County, Nevada (32003) for provider 294011 fiscal year 2023. Institutional source promotion remains blocked by source-maturity, leakage, and model-impact gates.",/Users/coryseidel/PersonalProjects/IdeaTests/LandInvest/output/institutional_anchor_provider_geocode_census_candidates.csv,external_census_exact_confirmed,2026-06-04T14:02:28.324990+00:00,SPRING MOUNTAIN TREATMENT CENTER,NV,LAS VEGAS,89117,7000 WEST SPRING MOUNTAIN ROAD,spot_check_same_city_candidate_before_assignment,same_city_census_context_only,Non_Exact,"7000 SPRING MOUNTAIN RD, LAS VEGAS, NV, 89117",0.88,provider_original,held_or_rejected,not_external_geocode_action; not_external_census_candidate_ready_status; census_match_type_not_exact; census_confidence_below_0_93; census_score_below_0_97,False
514009,2024,assign_county,,,,"Accepted report-only institutional-anchor CMS provider geocode: external provider row confirmed by exact Census geographies address match to  () for provider 514009 fiscal year 2024. Institutional source promotion remains blocked by source-maturity, leakage, and model-impact gates.",/Users/coryseidel/PersonalProjects/IdeaTests/LandInvest/output/institutional_anchor_provider_geocode_census_candidates.csv,external_census_exact_confirmed,2026-06-04T14:02:28.324990+00:00,MILDRED MITCHELL-BATEMAN HOSPITAL,WV,HUNTINGTON,25706,1530 NORWAY AVENUE,spot_check_same_city_candidate_before_assignment,unresolved_after_census_batch,,,,,held_or_rejected,not_external_geocode_action; not_external_census_candidate_ready_status; not_provider_original_attempt; census_match_status_not_match; census_match_type_not_exact; census_fips_not_in_county_lookup; census_confidence_below_0_93; census_score_below_0_97; missing_census_matched_address; matched_address_missing_provider_zip5; matched_address_missing_number,False
050747,2023,assign_county,06059,"Orange County, California",0.84,"Accepted report-only institutional-anchor CMS provider geocode: external provider row confirmed by exact Census geographies address match to Orange County, California (06059) for provider 050747 fiscal year 2023. Institutional source promotion remains blocked by source-maturity, leakage, and model-impact gates.",/Users/coryseidel/PersonalProjects/IdeaTests/LandInvest/output/institutional_anchor_provider_geocode_census_candidates.csv,external_census_exact_confirmed,2026-06-04T14:02:28.324990+00:00,SOUTH COAST GLOBAL MEDICAL CENTER,CA,SANTA ANA,82701,2710 SOUTH BRISTOL STREET,spot_check_same_city_candidate_before_assignment,same_city_census_context_only,Non_Exact,"2710 S BRISTOL ST, SANTA ANA, CA, 92704",0.8,provider_original,held_or_rejected,not_external_geocode_action; not_external_census_candidate_ready_status; census_match_type_not_exact; census_confidence_below_0_93; census_score_below_0_97; matched_address_missing_provider_zip5,False
100049,2023,assign_county,12055,"Highlands County, Florida",0.93,"Accepted report-only institutional-anchor CMS provider geocode: external provider row confirmed by exact Census geographies address match to Highlands County, Florida (12055) for provider 100049 fiscal year 2023. Institutional source promotion remains blocked by source-maturity, leakage, and model-impact gates.",/Users/coryseidel/PersonalProjects/IdeaTests/LandInvest/output/institutional_anchor_provider_geocode_census_candidates.csv,external_census_exact_confirmed,2026-06-04T14:02:28.324990+00:00,HCA FLORIDA HIGHLANDS HOSPITAL,FL,SEBRING,33870,3600 S. HIGHLANDS AVENUE,spot_check_same_city_candidate_before_assignment,same_city_census_confirms_candidate,Exact,"3600 S HIGHLANDS AVE, SEBRING, FL, 33870",0.97,provider_original,held_or_rejected,not_external_geocode_action; not_external_census_candidate_ready_status,False
050744,2023,assign_county,06059,"Orange County, California",0.93,"Accepted report-only institutional-anchor CMS provider geocode: external provider row confirmed by exact Census geographies address match to Orange County, California (06059) for provider 050744 fiscal year 2023. Institutional source promotion remains blocked by source-maturity, leakage, and model-impact gates.",/Users/coryseidel/PersonalProjects/IdeaTests/LandInvest/output/institutional_anchor_provider_geocode_census_candidates.csv,external_census_exact_confirmed,2026-06-04T14:02:28.324990+00:00,ANAHEIM GLOBAL MEDICAL CENTER,CA,ANAHEIM,92805,1025 SOUTH ANAHEIM BOULEVARD,spot_check_same_city_candidate_before_assignment,same_city_census_confirms_candidate,Exact,"1025 S ANAHEIM BLVD, ANAHEIM, CA, 92805",0.97,provider_original,held_or_rejected,not_external_geocode_action; not_external_census_candidate_ready_status,False
100363,2024,assign_county,12035,"Flagler County, Florida",0.93,"Accepted report-only institutional-anchor CMS provider geocode: external provider row confirmed by exact Census geographies address match to Flagler County, Florida (12035) for provider 100363 fiscal year 2024. Institutional source promotion remains blocked by source-maturity, leakage, and model-impact gates.",/Users/coryseidel/PersonalProjects/IdeaTests/LandInvest/output/institutional_anchor_provider_geocode_census_candidates.csv,external_census_exact_confirmed,2026-06-04T14:02:28.324990+00:00,ADVENTHEALTH PALM COAST PARKWAY,FL,PALM COAST,32137,1 ADVENTHEALTH WAY,spot_check_same_city_candidate_before_assignment,same_city_census_confirms_candidate,Exact,"1 ADVENTHEALTH WAY, PALM COAST, FL, 32137",0.97,provider_original,held_or_rejected,not_external_geocode_action; not_external_census_candidate_ready_status,False
504014,2024,assign_county,53063,"Spokane County, Washington",0.93,"Accepted report-only institutional-anchor CMS provider geocode: external provider row confirmed by exact Census geographies address match to Spokane County, Washington (53063) for provider 504014 fiscal year 2024. Institutional source promotion remains blocked by source-maturity, leakage, and model-impact gates.",/Users/coryseidel/PersonalProjects/IdeaTests/LandInvest/output/institutional_anchor_provider_geocode_census_candidates.csv,external_census_exact_confirmed,2026-06-04T14:02:28.324990+00:00,INLAND NORTHWEST BEHAVIORAL HEALTH,WA,SPOKANE,99204,104 W 5TH AVE,spot_check_same_city_candidate_before_assignment,same_city_census_confirms_candidate,Exact,"104 W 5TH AVE, SPOKANE, WA, 99204",0.97,provider_original,held_or_rejected,not_external_geocode_action; not_external_census_candidate_ready_status,False
034034,2023,assign_county,04013,"Maricopa County, Arizona",0.93,"Accepted report-only institutional-anchor CMS provider geocode: external provider row confirmed by exact Census geographies address match to Maricopa County, Arizona (04013) for provider 034034 fiscal year 2023. Institutional source promotion remains blocked by source-maturity, leakage, and model-impact gates.",/Users/coryseidel/PersonalProjects/IdeaTests/LandInvest/output/institutional_anchor_provider_geocode_census_candidates.csv,external_census_exact_confirmed,2026-06-04T14:02:28.324990+00:00,DESTINY SPRINGS HEALTHCARE,AZ,SURPRISE,85378,17300 NORTH DYSART ROAD,spot_check_same_city_candidate_before_assignment,same_city_census_confirms_candidate,Exact,"17300 N DYSART RD, SURPRISE, AZ, 85378",0.97,provider_original,held_or_rejected,not_external_geocode_action; not_external_census_candidate_ready_status,False
444030,2023,assign_county,47037,"Davidson County, Tennessee",0.89,"Accepted report-only institutional-anchor CMS provider geocode: external provider row confirmed by exact Census geographies address match to Davidson County, Tennessee (47037) for provider 444030 fiscal year 2023. Institutional source promotion remains blocked by source-maturity, leakage, and model-impact gates.",/Users/coryseidel/PersonalProjects/IdeaTests/LandInvest/output/institutional_anchor_provider_geocode_census_candidates.csv,external_census_exact_confirmed,2026-06-04T14:02:28.324990+00:00,ST THOMAS ASCENSION,TN,NASHVILLE,37205,4220 HARDING ROAD,spot_check_same_city_candidate_before_assignment,same_city_census_context_only,Non_Exact,"4220 HARDING PIKE, NASHVILLE, TN, 37205",0.88,provider_original,held_or_rejected,not_external_geocode_action; not_external_census_candidate_ready_status; census_match_type_not_exact; census_confidence_below_0_93; census_score_below_0_97,False
190201,2024,assign_county,22019,"Calcasieu Parish, Louisiana",0.93,"Accepted report-only institutional-anchor CMS provider geocode: external provider row confirmed by exact Census geographies address match to Calcasieu Parish, Louisiana (22019) for provider 190201 fiscal year 2024. Institutional source promotion remains blocked by source-maturity, leakage, and model-impact gates.",/Users/coryseidel/PersonalProjects/IdeaTests/LandInvest/output/institutional_anchor_provider_geocode_census_candidates.csv,external_census_exact_confirmed,2026-06-04T14:02:28.324990+00:00,LAKE AREA MEDICAL CENTER,LA,LAKE CHARLES,70605,4200 NELSON RD,spot_check_same_city_candidate_before_assignment,same_city_census_confirms_candidate,Exact,"4200 NELSON RD, LAKE CHARLES, LA, 70605",0.97,provider_original,held_or_rejected,not_external_geocode_action; not_external_census_candidate_ready_status,False
064024,2023,assign_county,08035,"Douglas County, Colorado",0.93,"Accepted report-only institutional-anchor CMS provider geocode: external provider row confirmed by exact Census geographies address match to Douglas County, Colorado (08035) for provider 064024 fiscal year 2023. Institutional source promotion remains blocked by source-maturity, leakage, and model-impact gates.",/Users/coryseidel/PersonalProjects/IdeaTests/LandInvest/output/institutional_anchor_provider_geocode_census_candidates.csv,external_census_exact_confirmed,2026-06-04T14:02:28.324990+00:00,UHS OF DENVER INC,CO,LITTLETON,80130,8565 S POPLAR WAY,spot_check_same_city_candidate_before_assignment,same_city_census_conflicts_candidate,Exact,"8565 S POPLAR WAY, LITTLETON, CO, 80130",0.97,provider_original,held_or_rejected,not_external_geocode_action; not_external_census_candidate_ready_status,False
123025,2023,assign_county,15003,"Honolulu County, Hawaii",0.93,"Accepted report-only institutional-anchor CMS provider geocode: external provider row confirmed by exact Census geographies address match to Honolulu County, Hawaii (15003) for provider 123025 fiscal year 2023. Institutional source promotion remains blocked by source-maturity, leakage, and model-impact gates.",/Users/coryseidel/PersonalProjects/IdeaTests/LandInvest/output/institutional_anchor_provider_geocode_census_candidates.csv,external_census_exact_confirmed,2026-06-04T14:02:28.324990+00:00,REHABILITATION HOSPITAL OF THE PACIF,HI,HONOLULU,96817,226 N. KUAKINI STREET,spot_check_same_city_candidate_before_assignment,same_city_census_confirms_candidate,Exact,"226 N KUAKINI ST, HONOLULU, HI, 96817",0.97,provider_original,held_or_rejected,not_external_geocode_action; not_external_census_candidate_ready_status,False
444025,2023,assign_county,47157,"Shelby County, Tennessee",0.93,"Accepted report-only institutional-anchor CMS provider geocode: external provider row confirmed by exact Census geographies address match to Shelby County, Tennessee (47157) for provider 444025 fiscal year 2023. Institutional source promotion remains blocked by source-maturity, leakage, and model-impact gates.",/Users/coryseidel/PersonalProjects/IdeaTests/LandInvest/output/institutional_anchor_provider_geocode_census_candidates.csv,external_census_exact_confirmed,2026-06-04T14:02:28.324990+00:00,CRESTWYN BEHAVIORAL HEALTH,TN,MEMPHIS,38125,9485 CRESTWYN HILLS COVE,spot_check_same_city_candidate_before_assignment,same_city_census_confirms_candidate,Exact,"9485 CRESTWYN HILLS COVE, MEMPHIS, TN, 38125",0.97,provider_original,held_or_rejected,not_external_geocode_action; not_external_census_candidate_ready_status,False
454064,2023,assign_county,48451,"Tom Green County, Texas",0.84,"Accepted report-only institutional-anchor CMS provider geocode: external provider row confirmed by exact Census geographies address match to Tom Green County, Texas (48451) for provider 454064 fiscal year 2023. Institutional source promotion remains blocked by source-maturity, leakage, and model-impact gates.",/Users/coryseidel/PersonalProjects/IdeaTests/LandInvest/output/institutional_anchor_provider_geocode_census_candidates.csv,external_census_exact_confirmed,2026-06-04T14:02:28.324990+00:00,RIVER CREST HOSPITAL,TX,SAN ANGELO,76907,1636 HUNTERS GLEN RD,spot_check_same_city_candidate_before_assignment,same_city_census_context_only,Non_Exact,"1636 HUNTERS GLEN RD, SAN ANGELO, TX, 76901",0.8,provider_original,held_or_rejected,not_external_geocode_action; not_external_census_candidate_ready_status; census_match_type_not_exact; census_confidence_below_0_93; census_score_below_0_97; matched_address_missing_provider_zip5,False
194044,2023,assign_county,22055,"Lafayette Parish, Louisiana",0.89,"Accepted report-only institutional-anchor CMS provider geocode: external provider row confirmed by exact Census geographies address match to Lafayette Parish, Louisiana (22055) for provider 194044 fiscal year 2023. Institutional source promotion remains blocked by source-maturity, leakage, and model-impact gates.",/Users/coryseidel/PersonalProjects/IdeaTests/LandInvest/output/institutional_anchor_provider_geocode_census_candidates.csv,external_census_exact_confirmed,2026-06-04T14:02:28.324990+00:00,ACADIA VERMILION HOSPITAL,LA,LAFAYETTE,70507,2520 UNIVERSITY AVENUE,spot_check_same_city_candidate_before_assignment,same_city_census_context_only,Non_Exact,"2520 N UNIVERSITY AVE, LAFAYETTE, LA, 70507",0.88,provider_original,held_or_rejected,not_external_geocode_action; not_external_census_candidate_ready_status; census_match_type_not_exact; census_confidence_below_0_93; census_score_below_0_97,False
320090,2023,assign_county,35049,"Santa Fe County, New Mexico",0.93,"Accepted report-only institutional-anchor CMS provider geocode: external provider row confirmed by exact Census geographies address match to Santa Fe County, New Mexico (35049) for provider 320090 fiscal year 2023. Institutional source promotion remains blocked by source-maturity, leakage, and model-impact gates.",/Users/coryseidel/PersonalProjects/IdeaTests/LandInvest/output/institutional_anchor_provider_geocode_census_candidates.csv,external_census_exact_confirmed,2026-06-04T14:02:28.324990+00:00,SANTA FE MEDICAL CENTER,NM,SANTA FE,87507,4801 BECKNER ROAD,spot_check_same_city_candidate_before_assignment,same_city_census_confirms_candidate,Exact,"4801 BECKNER RD, SANTA FE, NM, 87507",0.97,provider_original,held_or_rejected,not_external_geocode_action; not_external_census_candidate_ready_status,False
450880,2023,assign_county,48439,"Tarrant County, Texas",0.93,"Accepted report-only institutional-anchor CMS provider geocode: external provider row confirmed by exact Census geographies address match to Tarrant County, Texas (48439) for provider 450880 fiscal year 2023. Institutional source promotion remains blocked by source-maturity, leakage, and model-impact gates.",/Users/coryseidel/PersonalProjects/IdeaTests/LandInvest/output/institutional_anchor_provider_geocode_census_candidates.csv,external_census_exact_confirmed,2026-06-04T14:02:28.324990+00:00,BAYLOR SURGICAL HOSPITAL AT FORT WOR,TX,FORT WORTH,76110,1800 PARK PLACE AVENUE,spot_check_same_city_candidate_before_assignment,same_city_census_confirms_candidate,Exact,"1800 PARK PLACE AVE, FORT WORTH, TX, 76110",0.97,provider_original,held_or_rejected,not_external_geocode_action; not_external_census_candidate_ready_status,False
054089,2024,assign_county,,,,"Accepted report-only institutional-anchor CMS provider geocode: external provider row confirmed by exact Census geographies address match to  () for provider 054089 fiscal year 2024. Institutional source promotion remains blocked by source-maturity, leakage, and model-impact gates.",/Users/coryseidel/PersonalProjects/IdeaTests/LandInvest/output/institutional_anchor_provider_geocode_census_candidates.csv,external_census_exact_confirmed,2026-06-04T14:02:28.324990+00:00,JEWISH HOME FOR THE AGED,CA,SAN FRANCISCO,94112,302 SILVER AVENUE,spot_check_same_city_candidate_before_assignment,unresolved_after_census_batch,,,,,held_or_rejected,not_external_geocode_action; not_external_census_candidate_ready_status; not_provider_original_attempt; census_match_status_not_match; census_match_type_not_exact; census_fips_not_in_county_lookup; census_confidence_below_0_93; census_score_below_0_97; missing_census_matched_address; matched_address_missing_provider_zip5; matched_address_missing_number,False
340190,2023,assign_county,37119,"Mecklenburg County, North Carolina",0.93,"Accepted report-only institutional-anchor CMS provider geocode: external provider row confirmed by exact Census geographies address match to Mecklenburg County, North Carolina (37119) for provider 340190 fiscal year 2023. Institutional source promotion remains blocked by source-maturity, leakage, and model-impact gates.",/Users/coryseidel/PersonalProjects/IdeaTests/LandInvest/output/institutional_anchor_provider_geocode_census_candidates.csv,external_census_exact_confirmed,2026-06-04T14:02:28.324990+00:00,NOVANT HEALTH MINT HILL MEDICAL CTR,NC,CHARLOTTE,28215,8201 HEALTHCARE LOOP,spot_check_same_city_candidate_before_assignment,same_city_census_confirms_candidate,Exact,"8201 HEALTHCARE LOOP, CHARLOTTE, NC, 28215",0.97,provider_original,held_or_rejected,not_external_geocode_action; not_external_census_candidate_ready_status,False
343025,2023,assign_county,,,,"Accepted report-only institutional-anchor CMS provider geocode: external provider row confirmed by exact Census geographies address match to  () for provider 343025 fiscal year 2023. Institutional source promotion remains blocked by source-maturity, leakage, and model-impact gates.",/Users/coryseidel/PersonalProjects/IdeaTests/LandInvest/output/institutional_anchor_provider_geocode_census_candidates.csv,external_census_exact_confirmed,2026-06-04T14:02:28.324990+00:00,CAREPARTNERS REHAB HOSPITAL,NC,ASHEVILLE,28803,68 SWEETEN CREEK ROAD,spot_check_same_city_candidate_before_assignment,unresolved_after_census_batch,,,,,held_or_rejected,not_external_geocode_action; not_external_census_candidate_ready_status; not_provider_original_attempt; census_match_status_not_match; census_match_type_not_exact; census_fips_not_in_county_lookup; census_confidence_below_0_93; census_score_below_0_97; missing_census_matched_address; matched_address_missing_provider_zip5; matched_address_missing_number,False
050708,2023,assign_county,06019,"Fresno County, California",0.84,"Accepted report-only institutional-anchor CMS provider geocode: external provider row confirmed by exact Census geographies address match to Fresno County, California (06019) for provider 050708 fiscal year 2023. Institutional source promotion remains blocked by source-maturity, leakage, and model-impact gates.",/Users/coryseidel/PersonalProjects/IdeaTests/LandInvest/output/institutional_anchor_provider_geocode_census_candidates.csv,external_census_exact_confirmed,2026-06-04T14:02:28.324990+00:00,FRESNO SURGICAL HOSPITAL,CA,FRESNO,96710,6125 NORTH FRESNO STREET,spot_check_same_city_candidate_before_assignment,same_city_census_context_only,Non_Exact,"6125 N FRESNO ST, FRESNO, CA, 93710",0.8,provider_original,held_or_rejected,not_external_geocode_action; not_external_census_candidate_ready_status; census_match_type_not_exact; census_confidence_below_0_93; census_score_below_0_97; matched_address_missing_provider_zip5,False
301305,2024,assign_county,33009,"Grafton County, New Hampshire",0.93,"Accepted report-only institutional-anchor CMS provider geocode: external provider row confirmed by exact Census geographies address match to Grafton County, New Hampshire (33009) for provider 301305 fiscal year 2024. Institutional source promotion remains blocked by source-maturity, leakage, and model-impact gates.",/Users/coryseidel/PersonalProjects/IdeaTests/LandInvest/output/institutional_anchor_provider_geocode_census_candidates.csv,external_census_exact_confirmed,2026-06-04T14:02:28.324990+00:00,ALICE PECK DAY MEMORIAL HOSPITAL,NH,LEBANON,03766,10 ALICE PECK DAY DRIVE,spot_check_same_city_candidate_before_assignment,same_city_census_confirms_candidate,Exact,"10 ALICE PECK DAY DR, LEBANON, NH, 03766",0.97,provider_original,held_or_rejected,not_external_geocode_action; not_external_census_candidate_ready_status,False
320089,2023,assign_county,35043,"Sandoval County, New Mexico",0.93,"Accepted report-only institutional-anchor CMS provider geocode: external provider row confirmed by exact Census geographies address match to Sandoval County, New Mexico (35043) for provider 320089 fiscal year 2023. Institutional source promotion remains blocked by source-maturity, leakage, and model-impact gates.",/Users/coryseidel/PersonalProjects/IdeaTests/LandInvest/output/institutional_anchor_provider_geocode_census_candidates.csv,external_census_exact_confirmed,2026-06-04T14:02:28.324990+00:00,UNM SANDOVAL REGIONAL MEDICAL CENTER,NM,RIO RANCHO,87144,3001 BROADMOOR BLVD NE,spot_check_same_city_candidate_before_assignment,same_city_census_confirms_candidate,Exact,"3001 BROADMOOR BLVD NE, RIO RANCHO, NM, 87144",0.97,provider_original,held_or_rejected,not_external_geocode_action; not_external_census_candidate_ready_status,False
320091,2023,assign_county,35013,"Doña Ana County, New Mexico",0.93,"Accepted report-only institutional-anchor CMS provider geocode: external provider row confirmed by exact Census geographies address match to Doña Ana County, New Mexico (35013) for provider 320091 fiscal year 2023. Institutional source promotion remains blocked by source-maturity, leakage, and model-impact gates.",/Users/coryseidel/PersonalProjects/IdeaTests/LandInvest/output/institutional_anchor_provider_geocode_census_candidates.csv,external_census_exact_confirmed,2026-06-04T14:02:28.324990+00:00,THREE CROSSES REGIONAL HOSPITAL,NM,LAS CRUCES,88001,2560 SAMARITAN DR,spot_check_same_city_candidate_before_assignment,same_city_census_confirms_candidate,Exact,"2560 SAMARITAN DR, LAS CRUCES, NM, 88001",0.97,provider_original,held_or_rejected,not_external_geocode_action; not_external_census_candidate_ready_status,False
212002,2024,assign_county,,,,"Accepted report-only institutional-anchor CMS provider geocode: external provider row confirmed by exact Census geographies address match to  () for provider 212002 fiscal year 2024. Institutional source promotion remains blocked by source-maturity, leakage, and model-impact gates.",/Users/coryseidel/PersonalProjects/IdeaTests/LandInvest/output/institutional_anchor_provider_geocode_census_candidates.csv,external_census_exact_confirmed,2026-06-04T14:02:28.324990+00:00,WESTERN MARYLAND HOSPITAL CENTER,MD,HAGERSTOWN,21740,1500 PENNSYLVANIA AVENUE,spot_check_same_city_candidate_before_assignment,unresolved_after_census_batch,,,,,held_or_rejected,not_external_geocode_action; not_external_census_candidate_ready_status; not_provider_original_attempt; census_match_status_not_match; census_match_type_not_exact; census_fips_not_in_county_lookup; census_confidence_below_0_93; census_score_below_0_97; missing_census_matched_address; matched_address_missing_provider_zip5; matched_address_missing_number,False
363042,2024,assign_county,39041,"Delaware County, Ohio",0.93,"Accepted report-only institutional-anchor CMS provider geocode: external provider row confirmed by exact Census geographies address match to Delaware County, Ohio (39041) for provider 363042 fiscal year 2024. Institutional source promotion remains blocked by source-maturity, leakage, and model-impact gates.",/Users/coryseidel/PersonalProjects/IdeaTests/LandInvest/output/institutional_anchor_provider_geocode_census_candidates.csv,external_census_exact_confirmed,2026-06-04T14:02:28.324990+00:00,MOUNT CARMEL REHABILITATION HOSPITAL,OH,WESTERVILLE,43082,597 EXECUTIVE CAMPUS DRIVE,spot_check_same_city_candidate_before_assignment,same_city_census_conflicts_candidate,Exact,"597 EXECUTIVE CAMPUS DR, WESTERVILLE, OH, 43082",0.97,provider_original,held_or_rejected,not_external_geocode_action; not_external_census_candidate_ready_status,False
173028,2023,assign_county,20173,"Sedgwick County, Kansas",0.93,"Accepted report-only institutional-anchor CMS provider geocode: external provider row confirmed by exact Census geographies address match to Sedgwick County, Kansas (20173) for provider 173028 fiscal year 2023. Institutional source promotion remains blocked by source-maturity, leakage, and model-impact gates.",/Users/coryseidel/PersonalProjects/IdeaTests/LandInvest/output/institutional_anchor_provider_geocode_census_candidates.csv,external_census_exact_confirmed,2026-06-04T14:02:28.324990+00:00,VIA CHRISTI REHAB CENTER INC,KS,WICHITA,67206,1151 N. ROCK ROAD,spot_check_same_city_candidate_before_assignment,same_city_census_confirms_candidate,Exact,"1151 N ROCK RD, WICHITA, KS, 67206",0.97,provider_original,held_or_rejected,not_external_geocode_action; not_external_census_candidate_ready_status,False
670112,2024,assign_county,,,,"Accepted report-only institutional-anchor CMS provider geocode: external provider row confirmed by exact Census geographies address match to  () for provider 670112 fiscal year 2024. Institutional source promotion remains blocked by source-maturity, leakage, and model-impact gates.",/Users/coryseidel/PersonalProjects/IdeaTests/LandInvest/output/institutional_anchor_provider_geocode_census_candidates.csv,external_census_exact_confirmed,2026-06-04T14:02:28.324990+00:00,CUMBERLAND SURGICAL HOSPITAL,TX,SAN ANTONIO,78249,5330 NORTH LOOP 1604 WEST,spot_check_same_city_candidate_before_assignment,unresolved_after_census_batch,,,,,held_or_rejected,not_external_geocode_action; not_external_census_candidate_ready_status; not_provider_original_attempt; census_match_status_not_match; census_match_type_not_exact; census_fips_not_in_county_lookup; census_confidence_below_0_93; census_score_below_0_97; missing_census_matched_address; matched_address_missing_provider_zip5; matched_address_missing_number,False
190044,2023,assign_county,,,,"Accepted report-only institutional-anchor CMS provider geocode: external provider row confirmed by exact Census geographies address match to  () for provider 190044 fiscal year 2023. Institutional source promotion remains blocked by source-maturity, leakage, and model-impact gates.",/Users/coryseidel/PersonalProjects/IdeaTests/LandInvest/output/institutional_anchor_provider_geocode_census_candidates.csv,external_census_exact_confirmed,2026-06-04T14:02:28.324990+00:00,ACADIA GENERAL HOSPITAL,LA,CROWLEY,70526,190044,spot_check_same_city_candidate_before_assignment,unresolved_after_census_batch,,,,,held_or_rejected,not_external_geocode_action; not_external_census_candidate_ready_status; not_provider_original_attempt; census_match_status_not_match; census_match_type_not_exact; census_fips_not_in_county_lookup; census_confidence_below_0_93; census_score_below_0_97; missing_census_matched_address; matched_address_missing_provider_zip5; matched_address_missing_number,False
103052,2023,assign_county,,,,"Accepted report-only institutional-anchor CMS provider geocode: external provider row confirmed by exact Census geographies address match to  () for provider 103052 fiscal year 2023. Institutional source promotion remains blocked by source-maturity, leakage, and model-impact gates.",/Users/coryseidel/PersonalProjects/IdeaTests/LandInvest/output/institutional_anchor_provider_geocode_census_candidates.csv,external_census_exact_confirmed,2026-06-04T14:02:28.324990+00:00,ENCOMPASS HEALTH REHABILITATION HOSP,FL,JACKSONVILLE,32256,11595 BURNT MILL ROAD,spot_check_same_city_candidate_before_assignment,unresolved_after_census_batch,,,,,held_or_rejected,not_external_geocode_action; not_external_census_candidate_ready_status; not_provider_original_attempt; census_match_status_not_match; census_match_type_not_exact; census_fips_not_in_county_lookup; census_confidence_below_0_93; census_score_below_0_97; missing_census_matched_address; matched_address_missing_provider_zip5; matched_address_missing_number,False
113034,2023,assign_county,13117,"Forsyth County, Georgia",0.93,"Accepted report-only institutional-anchor CMS provider geocode: external provider row confirmed by exact Census geographies address match to Forsyth County, Georgia (13117) for provider 113034 fiscal year 2023. Institutional source promotion remains blocked by source-maturity, leakage, and model-impact gates.",/Users/coryseidel/PersonalProjects/IdeaTests/LandInvest/output/institutional_anchor_provider_geocode_census_candidates.csv,external_census_exact_confirmed,2026-06-04T14:02:28.324990+00:00,ENCOMPASS HEALTH REHABILITATION HOSP,GA,CUMMING,30041,1165 SANDERS ROAD,spot_check_same_city_candidate_before_assignment,same_city_census_confirms_candidate,Exact,"1165 SANDERS RD, CUMMING, GA, 30041",0.97,provider_original,held_or_rejected,not_external_geocode_action; not_external_census_candidate_ready_status,False
264034,2024,assign_county,29031,"Cape Girardeau County, Missouri",0.93,"Accepted report-only institutional-anchor CMS provider geocode: external provider row confirmed by exact Census geographies address match to Cape Girardeau County, Missouri (29031) for provider 264034 fiscal year 2024. Institutional source promotion remains blocked by source-maturity, leakage, and model-impact gates.",/Users/coryseidel/PersonalProjects/IdeaTests/LandInvest/output/institutional_anchor_provider_geocode_census_candidates.csv,external_census_exact_confirmed,2026-06-04T14:02:28.324990+00:00,SOUTHEAST BEHAVIORAL HOSPITAL,MO,CAPE GIRARDEAU,63703,639 SOUTH SILVER SPRING ROAD,spot_check_same_city_candidate_before_assignment,same_city_census_confirms_candidate,Exact,"639 S SILVER SPRINGS RD, CAPE GIRARDEAU, MO, 63703",0.97,provider_original,held_or_rejected,not_external_geocode_action; not_external_census_candidate_ready_status,False
393036,2024,assign_county,42079,"Luzerne County, Pennsylvania",0.84,"Accepted report-only institutional-anchor CMS provider geocode: external provider row confirmed by exact Census geographies address match to Luzerne County, Pennsylvania (42079) for provider 393036 fiscal year 2024. Institutional source promotion remains blocked by source-maturity, leakage, and model-impact gates.",/Users/coryseidel/PersonalProjects/IdeaTests/LandInvest/output/institutional_anchor_provider_geocode_census_candidates.csv,external_census_exact_confirmed,2026-06-04T14:02:28.324990+00:00,JOHN HEINZ INSTIT. OF REHAB MEDICINE,PA,WILKES-BARRE,18436,150 MUNDY ST,spot_check_same_city_candidate_before_assignment,same_city_census_context_only,Non_Exact,"150 MUNDY ST, WILKES BARRE, PA, 18702",0.8,provider_original,held_or_rejected,not_external_geocode_action; not_external_census_candidate_ready_status; census_match_type_not_exact; census_confidence_below_0_93; census_score_below_0_97; matched_address_missing_provider_zip5,False
254012,2023,assign_county,28047,"Harrison County, Mississippi",0.93,"Accepted report-only institutional-anchor CMS provider geocode: external provider row confirmed by exact Census geographies address match to Harrison County, Mississippi (28047) for provider 254012 fiscal year 2023. Institutional source promotion remains blocked by source-maturity, leakage, and model-impact gates.",/Users/coryseidel/PersonalProjects/IdeaTests/LandInvest/output/institutional_anchor_provider_geocode_census_candidates.csv,external_census_exact_confirmed,2026-06-04T14:02:28.324990+00:00,OCEANS BEHAVIORAL HOSPITAL BILOXI,MS,BILOXI,39531,180 DEBUYS ROAD,spot_check_same_city_candidate_before_assignment,same_city_census_confirms_candidate,Exact,"180 DEBUYS RD, BILOXI, MS, 39531",0.97,provider_original,held_or_rejected,not_external_geocode_action; not_external_census_candidate_ready_status,False
234042,2023,assign_county,26099,"Macomb County, Michigan",0.89,"Accepted report-only institutional-anchor CMS provider geocode: external provider row confirmed by exact Census geographies address match to Macomb County, Michigan (26099) for provider 234042 fiscal year 2023. Institutional source promotion remains blocked by source-maturity, leakage, and model-impact gates.",/Users/coryseidel/PersonalProjects/IdeaTests/LandInvest/output/institutional_anchor_provider_geocode_census_candidates.csv,external_census_exact_confirmed,2026-06-04T14:02:28.324990+00:00,BEHAVIORAL CENTER OF MICHIGAN,MI,WARREN,48092,4050 EAST 12 MILE RD,spot_check_same_city_candidate_before_assignment,same_city_census_context_only,Non_Exact,"4050 12 MILE RD, WARREN, MI, 48092",0.88,provider_original,held_or_rejected,not_external_geocode_action; not_external_census_candidate_ready_status; census_match_type_not_exact; census_confidence_below_0_93; census_score_below_0_97,False
170208,2023,assign_county,20091,"Johnson County, Kansas",0.93,"Accepted report-only institutional-anchor CMS provider geocode: external provider row confirmed by exact Census geographies address match to Johnson County, Kansas (20091) for provider 170208 fiscal year 2023. Institutional source promotion remains blocked by source-maturity, leakage, and model-impact gates.",/Users/coryseidel/PersonalProjects/IdeaTests/LandInvest/output/institutional_anchor_provider_geocode_census_candidates.csv,external_census_exact_confirmed,2026-06-04T14:02:28.324990+00:00,ADVENTHEALTH SOUTH OVERLAND PARK,KS,OVERLAND PARK,66223,7820 W 165TH ST,spot_check_same_city_candidate_before_assignment,same_city_census_confirms_candidate,Exact,"7820 W 165TH ST, OVERLAND PARK, KS, 66223",0.97,provider_original,held_or_rejected,not_external_geocode_action; not_external_census_candidate_ready_status,False
033039,2023,assign_county,04013,"Maricopa County, Arizona",0.93,"Accepted report-only institutional-anchor CMS provider geocode: external provider row confirmed by exact Census geographies address match to Maricopa County, Arizona (04013) for provider 033039 fiscal year 2023. Institutional source promotion remains blocked by source-maturity, leakage, and model-impact gates.",/Users/coryseidel/PersonalProjects/IdeaTests/LandInvest/output/institutional_anchor_provider_geocode_census_candidates.csv,external_census_exact_confirmed,2026-06-04T14:02:28.324990+00:00,COBALT REHAB HOSPITAL SURPRISE,AZ,SURPRISE,85378,13060 WEST BELL ROAD,spot_check_same_city_candidate_before_assignment,same_city_census_confirms_candidate,Exact,"13060 W BELL RD, SURPRISE, AZ, 85378",0.97,provider_original,held_or_rejected,not_external_geocode_action; not_external_census_candidate_ready_status,False
190116,2024,assign_county,22067,"Morehouse Parish, Louisiana",0.84,"Accepted report-only institutional-anchor CMS provider geocode: external provider row confirmed by exact Census geographies address match to Morehouse Parish, Louisiana (22067) for provider 190116 fiscal year 2024. Institutional source promotion remains blocked by source-maturity, leakage, and model-impact gates.",/Users/coryseidel/PersonalProjects/IdeaTests/LandInvest/output/institutional_anchor_provider_geocode_census_candidates.csv,external_census_exact_confirmed,2026-06-04T14:02:28.324990+00:00,MOREHOUSE GENERAL HOSPITAL,LA,BASTROP,71121,323 W. WALNUT STREET,spot_check_same_city_candidate_before_assignment,same_city_census_context_only,Non_Exact,"323 W WALNUT AVE, BASTROP, LA, 71220",0.8,provider_original,held_or_rejected,not_external_geocode_action; not_external_census_candidate_ready_status; census_match_type_not_exact; census_confidence_below_0_93; census_score_below_0_97; matched_address_missing_provider_zip5,False
063037,2023,assign_county,08059,"Jefferson County, Colorado",0.93,"Accepted report-only institutional-anchor CMS provider geocode: external provider row confirmed by exact Census geographies address match to Jefferson County, Colorado (08059) for provider 063037 fiscal year 2023. Institutional source promotion remains blocked by source-maturity, leakage, and model-impact gates.",/Users/coryseidel/PersonalProjects/IdeaTests/LandInvest/output/institutional_anchor_provider_geocode_census_candidates.csv,external_census_exact_confirmed,2026-06-04T14:02:28.324990+00:00,PAM SPEC. HOSPITAL OF WESTMINSTER,CO,WESTMINSTER,80020,6500 WEST 104TH AVE,spot_check_same_city_candidate_before_assignment,same_city_census_conflicts_candidate,Exact,"6500 W 104TH AVE, WESTMINSTER, CO, 80020",0.97,provider_original,held_or_rejected,not_external_geocode_action; not_external_census_candidate_ready_status,False
364050,2023,assign_county,39113,"Montgomery County, Ohio",0.93,"Accepted report-only institutional-anchor CMS provider geocode: external provider row confirmed by exact Census geographies address match to Montgomery County, Ohio (39113) for provider 364050 fiscal year 2023. Institutional source promotion remains blocked by source-maturity, leakage, and model-impact gates.",/Users/coryseidel/PersonalProjects/IdeaTests/LandInvest/output/institutional_anchor_provider_geocode_census_candidates.csv,external_census_exact_confirmed,2026-06-04T14:02:28.324990+00:00,ACCESS HOSPITAL DAYTON,OH,DAYTON,45420,2611 WAYNE AVE,spot_check_same_city_candidate_before_assignment,same_city_census_confirms_candidate,Exact,"2611 WAYNE AVE, DAYTON, OH, 45420",0.97,provider_original,held_or_rejected,not_external_geocode_action; not_external_census_candidate_ready_status,False
524043,2024,assign_county,55079,"Milwaukee County, Wisconsin",0.93,"Accepted report-only institutional-anchor CMS provider geocode: external provider row confirmed by exact Census geographies address match to Milwaukee County, Wisconsin (55079) for provider 524043 fiscal year 2024. Institutional source promotion remains blocked by source-maturity, leakage, and model-impact gates.",/Users/coryseidel/PersonalProjects/IdeaTests/LandInvest/output/institutional_anchor_provider_geocode_census_candidates.csv,external_census_exact_confirmed,2026-06-04T14:02:28.324990+00:00,GRANITE HILLS HOSPITAL,WI,MILWAUKEE,53214,1706 S. 68TH STREET,spot_check_same_city_candidate_before_assignment,same_city_census_confirms_candidate,Exact,"1706 S 68TH ST, MILWAUKEE, WI, 53214",0.97,provider_original,held_or_rejected,not_external_geocode_action; not_external_census_candidate_ready_status,False
670265,2024,assign_county,,,,"Accepted report-only institutional-anchor CMS provider geocode: external provider row confirmed by exact Census geographies address match to  () for provider 670265 fiscal year 2024. Institutional source promotion remains blocked by source-maturity, leakage, and model-impact gates.",/Users/coryseidel/PersonalProjects/IdeaTests/LandInvest/output/institutional_anchor_provider_geocode_census_candidates.csv,external_census_exact_confirmed,2026-06-04T14:02:28.324990+00:00,LEGENT ORTHOPEDIC HOSPITAL CARROLLTO,TX,CARROLLTON,75007,1401 EAST TRINITY MILLS ROAD,spot_check_same_city_candidate_before_assignment,unresolved_after_census_batch,,,,,held_or_rejected,not_external_geocode_action; not_external_census_candidate_ready_status; not_provider_original_attempt; census_match_status_not_match; census_match_type_not_exact; census_fips_not_in_county_lookup; census_confidence_below_0_93; census_score_below_0_97; missing_census_matched_address; matched_address_missing_provider_zip5; matched_address_missing_number,False
230071,2023,assign_county,26125,"Oakland County, Michigan",0.93,"Accepted report-only institutional-anchor CMS provider geocode: external provider row confirmed by exact Census geographies address match to Oakland County, Michigan (26125) for provider 230071 fiscal year 2023. Institutional source promotion remains blocked by source-maturity, leakage, and model-impact gates.",/Users/coryseidel/PersonalProjects/IdeaTests/LandInvest/output/institutional_anchor_provider_geocode_census_candidates.csv,external_census_exact_confirmed,2026-06-04T14:02:28.324990+00:00,STRAITH HOSPITAL FOR SPECIAL SURGERY,MI,SOUTHFIELD,48033,23901 LAHSER ROAD,spot_check_same_city_candidate_before_assignment,same_city_census_confirms_candidate,Exact,"23901 LAHSER RD, SOUTHFIELD, MI, 48033",0.97,provider_original,held_or_rejected,not_external_geocode_action; not_external_census_candidate_ready_status,False
670136,2023,assign_county,48453,"Travis County, Texas",0.89,"Accepted report-only institutional-anchor CMS provider geocode: external provider row confirmed by exact Census geographies address match to Travis County, Texas (48453) for provider 670136 fiscal year 2023. Institutional source promotion remains blocked by source-maturity, leakage, and model-impact gates.",/Users/coryseidel/PersonalProjects/IdeaTests/LandInvest/output/institutional_anchor_provider_geocode_census_candidates.csv,external_census_exact_confirmed,2026-06-04T14:02:28.324990+00:00,BSW MEDICAL CENTER - AUSTIN,TX,AUSTIN,78735,5245 W US 290,spot_check_same_city_candidate_before_assignment,same_city_census_context_only,Non_Exact,"5245 W US HWY 290 SVC RD, AUSTIN, TX, 78735",0.88,provider_original,held_or_rejected,not_external_geocode_action; not_external_census_candidate_ready_status; census_match_type_not_exact; census_confidence_below_0_93; census_score_below_0_97,False
154060,2023,assign_county,18003,"Allen County, Indiana",0.93,"Accepted report-only institutional-anchor CMS provider geocode: external provider row confirmed by exact Census geographies address match to Allen County, Indiana (18003) for provider 154060 fiscal year 2023. Institutional source promotion remains blocked by source-maturity, leakage, and model-impact gates.",/Users/coryseidel/PersonalProjects/IdeaTests/LandInvest/output/institutional_anchor_provider_geocode_census_candidates.csv,external_census_exact_confirmed,2026-06-04T14:02:28.324990+00:00,PARK CENTER INC.,IN,FORT WAYNE,46805,1909 CAREW STREET,spot_check_same_city_candidate_before_assignment,same_city_census_confirms_candidate,Exact,"1909 CAREW ST, FORT WAYNE, IN, 46805",0.97,provider_original,held_or_rejected,not_external_geocode_action; not_external_census_candidate_ready_status,False
054146,2024,assign_county,06001,"Alameda County, California",0.93,"Accepted report-only institutional-anchor CMS provider geocode: external provider row confirmed by exact Census geographies address match to Alameda County, California (06001) for provider 054146 fiscal year 2024. Institutional source promotion remains blocked by source-maturity, leakage, and model-impact gates.",/Users/coryseidel/PersonalProjects/IdeaTests/LandInvest/output/institutional_anchor_provider_geocode_census_candidates.csv,external_census_exact_confirmed,2026-06-04T14:02:28.324990+00:00,TELECARE HERITAGE PHF,CA,OAKLAND,94601,2633 EAST 27TH STREET,spot_check_same_city_candidate_before_assignment,same_city_census_confirms_candidate,Exact,"2633 E 27TH ST, OAKLAND, CA, 94601",0.97,provider_original,held_or_rejected,not_external_geocode_action; not_external_census_candidate_ready_status,False
034037,2024,assign_county,04015,"Mohave County, Arizona",0.93,"Accepted report-only institutional-anchor CMS provider geocode: external provider row confirmed by exact Census geographies address match to Mohave County, Arizona (04015) for provider 034037 fiscal year 2024. Institutional source promotion remains blocked by source-maturity, leakage, and model-impact gates.",/Users/coryseidel/PersonalProjects/IdeaTests/LandInvest/output/institutional_anchor_provider_geocode_census_candidates.csv,external_census_exact_confirmed,2026-06-04T14:02:28.324990+00:00,TALAS HARBOR AT BULLHEAD CITY,AZ,BULLHEAD CITY,86429,831 LANDON DRIVE,spot_check_same_city_candidate_before_assignment,same_city_census_confirms_candidate,Exact,"831 LANDON DR, BULLHEAD CITY, AZ, 86429",0.97,provider_original,held_or_rejected,not_external_geocode_action; not_external_census_candidate_ready_status,False
370225,2023,assign_county,40109,"Oklahoma County, Oklahoma",0.89,"Accepted report-only institutional-anchor CMS provider geocode: external provider row confirmed by exact Census geographies address match to Oklahoma County, Oklahoma (40109) for provider 370225 fiscal year 2023. Institutional source promotion remains blocked by source-maturity, leakage, and model-impact gates.",/Users/coryseidel/PersonalProjects/IdeaTests/LandInvest/output/institutional_anchor_provider_geocode_census_candidates.csv,external_census_exact_confirmed,2026-06-04T14:02:28.324990+00:00,SUMMIT MEDICAL CENTER,OK,EDMOND,73013,1800 S. RENAISSANCE BLVD,spot_check_same_city_candidate_before_assignment,same_city_census_context_only,Non_Exact,"1800 RENNAISSANCE BLVD, EDMOND, OK, 73013",0.88,provider_original,held_or_rejected,not_external_geocode_action; not_external_census_candidate_ready_status; census_match_type_not_exact; census_confidence_below_0_93; census_score_below_0_97,False
194089,2023,assign_county,22055,"Lafayette Parish, Louisiana",0.93,"Accepted report-only institutional-anchor CMS provider geocode: external provider row confirmed by exact Census geographies address match to Lafayette Parish, Louisiana (22055) for provider 194089 fiscal year 2023. Institutional source promotion remains blocked by source-maturity, leakage, and model-impact gates.",/Users/coryseidel/PersonalProjects/IdeaTests/LandInvest/output/institutional_anchor_provider_geocode_census_candidates.csv,external_census_exact_confirmed,2026-06-04T14:02:28.324990+00:00,GENESIS BEHAVIORAL HOSPITAL INC,LA,LAFAYETTE,70501,847 STEWART STREET,spot_check_same_city_candidate_before_assignment,same_city_census_confirms_candidate,Exact,"847 STEWART ST, LAFAYETTE, LA, 70501",0.97,provider_original,held_or_rejected,not_external_geocode_action; not_external_census_candidate_ready_status,False
054152,2024,assign_county,06087,"Santa Cruz County, California",0.93,"Accepted report-only institutional-anchor CMS provider geocode: external provider row confirmed by exact Census geographies address match to Santa Cruz County, California (06087) for provider 054152 fiscal year 2024. Institutional source promotion remains blocked by source-maturity, leakage, and model-impact gates.",/Users/coryseidel/PersonalProjects/IdeaTests/LandInvest/output/institutional_anchor_provider_geocode_census_candidates.csv,external_census_exact_confirmed,2026-06-04T14:02:28.324990+00:00,TELECARE SANTA CRUZ PHF,CA,SANTA CRUZ,95062,2250 SOQUEL AVE SUITE 150,spot_check_same_city_candidate_before_assignment,same_city_census_confirms_candidate,Exact,"2250 SOQUEL AVE, SANTA CRUZ, CA, 95062",0.97,provider_original,held_or_rejected,not_external_geocode_action; not_external_census_candidate_ready_status,False
193092,2024,assign_county,22033,"East Baton Rouge Parish, Louisiana",0.93,"Accepted report-only institutional-anchor CMS provider geocode: external provider row confirmed by exact Census geographies address match to East Baton Rouge Parish, Louisiana (22033) for provider 193092 fiscal year 2024. Institutional source promotion remains blocked by source-maturity, leakage, and model-impact gates.",/Users/coryseidel/PersonalProjects/IdeaTests/LandInvest/output/institutional_anchor_provider_geocode_census_candidates.csv,external_census_exact_confirmed,2026-06-04T14:02:28.324990+00:00,BETHESDA REHABILITATION HOSPITAL INC,LA,BATON ROUGE,70812,7414 SUMRALL DR,spot_check_same_city_candidate_before_assignment,same_city_census_confirms_candidate,Exact,"7414 SUMRALL DR, BATON ROUGE, LA, 70812",0.97,provider_original,held_or_rejected,not_external_geocode_action; not_external_census_candidate_ready_status,False
330411,2023,assign_county,36055,"Monroe County, New York",0.93,"Accepted report-only institutional-anchor CMS provider geocode: external provider row confirmed by exact Census geographies address match to Monroe County, New York (36055) for provider 330411 fiscal year 2023. Institutional source promotion remains blocked by source-maturity, leakage, and model-impact gates.",/Users/coryseidel/PersonalProjects/IdeaTests/LandInvest/output/institutional_anchor_provider_geocode_census_candidates.csv,external_census_exact_confirmed,2026-06-04T14:02:28.324990+00:00,UNITY SPECIALITY HOSPITAL,NY,ROCHESTER,14611,89 GENESEE STREET,spot_check_same_city_candidate_before_assignment,same_city_census_confirms_candidate,Exact,"89 GENESEE ST, ROCHESTER, NY, 14611",0.97,provider_original,held_or_rejected,not_external_geocode_action; not_external_census_candidate_ready_status,False
491991,2023,assign_county,51510,"Alexandria city, Virginia",0.93,"Accepted report-only institutional-anchor CMS provider geocode: external provider row confirmed by exact Census geographies address match to Alexandria city, Virginia (51510) for provider 491991 fiscal year 2023. Institutional source promotion remains blocked by source-maturity, leakage, and model-impact gates.",/Users/coryseidel/PersonalProjects/IdeaTests/LandInvest/output/institutional_anchor_provider_geocode_census_candidates.csv,external_census_exact_confirmed,2026-06-04T14:02:28.324990+00:00,LYNN HOUSE OF POTOMAC VALLEY INC.,VA,ALEXANDRIA,22304,4400 W BRADDOCK ROAD,spot_check_same_city_candidate_before_assignment,same_city_census_conflicts_candidate,Exact,"4400 W BRADDOCK RD, ALEXANDRIA, VA, 22304",0.97,provider_original,held_or_rejected,not_external_geocode_action; not_external_census_candidate_ready_status,False
014014,2023,assign_county,01097,"Mobile County, Alabama",0.93,"Accepted report-only institutional-anchor CMS provider geocode: external provider row confirmed by exact Census geographies address match to Mobile County, Alabama (01097) for provider 014014 fiscal year 2023. Institutional source promotion remains blocked by source-maturity, leakage, and model-impact gates.",/Users/coryseidel/PersonalProjects/IdeaTests/LandInvest/output/institutional_anchor_provider_geocode_census_candidates.csv,external_census_exact_confirmed,2026-06-04T14:02:28.324990+00:00,BAYPOINTE BEHAVIORAL HEALTH,AL,MOBILE,36693,5800 SOUTHLAND DRIVE,spot_check_same_city_candidate_before_assignment,same_city_census_confirms_candidate,Exact,"5800 SOUTHLAND DR, MOBILE, AL, 36693",0.97,provider_original,held_or_rejected,not_external_geocode_action; not_external_census_candidate_ready_status,False
014000,2024,assign_county,01073,"Jefferson County, Alabama",0.93,"Accepted report-only institutional-anchor CMS provider geocode: external provider row confirmed by exact Census geographies address match to Jefferson County, Alabama (01073) for provider 014000 fiscal year 2024. Institutional source promotion remains blocked by source-maturity, leakage, and model-impact gates.",/Users/coryseidel/PersonalProjects/IdeaTests/LandInvest/output/institutional_anchor_provider_geocode_census_candidates.csv,external_census_exact_confirmed,2026-06-04T14:02:28.324990+00:00,HILL CREST HOSPITAL,AL,BIRMINGHAM,35212,6869 FIFTH AVNUE SOUTH,spot_check_same_city_candidate_before_assignment,same_city_census_confirms_candidate,Exact,"6869 5TH AVE S, BIRMINGHAM, AL, 35212",0.97,provider_original,held_or_rejected,not_external_geocode_action; not_external_census_candidate_ready_status,False
053308,2024,assign_county,06059,"Orange County, California",0.89,"Accepted report-only institutional-anchor CMS provider geocode: external provider row confirmed by exact Census geographies address match to Orange County, California (06059) for provider 053308 fiscal year 2024. Institutional source promotion remains blocked by source-maturity, leakage, and model-impact gates.",/Users/coryseidel/PersonalProjects/IdeaTests/LandInvest/output/institutional_anchor_provider_geocode_census_candidates.csv,external_census_exact_confirmed,2026-06-04T14:02:28.324990+00:00,HEALTHBRIDGE CHILDRENS ACUTE,CA,ORANGE,92866,393 EAST TUSTIN STREET,spot_check_same_city_candidate_before_assignment,same_city_census_context_only,Non_Exact,"393 S TUSTIN ST, ORANGE, CA, 92866",0.88,provider_original,held_or_rejected,not_external_geocode_action; not_external_census_candidate_ready_status; census_match_type_not_exact; census_confidence_below_0_93; census_score_below_0_97,False
054083,2024,assign_county,06037,"Los Angeles County, California",0.89,"Accepted report-only institutional-anchor CMS provider geocode: external provider row confirmed by exact Census geographies address match to Los Angeles County, California (06037) for provider 054083 fiscal year 2024. Institutional source promotion remains blocked by source-maturity, leakage, and model-impact gates.",/Users/coryseidel/PersonalProjects/IdeaTests/LandInvest/output/institutional_anchor_provider_geocode_census_candidates.csv,external_census_exact_confirmed,2026-06-04T14:02:28.324990+00:00,KEDREN COMMUNITY MENTAL HEALTH,CA,LOS ANGELES,90011,4211 SOUTH AVALON BLVD,spot_check_same_city_candidate_before_assignment,same_city_census_context_only,Non_Exact,"4211 AVALON BLVD, LOS ANGELES, CA, 90011",0.88,provider_original,held_or_rejected,not_external_geocode_action; not_external_census_candidate_ready_status; census_match_type_not_exact; census_confidence_below_0_93; census_score_below_0_97,False
051990,2023,assign_county,06073,"San Diego County, California",0.93,"Accepted report-only institutional-anchor CMS provider geocode: external provider row confirmed by exact Census geographies address match to San Diego County, California (06073) for provider 051990 fiscal year 2023. Institutional source promotion remains blocked by source-maturity, leakage, and model-impact gates.",/Users/coryseidel/PersonalProjects/IdeaTests/LandInvest/output/institutional_anchor_provider_geocode_census_candidates.csv,external_census_exact_confirmed,2026-06-04T14:02:28.324990+00:00,SUNLAND HOME FOUNDATION,CA,ENCINITAS,92024,691 SPARTA DRIVE,spot_check_same_city_candidate_before_assignment,same_city_census_confirms_candidate,Exact,"691 SPARTA DR, ENCINITAS, CA, 92024",0.97,provider_original,held_or_rejected,not_external_geocode_action; not_external_census_candidate_ready_status,False
054149,2024,assign_county,,,,"Accepted report-only institutional-anchor CMS provider geocode: external provider row confirmed by exact Census geographies address match to  () for provider 054149 fiscal year 2024. Institutional source promotion remains blocked by source-maturity, leakage, and model-impact gates.",/Users/coryseidel/PersonalProjects/IdeaTests/LandInvest/output/institutional_anchor_provider_geocode_census_candidates.csv,external_census_exact_confirmed,2026-06-04T14:02:28.324990+00:00,WILLOW ROCK CENTER,CA,SAN LEANDRO,94578,22050 FAIRMONT DRIVE,spot_check_same_city_candidate_before_assignment,unresolved_after_census_batch,,,,,held_or_rejected,not_external_geocode_action; not_external_census_candidate_ready_status; not_provider_original_attempt; census_match_status_not_match; census_match_type_not_exact; census_fips_not_in_county_lookup; census_confidence_below_0_93; census_score_below_0_97; missing_census_matched_address; matched_address_missing_provider_zip5; matched_address_missing_number,False
143302,2023,assign_county,17031,"Cook County, Illinois",0.93,"Accepted report-only institutional-anchor CMS provider geocode: external provider row confirmed by exact Census geographies address match to Cook County, Illinois (17031) for provider 143302 fiscal year 2023. Institutional source promotion remains blocked by source-maturity, leakage, and model-impact gates.",/Users/coryseidel/PersonalProjects/IdeaTests/LandInvest/output/institutional_anchor_provider_geocode_census_candidates.csv,external_census_exact_confirmed,2026-06-04T14:02:28.324990+00:00,SHRINERS HOSPITALS FOR CHILDREN,IL,CHICAGO,60707,2211 NORTH OAK PARK AVENUE,spot_check_same_city_candidate_before_assignment,same_city_census_confirms_candidate,Exact,"2211 N OAK PARK AVE, CHICAGO, IL, 60707",0.97,provider_original,held_or_rejected,not_external_geocode_action; not_external_census_candidate_ready_status,False
174023,2023,assign_county,20173,"Sedgwick County, Kansas",0.93,"Accepted report-only institutional-anchor CMS provider geocode: external provider row confirmed by exact Census geographies address match to Sedgwick County, Kansas (20173) for provider 174023 fiscal year 2023. Institutional source promotion remains blocked by source-maturity, leakage, and model-impact gates.",/Users/coryseidel/PersonalProjects/IdeaTests/LandInvest/output/institutional_anchor_provider_geocode_census_candidates.csv,external_census_exact_confirmed,2026-06-04T14:02:28.324990+00:00,ST ANTHONYS SENIOR CARE HOSPITAL LLC,KS,WICHITA,67206,2114 N 127 COURT E SUITE 100,spot_check_same_city_candidate_before_assignment,same_city_census_confirms_candidate,Exact,"2114 N 127TH CT E, WICHITA, KS, 67206",0.97,provider_original,held_or_rejected,not_external_geocode_action; not_external_census_candidate_ready_status,False
213300,2024,assign_county,,,,"Accepted report-only institutional-anchor CMS provider geocode: external provider row confirmed by exact Census geographies address match to  () for provider 213300 fiscal year 2024. Institutional source promotion remains blocked by source-maturity, leakage, and model-impact gates.",/Users/coryseidel/PersonalProjects/IdeaTests/LandInvest/output/institutional_anchor_provider_geocode_census_candidates.csv,external_census_exact_confirmed,2026-06-04T14:02:28.324990+00:00,MT WASHINGTON PEDIATRICS,MD,BALTIMORE,21209,1708 WEST ROGERS AVENUE,spot_check_same_city_candidate_before_assignment,unresolved_after_census_batch,,,,,held_or_rejected,not_external_geocode_action; not_external_census_candidate_ready_status; not_provider_original_attempt; census_match_status_not_match; census_match_type_not_exact; census_fips_not_in_county_lookup; census_confidence_below_0_93; census_score_below_0_97; missing_census_matched_address; matched_address_missing_provider_zip5; matched_address_missing_number,False
264028,2024,assign_county,29189,"St. Louis County, Missouri",0.93,"Accepted report-only institutional-anchor CMS provider geocode: external provider row confirmed by exact Census geographies address match to St. Louis County, Missouri (29189) for provider 264028 fiscal year 2024. Institutional source promotion remains blocked by source-maturity, leakage, and model-impact gates.",/Users/coryseidel/PersonalProjects/IdeaTests/LandInvest/output/institutional_anchor_provider_geocode_census_candidates.csv,external_census_exact_confirmed,2026-06-04T14:02:28.324990+00:00,HAWTHORN CHILDRENS PSYCH. CTR.,MO,ST LOUIS,63133,1901 PENNSYLVANIA AVE,spot_check_same_city_candidate_before_assignment,same_city_census_confirms_candidate,Exact,"1901 PENNSYLVANIA AVE, SAINT LOUIS, MO, 63133",0.97,provider_original,held_or_rejected,not_external_geocode_action; not_external_census_candidate_ready_status,False
264033,2023,assign_county,29077,"Greene County, Missouri",0.93,"Accepted report-only institutional-anchor CMS provider geocode: external provider row confirmed by exact Census geographies address match to Greene County, Missouri (29077) for provider 264033 fiscal year 2023. Institutional source promotion remains blocked by source-maturity, leakage, and model-impact gates.",/Users/coryseidel/PersonalProjects/IdeaTests/LandInvest/output/institutional_anchor_provider_geocode_census_candidates.csv,external_census_exact_confirmed,2026-06-04T14:02:28.324990+00:00,SPRINGFIELD BEHAVIORAL HOSPITAL,MO,SPRINGFIELD,65803,2828 N NATIONAL AVE,spot_check_same_city_candidate_before_assignment,same_city_census_confirms_candidate,Exact,"2828 N NATIONAL AVE, SPRINGFIELD, MO, 65803",0.97,provider_original,held_or_rejected,not_external_geocode_action; not_external_census_candidate_ready_status,False
363304,2023,assign_county,39035,"Cuyahoga County, Ohio",0.93,"Accepted report-only institutional-anchor CMS provider geocode: external provider row confirmed by exact Census geographies address match to Cuyahoga County, Ohio (39035) for provider 363304 fiscal year 2023. Institutional source promotion remains blocked by source-maturity, leakage, and model-impact gates.",/Users/coryseidel/PersonalProjects/IdeaTests/LandInvest/output/institutional_anchor_provider_geocode_census_candidates.csv,external_census_exact_confirmed,2026-06-04T14:02:28.324990+00:00,CHILDRENS HOSPITAL FOR REHABILITATI,OH,CLEVELAND,44104,2801 MARTIN LUTHER KING JR DR,spot_check_same_city_candidate_before_assignment,same_city_census_confirms_candidate,Exact,"2801 MARTIN LUTHER KING JR DR, CLEVELAND, OH, 44104",0.97,provider_original,held_or_rejected,not_external_geocode_action; not_external_census_candidate_ready_status,False
374012,2023,assign_county,40143,"Tulsa County, Oklahoma",0.93,"Accepted report-only institutional-anchor CMS provider geocode: external provider row confirmed by exact Census geographies address match to Tulsa County, Oklahoma (40143) for provider 374012 fiscal year 2023. Institutional source promotion remains blocked by source-maturity, leakage, and model-impact gates.",/Users/coryseidel/PersonalProjects/IdeaTests/LandInvest/output/institutional_anchor_provider_geocode_census_candidates.csv,external_census_exact_confirmed,2026-06-04T14:02:28.324990+00:00,BROOKHAVEN MEADOWBROOK HOSPITAL,OK,TULSA,74128,201 SOUTH GARNETT ROAD,spot_check_same_city_candidate_before_assignment,same_city_census_confirms_candidate,Exact,"201 S GARNETT RD, TULSA, OK, 74128",0.97,provider_original,held_or_rejected,not_external_geocode_action; not_external_census_candidate_ready_status,False
373300,2024,assign_county,40027,"Cleveland County, Oklahoma",0.93,"Accepted report-only institutional-anchor CMS provider geocode: external provider row confirmed by exact Census geographies address match to Cleveland County, Oklahoma (40027) for provider 373300 fiscal year 2024. Institutional source promotion remains blocked by source-maturity, leakage, and model-impact gates.",/Users/coryseidel/PersonalProjects/IdeaTests/LandInvest/output/institutional_anchor_provider_geocode_census_candidates.csv,external_census_exact_confirmed,2026-06-04T14:02:28.324990+00:00,J D MCCARTY HANDICAPPED CTR,OK,NORMAN,73071,2002 E. ROBINSON ST,spot_check_same_city_candidate_before_assignment,same_city_census_confirms_candidate,Exact,"2002 E ROBINSON ST, NORMAN, OK, 73071",0.97,provider_original,held_or_rejected,not_external_geocode_action; not_external_census_candidate_ready_status,False
393304,2024,assign_county,42003,"Allegheny County, Pennsylvania",0.93,"Accepted report-only institutional-anchor CMS provider geocode: external provider row confirmed by exact Census geographies address match to Allegheny County, Pennsylvania (42003) for provider 393304 fiscal year 2024. Institutional source promotion remains blocked by source-maturity, leakage, and model-impact gates.",/Users/coryseidel/PersonalProjects/IdeaTests/LandInvest/output/institutional_anchor_provider_geocode_census_candidates.csv,external_census_exact_confirmed,2026-06-04T14:02:28.324990+00:00,THE CHILDRENS HOME OF PITTSBURGH,PA,PITTSBURGH,15232,5618 KENTUCKY AVENUE,spot_check_same_city_candidate_before_assignment,same_city_census_confirms_candidate,Exact,"5618 KENTUCKY AVE, PITTSBURGH, PA, 15232",0.97,provider_original,held_or_rejected,not_external_geocode_action; not_external_census_candidate_ready_status,False
424013,2024,assign_county,45075,"Orangeburg County, South Carolina",0.93,"Accepted report-only institutional-anchor CMS provider geocode: external provider row confirmed by exact Census geographies address match to Orangeburg County, South Carolina (45075) for provider 424013 fiscal year 2024. Institutional source promotion remains blocked by source-maturity, leakage, and model-impact gates.",/Users/coryseidel/PersonalProjects/IdeaTests/LandInvest/output/institutional_anchor_provider_geocode_census_candidates.csv,external_census_exact_confirmed,2026-06-04T14:02:28.324990+00:00,WILLIAM J MCCORD TREATMENT FACILITY,SC,ORANGEBURG,29118,910 COOK ROAD,spot_check_same_city_candidate_before_assignment,same_city_census_confirms_candidate,Exact,"910 COOK RD, ORANGEBURG, SC, 29118",0.97,provider_original,held_or_rejected,not_external_geocode_action; not_external_census_candidate_ready_status,False
444033,2024,assign_county,47157,"Shelby County, Tennessee",0.89,"Accepted report-only institutional-anchor CMS provider geocode: external provider row confirmed by exact Census geographies address match to Shelby County, Tennessee (47157) for provider 444033 fiscal year 2024. Institutional source promotion remains blocked by source-maturity, leakage, and model-impact gates.",/Users/coryseidel/PersonalProjects/IdeaTests/LandInvest/output/institutional_anchor_provider_geocode_census_candidates.csv,external_census_exact_confirmed,2026-06-04T14:02:28.324990+00:00,COMPASS INTERVENTION CENTER,TN,MEMPHIS,38125,7890 LOWRANCE,spot_check_same_city_candidate_before_assignment,same_city_census_context_only,Non_Exact,"7890 LOWRANCE RD, MEMPHIS, TN, 38125",0.88,provider_original,held_or_rejected,not_external_geocode_action; not_external_census_candidate_ready_status; census_match_type_not_exact; census_confidence_below_0_93; census_score_below_0_97,False
443303,2024,assign_county,47093,"Knox County, Tennessee",0.84,"Accepted report-only institutional-anchor CMS provider geocode: external provider row confirmed by exact Census geographies address match to Knox County, Tennessee (47093) for provider 443303 fiscal year 2024. Institutional source promotion remains blocked by source-maturity, leakage, and model-impact gates.",/Users/coryseidel/PersonalProjects/IdeaTests/LandInvest/output/institutional_anchor_provider_geocode_census_candidates.csv,external_census_exact_confirmed,2026-06-04T14:02:28.324990+00:00,EAST TENNESSEE CHILDRENS HOSPITAL,TN,KNOXVILLE,37901,2018 CLINCH AVENUE,spot_check_same_city_candidate_before_assignment,same_city_census_context_only,Non_Exact,"2018 CLINCH AVE, KNOXVILLE, TN, 37916",0.8,provider_original,held_or_rejected,not_external_geocode_action; not_external_census_candidate_ready_status; census_match_type_not_exact; census_confidence_below_0_93; census_score_below_0_97; matched_address_missing_provider_zip5,False
443302,2024,assign_county,47157,"Shelby County, Tennessee",0.89,"Accepted report-only institutional-anchor CMS provider geocode: external provider row confirmed by exact Census geographies address match to Shelby County, Tennessee (47157) for provider 443302 fiscal year 2024. Institutional source promotion remains blocked by source-maturity, leakage, and model-impact gates.",/Users/coryseidel/PersonalProjects/IdeaTests/LandInvest/output/institutional_anchor_provider_geocode_census_candidates.csv,external_census_exact_confirmed,2026-06-04T14:02:28.324990+00:00,ST JUDE CHILDRENS RESEARCH HOSPITAL,TN,MEMPHIS,38105,262 DANNY THOMAS PLACE,spot_check_same_city_candidate_before_assignment,same_city_census_context_only,Non_Exact,"262 N DANNY THOMAS BLVD, MEMPHIS, TN, 38105",0.88,provider_original,held_or_rejected,not_external_geocode_action; not_external_census_candidate_ready_status; census_match_type_not_exact; census_confidence_below_0_93; census_score_below_0_97,False
444023,2023,assign_county,47113,"Madison County, Tennessee",0.93,"Accepted report-only institutional-anchor CMS provider geocode: external provider row confirmed by exact Census geographies address match to Madison County, Tennessee (47113) for provider 444023 fiscal year 2023. Institutional source promotion remains blocked by source-maturity, leakage, and model-impact gates.",/Users/coryseidel/PersonalProjects/IdeaTests/LandInvest/output/institutional_anchor_provider_geocode_census_candidates.csv,external_census_exact_confirmed,2026-06-04T14:02:28.324990+00:00,WOODRIDGE OF WEST TENNESSEE LLC,TN,JACKSON,38305,49 OLD HICKORY BOULEVARD,spot_check_same_city_candidate_before_assignment,same_city_census_confirms_candidate,Exact,"49 OLD HICKORY BLVD, JACKSON, TN, 38305",0.97,provider_original,held_or_rejected,not_external_geocode_action; not_external_census_candidate_ready_status,False
453311,2023,assign_county,48167,"Galveston County, Texas",0.93,"Accepted report-only institutional-anchor CMS provider geocode: external provider row confirmed by exact Census geographies address match to Galveston County, Texas (48167) for provider 453311 fiscal year 2023. Institutional source promotion remains blocked by source-maturity, leakage, and model-impact gates.",/Users/coryseidel/PersonalProjects/IdeaTests/LandInvest/output/institutional_anchor_provider_geocode_census_candidates.csv,external_census_exact_confirmed,2026-06-04T14:02:28.324990+00:00,SHRINERS HOSPITAL FOR CHILDREN,TX,GALVESTON,77550,815 MARKET STREET,spot_check_same_city_candidate_before_assignment,same_city_census_confirms_candidate,Exact,"815 MARKET ST, GALVESTON, TX, 77550",0.97,provider_original,held_or_rejected,not_external_geocode_action; not_external_census_candidate_ready_status,False
453314,2023,assign_county,48113,"Dallas County, Texas",0.93,"Accepted report-only institutional-anchor CMS provider geocode: external provider row confirmed by exact Census geographies address match to Dallas County, Texas (48113) for provider 453314 fiscal year 2023. Institutional source promotion remains blocked by source-maturity, leakage, and model-impact gates.",/Users/coryseidel/PersonalProjects/IdeaTests/LandInvest/output/institutional_anchor_provider_geocode_census_candidates.csv,external_census_exact_confirmed,2026-06-04T14:02:28.324990+00:00,TEXAS SCOTTISH RITE HOSPITAL FOR CHI,TX,DALLAS,75219,2222 WELBORN STREET,spot_check_same_city_candidate_before_assignment,same_city_census_confirms_candidate,Exact,"2222 WELBORN ST, DALLAS, TX, 75219",0.97,provider_original,held_or_rejected,not_external_geocode_action; not_external_census_candidate_ready_status,False
503302,2023,assign_county,53063,"Spokane County, Washington",0.93,"Accepted report-only institutional-anchor CMS provider geocode: external provider row confirmed by exact Census geographies address match to Spokane County, Washington (53063) for provider 503302 fiscal year 2023. Institutional source promotion remains blocked by source-maturity, leakage, and model-impact gates.",/Users/coryseidel/PersonalProjects/IdeaTests/LandInvest/output/institutional_anchor_provider_geocode_census_candidates.csv,external_census_exact_confirmed,2026-06-04T14:02:28.324990+00:00,SHRINERS HOSPITALS FOR CHILDREN,WA,SPOKANE,99204,911 W FIFTH AVENUE,spot_check_same_city_candidate_before_assignment,same_city_census_confirms_candidate,Exact,"911 W 5TH AVE, SPOKANE, WA, 99204",0.97,provider_original,held_or_rejected,not_external_geocode_action; not_external_census_candidate_ready_status,False
290057,2023,assign_county,32003,"Clark County, Nevada",0.89,"Accepted report-only institutional-anchor CMS provider geocode: external provider row confirmed by exact Census geographies address match to Clark County, Nevada (32003) for provider 290057 fiscal year 2023. Institutional source promotion remains blocked by source-maturity, leakage, and model-impact gates.",/Users/coryseidel/PersonalProjects/IdeaTests/LandInvest/output/institutional_anchor_provider_geocode_census_candidates.csv,external_census_exact_confirmed,2026-06-04T14:02:28.324990+00:00,HENDERSON HOSPITAL,NV,HENDERSON,89011,1050 WEST GALLERIA DRIVE,spot_check_same_city_candidate_before_assignment,same_city_census_context_only,Non_Exact,"1050 GALLERIA DR, HENDERSON, NV, 89011",0.88,provider_original,held_or_rejected,not_external_geocode_action; not_external_census_candidate_ready_status; census_match_type_not_exact; census_confidence_below_0_93; census_score_below_0_97,False
400016,2023,assign_county,,,,"Accepted report-only institutional-anchor CMS provider geocode: external provider row confirmed by exact Census geographies address match to  () for provider 400016 fiscal year 2023. Institutional source promotion remains blocked by source-maturity, leakage, and model-impact gates.",/Users/coryseidel/PersonalProjects/IdeaTests/LandInvest/output/institutional_anchor_provider_geocode_census_candidates.csv,external_census_exact_confirmed,2026-06-04T14:02:28.324990+00:00,AUXILIO MUTUO HOSPITAL,PR,SAN JUAN,00919,PONCE DE LEON,spot_check_same_city_candidate_before_assignment,unresolved_after_census_batch,,,,,held_or_rejected,not_external_geocode_action; not_external_census_candidate_ready_status; not_provider_original_attempt; census_match_status_not_match; census_match_type_not_exact; census_fips_not_in_county_lookup; census_confidence_below_0_93; census_score_below_0_97; missing_census_matched_address; matched_address_missing_provider_zip5; provider_street_missing_number; matched_address_missing_number,False
400044,2023,assign_county,,,,"Accepted report-only institutional-anchor CMS provider geocode: external provider row confirmed by exact Census geographies address match to  () for provider 400044 fiscal year 2023. Institutional source promotion remains blocked by source-maturity, leakage, and model-impact gates.",/Users/coryseidel/PersonalProjects/IdeaTests/LandInvest/output/institutional_anchor_provider_geocode_census_candidates.csv,external_census_exact_confirmed,2026-06-04T14:02:28.324990+00:00,SAN LUCAS PONCE,PR,PONCE,00733,917 AVE TITO CASTRO,spot_check_same_city_candidate_before_assignment,unresolved_after_census_batch,,,,,held_or_rejected,not_external_geocode_action; not_external_census_candidate_ready_status; not_provider_original_attempt; census_match_status_not_match; census_match_type_not_exact; census_fips_not_in_county_lookup; census_confidence_below_0_93; census_score_below_0_97; missing_census_matched_address; matched_address_missing_provider_zip5; matched_address_missing_number,False
100206,2023,assign_county,12057,"Hillsborough County, Florida",0.89,"Accepted report-only institutional-anchor CMS provider geocode: external provider row confirmed by exact Census geographies address match to Hillsborough County, Florida (12057) for provider 100206 fiscal year 2023. Institutional source promotion remains blocked by source-maturity, leakage, and model-impact gates.",/Users/coryseidel/PersonalProjects/IdeaTests/LandInvest/output/institutional_anchor_provider_geocode_census_candidates.csv,external_census_exact_confirmed,2026-06-04T14:02:28.324990+00:00,MEMORIAL HOSPITAL OF TAMPA,FL,TAMPA,33609,2901 SWANN AVENUE,spot_check_same_city_candidate_before_assignment,same_city_census_context_only,Non_Exact,"2901 W SWANN AVE, TAMPA, FL, 33609",0.88,provider_original,held_or_rejected,not_external_geocode_action; not_external_census_candidate_ready_status; census_match_type_not_exact; census_confidence_below_0_93; census_score_below_0_97,False
400061,2024,assign_county,,,,"Accepted report-only institutional-anchor CMS provider geocode: external provider row confirmed by exact Census geographies address match to  () for provider 400061 fiscal year 2024. Institutional source promotion remains blocked by source-maturity, leakage, and model-impact gates.",/Users/coryseidel/PersonalProjects/IdeaTests/LandInvest/output/institutional_anchor_provider_geocode_census_candidates.csv,external_census_exact_confirmed,2026-06-04T14:02:28.324990+00:00,UNIVERSITY DISCTRICT HOSPITAL,PR,SAN JUAN,00922,BO. MONACILLO,spot_check_same_city_candidate_before_assignment,unresolved_after_census_batch,,,,,held_or_rejected,not_external_geocode_action; not_external_census_candidate_ready_status; not_provider_original_attempt; census_match_status_not_match; census_match_type_not_exact; census_fips_not_in_county_lookup; census_confidence_below_0_93; census_score_below_0_97; missing_census_matched_address; matched_address_missing_provider_zip5; provider_street_missing_number; matched_address_missing_number,False
400001,2024,assign_county,72127,San Juan Muno,0.84,"Accepted report-only institutional-anchor CMS provider geocode: external provider row confirmed by exact Census geographies address match to San Juan Muno (72127) for provider 400001 fiscal year 2024. Institutional source promotion remains blocked by source-maturity, leakage, and model-impact gates.",/Users/coryseidel/PersonalProjects/IdeaTests/LandInvest/output/institutional_anchor_provider_geocode_census_candidates.csv,external_census_exact_confirmed,2026-06-04T14:02:28.324990+00:00,ASHFORD PRESBYTERIAN COMMUNITY CORP,PR,SAN JUAN,00902,1451 ASHFORD AVE.,spot_check_same_city_candidate_before_assignment,same_city_census_context_only,Non_Exact,"1451 AVE ASHFORD, SAN JUAN, PR, 00907",0.8,provider_original,held_or_rejected,not_external_geocode_action; not_external_census_candidate_ready_status; census_match_type_not_exact; census_confidence_below_0_93; census_score_below_0_97; matched_address_missing_provider_zip5,False
400014,2023,assign_county,,,,"Accepted report-only institutional-anchor CMS provider geocode: external provider row confirmed by exact Census geographies address match to  () for provider 400014 fiscal year 2023. Institutional source promotion remains blocked by source-maturity, leakage, and model-impact gates.",/Users/coryseidel/PersonalProjects/IdeaTests/LandInvest/output/institutional_anchor_provider_geocode_census_candidates.csv,external_census_exact_confirmed,2026-06-04T14:02:28.324990+00:00,HOSPITAL BELLA VISTA,PR,MAYAGUEZ,00680,349 KM 2.7,spot_check_same_city_candidate_before_assignment,unresolved_after_census_batch,,,,,held_or_rejected,not_external_geocode_action; not_external_census_candidate_ready_status; not_provider_original_attempt; census_match_status_not_match; census_match_type_not_exact; census_fips_not_in_county_lookup; census_confidence_below_0_93; census_score_below_0_97; missing_census_matched_address; matched_address_missing_provider_zip5; matched_address_missing_number,False
400015,2024,assign_county,,,,"Accepted report-only institutional-anchor CMS provider geocode: external provider row confirmed by exact Census geographies address match to  () for provider 400015 fiscal year 2024. Institutional source promotion remains blocked by source-maturity, leakage, and model-impact gates.",/Users/coryseidel/PersonalProjects/IdeaTests/LandInvest/output/institutional_anchor_provider_geocode_census_candidates.csv,external_census_exact_confirmed,2026-06-04T14:02:28.324990+00:00,SAN JUAN MUNICIPAL HOSPITAL,PR,SAN JUAN,00928,RIO PIEDRAS STATION,spot_check_same_city_candidate_before_assignment,unresolved_after_census_batch,,,,,held_or_rejected,not_external_geocode_action; not_external_census_candidate_ready_status; not_provider_original_attempt; census_match_status_not_match; census_match_type_not_exact; census_fips_not_in_county_lookup; census_confidence_below_0_93; census_score_below_0_97; missing_census_matched_address; matched_address_missing_provider_zip5; provider_street_missing_number; matched_address_missing_number,False
400127,2024,assign_county,,,,"Accepted report-only institutional-anchor CMS provider geocode: external provider row confirmed by exact Census geographies address match to  () for provider 400127 fiscal year 2024. Institutional source promotion remains blocked by source-maturity, leakage, and model-impact gates.",/Users/coryseidel/PersonalProjects/IdeaTests/LandInvest/output/institutional_anchor_provider_geocode_census_candidates.csv,external_census_exact_confirmed,2026-06-04T14:02:28.324990+00:00,ADMIN DE SERVICIOS MEDICOS DE PR,PR,SAN JUAN,00922,CENTRO MEDICO,spot_check_same_city_candidate_before_assignment,unresolved_after_census_batch,,,,,held_or_rejected,not_external_geocode_action; not_external_census_candidate_ready_status; not_provider_original_attempt; census_match_status_not_match; census_match_type_not_exact; census_fips_not_in_county_lookup; census_confidence_below_0_93; census_score_below_0_97; missing_census_matched_address; matched_address_missing_provider_zip5; provider_street_missing_number; matched_address_missing_number,False
400098,2023,assign_county,,,,"Accepted report-only institutional-anchor CMS provider geocode: external provider row confirmed by exact Census geographies address match to  () for provider 400098 fiscal year 2023. Institutional source promotion remains blocked by source-maturity, leakage, and model-impact gates.",/Users/coryseidel/PersonalProjects/IdeaTests/LandInvest/output/institutional_anchor_provider_geocode_census_candidates.csv,external_census_exact_confirmed,2026-06-04T14:02:28.324990+00:00,HOSPITAL SAN FRANCISCO,PR,RIO PIEDRAS,00923,DE DIEGO AVE. #371,spot_check_same_city_candidate_before_assignment,unresolved_after_census_batch,,,,,held_or_rejected,not_external_geocode_action; not_external_census_candidate_ready_status; not_provider_original_attempt; census_match_status_not_match; census_match_type_not_exact; census_fips_not_in_county_lookup; census_confidence_below_0_93; census_score_below_0_97; missing_census_matched_address; matched_address_missing_provider_zip5; matched_address_missing_number,False
400106,2023,assign_county,,,,"Accepted report-only institutional-anchor CMS provider geocode: external provider row confirmed by exact Census geographies address match to  () for provider 400106 fiscal year 2023. Institutional source promotion remains blocked by source-maturity, leakage, and model-impact gates.",/Users/coryseidel/PersonalProjects/IdeaTests/LandInvest/output/institutional_anchor_provider_geocode_census_candidates.csv,external_census_exact_confirmed,2026-06-04T14:02:28.324990+00:00,HOSPITAL METROPOLITANO,PR,RIO PIEDRAS,00922,21 #1785,spot_check_same_city_candidate_before_assignment,unresolved_after_census_batch,,,,,held_or_rejected,not_external_geocode_action; not_external_census_candidate_ready_status; not_provider_original_attempt; census_match_status_not_match; census_match_type_not_exact; census_fips_not_in_county_lookup; census_confidence_below_0_93; census_score_below_0_97; missing_census_matched_address; matched_address_missing_provider_zip5; matched_address_missing_number,False
400022,2023,assign_county,,,,"Accepted report-only institutional-anchor CMS provider geocode: external provider row confirmed by exact Census geographies address match to  () for provider 400022 fiscal year 2023. Institutional source promotion remains blocked by source-maturity, leakage, and model-impact gates.",/Users/coryseidel/PersonalProjects/IdeaTests/LandInvest/output/institutional_anchor_provider_geocode_census_candidates.csv,external_census_exact_confirmed,2026-06-04T14:02:28.324990+00:00,HOSPITAL DAMAS,PR,PONCE,00717,2213 PONCE BY PASS,spot_check_same_city_candidate_before_assignment,unresolved_after_census_batch,,,,,held_or_rejected,not_external_geocode_action; not_external_census_candidate_ready_status; not_provider_original_attempt; census_match_status_not_match; census_match_type_not_exact; census_fips_not_in_county_lookup; census_confidence_below_0_93; census_score_below_0_97; missing_census_matched_address; matched_address_missing_provider_zip5; matched_address_missing_number,False
224045,2023,assign_county,,,,"Accepted report-only institutional-anchor CMS provider geocode: external provider row confirmed by exact Census geographies address match to  () for provider 224045 fiscal year 2023. Institutional source promotion remains blocked by source-maturity, leakage, and model-impact gates.",/Users/coryseidel/PersonalProjects/IdeaTests/LandInvest/output/institutional_anchor_provider_geocode_census_candidates.csv,external_census_exact_confirmed,2026-06-04T14:02:28.324990+00:00,HOSPITAL FOR BEHAVIORAL MEDICINE,MA,WORCESTER,01606,100 CENTURY DR,spot_check_same_city_candidate_before_assignment,unresolved_after_census_batch,,,,,held_or_rejected,not_external_geocode_action; not_external_census_candidate_ready_status; not_provider_original_attempt; census_match_status_not_match; census_match_type_not_exact; census_fips_not_in_county_lookup; census_confidence_below_0_93; census_score_below_0_97; missing_census_matched_address; matched_address_missing_provider_zip5; matched_address_missing_number,False
400003,2023,assign_county,72113,Ponce Muno,0.84,"Accepted report-only institutional-anchor CMS provider geocode: external provider row confirmed by exact Census geographies address match to Ponce Muno (72113) for provider 400003 fiscal year 2023. Institutional source promotion remains blocked by source-maturity, leakage, and model-impact gates.",/Users/coryseidel/PersonalProjects/IdeaTests/LandInvest/output/institutional_anchor_provider_geocode_census_candidates.csv,external_census_exact_confirmed,2026-06-04T14:02:28.324990+00:00,HOSPITAL DR. PILA,PR,PONCE,00731,2445 AVE. LAS AMERICAS,spot_check_same_city_candidate_before_assignment,same_city_census_context_only,Non_Exact,"2445 AVE LAS AMERICAS, PONCE, PR, 00717",0.8,provider_original,held_or_rejected,not_external_geocode_action; not_external_census_candidate_ready_status; census_match_type_not_exact; census_confidence_below_0_93; census_score_below_0_97; matched_address_missing_provider_zip5,False
400006,2023,assign_county,,,,"Accepted report-only institutional-anchor CMS provider geocode: external provider row confirmed by exact Census geographies address match to  () for provider 400006 fiscal year 2023. Institutional source promotion remains blocked by source-maturity, leakage, and model-impact gates.",/Users/coryseidel/PersonalProjects/IdeaTests/LandInvest/output/institutional_anchor_provider_geocode_census_candidates.csv,external_census_exact_confirmed,2026-06-04T14:02:28.324990+00:00,DOCTORS CENTER HOSPITAL SAN JUAN I,PR,SAN JUAN,00910,1395 SAN RAFAEL ST. PDA. 20,spot_check_same_city_candidate_before_assignment,unresolved_after_census_batch,,,,,held_or_rejected,not_external_geocode_action; not_external_census_candidate_ready_status; not_provider_original_attempt; census_match_status_not_match; census_match_type_not_exact; census_fips_not_in_county_lookup; census_confidence_below_0_93; census_score_below_0_97; missing_census_matched_address; matched_address_missing_provider_zip5; matched_address_missing_number,False
054095,2023,assign_county,06073,"San Diego County, California",0.93,"Accepted report-only institutional-anchor CMS provider geocode: external provider row confirmed by exact Census geographies address match to San Diego County, California (06073) for provider 054095 fiscal year 2023. Institutional source promotion remains blocked by source-maturity, leakage, and model-impact gates.",/Users/coryseidel/PersonalProjects/IdeaTests/LandInvest/output/institutional_anchor_provider_geocode_census_candidates.csv,external_census_exact_confirmed,2026-06-04T14:02:28.324990+00:00,AURORA SAN DIEGO BEHAVIORAL,CA,SAN DIEGO,92128,11878 AVENUE OF INDUSTRY,spot_check_same_city_candidate_before_assignment,same_city_census_confirms_candidate,Exact,"11878 AVE OF INDUSTRY, SAN DIEGO, CA, 92128",0.97,provider_original,held_or_rejected,not_external_geocode_action; not_external_census_candidate_ready_status,False
374016,2023,assign_county,40123,"Pontotoc County, Oklahoma",0.93,"Accepted report-only institutional-anchor CMS provider geocode: external provider row confirmed by exact Census geographies address match to Pontotoc County, Oklahoma (40123) for provider 374016 fiscal year 2023. Institutional source promotion remains blocked by source-maturity, leakage, and model-impact gates.",/Users/coryseidel/PersonalProjects/IdeaTests/LandInvest/output/institutional_anchor_provider_geocode_census_candidates.csv,external_census_exact_confirmed,2026-06-04T14:02:28.324990+00:00,ROLLING HILLS HOSPITAL,OK,ADA,74820,1000 ROLLING HILLS LANE,spot_check_same_city_candidate_before_assignment,same_city_census_confirms_candidate,Exact,"1000 ROLLING HILLS LN, ADA, OK, 74820",0.97,provider_original,held_or_rejected,not_external_geocode_action; not_external_census_candidate_ready_status,False
104001,2024,assign_county,12011,"Broward County, Florida",0.89,"Accepted report-only institutional-anchor CMS provider geocode: external provider row confirmed by exact Census geographies address match to Broward County, Florida (12011) for provider 104001 fiscal year 2024. Institutional source promotion remains blocked by source-maturity, leakage, and model-impact gates.",/Users/coryseidel/PersonalProjects/IdeaTests/LandInvest/output/institutional_anchor_provider_geocode_census_candidates.csv,external_census_exact_confirmed,2026-06-04T14:02:28.324990+00:00,SOUTH FLORIDA STATE HOSPITAL,FL,PEMBROKE PINES,33025,800 EAST CYPRESS DRIVE,spot_check_same_city_candidate_before_assignment,same_city_census_context_only,Non_Exact,"800 CYPRESS DR, PEMBROKE PINES, FL, 33025",0.88,provider_original,held_or_rejected,not_external_geocode_action; not_external_census_candidate_ready_status; census_match_type_not_exact; census_confidence_below_0_93; census_score_below_0_97,False
450874,2023,assign_county,,,,"Accepted report-only institutional-anchor CMS provider geocode: external provider row confirmed by exact Census geographies address match to  () for provider 450874 fiscal year 2023. Institutional source promotion remains blocked by source-maturity, leakage, and model-impact gates.",/Users/coryseidel/PersonalProjects/IdeaTests/LandInvest/output/institutional_anchor_provider_geocode_census_candidates.csv,external_census_exact_confirmed,2026-06-04T14:02:28.324990+00:00,BAYLOR SURGICAL HOSPITAL LAS COLINAS,TX,IRVING,75063,400 W I-635 SUITE 101,spot_check_same_city_candidate_before_assignment,unresolved_after_census_batch,,,,,held_or_rejected,not_external_geocode_action; not_external_census_candidate_ready_status; not_provider_original_attempt; census_match_status_not_match; census_match_type_not_exact; census_fips_not_in_county_lookup; census_confidence_below_0_93; census_score_below_0_97; missing_census_matched_address; matched_address_missing_provider_zip5; matched_address_missing_number,False
063036,2023,assign_county,08031,"Denver County, Colorado",0.93,"Accepted report-only institutional-anchor CMS provider geocode: external provider row confirmed by exact Census geographies address match to Denver County, Colorado (08031) for provider 063036 fiscal year 2023. Institutional source promotion remains blocked by source-maturity, leakage, and model-impact gates.",/Users/coryseidel/PersonalProjects/IdeaTests/LandInvest/output/institutional_anchor_provider_geocode_census_candidates.csv,external_census_exact_confirmed,2026-06-04T14:02:28.324990+00:00,DENVER REHABILITATION HOSPITAL LLC,CO,DENVER,80238,4650 CENTRAL PARK BLVD.,spot_check_same_city_candidate_before_assignment,same_city_census_confirms_candidate,Exact,"4650 CENTRAL PARK BLVD, DENVER, CO, 80238",0.97,provider_original,held_or_rejected,not_external_geocode_action; not_external_census_candidate_ready_status,False
400136,2024,assign_county,72097,Mayagüez Muno,0.89,"Accepted report-only institutional-anchor CMS provider geocode: external provider row confirmed by exact Census geographies address match to Mayagüez Muno (72097) for provider 400136 fiscal year 2024. Institutional source promotion remains blocked by source-maturity, leakage, and model-impact gates.",/Users/coryseidel/PersonalProjects/IdeaTests/LandInvest/output/institutional_anchor_provider_geocode_census_candidates.csv,external_census_exact_confirmed,2026-06-04T14:02:28.324990+00:00,HOSPITAL SAN ANTONIO INC,PR,MAYAGUEZ,00680,18 CALLE DR RAMON E BETANCES N,spot_check_same_city_candidate_before_assignment,same_city_census_context_only,Non_Exact,"18 CLL DR RAMON EMETERIO BETANCES, MAYAGUEZ, PR, 00680",0.88,provider_original,held_or_rejected,not_external_geocode_action; not_external_census_candidate_ready_status; census_match_type_not_exact; census_confidence_below_0_93; census_score_below_0_97,False
400134,2023,assign_county,72127,San Juan Muno,0.84,"Accepted report-only institutional-anchor CMS provider geocode: external provider row confirmed by exact Census geographies address match to San Juan Muno (72127) for provider 400134 fiscal year 2023. Institutional source promotion remains blocked by source-maturity, leakage, and model-impact gates.",/Users/coryseidel/PersonalProjects/IdeaTests/LandInvest/output/institutional_anchor_provider_geocode_census_candidates.csv,external_census_exact_confirmed,2026-06-04T14:02:28.324990+00:00,SAN JORGE CHILDRENS & WOMEN HOSPITAL,PR,SAN JUAN,00914,258 SAN JORGE STREET,spot_check_same_city_candidate_before_assignment,same_city_census_context_only,Non_Exact,"258 CLL SAN JORGE, SAN JUAN, PR, 00912",0.8,provider_original,held_or_rejected,not_external_geocode_action; not_external_census_candidate_ready_status; census_match_type_not_exact; census_confidence_below_0_93; census_score_below_0_97; matched_address_missing_provider_zip5,False
403301,2024,assign_county,,,,"Accepted report-only institutional-anchor CMS provider geocode: external provider row confirmed by exact Census geographies address match to  () for provider 403301 fiscal year 2024. Institutional source promotion remains blocked by source-maturity, leakage, and model-impact gates.",/Users/coryseidel/PersonalProjects/IdeaTests/LandInvest/output/institutional_anchor_provider_geocode_census_candidates.csv,external_census_exact_confirmed,2026-06-04T14:02:28.324990+00:00,UNIVERSITY PEDIATRIC HOSPITAL,PR,SAN JUAN,00910,PO BOX 191079,spot_check_same_city_candidate_before_assignment,unresolved_after_census_batch,,,,,held_or_rejected,not_external_geocode_action; not_external_census_candidate_ready_status; not_provider_original_attempt; census_match_status_not_match; census_match_type_not_exact; census_fips_not_in_county_lookup; census_confidence_below_0_93; census_score_below_0_97; missing_census_matched_address; matched_address_missing_provider_zip5; matched_address_missing_number,False
050224,2023,assign_county,06059,"Orange County, California",0.84,"Accepted report-only institutional-anchor CMS provider geocode: external provider row confirmed by exact Census geographies address match to Orange County, California (06059) for provider 050224 fiscal year 2023. Institutional source promotion remains blocked by source-maturity, leakage, and model-impact gates.",/Users/coryseidel/PersonalProjects/IdeaTests/LandInvest/output/institutional_anchor_provider_geocode_census_candidates.csv,external_census_exact_confirmed,2026-06-04T14:02:28.324990+00:00,HOAG MEMORIAL HOSPITAL PRESBYTERIAN,CA,NEWPORT BEACH,92658,ONE HOAG DRIVE,external_geocode_required,external_census_context_only,Non_Exact,"1 HOAG DR, NEWPORT BEACH, CA, 92663",0.75,provider_original,held_or_rejected,not_external_census_candidate_ready_status; census_match_type_not_exact; census_confidence_below_0_93; census_score_below_0_97; matched_address_missing_provider_zip5; provider_street_missing_number,False
050367,2023,assign_county,,,,"Accepted report-only institutional-anchor CMS provider geocode: external provider row confirmed by exact Census geographies address match to  () for provider 050367 fiscal year 2023. Institutional source promotion remains blocked by source-maturity, leakage, and model-impact gates.",/Users/coryseidel/PersonalProjects/IdeaTests/LandInvest/output/institutional_anchor_provider_geocode_census_candidates.csv,external_census_exact_confirmed,2026-06-04T14:02:28.324990+00:00,NORTHBAY HOSPITAL GROUP,CA,FAIRFIELD,94533,1200 B. GALE WILSON BLVD,external_geocode_required,unresolved_after_census_batch,,,,,held_or_rejected,not_external_census_candidate_ready_status; not_provider_original_attempt; census_match_status_not_match; census_match_type_not_exact; census_fips_not_in_county_lookup; census_confidence_below_0_93; census_score_below_0_97; missing_census_matched_address; matched_address_missing_provider_zip5; matched_address_missing_number,False
100034,2023,assign_county,12086,"Miami-Dade County, Florida",0.93,"Accepted report-only institutional-anchor CMS provider geocode: external provider row confirmed by exact Census geographies address match to Miami-Dade County, Florida (12086) for provider 100034 fiscal year 2023. Institutional source promotion remains blocked by source-maturity, leakage, and model-impact gates.",/Users/coryseidel/PersonalProjects/IdeaTests/LandInvest/output/institutional_anchor_provider_geocode_census_candidates.csv,external_census_exact_confirmed,2026-06-04T14:02:28.324990+00:00,MOUNT SINAI MEDICAL CENTER OF FLORID,FL,MIAMI BEACH,33140,4300 ALTON ROAD,external_geocode_required,external_census_candidate_ready,Exact,"4300 ALTON RD, MIAMI BEACH, FL, 33140",0.97,provider_original,accepted,,False
140276,2024,assign_county,17031,"Cook County, Illinois",0.93,"Accepted report-only institutional-anchor CMS provider geocode: external provider row confirmed by exact Census geographies address match to Cook County, Illinois (17031) for provider 140276 fiscal year 2024. Institutional source promotion remains blocked by source-maturity, leakage, and model-impact gates.",/Users/coryseidel/PersonalProjects/IdeaTests/LandInvest/output/institutional_anchor_provider_geocode_census_candidates.csv,external_census_exact_confirmed,2026-06-04T14:02:28.324990+00:00,LOYOLA UNIVERSITY MEDICAL CENTER,IL,MAYWOOD,60153,2160 SOUTH FIRST AVENUE,external_geocode_required,external_census_candidate_ready,Exact,"2160 S 1ST AVE, MAYWOOD, IL, 60153",0.97,provider_original,accepted,,False
190176,2023,assign_county,22051,"Jefferson Parish, Louisiana",0.89,"Accepted report-only institutional-anchor CMS provider geocode: external provider row confirmed by exact Census geographies address match to Jefferson Parish, Louisiana (22051) for provider 190176 fiscal year 2023. Institutional source promotion remains blocked by source-maturity, leakage, and model-impact gates.",/Users/coryseidel/PersonalProjects/IdeaTests/LandInvest/output/institutional_anchor_provider_geocode_census_candidates.csv,external_census_exact_confirmed,2026-06-04T14:02:28.324990+00:00,EAST JEFFERSON GENERAL HOSPIAL,LA,METAIRIE,70006,4200 HOUMA,external_geocode_required,external_census_context_only,Non_Exact,"4200 HOUMA BLVD, METAIRIE, LA, 70006",0.88,provider_original,held_or_rejected,not_external_census_candidate_ready_status; census_match_type_not_exact; census_confidence_below_0_93; census_score_below_0_97,False
214004,2024,assign_county,24013,"Carroll County, Maryland",0.93,"Accepted report-only institutional-anchor CMS provider geocode: external provider row confirmed by exact Census geographies address match to Carroll County, Maryland (24013) for provider 214004 fiscal year 2024. Institutional source promotion remains blocked by source-maturity, leakage, and model-impact gates.",/Users/coryseidel/PersonalProjects/IdeaTests/LandInvest/output/institutional_anchor_provider_geocode_census_candidates.csv,external_census_exact_confirmed,2026-06-04T14:02:28.324990+00:00,SPRINGFIELD HOSPITAL CENTER,MD,SYKESVILLE,21784,6655 SYKESVILLE RD,external_geocode_required,external_census_candidate_ready,Exact,"6655 SYKESVILLE RD, SYKESVILLE, MD, 21784",0.97,provider_original,accepted,,False
214018,2024,assign_county,24005,"Baltimore County, Maryland",0.93,"Accepted report-only institutional-anchor CMS provider geocode: external provider row confirmed by exact Census geographies address match to Baltimore County, Maryland (24005) for provider 214018 fiscal year 2024. Institutional source promotion remains blocked by source-maturity, leakage, and model-impact gates.",/Users/coryseidel/PersonalProjects/IdeaTests/LandInvest/output/institutional_anchor_provider_geocode_census_candidates.csv,external_census_exact_confirmed,2026-06-04T14:02:28.324990+00:00,SPRINGGROVE HOSPITAL CENTER,MD,CATONSVILLE,21228,55 WADE AVE,external_geocode_required,external_census_candidate_ready,Exact,"55 WADE AVE, CATONSVILLE, MD, 21228",0.97,provider_original,accepted,,False
220063,2023,assign_county,25017,"Middlesex County, Massachusetts",0.93,"Accepted report-only institutional-anchor CMS provider geocode: external provider row confirmed by exact Census geographies address match to Middlesex County, Massachusetts (25017) for provider 220063 fiscal year 2023. Institutional source promotion remains blocked by source-maturity, leakage, and model-impact gates.",/Users/coryseidel/PersonalProjects/IdeaTests/LandInvest/output/institutional_anchor_provider_geocode_census_candidates.csv,external_census_exact_confirmed,2026-06-04T14:02:28.324990+00:00,LOWELL GENERAL HOSPITAL,MA,LOWELL,01854,295 VARNUM AVE,external_geocode_required,external_census_candidate_ready,Exact,"295 VARNUM AVE, LOWELL, MA, 01854",0.97,provider_original,accepted,,False
250141,2023,assign_county,,,,"Accepted report-only institutional-anchor CMS provider geocode: external provider row confirmed by exact Census geographies address match to  () for provider 250141 fiscal year 2023. Institutional source promotion remains blocked by source-maturity, leakage, and model-impact gates.",/Users/coryseidel/PersonalProjects/IdeaTests/LandInvest/output/institutional_anchor_provider_geocode_census_candidates.csv,external_census_exact_confirmed,2026-06-04T14:02:28.324990+00:00,BAPTIST MEM HOSPITAL DESOTO,MS,SOUTHAVEN,38671,7601 SOUTHCREST,external_geocode_required,unresolved_after_census_batch,,,,,held_or_rejected,not_external_census_candidate_ready_status; not_provider_original_attempt; census_match_status_not_match; census_match_type_not_exact; census_fips_not_in_county_lookup; census_confidence_below_0_93; census_score_below_0_97; missing_census_matched_address; matched_address_missing_provider_zip5; matched_address_missing_number,False
193300,2023,assign_county,22071,"Orleans Parish, Louisiana",0.93,"Accepted report-only institutional-anchor CMS provider geocode: external provider row confirmed by exact Census geographies address match to Orleans Parish, Louisiana (22071) for provider 193300 fiscal year 2023. Institutional source promotion remains blocked by source-maturity, leakage, and model-impact gates.",/Users/coryseidel/PersonalProjects/IdeaTests/LandInvest/output/institutional_anchor_provider_geocode_census_candidates.csv,external_census_exact_confirmed,2026-06-04T14:02:28.324990+00:00,CHILDRENS HOSPITAL,LA,NEW ORLEANS,70118,200 HENRY CLAY AVENUE,external_geocode_required,external_census_candidate_ready,Exact,"200 HENRY CLAY AVE, NEW ORLEANS, LA, 70118",0.97,provider_original,accepted,,False
220033,2023,assign_county,25009,"Essex County, Massachusetts",0.93,"Accepted report-only institutional-anchor CMS provider geocode: external provider row confirmed by exact Census geographies address match to Essex County, Massachusetts (25009) for provider 220033 fiscal year 2023. Institutional source promotion remains blocked by source-maturity, leakage, and model-impact gates.",/Users/coryseidel/PersonalProjects/IdeaTests/LandInvest/output/institutional_anchor_provider_geocode_census_candidates.csv,external_census_exact_confirmed,2026-06-04T14:02:28.324990+00:00,BEVERLY HOSPITAL,MA,BEVERLY,01915,85 HERRICK STREET,external_geocode_required,external_census_candidate_ready,Exact,"85 HERRICK ST, BEVERLY, MA, 01915",0.97,provider_original,accepted,,False
390180,2023,assign_county,42045,"Delaware County, Pennsylvania",0.89,"Accepted report-only institutional-anchor CMS provider geocode: external provider row confirmed by exact Census geographies address match to Delaware County, Pennsylvania (42045) for provider 390180 fiscal year 2023. Institutional source promotion remains blocked by source-maturity, leakage, and model-impact gates.",/Users/coryseidel/PersonalProjects/IdeaTests/LandInvest/output/institutional_anchor_provider_geocode_census_candidates.csv,external_census_exact_confirmed,2026-06-04T14:02:28.324990+00:00,CROZER CHESTER MEDICAL CENTER,PA,UPLAND,19013,ONE MEDICAL CENTER BLVD.,external_geocode_required,external_census_context_only,Non_Exact,"1 MEDICAL CENTER BLVD, CHESTER, PA, 19013",0.83,provider_original,held_or_rejected,not_external_census_candidate_ready_status; census_match_type_not_exact; census_confidence_below_0_93; census_score_below_0_97; provider_street_missing_number,False
260027,2023,assign_county,29095,"Jackson County, Missouri",0.93,"Accepted report-only institutional-anchor CMS provider geocode: external provider row confirmed by exact Census geographies address match to Jackson County, Missouri (29095) for provider 260027 fiscal year 2023. Institutional source promotion remains blocked by source-maturity, leakage, and model-impact gates.",/Users/coryseidel/PersonalProjects/IdeaTests/LandInvest/output/institutional_anchor_provider_geocode_census_candidates.csv,external_census_exact_confirmed,2026-06-04T14:02:28.324990+00:00,AMEND#3 LIP RESEARCH MED CTR,MO,KANSAS CITY,64132,2316 E MEYER BLVD,external_geocode_required,external_census_candidate_ready,Exact,"2316 E MEYER BLVD, KANSAS CITY, MO, 64132",0.97,provider_original,accepted,,False
300018,2023,assign_county,33017,"Strafford County, New Hampshire",0.93,"Accepted report-only institutional-anchor CMS provider geocode: external provider row confirmed by exact Census geographies address match to Strafford County, New Hampshire (33017) for provider 300018 fiscal year 2023. Institutional source promotion remains blocked by source-maturity, leakage, and model-impact gates.",/Users/coryseidel/PersonalProjects/IdeaTests/LandInvest/output/institutional_anchor_provider_geocode_census_candidates.csv,external_census_exact_confirmed,2026-06-04T14:02:28.324990+00:00,WENTWORTH DOUGLASS HOSPITAL,NH,DOVER,03820,789 CENTRAL AV,external_geocode_required,external_census_candidate_ready,Exact,"789 CENTRAL AVE, DOVER, NH, 03820",0.97,provider_original,accepted,,False
060112,2024,assign_county,08035,"Douglas County, Colorado",0.93,"Accepted report-only institutional-anchor CMS provider geocode: external provider row confirmed by exact Census geographies address match to Douglas County, Colorado (08035) for provider 060112 fiscal year 2024. Institutional source promotion remains blocked by source-maturity, leakage, and model-impact gates.",/Users/coryseidel/PersonalProjects/IdeaTests/LandInvest/output/institutional_anchor_provider_geocode_census_candidates.csv,external_census_exact_confirmed,2026-06-04T14:02:28.324990+00:00,SKY RIDGE MEDICAL CENTER,CO,LONE TREE,80124,10101 RIDGEGATE PARKWAY,external_geocode_required,external_census_candidate_ready,Exact,"10101 RIDGEGATE PKWY, LONE TREE, CO, 80124",0.97,provider_original,accepted,,False
500036,2023,assign_county,53077,"Yakima County, Washington",0.89,"Accepted report-only institutional-anchor CMS provider geocode: external provider row confirmed by exact Census geographies address match to Yakima County, Washington (53077) for provider 500036 fiscal year 2023. Institutional source promotion remains blocked by source-maturity, leakage, and model-impact gates.",/Users/coryseidel/PersonalProjects/IdeaTests/LandInvest/output/institutional_anchor_provider_geocode_census_candidates.csv,external_census_exact_confirmed,2026-06-04T14:02:28.324990+00:00,YAKIMA VALLEY MEMORIAL HOSPITAL,WA,YAKIMA,98902,2811 TIETON DRIVE,external_geocode_required,external_census_context_only,Non_Exact,"2811 W TIETON DR, YAKIMA, WA, 98902",0.88,provider_original,held_or_rejected,not_external_census_candidate_ready_status; census_match_type_not_exact; census_confidence_below_0_93; census_score_below_0_97,False
490048,2023,assign_county,51775,"Salem city, Virginia",0.93,"Accepted report-only institutional-anchor CMS provider geocode: external provider row confirmed by exact Census geographies address match to Salem city, Virginia (51775) for provider 490048 fiscal year 2023. Institutional source promotion remains blocked by source-maturity, leakage, and model-impact gates.",/Users/coryseidel/PersonalProjects/IdeaTests/LandInvest/output/institutional_anchor_provider_geocode_census_candidates.csv,external_census_exact_confirmed,2026-06-04T14:02:28.324990+00:00,LEWIS GALE MEDICAL CENTER,VA,SALEM,24153,1900 ELECTRIC ROAD,external_geocode_required,external_census_candidate_ready,Exact,"1900 ELECTRIC RD, SALEM, VA, 24153",0.97,provider_original,accepted,,False
100269,2024,assign_county,,,,"Accepted report-only institutional-anchor CMS provider geocode: external provider row confirmed by exact Census geographies address match to  () for provider 100269 fiscal year 2024. Institutional source promotion remains blocked by source-maturity, leakage, and model-impact gates.",/Users/coryseidel/PersonalProjects/IdeaTests/LandInvest/output/institutional_anchor_provider_geocode_census_candidates.csv,external_census_exact_confirmed,2026-06-04T14:02:28.324990+00:00,HCA FLORIDA PALMS WEST HOSPITAL,FL,LOXAHATCHEE,33470,13001 STATE ROAD 80,external_geocode_required,unresolved_after_census_batch,,,,,held_or_rejected,not_external_census_candidate_ready_status; not_provider_original_attempt; census_match_status_not_match; census_match_type_not_exact; census_fips_not_in_county_lookup; census_confidence_below_0_93; census_score_below_0_97; missing_census_matched_address; matched_address_missing_provider_zip5; matched_address_missing_number,False
100189,2023,assign_county,12011,"Broward County, Florida",0.89,"Accepted report-only institutional-anchor CMS provider geocode: external provider row confirmed by exact Census geographies address match to Broward County, Florida (12011) for provider 100189 fiscal year 2023. Institutional source promotion remains blocked by source-maturity, leakage, and model-impact gates.",/Users/coryseidel/PersonalProjects/IdeaTests/LandInvest/output/institutional_anchor_provider_geocode_census_candidates.csv,external_census_exact_confirmed,2026-06-04T14:02:28.324990+00:00,HCA FLORIDA NORTHWEST HOSPITAL,FL,MARGATE,33063,2801 NORTH STATE ROAD 7,external_geocode_required,external_census_context_only,Non_Exact,"2801 STATE HWY 7, MARGATE, FL, 33063",0.88,provider_original,held_or_rejected,not_external_census_candidate_ready_status; census_match_type_not_exact; census_confidence_below_0_93; census_score_below_0_97,False
230151,2023,assign_county,26125,"Oakland County, Michigan",0.89,"Accepted report-only institutional-anchor CMS provider geocode: external provider row confirmed by exact Census geographies address match to Oakland County, Michigan (26125) for provider 230151 fiscal year 2023. Institutional source promotion remains blocked by source-maturity, leakage, and model-impact gates.",/Users/coryseidel/PersonalProjects/IdeaTests/LandInvest/output/institutional_anchor_provider_geocode_census_candidates.csv,external_census_exact_confirmed,2026-06-04T14:02:28.324990+00:00,COREWELL HEALTH- FARMINGTON HILLS,MI,FARMINGTON HILLS,48336,28050 GRAND RIVER,external_geocode_required,external_census_context_only,Non_Exact,"28050 GRAND RIVER AVE, FARMINGTON HILLS, MI, 48336",0.88,provider_original,held_or_rejected,not_external_census_candidate_ready_status; census_match_type_not_exact; census_confidence_below_0_93; census_score_below_0_97,False
270051,2023,assign_county,30029,"Flathead County, Montana",0.93,"Accepted report-only institutional-anchor CMS provider geocode: external provider row confirmed by exact Census geographies address match to Flathead County, Montana (30029) for provider 270051 fiscal year 2023. Institutional source promotion remains blocked by source-maturity, leakage, and model-impact gates.",/Users/coryseidel/PersonalProjects/IdeaTests/LandInvest/output/institutional_anchor_provider_geocode_census_candidates.csv,external_census_exact_confirmed,2026-06-04T14:02:28.324990+00:00,LOGAN HEALTH MEDICAL CENTER,MT,KALISPELL,59901,310 SUNNYVIEW LANE,external_geocode_required,external_census_candidate_ready,Exact,"310 SUNNYVIEW LN, KALISPELL, MT, 59901",0.97,provider_original,accepted,,False
060027,2023,assign_county,08013,"Boulder County, Colorado",0.93,"Accepted report-only institutional-anchor CMS provider geocode: external provider row confirmed by exact Census geographies address match to Boulder County, Colorado (08013) for provider 060027 fiscal year 2023. Institutional source promotion remains blocked by source-maturity, leakage, and model-impact gates.",/Users/coryseidel/PersonalProjects/IdeaTests/LandInvest/output/institutional_anchor_provider_geocode_census_candidates.csv,external_census_exact_confirmed,2026-06-04T14:02:28.324990+00:00,BOULDER COMMUNITY HOSPITAL,CO,BOULDER,80303,4747 ARAPAHOE AVENUE,external_geocode_required,external_census_candidate_ready,Exact,"4747 ARAPAHOE AVE, BOULDER, CO, 80303",0.97,provider_original,accepted,,False
220084,2023,assign_county,,,,"Accepted report-only institutional-anchor CMS provider geocode: external provider row confirmed by exact Census geographies address match to  () for provider 220084 fiscal year 2023. Institutional source promotion remains blocked by source-maturity, leakage, and model-impact gates.",/Users/coryseidel/PersonalProjects/IdeaTests/LandInvest/output/institutional_anchor_provider_geocode_census_candidates.csv,external_census_exact_confirmed,2026-06-04T14:02:28.324990+00:00,EMERSON HOSPITAL,MA,CONCORD,01742,113 ORNC,external_geocode_required,unresolved_after_census_batch,,,,,held_or_rejected,not_external_census_candidate_ready_status; not_provider_original_attempt; census_match_status_not_match; census_match_type_not_exact; census_fips_not_in_county_lookup; census_confidence_below_0_93; census_score_below_0_97; missing_census_matched_address; matched_address_missing_provider_zip5; matched_address_missing_number,False
220060,2023,assign_county,25023,"Plymouth County, Massachusetts",0.93,"Accepted report-only institutional-anchor CMS provider geocode: external provider row confirmed by exact Census geographies address match to Plymouth County, Massachusetts (25023) for provider 220060 fiscal year 2023. Institutional source promotion remains blocked by source-maturity, leakage, and model-impact gates.",/Users/coryseidel/PersonalProjects/IdeaTests/LandInvest/output/institutional_anchor_provider_geocode_census_candidates.csv,external_census_exact_confirmed,2026-06-04T14:02:28.324990+00:00,BETH ISRAEL DEACONESS - PLYMOUTH,MA,PLYMOUTH,02360,275 SANDWICH STREET,external_geocode_required,external_census_candidate_ready,Exact,"275 SANDWICH ST, PLYMOUTH, MA, 02360",0.97,provider_original,accepted,,False
070017,2023,assign_county,09009,"New Haven County, Connecticut",0.93,"Accepted report-only institutional-anchor CMS provider geocode: external provider row confirmed by exact Census geographies address match to New Haven County, Connecticut (09009) for provider 070017 fiscal year 2023. Institutional source promotion remains blocked by source-maturity, leakage, and model-impact gates.",/Users/coryseidel/PersonalProjects/IdeaTests/LandInvest/output/institutional_anchor_provider_geocode_census_candidates.csv,external_census_exact_confirmed,2026-06-04T14:02:28.324990+00:00,MIDSTATE MEDICAL CENTER,CT,MERIDEN,06451,435 LEWIS AVENUE,external_geocode_required,external_census_candidate_ready,Exact,"435 LEWIS AVE, MERIDEN, CT, 06451",0.97,provider_original,accepted,,False
100223,2024,assign_county,12091,"Okaloosa County, Florida",0.93,"Accepted report-only institutional-anchor CMS provider geocode: external provider row confirmed by exact Census geographies address match to Okaloosa County, Florida (12091) for provider 100223 fiscal year 2024. Institutional source promotion remains blocked by source-maturity, leakage, and model-impact gates.",/Users/coryseidel/PersonalProjects/IdeaTests/LandInvest/output/institutional_anchor_provider_geocode_census_candidates.csv,external_census_exact_confirmed,2026-06-04T14:02:28.324990+00:00,HCA FL FT WALTON-DESTIN HOSP,FL,FORT WALTON BEACH,32547,1000 MAR-WALT DRIVE,external_geocode_required,external_census_candidate_ready,Exact,"1000 MAR WALT DR, FORT WALTON BEACH, FL, 32547",0.97,provider_original,accepted,,False
264010,2024,assign_county,,,,"Accepted report-only institutional-anchor CMS provider geocode: external provider row confirmed by exact Census geographies address match to  () for provider 264010 fiscal year 2024. Institutional source promotion remains blocked by source-maturity, leakage, and model-impact gates.",/Users/coryseidel/PersonalProjects/IdeaTests/LandInvest/output/institutional_anchor_provider_geocode_census_candidates.csv,external_census_exact_confirmed,2026-06-04T14:02:28.324990+00:00,ST. LOUIS FORENSIC TREATMENT CENTER,MO,ST.LOUIS,63119,500 ARSENAL STREET,external_geocode_required,unresolved_after_census_batch,,,,,held_or_rejected,not_external_census_candidate_ready_status; not_provider_original_attempt; census_match_status_not_match; census_match_type_not_exact; census_fips_not_in_county_lookup; census_confidence_below_0_93; census_score_below_0_97; missing_census_matched_address; matched_address_missing_provider_zip5; matched_address_missing_number,False
230089,2024,assign_county,26163,"Wayne County, Michigan",0.93,"Accepted report-only institutional-anchor CMS provider geocode: external provider row confirmed by exact Census geographies address match to Wayne County, Michigan (26163) for provider 230089 fiscal year 2024. Institutional source promotion remains blocked by source-maturity, leakage, and model-impact gates.",/Users/coryseidel/PersonalProjects/IdeaTests/LandInvest/output/institutional_anchor_provider_geocode_census_candidates.csv,external_census_exact_confirmed,2026-06-04T14:02:28.324990+00:00,COREWELL HEALTH - GROSSE POINTE,MI,GROSSE POINTE,48230,468 CADIEUX ROAD,external_geocode_required,external_census_candidate_ready,Exact,"468 CADIEUX RD, GROSSE POINTE, MI, 48230",0.97,provider_original,accepted,,False
140054,2024,assign_county,17031,"Cook County, Illinois",0.89,"Accepted report-only institutional-anchor CMS provider geocode: external provider row confirmed by exact Census geographies address match to Cook County, Illinois (17031) for provider 140054 fiscal year 2024. Institutional source promotion remains blocked by source-maturity, leakage, and model-impact gates.",/Users/coryseidel/PersonalProjects/IdeaTests/LandInvest/output/institutional_anchor_provider_geocode_census_candidates.csv,external_census_exact_confirmed,2026-06-04T14:02:28.324990+00:00,MACNEAL HOSPITAL,IL,BERWYN,60402,3249 SOUTH OAK PARK AVENUE,external_geocode_required,external_census_context_only,Non_Exact,"3249 OAK PARK AVE, BERWYN, IL, 60402",0.88,provider_original,held_or_rejected,not_external_census_candidate_ready_status; census_match_type_not_exact; census_confidence_below_0_93; census_score_below_0_97,False
114010,2023,assign_county,13089,"DeKalb County, Georgia",0.93,"Accepted report-only institutional-anchor CMS provider geocode: external provider row confirmed by exact Census geographies address match to DeKalb County, Georgia (13089) for provider 114010 fiscal year 2023. Institutional source promotion remains blocked by source-maturity, leakage, and model-impact gates.",/Users/coryseidel/PersonalProjects/IdeaTests/LandInvest/output/institutional_anchor_provider_geocode_census_candidates.csv,external_census_exact_confirmed,2026-06-04T14:02:28.324990+00:00,UHS OF PEACHFORD LP,GA,ATLANTA,30338,2151 PEACHFORD ROAD,external_geocode_required,external_census_candidate_ready,Exact,"2151 PEACHFORD RD, ATLANTA, GA, 30338",0.97,provider_original,accepted,,False
310050,2023,assign_county,34027,"Morris County, New Jersey",0.93,"Accepted report-only institutional-anchor CMS provider geocode: external provider row confirmed by exact Census geographies address match to Morris County, New Jersey (34027) for provider 310050 fiscal year 2023. Institutional source promotion remains blocked by source-maturity, leakage, and model-impact gates.",/Users/coryseidel/PersonalProjects/IdeaTests/LandInvest/output/institutional_anchor_provider_geocode_census_candidates.csv,external_census_exact_confirmed,2026-06-04T14:02:28.324990+00:00,ST. CLARES HOSPITAL,NJ,DENVILLE,07834,25 POCONO ROAD,external_geocode_required,external_census_candidate_ready,Exact,"25 POCONO RD, DENVILLE, NJ, 07834",0.97,provider_original,accepted,,False
220105,2023,assign_county,25017,"Middlesex County, Massachusetts",0.93,"Accepted report-only institutional-anchor CMS provider geocode: external provider row confirmed by exact Census geographies address match to Middlesex County, Massachusetts (25017) for provider 220105 fiscal year 2023. Institutional source promotion remains blocked by source-maturity, leakage, and model-impact gates.",/Users/coryseidel/PersonalProjects/IdeaTests/LandInvest/output/institutional_anchor_provider_geocode_census_candidates.csv,external_census_exact_confirmed,2026-06-04T14:02:28.324990+00:00,WINCHESTER HOSPITAL,MA,WINCHESTER,01890,41 HIGHLAND AVENUE,external_geocode_required,external_census_candidate_ready,Exact,"41 HIGHLAND AVE, WINCHESTER, MA, 01890",0.97,provider_original,accepted,,False
310005,2023,assign_county,34019,"Hunterdon County, New Jersey",0.93,"Accepted report-only institutional-anchor CMS provider geocode: external provider row confirmed by exact Census geographies address match to Hunterdon County, New Jersey (34019) for provider 310005 fiscal year 2023. Institutional source promotion remains blocked by source-maturity, leakage, and model-impact gates.",/Users/coryseidel/PersonalProjects/IdeaTests/LandInvest/output/institutional_anchor_provider_geocode_census_candidates.csv,external_census_exact_confirmed,2026-06-04T14:02:28.324990+00:00,HUNTERDON MEDICAL CENTER,NJ,FLEMINGTON,08822,2100 WESCOTT DRIVE,external_geocode_required,external_census_candidate_ready,Exact,"2100 WESCOTT DR, FLEMINGTON, NJ, 08822",0.97,provider_original,accepted,,False
150015,2023,assign_county,,,,"Accepted report-only institutional-anchor CMS provider geocode: external provider row confirmed by exact Census geographies address match to  () for provider 150015 fiscal year 2023. Institutional source promotion remains blocked by source-maturity, leakage, and model-impact gates.",/Users/coryseidel/PersonalProjects/IdeaTests/LandInvest/output/institutional_anchor_provider_geocode_census_candidates.csv,external_census_exact_confirmed,2026-06-04T14:02:28.324990+00:00,FRANCISCAN HEALTH MICHIGAN CITY,IN,MICHIGAN CITY,46360,3500 FRANCISCAN WAY,external_geocode_required,unresolved_after_census_batch,,,,,held_or_rejected,not_external_census_candidate_ready_status; not_provider_original_attempt; census_match_status_not_match; census_match_type_not_exact; census_fips_not_in_county_lookup; census_confidence_below_0_93; census_score_below_0_97; missing_census_matched_address; matched_address_missing_provider_zip5; matched_address_missing_number,False
140164,2024,assign_county,17077,"Jackson County, Illinois",0.84,"Accepted report-only institutional-anchor CMS provider geocode: external provider row confirmed by exact Census geographies address match to Jackson County, Illinois (17077) for provider 140164 fiscal year 2024. Institutional source promotion remains blocked by source-maturity, leakage, and model-impact gates.",/Users/coryseidel/PersonalProjects/IdeaTests/LandInvest/output/institutional_anchor_provider_geocode_census_candidates.csv,external_census_exact_confirmed,2026-06-04T14:02:28.324990+00:00,MEMORIAL HOSPITAL OF CARBONDALE,IL,CARBONDALE,62902,405 W. JACKSON ST.,external_geocode_required,external_census_context_only,Non_Exact,"405 W JACKSON ST, CARBONDALE, IL, 62901",0.8,provider_original,held_or_rejected,not_external_census_candidate_ready_status; census_match_type_not_exact; census_confidence_below_0_93; census_score_below_0_97; matched_address_missing_provider_zip5,False
110192,2024,assign_county,13135,"Gwinnett County, Georgia",0.84,"Accepted report-only institutional-anchor CMS provider geocode: external provider row confirmed by exact Census geographies address match to Gwinnett County, Georgia (13135) for provider 110192 fiscal year 2024. Institutional source promotion remains blocked by source-maturity, leakage, and model-impact gates.",/Users/coryseidel/PersonalProjects/IdeaTests/LandInvest/output/institutional_anchor_provider_geocode_census_candidates.csv,external_census_exact_confirmed,2026-06-04T14:02:28.324990+00:00,PIEDMONT EASTSIDE MEDICAL CENTER,GA,SNELLVILLE,30278,1700 MEDICAL WAY,external_geocode_required,external_census_context_only,Non_Exact,"1700 MEDICAL WAY, SNELLVILLE, GA, 30078",0.8,provider_original,held_or_rejected,not_external_census_candidate_ready_status; census_match_type_not_exact; census_confidence_below_0_93; census_score_below_0_97; matched_address_missing_provider_zip5,False
210027,2024,assign_county,24001,"Allegany County, Maryland",0.93,"Accepted report-only institutional-anchor CMS provider geocode: external provider row confirmed by exact Census geographies address match to Allegany County, Maryland (24001) for provider 210027 fiscal year 2024. Institutional source promotion remains blocked by source-maturity, leakage, and model-impact gates.",/Users/coryseidel/PersonalProjects/IdeaTests/LandInvest/output/institutional_anchor_provider_geocode_census_candidates.csv,external_census_exact_confirmed,2026-06-04T14:02:28.324990+00:00,UPMC-WESTERN MARYLAND CORP,MD,CUMBERLAND,21502,12500 WILLOWBROOK ROAD,external_geocode_required,external_census_candidate_ready,Exact,"12500 WILLOWBROOK RD, CUMBERLAND, MD, 21502",0.97,provider_original,accepted,,False
184006,2023,assign_county,21117,"Kenton County, Kentucky",0.93,"Accepted report-only institutional-anchor CMS provider geocode: external provider row confirmed by exact Census geographies address match to Kenton County, Kentucky (21117) for provider 184006 fiscal year 2023. Institutional source promotion remains blocked by source-maturity, leakage, and model-impact gates.",/Users/coryseidel/PersonalProjects/IdeaTests/LandInvest/output/institutional_anchor_provider_geocode_census_candidates.csv,external_census_exact_confirmed,2026-06-04T14:02:28.324990+00:00,SUN BEHAVIORAL HEALTH - KENTUCKY,KY,ERLANGER,41018,820 DOLWICK DRIVE,external_geocode_required,external_census_candidate_ready,Exact,"820 DOLWICK DR, ERLANGER, KY, 41018",0.97,provider_original,accepted,,False
100224,2024,assign_county,,,,"Accepted report-only institutional-anchor CMS provider geocode: external provider row confirmed by exact Census geographies address match to  () for provider 100224 fiscal year 2024. Institutional source promotion remains blocked by source-maturity, leakage, and model-impact gates.",/Users/coryseidel/PersonalProjects/IdeaTests/LandInvest/output/institutional_anchor_provider_geocode_census_candidates.csv,external_census_exact_confirmed,2026-06-04T14:02:28.324990+00:00,HCA FLORIDA WOODMONT HOSPITAL,FL,TAMARAC,33321,7201 UNIVERSITY DRIVE,external_geocode_required,unresolved_after_census_batch,,,,,held_or_rejected,not_external_census_candidate_ready_status; not_provider_original_attempt; census_match_status_not_match; census_match_type_not_exact; census_fips_not_in_county_lookup; census_confidence_below_0_93; census_score_below_0_97; missing_census_matched_address; matched_address_missing_provider_zip5; matched_address_missing_number,False
050289,2024,assign_county,06081,"San Mateo County, California",0.93,"Accepted report-only institutional-anchor CMS provider geocode: external provider row confirmed by exact Census geographies address match to San Mateo County, California (06081) for provider 050289 fiscal year 2024. Institutional source promotion remains blocked by source-maturity, leakage, and model-impact gates.",/Users/coryseidel/PersonalProjects/IdeaTests/LandInvest/output/institutional_anchor_provider_geocode_census_candidates.csv,external_census_exact_confirmed,2026-06-04T14:02:28.324990+00:00,SETON MEDICAL CENTER,CA,DALY CITY,94015,1900 SULLIVAN AVENUE,external_geocode_required,external_census_candidate_ready,Exact,"1900 SULLIVAN AVE, DALY CITY, CA, 94015",0.97,provider_original,accepted,,False
234035,2023,assign_county,26163,"Wayne County, Michigan",0.93,"Accepted report-only institutional-anchor CMS provider geocode: external provider row confirmed by exact Census geographies address match to Wayne County, Michigan (26163) for provider 234035 fiscal year 2023. Institutional source promotion remains blocked by source-maturity, leakage, and model-impact gates.",/Users/coryseidel/PersonalProjects/IdeaTests/LandInvest/output/institutional_anchor_provider_geocode_census_candidates.csv,external_census_exact_confirmed,2026-06-04T14:02:28.324990+00:00,WALTER REUTHER PSYCHIATRIC HOSPITAL,MI,WESTLAND,48186,30901 PALMER ROAD,external_geocode_required,external_census_candidate_ready,Exact,"30901 PALMER RD, WESTLAND, MI, 48186",0.97,provider_original,accepted,,False
280065,2023,assign_county,31111,"Lincoln County, Nebraska",0.93,"Accepted report-only institutional-anchor CMS provider geocode: external provider row confirmed by exact Census geographies address match to Lincoln County, Nebraska (31111) for provider 280065 fiscal year 2023. Institutional source promotion remains blocked by source-maturity, leakage, and model-impact gates.",/Users/coryseidel/PersonalProjects/IdeaTests/LandInvest/output/institutional_anchor_provider_geocode_census_candidates.csv,external_census_exact_confirmed,2026-06-04T14:02:28.324990+00:00,GREAT PLAINS HEALTH,NE,NORTH PLATTE,69101,601 W LEOTA ST,external_geocode_required,external_census_candidate_ready,Exact,"601 W LEOTA ST, NORTH PLATTE, NE, 69101",0.97,provider_original,accepted,,False
440068,2023,assign_county,,,,"Accepted report-only institutional-anchor CMS provider geocode: external provider row confirmed by exact Census geographies address match to  () for provider 440068 fiscal year 2023. Institutional source promotion remains blocked by source-maturity, leakage, and model-impact gates.",/Users/coryseidel/PersonalProjects/IdeaTests/LandInvest/output/institutional_anchor_provider_geocode_census_candidates.csv,external_census_exact_confirmed,2026-06-04T14:02:28.324990+00:00,ATHENS REGIONAL MEDICAL CENTER,TN,ATHENS,37303,1114 MADISON AVENUE,external_geocode_required,unresolved_after_census_batch,,,,,held_or_rejected,not_external_census_candidate_ready_status; not_provider_original_attempt; census_match_status_not_match; census_match_type_not_exact; census_fips_not_in_county_lookup; census_confidence_below_0_93; census_score_below_0_97; missing_census_matched_address; matched_address_missing_provider_zip5; matched_address_missing_number,False
450669,2024,assign_county,48121,"Denton County, Texas",0.89,"Accepted report-only institutional-anchor CMS provider geocode: external provider row confirmed by exact Census geographies address match to Denton County, Texas (48121) for provider 450669 fiscal year 2024. Institutional source promotion remains blocked by source-maturity, leakage, and model-impact gates.",/Users/coryseidel/PersonalProjects/IdeaTests/LandInvest/output/institutional_anchor_provider_geocode_census_candidates.csv,external_census_exact_confirmed,2026-06-04T14:02:28.324990+00:00,MEDICAL CITY LEWISVILLE,TX,LEWISVILLE,75067,500 WEST MAIN,external_geocode_required,external_census_context_only,Non_Exact,"500 W MAIN ST, LEWISVILLE, TX, 75067",0.88,provider_original,held_or_rejected,not_external_census_candidate_ready_status; census_match_type_not_exact; census_confidence_below_0_93; census_score_below_0_97,False
364029,2023,assign_county,39085,"Lake County, Ohio",0.93,"Accepted report-only institutional-anchor CMS provider geocode: external provider row confirmed by exact Census geographies address match to Lake County, Ohio (39085) for provider 364029 fiscal year 2023. Institutional source promotion remains blocked by source-maturity, leakage, and model-impact gates.",/Users/coryseidel/PersonalProjects/IdeaTests/LandInvest/output/institutional_anchor_provider_geocode_census_candidates.csv,external_census_exact_confirmed,2026-06-04T14:02:28.324990+00:00,LAURELWOOD HOSPITAL,OH,WILLOUGHBY,44094,35900 EUCLID AVENUE,external_geocode_required,external_census_candidate_ready,Exact,"35900 EUCLID AVE, WILLOUGHBY, OH, 44094",0.97,provider_original,accepted,,False
440194,2024,assign_county,47165,"Sumner County, Tennessee",0.84,"Accepted report-only institutional-anchor CMS provider geocode: external provider row confirmed by exact Census geographies address match to Sumner County, Tennessee (47165) for provider 440194 fiscal year 2024. Institutional source promotion remains blocked by source-maturity, leakage, and model-impact gates.",/Users/coryseidel/PersonalProjects/IdeaTests/LandInvest/output/institutional_anchor_provider_geocode_census_candidates.csv,external_census_exact_confirmed,2026-06-04T14:02:28.324990+00:00,TRISTAR HENDERSONVILLE MEDICAL CENTE,TN,HENDERSONVILLE,37215,355 NEW SHACKLE ISLAND,external_geocode_required,external_census_context_only,Non_Exact,"355 NEW SHACKLE ISLAND RD, HENDERSONVILLE, TN, 37075",0.8,provider_original,held_or_rejected,not_external_census_candidate_ready_status; census_match_type_not_exact; census_confidence_below_0_93; census_score_below_0_97; matched_address_missing_provider_zip5,False
100360,2023,assign_county,12011,"Broward County, Florida",0.93,"Accepted report-only institutional-anchor CMS provider geocode: external provider row confirmed by exact Census geographies address match to Broward County, Florida (12011) for provider 100360 fiscal year 2023. Institutional source promotion remains blocked by source-maturity, leakage, and model-impact gates.",/Users/coryseidel/PersonalProjects/IdeaTests/LandInvest/output/institutional_anchor_provider_geocode_census_candidates.csv,external_census_exact_confirmed,2026-06-04T14:02:28.324990+00:00,HCA FLORIDA UNIVERSITY HOSPITAL,FL,DAVIE,33328,3476 S UNIVERSITY DR,external_geocode_required,external_census_candidate_ready,Exact,"3476 S UNIVERSITY DR, DAVIE, FL, 33328",0.97,provider_original,accepted,,False
230099,2023,assign_county,26115,"Monroe County, Michigan",0.89,"Accepted report-only institutional-anchor CMS provider geocode: external provider row confirmed by exact Census geographies address match to Monroe County, Michigan (26115) for provider 230099 fiscal year 2023. Institutional source promotion remains blocked by source-maturity, leakage, and model-impact gates.",/Users/coryseidel/PersonalProjects/IdeaTests/LandInvest/output/institutional_anchor_provider_geocode_census_candidates.csv,external_census_exact_confirmed,2026-06-04T14:02:28.324990+00:00,MONROE REGIONAL HOSPITAL,MI,MONROE,48162,718 NORTH MACOMB,external_geocode_required,external_census_context_only,Non_Exact,"718 N MACOMB ST, MONROE, MI, 48162",0.88,provider_original,held_or_rejected,not_external_census_candidate_ready_status; census_match_type_not_exact; census_confidence_below_0_93; census_score_below_0_97,False
390334,2024,assign_county,42003,"Allegheny County, Pennsylvania",0.93,"Accepted report-only institutional-anchor CMS provider geocode: external provider row confirmed by exact Census geographies address match to Allegheny County, Pennsylvania (42003) for provider 390334 fiscal year 2024. Institutional source promotion remains blocked by source-maturity, leakage, and model-impact gates.",/Users/coryseidel/PersonalProjects/IdeaTests/LandInvest/output/institutional_anchor_provider_geocode_census_candidates.csv,external_census_exact_confirmed,2026-06-04T14:02:28.324990+00:00,AHN WEXFORD HOSPITAL,PA,WEXFORD,15090,12351 PERRY HWY,external_geocode_required,external_census_candidate_ready,Exact,"12351 PERRY HWY, WEXFORD, PA, 15090",0.97,provider_original,accepted,,False
030016,2023,assign_county,04021,"Pinal County, Arizona",0.93,"Accepted report-only institutional-anchor CMS provider geocode: external provider row confirmed by exact Census geographies address match to Pinal County, Arizona (04021) for provider 030016 fiscal year 2023. Institutional source promotion remains blocked by source-maturity, leakage, and model-impact gates.",/Users/coryseidel/PersonalProjects/IdeaTests/LandInvest/output/institutional_anchor_provider_geocode_census_candidates.csv,external_census_exact_confirmed,2026-06-04T14:02:28.324990+00:00,BANNER CASA GRANDE MEDICAL CENTER,AZ,CASA GRANDE,85122,1800 EAST FLORENCE BLVD,external_geocode_required,external_census_candidate_ready,Exact,"1800 E FLORENCE BLVD, CASA GRANDE, AZ, 85122",0.97,provider_original,accepted,,False
140008,2024,assign_county,,,,"Accepted report-only institutional-anchor CMS provider geocode: external provider row confirmed by exact Census geographies address match to  () for provider 140008 fiscal year 2024. Institutional source promotion remains blocked by source-maturity, leakage, and model-impact gates.",/Users/coryseidel/PersonalProjects/IdeaTests/LandInvest/output/institutional_anchor_provider_geocode_census_candidates.csv,external_census_exact_confirmed,2026-06-04T14:02:28.324990+00:00,GOTTLIEB MEMORIAL HOSPITAL,IL,MELROSE PARK,60160,8700 WEST NORTH AVENUE,external_geocode_required,unresolved_after_census_batch,,,,,held_or_rejected,not_external_census_candidate_ready_status; not_provider_original_attempt; census_match_status_not_match; census_match_type_not_exact; census_fips_not_in_county_lookup; census_confidence_below_0_93; census_score_below_0_97; missing_census_matched_address; matched_address_missing_provider_zip5; matched_address_missing_number,False
390016,2024,assign_county,42073,"Lawrence County, Pennsylvania",0.93,"Accepted report-only institutional-anchor CMS provider geocode: external provider row confirmed by exact Census geographies address match to Lawrence County, Pennsylvania (42073) for provider 390016 fiscal year 2024. Institutional source promotion remains blocked by source-maturity, leakage, and model-impact gates.",/Users/coryseidel/PersonalProjects/IdeaTests/LandInvest/output/institutional_anchor_provider_geocode_census_candidates.csv,external_census_exact_confirmed,2026-06-04T14:02:28.324990+00:00,UPMC JAMESON,PA,NEW CASTLE,16105,1211 WILMINGTON AVENUE,external_geocode_required,external_census_candidate_ready,Exact,"1211 WILMINGTON AVE, NEW CASTLE, PA, 16105",0.97,provider_original,accepted,,False
054154,2023,assign_county,06085,"Santa Clara County, California",0.89,"Accepted report-only institutional-anchor CMS provider geocode: external provider row confirmed by exact Census geographies address match to Santa Clara County, California (06085) for provider 054154 fiscal year 2023. Institutional source promotion remains blocked by source-maturity, leakage, and model-impact gates.",/Users/coryseidel/PersonalProjects/IdeaTests/LandInvest/output/institutional_anchor_provider_geocode_census_candidates.csv,external_census_exact_confirmed,2026-06-04T14:02:28.324990+00:00,SAN JOSE BEHAVIORAL HEALTH,CA,SANN JOSE,95138,455 SILICON VALLEY BLVD,external_geocode_required,external_census_context_only,Non_Exact,"455 SILICON VALLEY BLVD, SAN JOSE, CA, 95138",0.88,provider_original,held_or_rejected,not_external_census_candidate_ready_status; census_match_type_not_exact; census_confidence_below_0_93; census_score_below_0_97,False
500021,2024,assign_county,53053,"Pierce County, Washington",0.93,"Accepted report-only institutional-anchor CMS provider geocode: external provider row confirmed by exact Census geographies address match to Pierce County, Washington (53053) for provider 500021 fiscal year 2024. Institutional source promotion remains blocked by source-maturity, leakage, and model-impact gates.",/Users/coryseidel/PersonalProjects/IdeaTests/LandInvest/output/institutional_anchor_provider_geocode_census_candidates.csv,external_census_exact_confirmed,2026-06-04T14:02:28.324990+00:00,ST CLARE HOSPITAL,WA,LAKEWOOD,98499,11315 BRIDGEPORT WAY SW,external_geocode_required,external_census_candidate_ready,Exact,"11315 BRIDGEPORT WAY SW, LAKEWOOD, WA, 98499",0.97,provider_original,accepted,,False
310025,2023,assign_county,34017,"Hudson County, New Jersey",0.93,"Accepted report-only institutional-anchor CMS provider geocode: external provider row confirmed by exact Census geographies address match to Hudson County, New Jersey (34017) for provider 310025 fiscal year 2023. Institutional source promotion remains blocked by source-maturity, leakage, and model-impact gates.",/Users/coryseidel/PersonalProjects/IdeaTests/LandInvest/output/institutional_anchor_provider_geocode_census_candidates.csv,external_census_exact_confirmed,2026-06-04T14:02:28.324990+00:00,BAYONNE MEDICAL CENTER,NJ,BAYONNE,07002,29 EAST 29TH STREET,external_geocode_required,external_census_candidate_ready,Exact,"29 E 29TH ST, BAYONNE, NJ, 07002",0.97,provider_original,accepted,,False
210028,2024,assign_county,24037,"St. Mary's County, Maryland",0.93,"Accepted report-only institutional-anchor CMS provider geocode: external provider row confirmed by exact Census geographies address match to St. Mary's County, Maryland (24037) for provider 210028 fiscal year 2024. Institutional source promotion remains blocked by source-maturity, leakage, and model-impact gates.",/Users/coryseidel/PersonalProjects/IdeaTests/LandInvest/output/institutional_anchor_provider_geocode_census_candidates.csv,external_census_exact_confirmed,2026-06-04T14:02:28.324990+00:00,ST. MARYS HOSPITAL,MD,LEONARDTOWN,20650,25500 POINT LOOKOUT RD,external_geocode_required,external_census_candidate_ready,Exact,"25500 POINT LOOKOUT RD, LEONARDTOWN, MD, 20650",0.97,provider_original,accepted,,False
230142,2024,assign_county,26163,"Wayne County, Michigan",0.89,"Accepted report-only institutional-anchor CMS provider geocode: external provider row confirmed by exact Census geographies address match to Wayne County, Michigan (26163) for provider 230142 fiscal year 2024. Institutional source promotion remains blocked by source-maturity, leakage, and model-impact gates.",/Users/coryseidel/PersonalProjects/IdeaTests/LandInvest/output/institutional_anchor_provider_geocode_census_candidates.csv,external_census_exact_confirmed,2026-06-04T14:02:28.324990+00:00,COREWELL HEALTH WAYNE,MI,WAYNE,48184,33155 ANNAPOLIS AVENUE,external_geocode_required,external_census_context_only,Non_Exact,"33155 ANNAPOLIS ST, WAYNE, MI, 48184",0.88,provider_original,held_or_rejected,not_external_census_candidate_ready_status; census_match_type_not_exact; census_confidence_below_0_93; census_score_below_0_97,False
220019,2023,assign_county,25027,"Worcester County, Massachusetts",0.93,"Accepted report-only institutional-anchor CMS provider geocode: external provider row confirmed by exact Census geographies address match to Worcester County, Massachusetts (25027) for provider 220019 fiscal year 2023. Institutional source promotion remains blocked by source-maturity, leakage, and model-impact gates.",/Users/coryseidel/PersonalProjects/IdeaTests/LandInvest/output/institutional_anchor_provider_geocode_census_candidates.csv,external_census_exact_confirmed,2026-06-04T14:02:28.324990+00:00,HARRINGTON MEMORIAL HOSPITAL,MA,SOUTHBRIDGE,01550,100 SOUTH STREET,external_geocode_required,external_census_candidate_ready,Exact,"100 SOUTH ST, SOUTHBRIDGE, MA, 01550",0.97,provider_original,accepted,,False
440046,2024,assign_county,47043,"Dickson County, Tennessee",0.93,"Accepted report-only institutional-anchor CMS provider geocode: external provider row confirmed by exact Census geographies address match to Dickson County, Tennessee (47043) for provider 440046 fiscal year 2024. Institutional source promotion remains blocked by source-maturity, leakage, and model-impact gates.",/Users/coryseidel/PersonalProjects/IdeaTests/LandInvest/output/institutional_anchor_provider_geocode_census_candidates.csv,external_census_exact_confirmed,2026-06-04T14:02:28.324990+00:00,HORIZON MEDICAL CENTER,TN,DICKSON,37055,111 HIGHWAY 70 EAST,external_geocode_required,external_census_candidate_ready,Exact,"111 HWY 70 E, DICKSON, TN, 37055",0.97,provider_original,accepted,,False
050211,2024,assign_county,06001,"Alameda County, California",0.93,"Accepted report-only institutional-anchor CMS provider geocode: external provider row confirmed by exact Census geographies address match to Alameda County, California (06001) for provider 050211 fiscal year 2024. Institutional source promotion remains blocked by source-maturity, leakage, and model-impact gates.",/Users/coryseidel/PersonalProjects/IdeaTests/LandInvest/output/institutional_anchor_provider_geocode_census_candidates.csv,external_census_exact_confirmed,2026-06-04T14:02:28.324990+00:00,ALAMEDA HOSPITAL,CA,ALAMEDA,94501,2070 CLINTON AVE,external_geocode_required,external_census_candidate_ready,Exact,"2070 CLINTON AVE, ALAMEDA, CA, 94501",0.97,provider_original,accepted,,False
030130,2023,assign_county,04021,"Pinal County, Arizona",0.93,"Accepted report-only institutional-anchor CMS provider geocode: external provider row confirmed by exact Census geographies address match to Pinal County, Arizona (04021) for provider 030130 fiscal year 2023. Institutional source promotion remains blocked by source-maturity, leakage, and model-impact gates.",/Users/coryseidel/PersonalProjects/IdeaTests/LandInvest/output/institutional_anchor_provider_geocode_census_candidates.csv,external_census_exact_confirmed,2026-06-04T14:02:28.324990+00:00,BANNER IRONWOOD MEDICAL CENTER,AZ,QUEEN CREEK,85140,37000 N GANTZEL ROAD,external_geocode_required,external_census_candidate_ready,Exact,"37000 N GANTZEL RD, QUEEN CREEK, AZ, 85140",0.97,provider_original,accepted,,False
460013,2024,assign_county,49049,"Utah County, Utah",0.89,"Accepted report-only institutional-anchor CMS provider geocode: external provider row confirmed by exact Census geographies address match to Utah County, Utah (49049) for provider 460013 fiscal year 2024. Institutional source promotion remains blocked by source-maturity, leakage, and model-impact gates.",/Users/coryseidel/PersonalProjects/IdeaTests/LandInvest/output/institutional_anchor_provider_geocode_census_candidates.csv,external_census_exact_confirmed,2026-06-04T14:02:28.324990+00:00,MOUNTAIN VIEW HOSPITAL,UT,PAYSON,84651,1000 EAST 100 NORTH,external_geocode_required,external_census_context_only,Non_Exact,"1000 E 100 S, PAYSON, UT, 84651",0.88,provider_original,held_or_rejected,not_external_census_candidate_ready_status; census_match_type_not_exact; census_confidence_below_0_93; census_score_below_0_97,False
050498,2023,assign_county,06061,"Placer County, California",0.93,"Accepted report-only institutional-anchor CMS provider geocode: external provider row confirmed by exact Census geographies address match to Placer County, California (06061) for provider 050498 fiscal year 2023. Institutional source promotion remains blocked by source-maturity, leakage, and model-impact gates.",/Users/coryseidel/PersonalProjects/IdeaTests/LandInvest/output/institutional_anchor_provider_geocode_census_candidates.csv,external_census_exact_confirmed,2026-06-04T14:02:28.324990+00:00,SUTTER AUBURN FAITH HOSPITAL,CA,AUBURN,95602,11815 EDUCATION STREET,external_geocode_required,external_census_candidate_ready,Exact,"11815 EDUCATION ST, AUBURN, CA, 95602",0.97,provider_original,accepted,,False
360096,2023,assign_county,39029,"Columbiana County, Ohio",0.93,"Accepted report-only institutional-anchor CMS provider geocode: external provider row confirmed by exact Census geographies address match to Columbiana County, Ohio (39029) for provider 360096 fiscal year 2023. Institutional source promotion remains blocked by source-maturity, leakage, and model-impact gates.",/Users/coryseidel/PersonalProjects/IdeaTests/LandInvest/output/institutional_anchor_provider_geocode_census_candidates.csv,external_census_exact_confirmed,2026-06-04T14:02:28.324990+00:00,EAST LIVERPOOL CITY HOSPITAL,OH,EAST LIVERPOOL,43920,425 WEST FIFTH STREET,external_geocode_required,external_census_candidate_ready,Exact,"425 W 5TH ST, EAST LIVERPOOL, OH, 43920",0.97,provider_original,accepted,,False
220108,2023,assign_county,25021,"Norfolk County, Massachusetts",0.93,"Accepted report-only institutional-anchor CMS provider geocode: external provider row confirmed by exact Census geographies address match to Norfolk County, Massachusetts (25021) for provider 220108 fiscal year 2023. Institutional source promotion remains blocked by source-maturity, leakage, and model-impact gates.",/Users/coryseidel/PersonalProjects/IdeaTests/LandInvest/output/institutional_anchor_provider_geocode_census_candidates.csv,external_census_exact_confirmed,2026-06-04T14:02:28.324990+00:00,BIDMC-MILTON HOSPITAL INC,MA,MILTON,02186,199 REEDSDALE ROAD,external_geocode_required,external_census_candidate_ready,Exact,"199 REEDSDALE RD, MILTON, MA, 02186",0.97,provider_original,accepted,,False
140011,2024,assign_county,17199,"Williamson County, Illinois",0.93,"Accepted report-only institutional-anchor CMS provider geocode: external provider row confirmed by exact Census geographies address match to Williamson County, Illinois (17199) for provider 140011 fiscal year 2024. Institutional source promotion remains blocked by source-maturity, leakage, and model-impact gates.",/Users/coryseidel/PersonalProjects/IdeaTests/LandInvest/output/institutional_anchor_provider_geocode_census_candidates.csv,external_census_exact_confirmed,2026-06-04T14:02:28.324990+00:00,HERRIN HOSPITAL,IL,HERRIN,62948,201 S. 14TH STREET,external_geocode_required,external_census_candidate_ready,Exact,"201 S 14TH ST, HERRIN, IL, 62948",0.97,provider_original,accepted,,False
310040,2023,assign_county,34017,"Hudson County, New Jersey",0.93,"Accepted report-only institutional-anchor CMS provider geocode: external provider row confirmed by exact Census geographies address match to Hudson County, New Jersey (34017) for provider 310040 fiscal year 2023. Institutional source promotion remains blocked by source-maturity, leakage, and model-impact gates.",/Users/coryseidel/PersonalProjects/IdeaTests/LandInvest/output/institutional_anchor_provider_geocode_census_candidates.csv,external_census_exact_confirmed,2026-06-04T14:02:28.324990+00:00,HOBOKEN UNIVERSITY MEDICAL CENTER,NJ,HOBOKEN,07030,308 WILLOW AVENUE,external_geocode_required,external_census_candidate_ready,Exact,"308 WILLOW AVE, HOBOKEN, NJ, 07030",0.97,provider_original,accepted,,False
390178,2024,assign_county,42085,"Mercer County, Pennsylvania",0.93,"Accepted report-only institutional-anchor CMS provider geocode: external provider row confirmed by exact Census geographies address match to Mercer County, Pennsylvania (42085) for provider 390178 fiscal year 2024. Institutional source promotion remains blocked by source-maturity, leakage, and model-impact gates.",/Users/coryseidel/PersonalProjects/IdeaTests/LandInvest/output/institutional_anchor_provider_geocode_census_candidates.csv,external_census_exact_confirmed,2026-06-04T14:02:28.324990+00:00,UPMC HORIZON HOSPITAL,PA,GREENVILLE,16125,110 NORTH MAIN STREET,external_geocode_required,external_census_candidate_ready,Exact,"110 N MAIN ST, GREENVILLE, PA, 16125",0.97,provider_original,accepted,,False
390336,2024,assign_county,42041,"Cumberland County, Pennsylvania",0.89,"Accepted report-only institutional-anchor CMS provider geocode: external provider row confirmed by exact Census geographies address match to Cumberland County, Pennsylvania (42041) for provider 390336 fiscal year 2024. Institutional source promotion remains blocked by source-maturity, leakage, and model-impact gates.",/Users/coryseidel/PersonalProjects/IdeaTests/LandInvest/output/institutional_anchor_provider_geocode_census_candidates.csv,external_census_exact_confirmed,2026-06-04T14:02:28.324990+00:00,HAMPDEN MEDICAL CENTER,PA,ENOLA,17025,2200 GOOD HOPE ROAD,external_geocode_required,external_census_context_only,Non_Exact,"2200 N GOOD HOPE RD, ENOLA, PA, 17025",0.88,provider_original,held_or_rejected,not_external_census_candidate_ready_status; census_match_type_not_exact; census_confidence_below_0_93; census_score_below_0_97,False
440065,2024,assign_county,,,,"Accepted report-only institutional-anchor CMS provider geocode: external provider row confirmed by exact Census geographies address match to  () for provider 440065 fiscal year 2024. Institutional source promotion remains blocked by source-maturity, leakage, and model-impact gates.",/Users/coryseidel/PersonalProjects/IdeaTests/LandInvest/output/institutional_anchor_provider_geocode_census_candidates.csv,external_census_exact_confirmed,2026-06-04T14:02:28.324990+00:00,NORTHCREST MEDICAL CENTER,TN,SPRINGFIELD,37172,100 NORTHCREST DRIVE,external_geocode_required,unresolved_after_census_batch,,,,,held_or_rejected,not_external_census_candidate_ready_status; not_provider_original_attempt; census_match_status_not_match; census_match_type_not_exact; census_fips_not_in_county_lookup; census_confidence_below_0_93; census_score_below_0_97; missing_census_matched_address; matched_address_missing_provider_zip5; matched_address_missing_number,False
190013,2023,assign_county,22019,"Calcasieu Parish, Louisiana",0.89,"Accepted report-only institutional-anchor CMS provider geocode: external provider row confirmed by exact Census geographies address match to Calcasieu Parish, Louisiana (22019) for provider 190013 fiscal year 2023. Institutional source promotion remains blocked by source-maturity, leakage, and model-impact gates.",/Users/coryseidel/PersonalProjects/IdeaTests/LandInvest/output/institutional_anchor_provider_geocode_census_candidates.csv,external_census_exact_confirmed,2026-06-04T14:02:28.324990+00:00,WEST CALCASIEU-CAMERON HOSPITAL,LA,SULPHUR,70663,701 EAST CYPRESS,external_geocode_required,external_census_context_only,Non_Exact,"701 CYPRESS ST, SULPHUR, LA, 70663",0.88,provider_original,held_or_rejected,not_external_census_candidate_ready_status; census_match_type_not_exact; census_confidence_below_0_93; census_score_below_0_97,False
490020,2023,assign_county,51670,"Hopewell city, Virginia",0.93,"Accepted report-only institutional-anchor CMS provider geocode: external provider row confirmed by exact Census geographies address match to Hopewell city, Virginia (51670) for provider 490020 fiscal year 2023. Institutional source promotion remains blocked by source-maturity, leakage, and model-impact gates.",/Users/coryseidel/PersonalProjects/IdeaTests/LandInvest/output/institutional_anchor_provider_geocode_census_candidates.csv,external_census_exact_confirmed,2026-06-04T14:02:28.324990+00:00,TRICITIES HOSPITAL,VA,HOPEWELL,23860,411 WEST RANDOLPH ROAD,external_geocode_required,external_census_candidate_ready,Exact,"411 W RANDOLPH RD, HOPEWELL, VA, 23860",0.97,provider_original,accepted,,False
190014,2023,assign_county,22101,"St. Mary Parish, Louisiana",0.84,"Accepted report-only institutional-anchor CMS provider geocode: external provider row confirmed by exact Census geographies address match to St. Mary Parish, Louisiana (22101) for provider 190014 fiscal year 2023. Institutional source promotion remains blocked by source-maturity, leakage, and model-impact gates.",/Users/coryseidel/PersonalProjects/IdeaTests/LandInvest/output/institutional_anchor_provider_geocode_census_candidates.csv,external_census_exact_confirmed,2026-06-04T14:02:28.324990+00:00,OCHSNER ST. MARY,LA,MORGAN CITY,70308,1125 MARGUERITE STREET,external_geocode_required,external_census_context_only,Non_Exact,"1125 MARGUERITE ST, MORGAN CITY, LA, 70380",0.8,provider_original,held_or_rejected,not_external_census_candidate_ready_status; census_match_type_not_exact; census_confidence_below_0_93; census_score_below_0_97; matched_address_missing_provider_zip5,False
194114,2023,assign_county,,,,"Accepted report-only institutional-anchor CMS provider geocode: external provider row confirmed by exact Census geographies address match to  () for provider 194114 fiscal year 2023. Institutional source promotion remains blocked by source-maturity, leakage, and model-impact gates.",/Users/coryseidel/PersonalProjects/IdeaTests/LandInvest/output/institutional_anchor_provider_geocode_census_candidates.csv,external_census_exact_confirmed,2026-06-04T14:02:28.324990+00:00,RIVER PLACE BEHAVIORAL HEALTH,LA,LAPLACE,70068,500 RUE DE SANTE,external_geocode_required,unresolved_after_census_batch,,,,,held_or_rejected,not_external_census_candidate_ready_status; not_provider_original_attempt; census_match_status_not_match; census_match_type_not_exact; census_fips_not_in_county_lookup; census_confidence_below_0_93; census_score_below_0_97; missing_census_matched_address; matched_address_missing_provider_zip5; matched_address_missing_number,False
114016,2023,assign_county,13127,"Glynn County, Georgia",0.93,"Accepted report-only institutional-anchor CMS provider geocode: external provider row confirmed by exact Census geographies address match to Glynn County, Georgia (13127) for provider 114016 fiscal year 2023. Institutional source promotion remains blocked by source-maturity, leakage, and model-impact gates.",/Users/coryseidel/PersonalProjects/IdeaTests/LandInvest/output/institutional_anchor_provider_geocode_census_candidates.csv,external_census_exact_confirmed,2026-06-04T14:02:28.324990+00:00,ST. SIMONS BY THE SEA,GA,ST. SIMONS ISLAND,31522,2927 DEMERE ROAD,external_geocode_required,external_census_candidate_ready,Exact,"2927 DEMERE RD, ST SIMONS ISLAND, GA, 31522",0.97,provider_original,accepted,,False
110128,2024,assign_county,,,,"Accepted report-only institutional-anchor CMS provider geocode: external provider row confirmed by exact Census geographies address match to  () for provider 110128 fiscal year 2024. Institutional source promotion remains blocked by source-maturity, leakage, and model-impact gates.",/Users/coryseidel/PersonalProjects/IdeaTests/LandInvest/output/institutional_anchor_provider_geocode_census_candidates.csv,external_census_exact_confirmed,2026-06-04T14:02:28.324990+00:00,MEADOWS REGIONAL MEDICAL CENTER,GA,VIDALIA,30474,1 MEADOWS PARKWAY,external_geocode_required,unresolved_after_census_batch,,,,,held_or_rejected,not_external_census_candidate_ready_status; not_provider_original_attempt; census_match_status_not_match; census_match_type_not_exact; census_fips_not_in_county_lookup; census_confidence_below_0_93; census_score_below_0_97; missing_census_matched_address; matched_address_missing_provider_zip5; matched_address_missing_number,False
100267,2023,assign_county,12115,"Sarasota County, Florida",0.93,"Accepted report-only institutional-anchor CMS provider geocode: external provider row confirmed by exact Census geographies address match to Sarasota County, Florida (12115) for provider 100267 fiscal year 2023. Institutional source promotion remains blocked by source-maturity, leakage, and model-impact gates.",/Users/coryseidel/PersonalProjects/IdeaTests/LandInvest/output/institutional_anchor_provider_geocode_census_candidates.csv,external_census_exact_confirmed,2026-06-04T14:02:28.324990+00:00,ENGLEWOOD COMMUNITY HOSPITAL,FL,ENGLEWOOD,34223,700 MEDICAL BLVD,external_geocode_required,external_census_candidate_ready,Exact,"700 MEDICAL BLVD, ENGLEWOOD, FL, 34223",0.97,provider_original,accepted,,False
454149,2023,assign_county,48113,"Dallas County, Texas",0.93,"Accepted report-only institutional-anchor CMS provider geocode: external provider row confirmed by exact Census geographies address match to Dallas County, Texas (48113) for provider 454149 fiscal year 2023. Institutional source promotion remains blocked by source-maturity, leakage, and model-impact gates.",/Users/coryseidel/PersonalProjects/IdeaTests/LandInvest/output/institutional_anchor_provider_geocode_census_candidates.csv,external_census_exact_confirmed,2026-06-04T14:02:28.324990+00:00,PERIMETER BEHAVIORAL HOSPITAL OF DAL,TX,GARLAND,75042,2696 W WALNUT STREET,external_geocode_required,external_census_candidate_ready,Exact,"2696 W WALNUT ST, GARLAND, TX, 75042",0.97,provider_original,accepted,,False
420048,2024,assign_county,45055,"Kershaw County, South Carolina",0.93,"Accepted report-only institutional-anchor CMS provider geocode: external provider row confirmed by exact Census geographies address match to Kershaw County, South Carolina (45055) for provider 420048 fiscal year 2024. Institutional source promotion remains blocked by source-maturity, leakage, and model-impact gates.",/Users/coryseidel/PersonalProjects/IdeaTests/LandInvest/output/institutional_anchor_provider_geocode_census_candidates.csv,external_census_exact_confirmed,2026-06-04T14:02:28.324990+00:00,MUSC HEALTH KERSHAW MEDICAL CENTER,SC,CAMDEN,29020,1315 ROBERTS STREET,external_geocode_required,external_census_candidate_ready,Exact,"1315 ROBERTS ST, CAMDEN, SC, 29020",0.97,provider_original,accepted,,False
110023,2023,assign_county,13129,"Gordon County, Georgia",0.84,"Accepted report-only institutional-anchor CMS provider geocode: external provider row confirmed by exact Census geographies address match to Gordon County, Georgia (13129) for provider 110023 fiscal year 2023. Institutional source promotion remains blocked by source-maturity, leakage, and model-impact gates.",/Users/coryseidel/PersonalProjects/IdeaTests/LandInvest/output/institutional_anchor_provider_geocode_census_candidates.csv,external_census_exact_confirmed,2026-06-04T14:02:28.324990+00:00,ADVENTHEALTH GORDON,GA,CALHOUN,30703,1035 RED BUD ROAD,external_geocode_required,external_census_context_only,Non_Exact,"1035 RED BUD RD NE, CALHOUN, GA, 30701",0.8,provider_original,held_or_rejected,not_external_census_candidate_ready_status; census_match_type_not_exact; census_confidence_below_0_93; census_score_below_0_97; matched_address_missing_provider_zip5,False
230193,2023,assign_county,26087,"Lapeer County, Michigan",0.84,"Accepted report-only institutional-anchor CMS provider geocode: external provider row confirmed by exact Census geographies address match to Lapeer County, Michigan (26087) for provider 230193 fiscal year 2023. Institutional source promotion remains blocked by source-maturity, leakage, and model-impact gates.",/Users/coryseidel/PersonalProjects/IdeaTests/LandInvest/output/institutional_anchor_provider_geocode_census_candidates.csv,external_census_exact_confirmed,2026-06-04T14:02:28.324990+00:00,MCLAREN LAPEER REGION,MI,LAPEER,48436,1375 NORTH MAIN STREET,external_geocode_required,external_census_context_only,Non_Exact,"1375 N MAIN ST, LAPEER, MI, 48446",0.8,provider_original,held_or_rejected,not_external_census_candidate_ready_status; census_match_type_not_exact; census_confidence_below_0_93; census_score_below_0_97; matched_address_missing_provider_zip5,False
100320,2024,assign_county,,,,"Accepted report-only institutional-anchor CMS provider geocode: external provider row confirmed by exact Census geographies address match to  () for provider 100320 fiscal year 2024. Institutional source promotion remains blocked by source-maturity, leakage, and model-impact gates.",/Users/coryseidel/PersonalProjects/IdeaTests/LandInvest/output/institutional_anchor_provider_geocode_census_candidates.csv,external_census_exact_confirmed,2026-06-04T14:02:28.324990+00:00,HCA FLORIDA POINCIANA HOSPITAL,FL,KISSIMMMEE,34758,325 CYPRESS PARKWAY,external_geocode_required,unresolved_after_census_batch,,,,,held_or_rejected,not_external_census_candidate_ready_status; not_provider_original_attempt; census_match_status_not_match; census_match_type_not_exact; census_fips_not_in_county_lookup; census_confidence_below_0_93; census_score_below_0_97; missing_census_matched_address; matched_address_missing_provider_zip5; matched_address_missing_number,False
670108,2024,assign_county,48053,"Burnet County, Texas",0.93,"Accepted report-only institutional-anchor CMS provider geocode: external provider row confirmed by exact Census geographies address match to Burnet County, Texas (48053) for provider 670108 fiscal year 2024. Institutional source promotion remains blocked by source-maturity, leakage, and model-impact gates.",/Users/coryseidel/PersonalProjects/IdeaTests/LandInvest/output/institutional_anchor_provider_geocode_census_candidates.csv,external_census_exact_confirmed,2026-06-04T14:02:28.324990+00:00,BAYLOR SCOTT & WHITE - MARBLE FALLS,TX,MARBLE FALLS,78654,810 WEST HIGHWAY 71,external_geocode_required,external_census_candidate_ready,Exact,"810 W STATE HWY 71, MARBLE FALLS, TX, 78654",0.97,provider_original,accepted,,False
050769,2023,assign_county,06059,"Orange County, California",0.93,"Accepted report-only institutional-anchor CMS provider geocode: external provider row confirmed by exact Census geographies address match to Orange County, California (06059) for provider 050769 fiscal year 2023. Institutional source promotion remains blocked by source-maturity, leakage, and model-impact gates.",/Users/coryseidel/PersonalProjects/IdeaTests/LandInvest/output/institutional_anchor_provider_geocode_census_candidates.csv,external_census_exact_confirmed,2026-06-04T14:02:28.324990+00:00,HOAG ORTHOPEDIC INSTITUTE,CA,IRVINE,92618,16250 SAND CANYON AVENUE,external_geocode_required,external_census_candidate_ready,Exact,"16250 SAND CANYON AVE, IRVINE, CA, 92618",0.97,provider_original,accepted,,False
410013,2023,assign_county,44009,"Washington County, Rhode Island",0.93,"Accepted report-only institutional-anchor CMS provider geocode: external provider row confirmed by exact Census geographies address match to Washington County, Rhode Island (44009) for provider 410013 fiscal year 2023. Institutional source promotion remains blocked by source-maturity, leakage, and model-impact gates.",/Users/coryseidel/PersonalProjects/IdeaTests/LandInvest/output/institutional_anchor_provider_geocode_census_candidates.csv,external_census_exact_confirmed,2026-06-04T14:02:28.324990+00:00,THE WESTERLY HOSPITAL,RI,WESTERLY,02891,25 WELLS STREET,external_geocode_required,external_census_candidate_ready,Exact,"25 WELLS ST, WESTERLY, RI, 02891",0.97,provider_original,accepted,,False
520212,2023,assign_county,55085,"Oneida County, Wisconsin",0.93,"Accepted report-only institutional-anchor CMS provider geocode: external provider row confirmed by exact Census geographies address match to Oneida County, Wisconsin (55085) for provider 520212 fiscal year 2023. Institutional source promotion remains blocked by source-maturity, leakage, and model-impact gates.",/Users/coryseidel/PersonalProjects/IdeaTests/LandInvest/output/institutional_anchor_provider_geocode_census_candidates.csv,external_census_exact_confirmed,2026-06-04T14:02:28.324990+00:00,MARSHFIELD MEDICAL CENTER-MINOCQUA,WI,MINOCQUA,54548,9576 STATE HIGHWAY 70,external_geocode_required,external_census_candidate_ready,Exact,"9576 STATE HWY 70, MINOCQUA, WI, 54548",0.97,provider_original,accepted,,False
150057,2023,assign_county,18109,"Morgan County, Indiana",0.93,"Accepted report-only institutional-anchor CMS provider geocode: external provider row confirmed by exact Census geographies address match to Morgan County, Indiana (18109) for provider 150057 fiscal year 2023. Institutional source promotion remains blocked by source-maturity, leakage, and model-impact gates.",/Users/coryseidel/PersonalProjects/IdeaTests/LandInvest/output/institutional_anchor_provider_geocode_census_candidates.csv,external_census_exact_confirmed,2026-06-04T14:02:28.324990+00:00,FRANCISCAN HEALTH MOORESVILLE,IN,MOORESVILLE,46158,1201 HADLEY ROAD,external_geocode_required,external_census_candidate_ready,Exact,"1201 HADLEY RD, MOORESVILLE, IN, 46158",0.97,provider_original,accepted,,False
180002,2024,assign_county,21133,"Letcher County, Kentucky",0.93,"Accepted report-only institutional-anchor CMS provider geocode: external provider row confirmed by exact Census geographies address match to Letcher County, Kentucky (21133) for provider 180002 fiscal year 2024. Institutional source promotion remains blocked by source-maturity, leakage, and model-impact gates.",/Users/coryseidel/PersonalProjects/IdeaTests/LandInvest/output/institutional_anchor_provider_geocode_census_candidates.csv,external_census_exact_confirmed,2026-06-04T14:02:28.324990+00:00,WHITESBURG ARH,KY,WHITESBURG,41858,240 HOSPITAL ROAD,external_geocode_required,external_census_candidate_ready,Exact,"240 HOSPITAL RD, WHITESBURG, KY, 41858",0.97,provider_original,accepted,,False
214012,2024,assign_county,24001,"Allegany County, Maryland",0.93,"Accepted report-only institutional-anchor CMS provider geocode: external provider row confirmed by exact Census geographies address match to Allegany County, Maryland (24001) for provider 214012 fiscal year 2024. Institutional source promotion remains blocked by source-maturity, leakage, and model-impact gates.",/Users/coryseidel/PersonalProjects/IdeaTests/LandInvest/output/institutional_anchor_provider_geocode_census_candidates.csv,external_census_exact_confirmed,2026-06-04T14:02:28.324990+00:00,THOMAS B. FINAN,MD,CUMBERLAND,21502,10102 COUNTRY CLUB ROAD SE,external_geocode_required,external_census_candidate_ready,Exact,"10102 COUNTRY CLUB RD SE, CUMBERLAND, MD, 21502",0.97,provider_original,accepted,,False
230095,2024,assign_county,,,,"Accepted report-only institutional-anchor CMS provider geocode: external provider row confirmed by exact Census geographies address match to  () for provider 230095 fiscal year 2024. Institutional source promotion remains blocked by source-maturity, leakage, and model-impact gates.",/Users/coryseidel/PersonalProjects/IdeaTests/LandInvest/output/institutional_anchor_provider_geocode_census_candidates.csv,external_census_exact_confirmed,2026-06-04T14:02:28.324990+00:00,MYMICHIGAN MEDICAL CTR WEST BRAN,MI,WEST BRANCH,48661,2463 S M-30,external_geocode_required,unresolved_after_census_batch,,,,,held_or_rejected,not_external_census_candidate_ready_status; not_provider_original_attempt; census_match_status_not_match; census_match_type_not_exact; census_fips_not_in_county_lookup; census_confidence_below_0_93; census_score_below_0_97; missing_census_matched_address; matched_address_missing_provider_zip5; matched_address_missing_number,False
230005,2023,assign_county,26091,"Lenawee County, Michigan",0.93,"Accepted report-only institutional-anchor CMS provider geocode: external provider row confirmed by exact Census geographies address match to Lenawee County, Michigan (26091) for provider 230005 fiscal year 2023. Institutional source promotion remains blocked by source-maturity, leakage, and model-impact gates.",/Users/coryseidel/PersonalProjects/IdeaTests/LandInvest/output/institutional_anchor_provider_geocode_census_candidates.csv,external_census_exact_confirmed,2026-06-04T14:02:28.324990+00:00,PROMEDICA HICKMAN HOSPITAL,MI,ADRIAN,49221,5640 NORTH ADRIAN HIGHWAY,external_geocode_required,external_census_candidate_ready,Exact,"5640 N ADRIAN HWY, ADRIAN, MI, 49221",0.97,provider_original,accepted,,False
214002,2024,assign_county,24019,"Dorchester County, Maryland",0.93,"Accepted report-only institutional-anchor CMS provider geocode: external provider row confirmed by exact Census geographies address match to Dorchester County, Maryland (24019) for provider 214002 fiscal year 2024. Institutional source promotion remains blocked by source-maturity, leakage, and model-impact gates.",/Users/coryseidel/PersonalProjects/IdeaTests/LandInvest/output/institutional_anchor_provider_geocode_census_candidates.csv,external_census_exact_confirmed,2026-06-04T14:02:28.324990+00:00,EASTERN SHORE HOSPITAL CENTER,MD,CAMBRIDGE,21613,5262 WOODS RD,external_geocode_required,external_census_candidate_ready,Exact,"5262 WOODS RD, CAMBRIDGE, MD, 21613",0.97,provider_original,accepted,,False
450587,2024,assign_county,48049,"Brown County, Texas",0.84,"Accepted report-only institutional-anchor CMS provider geocode: external provider row confirmed by exact Census geographies address match to Brown County, Texas (48049) for provider 450587 fiscal year 2024. Institutional source promotion remains blocked by source-maturity, leakage, and model-impact gates.",/Users/coryseidel/PersonalProjects/IdeaTests/LandInvest/output/institutional_anchor_provider_geocode_census_candidates.csv,external_census_exact_confirmed,2026-06-04T14:02:28.324990+00:00,HENDRICK MEDICAL CENTER BROWNWOOD,TX,BROWNWOOD,76804,1501 BURNET DRIVE,external_geocode_required,external_census_context_only,Non_Exact,"1501 BURNEY DR, BROWNWOOD, TX, 76801",0.8,provider_original,held_or_rejected,not_external_census_candidate_ready_status; census_match_type_not_exact; census_confidence_below_0_93; census_score_below_0_97; matched_address_missing_provider_zip5,False
021313,2024,assign_county,02122,"Kenai Peninsula Borough, Alaska",0.93,"Accepted report-only institutional-anchor CMS provider geocode: external provider row confirmed by exact Census geographies address match to Kenai Peninsula Borough, Alaska (02122) for provider 021313 fiscal year 2024. Institutional source promotion remains blocked by source-maturity, leakage, and model-impact gates.",/Users/coryseidel/PersonalProjects/IdeaTests/LandInvest/output/institutional_anchor_provider_geocode_census_candidates.csv,external_census_exact_confirmed,2026-06-04T14:02:28.324990+00:00,SOUTH PENINSULA HOSPITAL,AK,HOMER,99603,4300 BARTLETT ST.,external_geocode_required,external_census_candidate_ready,Exact,"4300 BARTLETT ST, HOMER, AK, 99603",0.97,provider_original,accepted,,False
381318,2023,assign_county,41027,"Hood River County, Oregon",0.93,"Accepted report-only institutional-anchor CMS provider geocode: external provider row confirmed by exact Census geographies address match to Hood River County, Oregon (41027) for provider 381318 fiscal year 2023. Institutional source promotion remains blocked by source-maturity, leakage, and model-impact gates.",/Users/coryseidel/PersonalProjects/IdeaTests/LandInvest/output/institutional_anchor_provider_geocode_census_candidates.csv,external_census_exact_confirmed,2026-06-04T14:02:28.324990+00:00,HOOD RIVER MEMORIAL HOSPITAL,OR,HOOD RIVER,97031,810 12TH ST,external_geocode_required,external_census_candidate_ready,Exact,"810 12TH ST, HOOD RIVER, OR, 97031",0.97,provider_original,accepted,,False
061317,2023,assign_county,,,,"Accepted report-only institutional-anchor CMS provider geocode: external provider row confirmed by exact Census geographies address match to  () for provider 061317 fiscal year 2023. Institutional source promotion remains blocked by source-maturity, leakage, and model-impact gates.",/Users/coryseidel/PersonalProjects/IdeaTests/LandInvest/output/institutional_anchor_provider_geocode_census_candidates.csv,external_census_exact_confirmed,2026-06-04T14:02:28.324990+00:00,GRAND RIVER HOSPITAL DISTRICT,CO,RIFLE,81650,501 AIRPORT ROAD,external_geocode_required,unresolved_after_census_batch,,,,,held_or_rejected,not_external_census_candidate_ready_status; not_provider_original_attempt; census_match_status_not_match; census_match_type_not_exact; census_fips_not_in_county_lookup; census_confidence_below_0_93; census_score_below_0_97; missing_census_matched_address; matched_address_missing_provider_zip5; matched_address_missing_number,False
230022,2023,assign_county,26023,"Branch County, Michigan",0.93,"Accepted report-only institutional-anchor CMS provider geocode: external provider row confirmed by exact Census geographies address match to Branch County, Michigan (26023) for provider 230022 fiscal year 2023. Institutional source promotion remains blocked by source-maturity, leakage, and model-impact gates.",/Users/coryseidel/PersonalProjects/IdeaTests/LandInvest/output/institutional_anchor_provider_geocode_census_candidates.csv,external_census_exact_confirmed,2026-06-04T14:02:28.324990+00:00,COMMUNITY HEALTH CENTER BRANCH,MI,COLDWATER,49036,274 EAST CHICAGO STREET,external_geocode_required,external_census_candidate_ready,Exact,"274 E CHICAGO ST, COLDWATER, MI, 49036",0.97,provider_original,accepted,,False
231337,2023,assign_county,26041,"Delta County, Michigan",0.93,"Accepted report-only institutional-anchor CMS provider geocode: external provider row confirmed by exact Census geographies address match to Delta County, Michigan (26041) for provider 231337 fiscal year 2023. Institutional source promotion remains blocked by source-maturity, leakage, and model-impact gates.",/Users/coryseidel/PersonalProjects/IdeaTests/LandInvest/output/institutional_anchor_provider_geocode_census_candidates.csv,external_census_exact_confirmed,2026-06-04T14:02:28.324990+00:00,ST. FRANCIS HOSPITAL,MI,ESCANABA,49829,3410 LUDINGTON STREET,external_geocode_required,external_census_candidate_ready,Exact,"3410 LUDINGTON ST, ESCANABA, MI, 49829",0.97,provider_original,accepted,,False
220030,2023,assign_county,25013,"Hampden County, Massachusetts",0.93,"Accepted report-only institutional-anchor CMS provider geocode: external provider row confirmed by exact Census geographies address match to Hampden County, Massachusetts (25013) for provider 220030 fiscal year 2023. Institutional source promotion remains blocked by source-maturity, leakage, and model-impact gates.",/Users/coryseidel/PersonalProjects/IdeaTests/LandInvest/output/institutional_anchor_provider_geocode_census_candidates.csv,external_census_exact_confirmed,2026-06-04T14:02:28.324990+00:00,BAYSTATE WING HOSPITAL & MEDICAL CTR,MA,PALMER,01069,40 WRIGHT STREET,external_geocode_required,external_census_candidate_ready,Exact,"40 WRIGHT ST, PALMER, MA, 01069",0.97,provider_original,accepted,,False
524042,2023,assign_county,55025,"Dane County, Wisconsin",0.89,"Accepted report-only institutional-anchor CMS provider geocode: external provider row confirmed by exact Census geographies address match to Dane County, Wisconsin (55025) for provider 524042 fiscal year 2023. Institutional source promotion remains blocked by source-maturity, leakage, and model-impact gates.",/Users/coryseidel/PersonalProjects/IdeaTests/LandInvest/output/institutional_anchor_provider_geocode_census_candidates.csv,external_census_exact_confirmed,2026-06-04T14:02:28.324990+00:00,MIRAMOUNT BEHAVIORAL HEALTH,WI,MIDDLETON,53562,3169 DEMMING WAY,external_geocode_required,external_census_context_only,Non_Exact,"3169 DEMING WAY, MIDDLETON, WI, 53562",0.88,provider_original,held_or_rejected,not_external_census_candidate_ready_status; census_match_type_not_exact; census_confidence_below_0_93; census_score_below_0_97,False
380071,2023,assign_county,,,,"Accepted report-only institutional-anchor CMS provider geocode: external provider row confirmed by exact Census geographies address match to  () for provider 380071 fiscal year 2023. Institutional source promotion remains blocked by source-maturity, leakage, and model-impact gates.",/Users/coryseidel/PersonalProjects/IdeaTests/LandInvest/output/institutional_anchor_provider_geocode_census_candidates.csv,external_census_exact_confirmed,2026-06-04T14:02:28.324990+00:00,WILLAMETTE VALLEY MEDICAL CENTER,OR,MCMINNVILLE,97128,2700 SE STRATUS AVENUE,external_geocode_required,unresolved_after_census_batch,,,,,held_or_rejected,not_external_census_candidate_ready_status; not_provider_original_attempt; census_match_status_not_match; census_match_type_not_exact; census_fips_not_in_county_lookup; census_confidence_below_0_93; census_score_below_0_97; missing_census_matched_address; matched_address_missing_provider_zip5; matched_address_missing_number,False
170006,2024,assign_county,,,,"Accepted report-only institutional-anchor CMS provider geocode: external provider row confirmed by exact Census geographies address match to  () for provider 170006 fiscal year 2024. Institutional source promotion remains blocked by source-maturity, leakage, and model-impact gates.",/Users/coryseidel/PersonalProjects/IdeaTests/LandInvest/output/institutional_anchor_provider_geocode_census_candidates.csv,external_census_exact_confirmed,2026-06-04T14:02:28.324990+00:00,VIA CHRISTI HOSPITAL PITTSBURG INC.,KS,PITTSBURG,66762,1 MT CARMEL WAY,external_geocode_required,unresolved_after_census_batch,,,,,held_or_rejected,not_external_census_candidate_ready_status; not_provider_original_attempt; census_match_status_not_match; census_match_type_not_exact; census_fips_not_in_county_lookup; census_confidence_below_0_93; census_score_below_0_97; missing_census_matched_address; matched_address_missing_provider_zip5; matched_address_missing_number,False
460014,2023,assign_county,49045,"Tooele County, Utah",0.93,"Accepted report-only institutional-anchor CMS provider geocode: external provider row confirmed by exact Census geographies address match to Tooele County, Utah (49045) for provider 460014 fiscal year 2023. Institutional source promotion remains blocked by source-maturity, leakage, and model-impact gates.",/Users/coryseidel/PersonalProjects/IdeaTests/LandInvest/output/institutional_anchor_provider_geocode_census_candidates.csv,external_census_exact_confirmed,2026-06-04T14:02:28.324990+00:00,MOUNTAIN WEST MEDICAL CENTER,UT,TOOELE,84074,211 SOUTH 100 EAST,external_geocode_required,external_census_candidate_ready,Exact,"211 S 100 E, TOOELE, UT, 84074",0.97,provider_original,accepted,,False
230180,2024,assign_county,26035,"Clare County, Michigan",0.93,"Accepted report-only institutional-anchor CMS provider geocode: external provider row confirmed by exact Census geographies address match to Clare County, Michigan (26035) for provider 230180 fiscal year 2024. Institutional source promotion remains blocked by source-maturity, leakage, and model-impact gates.",/Users/coryseidel/PersonalProjects/IdeaTests/LandInvest/output/institutional_anchor_provider_geocode_census_candidates.csv,external_census_exact_confirmed,2026-06-04T14:02:28.324990+00:00,MYMICHIGAN MEDICAL CENTER CLARE,MI,CLARE,48617,703 N. MCEWAN STREET,external_geocode_required,external_census_candidate_ready,Exact,"703 N MCEWAN ST, CLARE, MI, 48617",0.97,provider_original,accepted,,False
052057,2024,assign_county,06097,"Sonoma County, California",0.93,"Accepted report-only institutional-anchor CMS provider geocode: external provider row confirmed by exact Census geographies address match to Sonoma County, California (06097) for provider 052057 fiscal year 2024. Institutional source promotion remains blocked by source-maturity, leakage, and model-impact gates.",/Users/coryseidel/PersonalProjects/IdeaTests/LandInvest/output/institutional_anchor_provider_geocode_census_candidates.csv,external_census_exact_confirmed,2026-06-04T14:02:28.324990+00:00,SONOMA SPECIALTY HOSPITAL LLC,CA,SEBASTOPOL,95472,501 PETALUMA AVE,external_geocode_required,external_census_candidate_ready,Exact,"501 PETALUMA AVE, SEBASTOPOL, CA, 95472",0.97,provider_original,accepted,,False
173033,2023,assign_county,20091,"Johnson County, Kansas",0.93,"Accepted report-only institutional-anchor CMS provider geocode: external provider row confirmed by exact Census geographies address match to Johnson County, Kansas (20091) for provider 173033 fiscal year 2023. Institutional source promotion remains blocked by source-maturity, leakage, and model-impact gates.",/Users/coryseidel/PersonalProjects/IdeaTests/LandInvest/output/institutional_anchor_provider_geocode_census_candidates.csv,external_census_exact_confirmed,2026-06-04T14:02:28.324990+00:00,MEADOWBROOK REHABILITATION HOSPITAL,KS,GARDNER,66030,427 W MAIN STREET,external_geocode_required,external_census_candidate_ready,Exact,"427 W MAIN ST, GARDNER, KS, 66030",0.97,provider_original,accepted,,False
190079,2024,assign_county,22089,"St. Charles Parish, Louisiana",0.89,"Accepted report-only institutional-anchor CMS provider geocode: external provider row confirmed by exact Census geographies address match to St. Charles Parish, Louisiana (22089) for provider 190079 fiscal year 2024. Institutional source promotion remains blocked by source-maturity, leakage, and model-impact gates.",/Users/coryseidel/PersonalProjects/IdeaTests/LandInvest/output/institutional_anchor_provider_geocode_census_candidates.csv,external_census_exact_confirmed,2026-06-04T14:02:28.324990+00:00,ST. CHARLES PARISH HOSPITAL,LA,LULING,70070,1057 PAUL MALLARD ROAD,external_geocode_required,external_census_context_only,Non_Exact,"1057 PAUL MAILLARD RD, LULING, LA, 70070",0.88,provider_original,held_or_rejected,not_external_census_candidate_ready_status; census_match_type_not_exact; census_confidence_below_0_93; census_score_below_0_97,False
190313,2023,assign_county,22071,"Orleans Parish, Louisiana",0.93,"Accepted report-only institutional-anchor CMS provider geocode: external provider row confirmed by exact Census geographies address match to Orleans Parish, Louisiana (22071) for provider 190313 fiscal year 2023. Institutional source promotion remains blocked by source-maturity, leakage, and model-impact gates.",/Users/coryseidel/PersonalProjects/IdeaTests/LandInvest/output/institutional_anchor_provider_geocode_census_candidates.csv,external_census_exact_confirmed,2026-06-04T14:02:28.324990+00:00,NEW ORLEANS EAST HOSPITAL,LA,NEW ORLEANS,70127,5620 READ BOULEVARD,external_geocode_required,external_census_candidate_ready,Exact,"5620 READ BLVD, NEW ORLEANS, LA, 70127",0.97,provider_original,accepted,,False
010158,2023,assign_county,,,,"Accepted report-only institutional-anchor CMS provider geocode: external provider row confirmed by exact Census geographies address match to  () for provider 010158 fiscal year 2023. Institutional source promotion remains blocked by source-maturity, leakage, and model-impact gates.",/Users/coryseidel/PersonalProjects/IdeaTests/LandInvest/output/institutional_anchor_provider_geocode_census_candidates.csv,external_census_exact_confirmed,2026-06-04T14:02:28.324990+00:00,RUSSELLVILLE HOSPITAL,AL,RUSSELLVILLE,35653,15155 HIGHWAY 43,external_geocode_required,unresolved_after_census_batch,,,,,held_or_rejected,not_external_census_candidate_ready_status; not_provider_original_attempt; census_match_status_not_match; census_match_type_not_exact; census_fips_not_in_county_lookup; census_confidence_below_0_93; census_score_below_0_97; missing_census_matched_address; matched_address_missing_provider_zip5; matched_address_missing_number,False
490143,2023,assign_county,,,,"Accepted report-only institutional-anchor CMS provider geocode: external provider row confirmed by exact Census geographies address match to  () for provider 490143 fiscal year 2023. Institutional source promotion remains blocked by source-maturity, leakage, and model-impact gates.",/Users/coryseidel/PersonalProjects/IdeaTests/LandInvest/output/institutional_anchor_provider_geocode_census_candidates.csv,external_census_exact_confirmed,2026-06-04T14:02:28.324990+00:00,RIVERSIDE DOCTORS HOSPITAL WILLIAMSB,VA,WILLIAMSBURG,23185,1500 COMMONWEALTH AVENUE,external_geocode_required,unresolved_after_census_batch,,,,,held_or_rejected,not_external_census_candidate_ready_status; not_provider_original_attempt; census_match_status_not_match; census_match_type_not_exact; census_fips_not_in_county_lookup; census_confidence_below_0_93; census_score_below_0_97; missing_census_matched_address; matched_address_missing_provider_zip5; matched_address_missing_number,False
300014,2024,assign_county,,,,"Accepted report-only institutional-anchor CMS provider geocode: external provider row confirmed by exact Census geographies address match to  () for provider 300014 fiscal year 2024. Institutional source promotion remains blocked by source-maturity, leakage, and model-impact gates.",/Users/coryseidel/PersonalProjects/IdeaTests/LandInvest/output/institutional_anchor_provider_geocode_census_candidates.csv,external_census_exact_confirmed,2026-06-04T14:02:28.324990+00:00,FRISBIE MEMORIAL HOSPITAL,NH,ROCHESTER,03867,11 WHITEHALL ROAD,external_geocode_required,unresolved_after_census_batch,,,,,held_or_rejected,not_external_census_candidate_ready_status; not_provider_original_attempt; census_match_status_not_match; census_match_type_not_exact; census_fips_not_in_county_lookup; census_confidence_below_0_93; census_score_below_0_97; missing_census_matched_address; matched_address_missing_provider_zip5; matched_address_missing_number,False
210017,2023,assign_county,24023,"Garrett County, Maryland",0.93,"Accepted report-only institutional-anchor CMS provider geocode: external provider row confirmed by exact Census geographies address match to Garrett County, Maryland (24023) for provider 210017 fiscal year 2023. Institutional source promotion remains blocked by source-maturity, leakage, and model-impact gates.",/Users/coryseidel/PersonalProjects/IdeaTests/LandInvest/output/institutional_anchor_provider_geocode_census_candidates.csv,external_census_exact_confirmed,2026-06-04T14:02:28.324990+00:00,GARRETT COUNTY MEMORIAL HOSPITAL,MD,OAKLAND,21550,251 NORTH FOURTH ST.,external_geocode_required,external_census_candidate_ready,Exact,"251 N 4TH ST, OAKLAND, MD, 21550",0.97,provider_original,accepted,,False
510086,2024,assign_county,54047,"McDowell County, West Virginia",0.93,"Accepted report-only institutional-anchor CMS provider geocode: external provider row confirmed by exact Census geographies address match to McDowell County, West Virginia (54047) for provider 510086 fiscal year 2024. Institutional source promotion remains blocked by source-maturity, leakage, and model-impact gates.",/Users/coryseidel/PersonalProjects/IdeaTests/LandInvest/output/institutional_anchor_provider_geocode_census_candidates.csv,external_census_exact_confirmed,2026-06-04T14:02:28.324990+00:00,WELCH COMMUNITY HOSPITAL,WV,WELCH,24801,454 MCDOWELL STREET,external_geocode_required,external_census_candidate_ready,Exact,"454 MCDOWELL ST, WELCH, WV, 24801",0.97,provider_original,accepted,,False
241355,2023,assign_county,,,,"Accepted report-only institutional-anchor CMS provider geocode: external provider row confirmed by exact Census geographies address match to  () for provider 241355 fiscal year 2023. Institutional source promotion remains blocked by source-maturity, leakage, and model-impact gates.",/Users/coryseidel/PersonalProjects/IdeaTests/LandInvest/output/institutional_anchor_provider_geocode_census_candidates.csv,external_census_exact_confirmed,2026-06-04T14:02:28.324990+00:00,GLENCOE REGIONAL HEALTH SERVICES,MN,GLENCOE,55336,705 EAST 18TH STREEET,external_geocode_required,unresolved_after_census_batch,,,,,held_or_rejected,not_external_census_candidate_ready_status; not_provider_original_attempt; census_match_status_not_match; census_match_type_not_exact; census_fips_not_in_county_lookup; census_confidence_below_0_93; census_score_below_0_97; missing_census_matched_address; matched_address_missing_provider_zip5; matched_address_missing_number,False
154055,2023,assign_county,18173,"Warrick County, Indiana",0.93,"Accepted report-only institutional-anchor CMS provider geocode: external provider row confirmed by exact Census geographies address match to Warrick County, Indiana (18173) for provider 154055 fiscal year 2023. Institutional source promotion remains blocked by source-maturity, leakage, and model-impact gates.",/Users/coryseidel/PersonalProjects/IdeaTests/LandInvest/output/institutional_anchor_provider_geocode_census_candidates.csv,external_census_exact_confirmed,2026-06-04T14:02:28.324990+00:00,BRENTWOOD SPRINGS,IN,NEWBURGH,47630,4488 ROSLIN ROAD,external_geocode_required,external_census_candidate_ready,Exact,"4488 ROSLIN RD, NEWBURGH, IN, 47630",0.97,provider_original,accepted,,False
150045,2023,assign_county,18033,"DeKalb County, Indiana",0.93,"Accepted report-only institutional-anchor CMS provider geocode: external provider row confirmed by exact Census geographies address match to DeKalb County, Indiana (18033) for provider 150045 fiscal year 2023. Institutional source promotion remains blocked by source-maturity, leakage, and model-impact gates.",/Users/coryseidel/PersonalProjects/IdeaTests/LandInvest/output/institutional_anchor_provider_geocode_census_candidates.csv,external_census_exact_confirmed,2026-06-04T14:02:28.324990+00:00,PARKVIEW - DEKALB HEALTH,IN,AUBURN,46706,1316 EAST 7TH STREET,external_geocode_required,external_census_candidate_ready,Exact,"1316 E 7TH ST, AUBURN, IN, 46706",0.97,provider_original,accepted,,False
041331,2023,assign_county,05007,"Benton County, Arkansas",0.93,"Accepted report-only institutional-anchor CMS provider geocode: external provider row confirmed by exact Census geographies address match to Benton County, Arkansas (05007) for provider 041331 fiscal year 2023. Institutional source promotion remains blocked by source-maturity, leakage, and model-impact gates.",/Users/coryseidel/PersonalProjects/IdeaTests/LandInvest/output/institutional_anchor_provider_geocode_census_candidates.csv,external_census_exact_confirmed,2026-06-04T14:02:28.324990+00:00,OZARKS COMMUNITY HOSPITAL OF GRAVETT,AR,GRAVETTE,72736,1101 JACKSON ST SW,external_geocode_required,external_census_candidate_ready,Exact,"1101 JACKSON ST SW, GRAVETTE, AR, 72736",0.97,provider_original,accepted,,False
230100,2024,assign_county,26069,"Iosco County, Michigan",0.84,"Accepted report-only institutional-anchor CMS provider geocode: external provider row confirmed by exact Census geographies address match to Iosco County, Michigan (26069) for provider 230100 fiscal year 2024. Institutional source promotion remains blocked by source-maturity, leakage, and model-impact gates.",/Users/coryseidel/PersonalProjects/IdeaTests/LandInvest/output/institutional_anchor_provider_geocode_census_candidates.csv,external_census_exact_confirmed,2026-06-04T14:02:28.324990+00:00,ASCENSION ST. JOSEPH HOSPITAL,MI,TAWAS,48764,200 HEMLOCK ST,external_geocode_required,external_census_context_only,Non_Exact,"200 HEMLOCK ST, TAWAS CITY, MI, 48763",0.8,provider_original,held_or_rejected,not_external_census_candidate_ready_status; census_match_type_not_exact; census_confidence_below_0_93; census_score_below_0_97; matched_address_missing_provider_zip5,False
180154,2024,assign_county,21013,"Bell County, Kentucky",0.93,"Accepted report-only institutional-anchor CMS provider geocode: external provider row confirmed by exact Census geographies address match to Bell County, Kentucky (21013) for provider 180154 fiscal year 2024. Institutional source promotion remains blocked by source-maturity, leakage, and model-impact gates.",/Users/coryseidel/PersonalProjects/IdeaTests/LandInvest/output/institutional_anchor_provider_geocode_census_candidates.csv,external_census_exact_confirmed,2026-06-04T14:02:28.324990+00:00,PINEVILLE COMMUNITY HEALTH CENTER,KY,PINEVILLE,40977,850 RIVERVIEW AVE,external_geocode_required,external_census_candidate_ready,Exact,"850 RIVERVIEW AVE, PINEVILLE, KY, 40977",0.97,provider_original,accepted,,False
490089,2023,assign_county,51067,"Franklin County, Virginia",0.93,"Accepted report-only institutional-anchor CMS provider geocode: external provider row confirmed by exact Census geographies address match to Franklin County, Virginia (51067) for provider 490089 fiscal year 2023. Institutional source promotion remains blocked by source-maturity, leakage, and model-impact gates.",/Users/coryseidel/PersonalProjects/IdeaTests/LandInvest/output/institutional_anchor_provider_geocode_census_candidates.csv,external_census_exact_confirmed,2026-06-04T14:02:28.324990+00:00,CARILION FRANKLIN MEMORIAL HOSPITAL,VA,ROCKY MOUNT,24151,180 FLOYD AVE,external_geocode_required,external_census_candidate_ready,Exact,"180 FLOYD AVE, ROCKY MOUNT, VA, 24151",0.97,provider_original,accepted,,False
390081,2023,assign_county,42045,"Delaware County, Pennsylvania",0.93,"Accepted report-only institutional-anchor CMS provider geocode: external provider row confirmed by exact Census geographies address match to Delaware County, Pennsylvania (42045) for provider 390081 fiscal year 2023. Institutional source promotion remains blocked by source-maturity, leakage, and model-impact gates.",/Users/coryseidel/PersonalProjects/IdeaTests/LandInvest/output/institutional_anchor_provider_geocode_census_candidates.csv,external_census_exact_confirmed,2026-06-04T14:02:28.324990+00:00,DELAWARE COUNTY MEMORIAL HOSPITAL,PA,DREXEL HILL,19026,501 N. LANSDOWNE AVE.,external_geocode_required,external_census_candidate_ready,Exact,"501 N LANSDOWNE AVE, DREXEL HILL, PA, 19026",0.97,provider_original,accepted,,False
370113,2024,assign_county,,,,"Accepted report-only institutional-anchor CMS provider geocode: external provider row confirmed by exact Census geographies address match to  () for provider 370113 fiscal year 2024. Institutional source promotion remains blocked by source-maturity, leakage, and model-impact gates.",/Users/coryseidel/PersonalProjects/IdeaTests/LandInvest/output/institutional_anchor_provider_geocode_census_candidates.csv,external_census_exact_confirmed,2026-06-04T14:02:28.324990+00:00,INTEGRIS GROVE HOSPITAL,OK,GROVE,74344,1001 EAST 18TH STREET,external_geocode_required,unresolved_after_census_batch,,,,,held_or_rejected,not_external_census_candidate_ready_status; not_provider_original_attempt; census_match_status_not_match; census_match_type_not_exact; census_fips_not_in_county_lookup; census_confidence_below_0_93; census_score_below_0_97; missing_census_matched_address; matched_address_missing_provider_zip5; matched_address_missing_number,False
103049,2023,assign_county,12109,"St. Johns County, Florida",0.93,"Accepted report-only institutional-anchor CMS provider geocode: external provider row confirmed by exact Census geographies address match to St. Johns County, Florida (12109) for provider 103049 fiscal year 2023. Institutional source promotion remains blocked by source-maturity, leakage, and model-impact gates.",/Users/coryseidel/PersonalProjects/IdeaTests/LandInvest/output/institutional_anchor_provider_geocode_census_candidates.csv,external_census_exact_confirmed,2026-06-04T14:02:28.324990+00:00,ENCOMPASS HEALTH REHABILITATION HOSP,FL,ST. AUGUSTINE,32084,65 SILVER LANE,external_geocode_required,external_census_candidate_ready,Exact,"65 SILVER LN, ST AUGUSTINE, FL, 32084",0.97,provider_original,accepted,,False
713028,2023,assign_county,22017,"Caddo Parish, Louisiana",0.93,"Accepted report-only institutional-anchor CMS provider geocode: external provider row confirmed by exact Census geographies address match to Caddo Parish, Louisiana (22017) for provider 713028 fiscal year 2023. Institutional source promotion remains blocked by source-maturity, leakage, and model-impact gates.",/Users/coryseidel/PersonalProjects/IdeaTests/LandInvest/output/institutional_anchor_provider_geocode_census_candidates.csv,external_census_exact_confirmed,2026-06-04T14:02:28.324990+00:00,ENCOMPASS HEALTH REHABILITATION HOSP,LA,SHREVEPORT,71115,8650 MILLICENT WAY,external_geocode_required,external_census_candidate_ready,Exact,"8650 MILLICENT WAY, SHREVEPORT, LA, 71115",0.97,provider_original,accepted,,False
190308,2023,assign_county,22087,"St. Bernard Parish, Louisiana",0.93,"Accepted report-only institutional-anchor CMS provider geocode: external provider row confirmed by exact Census geographies address match to St. Bernard Parish, Louisiana (22087) for provider 190308 fiscal year 2023. Institutional source promotion remains blocked by source-maturity, leakage, and model-impact gates.",/Users/coryseidel/PersonalProjects/IdeaTests/LandInvest/output/institutional_anchor_provider_geocode_census_candidates.csv,external_census_exact_confirmed,2026-06-04T14:02:28.324990+00:00,ST. BERNARD PARISH HOSPITAL,LA,CHALMETTE,70043,8000 WEST JUDGE PEREZ DRIVE,external_geocode_required,external_census_candidate_ready,Exact,"8000 W JUDGE PEREZ DR, CHALMETTE, LA, 70043",0.97,provider_original,accepted,,False
673079,2023,assign_county,,,,"Accepted report-only institutional-anchor CMS provider geocode: external provider row confirmed by exact Census geographies address match to  () for provider 673079 fiscal year 2023. Institutional source promotion remains blocked by source-maturity, leakage, and model-impact gates.",/Users/coryseidel/PersonalProjects/IdeaTests/LandInvest/output/institutional_anchor_provider_geocode_census_candidates.csv,external_census_exact_confirmed,2026-06-04T14:02:28.324990+00:00,ENCOMPASS HEALTH REHABILITATION OF W,TX,ROBINSON,76706,3600 SOUTH LOOP 340,external_geocode_required,unresolved_after_census_batch,,,,,held_or_rejected,not_external_census_candidate_ready_status; not_provider_original_attempt; census_match_status_not_match; census_match_type_not_exact; census_fips_not_in_county_lookup; census_confidence_below_0_93; census_score_below_0_97; missing_census_matched_address; matched_address_missing_provider_zip5; matched_address_missing_number,False
341329,2023,assign_county,37121,"Mitchell County, North Carolina",0.93,"Accepted report-only institutional-anchor CMS provider geocode: external provider row confirmed by exact Census geographies address match to Mitchell County, North Carolina (37121) for provider 341329 fiscal year 2023. Institutional source promotion remains blocked by source-maturity, leakage, and model-impact gates.",/Users/coryseidel/PersonalProjects/IdeaTests/LandInvest/output/institutional_anchor_provider_geocode_census_candidates.csv,external_census_exact_confirmed,2026-06-04T14:02:28.324990+00:00,BLUE RIDGE REGIONAL HOSPITAL,NC,SPRUCE PINE,28777,125 HOSPITAL DRIVE,external_geocode_required,external_census_candidate_ready,Exact,"125 HOSPITAL DR, SPRUCE PINE, NC, 28777",0.97,provider_original,accepted,,False
190114,2024,assign_county,22027,"Claiborne Parish, Louisiana",0.93,"Accepted report-only institutional-anchor CMS provider geocode: external provider row confirmed by exact Census geographies address match to Claiborne Parish, Louisiana (22027) for provider 190114 fiscal year 2024. Institutional source promotion remains blocked by source-maturity, leakage, and model-impact gates.",/Users/coryseidel/PersonalProjects/IdeaTests/LandInvest/output/institutional_anchor_provider_geocode_census_candidates.csv,external_census_exact_confirmed,2026-06-04T14:02:28.324990+00:00,HOMER MEMORIAL HOSPITAL,LA,HOMER,71040,620 EAST COLLEGE,external_geocode_required,external_census_candidate_ready,Exact,"620 E COLLEGE, HOMER, LA, 71040",0.97,provider_original,accepted,,False
190088,2023,assign_county,22119,"Webster Parish, Louisiana",0.93,"Accepted report-only institutional-anchor CMS provider geocode: external provider row confirmed by exact Census geographies address match to Webster Parish, Louisiana (22119) for provider 190088 fiscal year 2023. Institutional source promotion remains blocked by source-maturity, leakage, and model-impact gates.",/Users/coryseidel/PersonalProjects/IdeaTests/LandInvest/output/institutional_anchor_provider_geocode_census_candidates.csv,external_census_exact_confirmed,2026-06-04T14:02:28.324990+00:00,SPRINGHILL MEDICAL CENTER,LA,SPRINGHILL,71075,2001 DOCTORS DRIVE,external_geocode_required,external_census_candidate_ready,Exact,"2001 DOCTORS DR, SPRINGHILL, LA, 71075",0.97,provider_original,accepted,,False
141340,2024,assign_county,17037,"DeKalb County, Illinois",0.93,"Accepted report-only institutional-anchor CMS provider geocode: external provider row confirmed by exact Census geographies address match to DeKalb County, Illinois (17037) for provider 141340 fiscal year 2024. Institutional source promotion remains blocked by source-maturity, leakage, and model-impact gates.",/Users/coryseidel/PersonalProjects/IdeaTests/LandInvest/output/institutional_anchor_provider_geocode_census_candidates.csv,external_census_exact_confirmed,2026-06-04T14:02:28.324990+00:00,VALLEY WEST COMMUNITY HOSPITAL,IL,SANDWICH,60548,1302 N. MAIN STREET,external_geocode_required,external_census_candidate_ready,Exact,"1302 N MAIN ST, SANDWICH, IL, 60548",0.97,provider_original,accepted,,False
390117,2024,assign_county,,,,"Accepted report-only institutional-anchor CMS provider geocode: external provider row confirmed by exact Census geographies address match to  () for provider 390117 fiscal year 2024. Institutional source promotion remains blocked by source-maturity, leakage, and model-impact gates.",/Users/coryseidel/PersonalProjects/IdeaTests/LandInvest/output/institutional_anchor_provider_geocode_census_candidates.csv,external_census_exact_confirmed,2026-06-04T14:02:28.324990+00:00,UPMC BEDFORD,PA,EVERETT,15537,10455 LINCOLN HIGHWAY,external_geocode_required,unresolved_after_census_batch,,,,,held_or_rejected,not_external_census_candidate_ready_status; not_provider_original_attempt; census_match_status_not_match; census_match_type_not_exact; census_fips_not_in_county_lookup; census_confidence_below_0_93; census_score_below_0_97; missing_census_matched_address; matched_address_missing_provider_zip5; matched_address_missing_number,False
261319,2024,assign_county,29113,"Lincoln County, Missouri",0.89,"Accepted report-only institutional-anchor CMS provider geocode: external provider row confirmed by exact Census geographies address match to Lincoln County, Missouri (29113) for provider 261319 fiscal year 2024. Institutional source promotion remains blocked by source-maturity, leakage, and model-impact gates.",/Users/coryseidel/PersonalProjects/IdeaTests/LandInvest/output/institutional_anchor_provider_geocode_census_candidates.csv,external_census_exact_confirmed,2026-06-04T14:02:28.324990+00:00,MERCY HOSPITAL LINCOLN,MO,TROY,63379,1000 EAST CHERRY STREET,external_geocode_required,external_census_context_only,Non_Exact,"1000 W CHERRY ST, TROY, MO, 63379",0.88,provider_original,held_or_rejected,not_external_census_candidate_ready_status; census_match_type_not_exact; census_confidence_below_0_93; census_score_below_0_97,False
141311,2024,assign_county,17191,"Wayne County, Illinois",0.93,"Accepted report-only institutional-anchor CMS provider geocode: external provider row confirmed by exact Census geographies address match to Wayne County, Illinois (17191) for provider 141311 fiscal year 2024. Institutional source promotion remains blocked by source-maturity, leakage, and model-impact gates.",/Users/coryseidel/PersonalProjects/IdeaTests/LandInvest/output/institutional_anchor_provider_geocode_census_candidates.csv,external_census_exact_confirmed,2026-06-04T14:02:28.324990+00:00,FAIRFIELD MEMORIAL HOSPITAL,IL,FAIRFIELD,62837,303 NW 11TH ST,external_geocode_required,external_census_candidate_ready,Exact,"303 NW 11TH ST, FAIRFIELD, IL, 62837",0.97,provider_original,accepted,,False
110236,2024,assign_county,,,,"Accepted report-only institutional-anchor CMS provider geocode: external provider row confirmed by exact Census geographies address match to  () for provider 110236 fiscal year 2024. Institutional source promotion remains blocked by source-maturity, leakage, and model-impact gates.",/Users/coryseidel/PersonalProjects/IdeaTests/LandInvest/output/institutional_anchor_provider_geocode_census_candidates.csv,external_census_exact_confirmed,2026-06-04T14:02:28.324990+00:00,CHI MEMORIAL HOSPITAL - GEORGIA,GA,FT OGLETHORPE,30742,101 GROSS CRESCENT CIRCLE,external_geocode_required,unresolved_after_census_batch,,,,,held_or_rejected,not_external_census_candidate_ready_status; not_provider_original_attempt; census_match_status_not_match; census_match_type_not_exact; census_fips_not_in_county_lookup; census_confidence_below_0_93; census_score_below_0_97; missing_census_matched_address; matched_address_missing_provider_zip5; matched_address_missing_number,False
150022,2023,assign_county,18107,"Montgomery County, Indiana",0.89,"Accepted report-only institutional-anchor CMS provider geocode: external provider row confirmed by exact Census geographies address match to Montgomery County, Indiana (18107) for provider 150022 fiscal year 2023. Institutional source promotion remains blocked by source-maturity, leakage, and model-impact gates.",/Users/coryseidel/PersonalProjects/IdeaTests/LandInvest/output/institutional_anchor_provider_geocode_census_candidates.csv,external_census_exact_confirmed,2026-06-04T14:02:28.324990+00:00,FRANCISCAN HEALTH CRAWFORDSVILLE,IN,CRAWFORDSVILLE,47933,1710 LAFAYETTE ROAD,external_geocode_required,external_census_context_only,Non_Exact,"1710 LAFAYETTE AVE, CRAWFORDSVILLE, IN, 47933",0.88,provider_original,held_or_rejected,not_external_census_candidate_ready_status; census_match_type_not_exact; census_confidence_below_0_93; census_score_below_0_97,False
054147,2024,assign_county,06037,"Los Angeles County, California",0.93,"Accepted report-only institutional-anchor CMS provider geocode: external provider row confirmed by exact Census geographies address match to Los Angeles County, California (06037) for provider 054147 fiscal year 2024. Institutional source promotion remains blocked by source-maturity, leakage, and model-impact gates.",/Users/coryseidel/PersonalProjects/IdeaTests/LandInvest/output/institutional_anchor_provider_geocode_census_candidates.csv,external_census_exact_confirmed,2026-06-04T14:02:28.324990+00:00,JOYCE EISENBERG KEEFER MEDICAL CENTE,CA,RESEDA,91335,7050 TAMPA AVE,external_geocode_required,external_census_candidate_ready,Exact,"7050 TAMPA AVE, RESEDA, CA, 91335",0.97,provider_original,accepted,,False
144028,2024,assign_county,,,,"Accepted report-only institutional-anchor CMS provider geocode: external provider row confirmed by exact Census geographies address match to  () for provider 144028 fiscal year 2024. Institutional source promotion remains blocked by source-maturity, leakage, and model-impact gates.",/Users/coryseidel/PersonalProjects/IdeaTests/LandInvest/output/institutional_anchor_provider_geocode_census_candidates.csv,external_census_exact_confirmed,2026-06-04T14:02:28.324990+00:00,JOHN J MADDEN MENTAL HEALTH CENTER,IL,HINES,60141,1200 S FIRST AVE,external_geocode_required,unresolved_after_census_batch,,,,,held_or_rejected,not_external_census_candidate_ready_status; not_provider_original_attempt; census_match_status_not_match; census_match_type_not_exact; census_fips_not_in_county_lookup; census_confidence_below_0_93; census_score_below_0_97; missing_census_matched_address; matched_address_missing_provider_zip5; matched_address_missing_number,False
180016,2024,assign_county,21211,"Shelby County, Kentucky",0.93,"Accepted report-only institutional-anchor CMS provider geocode: external provider row confirmed by exact Census geographies address match to Shelby County, Kentucky (21211) for provider 180016 fiscal year 2024. Institutional source promotion remains blocked by source-maturity, leakage, and model-impact gates.",/Users/coryseidel/PersonalProjects/IdeaTests/LandInvest/output/institutional_anchor_provider_geocode_census_candidates.csv,external_census_exact_confirmed,2026-06-04T14:02:28.324990+00:00,UOFL HEALTH-SHELBYVILLE,KY,SHELBYVILLE,40065,727 HOSPITAL DRIVE,external_geocode_required,external_census_candidate_ready,Exact,"727 HOSPITAL DR, SHELBYVILLE, KY, 40065",0.97,provider_original,accepted,,False
360080,2023,assign_county,39013,"Belmont County, Ohio",0.93,"Accepted report-only institutional-anchor CMS provider geocode: external provider row confirmed by exact Census geographies address match to Belmont County, Ohio (39013) for provider 360080 fiscal year 2023. Institutional source promotion remains blocked by source-maturity, leakage, and model-impact gates.",/Users/coryseidel/PersonalProjects/IdeaTests/LandInvest/output/institutional_anchor_provider_geocode_census_candidates.csv,external_census_exact_confirmed,2026-06-04T14:02:28.324990+00:00,EAST OHIO HOSPITAL LLC,OH,MARTINS FERRY,43935,90 NORTH FOURTH STREET,external_geocode_required,external_census_candidate_ready,Exact,"90 N 4TH ST, MARTINS FERRY, OH, 43935",0.97,provider_original,accepted,,False
231325,2024,assign_county,26051,"Gladwin County, Michigan",0.89,"Accepted report-only institutional-anchor CMS provider geocode: external provider row confirmed by exact Census geographies address match to Gladwin County, Michigan (26051) for provider 231325 fiscal year 2024. Institutional source promotion remains blocked by source-maturity, leakage, and model-impact gates.",/Users/coryseidel/PersonalProjects/IdeaTests/LandInvest/output/institutional_anchor_provider_geocode_census_candidates.csv,external_census_exact_confirmed,2026-06-04T14:02:28.324990+00:00,MYMICHIGAN MEDICAL CENTER GLADWIN,MI,GLADWIN,48624,515 QUATER STREET,external_geocode_required,external_census_context_only,Non_Exact,"515 QUARTER ST, GLADWIN, MI, 48624",0.88,provider_original,held_or_rejected,not_external_census_candidate_ready_status; census_match_type_not_exact; census_confidence_below_0_93; census_score_below_0_97,False
051300,2024,assign_county,06063,"Plumas County, California",0.93,"Accepted report-only institutional-anchor CMS provider geocode: external provider row confirmed by exact Census geographies address match to Plumas County, California (06063) for provider 051300 fiscal year 2024. Institutional source promotion remains blocked by source-maturity, leakage, and model-impact gates.",/Users/coryseidel/PersonalProjects/IdeaTests/LandInvest/output/institutional_anchor_provider_geocode_census_candidates.csv,external_census_exact_confirmed,2026-06-04T14:02:28.324990+00:00,EASTERN PLUMAS HEALTH CARE,CA,PORTOLA,96122,500 FIRST AVENUE,external_geocode_required,external_census_candidate_ready,Exact,"500 1ST AVE, PORTOLA, CA, 96122",0.97,provider_original,accepted,,False
361330,2023,assign_county,,,,"Accepted report-only institutional-anchor CMS provider geocode: external provider row confirmed by exact Census geographies address match to  () for provider 361330 fiscal year 2023. Institutional source promotion remains blocked by source-maturity, leakage, and model-impact gates.",/Users/coryseidel/PersonalProjects/IdeaTests/LandInvest/output/institutional_anchor_provider_geocode_census_candidates.csv,external_census_exact_confirmed,2026-06-04T14:02:28.324990+00:00,HOCKING VALLEY,OH,LOGAN,43138,601 STATE ROUTE 664,external_geocode_required,unresolved_after_census_batch,,,,,held_or_rejected,not_external_census_candidate_ready_status; not_provider_original_attempt; census_match_status_not_match; census_match_type_not_exact; census_fips_not_in_county_lookup; census_confidence_below_0_93; census_score_below_0_97; missing_census_matched_address; matched_address_missing_provider_zip5; matched_address_missing_number,False
190081,2023,assign_county,22123,"West Carroll Parish, Louisiana",0.93,"Accepted report-only institutional-anchor CMS provider geocode: external provider row confirmed by exact Census geographies address match to West Carroll Parish, Louisiana (22123) for provider 190081 fiscal year 2023. Institutional source promotion remains blocked by source-maturity, leakage, and model-impact gates.",/Users/coryseidel/PersonalProjects/IdeaTests/LandInvest/output/institutional_anchor_provider_geocode_census_candidates.csv,external_census_exact_confirmed,2026-06-04T14:02:28.324990+00:00,WEST CARROLL HEALTH SYSTEMS LLC,LA,OAK GROVE,71263,706 ROSS STREET,external_geocode_required,external_census_candidate_ready,Exact,"706 ROSS ST, OAK GROVE, LA, 71263",0.97,provider_original,accepted,,False
370178,2024,assign_county,,,,"Accepted report-only institutional-anchor CMS provider geocode: external provider row confirmed by exact Census geographies address match to  () for provider 370178 fiscal year 2024. Institutional source promotion remains blocked by source-maturity, leakage, and model-impact gates.",/Users/coryseidel/PersonalProjects/IdeaTests/LandInvest/output/institutional_anchor_provider_geocode_census_candidates.csv,external_census_exact_confirmed,2026-06-04T14:02:28.324990+00:00,ADAIR COUNTY HEALTH CENTER,OK,STILWELL,74960,100 HIGHWAY WEST,external_geocode_required,unresolved_after_census_batch,,,,,held_or_rejected,not_external_census_candidate_ready_status; not_provider_original_attempt; census_match_status_not_match; census_match_type_not_exact; census_fips_not_in_county_lookup; census_confidence_below_0_93; census_score_below_0_97; missing_census_matched_address; matched_address_missing_provider_zip5; matched_address_missing_number,False
451333,2024,assign_county,,,,"Accepted report-only institutional-anchor CMS provider geocode: external provider row confirmed by exact Census geographies address match to  () for provider 451333 fiscal year 2024. Institutional source promotion remains blocked by source-maturity, leakage, and model-impact gates.",/Users/coryseidel/PersonalProjects/IdeaTests/LandInvest/output/institutional_anchor_provider_geocode_census_candidates.csv,external_census_exact_confirmed,2026-06-04T14:02:28.324990+00:00,MARTIN COUNTY HOSPITAL,TX,STANTON,79782,610 N. SAINT PETER STREET,external_geocode_required,unresolved_after_census_batch,,,,,held_or_rejected,not_external_census_candidate_ready_status; not_provider_original_attempt; census_match_status_not_match; census_match_type_not_exact; census_fips_not_in_county_lookup; census_confidence_below_0_93; census_score_below_0_97; missing_census_matched_address; matched_address_missing_provider_zip5; matched_address_missing_number,False
051330,2024,assign_county,06049,"Modoc County, California",0.93,"Accepted report-only institutional-anchor CMS provider geocode: external provider row confirmed by exact Census geographies address match to Modoc County, California (06049) for provider 051330 fiscal year 2024. Institutional source promotion remains blocked by source-maturity, leakage, and model-impact gates.",/Users/coryseidel/PersonalProjects/IdeaTests/LandInvest/output/institutional_anchor_provider_geocode_census_candidates.csv,external_census_exact_confirmed,2026-06-04T14:02:28.324990+00:00,MODOC MEDICAL CENTER,CA,ALTURAS,96101,1111 N NAGLE STREET,external_geocode_required,external_census_candidate_ready,Exact,"1111 N NAGLE ST, ALTURAS, CA, 96101",0.97,provider_original,accepted,,False
251300,2023,assign_county,28123,"Scott County, Mississippi",0.89,"Accepted report-only institutional-anchor CMS provider geocode: external provider row confirmed by exact Census geographies address match to Scott County, Mississippi (28123) for provider 251300 fiscal year 2023. Institutional source promotion remains blocked by source-maturity, leakage, and model-impact gates.",/Users/coryseidel/PersonalProjects/IdeaTests/LandInvest/output/institutional_anchor_provider_geocode_census_candidates.csv,external_census_exact_confirmed,2026-06-04T14:02:28.324990+00:00,S.E. LACKEY MEMORIAL HOSPITAL,MS,FOREST,39074,330 NORTH BROAD STEET,external_geocode_required,external_census_context_only,Non_Exact,"330 N BROAD ST, FOREST, MS, 39074",0.88,provider_original,held_or_rejected,not_external_census_candidate_ready_status; census_match_type_not_exact; census_confidence_below_0_93; census_score_below_0_97,False
193067,2024,assign_county,22053,"Jefferson Davis Parish, Louisiana",0.93,"Accepted report-only institutional-anchor CMS provider geocode: external provider row confirmed by exact Census geographies address match to Jefferson Davis Parish, Louisiana (22053) for provider 193067 fiscal year 2024. Institutional source promotion remains blocked by source-maturity, leakage, and model-impact gates.",/Users/coryseidel/PersonalProjects/IdeaTests/LandInvest/output/institutional_anchor_provider_geocode_census_candidates.csv,external_census_exact_confirmed,2026-06-04T14:02:28.324990+00:00,REHAB HOSPITAL OF JENNINGS,LA,JENNINGS,70546,1 HOSPITAL DRIVE SUITE 1,external_geocode_required,external_census_candidate_ready,Exact,"1 HOSPITAL DR, JENNINGS, LA, 70546",0.97,provider_original,accepted,,False
170109,2023,assign_county,20121,"Miami County, Kansas",0.93,"Accepted report-only institutional-anchor CMS provider geocode: external provider row confirmed by exact Census geographies address match to Miami County, Kansas (20121) for provider 170109 fiscal year 2023. Institutional source promotion remains blocked by source-maturity, leakage, and model-impact gates.",/Users/coryseidel/PersonalProjects/IdeaTests/LandInvest/output/institutional_anchor_provider_geocode_census_candidates.csv,external_census_exact_confirmed,2026-06-04T14:02:28.324990+00:00,MIAMI COUNTY MEDICAL CENTER,KS,PAOLA,66071,2100 BAPTISTE DR,external_geocode_required,external_census_candidate_ready,Exact,"2100 BAPTISTE DR, PAOLA, KS, 66071",0.97,provider_original,accepted,,False
321307,2024,assign_county,35007,"Colfax County, New Mexico",0.93,"Accepted report-only institutional-anchor CMS provider geocode: external provider row confirmed by exact Census geographies address match to Colfax County, New Mexico (35007) for provider 321307 fiscal year 2024. Institutional source promotion remains blocked by source-maturity, leakage, and model-impact gates.",/Users/coryseidel/PersonalProjects/IdeaTests/LandInvest/output/institutional_anchor_provider_geocode_census_candidates.csv,external_census_exact_confirmed,2026-06-04T14:02:28.324990+00:00,MINER OF COLFAX MEDICAL CENTER,NM,RATON,87740,200 HOSPITAL DRIVE,external_geocode_required,external_census_candidate_ready,Exact,"200 HOSPITAL DR, RATON, NM, 87740",0.97,provider_original,accepted,,False
011302,2023,assign_county,01059,"Franklin County, Alabama",0.93,"Accepted report-only institutional-anchor CMS provider geocode: external provider row confirmed by exact Census geographies address match to Franklin County, Alabama (01059) for provider 011302 fiscal year 2023. Institutional source promotion remains blocked by source-maturity, leakage, and model-impact gates.",/Users/coryseidel/PersonalProjects/IdeaTests/LandInvest/output/institutional_anchor_provider_geocode_census_candidates.csv,external_census_exact_confirmed,2026-06-04T14:02:28.324990+00:00,RED BAY HOSPITAL,AL,RED BAY,35582,211 HOSPITAL ROAD,external_geocode_required,external_census_candidate_ready,Exact,"211 HOSPITAL RD, RED BAY, AL, 35582",0.97,provider_original,accepted,,False
101311,2023,assign_county,12079,"Madison County, Florida",0.93,"Accepted report-only institutional-anchor CMS provider geocode: external provider row confirmed by exact Census geographies address match to Madison County, Florida (12079) for provider 101311 fiscal year 2023. Institutional source promotion remains blocked by source-maturity, leakage, and model-impact gates.",/Users/coryseidel/PersonalProjects/IdeaTests/LandInvest/output/institutional_anchor_provider_geocode_census_candidates.csv,external_census_exact_confirmed,2026-06-04T14:02:28.324990+00:00,MADISON MEMORIAL HOSPITAL,FL,MADISON,32340,224 NW CRANE AVENUE,external_geocode_required,external_census_candidate_ready,Exact,"224 NW CRANE AVE, MADISON, FL, 32340",0.97,provider_original,accepted,,False
110111,2023,assign_county,13189,"McDuffie County, Georgia",0.89,"Accepted report-only institutional-anchor CMS provider geocode: external provider row confirmed by exact Census geographies address match to McDuffie County, Georgia (13189) for provider 110111 fiscal year 2023. Institutional source promotion remains blocked by source-maturity, leakage, and model-impact gates.",/Users/coryseidel/PersonalProjects/IdeaTests/LandInvest/output/institutional_anchor_provider_geocode_census_candidates.csv,external_census_exact_confirmed,2026-06-04T14:02:28.324990+00:00,UNIVERSITY HOSPITAL MCDUFFIE,GA,THOMSON,30824,2460 WASHINGTON RD NE,external_geocode_required,external_census_context_only,Non_Exact,"2460 WASHINGTON RD, THOMSON, GA, 30824",0.88,provider_original,held_or_rejected,not_external_census_candidate_ready_status; census_match_type_not_exact; census_confidence_below_0_93; census_score_below_0_97,False
110111,2024,assign_county,13189,"McDuffie County, Georgia",0.89,"Accepted report-only institutional-anchor CMS provider geocode: external provider row confirmed by exact Census geographies address match to McDuffie County, Georgia (13189) for provider 110111 fiscal year 2024. Institutional source promotion remains blocked by source-maturity, leakage, and model-impact gates.",/Users/coryseidel/PersonalProjects/IdeaTests/LandInvest/output/institutional_anchor_provider_geocode_census_candidates.csv,external_census_exact_confirmed,2026-06-04T14:02:28.324990+00:00,UNIVERSITY HOSPITAL MCDUFFIE,GA,THOMSON,30824,2460 WASHINGTON RD NE,external_geocode_required,external_census_context_only,Non_Exact,"2460 WASHINGTON RD, THOMSON, GA, 30824",0.88,provider_original,held_or_rejected,not_external_census_candidate_ready_status; census_match_type_not_exact; census_confidence_below_0_93; census_score_below_0_97,False
140167,2023,assign_county,17075,"Iroquois County, Illinois",0.89,"Accepted report-only institutional-anchor CMS provider geocode: external provider row confirmed by exact Census geographies address match to Iroquois County, Illinois (17075) for provider 140167 fiscal year 2023. Institutional source promotion remains blocked by source-maturity, leakage, and model-impact gates.",/Users/coryseidel/PersonalProjects/IdeaTests/LandInvest/output/institutional_anchor_provider_geocode_census_candidates.csv,external_census_exact_confirmed,2026-06-04T14:02:28.324990+00:00,IROQUOIS MEMORIAL HOSPITAL,IL,WATSEKA,60970,200 FAIRMAN AVENUE,external_geocode_required,external_census_context_only,Non_Exact,"200 E FAIRMAN AVE, WATSEKA, IL, 60970",0.88,provider_original,held_or_rejected,not_external_census_candidate_ready_status; census_match_type_not_exact; census_confidence_below_0_93; census_score_below_0_97,False
141353,2023,assign_county,17075,"Iroquois County, Illinois",0.89,"Accepted report-only institutional-anchor CMS provider geocode: external provider row confirmed by exact Census geographies address match to Iroquois County, Illinois (17075) for provider 141353 fiscal year 2023. Institutional source promotion remains blocked by source-maturity, leakage, and model-impact gates.",/Users/coryseidel/PersonalProjects/IdeaTests/LandInvest/output/institutional_anchor_provider_geocode_census_candidates.csv,external_census_exact_confirmed,2026-06-04T14:02:28.324990+00:00,IROQUOIS MEMORIAL HOSPITAL,IL,WATSEKA,60970,200 FAIRMAN AVENUE,external_geocode_required,external_census_context_only,Non_Exact,"200 E FAIRMAN AVE, WATSEKA, IL, 60970",0.88,provider_original,held_or_rejected,not_external_census_candidate_ready_status; census_match_type_not_exact; census_confidence_below_0_93; census_score_below_0_97,False
171353,2024,assign_county,20147,"Phillips County, Kansas",0.93,"Accepted report-only institutional-anchor CMS provider geocode: external provider row confirmed by exact Census geographies address match to Phillips County, Kansas (20147) for provider 171353 fiscal year 2024. Institutional source promotion remains blocked by source-maturity, leakage, and model-impact gates.",/Users/coryseidel/PersonalProjects/IdeaTests/LandInvest/output/institutional_anchor_provider_geocode_census_candidates.csv,external_census_exact_confirmed,2026-06-04T14:02:28.324990+00:00,PHILLIPS COUNTY HOSPITAL,KS,PHILLIPSBURG,67661,1150 STATE ST,external_geocode_required,external_census_candidate_ready,Exact,"1150 STATE ST, PHILLIPSBURG, KS, 67661",0.97,provider_original,accepted,,False
181331,2024,assign_county,,,,"Accepted report-only institutional-anchor CMS provider geocode: external provider row confirmed by exact Census geographies address match to  () for provider 181331 fiscal year 2024. Institutional source promotion remains blocked by source-maturity, leakage, and model-impact gates.",/Users/coryseidel/PersonalProjects/IdeaTests/LandInvest/output/institutional_anchor_provider_geocode_census_candidates.csv,external_census_exact_confirmed,2026-06-04T14:02:28.324990+00:00,MCDOWELL ARH,KY,MCDOWELL,41647,9879 ROUTE 122,external_geocode_required,unresolved_after_census_batch,,,,,held_or_rejected,not_external_census_candidate_ready_status; not_provider_original_attempt; census_match_status_not_match; census_match_type_not_exact; census_fips_not_in_county_lookup; census_confidence_below_0_93; census_score_below_0_97; missing_census_matched_address; matched_address_missing_provider_zip5; matched_address_missing_number,False
191317,2023,assign_county,22049,"Jackson Parish, Louisiana",0.93,"Accepted report-only institutional-anchor CMS provider geocode: external provider row confirmed by exact Census geographies address match to Jackson Parish, Louisiana (22049) for provider 191317 fiscal year 2023. Institutional source promotion remains blocked by source-maturity, leakage, and model-impact gates.",/Users/coryseidel/PersonalProjects/IdeaTests/LandInvest/output/institutional_anchor_provider_geocode_census_candidates.csv,external_census_exact_confirmed,2026-06-04T14:02:28.324990+00:00,JACKSON PARISH HOSPITAL,LA,JONESBORO,71251,165 BEECH SPRINGS ROAD,external_geocode_required,external_census_candidate_ready,Exact,"165 BEECH SPRINGS RD, JONESBORO, LA, 71251",0.97,provider_original,accepted,,False
271304,2023,assign_county,30015,"Chouteau County, Montana",0.93,"Accepted report-only institutional-anchor CMS provider geocode: external provider row confirmed by exact Census geographies address match to Chouteau County, Montana (30015) for provider 271304 fiscal year 2023. Institutional source promotion remains blocked by source-maturity, leakage, and model-impact gates.",/Users/coryseidel/PersonalProjects/IdeaTests/LandInvest/output/institutional_anchor_provider_geocode_census_candidates.csv,external_census_exact_confirmed,2026-06-04T14:02:28.324990+00:00,BMRMC,MT,FORT BENTON,59442,1501 ST CHARLES STREET,external_geocode_required,external_census_candidate_ready,Exact,"1501 SAINT CHARLES ST, FORT BENTON, MT, 59442",0.97,provider_original,accepted,,False
341317,2023,assign_county,,,,"Accepted report-only institutional-anchor CMS provider geocode: external provider row confirmed by exact Census geographies address match to  () for provider 341317 fiscal year 2023. Institutional source promotion remains blocked by source-maturity, leakage, and model-impact gates.",/Users/coryseidel/PersonalProjects/IdeaTests/LandInvest/output/institutional_anchor_provider_geocode_census_candidates.csv,external_census_exact_confirmed,2026-06-04T14:02:28.324990+00:00,LIFEBRITE COMM HOSP OF STOKES,NC,DANBURY,27016,1570 NC 8 & 89 HWY N,external_geocode_required,unresolved_after_census_batch,,,,,held_or_rejected,not_external_census_candidate_ready_status; not_provider_original_attempt; census_match_status_not_match; census_match_type_not_exact; census_fips_not_in_county_lookup; census_confidence_below_0_93; census_score_below_0_97; missing_census_matched_address; matched_address_missing_provider_zip5; matched_address_missing_number,False
291311,2023,assign_county,32023,"Nye County, Nevada",0.89,"Accepted report-only institutional-anchor CMS provider geocode: external provider row confirmed by exact Census geographies address match to Nye County, Nevada (32023) for provider 291311 fiscal year 2023. Institutional source promotion remains blocked by source-maturity, leakage, and model-impact gates.",/Users/coryseidel/PersonalProjects/IdeaTests/LandInvest/output/institutional_anchor_provider_geocode_census_candidates.csv,external_census_exact_confirmed,2026-06-04T14:02:28.324990+00:00,DESERT VIEW REGIONAL MEDICAL CENTER,NV,PAHRUMP,89048,360 S LOLA LANE,external_geocode_required,external_census_context_only,Non_Exact,"360 LOLA, PAHRUMP, NV, 89048",0.88,provider_original,held_or_rejected,not_external_census_candidate_ready_status; census_match_type_not_exact; census_confidence_below_0_93; census_score_below_0_97,False
291302,2024,assign_county,32033,"White Pine County, Nevada",0.93,"Accepted report-only institutional-anchor CMS provider geocode: external provider row confirmed by exact Census geographies address match to White Pine County, Nevada (32033) for provider 291302 fiscal year 2024. Institutional source promotion remains blocked by source-maturity, leakage, and model-impact gates.",/Users/coryseidel/PersonalProjects/IdeaTests/LandInvest/output/institutional_anchor_provider_geocode_census_candidates.csv,external_census_exact_confirmed,2026-06-04T14:02:28.324990+00:00,WILLIAM BEE RIRIE HOSPITAL,NV,ELY,89301,1500 AVENUE G,external_geocode_required,external_census_candidate_ready,Exact,"1500 AVE G, ELY, NV, 89301",0.97,provider_original,accepted,,False
361321,2023,assign_county,39013,"Belmont County, Ohio",0.93,"Accepted report-only institutional-anchor CMS provider geocode: external provider row confirmed by exact Census geographies address match to Belmont County, Ohio (39013) for provider 361321 fiscal year 2023. Institutional source promotion remains blocked by source-maturity, leakage, and model-impact gates.",/Users/coryseidel/PersonalProjects/IdeaTests/LandInvest/output/institutional_anchor_provider_geocode_census_candidates.csv,external_census_exact_confirmed,2026-06-04T14:02:28.324990+00:00,BARNESVILLE HOSPITAL,OH,BARNESVILLE,43713,639 WEST MAIN STREET,external_geocode_required,external_census_candidate_ready,Exact,"639 W MAIN ST, BARNESVILLE, OH, 43713",0.97,provider_original,accepted,,False
371335,2023,assign_county,40061,"Haskell County, Oklahoma",0.93,"Accepted report-only institutional-anchor CMS provider geocode: external provider row confirmed by exact Census geographies address match to Haskell County, Oklahoma (40061) for provider 371335 fiscal year 2023. Institutional source promotion remains blocked by source-maturity, leakage, and model-impact gates.",/Users/coryseidel/PersonalProjects/IdeaTests/LandInvest/output/institutional_anchor_provider_geocode_census_candidates.csv,external_census_exact_confirmed,2026-06-04T14:02:28.324990+00:00,HASKELL REGIONAL HOSPITAL,OK,STIGLER,74462,401 NW H STREET,external_geocode_required,external_census_candidate_ready,Exact,"401 NW H ST, STIGLER, OK, 74462",0.97,provider_original,accepted,,False
451396,2023,assign_county,48299,"Llano County, Texas",0.89,"Accepted report-only institutional-anchor CMS provider geocode: external provider row confirmed by exact Census geographies address match to Llano County, Texas (48299) for provider 451396 fiscal year 2023. Institutional source promotion remains blocked by source-maturity, leakage, and model-impact gates.",/Users/coryseidel/PersonalProjects/IdeaTests/LandInvest/output/institutional_anchor_provider_geocode_census_candidates.csv,external_census_exact_confirmed,2026-06-04T14:02:28.324990+00:00,MID COAST MEDICAL CENTER-CENTRAL,TX,LLANO,78643,200 N. OLLIE STREET,external_geocode_required,external_census_context_only,Non_Exact,"200 W OLLIE ST, LLANO, TX, 78643",0.88,provider_original,held_or_rejected,not_external_census_candidate_ready_status; census_match_type_not_exact; census_confidence_below_0_93; census_score_below_0_97,False
511310,2024,assign_county,,,,"Accepted report-only institutional-anchor CMS provider geocode: external provider row confirmed by exact Census geographies address match to  () for provider 511310 fiscal year 2024. Institutional source promotion remains blocked by source-maturity, leakage, and model-impact gates.",/Users/coryseidel/PersonalProjects/IdeaTests/LandInvest/output/institutional_anchor_provider_geocode_census_candidates.csv,external_census_exact_confirmed,2026-06-04T14:02:28.324990+00:00,SUMMERS COUNTY ARH,WV,HINTON,25951,TERRACE STREET,external_geocode_required,unresolved_after_census_batch,,,,,held_or_rejected,not_external_census_candidate_ready_status; not_provider_original_attempt; census_match_status_not_match; census_match_type_not_exact; census_fips_not_in_county_lookup; census_confidence_below_0_93; census_score_below_0_97; missing_census_matched_address; matched_address_missing_provider_zip5; provider_street_missing_number; matched_address_missing_number,False
370015,2024,assign_county,40097,"Mayes County, Oklahoma",0.89,"Accepted report-only institutional-anchor CMS provider geocode: external provider row confirmed by exact Census geographies address match to Mayes County, Oklahoma (40097) for provider 370015 fiscal year 2024. Institutional source promotion remains blocked by source-maturity, leakage, and model-impact gates.",/Users/coryseidel/PersonalProjects/IdeaTests/LandInvest/output/institutional_anchor_provider_geocode_census_candidates.csv,external_census_exact_confirmed,2026-06-04T14:02:28.324990+00:00,HILLCREST HOSPITAL PRYOR,OK,PRYOR,74361,111 N. BAILEY,external_geocode_required,external_census_context_only,Non_Exact,"111 N BAILEY ST, PRYOR, OK, 74361",0.88,provider_original,held_or_rejected,not_external_census_candidate_ready_status; census_match_type_not_exact; census_confidence_below_0_93; census_score_below_0_97,False
381315,2024,assign_county,41001,"Baker County, Oregon",0.93,"Accepted report-only institutional-anchor CMS provider geocode: external provider row confirmed by exact Census geographies address match to Baker County, Oregon (41001) for provider 381315 fiscal year 2024. Institutional source promotion remains blocked by source-maturity, leakage, and model-impact gates.",/Users/coryseidel/PersonalProjects/IdeaTests/LandInvest/output/institutional_anchor_provider_geocode_census_candidates.csv,external_census_exact_confirmed,2026-06-04T14:02:28.324990+00:00,SAINT ALPHONSUS MEDICAL CENTER BAKER,OR,BAKER CITY,97814,3325 POCAHONTAS RD,external_geocode_required,external_census_candidate_ready,Exact,"3325 POCAHONTAS RD, BAKER CITY, OR, 97814",0.97,provider_original,accepted,,False
670131,2024,assign_county,,,,"Accepted report-only institutional-anchor CMS provider geocode: external provider row confirmed by exact Census geographies address match to  () for provider 670131 fiscal year 2024. Institutional source promotion remains blocked by source-maturity, leakage, and model-impact gates.",/Users/coryseidel/PersonalProjects/IdeaTests/LandInvest/output/institutional_anchor_provider_geocode_census_candidates.csv,external_census_exact_confirmed,2026-06-04T14:02:28.324990+00:00,BAYLOR SCOTT & WHITE - BUDA,TX,BUDA,78610,5330 OVERPASS ROAD SUITE 110,external_geocode_required,unresolved_after_census_batch,,,,,held_or_rejected,not_external_census_candidate_ready_status; not_provider_original_attempt; census_match_status_not_match; census_match_type_not_exact; census_fips_not_in_county_lookup; census_confidence_below_0_93; census_score_below_0_97; missing_census_matched_address; matched_address_missing_provider_zip5; matched_address_missing_number,False
231312,2024,assign_county,26117,"Montcalm County, Michigan",0.93,"Accepted report-only institutional-anchor CMS provider geocode: external provider row confirmed by exact Census geographies address match to Montcalm County, Michigan (26117) for provider 231312 fiscal year 2024. Institutional source promotion remains blocked by source-maturity, leakage, and model-impact gates.",/Users/coryseidel/PersonalProjects/IdeaTests/LandInvest/output/institutional_anchor_provider_geocode_census_candidates.csv,external_census_exact_confirmed,2026-06-04T14:02:28.324990+00:00,SHERIDAN COMMUNITY HOSPITAL,MI,SHERIDAN,48884,301 N MAIN ST,external_geocode_required,external_census_candidate_ready,Exact,"301 N MAIN ST, SHERIDAN, MI, 48884",0.97,provider_original,accepted,,False
351303,2024,assign_county,38055,"McLean County, North Dakota",0.93,"Accepted report-only institutional-anchor CMS provider geocode: external provider row confirmed by exact Census geographies address match to McLean County, North Dakota (38055) for provider 351303 fiscal year 2024. Institutional source promotion remains blocked by source-maturity, leakage, and model-impact gates.",/Users/coryseidel/PersonalProjects/IdeaTests/LandInvest/output/institutional_anchor_provider_geocode_census_candidates.csv,external_census_exact_confirmed,2026-06-04T14:02:28.324990+00:00,GARRISON MEMORIAL HOSPITAL,ND,GARRISON,58540,407 3RD AVENUE SE,external_geocode_required,external_census_candidate_ready,Exact,"407 3RD AVE SE, GARRISON, ND, 58540",0.97,provider_original,accepted,,False
371338,2024,assign_county,40057,"Harmon County, Oklahoma",0.89,"Accepted report-only institutional-anchor CMS provider geocode: external provider row confirmed by exact Census geographies address match to Harmon County, Oklahoma (40057) for provider 371338 fiscal year 2024. Institutional source promotion remains blocked by source-maturity, leakage, and model-impact gates.",/Users/coryseidel/PersonalProjects/IdeaTests/LandInvest/output/institutional_anchor_provider_geocode_census_candidates.csv,external_census_exact_confirmed,2026-06-04T14:02:28.324990+00:00,HARMON MEMORIAL HOSPITAL,OK,HOLLIS,73550,400 EAST CHESTNUT,external_geocode_required,external_census_context_only,Non_Exact,"400 E CHESTNUT ST, HOLLIS, OK, 73550",0.88,provider_original,held_or_rejected,not_external_census_candidate_ready_status; census_match_type_not_exact; census_confidence_below_0_93; census_score_below_0_97,False
271328,2023,assign_county,30101,"Toole County, Montana",0.93,"Accepted report-only institutional-anchor CMS provider geocode: external provider row confirmed by exact Census geographies address match to Toole County, Montana (30101) for provider 271328 fiscal year 2023. Institutional source promotion remains blocked by source-maturity, leakage, and model-impact gates.",/Users/coryseidel/PersonalProjects/IdeaTests/LandInvest/output/institutional_anchor_provider_geocode_census_candidates.csv,external_census_exact_confirmed,2026-06-04T14:02:28.324990+00:00,LOGAN HEALTH SHELBY,MT,SHELBY,59474,640 PARK DRIVE,external_geocode_required,external_census_candidate_ready,Exact,"640 PARK DR, SHELBY, MT, 59474",0.97,provider_original,accepted,,False
451331,2024,assign_county,48205,"Hartley County, Texas",0.89,"Accepted report-only institutional-anchor CMS provider geocode: external provider row confirmed by exact Census geographies address match to Hartley County, Texas (48205) for provider 451331 fiscal year 2024. Institutional source promotion remains blocked by source-maturity, leakage, and model-impact gates.",/Users/coryseidel/PersonalProjects/IdeaTests/LandInvest/output/institutional_anchor_provider_geocode_census_candidates.csv,external_census_exact_confirmed,2026-06-04T14:02:28.324990+00:00,COON MEMORIAL HOSPITAL,TX,DALHART,79022,1411 DENVER,external_geocode_required,external_census_context_only,Non_Exact,"1411 DENVER AVE, DALHART, TX, 79022",0.88,provider_original,held_or_rejected,not_external_census_candidate_ready_status; census_match_type_not_exact; census_confidence_below_0_93; census_score_below_0_97,False
191325,2024,assign_county,22057,"Lafourche Parish, Louisiana",0.93,"Accepted report-only institutional-anchor CMS provider geocode: external provider row confirmed by exact Census geographies address match to Lafourche Parish, Louisiana (22057) for provider 191325 fiscal year 2024. Institutional source promotion remains blocked by source-maturity, leakage, and model-impact gates.",/Users/coryseidel/PersonalProjects/IdeaTests/LandInvest/output/institutional_anchor_provider_geocode_census_candidates.csv,external_census_exact_confirmed,2026-06-04T14:02:28.324990+00:00,LADY OF SEA HOSPTAL,LA,CUT OFF,70345,200 WEST 134TH PLACE,external_geocode_required,external_census_candidate_ready,Exact,"200 W 134TH PL, CUT OFF, LA, 70345",0.97,provider_original,accepted,,False
061313,2023,assign_county,08063,"Kit Carson County, Colorado",0.93,"Accepted report-only institutional-anchor CMS provider geocode: external provider row confirmed by exact Census geographies address match to Kit Carson County, Colorado (08063) for provider 061313 fiscal year 2023. Institutional source promotion remains blocked by source-maturity, leakage, and model-impact gates.",/Users/coryseidel/PersonalProjects/IdeaTests/LandInvest/output/institutional_anchor_provider_geocode_census_candidates.csv,external_census_exact_confirmed,2026-06-04T14:02:28.324990+00:00,KIT CARSON COUNTY MEMORIAL HOSPITAL,CO,BURLINGTON,80807,286 16TH STREET,external_geocode_required,external_census_candidate_ready,Exact,"286 16TH ST, BURLINGTON, CO, 80807",0.97,provider_original,accepted,,False
521302,2023,assign_county,55121,"Trempealeau County, Wisconsin",0.93,"Accepted report-only institutional-anchor CMS provider geocode: external provider row confirmed by exact Census geographies address match to Trempealeau County, Wisconsin (55121) for provider 521302 fiscal year 2023. Institutional source promotion remains blocked by source-maturity, leakage, and model-impact gates.",/Users/coryseidel/PersonalProjects/IdeaTests/LandInvest/output/institutional_anchor_provider_geocode_census_candidates.csv,external_census_exact_confirmed,2026-06-04T14:02:28.324990+00:00,MCHS OAKRIDGE,WI,OSSEO,54758,13025 8TH STREET,external_geocode_required,external_census_candidate_ready,Exact,"13025 8TH ST, OSSEO, WI, 54758",0.97,provider_original,accepted,,False
021305,2023,assign_county,02275,"Wrangell City and Borough, Alaska",0.93,"Accepted report-only institutional-anchor CMS provider geocode: external provider row confirmed by exact Census geographies address match to Wrangell City and Borough, Alaska (02275) for provider 021305 fiscal year 2023. Institutional source promotion remains blocked by source-maturity, leakage, and model-impact gates.",/Users/coryseidel/PersonalProjects/IdeaTests/LandInvest/output/institutional_anchor_provider_geocode_census_candidates.csv,external_census_exact_confirmed,2026-06-04T14:02:28.324990+00:00,WRANGELL MEDICAL CENTER,AK,WRANGELL,99929,310 BENNETT STREET,external_geocode_required,external_census_candidate_ready,Exact,"310 BENNETT ST, WRANGELL, AK, 99929",0.97,provider_original,accepted,,False
390104,2024,assign_county,,,,"Accepted report-only institutional-anchor CMS provider geocode: external provider row confirmed by exact Census geographies address match to  () for provider 390104 fiscal year 2024. Institutional source promotion remains blocked by source-maturity, leakage, and model-impact gates.",/Users/coryseidel/PersonalProjects/IdeaTests/LandInvest/output/institutional_anchor_provider_geocode_census_candidates.csv,external_census_exact_confirmed,2026-06-04T14:02:28.324990+00:00,UPMC KANE,PA,KANE,16735,4372 ROUTE 6,external_geocode_required,unresolved_after_census_batch,,,,,held_or_rejected,not_external_census_candidate_ready_status; not_provider_original_attempt; census_match_status_not_match; census_match_type_not_exact; census_fips_not_in_county_lookup; census_confidence_below_0_93; census_score_below_0_97; missing_census_matched_address; matched_address_missing_provider_zip5; matched_address_missing_number,False
281302,2024,assign_county,31133,"Pawnee County, Nebraska",0.93,"Accepted report-only institutional-anchor CMS provider geocode: external provider row confirmed by exact Census geographies address match to Pawnee County, Nebraska (31133) for provider 281302 fiscal year 2024. Institutional source promotion remains blocked by source-maturity, leakage, and model-impact gates.",/Users/coryseidel/PersonalProjects/IdeaTests/LandInvest/output/institutional_anchor_provider_geocode_census_candidates.csv,external_census_exact_confirmed,2026-06-04T14:02:28.324990+00:00,PAWNEE COUNTY MEMORIAL HOSPITAL,NE,PAWNEE CITY,68420,600 I STREET,external_geocode_required,external_census_candidate_ready,Exact,"600 I ST, PAWNEE CITY, NE, 68420",0.97,provider_original,accepted,,False
511304,2023,assign_county,54095,"Tyler County, West Virginia",0.93,"Accepted report-only institutional-anchor CMS provider geocode: external provider row confirmed by exact Census geographies address match to Tyler County, West Virginia (54095) for provider 511304 fiscal year 2023. Institutional source promotion remains blocked by source-maturity, leakage, and model-impact gates.",/Users/coryseidel/PersonalProjects/IdeaTests/LandInvest/output/institutional_anchor_provider_geocode_census_candidates.csv,external_census_exact_confirmed,2026-06-04T14:02:28.324990+00:00,SISTERSVILLE GENERAL HOSPITAL,WV,SISTERSVILLE,26175,314 SOUTH WELLS STREET,external_geocode_required,external_census_candidate_ready,Exact,"314 S WELLS ST, SISTERSVILLE, WV, 26175",0.97,provider_original,accepted,,False
061319,2023,assign_county,08065,"Lake County, Colorado",0.93,"Accepted report-only institutional-anchor CMS provider geocode: external provider row confirmed by exact Census geographies address match to Lake County, Colorado (08065) for provider 061319 fiscal year 2023. Institutional source promotion remains blocked by source-maturity, leakage, and model-impact gates.",/Users/coryseidel/PersonalProjects/IdeaTests/LandInvest/output/institutional_anchor_provider_geocode_census_candidates.csv,external_census_exact_confirmed,2026-06-04T14:02:28.324990+00:00,ST VINCENT GENERAL HOSPITAL,CO,LEADVILLE,80461,822 WEST 4TH ST.,external_geocode_required,external_census_candidate_ready,Exact,"822 W 4TH ST, LEADVILLE, CO, 80461",0.97,provider_original,accepted,,False
040156,2023,assign_county,05035,"Crittenden County, Arkansas",0.93,"Accepted report-only institutional-anchor CMS provider geocode: external provider row confirmed by exact Census geographies address match to Crittenden County, Arkansas (05035) for provider 040156 fiscal year 2023. Institutional source promotion remains blocked by source-maturity, leakage, and model-impact gates.",/Users/coryseidel/PersonalProjects/IdeaTests/LandInvest/output/institutional_anchor_provider_geocode_census_candidates.csv,external_census_exact_confirmed,2026-06-04T14:02:28.324990+00:00,BMH-CRITTENDEN,AR,WEST MEMPHIS,72301,2100 NORTH SEVENTH STREET,external_geocode_required,external_census_candidate_ready,Exact,"2100 N 7TH ST, WEST MEMPHIS, AR, 72301",0.97,provider_original,accepted,,False
011306,2024,assign_county,01111,"Randolph County, Alabama",0.89,"Accepted report-only institutional-anchor CMS provider geocode: external provider row confirmed by exact Census geographies address match to Randolph County, Alabama (01111) for provider 011306 fiscal year 2024. Institutional source promotion remains blocked by source-maturity, leakage, and model-impact gates.",/Users/coryseidel/PersonalProjects/IdeaTests/LandInvest/output/institutional_anchor_provider_geocode_census_candidates.csv,external_census_exact_confirmed,2026-06-04T14:02:28.324990+00:00,TANNER MEDICAL CENTER ALABAMA INC.,AL,WEDOWEE,36278,1032 MAIN STREET SOUTH,external_geocode_required,external_census_context_only,Non_Exact,"1032 N MAIN ST, WEDOWEE, AL, 36278",0.88,provider_original,held_or_rejected,not_external_census_candidate_ready_status; census_match_type_not_exact; census_confidence_below_0_93; census_score_below_0_97,False
141303,2024,assign_county,17039,"De Witt County, Illinois",0.93,"Accepted report-only institutional-anchor CMS provider geocode: external provider row confirmed by exact Census geographies address match to De Witt County, Illinois (17039) for provider 141303 fiscal year 2024. Institutional source promotion remains blocked by source-maturity, leakage, and model-impact gates.",/Users/coryseidel/PersonalProjects/IdeaTests/LandInvest/output/institutional_anchor_provider_geocode_census_candidates.csv,external_census_exact_confirmed,2026-06-04T14:02:28.324990+00:00,WARNER HOSPITAL AND HEALTH SERVICES,IL,CLINTON,61727,422 WEST WHITE STREET,external_geocode_required,external_census_candidate_ready,Exact,"422 W WHITE ST, CLINTON, IL, 61727",0.97,provider_original,accepted,,False
171357,2023,assign_county,20115,"Marion County, Kansas",0.89,"Accepted report-only institutional-anchor CMS provider geocode: external provider row confirmed by exact Census geographies address match to Marion County, Kansas (20115) for provider 171357 fiscal year 2023. Institutional source promotion remains blocked by source-maturity, leakage, and model-impact gates.",/Users/coryseidel/PersonalProjects/IdeaTests/LandInvest/output/institutional_anchor_provider_geocode_census_candidates.csv,external_census_exact_confirmed,2026-06-04T14:02:28.324990+00:00,HILLSBORO COMMUNITY HOSPITAL,KS,HILLSBORO,67063,101 INDUSTRIAL BLVD,external_geocode_required,external_census_context_only,Non_Exact,"101 INDUSTRIAL RD, HILLSBORO, KS, 67063",0.88,provider_original,held_or_rejected,not_external_census_candidate_ready_status; census_match_type_not_exact; census_confidence_below_0_93; census_score_below_0_97,False
191326,2023,assign_county,22111,"Union Parish, Louisiana",0.93,"Accepted report-only institutional-anchor CMS provider geocode: external provider row confirmed by exact Census geographies address match to Union Parish, Louisiana (22111) for provider 191326 fiscal year 2023. Institutional source promotion remains blocked by source-maturity, leakage, and model-impact gates.",/Users/coryseidel/PersonalProjects/IdeaTests/LandInvest/output/institutional_anchor_provider_geocode_census_candidates.csv,external_census_exact_confirmed,2026-06-04T14:02:28.324990+00:00,REEVES MEMORIAL MEDICAL CENTER,LA,BERNICE,71222,401 FIRST ST.,external_geocode_required,external_census_candidate_ready,Exact,"401 1ST ST, BERNICE, LA, 71222",0.97,provider_original,accepted,,False
241301,2024,assign_county,,,,"Accepted report-only institutional-anchor CMS provider geocode: external provider row confirmed by exact Census geographies address match to  () for provider 241301 fiscal year 2024. Institutional source promotion remains blocked by source-maturity, leakage, and model-impact gates.",/Users/coryseidel/PersonalProjects/IdeaTests/LandInvest/output/institutional_anchor_provider_geocode_census_candidates.csv,external_census_exact_confirmed,2026-06-04T14:02:28.324990+00:00,LAKEWOOD HEALTH CENTER,MN,BAUDETTE,56623,600 MAIN AVENUE S,external_geocode_required,unresolved_after_census_batch,,,,,held_or_rejected,not_external_census_candidate_ready_status; not_provider_original_attempt; census_match_status_not_match; census_match_type_not_exact; census_fips_not_in_county_lookup; census_confidence_below_0_93; census_score_below_0_97; missing_census_matched_address; matched_address_missing_provider_zip5; matched_address_missing_number,False
371331,2023,assign_county,,,,"Accepted report-only institutional-anchor CMS provider geocode: external provider row confirmed by exact Census geographies address match to  () for provider 371331 fiscal year 2023. Institutional source promotion remains blocked by source-maturity, leakage, and model-impact gates.",/Users/coryseidel/PersonalProjects/IdeaTests/LandInvest/output/institutional_anchor_provider_geocode_census_candidates.csv,external_census_exact_confirmed,2026-06-04T14:02:28.324990+00:00,DRUMRIGHT REGIONAL HOSPITAL,OK,DRUMRIGHT,74030,610 WEST BYPASS,external_geocode_required,unresolved_after_census_batch,,,,,held_or_rejected,not_external_census_candidate_ready_status; not_provider_original_attempt; census_match_status_not_match; census_match_type_not_exact; census_fips_not_in_county_lookup; census_confidence_below_0_93; census_score_below_0_97; missing_census_matched_address; matched_address_missing_provider_zip5; matched_address_missing_number,False
371303,2024,assign_county,,,,"Accepted report-only institutional-anchor CMS provider geocode: external provider row confirmed by exact Census geographies address match to  () for provider 371303 fiscal year 2024. Institutional source promotion remains blocked by source-maturity, leakage, and model-impact gates.",/Users/coryseidel/PersonalProjects/IdeaTests/LandInvest/output/institutional_anchor_provider_geocode_census_candidates.csv,external_census_exact_confirmed,2026-06-04T14:02:28.324990+00:00,ROGER MILLS MEMORIAL HOSPITAL,OK,CHEYENNE,73628,501 SOUTH LL MALES AVENUE,external_geocode_required,unresolved_after_census_batch,,,,,held_or_rejected,not_external_census_candidate_ready_status; not_provider_original_attempt; census_match_status_not_match; census_match_type_not_exact; census_fips_not_in_county_lookup; census_confidence_below_0_93; census_score_below_0_97; missing_census_matched_address; matched_address_missing_provider_zip5; matched_address_missing_number,False
521300,2024,assign_county,55125,"Vilas County, Wisconsin",0.89,"Accepted report-only institutional-anchor CMS provider geocode: external provider row confirmed by exact Census geographies address match to Vilas County, Wisconsin (55125) for provider 521300 fiscal year 2024. Institutional source promotion remains blocked by source-maturity, leakage, and model-impact gates.",/Users/coryseidel/PersonalProjects/IdeaTests/LandInvest/output/institutional_anchor_provider_geocode_census_candidates.csv,external_census_exact_confirmed,2026-06-04T14:02:28.324990+00:00,ASPIRUS EAGLE RIVER HOSPITAL,WI,EAGLE RIVER,54521,201 HOSPITAL ROAD,external_geocode_required,external_census_context_only,Non_Exact,"201 E HOSPITAL RD, EAGLE RIVER, WI, 54521",0.88,provider_original,held_or_rejected,not_external_census_candidate_ready_status; census_match_type_not_exact; census_confidence_below_0_93; census_score_below_0_97,False
670134,2023,assign_county,48199,"Hardin County, Texas",0.93,"Accepted report-only institutional-anchor CMS provider geocode: external provider row confirmed by exact Census geographies address match to Hardin County, Texas (48199) for provider 670134 fiscal year 2023. Institutional source promotion remains blocked by source-maturity, leakage, and model-impact gates.",/Users/coryseidel/PersonalProjects/IdeaTests/LandInvest/output/institutional_anchor_provider_geocode_census_candidates.csv,external_census_exact_confirmed,2026-06-04T14:02:28.324990+00:00,LUMBERTON HOSPITAL LLC,TX,LUMBERTON,77657,220 BLANCO ST,external_geocode_required,external_census_candidate_ready,Exact,"220 BLANCO ST, LUMBERTON, TX, 77657",0.97,provider_original,accepted,,False
491309,2024,assign_county,51105,"Lee County, Virginia",0.93,"Accepted report-only institutional-anchor CMS provider geocode: external provider row confirmed by exact Census geographies address match to Lee County, Virginia (51105) for provider 491309 fiscal year 2024. Institutional source promotion remains blocked by source-maturity, leakage, and model-impact gates.",/Users/coryseidel/PersonalProjects/IdeaTests/LandInvest/output/institutional_anchor_provider_geocode_census_candidates.csv,external_census_exact_confirmed,2026-06-04T14:02:28.324990+00:00,LEE COUNTY COMMUNITY HOSPITAL,VA,PENNINGTON GAP,24277,127 HEALTH CARE DR,external_geocode_required,external_census_candidate_ready,Exact,"127 HEALTH CARE DR, PENNINGTON GAP, VA, 24277",0.97,provider_original,accepted,,False
670285,2023,assign_county,,,,"Accepted report-only institutional-anchor CMS provider geocode: external provider row confirmed by exact Census geographies address match to  () for provider 670285 fiscal year 2023. Institutional source promotion remains blocked by source-maturity, leakage, and model-impact gates.",/Users/coryseidel/PersonalProjects/IdeaTests/LandInvest/output/institutional_anchor_provider_geocode_census_candidates.csv,external_census_exact_confirmed,2026-06-04T14:02:28.324990+00:00,KINGWOOD EMERGENCY HOSPITAL,TX,KINGWOOD,77339,23330 HIGHWAY 59 N,external_geocode_required,unresolved_after_census_batch,,,,,held_or_rejected,not_external_census_candidate_ready_status; not_provider_original_attempt; census_match_status_not_match; census_match_type_not_exact; census_fips_not_in_county_lookup; census_confidence_below_0_93; census_score_below_0_97; missing_census_matched_address; matched_address_missing_provider_zip5; matched_address_missing_number,False
190302,2023,assign_county,22051,"Jefferson Parish, Louisiana",0.93,"Accepted report-only institutional-anchor CMS provider geocode: external provider row confirmed by exact Census geographies address match to Jefferson Parish, Louisiana (22051) for provider 190302 fiscal year 2023. Institutional source promotion remains blocked by source-maturity, leakage, and model-impact gates.",/Users/coryseidel/PersonalProjects/IdeaTests/LandInvest/output/institutional_anchor_provider_geocode_census_candidates.csv,external_census_exact_confirmed,2026-06-04T14:02:28.324990+00:00,OMEGA HOSPITAL LLC,LA,METAIRIE,70002,2525 SEVERN AVENUE,external_geocode_required,external_census_candidate_ready,Exact,"2525 SEVERN AVE, METAIRIE, LA, 70002",0.97,provider_original,accepted,,False
131308,2023,assign_county,16085,"Valley County, Idaho",0.93,"Accepted report-only institutional-anchor CMS provider geocode: external provider row confirmed by exact Census geographies address match to Valley County, Idaho (16085) for provider 131308 fiscal year 2023. Institutional source promotion remains blocked by source-maturity, leakage, and model-impact gates.",/Users/coryseidel/PersonalProjects/IdeaTests/LandInvest/output/institutional_anchor_provider_geocode_census_candidates.csv,external_census_exact_confirmed,2026-06-04T14:02:28.324990+00:00,CASCADE MEDICAL CENTER,ID,CASCADE,83611,402 OLD STATE HIGHWAY,external_geocode_required,external_census_candidate_ready,Exact,"402 OLD STATE HWY, CASCADE, ID, 83611",0.97,provider_original,accepted,,False
190779,2024,assign_county,22007,"Assumption Parish, Louisiana",0.93,"Accepted report-only institutional-anchor CMS provider geocode: external provider row confirmed by exact Census geographies address match to Assumption Parish, Louisiana (22007) for provider 190779 fiscal year 2024. Institutional source promotion remains blocked by source-maturity, leakage, and model-impact gates.",/Users/coryseidel/PersonalProjects/IdeaTests/LandInvest/output/institutional_anchor_provider_geocode_census_candidates.csv,external_census_exact_confirmed,2026-06-04T14:02:28.324990+00:00,OUR LADY OF THE LAKE ASSUMPTION COM,LA,NAPOLEONVILLE,70390,135 HIGHWAY 402,external_geocode_required,external_census_candidate_ready,Exact,"135 HWY 402, NAPOLEONVILLE, LA, 70390",0.97,provider_original,accepted,,False
191303,2023,assign_county,22007,"Assumption Parish, Louisiana",0.93,"Accepted report-only institutional-anchor CMS provider geocode: external provider row confirmed by exact Census geographies address match to Assumption Parish, Louisiana (22007) for provider 191303 fiscal year 2023. Institutional source promotion remains blocked by source-maturity, leakage, and model-impact gates.",/Users/coryseidel/PersonalProjects/IdeaTests/LandInvest/output/institutional_anchor_provider_geocode_census_candidates.csv,external_census_exact_confirmed,2026-06-04T14:02:28.324990+00:00,OUR LADY OF THE LAKE ASSUMPTION COM,LA,NAPOLEONVILLE,70390,135 HIGHWAY 402,external_geocode_required,external_census_candidate_ready,Exact,"135 HWY 402, NAPOLEONVILLE, LA, 70390",0.97,provider_original,accepted,,False
014006,2023,assign_county,01055,"Etowah County, Alabama",0.89,"Accepted report-only institutional-anchor CMS provider geocode: external provider row confirmed by exact Census geographies address match to Etowah County, Alabama (01055) for provider 014006 fiscal year 2023. Institutional source promotion remains blocked by source-maturity, leakage, and model-impact gates.",/Users/coryseidel/PersonalProjects/IdeaTests/LandInvest/output/institutional_anchor_provider_geocode_census_candidates.csv,external_census_exact_confirmed,2026-06-04T14:02:28.324990+00:00,MOUNTAIN VIEW HOSPITAL,AL,GADSEN,35904,3001 SCENIC HWY,external_geocode_required,external_census_context_only,Non_Exact,"3001 SCENIC HWY, GADSDEN, AL, 35904",0.88,provider_original,held_or_rejected,not_external_census_candidate_ready_status; census_match_type_not_exact; census_confidence_below_0_93; census_score_below_0_97,False
044021,2023,assign_county,05035,"Crittenden County, Arkansas",0.93,"Accepted report-only institutional-anchor CMS provider geocode: external provider row confirmed by exact Census geographies address match to Crittenden County, Arkansas (05035) for provider 044021 fiscal year 2023. Institutional source promotion remains blocked by source-maturity, leakage, and model-impact gates.",/Users/coryseidel/PersonalProjects/IdeaTests/LandInvest/output/institutional_anchor_provider_geocode_census_candidates.csv,external_census_exact_confirmed,2026-06-04T14:02:28.324990+00:00,WOODRIDGE OF WEST MEMPHIS LLC,AR,WEST MEMPHIS,72301,600 NORTH 7TH STREET,external_geocode_required,external_census_candidate_ready,Exact,"600 N 7TH ST, WEST MEMPHIS, AR, 72301",0.97,provider_original,accepted,,False
194118,2023,assign_county,22079,"Rapides Parish, Louisiana",0.89,"Accepted report-only institutional-anchor CMS provider geocode: external provider row confirmed by exact Census geographies address match to Rapides Parish, Louisiana (22079) for provider 194118 fiscal year 2023. Institutional source promotion remains blocked by source-maturity, leakage, and model-impact gates.",/Users/coryseidel/PersonalProjects/IdeaTests/LandInvest/output/institutional_anchor_provider_geocode_census_candidates.csv,external_census_exact_confirmed,2026-06-04T14:02:28.324990+00:00,MERCY BEHAVIORAL HOSPITAL,LA,LECOMPTE,71346,2810 US HIGHWAY 71 S,external_geocode_required,external_census_context_only,Non_Exact,"2810 US HWY 71, LECOMPTE, LA, 71346",0.88,provider_original,held_or_rejected,not_external_census_candidate_ready_status; census_match_type_not_exact; census_confidence_below_0_93; census_score_below_0_97,False
244016,2023,assign_county,,,,"Accepted report-only institutional-anchor CMS provider geocode: external provider row confirmed by exact Census geographies address match to  () for provider 244016 fiscal year 2023. Institutional source promotion remains blocked by source-maturity, leakage, and model-impact gates.",/Users/coryseidel/PersonalProjects/IdeaTests/LandInvest/output/institutional_anchor_provider_geocode_census_candidates.csv,external_census_exact_confirmed,2026-06-04T14:02:28.324990+00:00,PRAIRIECARE,MN,BROOKLYN PARK,55443,9400 ZANE AVE N,external_geocode_required,unresolved_after_census_batch,,,,,held_or_rejected,not_external_census_candidate_ready_status; not_provider_original_attempt; census_match_status_not_match; census_match_type_not_exact; census_fips_not_in_county_lookup; census_confidence_below_0_93; census_score_below_0_97; missing_census_matched_address; matched_address_missing_provider_zip5; matched_address_missing_number,False
264020,2024,assign_county,29083,"Henry County, Missouri",0.89,"Accepted report-only institutional-anchor CMS provider geocode: external provider row confirmed by exact Census geographies address match to Henry County, Missouri (29083) for provider 264020 fiscal year 2024. Institutional source promotion remains blocked by source-maturity, leakage, and model-impact gates.",/Users/coryseidel/PersonalProjects/IdeaTests/LandInvest/output/institutional_anchor_provider_geocode_census_candidates.csv,external_census_exact_confirmed,2026-06-04T14:02:28.324990+00:00,ROYAL OAKS HOSPITAL,MO,WINDSOR,65360,307 NORTH MAIN,external_geocode_required,external_census_context_only,Non_Exact,"307 N MAIN ST, WINDSOR, MO, 65360",0.88,provider_original,held_or_rejected,not_external_census_candidate_ready_status; census_match_type_not_exact; census_confidence_below_0_93; census_score_below_0_97,False
334067,2024,assign_county,36081,"Queens County, New York",0.93,"Accepted report-only institutional-anchor CMS provider geocode: external provider row confirmed by exact Census geographies address match to Queens County, New York (36081) for provider 334067 fiscal year 2024. Institutional source promotion remains blocked by source-maturity, leakage, and model-impact gates.",/Users/coryseidel/PersonalProjects/IdeaTests/LandInvest/output/institutional_anchor_provider_geocode_census_candidates.csv,external_census_exact_confirmed,2026-06-04T14:02:28.324990+00:00,NEW YORK CITY CHILDRENS PHYSCH CTR,NY,BELLEROSE,11426,7403 COMMONWEALTH BLVD,external_geocode_required,external_census_candidate_ready,Exact,"74-03 COMMONWEALTH BLVD, BELLEROSE, NY, 11426",0.97,provider_original,accepted,,False
334064,2024,assign_county,36103,"Suffolk County, New York",0.93,"Accepted report-only institutional-anchor CMS provider geocode: external provider row confirmed by exact Census geographies address match to Suffolk County, New York (36103) for provider 334064 fiscal year 2024. Institutional source promotion remains blocked by source-maturity, leakage, and model-impact gates.",/Users/coryseidel/PersonalProjects/IdeaTests/LandInvest/output/institutional_anchor_provider_geocode_census_candidates.csv,external_census_exact_confirmed,2026-06-04T14:02:28.324990+00:00,SAGAMORE CHILDRENS PSYCH CTR,NY,DIX HILLS,11746,197 HALF HOLLOW ROAD,external_geocode_required,external_census_candidate_ready,Exact,"197 HALF HOLLOW RD, DIX HILLS, NY, 11746",0.97,provider_original,accepted,,False
334065,2024,assign_county,36029,"Erie County, New York",0.93,"Accepted report-only institutional-anchor CMS provider geocode: external provider row confirmed by exact Census geographies address match to Erie County, New York (36029) for provider 334065 fiscal year 2024. Institutional source promotion remains blocked by source-maturity, leakage, and model-impact gates.",/Users/coryseidel/PersonalProjects/IdeaTests/LandInvest/output/institutional_anchor_provider_geocode_census_candidates.csv,external_census_exact_confirmed,2026-06-04T14:02:28.324990+00:00,WESTERN NY CHILDRENS PSYCH CTR,NY,WEST SENECA,14224,1010 EAST AND WEST ROAD,external_geocode_required,external_census_candidate_ready,Exact,"1010 E AND WEST RD, WEST SENECA, NY, 14224",0.97,provider_original,accepted,,False
364067,2023,assign_county,39035,"Cuyahoga County, Ohio",0.93,"Accepted report-only institutional-anchor CMS provider geocode: external provider row confirmed by exact Census geographies address match to Cuyahoga County, Ohio (39035) for provider 364067 fiscal year 2023. Institutional source promotion remains blocked by source-maturity, leakage, and model-impact gates.",/Users/coryseidel/PersonalProjects/IdeaTests/LandInvest/output/institutional_anchor_provider_geocode_census_candidates.csv,external_census_exact_confirmed,2026-06-04T14:02:28.324990+00:00,BLUESTONE CHILD AND ADOLESCENT PSYCH,OH,UNIVERSITY HEIGHTS,44118,2575 S. BELVOIR BLVD,external_geocode_required,external_census_candidate_ready,Exact,"2575 S BELVOIR BLVD, UNIVERSITY HEIGHTS, OH, 44118",0.97,provider_original,accepted,,False
364067,2024,assign_county,39035,"Cuyahoga County, Ohio",0.93,"Accepted report-only institutional-anchor CMS provider geocode: external provider row confirmed by exact Census geographies address match to Cuyahoga County, Ohio (39035) for provider 364067 fiscal year 2024. Institutional source promotion remains blocked by source-maturity, leakage, and model-impact gates.",/Users/coryseidel/PersonalProjects/IdeaTests/LandInvest/output/institutional_anchor_provider_geocode_census_candidates.csv,external_census_exact_confirmed,2026-06-04T14:02:28.324990+00:00,BLUESTONE CHILD AND ADOLESCENT PSYCH,OH,UNIVERSITY HEIGHTS,44118,2575 S BELVOIR BLVD,external_geocode_required,external_census_candidate_ready,Exact,"2575 S BELVOIR BLVD, UNIVERSITY HEIGHTS, OH, 44118",0.97,provider_original,accepted,,False
361991,2023,assign_county,39049,"Franklin County, Ohio",0.93,"Accepted report-only institutional-anchor CMS provider geocode: external provider row confirmed by exact Census geographies address match to Franklin County, Ohio (39049) for provider 361991 fiscal year 2023. Institutional source promotion remains blocked by source-maturity, leakage, and model-impact gates.",/Users/coryseidel/PersonalProjects/IdeaTests/LandInvest/output/institutional_anchor_provider_geocode_census_candidates.csv,external_census_exact_confirmed,2026-06-04T14:02:28.324990+00:00,GLENMONT,OH,HILLIARD,43026,4599 AVERY ROAD,external_geocode_required,external_census_candidate_ready,Exact,"4599 AVERY RD, HILLIARD, OH, 43026",0.97,provider_original,accepted,,False
373303,2024,assign_county,40109,"Oklahoma County, Oklahoma",0.93,"Accepted report-only institutional-anchor CMS provider geocode: external provider row confirmed by exact Census geographies address match to Oklahoma County, Oklahoma (40109) for provider 373303 fiscal year 2024. Institutional source promotion remains blocked by source-maturity, leakage, and model-impact gates.",/Users/coryseidel/PersonalProjects/IdeaTests/LandInvest/output/institutional_anchor_provider_geocode_census_candidates.csv,external_census_exact_confirmed,2026-06-04T14:02:28.324990+00:00,THE CHILDRENS CENTER INC.,OK,BETHANY,73008,6800 NW 39TH EXPRESSWAY,external_geocode_required,external_census_candidate_ready,Exact,"6800 NW 39TH EXPY, BETHANY, OK, 73008",0.97,provider_original,accepted,,False
414003,2023,assign_county,44007,"Providence County, Rhode Island",0.89,"Accepted report-only institutional-anchor CMS provider geocode: external provider row confirmed by exact Census geographies address match to Providence County, Rhode Island (44007) for provider 414003 fiscal year 2023. Institutional source promotion remains blocked by source-maturity, leakage, and model-impact gates.",/Users/coryseidel/PersonalProjects/IdeaTests/LandInvest/output/institutional_anchor_provider_geocode_census_candidates.csv,external_census_exact_confirmed,2026-06-04T14:02:28.324990+00:00,EMMA P BRADLEY HOSPITAL,RI,EAST PROVIDENCE,02915,1011 VETERANS MEMORIAL PARKWAY,external_geocode_required,external_census_context_only,Non_Exact,"1011 VETERANS MEMORIAL PKWY, RIVERSIDE, RI, 02915",0.88,provider_original,held_or_rejected,not_external_census_candidate_ready_status; census_match_type_not_exact; census_confidence_below_0_93; census_score_below_0_97,False
433300,2024,assign_county,46099,"Minnehaha County, South Dakota",0.93,"Accepted report-only institutional-anchor CMS provider geocode: external provider row confirmed by exact Census geographies address match to Minnehaha County, South Dakota (46099) for provider 433300 fiscal year 2024. Institutional source promotion remains blocked by source-maturity, leakage, and model-impact gates.",/Users/coryseidel/PersonalProjects/IdeaTests/LandInvest/output/institutional_anchor_provider_geocode_census_candidates.csv,external_census_exact_confirmed,2026-06-04T14:02:28.324990+00:00,LIFESCAPE,SD,SIOUX FALLS,57105,2501 W 26TH STREET,external_geocode_required,external_census_candidate_ready,Exact,"2501 W 26TH ST, SIOUX FALLS, SD, 57105",0.97,provider_original,accepted,,False
453317,2023,assign_county,,,,"Accepted report-only institutional-anchor CMS provider geocode: external provider row confirmed by exact Census geographies address match to  () for provider 453317 fiscal year 2023. Institutional source promotion remains blocked by source-maturity, leakage, and model-impact gates.",/Users/coryseidel/PersonalProjects/IdeaTests/LandInvest/output/institutional_anchor_provider_geocode_census_candidates.csv,external_census_exact_confirmed,2026-06-04T14:02:28.324990+00:00,COOK CHILDREN CARE,TX,PROSPER,75078,4100 W UNIVERSITY DR,external_geocode_required,unresolved_after_census_batch,,,,,held_or_rejected,not_external_census_candidate_ready_status; not_provider_original_attempt; census_match_status_not_match; census_match_type_not_exact; census_fips_not_in_county_lookup; census_confidence_below_0_93; census_score_below_0_97; missing_census_matched_address; matched_address_missing_provider_zip5; matched_address_missing_number,False
670322,2023,assign_county,48085,"Collin County, Texas",0.93,"Accepted report-only institutional-anchor CMS provider geocode: external provider row confirmed by exact Census geographies address match to Collin County, Texas (48085) for provider 670322 fiscal year 2023. Institutional source promotion remains blocked by source-maturity, leakage, and model-impact gates.",/Users/coryseidel/PersonalProjects/IdeaTests/LandInvest/output/institutional_anchor_provider_geocode_census_candidates.csv,external_census_exact_confirmed,2026-06-04T14:02:28.324990+00:00,LEGENT SURGICAL HOSPITAL PLANO,TX,PLANO,75093,4100 MAPLESHADE LANE,external_geocode_required,external_census_candidate_ready,Exact,"4100 MAPLESHADE LN, PLANO, TX, 75093",0.97,provider_original,accepted,,False
464007,2024,assign_county,49011,"Davis County, Utah",0.84,"Accepted report-only institutional-anchor CMS provider geocode: external provider row confirmed by exact Census geographies address match to Davis County, Utah (49011) for provider 464007 fiscal year 2024. Institutional source promotion remains blocked by source-maturity, leakage, and model-impact gates.",/Users/coryseidel/PersonalProjects/IdeaTests/LandInvest/output/institutional_anchor_provider_geocode_census_candidates.csv,external_census_exact_confirmed,2026-06-04T14:02:28.324990+00:00,BENCHMARK BEHAVIORAL HEALTH SYSTEM I,UT,WOOD CROSS,84087,592 WEST 1350 SOUTH,external_geocode_required,external_census_context_only,Non_Exact,"592 W 1350 S, WOODS CROSS, UT, 84010",0.8,provider_original,held_or_rejected,not_external_census_candidate_ready_status; census_match_type_not_exact; census_confidence_below_0_93; census_score_below_0_97; matched_address_missing_provider_zip5,False
493300,2024,assign_county,,,,"Accepted report-only institutional-anchor CMS provider geocode: external provider row confirmed by exact Census geographies address match to  () for provider 493300 fiscal year 2024. Institutional source promotion remains blocked by source-maturity, leakage, and model-impact gates.",/Users/coryseidel/PersonalProjects/IdeaTests/LandInvest/output/institutional_anchor_provider_geocode_census_candidates.csv,external_census_exact_confirmed,2026-06-04T14:02:28.324990+00:00,CUMBERLAND HOSPITAL LLC,VA,NEW KENT,23124,9407 CUMBERLAND RD,external_geocode_required,unresolved_after_census_batch,,,,,held_or_rejected,not_external_census_candidate_ready_status; not_provider_original_attempt; census_match_status_not_match; census_match_type_not_exact; census_fips_not_in_county_lookup; census_confidence_below_0_93; census_score_below_0_97; missing_census_matched_address; matched_address_missing_provider_zip5; matched_address_missing_number,False
514011,2023,assign_county,,,,"Accepted report-only institutional-anchor CMS provider geocode: external provider row confirmed by exact Census geographies address match to  () for provider 514011 fiscal year 2023. Institutional source promotion remains blocked by source-maturity, leakage, and model-impact gates.",/Users/coryseidel/PersonalProjects/IdeaTests/LandInvest/output/institutional_anchor_provider_geocode_census_candidates.csv,external_census_exact_confirmed,2026-06-04T14:02:28.324990+00:00,HIGHLAND CLARKSBURG HOSPITAL INC,WV,CLARKSBURG,26301,3 HOSPITAL PLAZA,external_geocode_required,unresolved_after_census_batch,,,,,held_or_rejected,not_external_census_candidate_ready_status; not_provider_original_attempt; census_match_status_not_match; census_match_type_not_exact; census_fips_not_in_county_lookup; census_confidence_below_0_93; census_score_below_0_97; missing_census_matched_address; matched_address_missing_provider_zip5; matched_address_missing_number,False
400109,2023,assign_county,72021,Bayamón Muno,0.84,"Accepted report-only institutional-anchor CMS provider geocode: external provider row confirmed by exact Census geographies address match to Bayamón Muno (72021) for provider 400109 fiscal year 2023. Institutional source promotion remains blocked by source-maturity, leakage, and model-impact gates.",/Users/coryseidel/PersonalProjects/IdeaTests/LandInvest/output/institutional_anchor_provider_geocode_census_candidates.csv,external_census_exact_confirmed,2026-06-04T14:02:28.324990+00:00,HOSPITAL HIMA SAN PABLO BAYAMON,PR,BAYAMON,00959,SANTA CRUZ # 70,external_geocode_required,external_census_context_only,Non_Exact,"70 CLL SANTA CRUZ, BAYAMON, PR, 00961",0.8,provider_original,held_or_rejected,not_external_census_candidate_ready_status; census_match_type_not_exact; census_confidence_below_0_93; census_score_below_0_97; matched_address_missing_provider_zip5,False
110215,2024,assign_county,13113,"Fayette County, Georgia",0.89,"Accepted report-only institutional-anchor CMS provider geocode: external provider row confirmed by exact Census geographies address match to Fayette County, Georgia (13113) for provider 110215 fiscal year 2024. Institutional source promotion remains blocked by source-maturity, leakage, and model-impact gates.",/Users/coryseidel/PersonalProjects/IdeaTests/LandInvest/output/institutional_anchor_provider_geocode_census_candidates.csv,external_census_exact_confirmed,2026-06-04T14:02:28.324990+00:00,PIEDMONT FAYETTE HOSPITAL INC.,GA,FAYETTEVILLE,30214,1255 HIGHWAY 54 WEST,external_geocode_required,external_census_context_only,Non_Exact,"1255 STATE RTE 54, FAYETTEVILLE, GA, 30214",0.88,provider_original,held_or_rejected,not_external_census_candidate_ready_status; census_match_type_not_exact; census_confidence_below_0_93; census_score_below_0_97,False
400118,2023,assign_county,,,,"Accepted report-only institutional-anchor CMS provider geocode: external provider row confirmed by exact Census geographies address match to  () for provider 400118 fiscal year 2023. Institutional source promotion remains blocked by source-maturity, leakage, and model-impact gates.",/Users/coryseidel/PersonalProjects/IdeaTests/LandInvest/output/institutional_anchor_provider_geocode_census_candidates.csv,external_census_exact_confirmed,2026-06-04T14:02:28.324990+00:00,DOCTOR CENTER HOSPITAL MANATI INC.,PR,MANATI,00674,CARR. #2,external_geocode_required,unresolved_after_census_batch,,,,,held_or_rejected,not_external_census_candidate_ready_status; not_provider_original_attempt; census_match_status_not_match; census_match_type_not_exact; census_fips_not_in_county_lookup; census_confidence_below_0_93; census_score_below_0_97; missing_census_matched_address; matched_address_missing_provider_zip5; matched_address_missing_number,False
404004,2023,assign_county,,,,"Accepted report-only institutional-anchor CMS provider geocode: external provider row confirmed by exact Census geographies address match to  () for provider 404004 fiscal year 2023. Institutional source promotion remains blocked by source-maturity, leakage, and model-impact gates.",/Users/coryseidel/PersonalProjects/IdeaTests/LandInvest/output/institutional_anchor_provider_geocode_census_candidates.csv,external_census_exact_confirmed,2026-06-04T14:02:28.324990+00:00,FIRST HOSPITAL PANAMERICANO,PR,CIDRA,00739,STATE ROAD #787,external_geocode_required,unresolved_after_census_batch,,,,,held_or_rejected,not_external_census_candidate_ready_status; not_provider_original_attempt; census_match_status_not_match; census_match_type_not_exact; census_fips_not_in_county_lookup; census_confidence_below_0_93; census_score_below_0_97; missing_census_matched_address; matched_address_missing_provider_zip5; matched_address_missing_number,False
400112,2024,assign_county,,,,"Accepted report-only institutional-anchor CMS provider geocode: external provider row confirmed by exact Census geographies address match to  () for provider 400112 fiscal year 2024. Institutional source promotion remains blocked by source-maturity, leakage, and model-impact gates.",/Users/coryseidel/PersonalProjects/IdeaTests/LandInvest/output/institutional_anchor_provider_geocode_census_candidates.csv,external_census_exact_confirmed,2026-06-04T14:02:28.324990+00:00,HOSPITAL UPR,PR,CAROLINA,00984,STREET 3 KM 8.3 65 INFANTERIA AVE.,external_geocode_required,unresolved_after_census_batch,,,,,held_or_rejected,not_external_census_candidate_ready_status; not_provider_original_attempt; census_match_status_not_match; census_match_type_not_exact; census_fips_not_in_county_lookup; census_confidence_below_0_93; census_score_below_0_97; missing_census_matched_address; matched_address_missing_provider_zip5; matched_address_missing_number,False
020012,2023,assign_county,02090,"Fairbanks North Star Borough, Alaska",0.93,"Accepted report-only institutional-anchor CMS provider geocode: external provider row confirmed by exact Census geographies address match to Fairbanks North Star Borough, Alaska (02090) for provider 020012 fiscal year 2023. Institutional source promotion remains blocked by source-maturity, leakage, and model-impact gates.",/Users/coryseidel/PersonalProjects/IdeaTests/LandInvest/output/institutional_anchor_provider_geocode_census_candidates.csv,external_census_exact_confirmed,2026-06-04T14:02:28.324990+00:00,FAIRBANKS MEMORIAL,AK,FAIRBANKS,99701,1650 COWLES ST,external_geocode_required,external_census_candidate_ready,Exact,"1650 COWLES ST, FAIRBANKS, AK, 99701",0.97,provider_original,accepted,,False
400032,2023,assign_county,,,,"Accepted report-only institutional-anchor CMS provider geocode: external provider row confirmed by exact Census geographies address match to  () for provider 400032 fiscal year 2023. Institutional source promotion remains blocked by source-maturity, leakage, and model-impact gates.",/Users/coryseidel/PersonalProjects/IdeaTests/LandInvest/output/institutional_anchor_provider_geocode_census_candidates.csv,external_census_exact_confirmed,2026-06-04T14:02:28.324990+00:00,BAYAMON MEDICAL CENTER,PR,BAYAMON,00960,CARR. #2 KM. 11.7,external_geocode_required,unresolved_after_census_batch,,,,,held_or_rejected,not_external_census_candidate_ready_status; not_provider_original_attempt; census_match_status_not_match; census_match_type_not_exact; census_fips_not_in_county_lookup; census_confidence_below_0_93; census_score_below_0_97; missing_census_matched_address; matched_address_missing_provider_zip5; matched_address_missing_number,False
650001,2023,assign_county,,,,"Accepted report-only institutional-anchor CMS provider geocode: external provider row confirmed by exact Census geographies address match to  () for provider 650001 fiscal year 2023. Institutional source promotion remains blocked by source-maturity, leakage, and model-impact gates.",/Users/coryseidel/PersonalProjects/IdeaTests/LandInvest/output/institutional_anchor_provider_geocode_census_candidates.csv,external_census_exact_confirmed,2026-06-04T14:02:28.324990+00:00,GUAM MEMORIAL HOSPITAL,GU,OKA TAMUNING,96911,850 GOVERNOR CARLOS G CAMACHO RD,external_geocode_required,unresolved_after_census_batch,,,,,held_or_rejected,not_external_census_candidate_ready_status; not_provider_original_attempt; census_match_status_not_match; census_match_type_not_exact; census_fips_not_in_county_lookup; census_confidence_below_0_93; census_score_below_0_97; missing_census_matched_address; matched_address_missing_provider_zip5; matched_address_missing_number,False
650003,2023,assign_county,,,,"Accepted report-only institutional-anchor CMS provider geocode: external provider row confirmed by exact Census geographies address match to  () for provider 650003 fiscal year 2023. Institutional source promotion remains blocked by source-maturity, leakage, and model-impact gates.",/Users/coryseidel/PersonalProjects/IdeaTests/LandInvest/output/institutional_anchor_provider_geocode_census_candidates.csv,external_census_exact_confirmed,2026-06-04T14:02:28.324990+00:00,GUAM REGIONAL MEDICAL CITY,GU,DEDEDO,96929,133 ROUTE 3,external_geocode_required,unresolved_after_census_batch,,,,,held_or_rejected,not_external_census_candidate_ready_status; not_provider_original_attempt; census_match_status_not_match; census_match_type_not_exact; census_fips_not_in_county_lookup; census_confidence_below_0_93; census_score_below_0_97; missing_census_matched_address; matched_address_missing_provider_zip5; matched_address_missing_number,False
400019,2023,assign_county,,,,"Accepted report-only institutional-anchor CMS provider geocode: external provider row confirmed by exact Census geographies address match to  () for provider 400019 fiscal year 2023. Institutional source promotion remains blocked by source-maturity, leakage, and model-impact gates.",/Users/coryseidel/PersonalProjects/IdeaTests/LandInvest/output/institutional_anchor_provider_geocode_census_candidates.csv,external_census_exact_confirmed,2026-06-04T14:02:28.324990+00:00,HOSPITAL PAVIA SANTURCE,PR,SANTURCE,00910,ASIA STREET,external_geocode_required,unresolved_after_census_batch,,,,,held_or_rejected,not_external_census_candidate_ready_status; not_provider_original_attempt; census_match_status_not_match; census_match_type_not_exact; census_fips_not_in_county_lookup; census_confidence_below_0_93; census_score_below_0_97; missing_census_matched_address; matched_address_missing_provider_zip5; provider_street_missing_number; matched_address_missing_number,False
390156,2024,assign_county,,,,"Accepted report-only institutional-anchor CMS provider geocode: external provider row confirmed by exact Census geographies address match to  () for provider 390156 fiscal year 2024. Institutional source promotion remains blocked by source-maturity, leakage, and model-impact gates.",/Users/coryseidel/PersonalProjects/IdeaTests/LandInvest/output/institutional_anchor_provider_geocode_census_candidates.csv,external_census_exact_confirmed,2026-06-04T14:02:28.324990+00:00,MERCY CATHOLIC MEDICAL CENTER,PA,DARBY,19023,LANSDOWNE AVE & BAILEY RD.,external_geocode_required,unresolved_after_census_batch,,,,,held_or_rejected,not_external_census_candidate_ready_status; not_provider_original_attempt; census_match_status_not_match; census_match_type_not_exact; census_fips_not_in_county_lookup; census_confidence_below_0_93; census_score_below_0_97; missing_census_matched_address; matched_address_missing_provider_zip5; provider_street_missing_number; matched_address_missing_number,False
480001,2023,assign_county,,,,"Accepted report-only institutional-anchor CMS provider geocode: external provider row confirmed by exact Census geographies address match to  () for provider 480001 fiscal year 2023. Institutional source promotion remains blocked by source-maturity, leakage, and model-impact gates.",/Users/coryseidel/PersonalProjects/IdeaTests/LandInvest/output/institutional_anchor_provider_geocode_census_candidates.csv,external_census_exact_confirmed,2026-06-04T14:02:28.324990+00:00,ROY L SCHNEIDER HOSPITAL,VI,ST. THOMAS,00801,9048 SUGAR ESTATE,external_geocode_required,unresolved_after_census_batch,,,,,held_or_rejected,not_external_census_candidate_ready_status; not_provider_original_attempt; census_match_status_not_match; census_match_type_not_exact; census_fips_not_in_county_lookup; census_confidence_below_0_93; census_score_below_0_97; missing_census_matched_address; matched_address_missing_provider_zip5; matched_address_missing_number,False
394056,2024,assign_county,,,,"Accepted report-only institutional-anchor CMS provider geocode: external provider row confirmed by exact Census geographies address match to  () for provider 394056 fiscal year 2024. Institutional source promotion remains blocked by source-maturity, leakage, and model-impact gates.",/Users/coryseidel/PersonalProjects/IdeaTests/LandInvest/output/institutional_anchor_provider_geocode_census_candidates.csv,external_census_exact_confirmed,2026-06-04T14:02:28.324990+00:00,TOWER BEHAVIORAL HEALTH,PA,READING,19605,201 WELLNESS WAY,external_geocode_required,unresolved_after_census_batch,,,,,held_or_rejected,not_external_census_candidate_ready_status; not_provider_original_attempt; census_match_status_not_match; census_match_type_not_exact; census_fips_not_in_county_lookup; census_confidence_below_0_93; census_score_below_0_97; missing_census_matched_address; matched_address_missing_provider_zip5; matched_address_missing_number,False
400048,2024,assign_county,,,,"Accepted report-only institutional-anchor CMS provider geocode: external provider row confirmed by exact Census geographies address match to  () for provider 400048 fiscal year 2024. Institutional source promotion remains blocked by source-maturity, leakage, and model-impact gates.",/Users/coryseidel/PersonalProjects/IdeaTests/LandInvest/output/institutional_anchor_provider_geocode_census_candidates.csv,external_census_exact_confirmed,2026-06-04T14:02:28.324990+00:00,HOSPITAL MENONITA GUAYAMA,PR,GUAYAMA,00785,AVE PEDRO ALBIZU CAMPOS,external_geocode_required,unresolved_after_census_batch,,,,,held_or_rejected,not_external_census_candidate_ready_status; not_provider_original_attempt; census_match_status_not_match; census_match_type_not_exact; census_fips_not_in_county_lookup; census_confidence_below_0_93; census_score_below_0_97; missing_census_matched_address; matched_address_missing_provider_zip5; provider_street_missing_number; matched_address_missing_number,False
400102,2023,assign_county,,,,"Accepted report-only institutional-anchor CMS provider geocode: external provider row confirmed by exact Census geographies address match to  () for provider 400102 fiscal year 2023. Institutional source promotion remains blocked by source-maturity, leakage, and model-impact gates.",/Users/coryseidel/PersonalProjects/IdeaTests/LandInvest/output/institutional_anchor_provider_geocode_census_candidates.csv,external_census_exact_confirmed,2026-06-04T14:02:28.324990+00:00,DOCTORS CENTER HOSPITAL BAYAMON,PR,BAYAMON,00956,STREET J-9 EXT. HERMANAS DAVILA,external_geocode_required,unresolved_after_census_batch,,,,,held_or_rejected,not_external_census_candidate_ready_status; not_provider_original_attempt; census_match_status_not_match; census_match_type_not_exact; census_fips_not_in_county_lookup; census_confidence_below_0_93; census_score_below_0_97; missing_census_matched_address; matched_address_missing_provider_zip5; matched_address_missing_number,False
400004,2024,assign_county,,,,"Accepted report-only institutional-anchor CMS provider geocode: external provider row confirmed by exact Census geographies address match to  () for provider 400004 fiscal year 2024. Institutional source promotion remains blocked by source-maturity, leakage, and model-impact gates.",/Users/coryseidel/PersonalProjects/IdeaTests/LandInvest/output/institutional_anchor_provider_geocode_census_candidates.csv,external_census_exact_confirmed,2026-06-04T14:02:28.324990+00:00,ASOCIACION HOSPITAL DEL MAESTRO,PR,SANJUAN,00969,SERGIO CUEVAS BUSTAMTE,external_geocode_required,unresolved_after_census_batch,,,,,held_or_rejected,not_external_census_candidate_ready_status; not_provider_original_attempt; census_match_status_not_match; census_match_type_not_exact; census_fips_not_in_county_lookup; census_confidence_below_0_93; census_score_below_0_97; missing_census_matched_address; matched_address_missing_provider_zip5; provider_street_missing_number; matched_address_missing_number,False
394040,2024,assign_county,,,,"Accepted report-only institutional-anchor CMS provider geocode: external provider row confirmed by exact Census geographies address match to  () for provider 394040 fiscal year 2024. Institutional source promotion remains blocked by source-maturity, leakage, and model-impact gates.",/Users/coryseidel/PersonalProjects/IdeaTests/LandInvest/output/institutional_anchor_provider_geocode_census_candidates.csv,external_census_exact_confirmed,2026-06-04T14:02:28.324990+00:00,THE MEADOWS HOSPITAL,PA,CENTRE HALL,16828,1 EARLYSTOWN RD,external_geocode_required,unresolved_after_census_batch,,,,,held_or_rejected,not_external_census_candidate_ready_status; not_provider_original_attempt; census_match_status_not_match; census_match_type_not_exact; census_fips_not_in_county_lookup; census_confidence_below_0_93; census_score_below_0_97; missing_census_matched_address; matched_address_missing_provider_zip5; matched_address_missing_number,False
400138,2023,assign_county,,,,"Accepted report-only institutional-anchor CMS provider geocode: external provider row confirmed by exact Census geographies address match to  () for provider 400138 fiscal year 2023. Institutional source promotion remains blocked by source-maturity, leakage, and model-impact gates.",/Users/coryseidel/PersonalProjects/IdeaTests/LandInvest/output/institutional_anchor_provider_geocode_census_candidates.csv,external_census_exact_confirmed,2026-06-04T14:02:28.324990+00:00,PUERTO RICO WOMEN AND CHILDRENS HOSP,PR,BAYAMON,00959,CARR. PR-2 KM 11.6 (INTERIOR),external_geocode_required,unresolved_after_census_batch,,,,,held_or_rejected,not_external_census_candidate_ready_status; not_provider_original_attempt; census_match_status_not_match; census_match_type_not_exact; census_fips_not_in_county_lookup; census_confidence_below_0_93; census_score_below_0_97; missing_census_matched_address; matched_address_missing_provider_zip5; matched_address_missing_number,False
400115,2023,assign_county,72143,Vega Alta Muno,0.89,"Accepted report-only institutional-anchor CMS provider geocode: external provider row confirmed by exact Census geographies address match to Vega Alta Muno (72143) for provider 400115 fiscal year 2023. Institutional source promotion remains blocked by source-maturity, leakage, and model-impact gates.",/Users/coryseidel/PersonalProjects/IdeaTests/LandInvest/output/institutional_anchor_provider_geocode_census_candidates.csv,external_census_exact_confirmed,2026-06-04T14:02:28.324990+00:00,HOSPITAL WILMA N VAZQUEZ,PR,VEGA BAJA,00693,#2 KM 39.5,external_geocode_required,external_census_context_only,Non_Exact,"39 CLL 5, VEGA BAJA, PR, 00693",0.88,provider_original,held_or_rejected,not_external_census_candidate_ready_status; census_match_type_not_exact; census_confidence_below_0_93; census_score_below_0_97,False
460060,2024,assign_county,49035,"Salt Lake County, Utah",0.89,"Accepted report-only institutional-anchor CMS provider geocode: external provider row confirmed by exact Census geographies address match to Salt Lake County, Utah (49035) for provider 460060 fiscal year 2024. Institutional source promotion remains blocked by source-maturity, leakage, and model-impact gates.",/Users/coryseidel/PersonalProjects/IdeaTests/LandInvest/output/institutional_anchor_provider_geocode_census_candidates.csv,external_census_exact_confirmed,2026-06-04T14:02:28.324990+00:00,LONE PEAK HOSPITAL,UT,DRAPER,84020,11925 S STATE STREET,external_geocode_required,external_census_context_only,Non_Exact,"11925 STATE ST, DRAPER, UT, 84020",0.88,provider_original,held_or_rejected,not_external_census_candidate_ready_status; census_match_type_not_exact; census_confidence_below_0_93; census_score_below_0_97,False
400105,2024,assign_county,,,,"Accepted report-only institutional-anchor CMS provider geocode: external provider row confirmed by exact Census geographies address match to  () for provider 400105 fiscal year 2024. Institutional source promotion remains blocked by source-maturity, leakage, and model-impact gates.",/Users/coryseidel/PersonalProjects/IdeaTests/LandInvest/output/institutional_anchor_provider_geocode_census_candidates.csv,external_census_exact_confirmed,2026-06-04T14:02:28.324990+00:00,BAYAMON REGIONAL HOSPITAL,PR,BAYAMON,00956,LAUREL #100,external_geocode_required,unresolved_after_census_batch,,,,,held_or_rejected,not_external_census_candidate_ready_status; not_provider_original_attempt; census_match_status_not_match; census_match_type_not_exact; census_fips_not_in_county_lookup; census_confidence_below_0_93; census_score_below_0_97; missing_census_matched_address; matched_address_missing_provider_zip5; matched_address_missing_number,False
660001,2023,assign_county,,,,"Accepted report-only institutional-anchor CMS provider geocode: external provider row confirmed by exact Census geographies address match to  () for provider 660001 fiscal year 2023. Institutional source promotion remains blocked by source-maturity, leakage, and model-impact gates.",/Users/coryseidel/PersonalProjects/IdeaTests/LandInvest/output/institutional_anchor_provider_geocode_census_candidates.csv,external_census_exact_confirmed,2026-06-04T14:02:28.324990+00:00,COMMONWEALTH HEALTH CENTER,MP,SAIPAN,96950,LOWER NAVY HILL RD,external_geocode_required,unresolved_after_census_batch,,,,,held_or_rejected,not_external_census_candidate_ready_status; not_provider_original_attempt; census_match_status_not_match; census_match_type_not_exact; census_fips_not_in_county_lookup; census_confidence_below_0_93; census_score_below_0_97; missing_census_matched_address; matched_address_missing_provider_zip5; provider_street_missing_number; matched_address_missing_number,False
224039,2023,assign_county,,,,"Accepted report-only institutional-anchor CMS provider geocode: external provider row confirmed by exact Census geographies address match to  () for provider 224039 fiscal year 2023. Institutional source promotion remains blocked by source-maturity, leakage, and model-impact gates.",/Users/coryseidel/PersonalProjects/IdeaTests/LandInvest/output/institutional_anchor_provider_geocode_census_candidates.csv,external_census_exact_confirmed,2026-06-04T14:02:28.324990+00:00,HAVERHILL PAVILION,MA,HAVERHILL,01832,76 SUMMER STREED,external_geocode_required,unresolved_after_census_batch,,,,,held_or_rejected,not_external_census_candidate_ready_status; not_provider_original_attempt; census_match_status_not_match; census_match_type_not_exact; census_fips_not_in_county_lookup; census_confidence_below_0_93; census_score_below_0_97; missing_census_matched_address; matched_address_missing_provider_zip5; matched_address_missing_number,False
480002,2023,assign_county,,,,"Accepted report-only institutional-anchor CMS provider geocode: external provider row confirmed by exact Census geographies address match to  () for provider 480002 fiscal year 2023. Institutional source promotion remains blocked by source-maturity, leakage, and model-impact gates.",/Users/coryseidel/PersonalProjects/IdeaTests/LandInvest/output/institutional_anchor_provider_geocode_census_candidates.csv,external_census_exact_confirmed,2026-06-04T14:02:28.324990+00:00,GOV. JUAN F. LUIS HOSPITAL,VI,CHRISTIANSTED,00820,4007 EAST DIAMOND RUBY,external_geocode_required,unresolved_after_census_batch,,,,,held_or_rejected,not_external_census_candidate_ready_status; not_provider_original_attempt; census_match_status_not_match; census_match_type_not_exact; census_fips_not_in_county_lookup; census_confidence_below_0_93; census_score_below_0_97; missing_census_matched_address; matched_address_missing_provider_zip5; matched_address_missing_number,False
403027,2023,assign_county,,,,"Accepted report-only institutional-anchor CMS provider geocode: external provider row confirmed by exact Census geographies address match to  () for provider 403027 fiscal year 2023. Institutional source promotion remains blocked by source-maturity, leakage, and model-impact gates.",/Users/coryseidel/PersonalProjects/IdeaTests/LandInvest/output/institutional_anchor_provider_geocode_census_candidates.csv,external_census_exact_confirmed,2026-06-04T14:02:28.324990+00:00,MULTY MEDICAL FACILITIES,PR,SAN JUAN PR 00918,00918,MUNOZ RIVERA AVENUE #402,external_geocode_required,unresolved_after_census_batch,,,,,held_or_rejected,not_external_census_candidate_ready_status; not_provider_original_attempt; census_match_status_not_match; census_match_type_not_exact; census_fips_not_in_county_lookup; census_confidence_below_0_93; census_score_below_0_97; missing_census_matched_address; matched_address_missing_provider_zip5; matched_address_missing_number,False
400128,2023,assign_county,72127,San Juan Muno,0.89,"Accepted report-only institutional-anchor CMS provider geocode: external provider row confirmed by exact Census geographies address match to San Juan Muno (72127) for provider 400128 fiscal year 2023. Institutional source promotion remains blocked by source-maturity, leakage, and model-impact gates.",/Users/coryseidel/PersonalProjects/IdeaTests/LandInvest/output/institutional_anchor_provider_geocode_census_candidates.csv,external_census_exact_confirmed,2026-06-04T14:02:28.324990+00:00,HOSPITAL METRO HATO REY INC.,PR,HATO REY,00917,PONCE DE LEON #435,external_geocode_required,external_census_context_only,Non_Exact,"435 AVE PONCE DE LEON, HATO REY, PR, 00917",0.88,provider_original,held_or_rejected,not_external_census_candidate_ready_status; census_match_type_not_exact; census_confidence_below_0_93; census_score_below_0_97,False
400137,2023,assign_county,,,,"Accepted report-only institutional-anchor CMS provider geocode: external provider row confirmed by exact Census geographies address match to  () for provider 400137 fiscal year 2023. Institutional source promotion remains blocked by source-maturity, leakage, and model-impact gates.",/Users/coryseidel/PersonalProjects/IdeaTests/LandInvest/output/institutional_anchor_provider_geocode_census_candidates.csv,external_census_exact_confirmed,2026-06-04T14:02:28.324990+00:00,DOCTORS CENTER HOSPITAL OH-DORADO,PR,DORADO,00646,RD 696 INTERSEC EFRON AVE BO HIGUI,external_geocode_required,unresolved_after_census_batch,,,,,held_or_rejected,not_external_census_candidate_ready_status; not_provider_original_attempt; census_match_status_not_match; census_match_type_not_exact; census_fips_not_in_county_lookup; census_confidence_below_0_93; census_score_below_0_97; missing_census_matched_address; matched_address_missing_provider_zip5; matched_address_missing_number,False
190053,2023,assign_county,,,,"Accepted report-only institutional-anchor CMS provider geocode: external provider row confirmed by exact Census geographies address match to  () for provider 190053 fiscal year 2023. Institutional source promotion remains blocked by source-maturity, leakage, and model-impact gates.",/Users/coryseidel/PersonalProjects/IdeaTests/LandInvest/output/institutional_anchor_provider_geocode_census_candidates.csv,external_census_exact_confirmed,2026-06-04T14:02:28.324990+00:00,OCHSNER AMERICAN LEGION HOSPITAL,LA,JENNINGS,70546,1634 ELTON ROAD,external_geocode_required,unresolved_after_census_batch,,,,,held_or_rejected,not_external_census_candidate_ready_status; not_provider_original_attempt; census_match_status_not_match; census_match_type_not_exact; census_fips_not_in_county_lookup; census_confidence_below_0_93; census_score_below_0_97; missing_census_matched_address; matched_address_missing_provider_zip5; matched_address_missing_number,False
400122,2024,assign_county,,,,"Accepted report-only institutional-anchor CMS provider geocode: external provider row confirmed by exact Census geographies address match to  () for provider 400122 fiscal year 2024. Institutional source promotion remains blocked by source-maturity, leakage, and model-impact gates.",/Users/coryseidel/PersonalProjects/IdeaTests/LandInvest/output/institutional_anchor_provider_geocode_census_candidates.csv,external_census_exact_confirmed,2026-06-04T14:02:28.324990+00:00,PROFESSIONAL HOSPITAL,PR,GUAYNABO,00970,AVE LAS CUMBRES,external_geocode_required,unresolved_after_census_batch,,,,,held_or_rejected,not_external_census_candidate_ready_status; not_provider_original_attempt; census_match_status_not_match; census_match_type_not_exact; census_fips_not_in_county_lookup; census_confidence_below_0_93; census_score_below_0_97; missing_census_matched_address; matched_address_missing_provider_zip5; provider_street_missing_number; matched_address_missing_number,False
400012,2024,assign_county,,,,"Accepted report-only institutional-anchor CMS provider geocode: external provider row confirmed by exact Census geographies address match to  () for provider 400012 fiscal year 2024. Institutional source promotion remains blocked by source-maturity, leakage, and model-impact gates.",/Users/coryseidel/PersonalProjects/IdeaTests/LandInvest/output/institutional_anchor_provider_geocode_census_candidates.csv,external_census_exact_confirmed,2026-06-04T14:02:28.324990+00:00,HOSPITAL I GONZALEZ MARTINEZ,PR,PO BOX 191811 SAN JUAN,00919,CENTRO MEDICO,external_geocode_required,unresolved_after_census_batch,,,,,held_or_rejected,not_external_census_candidate_ready_status; not_provider_original_attempt; census_match_status_not_match; census_match_type_not_exact; census_fips_not_in_county_lookup; census_confidence_below_0_93; census_score_below_0_97; missing_census_matched_address; matched_address_missing_provider_zip5; provider_street_missing_number; matched_address_missing_number,False
404007,2023,assign_county,72023,Cabo Rojo Muno,0.89,"Accepted report-only institutional-anchor CMS provider geocode: external provider row confirmed by exact Census geographies address match to Cabo Rojo Muno (72023) for provider 404007 fiscal year 2023. Institutional source promotion remains blocked by source-maturity, leakage, and model-impact gates.",/Users/coryseidel/PersonalProjects/IdeaTests/LandInvest/output/institutional_anchor_provider_geocode_census_candidates.csv,external_census_exact_confirmed,2026-06-04T14:02:28.324990+00:00,HOSPITAL PSIQUIATRICO CABO ROJO,PR,CABO ROJO,00623,CALLE MUNOZ RIVERA 108,external_geocode_required,external_census_context_only,Non_Exact,"108 CLL MUNOZ RIVERA, CABO ROJO, PR, 00623",0.88,provider_original,held_or_rejected,not_external_census_candidate_ready_status; census_match_type_not_exact; census_confidence_below_0_93; census_score_below_0_97,False
194082,2023,assign_county,22053,"Jefferson Davis Parish, Louisiana",0.93,"Accepted report-only institutional-anchor CMS provider geocode: external provider row confirmed by exact Census geographies address match to Jefferson Davis Parish, Louisiana (22053) for provider 194082 fiscal year 2023. Institutional source promotion remains blocked by source-maturity, leakage, and model-impact gates.",/Users/coryseidel/PersonalProjects/IdeaTests/LandInvest/output/institutional_anchor_provider_geocode_census_candidates.csv,external_census_exact_confirmed,2026-06-04T14:02:28.324990+00:00,COMPASS SENIOR CARE HOSPITAL LLC,LA,JENNINGS,70546,1 HOSPITAL DRIVE,external_geocode_required,external_census_candidate_ready,Exact,"1 HOSPITAL DR, JENNINGS, LA, 70546",0.97,provider_original,accepted,,False
021310,2023,assign_county,02188,"Northwest Arctic Borough, Alaska",0.93,"Accepted report-only institutional-anchor CMS provider geocode: external provider row confirmed by exact Census geographies address match to Northwest Arctic Borough, Alaska (02188) for provider 021310 fiscal year 2023. Institutional source promotion remains blocked by source-maturity, leakage, and model-impact gates.",/Users/coryseidel/PersonalProjects/IdeaTests/LandInvest/output/institutional_anchor_provider_geocode_census_candidates.csv,external_census_exact_confirmed,2026-06-04T14:02:28.324990+00:00,MANIILAQ HEALTH CENTER,AK,KOTZEBUE,99752,436 5TH AVENUE,external_geocode_required,external_census_candidate_ready,Exact,"436 5TH AVE, KOTZEBUE, AK, 99752",0.97,provider_original,accepted,,False
191309,2023,assign_county,22105,"Tangipahoa Parish, Louisiana",0.89,"Accepted report-only institutional-anchor CMS provider geocode: external provider row confirmed by exact Census geographies address match to Tangipahoa Parish, Louisiana (22105) for provider 191309 fiscal year 2023. Institutional source promotion remains blocked by source-maturity, leakage, and model-impact gates.",/Users/coryseidel/PersonalProjects/IdeaTests/LandInvest/output/institutional_anchor_provider_geocode_census_candidates.csv,external_census_exact_confirmed,2026-06-04T14:02:28.324990+00:00,HOOD MEMORIAL HOSPITAL,LA,AMITE,70422,301 WEST WALNUT,external_geocode_required,external_census_context_only,Non_Exact,"301 WALNUT ST, AMITE, LA, 70422",0.88,provider_original,held_or_rejected,not_external_census_candidate_ready_status; census_match_type_not_exact; census_confidence_below_0_93; census_score_below_0_97,False
241343,2024,assign_county,27173,"Yellow Medicine County, Minnesota",0.93,"Accepted report-only institutional-anchor CMS provider geocode: external provider row confirmed by exact Census geographies address match to Yellow Medicine County, Minnesota (27173) for provider 241343 fiscal year 2024. Institutional source promotion remains blocked by source-maturity, leakage, and model-impact gates.",/Users/coryseidel/PersonalProjects/IdeaTests/LandInvest/output/institutional_anchor_provider_geocode_census_candidates.csv,external_census_exact_confirmed,2026-06-04T14:02:28.324990+00:00,AVERA GRANITE FALLS,MN,GRANITE FALLS,56241,345 TENTH AVENUE,external_geocode_required,external_census_candidate_ready,Exact,"345 10TH AVE, GRANITE FALLS, MN, 56241",0.97,provider_original,accepted,,False
241347,2023,assign_county,,,,"Accepted report-only institutional-anchor CMS provider geocode: external provider row confirmed by exact Census geographies address match to  () for provider 241347 fiscal year 2023. Institutional source promotion remains blocked by source-maturity, leakage, and model-impact gates.",/Users/coryseidel/PersonalProjects/IdeaTests/LandInvest/output/institutional_anchor_provider_geocode_census_candidates.csv,external_census_exact_confirmed,2026-06-04T14:02:28.324990+00:00,SANFORD HOSPITAL CANBY,MN,CANBY,56220,112 SAINT OLAF AVENUE,external_geocode_required,unresolved_after_census_batch,,,,,held_or_rejected,not_external_census_candidate_ready_status; not_provider_original_attempt; census_match_status_not_match; census_match_type_not_exact; census_fips_not_in_county_lookup; census_confidence_below_0_93; census_score_below_0_97; missing_census_matched_address; matched_address_missing_provider_zip5; matched_address_missing_number,False
271346,2024,assign_county,30065,"Musselshell County, Montana",0.93,"Accepted report-only institutional-anchor CMS provider geocode: external provider row confirmed by exact Census geographies address match to Musselshell County, Montana (30065) for provider 271346 fiscal year 2024. Institutional source promotion remains blocked by source-maturity, leakage, and model-impact gates.",/Users/coryseidel/PersonalProjects/IdeaTests/LandInvest/output/institutional_anchor_provider_geocode_census_candidates.csv,external_census_exact_confirmed,2026-06-04T14:02:28.324990+00:00,ROUNDUP MEMORIAL HEALTHCARE,MT,ROUNDUP,59072,1202 3RD STREET WEST,external_geocode_required,external_census_candidate_ready,Exact,"1202 3RD ST W, ROUNDUP, MT, 59072",0.97,provider_original,accepted,,False
371307,2023,assign_county,,,,"Accepted report-only institutional-anchor CMS provider geocode: external provider row confirmed by exact Census geographies address match to  () for provider 371307 fiscal year 2023. Institutional source promotion remains blocked by source-maturity, leakage, and model-impact gates.",/Users/coryseidel/PersonalProjects/IdeaTests/LandInvest/output/institutional_anchor_provider_geocode_census_candidates.csv,external_census_exact_confirmed,2026-06-04T14:02:28.324990+00:00,CIMARRON MEMORIAL HOSPITAL,OK,BOISE CITY,73933,100 SOUTH ELLIS,external_geocode_required,unresolved_after_census_batch,,,,,held_or_rejected,not_external_census_candidate_ready_status; not_provider_original_attempt; census_match_status_not_match; census_match_type_not_exact; census_fips_not_in_county_lookup; census_confidence_below_0_93; census_score_below_0_97; missing_census_matched_address; matched_address_missing_provider_zip5; matched_address_missing_number,False
234044,2023,assign_county,26037,"Clinton County, Michigan",0.93,"Accepted report-only institutional-anchor CMS provider geocode: external provider row confirmed by exact Census geographies address match to Clinton County, Michigan (26037) for provider 234044 fiscal year 2023. Institutional source promotion remains blocked by source-maturity, leakage, and model-impact gates.",/Users/coryseidel/PersonalProjects/IdeaTests/LandInvest/output/institutional_anchor_provider_geocode_census_candidates.csv,external_census_exact_confirmed,2026-06-04T14:02:28.324990+00:00,BRIGHTWELL BEHAVIORAL HEALTH,MI,EAST LANSING,48823,3512 COOLIDGE ROAD,external_geocode_required,external_census_candidate_ready,Exact,"3512 COOLIDGE RD, EAST LANSING, MI, 48823",0.97,provider_original,accepted,,False
501303,2023,assign_county,53049,"Pacific County, Washington",0.93,"Accepted report-only institutional-anchor CMS provider geocode: external provider row confirmed by exact Census geographies address match to Pacific County, Washington (53049) for provider 501303 fiscal year 2023. Institutional source promotion remains blocked by source-maturity, leakage, and model-impact gates.",/Users/coryseidel/PersonalProjects/IdeaTests/LandInvest/output/institutional_anchor_provider_geocode_census_candidates.csv,external_census_exact_confirmed,2026-06-04T14:02:28.324990+00:00,WILLAPA HARBOR HOSPITAL,WA,SOUTH BEND,98586,800 ALDER STREET,external_geocode_required,external_census_candidate_ready,Exact,"800 ALDER ST, SOUTH BEND, WA, 98586",0.97,provider_original,accepted,,False
021304,2024,assign_county,02195,"Petersburg Borough, Alaska",0.93,"Accepted report-only institutional-anchor CMS provider geocode: external provider row confirmed by exact Census geographies address match to Petersburg Borough, Alaska (02195) for provider 021304 fiscal year 2024. Institutional source promotion remains blocked by source-maturity, leakage, and model-impact gates.",/Users/coryseidel/PersonalProjects/IdeaTests/LandInvest/output/institutional_anchor_provider_geocode_census_candidates.csv,external_census_exact_confirmed,2026-06-04T14:02:28.324990+00:00,PETERSBURG MEDICAL CENTER,AK,PETERSBURG,99833,103 FRAM STREET,external_geocode_required,external_census_candidate_ready,Exact,"103 FRAM ST, PETERSBURG, AK, 99833",0.97,provider_original,accepted,,False
021307,2023,assign_county,02063,"Chugach Census Area, Alaska",0.89,"Accepted report-only institutional-anchor CMS provider geocode: external provider row confirmed by exact Census geographies address match to Chugach Census Area, Alaska (02063) for provider 021307 fiscal year 2023. Institutional source promotion remains blocked by source-maturity, leakage, and model-impact gates.",/Users/coryseidel/PersonalProjects/IdeaTests/LandInvest/output/institutional_anchor_provider_geocode_census_candidates.csv,external_census_exact_confirmed,2026-06-04T14:02:28.324990+00:00,CORDOVA COMMUNITY MEDICAL CENTER,AK,CORDOVA,99574,602 CHASE STREET,external_geocode_required,external_census_context_only,Non_Exact,"602 CHASE AVE, CORDOVA, AK, 99574",0.88,provider_original,held_or_rejected,not_external_census_candidate_ready_status; census_match_type_not_exact; census_confidence_below_0_93; census_score_below_0_97,False
400010,2023,assign_county,,,,"Accepted report-only institutional-anchor CMS provider geocode: external provider row confirmed by exact Census geographies address match to  () for provider 400010 fiscal year 2023. Institutional source promotion remains blocked by source-maturity, leakage, and model-impact gates.",/Users/coryseidel/PersonalProjects/IdeaTests/LandInvest/output/institutional_anchor_provider_geocode_census_candidates.csv,external_census_exact_confirmed,2026-06-04T14:02:28.324990+00:00,CASTANER HOSPITAL,PR,CASTANER,00631,PO BOX 1003,external_geocode_required,unresolved_after_census_batch,,,,,held_or_rejected,not_external_census_candidate_ready_status; not_provider_original_attempt; census_match_status_not_match; census_match_type_not_exact; census_fips_not_in_county_lookup; census_confidence_below_0_93; census_score_below_0_97; missing_census_matched_address; matched_address_missing_provider_zip5; matched_address_missing_number,False
