diversity_rank,source_pool_rank,diversity_lane,balance_archetype,balance_archetype_score,fips,county,state_abbr,census_region,primary_archetype,primary_archetype_score,secondary_archetype,secondary_archetype_score,energy_commodity_high_caution,qa_status,qa_flags,export_priority_rank,export_priority_score,preboom_classifier_score,investable_residual_model_score,preboom_prior_momentum_rank_pct,emerging_market_depth_adequacy,wave3_net_support,total_population,short_thesis,structural_summary,support_narrative,brake_narrative,next_diligence_check
1,524,primary_archetype_slot,affordability spillover,72.88664646119211,48461,"Upton County, Texas",TX,South,affordability spillover,72.88664646119211,recovery/rebound market,68.85737890146896,False,unreviewed,,524,0.6622082973206569,0.8597308594744609,-0.07076561595478373,0.01814646791963707,0.15523039596607346,0.3210258552639097,3128.0,"High quiet-breakout probability with low residual-upside magnitude. Prior momentum rank is 1.8%, inside the not-hot gate. Market-depth adequacy is low (0.155).",Wave 3 support is moderate; structural brakes are light. Supports: fragility/support balance is strong (0.716); developability is strong (0.716); optionality is strong (0.671). Brakes: no major structural brakes flagged.,Structural support: fragility/support balance is strong (0.716); developability is strong (0.716); optionality is strong (0.671),Structural brakes: no major structural brakes flagged,"Operator check: verify parcel availability, local listings, zoning/subdivision path, and whether the county-level signal is concentrated in investable submarkets."
2,933,primary_archetype_slot,affordability spillover,53.75489315237268,48389,"Reeves County, Texas",TX,South,affordability spillover,53.75489315237268,amenity migration,53.271690651865306,False,unreviewed,,933,0.5460458081244598,0.44244895229928444,-0.14164592142923563,0.0009721322099805574,0.4685631681959753,0.2547448296622578,11956.0,"High quiet-breakout probability with low residual-upside magnitude. Prior momentum rank is 0.1%, inside the not-hot gate. Market-depth adequacy is moderate (0.469).",Wave 3 support is moderate; structural brakes are light. Supports: fragility/support balance is strong (0.707); developability is strong (0.695). Brakes: no major structural brakes flagged.,Structural support: fragility/support balance is strong (0.707); developability is strong (0.695),Structural brakes: no major structural brakes flagged,"Operator check: verify parcel availability, local listings, zoning/subdivision path, and whether the county-level signal is concentrated in investable submarkets."
3,2,primary_archetype_slot,amenity migration,78.59419445918968,42031,"Clarion County, Pennsylvania",PA,Northeast,amenity migration,78.59419445918968,retirement migration,78.59419445918968,False,unreviewed,,2,0.9576058772687988,0.6118032550508549,0.07289087592496318,0.2375243033052495,0.881085089711573,0.2171597191795655,36855.0,"High quiet-breakout probability with high residual-upside magnitude. Prior momentum rank is 23.8%, inside the not-hot gate. Market-depth adequacy is high (0.881).",Wave 3 support is moderate; structural brakes are moderate. Supports: scarcity/amenity balance is strong (0.707); fragility/support balance is moderate (0.660); optionality is moderate (0.638). Brakes: constraint pressure is moderate (0.576).,Structural support: scarcity/amenity balance is strong (0.707); fragility/support balance is moderate (0.660); optionality is moderate (0.638),Structural brakes: constraint pressure is moderate (0.576),"Operator check: verify parcel availability, local listings, zoning/subdivision path, and whether the county-level signal is concentrated in investable submarkets."
4,4,primary_archetype_slot,amenity migration,79.43168873527664,39087,"Lawrence County, Ohio",OH,Midwest,amenity migration,79.43168873527664,retirement migration,79.43168873527664,False,unreviewed,,4,0.955790838375108,0.5967492568782681,0.0652758443212466,0.38107582631237846,0.9567717436245275,0.1704154739379719,55829.0,"High quiet-breakout probability with high residual-upside magnitude. Prior momentum rank is 38.1%, inside the not-hot gate. Market-depth adequacy is high (0.957).",Wave 3 support is moderate; structural brakes are moderate. Supports: optionality is strong (0.680); scarcity/amenity balance is strong (0.670); site-thesis support is moderate (0.631). Brakes: constraint pressure is moderate (0.565).,Structural support: optionality is strong (0.680); scarcity/amenity balance is strong (0.670); site-thesis support is moderate (0.631),Structural brakes: constraint pressure is moderate (0.565),"Operator check: verify parcel availability, local listings, zoning/subdivision path, and whether the county-level signal is concentrated in investable submarkets."
5,5,primary_archetype_slot,amenity migration,73.66891096048498,42033,"Clearfield County, Pennsylvania",PA,Northeast,amenity migration,73.66891096048498,retirement migration,73.66891096048498,False,unreviewed,,5,0.9526145203111496,0.6963546423958137,0.06547665138202631,0.04115359688917693,0.8299693585813452,0.1950322113039113,78132.0,"High quiet-breakout probability with high residual-upside magnitude. Prior momentum rank is 4.1%, inside the not-hot gate. Market-depth adequacy is high (0.830).",Wave 3 support is moderate; structural brakes are moderate. Supports: scarcity/amenity balance is strong (0.697); optionality is moderate (0.635); fragility/support balance is moderate (0.613). Brakes: constraint pressure is moderate (0.552).,Structural support: scarcity/amenity balance is strong (0.697); optionality is moderate (0.635); fragility/support balance is moderate (0.613),Structural brakes: constraint pressure is moderate (0.552),"Operator check: verify parcel availability, local listings, zoning/subdivision path, and whether the county-level signal is concentrated in investable submarkets."
6,8,primary_archetype_slot,amenity migration,80.87840622894349,42121,"Venango County, Pennsylvania",PA,Northeast,amenity migration,80.87840622894349,retirement migration,80.87840622894349,False,unreviewed,,8,0.9429127052722557,0.5264035178521966,0.05595763258770774,0.46014257939079717,0.9846990702029416,0.1634900329855637,49476.0,"High quiet-breakout probability with high residual-upside magnitude. Prior momentum rank is 46.0%, inside the not-hot gate. Market-depth adequacy is high (0.985).",Wave 3 support is moderate; structural brakes are moderate. Supports: scarcity/amenity balance is moderate (0.667); fragility/support balance is moderate (0.639); optionality is moderate (0.624). Brakes: constraint pressure is moderate (0.600).,Structural support: scarcity/amenity balance is moderate (0.667); fragility/support balance is moderate (0.639); optionality is moderate (0.624),Structural brakes: constraint pressure is moderate (0.600),"Operator check: verify parcel availability, local listings, zoning/subdivision path, and whether the county-level signal is concentrated in investable submarkets."
7,9,primary_archetype_slot,amenity migration,75.9074886195584,42047,"Elk County, Pennsylvania",PA,Northeast,amenity migration,75.9074886195584,retirement migration,75.9074886195584,False,unreviewed,,9,0.9384615384615386,0.7106955378164843,0.03369446834471019,0.2741412832145172,0.8553517350354872,0.2108944037257135,30124.0,"High quiet-breakout probability with high residual-upside magnitude. Prior momentum rank is 27.4%, inside the not-hot gate. Market-depth adequacy is high (0.855).",Wave 3 support is moderate; structural brakes are moderate. Supports: scarcity/amenity balance is strong (0.749); optionality is moderate (0.634); fragility/support balance is moderate (0.627). Brakes: constraint pressure is moderate (0.641).,Structural support: scarcity/amenity balance is strong (0.749); optionality is moderate (0.634); fragility/support balance is moderate (0.627),Structural brakes: constraint pressure is moderate (0.641),"Operator check: verify parcel availability, local listings, zoning/subdivision path, and whether the county-level signal is concentrated in investable submarkets."
8,12,primary_archetype_slot,amenity migration,81.91573426296722,42097,"Northumberland County, Pennsylvania",PA,Northeast,amenity migration,81.91573426296722,retirement migration,81.91573426296722,False,unreviewed,,12,0.9246542783059637,0.550743378960796,0.07709475999135193,0.2427090084251458,0.8128246620345736,0.1289845661824599,90027.0,"High quiet-breakout probability with high residual-upside magnitude. Prior momentum rank is 24.3%, inside the not-hot gate. Market-depth adequacy is high (0.813).",Wave 3 support is moderate; structural brakes are moderate. Supports: scarcity/amenity balance is strong (0.694); optionality is moderate (0.657); fragility/support balance is moderate (0.626). Brakes: fragility pressure is moderate (0.557).,Structural support: scarcity/amenity balance is strong (0.694); optionality is moderate (0.657); fragility/support balance is moderate (0.626),Structural brakes: fragility pressure is moderate (0.557),"Operator check: verify parcel availability, local listings, zoning/subdivision path, and whether the county-level signal is concentrated in investable submarkets."
9,14,primary_archetype_slot,amenity migration,70.66339626875886,13111,"Fannin County, Georgia",GA,South,amenity migration,70.66339626875886,retirement migration,70.66339626875886,False,unreviewed,,14,0.9228608470181503,0.4625671587653743,0.10492077011302237,0.19604666234607906,0.8645224542161983,0.169642895904289,25854.0,"High quiet-breakout probability with high residual-upside magnitude. Prior momentum rank is 19.6%, inside the not-hot gate. Market-depth adequacy is high (0.865).",Wave 3 support is moderate; structural brakes are moderate. Supports: scarcity/amenity balance is strong (0.783); optionality is strong (0.674); site-thesis support is moderate (0.651). Brakes: no major structural brakes flagged.,Structural support: scarcity/amenity balance is strong (0.783); optionality is strong (0.674); site-thesis support is moderate (0.651),Structural brakes: no major structural brakes flagged,"Operator check: verify parcel availability, local listings, zoning/subdivision path, and whether the county-level signal is concentrated in investable submarkets."
10,17,primary_archetype_slot,amenity migration,80.39277068537436,54099,"Wayne County, West Virginia",WV,South,amenity migration,80.39277068537436,retirement migration,80.39277068537436,False,unreviewed,,17,0.9210458081244599,0.4981843185140421,0.04194816604949601,0.45366169799092676,0.8627789812819942,0.2104214455858495,37589.0,"High quiet-breakout probability with high residual-upside magnitude. Prior momentum rank is 45.4%, inside the not-hot gate. Market-depth adequacy is high (0.863).",Wave 3 support is moderate; structural brakes are moderate. Supports: optionality is strong (0.696); scarcity/amenity balance is strong (0.693); fragility/support balance is moderate (0.630). Brakes: no major structural brakes flagged.,Structural support: optionality is strong (0.696); scarcity/amenity balance is strong (0.693); fragility/support balance is moderate (0.630),Structural brakes: no major structural brakes flagged,"Operator check: verify parcel availability, local listings, zoning/subdivision path, and whether the county-level signal is concentrated in investable submarkets."
11,18,primary_archetype_slot,amenity migration,75.65004063879712,42065,"Jefferson County, Pennsylvania",PA,Northeast,amenity migration,75.65004063879712,retirement migration,75.65004063879712,False,unreviewed,,18,0.9205272255834054,0.4809176985368864,0.056289584016789476,0.10661049902786779,0.9768408868835001,0.10344321825676,43367.0,"High quiet-breakout probability with high residual-upside magnitude. Prior momentum rank is 10.7%, inside the not-hot gate. Market-depth adequacy is high (0.977).",Wave 3 support is moderate; structural brakes are moderate. Supports: no major structural supports flagged. Brakes: constraint pressure is moderate (0.650).,Structural support: no major structural supports flagged,Structural brakes: constraint pressure is moderate (0.650),"Operator check: verify parcel availability, local listings, zoning/subdivision path, and whether the county-level signal is concentrated in investable submarkets."
12,19,primary_archetype_slot,amenity migration,73.37597162217173,55043,"Grant County, Wisconsin",WI,Midwest,amenity migration,73.37597162217173,retirement migration,73.37597162217173,False,unreviewed,,19,0.9176534140017285,0.666838743306634,0.02720804079775037,0.5521710952689566,0.977524513772997,0.0651473722051872,52330.0,"High quiet-breakout probability with high residual-upside magnitude. Prior momentum rank is 55.2%, inside the not-hot gate. Market-depth adequacy is high (0.978).",Wave 3 support is moderate; structural brakes are moderate. Supports: optionality is moderate (0.608). Brakes: no major structural brakes flagged.,Structural support: optionality is moderate (0.608),Structural brakes: no major structural brakes flagged,"Operator check: verify parcel availability, local listings, zoning/subdivision path, and whether the county-level signal is concentrated in investable submarkets."
13,67,primary_archetype_slot,constrained-supply demand,58.2277973418499,08113,"San Miguel County, Colorado",CO,West,constrained-supply demand,58.2277973418499,recovery/rebound market,37.89809082811713,False,unreviewed,,67,0.8766421780466724,0.42683144147633245,0.07890287836240019,0.3522359040829553,0.48779617372632855,0.3315533116095572,7819.0,"Moderate quiet-breakout probability with high residual-upside magnitude. Prior momentum rank is 35.2%, inside the not-hot gate. Market-depth adequacy is moderate (0.488).",Wave 3 support is strong; structural brakes are light. Supports: fragility/support balance is strong (0.709); scarcity/amenity balance is strong (0.708); optionality is strong (0.703). Brakes: no major structural brakes flagged.,Structural support: fragility/support balance is strong (0.709); scarcity/amenity balance is strong (0.708); optionality is strong (0.703),Structural brakes: no major structural brakes flagged,"Operator check: verify parcel availability, local listings, zoning/subdivision path, and whether the county-level signal is concentrated in investable submarkets."
14,77,primary_archetype_slot,constrained-supply demand,59.97105630367827,49019,"Grand County, Utah",UT,West,constrained-supply demand,59.97105630367827,remote-work lifestyle market,57.67424263442011,False,unreviewed,,77,0.8660112359550561,0.43398203823215403,0.04131998654866545,0.24011665586519768,0.49400752359980815,0.3674431061921891,9788.0,"Moderate quiet-breakout probability with high residual-upside magnitude. Prior momentum rank is 24.0%, inside the not-hot gate. Market-depth adequacy is moderate (0.494).",Wave 3 support is strong; structural brakes are light. Supports: scarcity/amenity balance is strong (0.746); fragility/support balance is strong (0.725); optionality is strong (0.706). Brakes: no major structural brakes flagged.,Structural support: scarcity/amenity balance is strong (0.746); fragility/support balance is strong (0.725); optionality is strong (0.706),Structural brakes: no major structural brakes flagged,"Operator check: verify parcel availability, local listings, zoning/subdivision path, and whether the county-level signal is concentrated in investable submarkets."
15,219,primary_archetype_slot,constrained-supply demand,57.78528875018071,08015,"Chaffee County, Colorado",CO,West,constrained-supply demand,57.78528875018071,remote-work lifestyle market,57.52013459906098,False,unreviewed,,219,0.7847450302506482,0.2839438605625942,0.014013145527871938,0.3493195074530136,0.7880865290628207,0.2919086501070947,20780.0,"Low quiet-breakout probability with moderate residual-upside magnitude. Prior momentum rank is 34.9%, inside the not-hot gate. Market-depth adequacy is high (0.788).",Wave 3 support is strong; structural brakes are light. Supports: scarcity/amenity balance is strong (0.722); fragility/support balance is strong (0.700); optionality is strong (0.685). Brakes: no major structural brakes flagged.,Structural support: scarcity/amenity balance is strong (0.722); fragility/support balance is strong (0.700); optionality is strong (0.685),Structural brakes: no major structural brakes flagged,"Operator check: verify parcel availability, local listings, zoning/subdivision path, and whether the county-level signal is concentrated in investable submarkets."
16,350,primary_archetype_slot,constrained-supply demand,56.83128072096083,30067,"Park County, Montana",MT,West,constrained-supply demand,56.83128072096083,amenity migration,55.97778068954716,False,unreviewed,,350,0.7288029386343993,0.6667593073778506,-0.060195831031791124,0.23169151004536617,0.6934152384870765,0.2657658641255813,18074.0,"High quiet-breakout probability with low residual-upside magnitude. Prior momentum rank is 23.2%, inside the not-hot gate. Market-depth adequacy is moderate (0.693).",Wave 3 support is moderate; structural brakes are light. Supports: scarcity/amenity balance is strong (0.705); optionality is strong (0.675); fragility/support balance is moderate (0.668). Brakes: no major structural brakes flagged.,Structural support: scarcity/amenity balance is strong (0.705); optionality is strong (0.675); fragility/support balance is moderate (0.668),Structural brakes: no major structural brakes flagged,"Operator check: verify parcel availability, local listings, zoning/subdivision path, and whether the county-level signal is concentrated in investable submarkets."
17,761,primary_archetype_slot,constrained-supply demand,59.28346715673688,48475,"Ward County, Texas",TX,South,constrained-supply demand,59.28346715673688,amenity migration,59.0280904968809,False,unreviewed,,761,0.59509507346586,0.5670661687062454,-0.12211939392319851,0.005184705119896306,0.45590334204608907,0.4479581699552074,11038.0,"High quiet-breakout probability with low residual-upside magnitude. Prior momentum rank is 0.5%, inside the not-hot gate. Market-depth adequacy is moderate (0.456).",Wave 3 support is moderate; structural brakes are light. Supports: fragility/support balance is strong (0.795); developability is strong (0.783); site-thesis support is strong (0.711). Brakes: no major structural brakes flagged.,Structural support: fragility/support balance is strong (0.795); developability is strong (0.783); site-thesis support is strong (0.711),Structural brakes: no major structural brakes flagged,"Operator check: verify parcel availability, local listings, zoning/subdivision path, and whether the county-level signal is concentrated in investable submarkets."
18,15,primary_archetype_slot,manufacturing reshoring,97.01896326768984,24510,"Baltimore city, Maryland",MD,South,manufacturing reshoring,97.01896326768984,remote-work lifestyle market,77.16209590267145,False,unreviewed,,15,0.9224503025064822,0.6904100114560183,0.06978659042838646,0.29261179520414776,0.5221202771354487,0.285614313956667,568271.0,"High quiet-breakout probability with high residual-upside magnitude. Prior momentum rank is 29.3%, inside the not-hot gate. Market-depth adequacy is moderate (0.522).",Wave 3 support is strong; structural brakes are light. Supports: fragility/support balance is strong (0.769); scarcity/amenity balance is strong (0.696); optionality is moderate (0.666). Brakes: no major structural brakes flagged.,Structural support: fragility/support balance is strong (0.769); scarcity/amenity balance is strong (0.696); optionality is moderate (0.666),Structural brakes: no major structural brakes flagged,"Operator check: verify parcel availability, local listings, zoning/subdivision path, and whether the county-level signal is concentrated in investable submarkets."
19,24,primary_archetype_slot,manufacturing reshoring,92.091554703584,36005,"Bronx County, New York",NY,Northeast,manufacturing reshoring,92.091554703584,amenity migration,71.22940018623285,False,unreviewed,,24,0.9137640449438202,0.6565326175685305,0.08324619715377789,0.03240440699935191,0.5226789064034656,0.1960292613429747,1384724.0,"High quiet-breakout probability with high residual-upside magnitude. Prior momentum rank is 3.2%, inside the not-hot gate. Market-depth adequacy is moderate (0.523).",Wave 3 support is strong; structural brakes are moderate. Supports: site-thesis support is strong (0.736); scarcity/amenity balance is strong (0.735); fragility/support balance is strong (0.722). Brakes: wetlands constraint is moderate (0.604).,Structural support: site-thesis support is strong (0.736); scarcity/amenity balance is strong (0.735); fragility/support balance is strong (0.722),Structural brakes: wetlands constraint is moderate (0.604),"Operator check: verify parcel availability, local listings, zoning/subdivision path, and whether the county-level signal is concentrated in investable submarkets."
20,35,primary_archetype_slot,manufacturing reshoring,96.6879633699107,42101,"Philadelphia County, Pennsylvania",PA,Northeast,manufacturing reshoring,96.6879633699107,amenity migration,82.95492698711465,False,unreviewed,,35,0.8959377700950734,0.5919137267019516,0.04271974659059933,0.27025275437459495,0.47593339018978864,0.2983633005511744,1573916.0,"High quiet-breakout probability with high residual-upside magnitude. Prior momentum rank is 27.0%, inside the not-hot gate. Market-depth adequacy is moderate (0.476).",Wave 3 support is strong; structural brakes are moderate. Supports: scarcity/amenity balance is strong (0.785); fragility/support balance is strong (0.775); site-thesis support is strong (0.722). Brakes: wetlands constraint is moderate (0.561).,Structural support: scarcity/amenity balance is strong (0.785); fragility/support balance is strong (0.775); site-thesis support is strong (0.722),Structural brakes: wetlands constraint is moderate (0.561),"Operator check: verify parcel availability, local listings, zoning/subdivision path, and whether the county-level signal is concentrated in investable submarkets."
21,113,primary_archetype_slot,manufacturing reshoring,95.8851635289024,36081,"Queens County, New York",NY,Northeast,manufacturing reshoring,95.8851635289024,amenity migration,73.59943293178426,False,unreviewed,,113,0.8447925669835782,0.6092331616021154,0.020402700858079197,0.11309138042773817,0.4779765387842736,0.1004055728201973,2316841.0,"High quiet-breakout probability with moderate residual-upside magnitude. Prior momentum rank is 11.3%, inside the not-hot gate. Market-depth adequacy is moderate (0.478).",Wave 3 support is moderate; structural brakes are moderate. Supports: scarcity/amenity balance is strong (0.770); site-thesis support is strong (0.724); optionality is moderate (0.646). Brakes: fragility pressure is moderate (0.645); wetlands constraint is moderate (0.609).,Structural support: scarcity/amenity balance is strong (0.770); site-thesis support is strong (0.724); optionality is moderate (0.646),Structural brakes: fragility pressure is moderate (0.645); wetlands constraint is moderate (0.609),"Operator check: verify parcel availability, local listings, zoning/subdivision path, and whether the county-level signal is concentrated in investable submarkets."
22,153,primary_archetype_slot,manufacturing reshoring,97.18027821742648,36047,"Kings County, New York",NY,Northeast,manufacturing reshoring,97.18027821742648,amenity migration,61.45816987005318,False,unreviewed,,153,0.8235306828003457,0.43934571023548574,0.048125266696657565,0.16753078418664938,0.4780702053765269,0.0359194962228243,2617631.0,"Moderate quiet-breakout probability with high residual-upside magnitude. Prior momentum rank is 16.8%, inside the not-hot gate. Market-depth adequacy is moderate (0.478).",Wave 3 support is moderate; structural brakes are moderate. Supports: scarcity/amenity balance is strong (0.745); site-thesis support is strong (0.719); optionality is moderate (0.624). Brakes: fragility pressure is heavy (0.721); wetlands constraint is moderate (0.615); constraint complexity is moderate (0.557).,Structural support: scarcity/amenity balance is strong (0.745); site-thesis support is strong (0.719); optionality is moderate (0.624),Structural brakes: fragility pressure is heavy (0.721); wetlands constraint is moderate (0.615); constraint complexity is moderate (0.557),"Operator check: verify parcel availability, local listings, zoning/subdivision path, and whether the county-level signal is concentrated in investable submarkets."
23,204,primary_archetype_slot,manufacturing reshoring,96.3067756107123,36061,"New York County, New York",NY,Northeast,manufacturing reshoring,96.3067756107123,amenity migration,60.5150229283367,False,unreviewed,,204,0.7957000864304236,0.7381385144865636,-0.02515861508668537,0.030784186649384315,0.4931985336179595,0.2722632012231489,1660664.0,"High quiet-breakout probability with low residual-upside magnitude. Prior momentum rank is 3.1%, inside the not-hot gate. Market-depth adequacy is moderate (0.493).",Wave 3 support is strong; structural brakes are moderate. Supports: fragility/support balance is strong (0.758); scarcity/amenity balance is strong (0.747); site-thesis support is strong (0.731). Brakes: wetlands constraint is moderate (0.646).,Structural support: fragility/support balance is strong (0.758); scarcity/amenity balance is strong (0.747); site-thesis support is strong (0.731),Structural brakes: wetlands constraint is moderate (0.646),"Operator check: verify parcel availability, local listings, zoning/subdivision path, and whether the county-level signal is concentrated in investable submarkets."
24,238,primary_archetype_slot,manufacturing reshoring,88.18849184249505,24005,"Baltimore County, Maryland",MD,South,manufacturing reshoring,88.18849184249505,amenity migration,76.03220285906619,False,unreviewed,,238,0.7803154710458082,0.43391172164463737,0.005005919981614276,0.34543097861309136,0.49909099476924057,0.0699666257296156,852425.0,"Moderate quiet-breakout probability with moderate residual-upside magnitude. Prior momentum rank is 34.5%, inside the not-hot gate. Market-depth adequacy is moderate (0.499).",Wave 3 support is moderate; structural brakes are moderate. Supports: scarcity/amenity balance is strong (0.679); optionality is moderate (0.641). Brakes: wetlands constraint is moderate (0.612).,Structural support: scarcity/amenity balance is strong (0.679); optionality is moderate (0.641),Structural brakes: wetlands constraint is moderate (0.612),"Operator check: verify parcel availability, local listings, zoning/subdivision path, and whether the county-level signal is concentrated in investable submarkets."
25,299,primary_archetype_slot,manufacturing reshoring,96.85885146148476,06075,"San Francisco County, California",CA,West,manufacturing reshoring,96.85885146148476,remote-work lifestyle market,78.32756195437776,False,unreviewed,,299,0.7479688850475367,0.77467836003445,-0.046271348409362985,0.04082955281918341,0.5093799883693083,0.2967641674547207,827526.0,"High quiet-breakout probability with low residual-upside magnitude. Prior momentum rank is 4.1%, inside the not-hot gate. Market-depth adequacy is moderate (0.509).",Wave 3 support is strong; structural brakes are light. Supports: fragility/support balance is strong (0.773); scarcity/amenity balance is strong (0.716); optionality is strong (0.715). Brakes: no major structural brakes flagged.,Structural support: fragility/support balance is strong (0.773); scarcity/amenity balance is strong (0.716); optionality is strong (0.715),Structural brakes: no major structural brakes flagged,"Operator check: verify parcel availability, local listings, zoning/subdivision path, and whether the county-level signal is concentrated in investable submarkets."
26,336,primary_archetype_slot,manufacturing reshoring,89.56447128265488,25025,"Suffolk County, Massachusetts",MA,Northeast,manufacturing reshoring,89.56447128265488,remote-work lifestyle market,76.9292462894516,False,unreviewed,,336,0.7331460674157303,0.4801279326882565,-0.03895149835101953,0.2423849643551523,0.5059925095792366,0.3103427330398773,793144.0,"High quiet-breakout probability with low residual-upside magnitude. Prior momentum rank is 24.2%, inside the not-hot gate. Market-depth adequacy is moderate (0.506).",Wave 3 support is strong; structural brakes are moderate. Supports: fragility/support balance is strong (0.802); scarcity/amenity balance is strong (0.732); optionality is strong (0.731). Brakes: wetlands constraint is heavy (0.680).,Structural support: fragility/support balance is strong (0.802); scarcity/amenity balance is strong (0.732); optionality is strong (0.731),Structural brakes: wetlands constraint is heavy (0.680),"Operator check: verify parcel availability, local listings, zoning/subdivision path, and whether the county-level signal is concentrated in investable submarkets."
27,411,primary_archetype_slot,manufacturing reshoring,90.42783690864276,41051,"Multnomah County, Oregon",OR,West,manufacturing reshoring,90.42783690864276,remote-work lifestyle market,84.12913193476082,False,unreviewed,,411,0.706590319792567,0.5830686709779734,-0.034113558333200594,0.1117952041477641,0.4967305743369309,-0.0205697544907982,795897.0,"High quiet-breakout probability with low residual-upside magnitude. Prior momentum rank is 11.2%, inside the not-hot gate. Market-depth adequacy is moderate (0.497).",Wave 3 support is moderate; structural brakes are moderate. Supports: scarcity/amenity balance is strong (0.868); site-thesis support is moderate (0.619); optionality is moderate (0.615). Brakes: fragility pressure is moderate (0.659); wetlands constraint is moderate (0.645); constraint complexity is moderate (0.602).,Structural support: scarcity/amenity balance is strong (0.868); site-thesis support is moderate (0.619); optionality is moderate (0.615),Structural brakes: fragility pressure is moderate (0.659); wetlands constraint is moderate (0.645); constraint complexity is moderate (0.602),"Operator check: verify parcel availability, local listings, zoning/subdivision path, and whether the county-level signal is concentrated in investable submarkets."
28,3,primary_archetype_slot,recovery/rebound market,75.244054595353,42083,"McKean County, Pennsylvania",PA,Northeast,recovery/rebound market,75.244054595353,amenity migration,73.5772238838629,False,unreviewed,,3,0.9563094209161624,0.6764076678438742,0.08152082970254258,0.1743357096565133,0.8965249816462688,0.1575542554258862,39478.0,"High quiet-breakout probability with high residual-upside magnitude. Prior momentum rank is 17.4%, inside the not-hot gate. Market-depth adequacy is high (0.897).",Wave 3 support is moderate; structural brakes are moderate. Supports: scarcity/amenity balance is strong (0.672); optionality is moderate (0.636); fragility/support balance is moderate (0.603). Brakes: constraint pressure is moderate (0.617).,Structural support: scarcity/amenity balance is strong (0.672); optionality is moderate (0.636); fragility/support balance is moderate (0.603),Structural brakes: constraint pressure is moderate (0.617),"Operator check: verify parcel availability, local listings, zoning/subdivision path, and whether the county-level signal is concentrated in investable submarkets."
29,6,primary_archetype_slot,recovery/rebound market,77.34039038557313,42021,"Cambria County, Pennsylvania",PA,Northeast,recovery/rebound market,77.34039038557313,amenity migration,75.03468786193777,False,unreviewed,,6,0.9502160760587727,0.7489723701278652,0.13399939265908967,0.027219701879455604,0.7232553927732912,0.2175746866884713,130108.0,"High quiet-breakout probability with high residual-upside magnitude. Prior momentum rank is 2.7%, inside the not-hot gate. Market-depth adequacy is high (0.723).",Wave 3 support is moderate; structural brakes are light. Supports: fragility/support balance is strong (0.670); scarcity/amenity balance is moderate (0.648); optionality is moderate (0.629). Brakes: no major structural brakes flagged.,Structural support: fragility/support balance is strong (0.670); scarcity/amenity balance is moderate (0.648); optionality is moderate (0.629),Structural brakes: no major structural brakes flagged,"Operator check: verify parcel availability, local listings, zoning/subdivision path, and whether the county-level signal is concentrated in investable submarkets."
30,7,primary_archetype_slot,recovery/rebound market,77.03728861390088,24001,"Allegany County, Maryland",MD,South,recovery/rebound market,77.03728861390088,remote-work lifestyle market,71.96775587216942,False,unreviewed,,7,0.9460458081244598,0.6016044434441595,0.08274581667492621,0.339598185353208,0.8820301887480312,0.1435444898070478,67097.0,"High quiet-breakout probability with high residual-upside magnitude. Prior momentum rank is 34.0%, inside the not-hot gate. Market-depth adequacy is high (0.882).",Wave 3 support is moderate; structural brakes are moderate. Supports: optionality is moderate (0.616). Brakes: no major structural brakes flagged.,Structural support: optionality is moderate (0.616),Structural brakes: no major structural brakes flagged,"Operator check: verify parcel availability, local listings, zoning/subdivision path, and whether the county-level signal is concentrated in investable submarkets."
31,11,primary_archetype_slot,recovery/rebound market,78.15804891084723,21089,"Greenup County, Kentucky",KY,South,recovery/rebound market,78.15804891084723,amenity migration,74.65214621041214,False,unreviewed,,11,0.9261668107173725,0.6070180189424511,0.046580234866292335,0.48152948801036943,0.8605672680066107,0.1234386357191276,35273.0,"High quiet-breakout probability with high residual-upside magnitude. Prior momentum rank is 48.2%, inside the not-hot gate. Market-depth adequacy is high (0.861).",Wave 3 support is moderate; structural brakes are moderate. Supports: optionality is moderate (0.616); fragility/support balance is moderate (0.612). Brakes: no major structural brakes flagged.,Structural support: optionality is moderate (0.616); fragility/support balance is moderate (0.612),Structural brakes: no major structural brakes flagged,"Operator check: verify parcel availability, local listings, zoning/subdivision path, and whether the county-level signal is concentrated in investable submarkets."
32,13,primary_archetype_slot,recovery/rebound market,73.94935987541555,39013,"Belmont County, Ohio",OH,Midwest,recovery/rebound market,73.94935987541555,amenity migration,73.31430673286256,False,unreviewed,,13,0.9231417458945548,0.5909908151233977,0.051864908299534086,0.28548282566429034,0.8860612888964715,0.0915763569846039,64692.0,"High quiet-breakout probability with high residual-upside magnitude. Prior momentum rank is 28.5%, inside the not-hot gate. Market-depth adequacy is high (0.886).",Wave 3 support is moderate; structural brakes are moderate. Supports: optionality is moderate (0.629). Brakes: constraint pressure is moderate (0.560).,Structural support: optionality is moderate (0.629),Structural brakes: constraint pressure is moderate (0.560),"Operator check: verify parcel availability, local listings, zoning/subdivision path, and whether the county-level signal is concentrated in investable submarkets."
33,16,primary_archetype_slot,recovery/rebound market,74.83254499375037,42013,"Blair County, Pennsylvania",PA,Northeast,recovery/rebound market,74.83254499375037,amenity migration,71.12700991153721,False,unreviewed,,16,0.9217372515125324,0.536002333664391,0.07121975958131155,0.19248217757615035,0.7299763963326438,0.1902300265410224,120269.0,"High quiet-breakout probability with high residual-upside magnitude. Prior momentum rank is 19.2%, inside the not-hot gate. Market-depth adequacy is high (0.730).",Wave 3 support is moderate; structural brakes are light. Supports: optionality is moderate (0.642); fragility/support balance is moderate (0.610). Brakes: no major structural brakes flagged.,Structural support: optionality is moderate (0.642); fragility/support balance is moderate (0.610),Structural brakes: no major structural brakes flagged,"Operator check: verify parcel availability, local listings, zoning/subdivision path, and whether the county-level signal is concentrated in investable submarkets."
34,26,primary_archetype_slot,recovery/rebound market,67.59863354185711,21195,"Pike County, Kentucky",KY,South,recovery/rebound market,67.59863354185711,amenity migration,60.434752559230176,False,unreviewed,,26,0.9117977528089887,0.7097795854113551,0.023317757632308637,0.25826312378483474,0.9643794302306267,0.0648047601365439,55430.0,"High quiet-breakout probability with moderate residual-upside magnitude. Prior momentum rank is 25.8%, inside the not-hot gate. Market-depth adequacy is high (0.964).",Wave 3 support is moderate; structural brakes are moderate. Supports: no major structural supports flagged. Brakes: no major structural brakes flagged.,Structural support: no major structural supports flagged,Structural brakes: no major structural brakes flagged,"Operator check: verify parcel availability, local listings, zoning/subdivision path, and whether the county-level signal is concentrated in investable submarkets."
35,28,primary_archetype_slot,recovery/rebound market,70.88902270517264,35006,"Cibola County, New Mexico",NM,West,recovery/rebound market,70.88902270517264,remote-work lifestyle market,65.90800409548528,False,unreviewed,,28,0.91028522039758,0.6221271175240561,0.046460620074039935,0.34996759559300067,0.649216955862457,0.1704649993789556,26686.0,"High quiet-breakout probability with high residual-upside magnitude. Prior momentum rank is 35.0%, inside the not-hot gate. Market-depth adequacy is moderate (0.649).",Wave 3 support is moderate; structural brakes are moderate. Supports: optionality is moderate (0.649); scarcity/amenity balance is moderate (0.647); site-thesis support is moderate (0.607). Brakes: fragility pressure is moderate (0.633).,Structural support: optionality is moderate (0.649); scarcity/amenity balance is moderate (0.647); site-thesis support is moderate (0.607),Structural brakes: fragility pressure is moderate (0.633),"Operator check: verify parcel availability, local listings, zoning/subdivision path, and whether the county-level signal is concentrated in investable submarkets."
36,29,primary_archetype_slot,recovery/rebound market,78.57196764363113,54049,"Marion County, West Virginia",WV,South,recovery/rebound market,78.57196764363113,amenity migration,70.58446825430399,False,unreviewed,,29,0.9085133967156439,0.40641439486119324,0.0571353022559442,0.3833441348023331,0.9342218773100395,0.207997791296489,55649.0,"Moderate quiet-breakout probability with high residual-upside magnitude. Prior momentum rank is 38.3%, inside the not-hot gate. Market-depth adequacy is high (0.934).",Wave 3 support is moderate; structural brakes are light. Supports: fragility/support balance is moderate (0.665); optionality is moderate (0.634). Brakes: no major structural brakes flagged.,Structural support: fragility/support balance is moderate (0.665); optionality is moderate (0.634),Structural brakes: no major structural brakes flagged,"Operator check: verify parcel availability, local listings, zoning/subdivision path, and whether the county-level signal is concentrated in investable submarkets."
37,53,primary_archetype_slot,recovery/rebound market,71.24364736172839,39105,"Meigs County, Ohio",OH,Midwest,recovery/rebound market,71.24364736172839,amenity migration,66.75811902312643,False,unreviewed,,53,0.8850043215211755,0.5968703331306423,0.04407155189849584,0.11471160077770577,0.5995282222344045,0.1038574365613929,21491.0,"High quiet-breakout probability with high residual-upside magnitude. Prior momentum rank is 11.5%, inside the not-hot gate. Market-depth adequacy is moderate (0.600).",Wave 3 support is moderate; structural brakes are moderate. Supports: optionality is moderate (0.604). Brakes: no major structural brakes flagged.,Structural support: optionality is moderate (0.604),Structural brakes: no major structural brakes flagged,"Operator check: verify parcel availability, local listings, zoning/subdivision path, and whether the county-level signal is concentrated in investable submarkets."
38,1,primary_archetype_slot,remote-work lifestyle market,70.42944896446389,35005,"Chaves County, New Mexico",NM,West,remote-work lifestyle market,70.42944896446389,amenity migration,69.55515961421887,False,unreviewed,,1,0.9661624891961971,0.6477902509788129,0.050145571825169453,0.09202851587815943,0.9129171771491311,0.3327727551676472,63697.0,"High quiet-breakout probability with high residual-upside magnitude. Prior momentum rank is 9.2%, inside the not-hot gate. Market-depth adequacy is high (0.913).",Wave 3 support is strong; structural brakes are light. Supports: optionality is strong (0.731); fragility/support balance is strong (0.718); site-thesis support is strong (0.715). Brakes: no major structural brakes flagged.,Structural support: optionality is strong (0.731); fragility/support balance is strong (0.718); site-thesis support is strong (0.715),Structural brakes: no major structural brakes flagged,"Operator check: verify parcel availability, local listings, zoning/subdivision path, and whether the county-level signal is concentrated in investable submarkets."
39,10,primary_archetype_slot,remote-work lifestyle market,61.729380094719886,16013,"Blaine County, Idaho",ID,West,remote-work lifestyle market,61.729380094719886,amenity migration,59.53776903554632,False,unreviewed,,10,0.9292999135695764,0.43788584113811546,0.16769777982292364,0.4118600129617628,0.8820062187108225,0.2427670979635803,25261.0,"Moderate quiet-breakout probability with high residual-upside magnitude. Prior momentum rank is 41.2%, inside the not-hot gate. Market-depth adequacy is high (0.882).",Wave 3 support is strong; structural brakes are moderate. Supports: scarcity/amenity balance is strong (0.778); optionality is strong (0.696); site-thesis support is strong (0.678). Brakes: no major structural brakes flagged.,Structural support: scarcity/amenity balance is strong (0.778); optionality is strong (0.696); site-thesis support is strong (0.678),Structural brakes: no major structural brakes flagged,"Operator check: verify parcel availability, local listings, zoning/subdivision path, and whether the county-level signal is concentrated in investable submarkets."
40,25,primary_archetype_slot,remote-work lifestyle market,74.95370485098402,16085,"Valley County, Idaho",ID,West,remote-work lifestyle market,74.95370485098402,amenity migration,72.27605644282222,False,unreviewed,,25,0.912294727744166,0.6124983441152013,0.049422177009275696,0.2018794556059624,0.6794799820169676,0.1553127567527407,12777.0,"High quiet-breakout probability with high residual-upside magnitude. Prior momentum rank is 20.2%, inside the not-hot gate. Market-depth adequacy is moderate (0.679).",Wave 3 support is moderate; structural brakes are moderate. Supports: scarcity/amenity balance is strong (0.810); site-thesis support is moderate (0.664); optionality is moderate (0.652). Brakes: no major structural brakes flagged.,Structural support: scarcity/amenity balance is strong (0.810); site-thesis support is moderate (0.664); optionality is moderate (0.652),Structural brakes: no major structural brakes flagged,"Operator check: verify parcel availability, local listings, zoning/subdivision path, and whether the county-level signal is concentrated in investable submarkets."
41,40,primary_archetype_slot,remote-work lifestyle market,69.13746130920944,50015,"Lamoille County, Vermont",VT,Northeast,remote-work lifestyle market,69.13746130920944,amenity migration,67.99570263641155,False,unreviewed,,40,0.8931719965427831,0.4778833907137474,0.08248798885485613,0.313350615683733,0.8758815164371483,0.0116142810719008,26248.0,"High quiet-breakout probability with high residual-upside magnitude. Prior momentum rank is 31.3%, inside the not-hot gate. Market-depth adequacy is high (0.876).",Wave 3 support is moderate; structural brakes are moderate. Supports: no major structural supports flagged. Brakes: constraint pressure is heavy (0.720); wetlands constraint is moderate (0.568).,Structural support: no major structural supports flagged,Structural brakes: constraint pressure is heavy (0.720); wetlands constraint is moderate (0.568),"Operator check: verify parcel availability, local listings, zoning/subdivision path, and whether the county-level signal is concentrated in investable submarkets."
42,42,primary_archetype_slot,remote-work lifestyle market,74.38089525082452,08117,"Summit County, Colorado",CO,West,remote-work lifestyle market,74.38089525082452,amenity migration,72.20542740585218,False,unreviewed,,42,0.8924373379429559,0.49306142608969245,0.01249599649277961,0.14322747893713544,0.9323238277463718,0.1911223716153263,30882.0,"High quiet-breakout probability with moderate residual-upside magnitude. Prior momentum rank is 14.3%, inside the not-hot gate. Market-depth adequacy is high (0.932).",Wave 3 support is moderate; structural brakes are moderate. Supports: scarcity/amenity balance is strong (0.844); fragility/support balance is strong (0.697); site-thesis support is moderate (0.668). Brakes: no major structural brakes flagged.,Structural support: scarcity/amenity balance is strong (0.844); fragility/support balance is strong (0.697); site-thesis support is moderate (0.668),Structural brakes: no major structural brakes flagged,"Operator check: verify parcel availability, local listings, zoning/subdivision path, and whether the county-level signal is concentrated in investable submarkets."
43,43,primary_archetype_slot,remote-work lifestyle market,77.24057739325266,37111,"McDowell County, North Carolina",NC,South,remote-work lifestyle market,77.24057739325266,amenity migration,77.09716963658883,False,unreviewed,,43,0.8913353500432152,0.41990520112832097,0.03754825724527424,0.4630589760207388,0.9946298732084097,0.1054820941635827,45269.0,"Moderate quiet-breakout probability with high residual-upside magnitude. Prior momentum rank is 46.3%, inside the not-hot gate. Market-depth adequacy is high (0.995).",Wave 3 support is moderate; structural brakes are moderate. Supports: scarcity/amenity balance is strong (0.710); optionality is moderate (0.660); site-thesis support is moderate (0.612). Brakes: constraint pressure is moderate (0.574).,Structural support: scarcity/amenity balance is strong (0.710); optionality is moderate (0.660); site-thesis support is moderate (0.612),Structural brakes: constraint pressure is moderate (0.574),"Operator check: verify parcel availability, local listings, zoning/subdivision path, and whether the county-level signal is concentrated in investable submarkets."
44,45,primary_archetype_slot,remote-work lifestyle market,74.69745223960253,37153,"Richmond County, North Carolina",NC,South,remote-work lifestyle market,74.69745223960253,amenity migration,74.18593962092314,False,unreviewed,,45,0.8909248055315471,0.5668769701245444,0.048813567018669686,0.41250810110174985,0.9573164812127898,-0.0921908018518161,41990.0,"High quiet-breakout probability with high residual-upside magnitude. Prior momentum rank is 41.3%, inside the not-hot gate. Market-depth adequacy is high (0.957).",Wave 3 support is moderate; structural brakes are moderate. Supports: scarcity/amenity balance is moderate (0.631). Brakes: wetlands constraint is moderate (0.638); fragility pressure is moderate (0.629); constraint complexity is moderate (0.585).,Structural support: scarcity/amenity balance is moderate (0.631),Structural brakes: wetlands constraint is moderate (0.638); fragility pressure is moderate (0.629); constraint complexity is moderate (0.585),"Operator check: verify parcel availability, local listings, zoning/subdivision path, and whether the county-level signal is concentrated in investable submarkets."
45,49,primary_archetype_slot,remote-work lifestyle market,83.04483025850863,16019,"Bonneville County, Idaho",ID,West,remote-work lifestyle market,83.04483025850863,amenity migration,79.66285068845076,False,unreviewed,,49,0.8877700950734659,0.6625842000382623,0.03599021002129792,0.13836681788723265,0.696662733952822,0.0599250429343566,133644.0,"High quiet-breakout probability with high residual-upside magnitude. Prior momentum rank is 13.8%, inside the not-hot gate. Market-depth adequacy is moderate (0.697).",Wave 3 support is moderate; structural brakes are moderate. Supports: scarcity/amenity balance is strong (0.789); optionality is moderate (0.659); site-thesis support is moderate (0.642). Brakes: fragility pressure is moderate (0.595); constraint complexity is moderate (0.566); constraint pressure is moderate (0.555).,Structural support: scarcity/amenity balance is strong (0.789); optionality is moderate (0.659); site-thesis support is moderate (0.642),Structural brakes: fragility pressure is moderate (0.595); constraint complexity is moderate (0.566); constraint pressure is moderate (0.555),"Operator check: verify parcel availability, local listings, zoning/subdivision path, and whether the county-level signal is concentrated in investable submarkets."
46,58,primary_archetype_slot,remote-work lifestyle market,64.8947085839281,08007,"Archuleta County, Colorado",CO,West,remote-work lifestyle market,64.8947085839281,amenity migration,62.25754399741066,False,unreviewed,,58,0.8822817631806396,0.46753163703190476,0.04246675336220112,0.43486714193130266,0.6274704489296528,0.1939285265799014,14112.0,"High quiet-breakout probability with high residual-upside magnitude. Prior momentum rank is 43.5%, inside the not-hot gate. Market-depth adequacy is moderate (0.627).",Wave 3 support is moderate; structural brakes are moderate. Supports: scarcity/amenity balance is strong (0.703); optionality is strong (0.673); site-thesis support is moderate (0.638). Brakes: no major structural brakes flagged.,Structural support: scarcity/amenity balance is strong (0.703); optionality is strong (0.673); site-thesis support is moderate (0.638),Structural brakes: no major structural brakes flagged,"Operator check: verify parcel availability, local listings, zoning/subdivision path, and whether the county-level signal is concentrated in investable submarkets."
47,59,primary_archetype_slot,remote-work lifestyle market,64.58991622356275,08051,"Gunnison County, Colorado",CO,West,remote-work lifestyle market,64.58991622356275,amenity migration,62.29101530020163,False,unreviewed,,59,0.8819576490924805,0.39078438971832274,0.0858448598163841,0.2929358392741413,0.7529882313933323,0.1733423392560403,17310.0,"Moderate quiet-breakout probability with high residual-upside magnitude. Prior momentum rank is 29.3%, inside the not-hot gate. Market-depth adequacy is high (0.753).",Wave 3 support is moderate; structural brakes are moderate. Supports: scarcity/amenity balance is strong (0.754); optionality is moderate (0.649); site-thesis support is moderate (0.642). Brakes: no major structural brakes flagged.,Structural support: scarcity/amenity balance is strong (0.754); optionality is moderate (0.649); site-thesis support is moderate (0.642),Structural brakes: no major structural brakes flagged,"Operator check: verify parcel availability, local listings, zoning/subdivision path, and whether the county-level signal is concentrated in investable submarkets."
48,911,secondary_archetype_backfill,affordability spillover,65.0126624134989,48101,"Cottle County, Texas",TX,South,recovery/rebound market,75.87264394689768,affordability spillover,65.0126624134989,False,unreviewed,,911,0.5531979256698357,0.19972717280042307,-0.00019071498952831172,0.0508749189889825,0.05476334444897146,-0.0722857022147085,1263.0,"Low quiet-breakout probability with moderate residual-upside magnitude. Prior momentum rank is 5.1%, inside the not-hot gate. Market-depth adequacy is low (0.055).",Wave 3 support is moderate; structural brakes are moderate. Supports: no major structural supports flagged. Brakes: fragility pressure is moderate (0.558).,Structural support: no major structural supports flagged,Structural brakes: fragility pressure is moderate (0.558),"Operator check: verify parcel availability, local listings, zoning/subdivision path, and whether the county-level signal is concentrated in investable submarkets."
49,607,secondary_archetype_backfill,affordability spillover,63.77054054080723,48433,"Stonewall County, Texas",TX,South,recovery/rebound market,71.0639363824662,affordability spillover,63.77054054080723,False,unreviewed,,607,0.6385479688850476,0.3266779757148353,-0.019664181216069044,0.02916396629941672,0.03644579185866548,0.037833202270787,1235.0,"Moderate quiet-breakout probability with low residual-upside magnitude. Prior momentum rank is 2.9%, inside the not-hot gate. Market-depth adequacy is low (0.036).",Wave 3 support is moderate; structural brakes are light. Supports: developability is moderate (0.601). Brakes: fragility pressure is moderate (0.613).,Structural support: developability is moderate (0.601),Structural brakes: fragility pressure is moderate (0.613),"Operator check: verify parcel availability, local listings, zoning/subdivision path, and whether the county-level signal is concentrated in investable submarkets."
50,444,secondary_archetype_backfill,affordability spillover,61.49167562419426,48495,"Winkler County, Texas",TX,South,recovery/rebound market,62.785259139505115,affordability spillover,61.49167562419426,False,unreviewed,,444,0.6959161624891962,0.7130411286627037,-0.05941475798553552,0.017174335709656513,0.27594757074569687,0.4062531956653585,7381.0,"High quiet-breakout probability with low residual-upside magnitude. Prior momentum rank is 1.7%, inside the not-hot gate. Market-depth adequacy is low (0.276).",Wave 3 support is moderate; structural brakes are light. Supports: fragility/support balance is strong (0.779); developability is strong (0.776); site-thesis support is moderate (0.657). Brakes: no major structural brakes flagged.,Structural support: fragility/support balance is strong (0.779); developability is strong (0.776); site-thesis support is moderate (0.657),Structural brakes: no major structural brakes flagged,"Operator check: verify parcel availability, local listings, zoning/subdivision path, and whether the county-level signal is concentrated in investable submarkets."
51,160,secondary_archetype_backfill,affordability spillover,60.96369874545805,30079,"Prairie County, Montana",MT,West,remote-work lifestyle market,73.61987365210109,amenity migration,72.72595175584634,False,unreviewed,,160,0.8179343128781331,0.5359481135733802,0.0095430586616765,0.5051847051198963,0.021096748001166232,0.3280192756791006,1112.0,"High quiet-breakout probability with moderate residual-upside magnitude. Prior momentum rank is 50.5%, inside the not-hot gate. Market-depth adequacy is low (0.021).",Wave 3 support is strong; structural brakes are light. Supports: optionality is strong (0.739); fragility/support balance is strong (0.721); site-thesis support is strong (0.710). Brakes: no major structural brakes flagged.,Structural support: optionality is strong (0.739); fragility/support balance is strong (0.721); site-thesis support is strong (0.710),Structural brakes: no major structural brakes flagged,"Operator check: verify parcel availability, local listings, zoning/subdivision path, and whether the county-level signal is concentrated in investable submarkets."
52,1615,secondary_archetype_backfill,affordability spillover,59.592636790696446,06003,"Alpine County, California",CA,West,remote-work lifestyle market,78.56595272419285,amenity migration,73.92925292141642,False,unreviewed,,1615,0.3727095937770095,0.1753809855062048,-0.06665223566315884,0.1510045366169799,0.06370854663413339,-0.069520737879221,1099.0,"Low quiet-breakout probability with low residual-upside magnitude. Prior momentum rank is 15.1%, inside the not-hot gate. Market-depth adequacy is low (0.064).",Wave 3 support is moderate; structural brakes are moderate. Supports: scarcity/amenity balance is strong (0.709). Brakes: constraint pressure is heavy (0.742); constraint complexity is moderate (0.627).,Structural support: scarcity/amenity balance is strong (0.709),Structural brakes: constraint pressure is heavy (0.742); constraint complexity is moderate (0.627),"Operator check: verify parcel availability, local listings, zoning/subdivision path, and whether the county-level signal is concentrated in investable submarkets."
53,1456,secondary_archetype_backfill,affordability spillover,59.36180338633331,48081,"Coke County, Texas",TX,South,amenity migration,67.40315388909298,retirement migration,67.40315388909298,False,unreviewed,,1456,0.41078219533275717,0.20811192942742154,-0.08366406781178103,0.023331173039533377,0.11963029511398604,0.1083125260733506,3396.0,"Low quiet-breakout probability with low residual-upside magnitude. Prior momentum rank is 2.3%, inside the not-hot gate. Market-depth adequacy is low (0.120).",Wave 3 support is moderate; structural brakes are moderate. Supports: optionality is moderate (0.639); developability is moderate (0.600). Brakes: no major structural brakes flagged.,Structural support: optionality is moderate (0.639); developability is moderate (0.600),Structural brakes: no major structural brakes flagged,"Operator check: verify parcel availability, local listings, zoning/subdivision path, and whether the county-level signal is concentrated in investable submarkets."
54,151,secondary_archetype_backfill,affordability spillover,59.285838837458485,04011,"Greenlee County, Arizona",AZ,West,remote-work lifestyle market,76.90553924657604,amenity migration,73.92405358246239,False,unreviewed,,151,0.8241789109766637,0.700898643655955,-0.004215511076350622,0.06286454957874271,0.31606545734214364,0.2520135943742472,9410.0,"High quiet-breakout probability with moderate residual-upside magnitude. Prior momentum rank is 6.3%, inside the not-hot gate. Market-depth adequacy is low (0.316).",Wave 3 support is moderate; structural brakes are moderate. Supports: optionality is strong (0.709); scarcity/amenity balance is strong (0.700); site-thesis support is strong (0.676). Brakes: no major structural brakes flagged.,Structural support: optionality is strong (0.709); scarcity/amenity balance is strong (0.700); site-thesis support is strong (0.676),Structural brakes: no major structural brakes flagged,"Operator check: verify parcel availability, local listings, zoning/subdivision path, and whether the county-level signal is concentrated in investable submarkets."
55,554,secondary_archetype_backfill,affordability spillover,59.012427061593606,35025,"Lea County, New Mexico",NM,West,remote-work lifestyle market,70.80009260945992,amenity migration,69.80861386158765,False,unreviewed,,554,0.6515557476231635,0.6683823955650146,-0.13102878521234504,0.0152300712896954,0.8644119511110137,0.4723621900376049,75151.0,"High quiet-breakout probability with low residual-upside magnitude. Prior momentum rank is 1.5%, inside the not-hot gate. Market-depth adequacy is high (0.864).",Wave 3 support is strong; structural brakes are light. Supports: site-thesis support is strong (0.809); fragility/support balance is strong (0.794); optionality is strong (0.773). Brakes: no major structural brakes flagged.,Structural support: site-thesis support is strong (0.809); fragility/support balance is strong (0.794); optionality is strong (0.773),Structural brakes: no major structural brakes flagged,"Operator check: verify parcel availability, local listings, zoning/subdivision path, and whether the county-level signal is concentrated in investable submarkets."
56,1288,secondary_archetype_backfill,college/medical institutional anchor,99.97638167217762,06037,"Los Angeles County, California",CA,West,manufacturing reshoring,81.72914651606763,remote-work lifestyle market,79.32431071290416,False,unreviewed,,1288,0.4518798617113224,0.27569036536558544,-0.11613939282609136,0.39565780946208684,0.4615928837514319,0.1173771312726513,9757179.0,"Low quiet-breakout probability with low residual-upside magnitude. Prior momentum rank is 39.6%, inside the not-hot gate. Market-depth adequacy is moderate (0.462).",Wave 3 support is moderate; structural brakes are moderate. Supports: scarcity/amenity balance is strong (0.852); optionality is strong (0.707); site-thesis support is strong (0.677). Brakes: fragility pressure is moderate (0.635).,Structural support: scarcity/amenity balance is strong (0.852); optionality is strong (0.707); site-thesis support is strong (0.677),Structural brakes: fragility pressure is moderate (0.635),"Operator check: verify parcel availability, local listings, zoning/subdivision path, and whether the county-level signal is concentrated in investable submarkets."
57,1371,secondary_archetype_backfill,college/medical institutional anchor,99.88190836088806,17031,"Cook County, Illinois",IL,Midwest,amenity migration,82.60276879908757,retirement migration,82.60276879908757,False,unreviewed,,1371,0.4321737251512532,0.12808216780712103,-0.05675717638895437,0.4235255994815295,0.46225115965520824,0.3754866426420621,5182617.0,"Low quiet-breakout probability with low residual-upside magnitude. Prior momentum rank is 42.4%, inside the not-hot gate. Market-depth adequacy is moderate (0.462).",Wave 3 support is strong; structural brakes are light. Supports: fragility/support balance is strong (0.817); scarcity/amenity balance is strong (0.772); optionality is moderate (0.660). Brakes: no major structural brakes flagged.,Structural support: fragility/support balance is strong (0.817); scarcity/amenity balance is strong (0.772); optionality is moderate (0.660),Structural brakes: no major structural brakes flagged,"Operator check: verify parcel availability, local listings, zoning/subdivision path, and whether the county-level signal is concentrated in investable submarkets."
58,2110,secondary_archetype_backfill,college/medical institutional anchor,99.72051645410171,48201,"Harris County, Texas",TX,South,manufacturing reshoring,94.99448955931892,amenity migration,76.46210221108876,False,unreviewed,,2110,0.23714347450302506,0.048282248580567406,-0.08371002342179396,0.3914452365521711,0.4629692922034051,0.0362634081743852,5009302.0,"Low quiet-breakout probability with low residual-upside magnitude. Prior momentum rank is 39.1%, inside the not-hot gate. Market-depth adequacy is moderate (0.463).",Wave 3 support is moderate; structural brakes are moderate. Supports: scarcity/amenity balance is strong (0.699); fragility/support balance is moderate (0.613); site-thesis support is moderate (0.601). Brakes: wetlands constraint is heavy (0.795).,Structural support: scarcity/amenity balance is strong (0.699); fragility/support balance is moderate (0.613); site-thesis support is moderate (0.601),Structural brakes: wetlands constraint is heavy (0.795),"Operator check: verify parcel availability, local listings, zoning/subdivision path, and whether the county-level signal is concentrated in investable submarkets."
59,1734,secondary_archetype_backfill,college/medical institutional anchor,99.2993229412691,48439,"Tarrant County, Texas",TX,South,amenity migration,76.99003291454895,retirement migration,76.99003291454895,False,unreviewed,,1734,0.3432800345721694,0.039119239300322975,-0.048636418282429615,0.36649384316267014,0.4686593503674473,0.2136917608649333,2230708.0,"Low quiet-breakout probability with low residual-upside magnitude. Prior momentum rank is 36.6%, inside the not-hot gate. Market-depth adequacy is moderate (0.469).",Wave 3 support is strong; structural brakes are moderate. Supports: optionality is strong (0.724); scarcity/amenity balance is strong (0.720); fragility/support balance is strong (0.696). Brakes: fragility pressure is heavy (0.675).,Structural support: optionality is strong (0.724); scarcity/amenity balance is strong (0.720); fragility/support balance is strong (0.696),Structural brakes: fragility pressure is heavy (0.675),"Operator check: verify parcel availability, local listings, zoning/subdivision path, and whether the county-level signal is concentrated in investable submarkets."
60,657,secondary_archetype_backfill,college/medical institutional anchor,99.18123130215713,04013,"Maricopa County, Arizona",AZ,West,remote-work lifestyle market,67.9676566722928,amenity migration,65.57476147284389,False,unreviewed,,657,0.6234442523768365,0.19658938033619489,-0.00594924784354358,0.21451717433570966,0.46269160822819655,0.2174855177829256,4673096.0,"Low quiet-breakout probability with moderate residual-upside magnitude. Prior momentum rank is 21.5%, inside the not-hot gate. Market-depth adequacy is moderate (0.463).",Wave 3 support is moderate; structural brakes are moderate. Supports: optionality is strong (0.733); site-thesis support is strong (0.690); scarcity/amenity balance is moderate (0.652). Brakes: fragility pressure is moderate (0.553).,Structural support: optionality is strong (0.733); site-thesis support is strong (0.690); scarcity/amenity balance is moderate (0.652),Structural brakes: fragility pressure is moderate (0.553),"Operator check: verify parcel availability, local listings, zoning/subdivision path, and whether the county-level signal is concentrated in investable submarkets."
61,945,secondary_archetype_backfill,college/medical institutional anchor,99.11431270666036,18097,"Marion County, Indiana",IN,Midwest,amenity migration,76.45184202651131,retirement migration,76.45184202651131,False,unreviewed,,945,0.5439282627484875,0.15934766605174233,-0.0232255890789619,0.5479585223590409,0.4857570265791923,0.1827715182900235,981628.0,"Low quiet-breakout probability with low residual-upside magnitude. Prior momentum rank is 54.8%, inside the not-hot gate. Market-depth adequacy is moderate (0.486).",Wave 3 support is moderate; structural brakes are moderate. Supports: fragility/support balance is strong (0.717); site-thesis support is moderate (0.607). Brakes: no major structural brakes flagged.,Structural support: fragility/support balance is strong (0.717); site-thesis support is moderate (0.607),Structural brakes: no major structural brakes flagged,"Operator check: verify parcel availability, local listings, zoning/subdivision path, and whether the county-level signal is concentrated in investable submarkets."
62,405,secondary_archetype_backfill,college/medical institutional anchor,98.94898441190365,26163,"Wayne County, Michigan",MI,Midwest,amenity migration,82.60127398678671,retirement migration,82.60127398678671,False,unreviewed,,405,0.7095073465859983,0.32126159591649794,-0.016762308954959098,0.5615683732987686,0.4724351213543503,0.2694313203413261,1771063.0,"Moderate quiet-breakout probability with low residual-upside magnitude. Prior momentum rank is 56.2%, inside the not-hot gate. Market-depth adequacy is moderate (0.472).",Wave 3 support is strong; structural brakes are moderate. Supports: fragility/support balance is strong (0.784); scarcity/amenity balance is strong (0.726); site-thesis support is moderate (0.634). Brakes: wetlands constraint is moderate (0.584).,Structural support: fragility/support balance is strong (0.784); scarcity/amenity balance is strong (0.726); site-thesis support is moderate (0.634),Structural brakes: wetlands constraint is moderate (0.584),"Operator check: verify parcel availability, local listings, zoning/subdivision path, and whether the county-level signal is concentrated in investable submarkets."
63,2301,secondary_archetype_backfill,college/medical institutional anchor,98.87025665249568,25017,"Middlesex County, Massachusetts",MA,Northeast,manufacturing reshoring,85.54687209742401,remote-work lifestyle market,82.24315911488169,False,unreviewed,,2301,0.11901469317199653,0.009625389165220927,-0.11426548208288027,0.677900194426442,0.47229375712045096,-0.0463016147459697,1668956.0,"Low quiet-breakout probability with low residual-upside magnitude. Prior momentum rank is 67.8%, inside the not-hot gate. Market-depth adequacy is moderate (0.472).",Wave 3 support is moderate; structural brakes are moderate. Supports: scarcity/amenity balance is strong (0.700); site-thesis support is moderate (0.609). Brakes: wetlands constraint is heavy (0.847); constraint pressure is moderate (0.601); constraint complexity is moderate (0.551).,Structural support: scarcity/amenity balance is strong (0.700); site-thesis support is moderate (0.609),Structural brakes: wetlands constraint is heavy (0.847); constraint pressure is moderate (0.601); constraint complexity is moderate (0.551),"Operator check: verify parcel availability, local listings, zoning/subdivision path, and whether the county-level signal is concentrated in investable submarkets."
64,2168,secondary_archetype_backfill,college/medical institutional anchor,98.76791056526531,06073,"San Diego County, California",CA,West,remote-work lifestyle market,79.33742577691321,amenity migration,75.69201885905632,False,unreviewed,,2168,0.21691875540190145,0.01777497630944125,-0.07513375032274026,0.7472456254050551,0.46395394558521497,0.0961554057670762,3298799.0,"Low quiet-breakout probability with low residual-upside magnitude. Prior momentum rank is 74.7%, inside the not-hot gate. Market-depth adequacy is moderate (0.464).",Wave 3 support is moderate; structural brakes are moderate. Supports: scarcity/amenity balance is strong (0.845); optionality is strong (0.695); site-thesis support is strong (0.676). Brakes: fragility pressure is moderate (0.640); constraint complexity is moderate (0.555).,Structural support: scarcity/amenity balance is strong (0.845); optionality is strong (0.695); site-thesis support is strong (0.676),Structural brakes: fragility pressure is moderate (0.640); constraint complexity is moderate (0.555),"Operator check: verify parcel availability, local listings, zoning/subdivision path, and whether the county-level signal is concentrated in investable submarkets."
65,316,secondary_archetype_backfill,college/medical institutional anchor,98.61832782239016,32003,"Clark County, Nevada",NV,West,remote-work lifestyle market,76.04245895974361,amenity migration,75.20897264716837,False,unreviewed,,316,0.7404926534140017,0.2603665972321753,0.027288602835538075,0.4345430978613091,0.4664343051829657,0.267505918745167,2398871.0,"Low quiet-breakout probability with high residual-upside magnitude. Prior momentum rank is 43.5%, inside the not-hot gate. Market-depth adequacy is moderate (0.466).",Wave 3 support is strong; structural brakes are moderate. Supports: scarcity/amenity balance is strong (0.834); optionality is strong (0.717); fragility/support balance is strong (0.710). Brakes: no major structural brakes flagged.,Structural support: scarcity/amenity balance is strong (0.834); optionality is strong (0.717); fragility/support balance is strong (0.710),Structural brakes: no major structural brakes flagged,"Operator check: verify parcel availability, local listings, zoning/subdivision path, and whether the county-level signal is concentrated in investable submarkets."
66,1252,secondary_archetype_backfill,constrained-supply demand,64.52440093127396,16067,"Minidoka County, Idaho",ID,West,remote-work lifestyle market,78.22508507257223,amenity migration,74.705212433178,False,unreviewed,,1252,0.46056611927398444,0.20372250989741572,-0.11175867520832007,0.5009721322099806,0.7410320998983444,0.4338764878508828,22691.0,"Low quiet-breakout probability with low residual-upside magnitude. Prior momentum rank is 50.1%, inside the not-hot gate. Market-depth adequacy is high (0.741).",Wave 3 support is strong; structural brakes are light. Supports: site-thesis support is strong (0.799); optionality is strong (0.795); fragility/support balance is strong (0.774). Brakes: no major structural brakes flagged.,Structural support: site-thesis support is strong (0.799); optionality is strong (0.795); fragility/support balance is strong (0.774),Structural brakes: no major structural brakes flagged,"Operator check: verify parcel availability, local listings, zoning/subdivision path, and whether the county-level signal is concentrated in investable submarkets."
67,567,secondary_archetype_backfill,constrained-supply demand,61.4864734197354,16001,"Ada County, Idaho",ID,West,remote-work lifestyle market,75.61381324441042,amenity migration,72.37018088983565,False,unreviewed,,567,0.6489196197061365,0.3132177694570935,-0.0441372865684961,0.09688917692806222,0.5205115368676794,0.3659713265249597,535799.0,"Moderate quiet-breakout probability with low residual-upside magnitude. Prior momentum rank is 9.7%, inside the not-hot gate. Market-depth adequacy is moderate (0.521).",Wave 3 support is strong; structural brakes are light. Supports: scarcity/amenity balance is strong (0.761); optionality is strong (0.753); fragility/support balance is strong (0.746). Brakes: no major structural brakes flagged.,Structural support: scarcity/amenity balance is strong (0.761); optionality is strong (0.753); fragility/support balance is strong (0.746),Structural brakes: no major structural brakes flagged,"Operator check: verify parcel availability, local listings, zoning/subdivision path, and whether the county-level signal is concentrated in investable submarkets."
68,1337,secondary_archetype_backfill,constrained-supply demand,61.4693796731707,16063,"Lincoln County, Idaho",ID,West,remote-work lifestyle market,72.38784299242509,amenity migration,68.87206124935659,False,unreviewed,,1337,0.4387208297320657,0.22087999549269188,-0.09959509684114327,0.3357096565132858,0.20289025065866495,0.3674241675215488,5556.0,"Low quiet-breakout probability with low residual-upside magnitude. Prior momentum rank is 33.6%, inside the not-hot gate. Market-depth adequacy is low (0.203).",Wave 3 support is strong; structural brakes are light. Supports: optionality is strong (0.753); site-thesis support is strong (0.750); scarcity/amenity balance is strong (0.749). Brakes: no major structural brakes flagged.,Structural support: optionality is strong (0.753); site-thesis support is strong (0.750); scarcity/amenity balance is strong (0.749),Structural brakes: no major structural brakes flagged,"Operator check: verify parcel availability, local listings, zoning/subdivision path, and whether the county-level signal is concentrated in investable submarkets."
69,449,secondary_archetype_backfill,constrained-supply demand,61.36727243440172,35015,"Eddy County, New Mexico",NM,West,remote-work lifestyle market,72.874502864494,amenity migration,71.94547970882286,False,unreviewed,,449,0.6946629213483146,0.6649300566284033,-0.09485088929517305,0.07485418016850291,0.8808693104651225,0.4192861336008934,61436.0,"High quiet-breakout probability with low residual-upside magnitude. Prior momentum rank is 7.5%, inside the not-hot gate. Market-depth adequacy is high (0.881).",Wave 3 support is strong; structural brakes are light. Supports: fragility/support balance is strong (0.766); site-thesis support is strong (0.753); optionality is strong (0.748). Brakes: no major structural brakes flagged.,Structural support: fragility/support balance is strong (0.766); site-thesis support is strong (0.753); optionality is strong (0.748),Structural brakes: no major structural brakes flagged,"Operator check: verify parcel availability, local listings, zoning/subdivision path, and whether the county-level signal is concentrated in investable submarkets."
70,61,secondary_archetype_backfill,constrained-supply demand,61.1332272735336,16023,"Butte County, Idaho",ID,West,amenity migration,69.27434189200967,retirement migration,69.27434189200967,False,unreviewed,,61,0.8812445980985306,0.5449363445063011,0.06460509962647869,0.4364873622812703,0.18796433526484835,0.324162534601031,2735.0,"High quiet-breakout probability with high residual-upside magnitude. Prior momentum rank is 43.6%, inside the not-hot gate. Market-depth adequacy is low (0.188).",Wave 3 support is strong; structural brakes are light. Supports: optionality is strong (0.729); site-thesis support is strong (0.700); fragility/support balance is strong (0.697). Brakes: no major structural brakes flagged.,Structural support: optionality is strong (0.729); site-thesis support is strong (0.700); fragility/support balance is strong (0.697),Structural brakes: no major structural brakes flagged,"Operator check: verify parcel availability, local listings, zoning/subdivision path, and whether the county-level signal is concentrated in investable submarkets."
71,1562,secondary_archetype_backfill,logistics/corporate anchor,55.46341721088547,05143,"Washington County, Arkansas",AR,South,amenity migration,65.86849505734526,retirement migration,65.86849505734526,False,unreviewed,,1562,0.38567415730337085,0.01600766002754614,-0.007107997159451525,0.7485418016850292,0.599122037472353,0.0568656419398715,266184.0,"Low quiet-breakout probability with low residual-upside magnitude. Prior momentum rank is 74.9%, inside the not-hot gate. Market-depth adequacy is moderate (0.599).",Wave 3 support is moderate; structural brakes are moderate. Supports: no major structural supports flagged. Brakes: fragility pressure is moderate (0.563).,Structural support: no major structural supports flagged,Structural brakes: fragility pressure is moderate (0.563),"Operator check: verify parcel availability, local listings, zoning/subdivision path, and whether the county-level signal is concentrated in investable submarkets."
72,640,secondary_archetype_backfill,retirement migration,93.59267360589934,26153,"Schoolcraft County, Michigan",MI,Midwest,amenity migration,93.59267360589934,retirement migration,93.59267360589934,False,unreviewed,,640,0.6305099394987036,0.40406364512682497,-0.04567998832771998,0.24821775761503564,0.31790678302072783,0.0353750557685949,8178.0,"Moderate quiet-breakout probability with low residual-upside magnitude. Prior momentum rank is 24.8%, inside the not-hot gate. Market-depth adequacy is low (0.318).",Wave 3 support is moderate; structural brakes are moderate. Supports: scarcity/amenity balance is strong (0.900); site-thesis support is strong (0.677); fragility/support balance is moderate (0.641). Brakes: wetlands constraint is heavy (0.812); constraint pressure is heavy (0.693).,Structural support: scarcity/amenity balance is strong (0.900); site-thesis support is strong (0.677); fragility/support balance is moderate (0.641),Structural brakes: wetlands constraint is heavy (0.812); constraint pressure is heavy (0.693),"Operator check: verify parcel availability, local listings, zoning/subdivision path, and whether the county-level signal is concentrated in investable submarkets."
73,287,secondary_archetype_backfill,retirement migration,93.12773416743632,17003,"Alexander County, Illinois",IL,Midwest,amenity migration,93.12773416743632,retirement migration,93.12773416743632,False,unreviewed,,287,0.7527225583405359,0.4375026356877959,0.031897208235117214,0.008101101749837978,0.13368196419695821,-0.1309418905101212,4594.0,"Moderate quiet-breakout probability with high residual-upside magnitude. Prior momentum rank is 0.8%, inside the not-hot gate. Market-depth adequacy is low (0.134).",Wave 3 support is moderate; structural brakes are moderate. Supports: scarcity/amenity balance is strong (0.817). Brakes: wetlands constraint is heavy (0.750); constraint pressure is heavy (0.702); constraint complexity is moderate (0.636).,Structural support: scarcity/amenity balance is strong (0.817),Structural brakes: wetlands constraint is heavy (0.750); constraint pressure is heavy (0.702); constraint complexity is moderate (0.636),"Operator check: verify parcel availability, local listings, zoning/subdivision path, and whether the county-level signal is concentrated in investable submarkets."
74,447,secondary_archetype_backfill,retirement migration,92.60664064373871,26033,"Chippewa County, Michigan",MI,Midwest,amenity migration,92.60664064373871,retirement migration,92.60664064373871,False,unreviewed,,447,0.6949870354364737,0.4603902497791983,-0.05728470081100184,0.4176928062216461,0.8727797531533614,0.0869592868786625,36253.0,"High quiet-breakout probability with low residual-upside magnitude. Prior momentum rank is 41.8%, inside the not-hot gate. Market-depth adequacy is high (0.873).",Wave 3 support is moderate; structural brakes are moderate. Supports: scarcity/amenity balance is strong (0.857); fragility/support balance is strong (0.705); site-thesis support is moderate (0.656). Brakes: wetlands constraint is heavy (0.800); constraint pressure is moderate (0.633).,Structural support: scarcity/amenity balance is strong (0.857); fragility/support balance is strong (0.705); site-thesis support is moderate (0.656),Structural brakes: wetlands constraint is heavy (0.800); constraint pressure is moderate (0.633),"Operator check: verify parcel availability, local listings, zoning/subdivision path, and whether the county-level signal is concentrated in investable submarkets."
75,629,secondary_archetype_backfill,retirement migration,92.4541117799314,55051,"Iron County, Wisconsin",WI,Midwest,amenity migration,92.4541117799314,retirement migration,92.4541117799314,False,unreviewed,,629,0.6325626620570441,0.3021309173596512,-0.018515825270327378,0.4533376539209332,0.29971598894531437,0.0143855136387799,6235.0,"Low quiet-breakout probability with low residual-upside magnitude. Prior momentum rank is 45.3%, inside the not-hot gate. Market-depth adequacy is low (0.300).",Wave 3 support is moderate; structural brakes are moderate. Supports: scarcity/amenity balance is strong (0.893); site-thesis support is moderate (0.628); fragility/support balance is moderate (0.624). Brakes: wetlands constraint is heavy (0.803); constraint pressure is heavy (0.698).,Structural support: scarcity/amenity balance is strong (0.893); site-thesis support is moderate (0.628); fragility/support balance is moderate (0.624),Structural brakes: wetlands constraint is heavy (0.803); constraint pressure is heavy (0.698),"Operator check: verify parcel availability, local listings, zoning/subdivision path, and whether the county-level signal is concentrated in investable submarkets."
76,1971,secondary_archetype_backfill,retirement migration,92.22749331677348,27075,"Lake County, Minnesota",MN,Midwest,amenity migration,92.22749331677348,retirement migration,92.22749331677348,False,unreviewed,,1971,0.27986171132238546,0.018802714709162262,-0.0330688413361097,0.7261827608554764,0.4909355659841367,-0.1387599659324803,10698.0,"Low quiet-breakout probability with low residual-upside magnitude. Prior momentum rank is 72.6%, inside the not-hot gate. Market-depth adequacy is moderate (0.491).",Wave 3 support is moderate; structural brakes are heavy. Supports: scarcity/amenity balance is strong (0.874). Brakes: wetlands constraint is heavy (0.791); constraint pressure is heavy (0.703); constraint complexity is moderate (0.651).,Structural support: scarcity/amenity balance is strong (0.874),Structural brakes: wetlands constraint is heavy (0.791); constraint pressure is heavy (0.703); constraint complexity is moderate (0.651),"Operator check: verify parcel availability, local listings, zoning/subdivision path, and whether the county-level signal is concentrated in investable submarkets."
77,416,secondary_archetype_backfill,retirement migration,91.56548500524448,26013,"Baraga County, Michigan",MI,Midwest,amenity migration,91.56548500524448,retirement migration,91.56548500524448,False,unreviewed,,416,0.7052074330164219,0.43519900974893116,-0.01238068219658093,0.24627349319507452,0.30231064808979513,-0.0580718182807554,8169.0,"Moderate quiet-breakout probability with low residual-upside magnitude. Prior momentum rank is 24.6%, inside the not-hot gate. Market-depth adequacy is low (0.302).",Wave 3 support is moderate; structural brakes are moderate. Supports: scarcity/amenity balance is strong (0.822). Brakes: constraint pressure is heavy (0.815); wetlands constraint is heavy (0.751); constraint complexity is moderate (0.585).,Structural support: scarcity/amenity balance is strong (0.822),Structural brakes: constraint pressure is heavy (0.815); wetlands constraint is heavy (0.751); constraint complexity is moderate (0.585),"Operator check: verify parcel availability, local listings, zoning/subdivision path, and whether the county-level signal is concentrated in investable submarkets."
78,2246,secondary_archetype_backfill,retirement migration,91.19564095130995,12129,"Wakulla County, Florida",FL,South,remote-work lifestyle market,93.55613753242818,amenity migration,91.19564095130995,False,unreviewed,,2246,0.18256266205704408,0.023361717628213468,-0.10273997385679973,0.652300712896954,0.8935997361622181,-0.303935303951145,37115.0,"Low quiet-breakout probability with low residual-upside magnitude. Prior momentum rank is 65.2%, inside the not-hot gate. Market-depth adequacy is high (0.894).",Wave 3 support is moderate; structural brakes are heavy. Supports: scarcity/amenity balance is strong (0.867); site-thesis support is moderate (0.636). Brakes: wetlands constraint is heavy (0.978); fragility pressure is heavy (0.903); constraint complexity is heavy (0.753).,Structural support: scarcity/amenity balance is strong (0.867); site-thesis support is moderate (0.636),Structural brakes: wetlands constraint is heavy (0.978); fragility pressure is heavy (0.903); constraint complexity is heavy (0.753),"Operator check: verify parcel availability, local listings, zoning/subdivision path, and whether the county-level signal is concentrated in investable submarkets."
79,1038,secondary_archetype_backfill,retirement migration,91.19548665431586,02220,"Sitka City and Borough, Alaska",AK,West,amenity migration,91.19548665431586,retirement migration,91.19548665431586,False,unreviewed,,1038,0.5195764909248055,0.2999562434884663,-0.0880997538353175,0.01847051198963059,0.3224883791824231,0.2810910007561117,8355.0,"Low quiet-breakout probability with low residual-upside magnitude. Prior momentum rank is 1.8%, inside the not-hot gate. Market-depth adequacy is low (0.322).",Wave 3 support is moderate; structural brakes are light. Supports: scarcity/amenity balance is strong (0.912); fragility/support balance is strong (0.780). Brakes: no major structural brakes flagged.,Structural support: scarcity/amenity balance is strong (0.912); fragility/support balance is strong (0.780),Structural brakes: no major structural brakes flagged,"Operator check: verify parcel availability, local listings, zoning/subdivision path, and whether the county-level signal is concentrated in investable submarkets."
80,1042,secondary_archetype_backfill,retirement migration,91.16178114861216,55003,"Ashland County, Wisconsin",WI,Midwest,amenity migration,91.16178114861216,retirement migration,91.16178114861216,False,unreviewed,,1042,0.5189930855661192,0.23206460596002587,-0.05607282469605747,0.47666882696046664,0.6301119543256901,0.0131742835876592,16196.0,"Low quiet-breakout probability with low residual-upside magnitude. Prior momentum rank is 47.7%, inside the not-hot gate. Market-depth adequacy is moderate (0.630).",Wave 3 support is moderate; structural brakes are moderate. Supports: scarcity/amenity balance is strong (0.826); fragility/support balance is moderate (0.636). Brakes: wetlands constraint is heavy (0.794); constraint pressure is heavy (0.696).,Structural support: scarcity/amenity balance is strong (0.826); fragility/support balance is moderate (0.636),Structural brakes: wetlands constraint is heavy (0.794); constraint pressure is heavy (0.696),"Operator check: verify parcel availability, local listings, zoning/subdivision path, and whether the county-level signal is concentrated in investable submarkets."
81,1073,secondary_archetype_backfill,retirement migration,91.12782464033344,02110,"Juneau City and Borough, Alaska",AK,West,amenity migration,91.12782464033344,retirement migration,91.12782464033344,False,unreviewed,,1073,0.510198789974071,0.22515165894713163,-0.09820962110517822,0.23525599481529488,0.8757888042115377,0.2682199171579849,31572.0,"Low quiet-breakout probability with low residual-upside magnitude. Prior momentum rank is 23.5%, inside the not-hot gate. Market-depth adequacy is high (0.876).",Wave 3 support is moderate; structural brakes are light. Supports: scarcity/amenity balance is strong (0.900); fragility/support balance is strong (0.776). Brakes: no major structural brakes flagged.,Structural support: scarcity/amenity balance is strong (0.900); fragility/support balance is strong (0.776),Structural brakes: no major structural brakes flagged,"Operator check: verify parcel availability, local listings, zoning/subdivision path, and whether the county-level signal is concentrated in investable submarkets."
82,20,quality_fill_after_diversity_slots,amenity migration,88.38258659469106,36033,"Franklin County, New York",NY,Northeast,amenity migration,88.38258659469106,retirement migration,88.38258659469106,False,unreviewed,,20,0.9167891097666379,0.6128122142810378,0.06217913682746574,0.49546338302009074,0.945938720848503,-0.0104118839109976,47086.0,"High quiet-breakout probability with high residual-upside magnitude. Prior momentum rank is 49.5%, inside the not-hot gate. Market-depth adequacy is high (0.946).",Wave 3 support is moderate; structural brakes are moderate. Supports: scarcity/amenity balance is strong (0.817); site-thesis support is moderate (0.607). Brakes: constraint pressure is heavy (0.721); wetlands constraint is heavy (0.708); constraint complexity is moderate (0.566).,Structural support: scarcity/amenity balance is strong (0.817); site-thesis support is moderate (0.607),Structural brakes: constraint pressure is heavy (0.721); wetlands constraint is heavy (0.708); constraint complexity is moderate (0.566),"Operator check: verify parcel availability, local listings, zoning/subdivision path, and whether the county-level signal is concentrated in investable submarkets."
83,21,quality_fill_after_diversity_slots,amenity migration,63.056444975407246,30081,"Ravalli County, Montana",MT,West,amenity migration,63.056444975407246,retirement migration,63.056444975407246,False,unreviewed,,21,0.9157087294727745,0.5713337141114866,0.02391785298022391,0.40343486714193133,0.9769130997449975,0.1245874637050692,48187.0,"High quiet-breakout probability with moderate residual-upside magnitude. Prior momentum rank is 40.3%, inside the not-hot gate. Market-depth adequacy is high (0.977).",Wave 3 support is moderate; structural brakes are moderate. Supports: scarcity/amenity balance is strong (0.682); site-thesis support is moderate (0.625); optionality is moderate (0.619). Brakes: no major structural brakes flagged.,Structural support: scarcity/amenity balance is strong (0.682); site-thesis support is moderate (0.625); optionality is moderate (0.619),Structural brakes: no major structural brakes flagged,"Operator check: verify parcel availability, local listings, zoning/subdivision path, and whether the county-level signal is concentrated in investable submarkets."
84,22,quality_fill_after_diversity_slots,amenity migration,79.26363482441737,42061,"Huntingdon County, Pennsylvania",PA,Northeast,amenity migration,79.26363482441737,retirement migration,79.26363482441737,False,unreviewed,,22,0.9150388936905791,0.5749719063588555,0.013506016447419129,0.2825664290343487,0.9654039848973988,0.2038669092234106,43359.0,"High quiet-breakout probability with moderate residual-upside magnitude. Prior momentum rank is 28.3%, inside the not-hot gate. Market-depth adequacy is high (0.965).",Wave 3 support is moderate; structural brakes are moderate. Supports: scarcity/amenity balance is strong (0.752); fragility/support balance is moderate (0.667); optionality is moderate (0.638). Brakes: no major structural brakes flagged.,Structural support: scarcity/amenity balance is strong (0.752); fragility/support balance is moderate (0.667); optionality is moderate (0.638),Structural brakes: no major structural brakes flagged,"Operator check: verify parcel availability, local listings, zoning/subdivision path, and whether the county-level signal is concentrated in investable submarkets."
85,23,quality_fill_after_diversity_slots,amenity migration,56.99691417687087,30057,"Madison County, Montana",MT,West,amenity migration,56.99691417687087,retirement migration,56.99691417687087,False,unreviewed,,23,0.9137856525496975,0.7363788594560627,0.07257671652648563,0.3486714193130266,0.46623350573372946,0.2360052381177041,9753.0,"High quiet-breakout probability with high residual-upside magnitude. Prior momentum rank is 34.9%, inside the not-hot gate. Market-depth adequacy is moderate (0.466).",Wave 3 support is moderate; structural brakes are moderate. Supports: optionality is strong (0.681); fragility/support balance is strong (0.675); scarcity/amenity balance is strong (0.673). Brakes: no major structural brakes flagged.,Structural support: optionality is strong (0.681); fragility/support balance is strong (0.675); scarcity/amenity balance is strong (0.673),Structural brakes: no major structural brakes flagged,"Operator check: verify parcel availability, local listings, zoning/subdivision path, and whether the county-level signal is concentrated in investable submarkets."
86,27,quality_fill_after_diversity_slots,amenity migration,79.92034963627624,05093,"Mississippi County, Arkansas",AR,South,amenity migration,79.92034963627624,retirement migration,79.92034963627624,False,unreviewed,,27,0.9106525496974935,0.6961402727020423,0.012182049847828669,0.03661697990926766,0.9367631999828756,0.1506809476102385,38095.0,"High quiet-breakout probability with moderate residual-upside magnitude. Prior momentum rank is 3.7%, inside the not-hot gate. Market-depth adequacy is high (0.937).",Wave 3 support is moderate; structural brakes are moderate. Supports: fragility/support balance is strong (0.734). Brakes: wetlands constraint is moderate (0.652); constraint pressure is moderate (0.558).,Structural support: fragility/support balance is strong (0.734),Structural brakes: wetlands constraint is moderate (0.652); constraint pressure is moderate (0.558),"Operator check: verify parcel availability, local listings, zoning/subdivision path, and whether the county-level signal is concentrated in investable submarkets."
87,30,quality_fill_after_diversity_slots,amenity migration,71.28925087260662,21019,"Boyd County, Kentucky",KY,South,amenity migration,71.28925087260662,retirement migration,71.28925087260662,False,unreviewed,,30,0.906676750216076,0.658006501164401,0.028598006918078064,0.11535968891769281,0.96083224127864,0.0240887719446271,47777.0,"High quiet-breakout probability with high residual-upside magnitude. Prior momentum rank is 11.5%, inside the not-hot gate. Market-depth adequacy is high (0.961).",Wave 3 support is moderate; structural brakes are moderate. Supports: no major structural supports flagged. Brakes: no major structural brakes flagged.,Structural support: no major structural supports flagged,Structural brakes: no major structural brakes flagged,"Operator check: verify parcel availability, local listings, zoning/subdivision path, and whether the county-level signal is concentrated in investable submarkets."
88,31,quality_fill_after_diversity_slots,amenity migration,63.32869416326538,56033,"Sheridan County, Wyoming",WY,West,amenity migration,63.32869416326538,retirement migration,63.32869416326538,False,unreviewed,,31,0.9065254969749352,0.5194391064301234,0.03182790872772104,0.42449773169151006,0.905455027643847,0.1343970678882518,32978.0,"High quiet-breakout probability with high residual-upside magnitude. Prior momentum rank is 42.4%, inside the not-hot gate. Market-depth adequacy is high (0.905).",Wave 3 support is moderate; structural brakes are moderate. Supports: optionality is strong (0.672); site-thesis support is moderate (0.624). Brakes: no major structural brakes flagged.,Structural support: optionality is strong (0.672); site-thesis support is moderate (0.624),Structural brakes: no major structural brakes flagged,"Operator check: verify parcel availability, local listings, zoning/subdivision path, and whether the county-level signal is concentrated in investable submarkets."
89,32,quality_fill_after_diversity_slots,amenity migration,83.5192787753775,21199,"Pulaski County, Kentucky",KY,South,amenity migration,83.5192787753775,retirement migration,83.5192787753775,False,unreviewed,,32,0.9057908383751081,0.5080203613003793,0.0324837057617271,0.16202203499675957,0.8728688561838598,0.1580229140550229,66842.0,"High quiet-breakout probability with high residual-upside magnitude. Prior momentum rank is 16.2%, inside the not-hot gate. Market-depth adequacy is high (0.873).",Wave 3 support is moderate; structural brakes are moderate. Supports: scarcity/amenity balance is strong (0.744); optionality is moderate (0.665); fragility/support balance is moderate (0.640). Brakes: constraint pressure is moderate (0.599).,Structural support: scarcity/amenity balance is strong (0.744); optionality is moderate (0.665); fragility/support balance is moderate (0.640),Structural brakes: constraint pressure is moderate (0.599),"Operator check: verify parcel availability, local listings, zoning/subdivision path, and whether the county-level signal is concentrated in investable submarkets."
90,33,quality_fill_after_diversity_slots,amenity migration,77.7972915098225,29029,"Camden County, Missouri",MO,Midwest,amenity migration,77.7972915098225,retirement migration,77.7972915098225,False,unreviewed,,33,0.9054235090751944,0.5591235245458869,0.06176221288510609,0.17368762151652625,0.8912146565192852,0.0066626553790813,44135.0,"High quiet-breakout probability with high residual-upside magnitude. Prior momentum rank is 17.4%, inside the not-hot gate. Market-depth adequacy is high (0.891).",Wave 3 support is moderate; structural brakes are moderate. Supports: optionality is moderate (0.617). Brakes: wetlands constraint is moderate (0.616).,Structural support: optionality is moderate (0.617),Structural brakes: wetlands constraint is moderate (0.616),"Operator check: verify parcel availability, local listings, zoning/subdivision path, and whether the county-level signal is concentrated in investable submarkets."
91,34,quality_fill_after_diversity_slots,amenity migration,86.76106760865923,02020,"Anchorage Municipality, Alaska",AK,West,amenity migration,86.76106760865923,retirement migration,86.76106760865923,False,unreviewed,,34,0.8961538461538461,0.4775466628325494,0.06213842973851086,0.35029163966299415,0.5938163330077948,0.2361525037791313,289600.0,"High quiet-breakout probability with high residual-upside magnitude. Prior momentum rank is 35.0%, inside the not-hot gate. Market-depth adequacy is moderate (0.594).",Wave 3 support is strong; structural brakes are moderate. Supports: scarcity/amenity balance is strong (0.906); fragility/support balance is strong (0.712); optionality is strong (0.701). Brakes: fragility pressure is moderate (0.618).,Structural support: scarcity/amenity balance is strong (0.906); fragility/support balance is strong (0.712); optionality is strong (0.701),Structural brakes: fragility pressure is moderate (0.618),"Operator check: verify parcel availability, local listings, zoning/subdivision path, and whether the county-level signal is concentrated in investable submarkets."
92,36,quality_fill_after_diversity_slots,amenity migration,65.54661212278272,21133,"Letcher County, Kentucky",KY,South,amenity migration,65.54661212278272,retirement migration,65.54661212278272,False,unreviewed,,36,0.8957649092480553,0.5854898574460019,0.04717604170029412,0.0829552819183409,0.5700354607716868,0.1741518766477424,20139.0,"High quiet-breakout probability with high residual-upside magnitude. Prior momentum rank is 8.3%, inside the not-hot gate. Market-depth adequacy is moderate (0.570).",Wave 3 support is moderate; structural brakes are light. Supports: optionality is moderate (0.629). Brakes: no major structural brakes flagged.,Structural support: optionality is moderate (0.629),Structural brakes: no major structural brakes flagged,"Operator check: verify parcel availability, local listings, zoning/subdivision path, and whether the county-level signal is concentrated in investable submarkets."
93,37,quality_fill_after_diversity_slots,amenity migration,79.1258431941327,22101,"St. Mary Parish, Louisiana",LA,South,amenity migration,79.1258431941327,retirement migration,79.1258431941327,False,unreviewed,,37,0.8949870354364736,0.7407139231592521,0.07383222570206456,0.12410887880751782,0.9765860629757497,-0.2814415363563649,46799.0,"High quiet-breakout probability with high residual-upside magnitude. Prior momentum rank is 12.4%, inside the not-hot gate. Market-depth adequacy is high (0.977).",Wave 3 support is moderate; structural brakes are heavy. Supports: scarcity/amenity balance is moderate (0.641). Brakes: wetlands constraint is heavy (0.978); fragility pressure is heavy (0.773); constraint complexity is moderate (0.647).,Structural support: scarcity/amenity balance is moderate (0.641),Structural brakes: wetlands constraint is heavy (0.978); fragility pressure is heavy (0.773); constraint complexity is moderate (0.647),"Operator check: verify parcel availability, local listings, zoning/subdivision path, and whether the county-level signal is concentrated in investable submarkets."
94,38,quality_fill_after_diversity_slots,amenity migration,61.47979304515778,46081,"Lawrence County, South Dakota",SD,Midwest,amenity migration,61.47979304515778,retirement migration,61.47979304515778,False,unreviewed,,38,0.8941875540190146,0.47375275677530354,0.027185335447767092,0.4646791963707064,0.8924118071918652,0.1430121971336919,28809.0,"High quiet-breakout probability with high residual-upside magnitude. Prior momentum rank is 46.5%, inside the not-hot gate. Market-depth adequacy is high (0.892).",Wave 3 support is moderate; structural brakes are moderate. Supports: optionality is moderate (0.659); site-thesis support is moderate (0.608). Brakes: constraint pressure is moderate (0.580).,Structural support: optionality is moderate (0.659); site-thesis support is moderate (0.608),Structural brakes: constraint pressure is moderate (0.580),"Operator check: verify parcel availability, local listings, zoning/subdivision path, and whether the county-level signal is concentrated in investable submarkets."
95,39,quality_fill_after_diversity_slots,amenity migration,88.30713715551836,26061,"Houghton County, Michigan",MI,Midwest,amenity migration,88.30713715551836,retirement migration,88.30713715551836,False,unreviewed,,39,0.8937770095073466,0.559707250362393,0.013209994760357953,0.3723266364225535,0.8909107266656966,0.153890298220951,38041.0,"High quiet-breakout probability with moderate residual-upside magnitude. Prior momentum rank is 37.2%, inside the not-hot gate. Market-depth adequacy is high (0.891).",Wave 3 support is moderate; structural brakes are moderate. Supports: scarcity/amenity balance is strong (0.860); fragility/support balance is strong (0.730); site-thesis support is moderate (0.641). Brakes: wetlands constraint is heavy (0.719); constraint pressure is moderate (0.601).,Structural support: scarcity/amenity balance is strong (0.860); fragility/support balance is strong (0.730); site-thesis support is moderate (0.641),Structural brakes: wetlands constraint is heavy (0.719); constraint pressure is moderate (0.601),"Operator check: verify parcel availability, local listings, zoning/subdivision path, and whether the county-level signal is concentrated in investable submarkets."
96,41,quality_fill_after_diversity_slots,amenity migration,75.7878286568628,39009,"Athens County, Ohio",OH,Midwest,amenity migration,75.7878286568628,retirement migration,75.7878286568628,False,unreviewed,,41,0.8927830596369923,0.46558356064052836,0.036494224098401896,0.4115359688917693,0.9602605624658468,0.0631122135033979,63218.0,"High quiet-breakout probability with high residual-upside magnitude. Prior momentum rank is 41.2%, inside the not-hot gate. Market-depth adequacy is high (0.960).",Wave 3 support is moderate; structural brakes are moderate. Supports: optionality is moderate (0.651). Brakes: constraint pressure is moderate (0.624).,Structural support: optionality is moderate (0.651),Structural brakes: constraint pressure is moderate (0.624),"Operator check: verify parcel availability, local listings, zoning/subdivision path, and whether the county-level signal is concentrated in investable submarkets."
97,44,quality_fill_after_diversity_slots,amenity migration,81.30406223039522,42123,"Warren County, Pennsylvania",PA,Northeast,amenity migration,81.30406223039522,retirement migration,81.30406223039522,False,unreviewed,,44,0.891162489196197,0.4923443384410659,0.024369397386709936,0.5291639662994168,0.9217213584626169,0.1090280094721529,37373.0,"High quiet-breakout probability with moderate residual-upside magnitude. Prior momentum rank is 52.9%, inside the not-hot gate. Market-depth adequacy is high (0.922).",Wave 3 support is moderate; structural brakes are moderate. Supports: scarcity/amenity balance is strong (0.765); fragility/support balance is moderate (0.601). Brakes: constraint pressure is moderate (0.670).,Structural support: scarcity/amenity balance is strong (0.765); fragility/support balance is moderate (0.601),Structural brakes: constraint pressure is moderate (0.670),"Operator check: verify parcel availability, local listings, zoning/subdivision path, and whether the county-level signal is concentrated in investable submarkets."
98,46,quality_fill_after_diversity_slots,amenity migration,77.99599329577669,42051,"Fayette County, Pennsylvania",PA,Northeast,amenity migration,77.99599329577669,retirement migration,77.99599329577669,False,unreviewed,,46,0.8893690579083837,0.5531716891361986,0.017909596022363472,0.2151652624756967,0.7387435414356902,0.2004631095689263,123941.0,"High quiet-breakout probability with moderate residual-upside magnitude. Prior momentum rank is 21.5%, inside the not-hot gate. Market-depth adequacy is high (0.739).",Wave 3 support is moderate; structural brakes are moderate. Supports: fragility/support balance is moderate (0.654); optionality is moderate (0.650); scarcity/amenity balance is moderate (0.633). Brakes: no major structural brakes flagged.,Structural support: fragility/support balance is moderate (0.654); optionality is moderate (0.650); scarcity/amenity balance is moderate (0.633),Structural brakes: no major structural brakes flagged,"Operator check: verify parcel availability, local listings, zoning/subdivision path, and whether the county-level signal is concentrated in investable submarkets."
99,47,quality_fill_after_diversity_slots,amenity migration,71.69070020613826,21193,"Perry County, Kentucky",KY,South,amenity migration,71.69070020613826,retirement migration,71.69070020613826,False,unreviewed,,47,0.8885479688850476,0.48424872761440835,0.03895488099174777,0.21062864549578741,0.740238790397886,0.1424667447997377,26739.0,"High quiet-breakout probability with high residual-upside magnitude. Prior momentum rank is 21.1%, inside the not-hot gate. Market-depth adequacy is high (0.740).",Wave 3 support is moderate; structural brakes are light. Supports: optionality is moderate (0.645). Brakes: no major structural brakes flagged.,Structural support: optionality is moderate (0.645),Structural brakes: no major structural brakes flagged,"Operator check: verify parcel availability, local listings, zoning/subdivision path, and whether the county-level signal is concentrated in investable submarkets."
100,48,quality_fill_after_diversity_slots,amenity migration,65.76045375349699,30063,"Missoula County, Montana",MT,West,amenity migration,65.76045375349699,retirement migration,65.76045375349699,False,unreviewed,,48,0.8884615384615384,0.5777949700816263,0.017158641838551,0.533700583279326,0.7096121814333467,0.2010702738674933,122546.0,"High quiet-breakout probability with moderate residual-upside magnitude. Prior momentum rank is 53.4%, inside the not-hot gate. Market-depth adequacy is high (0.710).",Wave 3 support is moderate; structural brakes are moderate. Supports: scarcity/amenity balance is strong (0.785); optionality is strong (0.671); site-thesis support is moderate (0.650). Brakes: no major structural brakes flagged.,Structural support: scarcity/amenity balance is strong (0.785); optionality is strong (0.671); site-thesis support is moderate (0.650),Structural brakes: no major structural brakes flagged,"Operator check: verify parcel availability, local listings, zoning/subdivision path, and whether the county-level signal is concentrated in investable submarkets."
