balanced_priority_rank,export_priority_rank,fips,county,state_abbr,census_region,rucc_bucket,qa_status,qa_flags,export_priority_score,preboom_classifier_score,breakout_probability_rank_pct,investable_residual_model_score,residual_upside_rank_pct,preboom_prior_momentum_rank_pct,emerging_market_depth_adequacy,wave3_net_support,overall_rank,total_population,short_thesis,structural_summary,support_narrative,brake_narrative,next_diligence_check
1,1,35005,"Chaves County, New Mexico",NM,West,nonmetro_adjacent_or_regional,advance,,0.9661624891961971,0.6477902509788129,0.9835782195332757,0.050145571825169453,0.9654278305963699,0.09202851587815943,0.9129171771491311,0.3327727551676472,874,63697.0,"High quiet-breakout probability with high residual-upside magnitude. Prior momentum rank is 9.2%, inside the not-hot gate. Market-depth adequacy is high (0.913).",Wave 3 support is strong; structural brakes are light. Supports: optionality is strong (0.731); fragility/support balance is strong (0.718); site-thesis support is strong (0.715). Brakes: no major structural brakes flagged.,Structural support: optionality is strong (0.731); fragility/support balance is strong (0.718); site-thesis support is strong (0.715),Structural brakes: no major structural brakes flagged,"Operator check: verify parcel availability, local listings, zoning/subdivision path, and whether the county-level signal is concentrated in investable submarkets."
2,2,42031,"Clarion County, Pennsylvania",PA,Northeast,nonmetro_adjacent_or_regional,advance_with_notes,small_market,0.9576058772687988,0.6118032550508549,0.9770959377700951,0.07289087592496318,0.9883318928262749,0.2375243033052495,0.881085089711573,0.2171597191795655,180,36855.0,"High quiet-breakout probability with high residual-upside magnitude. Prior momentum rank is 23.8%, inside the not-hot gate. Market-depth adequacy is high (0.881).",Wave 3 support is moderate; structural brakes are moderate. Supports: scarcity/amenity balance is strong (0.707); fragility/support balance is moderate (0.660); optionality is moderate (0.638). Brakes: constraint pressure is moderate (0.576).,Structural support: scarcity/amenity balance is strong (0.707); fragility/support balance is moderate (0.660); optionality is moderate (0.638),Structural brakes: constraint pressure is moderate (0.576),"Operator check: verify parcel availability, local listings, zoning/subdivision path, and whether the county-level signal is concentrated in investable submarkets."
3,3,42083,"McKean County, Pennsylvania",PA,Northeast,nonmetro_adjacent_or_regional,advance_with_notes,small_market,0.9563094209161624,0.6764076678438742,0.9878997407087294,0.08152082970254258,0.9939498703543648,0.1743357096565133,0.8965249816462688,0.1575542554258862,218,39478.0,"High quiet-breakout probability with high residual-upside magnitude. Prior momentum rank is 17.4%, inside the not-hot gate. Market-depth adequacy is high (0.897).",Wave 3 support is moderate; structural brakes are moderate. Supports: scarcity/amenity balance is strong (0.672); optionality is moderate (0.636); fragility/support balance is moderate (0.603). Brakes: constraint pressure is moderate (0.617).,Structural support: scarcity/amenity balance is strong (0.672); optionality is moderate (0.636); fragility/support balance is moderate (0.603),Structural brakes: constraint pressure is moderate (0.617),"Operator check: verify parcel availability, local listings, zoning/subdivision path, and whether the county-level signal is concentrated in investable submarkets."
4,4,39087,"Lawrence County, Ohio",OH,Midwest,metro,advance_with_notes,recent_population_decline,0.955790838375108,0.5967492568782681,0.973638720829732,0.0652758443212466,0.9831460674157303,0.38107582631237846,0.9567717436245275,0.1704154739379719,275,55829.0,"High quiet-breakout probability with high residual-upside magnitude. Prior momentum rank is 38.1%, inside the not-hot gate. Market-depth adequacy is high (0.957).",Wave 3 support is moderate; structural brakes are moderate. Supports: optionality is strong (0.680); scarcity/amenity balance is strong (0.670); site-thesis support is moderate (0.631). Brakes: constraint pressure is moderate (0.565).,Structural support: optionality is strong (0.680); scarcity/amenity balance is strong (0.670); site-thesis support is moderate (0.631),Structural brakes: constraint pressure is moderate (0.565),"Operator check: verify parcel availability, local listings, zoning/subdivision path, and whether the county-level signal is concentrated in investable submarkets."
5,5,42033,"Clearfield County, Pennsylvania",PA,Northeast,nonmetro_adjacent_or_regional,advance,,0.9526145203111496,0.6963546423958137,0.9909248055315472,0.06547665138202631,0.9835782195332757,0.04115359688917693,0.8299693585813452,0.1950322113039113,1051,78132.0,"High quiet-breakout probability with high residual-upside magnitude. Prior momentum rank is 4.1%, inside the not-hot gate. Market-depth adequacy is high (0.830).",Wave 3 support is moderate; structural brakes are moderate. Supports: scarcity/amenity balance is strong (0.697); optionality is moderate (0.635); fragility/support balance is moderate (0.613). Brakes: constraint pressure is moderate (0.552).,Structural support: scarcity/amenity balance is strong (0.697); optionality is moderate (0.635); fragility/support balance is moderate (0.613),Structural brakes: constraint pressure is moderate (0.552),"Operator check: verify parcel availability, local listings, zoning/subdivision path, and whether the county-level signal is concentrated in investable submarkets."
6,6,42021,"Cambria County, Pennsylvania",PA,Northeast,metro,advance_with_notes,already_high_in_live_ranking,0.9502160760587727,0.7489723701278652,0.9969749351771824,0.13399939265908967,0.9995678478824547,0.027219701879455604,0.7232553927732912,0.2175746866884713,22,130108.0,"High quiet-breakout probability with high residual-upside magnitude. Prior momentum rank is 2.7%, inside the not-hot gate. Market-depth adequacy is high (0.723).",Wave 3 support is moderate; structural brakes are light. Supports: fragility/support balance is strong (0.670); scarcity/amenity balance is moderate (0.648); optionality is moderate (0.629). Brakes: no major structural brakes flagged.,Structural support: fragility/support balance is strong (0.670); scarcity/amenity balance is moderate (0.648); optionality is moderate (0.629),Structural brakes: no major structural brakes flagged,"Operator check: verify parcel availability, local listings, zoning/subdivision path, and whether the county-level signal is concentrated in investable submarkets."
7,7,24001,"Allegany County, Maryland",MD,South,nonmetro_adjacent_or_regional,advance_with_notes,already_high_in_live_ranking,0.9460458081244598,0.6016044434441595,0.9753673292999135,0.08274581667492621,0.9948141745894555,0.339598185353208,0.8820301887480312,0.1435444898070478,36,67097.0,"High quiet-breakout probability with high residual-upside magnitude. Prior momentum rank is 34.0%, inside the not-hot gate. Market-depth adequacy is high (0.882).",Wave 3 support is moderate; structural brakes are moderate. Supports: optionality is moderate (0.616). Brakes: no major structural brakes flagged.,Structural support: optionality is moderate (0.616),Structural brakes: no major structural brakes flagged,"Operator check: verify parcel availability, local listings, zoning/subdivision path, and whether the county-level signal is concentrated in investable submarkets."
8,8,42121,"Venango County, Pennsylvania",PA,Northeast,nonmetro_adjacent_or_regional,advance_with_notes,small_market,0.9429127052722557,0.5264035178521966,0.9468452895419187,0.05595763258770774,0.9710458081244598,0.46014257939079717,0.9846990702029416,0.1634900329855637,132,49476.0,"High quiet-breakout probability with high residual-upside magnitude. Prior momentum rank is 46.0%, inside the not-hot gate. Market-depth adequacy is high (0.985).",Wave 3 support is moderate; structural brakes are moderate. Supports: scarcity/amenity balance is moderate (0.667); fragility/support balance is moderate (0.639); optionality is moderate (0.624). Brakes: constraint pressure is moderate (0.600).,Structural support: scarcity/amenity balance is moderate (0.667); fragility/support balance is moderate (0.639); optionality is moderate (0.624),Structural brakes: constraint pressure is moderate (0.600),"Operator check: verify parcel availability, local listings, zoning/subdivision path, and whether the county-level signal is concentrated in investable submarkets."
9,9,42047,"Elk County, Pennsylvania",PA,Northeast,nonmetro_adjacent_or_regional,advance_with_notes,small_market,0.9384615384615386,0.7106955378164843,0.993085566119274,0.03369446834471019,0.9273984442523768,0.2741412832145172,0.8553517350354872,0.2108944037257135,137,30124.0,"High quiet-breakout probability with high residual-upside magnitude. Prior momentum rank is 27.4%, inside the not-hot gate. Market-depth adequacy is high (0.855).",Wave 3 support is moderate; structural brakes are moderate. Supports: scarcity/amenity balance is strong (0.749); optionality is moderate (0.634); fragility/support balance is moderate (0.627). Brakes: constraint pressure is moderate (0.641).,Structural support: scarcity/amenity balance is strong (0.749); optionality is moderate (0.634); fragility/support balance is moderate (0.627),Structural brakes: constraint pressure is moderate (0.641),"Operator check: verify parcel availability, local listings, zoning/subdivision path, and whether the county-level signal is concentrated in investable submarkets."
10,10,16013,"Blaine County, Idaho",ID,West,nonmetro_adjacent_or_regional,advance_with_notes,small_market,0.9292999135695764,0.43788584113811546,0.8971477960242005,0.16769777982292364,1.0,0.4118600129617628,0.8820062187108225,0.2427670979635803,1479,25261.0,"Moderate quiet-breakout probability with high residual-upside magnitude. Prior momentum rank is 41.2%, inside the not-hot gate. Market-depth adequacy is high (0.882).",Wave 3 support is strong; structural brakes are moderate. Supports: scarcity/amenity balance is strong (0.778); optionality is strong (0.696); site-thesis support is strong (0.678). Brakes: no major structural brakes flagged.,Structural support: scarcity/amenity balance is strong (0.778); optionality is strong (0.696); site-thesis support is strong (0.678),Structural brakes: no major structural brakes flagged,"Operator check: verify parcel availability, local listings, zoning/subdivision path, and whether the county-level signal is concentrated in investable submarkets."
11,11,21089,"Greenup County, Kentucky",KY,South,metro,advance_with_notes,small_market; labor_stress; already_high_in_live_ranking,0.9261668107173725,0.6070180189424511,0.975799481417459,0.046580234866292335,0.9589455488331893,0.48152948801036943,0.8605672680066107,0.1234386357191276,37,35273.0,"High quiet-breakout probability with high residual-upside magnitude. Prior momentum rank is 48.2%, inside the not-hot gate. Market-depth adequacy is high (0.861).",Wave 3 support is moderate; structural brakes are moderate. Supports: optionality is moderate (0.616); fragility/support balance is moderate (0.612). Brakes: no major structural brakes flagged.,Structural support: optionality is moderate (0.616); fragility/support balance is moderate (0.612),Structural brakes: no major structural brakes flagged,"Operator check: verify parcel availability, local listings, zoning/subdivision path, and whether the county-level signal is concentrated in investable submarkets."
12,12,42097,"Northumberland County, Pennsylvania",PA,Northeast,nonmetro_adjacent_or_regional,advance_with_notes,already_high_in_live_ranking,0.9246542783059637,0.550743378960796,0.9580812445980985,0.07709475999135193,0.9913569576490925,0.2427090084251458,0.8128246620345736,0.1289845661824599,50,90027.0,"High quiet-breakout probability with high residual-upside magnitude. Prior momentum rank is 24.3%, inside the not-hot gate. Market-depth adequacy is high (0.813).",Wave 3 support is moderate; structural brakes are moderate. Supports: scarcity/amenity balance is strong (0.694); optionality is moderate (0.657); fragility/support balance is moderate (0.626). Brakes: fragility pressure is moderate (0.557).,Structural support: scarcity/amenity balance is strong (0.694); optionality is moderate (0.657); fragility/support balance is moderate (0.626),Structural brakes: fragility pressure is moderate (0.557),"Operator check: verify parcel availability, local listings, zoning/subdivision path, and whether the county-level signal is concentrated in investable submarkets."
13,13,39013,"Belmont County, Ohio",OH,Midwest,metro,advance,,0.9231417458945548,0.5909908151233977,0.9706136560069144,0.051864908299534086,0.966724286949006,0.28548282566429034,0.8860612888964715,0.0915763569846039,323,64692.0,"High quiet-breakout probability with high residual-upside magnitude. Prior momentum rank is 28.5%, inside the not-hot gate. Market-depth adequacy is high (0.886).",Wave 3 support is moderate; structural brakes are moderate. Supports: optionality is moderate (0.629). Brakes: constraint pressure is moderate (0.560).,Structural support: optionality is moderate (0.629),Structural brakes: constraint pressure is moderate (0.560),"Operator check: verify parcel availability, local listings, zoning/subdivision path, and whether the county-level signal is concentrated in investable submarkets."
14,14,13111,"Fannin County, Georgia",GA,South,remote_rural,advance_with_notes,small_market,0.9228608470181503,0.4625671587653743,0.9165946413137425,0.10492077011302237,0.9978392394122731,0.19604666234607906,0.8645224542161983,0.169642895904289,2055,25854.0,"High quiet-breakout probability with high residual-upside magnitude. Prior momentum rank is 19.6%, inside the not-hot gate. Market-depth adequacy is high (0.865).",Wave 3 support is moderate; structural brakes are moderate. Supports: scarcity/amenity balance is strong (0.783); optionality is strong (0.674); site-thesis support is moderate (0.651). Brakes: no major structural brakes flagged.,Structural support: scarcity/amenity balance is strong (0.783); optionality is strong (0.674); site-thesis support is moderate (0.651),Structural brakes: no major structural brakes flagged,"Operator check: verify parcel availability, local listings, zoning/subdivision path, and whether the county-level signal is concentrated in investable submarkets."
15,15,24510,"Baltimore city, Maryland",MD,South,metro,advance_with_notes,moderate_market_depth,0.9224503025064822,0.6904100114560183,0.9900605012964564,0.06978659042838646,0.9870354364736387,0.29261179520414776,0.5221202771354487,0.285614313956667,153,568271.0,"High quiet-breakout probability with high residual-upside magnitude. Prior momentum rank is 29.3%, inside the not-hot gate. Market-depth adequacy is moderate (0.522).",Wave 3 support is strong; structural brakes are light. Supports: fragility/support balance is strong (0.769); scarcity/amenity balance is strong (0.696); optionality is moderate (0.666). Brakes: no major structural brakes flagged.,Structural support: fragility/support balance is strong (0.769); scarcity/amenity balance is strong (0.696); optionality is moderate (0.666),Structural brakes: no major structural brakes flagged,"Operator check: verify parcel availability, local listings, zoning/subdivision path, and whether the county-level signal is concentrated in investable submarkets."
16,16,42013,"Blair County, Pennsylvania",PA,Northeast,metro,advance,,0.9217372515125324,0.536002333664391,0.9503025064822818,0.07121975958131155,0.9874675885911841,0.19248217757615035,0.7299763963326438,0.1902300265410224,190,120269.0,"High quiet-breakout probability with high residual-upside magnitude. Prior momentum rank is 19.2%, inside the not-hot gate. Market-depth adequacy is high (0.730).",Wave 3 support is moderate; structural brakes are light. Supports: optionality is moderate (0.642); fragility/support balance is moderate (0.610). Brakes: no major structural brakes flagged.,Structural support: optionality is moderate (0.642); fragility/support balance is moderate (0.610),Structural brakes: no major structural brakes flagged,"Operator check: verify parcel availability, local listings, zoning/subdivision path, and whether the county-level signal is concentrated in investable submarkets."
17,17,54099,"Wayne County, West Virginia",WV,South,metro,advance_with_notes,small_market; recent_population_decline,0.9210458081244599,0.4981843185140421,0.935609334485739,0.04194816604949601,0.949438202247191,0.45366169799092676,0.8627789812819942,0.2104214455858495,700,37589.0,"High quiet-breakout probability with high residual-upside magnitude. Prior momentum rank is 45.4%, inside the not-hot gate. Market-depth adequacy is high (0.863).",Wave 3 support is moderate; structural brakes are moderate. Supports: optionality is strong (0.696); scarcity/amenity balance is strong (0.693); fragility/support balance is moderate (0.630). Brakes: no major structural brakes flagged.,Structural support: optionality is strong (0.696); scarcity/amenity balance is strong (0.693); fragility/support balance is moderate (0.630),Structural brakes: no major structural brakes flagged,"Operator check: verify parcel availability, local listings, zoning/subdivision path, and whether the county-level signal is concentrated in investable submarkets."
18,19,55043,"Grant County, Wisconsin",WI,Midwest,nonmetro_adjacent_or_regional,advance,,0.9176534140017285,0.666838743306634,0.9870354364736387,0.02720804079775037,0.9114088159031979,0.5521710952689566,0.977524513772997,0.0651473722051872,236,52330.0,"High quiet-breakout probability with high residual-upside magnitude. Prior momentum rank is 55.2%, inside the not-hot gate. Market-depth adequacy is high (0.978).",Wave 3 support is moderate; structural brakes are moderate. Supports: optionality is moderate (0.608). Brakes: no major structural brakes flagged.,Structural support: optionality is moderate (0.608),Structural brakes: no major structural brakes flagged,"Operator check: verify parcel availability, local listings, zoning/subdivision path, and whether the county-level signal is concentrated in investable submarkets."
19,21,30081,"Ravalli County, Montana",MT,West,nonmetro_adjacent_or_regional,advance_with_notes,small_market,0.9157087294727745,0.5713337141114866,0.9658599827139153,0.02391785298022391,0.8962834917891098,0.40343486714193133,0.9769130997449975,0.1245874637050692,2099,48187.0,"High quiet-breakout probability with moderate residual-upside magnitude. Prior momentum rank is 40.3%, inside the not-hot gate. Market-depth adequacy is high (0.977).",Wave 3 support is moderate; structural brakes are moderate. Supports: scarcity/amenity balance is strong (0.682); site-thesis support is moderate (0.625); optionality is moderate (0.619). Brakes: no major structural brakes flagged.,Structural support: scarcity/amenity balance is strong (0.682); site-thesis support is moderate (0.625); optionality is moderate (0.619),Structural brakes: no major structural brakes flagged,"Operator check: verify parcel availability, local listings, zoning/subdivision path, and whether the county-level signal is concentrated in investable submarkets."
20,24,36005,"Bronx County, New York",NY,Northeast,metro,advance_with_notes,moderate_market_depth; labor_stress,0.9137640449438202,0.6565326175685305,0.9844425237683665,0.08324619715377789,0.9952463267070009,0.03240440699935191,0.5226789064034656,0.1960292613429747,1877,1384724.0,"High quiet-breakout probability with high residual-upside magnitude. Prior momentum rank is 3.2%, inside the not-hot gate. Market-depth adequacy is moderate (0.523).",Wave 3 support is strong; structural brakes are moderate. Supports: site-thesis support is strong (0.736); scarcity/amenity balance is strong (0.735); fragility/support balance is strong (0.722). Brakes: wetlands constraint is moderate (0.604).,Structural support: site-thesis support is strong (0.736); scarcity/amenity balance is strong (0.735); fragility/support balance is strong (0.722),Structural brakes: wetlands constraint is moderate (0.604),"Operator check: verify parcel availability, local listings, zoning/subdivision path, and whether the county-level signal is concentrated in investable submarkets."
21,26,21195,"Pike County, Kentucky",KY,South,nonmetro_adjacent_or_regional,advance_with_notes,recent_population_decline; labor_stress,0.9117977528089887,0.7097795854113551,0.9926534140017286,0.023317757632308637,0.8932584269662921,0.25826312378483474,0.9643794302306267,0.0648047601365439,847,55430.0,"High quiet-breakout probability with moderate residual-upside magnitude. Prior momentum rank is 25.8%, inside the not-hot gate. Market-depth adequacy is high (0.964).",Wave 3 support is moderate; structural brakes are moderate. Supports: no major structural supports flagged. Brakes: no major structural brakes flagged.,Structural support: no major structural supports flagged,Structural brakes: no major structural brakes flagged,"Operator check: verify parcel availability, local listings, zoning/subdivision path, and whether the county-level signal is concentrated in investable submarkets."
22,27,05093,"Mississippi County, Arkansas",AR,South,nonmetro_adjacent_or_regional,advance_with_notes,small_market; recent_population_decline,0.9106525496974935,0.6961402727020423,0.9904926534140017,0.012182049847828669,0.8491789109766638,0.03661697990926766,0.9367631999828756,0.1506809476102385,1201,38095.0,"High quiet-breakout probability with moderate residual-upside magnitude. Prior momentum rank is 3.7%, inside the not-hot gate. Market-depth adequacy is high (0.937).",Wave 3 support is moderate; structural brakes are moderate. Supports: fragility/support balance is strong (0.734). Brakes: wetlands constraint is moderate (0.652); constraint pressure is moderate (0.558).,Structural support: fragility/support balance is strong (0.734),Structural brakes: wetlands constraint is moderate (0.652); constraint pressure is moderate (0.558),"Operator check: verify parcel availability, local listings, zoning/subdivision path, and whether the county-level signal is concentrated in investable submarkets."
23,28,35006,"Cibola County, New Mexico",NM,West,nonmetro_adjacent_or_regional,advance_with_notes,small_market; moderate_market_depth,0.91028522039758,0.6221271175240561,0.9801210025929127,0.046460620074039935,0.9576490924805532,0.34996759559300067,0.649216955862457,0.1704649993789556,784,26686.0,"High quiet-breakout probability with high residual-upside magnitude. Prior momentum rank is 35.0%, inside the not-hot gate. Market-depth adequacy is moderate (0.649).",Wave 3 support is moderate; structural brakes are moderate. Supports: optionality is moderate (0.649); scarcity/amenity balance is moderate (0.647); site-thesis support is moderate (0.607). Brakes: fragility pressure is moderate (0.633).,Structural support: optionality is moderate (0.649); scarcity/amenity balance is moderate (0.647); site-thesis support is moderate (0.607),Structural brakes: fragility pressure is moderate (0.633),"Operator check: verify parcel availability, local listings, zoning/subdivision path, and whether the county-level signal is concentrated in investable submarkets."
24,29,54049,"Marion County, West Virginia",WV,South,nonmetro_adjacent_or_regional,advance_with_notes,already_high_in_live_ranking,0.9085133967156439,0.40641439486119324,0.8686257562662058,0.0571353022559442,0.9723422644770959,0.3833441348023331,0.9342218773100395,0.207997791296489,53,55649.0,"Moderate quiet-breakout probability with high residual-upside magnitude. Prior momentum rank is 38.3%, inside the not-hot gate. Market-depth adequacy is high (0.934).",Wave 3 support is moderate; structural brakes are light. Supports: fragility/support balance is moderate (0.665); optionality is moderate (0.634). Brakes: no major structural brakes flagged.,Structural support: fragility/support balance is moderate (0.665); optionality is moderate (0.634),Structural brakes: no major structural brakes flagged,"Operator check: verify parcel availability, local listings, zoning/subdivision path, and whether the county-level signal is concentrated in investable submarkets."
25,30,21019,"Boyd County, Kentucky",KY,South,metro,advance_with_notes,small_market; labor_stress,0.906676750216076,0.658006501164401,0.9848746758859118,0.028598006918078064,0.9152981849611063,0.11535968891769281,0.96083224127864,0.0240887719446271,643,47777.0,"High quiet-breakout probability with high residual-upside magnitude. Prior momentum rank is 11.5%, inside the not-hot gate. Market-depth adequacy is high (0.961).",Wave 3 support is moderate; structural brakes are moderate. Supports: no major structural supports flagged. Brakes: no major structural brakes flagged.,Structural support: no major structural supports flagged,Structural brakes: no major structural brakes flagged,"Operator check: verify parcel availability, local listings, zoning/subdivision path, and whether the county-level signal is concentrated in investable submarkets."
26,31,56033,"Sheridan County, Wyoming",WY,West,nonmetro_adjacent_or_regional,advance_with_notes,small_market,0.9065254969749352,0.5194391064301234,0.9438202247191011,0.03182790872772104,0.9204840103716508,0.42449773169151006,0.905455027643847,0.1343970678882518,1327,32978.0,"High quiet-breakout probability with high residual-upside magnitude. Prior momentum rank is 42.4%, inside the not-hot gate. Market-depth adequacy is high (0.905).",Wave 3 support is moderate; structural brakes are moderate. Supports: optionality is strong (0.672); site-thesis support is moderate (0.624). Brakes: no major structural brakes flagged.,Structural support: optionality is strong (0.672); site-thesis support is moderate (0.624),Structural brakes: no major structural brakes flagged,"Operator check: verify parcel availability, local listings, zoning/subdivision path, and whether the county-level signal is concentrated in investable submarkets."
27,32,21199,"Pulaski County, Kentucky",KY,South,nonmetro_adjacent_or_regional,advance,,0.9057908383751081,0.5080203613003793,0.9394987035436474,0.0324837057617271,0.9230769230769231,0.16202203499675957,0.8728688561838598,0.1580229140550229,891,66842.0,"High quiet-breakout probability with high residual-upside magnitude. Prior momentum rank is 16.2%, inside the not-hot gate. Market-depth adequacy is high (0.873).",Wave 3 support is moderate; structural brakes are moderate. Supports: scarcity/amenity balance is strong (0.744); optionality is moderate (0.665); fragility/support balance is moderate (0.640). Brakes: constraint pressure is moderate (0.599).,Structural support: scarcity/amenity balance is strong (0.744); optionality is moderate (0.665); fragility/support balance is moderate (0.640),Structural brakes: constraint pressure is moderate (0.599),"Operator check: verify parcel availability, local listings, zoning/subdivision path, and whether the county-level signal is concentrated in investable submarkets."
28,33,29029,"Camden County, Missouri",MO,Midwest,nonmetro_adjacent_or_regional,advance_with_notes,small_market,0.9054235090751944,0.5591235245458869,0.9611063094209161,0.06176221288510609,0.9788245462402766,0.17368762151652625,0.8912146565192852,0.0066626553790813,2087,44135.0,"High quiet-breakout probability with high residual-upside magnitude. Prior momentum rank is 17.4%, inside the not-hot gate. Market-depth adequacy is high (0.891).",Wave 3 support is moderate; structural brakes are moderate. Supports: optionality is moderate (0.617). Brakes: wetlands constraint is moderate (0.616).,Structural support: optionality is moderate (0.617),Structural brakes: wetlands constraint is moderate (0.616),"Operator check: verify parcel availability, local listings, zoning/subdivision path, and whether the county-level signal is concentrated in investable submarkets."
29,34,02020,"Anchorage Municipality, Alaska",AK,West,metro,advance_with_notes,moderate_market_depth,0.8961538461538461,0.4775466628325494,0.92523768366465,0.06213842973851086,0.9796888504753674,0.35029163966299415,0.5938163330077948,0.2361525037791313,1291,289600.0,"High quiet-breakout probability with high residual-upside magnitude. Prior momentum rank is 35.0%, inside the not-hot gate. Market-depth adequacy is moderate (0.594).",Wave 3 support is strong; structural brakes are moderate. Supports: scarcity/amenity balance is strong (0.906); fragility/support balance is strong (0.712); optionality is strong (0.701). Brakes: fragility pressure is moderate (0.618).,Structural support: scarcity/amenity balance is strong (0.906); fragility/support balance is strong (0.712); optionality is strong (0.701),Structural brakes: fragility pressure is moderate (0.618),"Operator check: verify parcel availability, local listings, zoning/subdivision path, and whether the county-level signal is concentrated in investable submarkets."
30,38,46081,"Lawrence County, South Dakota",SD,Midwest,nonmetro_adjacent_or_regional,advance_with_notes,small_market,0.8941875540190146,0.47375275677530354,0.9226447709593777,0.027185335447767092,0.9109766637856526,0.4646791963707064,0.8924118071918652,0.1430121971336919,1997,28809.0,"High quiet-breakout probability with high residual-upside magnitude. Prior momentum rank is 46.5%, inside the not-hot gate. Market-depth adequacy is high (0.892).",Wave 3 support is moderate; structural brakes are moderate. Supports: optionality is moderate (0.659); site-thesis support is moderate (0.608). Brakes: constraint pressure is moderate (0.580).,Structural support: optionality is moderate (0.659); site-thesis support is moderate (0.608),Structural brakes: constraint pressure is moderate (0.580),"Operator check: verify parcel availability, local listings, zoning/subdivision path, and whether the county-level signal is concentrated in investable submarkets."
31,39,26061,"Houghton County, Michigan",MI,Midwest,nonmetro_adjacent_or_regional,advance_with_notes,small_market,0.8937770095073466,0.559707250362393,0.9615384615384616,0.013209994760357953,0.8526361279170268,0.3723266364225535,0.8909107266656966,0.153890298220951,188,38041.0,"High quiet-breakout probability with moderate residual-upside magnitude. Prior momentum rank is 37.2%, inside the not-hot gate. Market-depth adequacy is high (0.891).",Wave 3 support is moderate; structural brakes are moderate. Supports: scarcity/amenity balance is strong (0.860); fragility/support balance is strong (0.730); site-thesis support is moderate (0.641). Brakes: wetlands constraint is heavy (0.719); constraint pressure is moderate (0.601).,Structural support: scarcity/amenity balance is strong (0.860); fragility/support balance is strong (0.730); site-thesis support is moderate (0.641),Structural brakes: wetlands constraint is heavy (0.719); constraint pressure is moderate (0.601),"Operator check: verify parcel availability, local listings, zoning/subdivision path, and whether the county-level signal is concentrated in investable submarkets."
32,40,50015,"Lamoille County, Vermont",VT,Northeast,remote_rural,advance_with_notes,small_market,0.8931719965427831,0.4778833907137474,0.9261019878997407,0.08248798885485613,0.9943820224719101,0.313350615683733,0.8758815164371483,0.0116142810719008,1738,26248.0,"High quiet-breakout probability with high residual-upside magnitude. Prior momentum rank is 31.3%, inside the not-hot gate. Market-depth adequacy is high (0.876).",Wave 3 support is moderate; structural brakes are moderate. Supports: no major structural supports flagged. Brakes: constraint pressure is heavy (0.720); wetlands constraint is moderate (0.568).,Structural support: no major structural supports flagged,Structural brakes: constraint pressure is heavy (0.720); wetlands constraint is moderate (0.568),"Operator check: verify parcel availability, local listings, zoning/subdivision path, and whether the county-level signal is concentrated in investable submarkets."
33,41,39009,"Athens County, Ohio",OH,Midwest,nonmetro_adjacent_or_regional,advance_with_notes,already_high_in_live_ranking,0.8927830596369923,0.46558356064052836,0.918323249783924,0.036494224098401896,0.9364736387208298,0.4115359688917693,0.9602605624658468,0.0631122135033979,77,63218.0,"High quiet-breakout probability with high residual-upside magnitude. Prior momentum rank is 41.2%, inside the not-hot gate. Market-depth adequacy is high (0.960).",Wave 3 support is moderate; structural brakes are moderate. Supports: optionality is moderate (0.651). Brakes: constraint pressure is moderate (0.624).,Structural support: optionality is moderate (0.651),Structural brakes: constraint pressure is moderate (0.624),"Operator check: verify parcel availability, local listings, zoning/subdivision path, and whether the county-level signal is concentrated in investable submarkets."
34,42,08117,"Summit County, Colorado",CO,West,nonmetro_adjacent_or_regional,advance_with_notes,small_market,0.8924373379429559,0.49306142608969245,0.9330164217804667,0.01249599649277961,0.8500432152117545,0.14322747893713544,0.9323238277463718,0.1911223716153263,2808,30882.0,"High quiet-breakout probability with moderate residual-upside magnitude. Prior momentum rank is 14.3%, inside the not-hot gate. Market-depth adequacy is high (0.932).",Wave 3 support is moderate; structural brakes are moderate. Supports: scarcity/amenity balance is strong (0.844); fragility/support balance is strong (0.697); site-thesis support is moderate (0.668). Brakes: no major structural brakes flagged.,Structural support: scarcity/amenity balance is strong (0.844); fragility/support balance is strong (0.697); site-thesis support is moderate (0.668),Structural brakes: no major structural brakes flagged,"Operator check: verify parcel availability, local listings, zoning/subdivision path, and whether the county-level signal is concentrated in investable submarkets."
35,43,37111,"McDowell County, North Carolina",NC,South,nonmetro_adjacent_or_regional,advance_with_notes,small_market,0.8913353500432152,0.41990520112832097,0.8807260155574762,0.03754825724527424,0.9399308556611927,0.4630589760207388,0.9946298732084097,0.1054820941635827,1609,45269.0,"Moderate quiet-breakout probability with high residual-upside magnitude. Prior momentum rank is 46.3%, inside the not-hot gate. Market-depth adequacy is high (0.995).",Wave 3 support is moderate; structural brakes are moderate. Supports: scarcity/amenity balance is strong (0.710); optionality is moderate (0.660); site-thesis support is moderate (0.612). Brakes: constraint pressure is moderate (0.574).,Structural support: scarcity/amenity balance is strong (0.710); optionality is moderate (0.660); site-thesis support is moderate (0.612),Structural brakes: constraint pressure is moderate (0.574),"Operator check: verify parcel availability, local listings, zoning/subdivision path, and whether the county-level signal is concentrated in investable submarkets."
36,47,21193,"Perry County, Kentucky",KY,South,nonmetro_adjacent_or_regional,advance_with_notes,small_market; recent_population_decline,0.8885479688850476,0.48424872761440835,0.9295592048401037,0.03895488099174777,0.9442523768366465,0.21062864549578741,0.740238790397886,0.1424667447997377,1419,26739.0,"High quiet-breakout probability with high residual-upside magnitude. Prior momentum rank is 21.1%, inside the not-hot gate. Market-depth adequacy is high (0.740).",Wave 3 support is moderate; structural brakes are light. Supports: optionality is moderate (0.645). Brakes: no major structural brakes flagged.,Structural support: optionality is moderate (0.645),Structural brakes: no major structural brakes flagged,"Operator check: verify parcel availability, local listings, zoning/subdivision path, and whether the county-level signal is concentrated in investable submarkets."
37,48,30063,"Missoula County, Montana",MT,West,metro,advance,,0.8884615384615384,0.5777949700816263,0.9675885911840968,0.017158641838551,0.8716508210890234,0.533700583279326,0.7096121814333467,0.2010702738674933,2086,122546.0,"High quiet-breakout probability with moderate residual-upside magnitude. Prior momentum rank is 53.4%, inside the not-hot gate. Market-depth adequacy is high (0.710).",Wave 3 support is moderate; structural brakes are moderate. Supports: scarcity/amenity balance is strong (0.785); optionality is strong (0.671); site-thesis support is moderate (0.650). Brakes: no major structural brakes flagged.,Structural support: scarcity/amenity balance is strong (0.785); optionality is strong (0.671); site-thesis support is moderate (0.650),Structural brakes: no major structural brakes flagged,"Operator check: verify parcel availability, local listings, zoning/subdivision path, and whether the county-level signal is concentrated in investable submarkets."
38,49,16019,"Bonneville County, Idaho",ID,West,metro,advance_with_notes,moderate_market_depth,0.8877700950734659,0.6625842000382623,0.9857389801210026,0.03599021002129792,0.9347450302506483,0.13836681788723265,0.696662733952822,0.0599250429343566,2174,133644.0,"High quiet-breakout probability with high residual-upside magnitude. Prior momentum rank is 13.8%, inside the not-hot gate. Market-depth adequacy is moderate (0.697).",Wave 3 support is moderate; structural brakes are moderate. Supports: scarcity/amenity balance is strong (0.789); optionality is moderate (0.659); site-thesis support is moderate (0.642). Brakes: fragility pressure is moderate (0.595); constraint complexity is moderate (0.566); constraint pressure is moderate (0.555).,Structural support: scarcity/amenity balance is strong (0.789); optionality is moderate (0.659); site-thesis support is moderate (0.642),Structural brakes: fragility pressure is moderate (0.595); constraint complexity is moderate (0.566); constraint pressure is moderate (0.555),"Operator check: verify parcel availability, local listings, zoning/subdivision path, and whether the county-level signal is concentrated in investable submarkets."
39,50,54069,"Ohio County, West Virginia",WV,South,metro,advance_with_notes,small_market,0.8857389801210026,0.35081773461768617,0.8180639585133967,0.034619618364372974,0.9312878133102852,0.2744653272845107,0.990353191217716,0.2703269852966414,397,41090.0,"Moderate quiet-breakout probability with high residual-upside magnitude. Prior momentum rank is 27.4%, inside the not-hot gate. Market-depth adequacy is high (0.990).",Wave 3 support is moderate; structural brakes are light. Supports: fragility/support balance is strong (0.763); optionality is strong (0.698); developability is moderate (0.610). Brakes: no major structural brakes flagged.,Structural support: fragility/support balance is strong (0.763); optionality is strong (0.698); developability is moderate (0.610),Structural brakes: no major structural brakes flagged,"Operator check: verify parcel availability, local listings, zoning/subdivision path, and whether the county-level signal is concentrated in investable submarkets."
40,51,35055,"Taos County, New Mexico",NM,West,nonmetro_adjacent_or_regional,advance_with_notes,small_market,0.8854148660328436,0.8328614841618245,0.9991356957649092,-0.006082821151530723,0.7532411408815903,0.06772521062864549,0.9055046447451496,0.1942637597881878,3054,34482.0,"High quiet-breakout probability with moderate residual-upside magnitude. Prior momentum rank is 6.8%, inside the not-hot gate. Market-depth adequacy is high (0.906).",Wave 3 support is moderate; structural brakes are moderate. Supports: optionality is strong (0.677); site-thesis support is moderate (0.655); scarcity/amenity balance is moderate (0.634). Brakes: no major structural brakes flagged.,Structural support: optionality is strong (0.677); site-thesis support is moderate (0.655); scarcity/amenity balance is moderate (0.634),Structural brakes: no major structural brakes flagged,"Operator check: verify parcel availability, local listings, zoning/subdivision path, and whether the county-level signal is concentrated in investable submarkets."
41,54,21235,"Whitley County, Kentucky",KY,South,nonmetro_adjacent_or_regional,advance_with_notes,small_market,0.8848962834917892,0.49383684467630085,0.9338807260155575,0.015307832189022473,0.8643042350907519,0.177900194426442,0.9050025450288518,0.1456813536368331,2236,37233.0,"High quiet-breakout probability with moderate residual-upside magnitude. Prior momentum rank is 17.8%, inside the not-hot gate. Market-depth adequacy is high (0.905).",Wave 3 support is moderate; structural brakes are moderate. Supports: scarcity/amenity balance is strong (0.743); optionality is moderate (0.656). Brakes: no major structural brakes flagged.,Structural support: scarcity/amenity balance is strong (0.743); optionality is moderate (0.656),Structural brakes: no major structural brakes flagged,"Operator check: verify parcel availability, local listings, zoning/subdivision path, and whether the county-level signal is concentrated in investable submarkets."
42,56,17199,"Williamson County, Illinois",IL,Midwest,nonmetro_adjacent_or_regional,advance_with_notes,already_high_in_live_ranking,0.8836646499567847,0.41582068146465545,0.8785652549697494,0.07390034148512716,0.9900605012964564,0.3233959818535321,0.8713118401279016,0.074210726683256,25,67064.0,"Moderate quiet-breakout probability with high residual-upside magnitude. Prior momentum rank is 32.3%, inside the not-hot gate. Market-depth adequacy is high (0.871).",Wave 3 support is moderate; structural brakes are moderate. Supports: scarcity/amenity balance is strong (0.826); optionality is moderate (0.641); site-thesis support is moderate (0.620). Brakes: wetlands constraint is moderate (0.658); constraint pressure is moderate (0.570).,Structural support: scarcity/amenity balance is strong (0.826); optionality is moderate (0.641); site-thesis support is moderate (0.620),Structural brakes: wetlands constraint is moderate (0.658); constraint pressure is moderate (0.570),"Operator check: verify parcel availability, local listings, zoning/subdivision path, and whether the county-level signal is concentrated in investable submarkets."
43,57,40015,"Caddo County, Oklahoma",OK,South,nonmetro_adjacent_or_regional,advance_with_notes,small_market,0.8824978392394123,0.5770647972097463,0.9671564390665515,0.032713241742289116,0.9248055315471045,0.12346079066753078,0.7101882076511765,0.0815755850488756,1047,26337.0,"High quiet-breakout probability with high residual-upside magnitude. Prior momentum rank is 12.3%, inside the not-hot gate. Market-depth adequacy is high (0.710).",Wave 3 support is moderate; structural brakes are moderate. Supports: optionality is strong (0.670). Brakes: fragility pressure is moderate (0.580).,Structural support: optionality is strong (0.670),Structural brakes: fragility pressure is moderate (0.580),"Operator check: verify parcel availability, local listings, zoning/subdivision path, and whether the county-level signal is concentrated in investable submarkets."
44,63,06033,"Lake County, California",CA,West,nonmetro_adjacent_or_regional,advance_with_notes,labor_stress,0.8797104580812446,0.590638613750321,0.9697493517718236,0.018735299659557753,0.8785652549697494,0.07841866493843162,0.8633896182144382,0.0513138782090034,1913,67764.0,"High quiet-breakout probability with moderate residual-upside magnitude. Prior momentum rank is 7.8%, inside the not-hot gate. Market-depth adequacy is high (0.863).",Wave 3 support is moderate; structural brakes are moderate. Supports: scarcity/amenity balance is strong (0.871); optionality is strong (0.671); site-thesis support is moderate (0.643). Brakes: fragility pressure is moderate (0.663); constraint complexity is moderate (0.572); wetlands constraint is moderate (0.569).,Structural support: scarcity/amenity balance is strong (0.871); optionality is strong (0.671); site-thesis support is moderate (0.643),Structural brakes: fragility pressure is moderate (0.663); constraint complexity is moderate (0.572); wetlands constraint is moderate (0.569),"Operator check: verify parcel availability, local listings, zoning/subdivision path, and whether the county-level signal is concentrated in investable submarkets."
45,64,53047,"Okanogan County, Washington",WA,West,nonmetro_adjacent_or_regional,advance_with_notes,small_market,0.8785004321521177,0.3647481450894721,0.8318928262748487,0.036347470585142067,0.9360414866032843,0.20868438107582632,0.9943794189823448,0.1550553473685808,2277,44942.0,"Moderate quiet-breakout probability with high residual-upside magnitude. Prior momentum rank is 20.9%, inside the not-hot gate. Market-depth adequacy is high (0.994).",Wave 3 support is moderate; structural brakes are moderate. Supports: scarcity/amenity balance is strong (0.711); optionality is moderate (0.666); site-thesis support is moderate (0.645). Brakes: no major structural brakes flagged.,Structural support: scarcity/amenity balance is strong (0.711); optionality is moderate (0.666); site-thesis support is moderate (0.645),Structural brakes: no major structural brakes flagged,"Operator check: verify parcel availability, local listings, zoning/subdivision path, and whether the county-level signal is concentrated in investable submarkets."
46,68,54051,"Marshall County, West Virginia",WV,South,metro,advance_with_notes,small_market; recent_population_decline,0.8747191011235955,0.3674900536340504,0.8362143474503025,0.046106895285977695,0.9572169403630078,0.1594296824368114,0.8045617117078119,0.2290451887772691,575,29354.0,"Moderate quiet-breakout probability with high residual-upside magnitude. Prior momentum rank is 15.9%, inside the not-hot gate. Market-depth adequacy is high (0.805).",Wave 3 support is moderate; structural brakes are light. Supports: fragility/support balance is strong (0.726); optionality is strong (0.674). Brakes: no major structural brakes flagged.,Structural support: fragility/support balance is strong (0.726); optionality is strong (0.674),Structural brakes: no major structural brakes flagged,"Operator check: verify parcel availability, local listings, zoning/subdivision path, and whether the county-level signal is concentrated in investable submarkets."
47,69,02122,"Kenai Peninsula Borough, Alaska",AK,West,nonmetro_adjacent_or_regional,advance,,0.874589455488332,0.39388842049298256,0.8578219533275713,0.034863874303099694,0.9330164217804667,0.1406351263771873,0.8829717908982697,0.1559909142656328,1603,61259.0,"Moderate quiet-breakout probability with high residual-upside magnitude. Prior momentum rank is 14.1%, inside the not-hot gate. Market-depth adequacy is high (0.883).",Wave 3 support is strong; structural brakes are moderate. Supports: scarcity/amenity balance is strong (0.885); optionality is moderate (0.666); site-thesis support is moderate (0.657). Brakes: fragility pressure is moderate (0.628).,Structural support: scarcity/amenity balance is strong (0.885); optionality is moderate (0.666); site-thesis support is moderate (0.657),Structural brakes: fragility pressure is moderate (0.628),"Operator check: verify parcel availability, local listings, zoning/subdivision path, and whether the county-level signal is concentrated in investable submarkets."
48,70,47155,"Sevier County, Tennessee",TN,South,nonmetro_adjacent_or_regional,advance,,0.874351771823682,0.47549005969819164,0.9243733794295592,0.11450451659689465,0.9982713915298185,0.2592352559948153,0.7173491576175486,0.0121139803150394,2647,100184.0,"High quiet-breakout probability with high residual-upside magnitude. Prior momentum rank is 25.9%, inside the not-hot gate. Market-depth adequacy is high (0.717).",Wave 3 support is moderate; structural brakes are moderate. Supports: scarcity/amenity balance is strong (0.710); optionality is moderate (0.635). Brakes: constraint pressure is moderate (0.616); fragility pressure is moderate (0.605); constraint complexity is moderate (0.599).,Structural support: scarcity/amenity balance is strong (0.710); optionality is moderate (0.635),Structural brakes: constraint pressure is moderate (0.616); fragility pressure is moderate (0.605); constraint complexity is moderate (0.599),"Operator check: verify parcel availability, local listings, zoning/subdivision path, and whether the county-level signal is concentrated in investable submarkets."
49,71,16017,"Bonner County, Idaho",ID,West,nonmetro_adjacent_or_regional,advance,,0.8728608470181505,0.5135545131513435,0.9429559204840103,0.01750864788829906,0.8729472774416595,0.2537265068049255,0.9042372311985222,0.0561372580614236,2244,53955.0,"High quiet-breakout probability with moderate residual-upside magnitude. Prior momentum rank is 25.4%, inside the not-hot gate. Market-depth adequacy is high (0.904).",Wave 3 support is moderate; structural brakes are moderate. Supports: scarcity/amenity balance is strong (0.853); site-thesis support is moderate (0.657); optionality is moderate (0.625). Brakes: wetlands constraint is heavy (0.678); constraint pressure is moderate (0.595); constraint complexity is moderate (0.551).,Structural support: scarcity/amenity balance is strong (0.853); site-thesis support is moderate (0.657); optionality is moderate (0.625),Structural brakes: wetlands constraint is heavy (0.678); constraint pressure is moderate (0.595); constraint complexity is moderate (0.551),"Operator check: verify parcel availability, local listings, zoning/subdivision path, and whether the county-level signal is concentrated in investable submarkets."
50,75,32019,"Lyon County, Nevada",NV,West,metro,advance,,0.8662705272255833,0.36707221069680873,0.8357821953327571,0.04878390043845124,0.9632670700086431,0.15780946208684382,0.899419403125107,0.1049467448694452,2816,63718.0,"Moderate quiet-breakout probability with high residual-upside magnitude. Prior momentum rank is 15.8%, inside the not-hot gate. Market-depth adequacy is high (0.899).",Wave 3 support is moderate; structural brakes are moderate. Supports: scarcity/amenity balance is strong (0.793); optionality is moderate (0.660); site-thesis support is moderate (0.648). Brakes: constraint pressure is moderate (0.563).,Structural support: scarcity/amenity balance is strong (0.793); optionality is moderate (0.660); site-thesis support is moderate (0.648),Structural brakes: constraint pressure is moderate (0.563),"Operator check: verify parcel availability, local listings, zoning/subdivision path, and whether the county-level signal is concentrated in investable submarkets."
51,76,29213,"Taney County, Missouri",MO,Midwest,nonmetro_adjacent_or_regional,advance,,0.8660328435609336,0.34026694200033386,0.801210025929127,0.0616029348455979,0.9783923941227312,0.5038885288399222,0.8753635493661502,0.1728580094689453,2151,56744.0,"Moderate quiet-breakout probability with high residual-upside magnitude. Prior momentum rank is 50.4%, inside the not-hot gate. Market-depth adequacy is high (0.875).",Wave 3 support is moderate; structural brakes are moderate. Supports: scarcity/amenity balance is strong (0.808); optionality is strong (0.682); fragility/support balance is moderate (0.638). Brakes: no major structural brakes flagged.,Structural support: scarcity/amenity balance is strong (0.808); optionality is strong (0.682); fragility/support balance is moderate (0.638),Structural brakes: no major structural brakes flagged,"Operator check: verify parcel availability, local listings, zoning/subdivision path, and whether the county-level signal is concentrated in investable submarkets."
52,78,21071,"Floyd County, Kentucky",KY,South,nonmetro_adjacent_or_regional,advance_with_notes,small_market; recent_population_decline; labor_stress,0.865600691443388,0.679201571613236,0.9887640449438202,-0.0007599528115308317,0.783923941227312,0.26830848995463386,0.8589657883309322,0.1032915192005945,1506,34532.0,"High quiet-breakout probability with moderate residual-upside magnitude. Prior momentum rank is 26.8%, inside the not-hot gate. Market-depth adequacy is high (0.859).",Wave 3 support is moderate; structural brakes are moderate. Supports: optionality is moderate (0.630). Brakes: no major structural brakes flagged.,Structural support: optionality is moderate (0.630),Structural brakes: no major structural brakes flagged,"Operator check: verify parcel availability, local listings, zoning/subdivision path, and whether the county-level signal is concentrated in investable submarkets."
53,79,06015,"Del Norte County, California",CA,West,nonmetro_adjacent_or_regional,advance_with_notes,small_market; labor_stress,0.8652549697493518,0.5104514148669397,0.9412273120138289,0.018328669561793506,0.8764044943820225,0.220349967595593,0.7345524474549406,0.1208116275672006,1694,27009.0,"High quiet-breakout probability with moderate residual-upside magnitude. Prior momentum rank is 22.0%, inside the not-hot gate. Market-depth adequacy is high (0.735).",Wave 3 support is moderate; structural brakes are moderate. Supports: scarcity/amenity balance is strong (0.910); optionality is strong (0.679); site-thesis support is strong (0.676). Brakes: fragility pressure is moderate (0.635).,Structural support: scarcity/amenity balance is strong (0.910); optionality is strong (0.679); site-thesis support is strong (0.676),Structural brakes: fragility pressure is moderate (0.635),"Operator check: verify parcel availability, local listings, zoning/subdivision path, and whether the county-level signal is concentrated in investable submarkets."
54,85,29209,"Stone County, Missouri",MO,Midwest,nonmetro_adjacent_or_regional,advance_with_notes,small_market,0.8616897147796024,0.3798674253652108,0.8457216940363008,0.018702929392258254,0.878133102852204,0.4163966299416721,0.9150483988800654,0.1953555466691517,2734,32630.0,"Moderate quiet-breakout probability with moderate residual-upside magnitude. Prior momentum rank is 41.6%, inside the not-hot gate. Market-depth adequacy is high (0.915).",Wave 3 support is strong; structural brakes are moderate. Supports: scarcity/amenity balance is strong (0.803); fragility/support balance is strong (0.725); optionality is strong (0.700). Brakes: wetlands constraint is moderate (0.628).,Structural support: scarcity/amenity balance is strong (0.803); fragility/support balance is strong (0.725); optionality is strong (0.700),Structural brakes: wetlands constraint is moderate (0.628),"Operator check: verify parcel availability, local listings, zoning/subdivision path, and whether the county-level signal is concentrated in investable submarkets."
55,87,49051,"Wasatch County, Utah",UT,West,nonmetro_adjacent_or_regional,advance_with_notes,small_market,0.860695764909248,0.2871854387179924,0.7126188418323249,0.12230758698211594,0.9991356957649092,0.3891769280622165,0.9911226973974948,0.2444165878358268,2053,37858.0,"Low quiet-breakout probability with high residual-upside magnitude. Prior momentum rank is 38.9%, inside the not-hot gate. Market-depth adequacy is high (0.991).",Wave 3 support is strong; structural brakes are moderate. Supports: scarcity/amenity balance is strong (0.845); fragility/support balance is strong (0.711); optionality is strong (0.693). Brakes: no major structural brakes flagged.,Structural support: scarcity/amenity balance is strong (0.845); fragility/support balance is strong (0.711); optionality is strong (0.693),Structural brakes: no major structural brakes flagged,"Operator check: verify parcel availability, local listings, zoning/subdivision path, and whether the county-level signal is concentrated in investable submarkets."
56,88,50021,"Rutland County, Vermont",VT,Northeast,nonmetro_adjacent_or_regional,advance,,0.860609334485739,0.4630855176614403,0.9170267934312878,0.015001957633364808,0.8621434745030251,0.4611147116007777,0.8764435801238768,0.0926650705800292,1791,60198.0,"High quiet-breakout probability with moderate residual-upside magnitude. Prior momentum rank is 46.1%, inside the not-hot gate. Market-depth adequacy is high (0.876).",Wave 3 support is moderate; structural brakes are moderate. Supports: scarcity/amenity balance is strong (0.746); fragility/support balance is moderate (0.631). Brakes: constraint pressure is moderate (0.670); wetlands constraint is moderate (0.628).,Structural support: scarcity/amenity balance is strong (0.746); fragility/support balance is moderate (0.631),Structural brakes: constraint pressure is moderate (0.670); wetlands constraint is moderate (0.628),"Operator check: verify parcel availability, local listings, zoning/subdivision path, and whether the county-level signal is concentrated in investable submarkets."
57,89,41029,"Jackson County, Oregon",OR,West,metro,advance_with_notes,moderate_market_depth,0.8602203975799483,0.4739039768347114,0.9230769230769231,0.02871763842198437,0.9157303370786517,0.16688269604666234,0.6195950777447311,0.1424996960111401,1925,221331.0,"High quiet-breakout probability with high residual-upside magnitude. Prior momentum rank is 16.7%, inside the not-hot gate. Market-depth adequacy is moderate (0.620).",Wave 3 support is moderate; structural brakes are moderate. Supports: scarcity/amenity balance is strong (0.740); optionality is moderate (0.643); site-thesis support is moderate (0.610). Brakes: constraint pressure is moderate (0.555).,Structural support: scarcity/amenity balance is strong (0.740); optionality is moderate (0.643); site-thesis support is moderate (0.610),Structural brakes: constraint pressure is moderate (0.555),"Operator check: verify parcel availability, local listings, zoning/subdivision path, and whether the county-level signal is concentrated in investable submarkets."
58,95,20061,"Geary County, Kansas",KS,Midwest,metro,advance_with_notes,small_market,0.856503889369058,0.4962162577011453,0.9351771823681936,0.013506216246563563,0.8552290406222991,0.3402462734931951,0.8950041918814311,0.0307367596161738,804,35459.0,"High quiet-breakout probability with moderate residual-upside magnitude. Prior momentum rank is 34.0%, inside the not-hot gate. Market-depth adequacy is high (0.895).",Wave 3 support is moderate; structural brakes are moderate. Supports: scarcity/amenity balance is strong (0.732); optionality is strong (0.680); site-thesis support is moderate (0.608). Brakes: fragility pressure is moderate (0.654); constraint complexity is moderate (0.567).,Structural support: scarcity/amenity balance is strong (0.732); optionality is strong (0.680); site-thesis support is moderate (0.608),Structural brakes: fragility pressure is moderate (0.654); constraint complexity is moderate (0.567),"Operator check: verify parcel availability, local listings, zoning/subdivision path, and whether the county-level signal is concentrated in investable submarkets."
59,97,37157,"Rockingham County, North Carolina",NC,South,metro,advance,,0.8550345721694035,0.4934589279249381,0.9334485738980121,0.014951783491954357,0.8612791702679343,0.3457550226830849,0.7910248668504073,0.080843377613259,103,93517.0,"High quiet-breakout probability with moderate residual-upside magnitude. Prior momentum rank is 34.6%, inside the not-hot gate. Market-depth adequacy is high (0.791).",Wave 3 support is moderate; structural brakes are moderate. Supports: no major structural supports flagged. Brakes: no major structural brakes flagged.,Structural support: no major structural supports flagged,Structural brakes: no major structural brakes flagged,"Operator check: verify parcel availability, local listings, zoning/subdivision path, and whether the county-level signal is concentrated in investable submarkets."
60,100,39167,"Washington County, Ohio",OH,Midwest,nonmetro_adjacent_or_regional,advance,,0.8533707865168539,0.4415695098807351,0.9001728608470182,-0.0031462448095451426,0.7705272255834054,0.2692806221646144,0.9092621882647133,0.2381401954635565,758,58332.0,"High quiet-breakout probability with moderate residual-upside magnitude. Prior momentum rank is 26.9%, inside the not-hot gate. Market-depth adequacy is high (0.909).",Wave 3 support is moderate; structural brakes are moderate. Supports: fragility/support balance is strong (0.696); optionality is strong (0.678); scarcity/amenity balance is moderate (0.661). Brakes: no major structural brakes flagged.,Structural support: fragility/support balance is strong (0.696); optionality is strong (0.678); scarcity/amenity balance is moderate (0.661),Structural brakes: no major structural brakes flagged,"Operator check: verify parcel availability, local listings, zoning/subdivision path, and whether the county-level signal is concentrated in investable submarkets."
61,101,54033,"Harrison County, West Virginia",WV,South,nonmetro_adjacent_or_regional,advance,,0.8519014693171996,0.3858197859311457,0.851771823681936,0.02467294842000728,0.9001728608470182,0.29228775113415423,0.8686792112913839,0.1313771991076461,401,64472.0,"Moderate quiet-breakout probability with high residual-upside magnitude. Prior momentum rank is 29.2%, inside the not-hot gate. Market-depth adequacy is high (0.869).",Wave 3 support is moderate; structural brakes are light. Supports: no major structural supports flagged. Brakes: no major structural brakes flagged.,Structural support: no major structural supports flagged,Structural brakes: no major structural brakes flagged,"Operator check: verify parcel availability, local listings, zoning/subdivision path, and whether the county-level signal is concentrated in investable submarkets."
62,102,51035,"Carroll County, Virginia",VA,South,nonmetro_adjacent_or_regional,advance_with_notes,small_market,0.8512748487467588,0.3542408043210682,0.8232497839239412,0.033828222794606295,0.9282627484874676,0.3438107582631238,0.8198045534094813,0.1718806878011257,668,29242.0,"Moderate quiet-breakout probability with high residual-upside magnitude. Prior momentum rank is 34.4%, inside the not-hot gate. Market-depth adequacy is high (0.820).",Wave 3 support is moderate; structural brakes are light. Supports: optionality is moderate (0.640); fragility/support balance is moderate (0.604). Brakes: no major structural brakes flagged.,Structural support: optionality is moderate (0.640); fragility/support balance is moderate (0.604),Structural brakes: no major structural brakes flagged,"Operator check: verify parcel availability, local listings, zoning/subdivision path, and whether the county-level signal is concentrated in investable submarkets."
63,106,17095,"Knox County, Illinois",IL,Midwest,nonmetro_adjacent_or_regional,advance_with_notes,small_market; already_high_in_live_ranking,0.8479688850475366,0.3196941628385575,0.7636127917026794,0.05630278998644224,0.9719101123595506,0.1561892417368762,0.9891577967214756,0.1029681668016586,66,48716.0,"Moderate quiet-breakout probability with high residual-upside magnitude. Prior momentum rank is 15.6%, inside the not-hot gate. Market-depth adequacy is high (0.989).",Wave 3 support is moderate; structural brakes are moderate. Supports: no major structural supports flagged. Brakes: no major structural brakes flagged.,Structural support: no major structural supports flagged,Structural brakes: no major structural brakes flagged,"Operator check: verify parcel availability, local listings, zoning/subdivision path, and whether the county-level signal is concentrated in investable submarkets."
64,110,05069,"Jefferson County, Arkansas",AR,South,nonmetro_adjacent_or_regional,advance,,0.8472126188418323,0.55388808476351,0.9602420051858254,0.002342907721410056,0.8025064822817631,0.13285806869734285,0.9020947982527006,0.0195236766986535,595,63672.0,"High quiet-breakout probability with moderate residual-upside magnitude. Prior momentum rank is 13.3%, inside the not-hot gate. Market-depth adequacy is high (0.902).",Wave 3 support is moderate; structural brakes are moderate. Supports: scarcity/amenity balance is strong (0.680); optionality is moderate (0.608). Brakes: wetlands constraint is heavy (0.690).,Structural support: scarcity/amenity balance is strong (0.680); optionality is moderate (0.608),Structural brakes: wetlands constraint is heavy (0.690),"Operator check: verify parcel availability, local listings, zoning/subdivision path, and whether the county-level signal is concentrated in investable submarkets."
65,111,17057,"Fulton County, Illinois",IL,Midwest,nonmetro_adjacent_or_regional,advance_with_notes,small_market,0.8460025929127052,0.35073788124961114,0.8176318063958513,0.0669043562056529,0.9848746758859118,0.11795204147764096,0.8328593547447791,0.0549042501047255,638,32510.0,"Moderate quiet-breakout probability with high residual-upside magnitude. Prior momentum rank is 11.8%, inside the not-hot gate. Market-depth adequacy is high (0.833).",Wave 3 support is moderate; structural brakes are moderate. Supports: optionality is moderate (0.628); scarcity/amenity balance is moderate (0.613). Brakes: constraint pressure is moderate (0.571).,Structural support: optionality is moderate (0.628); scarcity/amenity balance is moderate (0.613),Structural brakes: constraint pressure is moderate (0.571),"Operator check: verify parcel availability, local listings, zoning/subdivision path, and whether the county-level signal is concentrated in investable submarkets."
66,112,11001,"District of Columbia, District of Columbia",DC,South,metro,advance_with_notes,moderate_market_depth,0.8458297320656871,0.714358003114456,0.9943820224719101,0.006464525616892525,0.8228176318063959,0.07453013609850939,0.50615503248079,0.1472035058887597,1986,702250.0,"High quiet-breakout probability with moderate residual-upside magnitude. Prior momentum rank is 7.5%, inside the not-hot gate. Market-depth adequacy is moderate (0.506).",Wave 3 support is moderate; structural brakes are moderate. Supports: fragility/support balance is strong (0.692); scarcity/amenity balance is strong (0.682); optionality is moderate (0.666). Brakes: wetlands constraint is moderate (0.644).,Structural support: fragility/support balance is strong (0.692); scarcity/amenity balance is strong (0.682); optionality is moderate (0.666),Structural brakes: wetlands constraint is moderate (0.644),"Operator check: verify parcel availability, local listings, zoning/subdivision path, and whether the county-level signal is concentrated in investable submarkets."
67,113,36081,"Queens County, New York",NY,Northeast,metro,advance_with_notes,moderate_market_depth,0.8447925669835782,0.6092331616021154,0.9762316335350043,0.020402700858079197,0.8833189282627485,0.11309138042773817,0.4779765387842736,0.1004055728201973,2484,2316841.0,"High quiet-breakout probability with moderate residual-upside magnitude. Prior momentum rank is 11.3%, inside the not-hot gate. Market-depth adequacy is moderate (0.478).",Wave 3 support is moderate; structural brakes are moderate. Supports: scarcity/amenity balance is strong (0.770); site-thesis support is strong (0.724); optionality is moderate (0.646). Brakes: fragility pressure is moderate (0.645); wetlands constraint is moderate (0.609).,Structural support: scarcity/amenity balance is strong (0.770); site-thesis support is strong (0.724); optionality is moderate (0.646),Structural brakes: fragility pressure is moderate (0.645); wetlands constraint is moderate (0.609),"Operator check: verify parcel availability, local listings, zoning/subdivision path, and whether the county-level signal is concentrated in investable submarkets."
68,114,47029,"Cocke County, Tennessee",TN,South,nonmetro_adjacent_or_regional,advance_with_notes,small_market,0.8445548833189281,0.37374851645307167,0.8405358686257562,0.03884017352094188,0.9433880726015558,0.4358392741412832,0.8586791989463108,0.0557956952427177,1200,37596.0,"Moderate quiet-breakout probability with high residual-upside magnitude. Prior momentum rank is 43.6%, inside the not-hot gate. Market-depth adequacy is high (0.859).",Wave 3 support is moderate; structural brakes are moderate. Supports: scarcity/amenity balance is strong (0.754); optionality is moderate (0.642). Brakes: fragility pressure is moderate (0.593).,Structural support: scarcity/amenity balance is strong (0.754); optionality is moderate (0.642),Structural brakes: fragility pressure is moderate (0.593),"Operator check: verify parcel availability, local listings, zoning/subdivision path, and whether the county-level signal is concentrated in investable submarkets."
69,116,50025,"Windham County, Vermont",VT,Northeast,nonmetro_adjacent_or_regional,advance_with_notes,small_market; recent_population_decline,0.842847882454624,0.3928607223179028,0.8565254969749352,0.024311519207314704,0.8975799481417459,0.44329228775113416,0.9304146898953133,0.0409488798003336,2134,45627.0,"Moderate quiet-breakout probability with moderate residual-upside magnitude. Prior momentum rank is 44.3%, inside the not-hot gate. Market-depth adequacy is high (0.930).",Wave 3 support is moderate; structural brakes are moderate. Supports: scarcity/amenity balance is moderate (0.603); fragility/support balance is moderate (0.600). Brakes: constraint pressure is heavy (0.712); wetlands constraint is moderate (0.595).,Structural support: scarcity/amenity balance is moderate (0.603); fragility/support balance is moderate (0.600),Structural brakes: constraint pressure is heavy (0.712); wetlands constraint is moderate (0.595),"Operator check: verify parcel availability, local listings, zoning/subdivision path, and whether the county-level signal is concentrated in investable submarkets."
70,125,02090,"Fairbanks North Star Borough, Alaska",AK,West,metro,advance_with_notes,recent_population_decline,0.835458081244598,0.3190869180863487,0.7631806395851339,0.04387559988275746,0.9511668107173725,0.152300712896954,0.7910343020226464,0.2097373554877659,1041,94951.0,"Moderate quiet-breakout probability with high residual-upside magnitude. Prior momentum rank is 15.2%, inside the not-hot gate. Market-depth adequacy is high (0.791).",Wave 3 support is moderate; structural brakes are moderate. Supports: scarcity/amenity balance is strong (0.709); fragility/support balance is strong (0.681); optionality is moderate (0.670). Brakes: no major structural brakes flagged.,Structural support: scarcity/amenity balance is strong (0.709); fragility/support balance is strong (0.681); optionality is moderate (0.670),Structural brakes: no major structural brakes flagged,"Operator check: verify parcel availability, local listings, zoning/subdivision path, and whether the county-level signal is concentrated in investable submarkets."
71,127,35049,"Santa Fe County, New Mexico",NM,West,metro,advance_with_notes,moderate_market_depth,0.8334917891097667,0.44205381428423485,0.9006050129645635,0.007152337090809333,0.8271391529818496,0.40602721970187944,0.67108586714001,0.18315073975904,1939,157765.0,"High quiet-breakout probability with moderate residual-upside magnitude. Prior momentum rank is 40.6%, inside the not-hot gate. Market-depth adequacy is moderate (0.671).",Wave 3 support is moderate; structural brakes are moderate. Supports: optionality is strong (0.696); site-thesis support is moderate (0.646). Brakes: fragility pressure is moderate (0.600).,Structural support: optionality is strong (0.696); site-thesis support is moderate (0.646),Structural brakes: fragility pressure is moderate (0.600),"Operator check: verify parcel availability, local listings, zoning/subdivision path, and whether the county-level signal is concentrated in investable submarkets."
72,128,05015,"Carroll County, Arkansas",AR,South,nonmetro_adjacent_or_regional,advance_with_notes,small_market,0.8331892826274848,0.3188192003728349,0.7623163353500432,0.035095597183652176,0.9334485738980121,0.43843162670123137,0.8297668966355078,0.2025140513325989,675,28968.0,"Moderate quiet-breakout probability with high residual-upside magnitude. Prior momentum rank is 43.8%, inside the not-hot gate. Market-depth adequacy is high (0.830).",Wave 3 support is moderate; structural brakes are light. Supports: fragility/support balance is moderate (0.663); developability is moderate (0.622); optionality is moderate (0.622). Brakes: no major structural brakes flagged.,Structural support: fragility/support balance is moderate (0.663); developability is moderate (0.622); optionality is moderate (0.622),Structural brakes: no major structural brakes flagged,"Operator check: verify parcel availability, local listings, zoning/subdivision path, and whether the county-level signal is concentrated in investable submarkets."
73,129,17135,"Montgomery County, Illinois",IL,Midwest,nonmetro_adjacent_or_regional,advance_with_notes,small_market; recent_population_decline,0.8331244598098531,0.3740646601355229,0.841400172860847,0.039513891299207286,0.9464131374243734,0.18535320803629293,0.7449008587659225,0.0599476267621332,213,27615.0,"Moderate quiet-breakout probability with high residual-upside magnitude. Prior momentum rank is 18.5%, inside the not-hot gate. Market-depth adequacy is high (0.745).",Wave 3 support is moderate; structural brakes are light. Supports: no major structural supports flagged. Brakes: no major structural brakes flagged.,Structural support: no major structural supports flagged,Structural brakes: no major structural brakes flagged,"Operator check: verify parcel availability, local listings, zoning/subdivision path, and whether the county-level signal is concentrated in investable submarkets."
74,135,45087,"Union County, South Carolina",SC,South,metro,advance_with_notes,small_market,0.8286516853932583,0.5443151307265083,0.9550561797752809,0.00010976169971117937,0.7891097666378565,0.12443292287751134,0.7383133908387522,0.0617088859235508,1263,26678.0,"High quiet-breakout probability with moderate residual-upside magnitude. Prior momentum rank is 12.4%, inside the not-hot gate. Market-depth adequacy is high (0.738).",Wave 3 support is moderate; structural brakes are moderate. Supports: optionality is moderate (0.617); scarcity/amenity balance is moderate (0.606). Brakes: no major structural brakes flagged.,Structural support: optionality is moderate (0.617); scarcity/amenity balance is moderate (0.606),Structural brakes: no major structural brakes flagged,"Operator check: verify parcel availability, local listings, zoning/subdivision path, and whether the county-level signal is concentrated in investable submarkets."
75,137,30031,"Gallatin County, Montana",MT,West,metro,advance_with_notes,moderate_market_depth,0.8279386343993086,0.7581468472422392,0.9978392394122731,-0.011391533562112293,0.7260155574762316,0.34899546338302007,0.6895124781069184,0.1025216135673803,2393,126984.0,"High quiet-breakout probability with low residual-upside magnitude. Prior momentum rank is 34.9%, inside the not-hot gate. Market-depth adequacy is moderate (0.690).",Wave 3 support is moderate; structural brakes are moderate. Supports: scarcity/amenity balance is strong (0.727); site-thesis support is moderate (0.632); optionality is moderate (0.631). Brakes: constraint pressure is moderate (0.582).,Structural support: scarcity/amenity balance is strong (0.727); site-thesis support is moderate (0.632); optionality is moderate (0.631),Structural brakes: constraint pressure is moderate (0.582),"Operator check: verify parcel availability, local listings, zoning/subdivision path, and whether the county-level signal is concentrated in investable submarkets."
76,140,40071,"Kay County, Oklahoma",OK,South,nonmetro_adjacent_or_regional,advance_with_notes,small_market,0.8273120138288678,0.37949271510946625,0.8452895419187554,0.01676686130091023,0.8694900605012964,0.2436811406351264,0.9844279087244767,0.0075881191371173,1220,43437.0,"Moderate quiet-breakout probability with moderate residual-upside magnitude. Prior momentum rank is 24.4%, inside the not-hot gate. Market-depth adequacy is high (0.984).",Wave 3 support is moderate; structural brakes are moderate. Supports: optionality is strong (0.695). Brakes: fragility pressure is heavy (0.677); constraint complexity is moderate (0.555).,Structural support: optionality is strong (0.695),Structural brakes: fragility pressure is heavy (0.677); constraint complexity is moderate (0.555),"Operator check: verify parcel availability, local listings, zoning/subdivision path, and whether the county-level signal is concentrated in investable submarkets."
77,141,05131,"Sebastian County, Arkansas",AR,South,metro,advance,,0.8270743301642178,0.4293138516760251,0.8910976663785652,0.021294078885121713,0.8863439930855661,0.31918340894361635,0.7075324925620468,0.0457383839733814,585,130035.0,"Moderate quiet-breakout probability with moderate residual-upside magnitude. Prior momentum rank is 31.9%, inside the not-hot gate. Market-depth adequacy is high (0.708).",Wave 3 support is moderate; structural brakes are moderate. Supports: scarcity/amenity balance is strong (0.683); optionality is moderate (0.610). Brakes: constraint pressure is moderate (0.621).,Structural support: scarcity/amenity balance is strong (0.683); optionality is moderate (0.610),Structural brakes: constraint pressure is moderate (0.621),"Operator check: verify parcel availability, local listings, zoning/subdivision path, and whether the county-level signal is concentrated in investable submarkets."
78,142,39059,"Guernsey County, Ohio",OH,Midwest,nonmetro_adjacent_or_regional,advance_with_notes,small_market,0.8267934312878132,0.46108845442052715,0.9152981849611063,-0.006034298175276826,0.7545375972342264,0.3661697990926766,0.9412217157698797,0.0702055831905867,543,38219.0,"High quiet-breakout probability with moderate residual-upside magnitude. Prior momentum rank is 36.6%, inside the not-hot gate. Market-depth adequacy is high (0.941).",Wave 3 support is moderate; structural brakes are moderate. Supports: optionality is moderate (0.619); scarcity/amenity balance is moderate (0.619). Brakes: no major structural brakes flagged.,Structural support: optionality is moderate (0.619); scarcity/amenity balance is moderate (0.619),Structural brakes: no major structural brakes flagged,"Operator check: verify parcel availability, local listings, zoning/subdivision path, and whether the county-level signal is concentrated in investable submarkets."
79,144,54029,"Hancock County, West Virginia",WV,South,metro,advance_with_notes,small_market,0.8266205704407953,0.2945894989755735,0.7216940363007779,0.061869976144951815,0.9792566983578219,0.44134802333117307,0.7960581174866075,0.2029615983162467,212,28054.0,"Low quiet-breakout probability with high residual-upside magnitude. Prior momentum rank is 44.1%, inside the not-hot gate. Market-depth adequacy is high (0.796).",Wave 3 support is moderate; structural brakes are moderate. Supports: fragility/support balance is strong (0.738); scarcity/amenity balance is strong (0.711); optionality is strong (0.676). Brakes: wetlands constraint is moderate (0.579).,Structural support: fragility/support balance is strong (0.738); scarcity/amenity balance is strong (0.711); optionality is strong (0.676),Structural brakes: wetlands constraint is moderate (0.579),"Operator check: verify parcel availability, local listings, zoning/subdivision path, and whether the county-level signal is concentrated in investable submarkets."
80,145,05033,"Crawford County, Arkansas",AR,South,metro,advance,,0.8265341400172861,0.3214549997782239,0.7675021607605877,0.055566583686347294,0.9706136560069144,0.42482177576150354,0.9040661903527161,0.048359313090816,524,62258.0,"Moderate quiet-breakout probability with high residual-upside magnitude. Prior momentum rank is 42.5%, inside the not-hot gate. Market-depth adequacy is high (0.904).",Wave 3 support is moderate; structural brakes are moderate. Supports: scarcity/amenity balance is strong (0.748); optionality is moderate (0.627). Brakes: fragility pressure is moderate (0.592).,Structural support: scarcity/amenity balance is strong (0.748); optionality is moderate (0.627),Structural brakes: fragility pressure is moderate (0.592),"Operator check: verify parcel availability, local listings, zoning/subdivision path, and whether the county-level signal is concentrated in investable submarkets."
81,149,49043,"Summit County, Utah",UT,West,nonmetro_adjacent_or_regional,advance_with_notes,small_market,0.824913569576491,0.32156074312578353,0.7683664649956785,0.0813276581202832,0.9935177182368193,0.4073233959818535,0.8807665586497403,0.0195395520175373,1719,43109.0,"Moderate quiet-breakout probability with high residual-upside magnitude. Prior momentum rank is 40.7%, inside the not-hot gate. Market-depth adequacy is high (0.881).",Wave 3 support is moderate; structural brakes are moderate. Supports: scarcity/amenity balance is strong (0.726); optionality is moderate (0.600). Brakes: constraint pressure is moderate (0.639); constraint complexity is moderate (0.556).,Structural support: scarcity/amenity balance is strong (0.726); optionality is moderate (0.600),Structural brakes: constraint pressure is moderate (0.639); constraint complexity is moderate (0.556),"Operator check: verify parcel availability, local listings, zoning/subdivision path, and whether the county-level signal is concentrated in investable submarkets."
82,153,36047,"Kings County, New York",NY,Northeast,metro,advance_with_notes,moderate_market_depth,0.8235306828003457,0.43934571023548574,0.8984442523768367,0.048125266696657565,0.9611063094209161,0.16753078418664938,0.4780702053765269,0.0359194962228243,2129,2617631.0,"Moderate quiet-breakout probability with high residual-upside magnitude. Prior momentum rank is 16.8%, inside the not-hot gate. Market-depth adequacy is moderate (0.478).",Wave 3 support is moderate; structural brakes are moderate. Supports: scarcity/amenity balance is strong (0.745); site-thesis support is strong (0.719); optionality is moderate (0.624). Brakes: fragility pressure is heavy (0.721); wetlands constraint is moderate (0.615); constraint complexity is moderate (0.557).,Structural support: scarcity/amenity balance is strong (0.745); site-thesis support is strong (0.719); optionality is moderate (0.624),Structural brakes: fragility pressure is heavy (0.721); wetlands constraint is moderate (0.615); constraint complexity is moderate (0.557),"Operator check: verify parcel availability, local listings, zoning/subdivision path, and whether the county-level signal is concentrated in investable submarkets."
83,158,04003,"Cochise County, Arizona",AZ,West,metro,advance,,0.8210674157303369,0.30913028622535604,0.7476231633535004,0.07879535554391404,0.9917891097666378,0.31399870382372,0.7309274673160532,0.1371032178972209,2026,125773.0,"Low quiet-breakout probability with high residual-upside magnitude. Prior momentum rank is 31.4%, inside the not-hot gate. Market-depth adequacy is high (0.731).",Wave 3 support is moderate; structural brakes are moderate. Supports: optionality is strong (0.690); site-thesis support is moderate (0.638). Brakes: fragility pressure is moderate (0.610).,Structural support: optionality is strong (0.690); site-thesis support is moderate (0.638),Structural brakes: fragility pressure is moderate (0.610),"Operator check: verify parcel availability, local listings, zoning/subdivision path, and whether the county-level signal is concentrated in investable submarkets."
84,161,30029,"Flathead County, Montana",MT,West,nonmetro_adjacent_or_regional,advance,,0.8172212618841832,0.566647524666903,0.9632670700086431,-0.004354383513642513,0.7623163353500432,0.4507453013609851,0.7203914548404793,0.0436939426086843,2508,114527.0,"High quiet-breakout probability with moderate residual-upside magnitude. Prior momentum rank is 45.1%, inside the not-hot gate. Market-depth adequacy is high (0.720).",Wave 3 support is moderate; structural brakes are moderate. Supports: scarcity/amenity balance is strong (0.851); optionality is moderate (0.652); site-thesis support is moderate (0.624). Brakes: constraint pressure is heavy (0.678); constraint complexity is moderate (0.580).,Structural support: scarcity/amenity balance is strong (0.851); optionality is moderate (0.652); site-thesis support is moderate (0.624),Structural brakes: constraint pressure is heavy (0.678); constraint complexity is moderate (0.580),"Operator check: verify parcel availability, local listings, zoning/subdivision path, and whether the county-level signal is concentrated in investable submarkets."
85,164,53037,"Kittitas County, Washington",WA,West,nonmetro_adjacent_or_regional,advance_with_notes,small_market,0.8166810717372515,0.3946921045324326,0.8591184096802075,-0.0004030771580484385,0.7856525496974935,0.2511341542449773,0.9347577691614466,0.0969862900706048,2599,48172.0,"Moderate quiet-breakout probability with moderate residual-upside magnitude. Prior momentum rank is 25.1%, inside the not-hot gate. Market-depth adequacy is high (0.935).",Wave 3 support is moderate; structural brakes are moderate. Supports: scarcity/amenity balance is strong (0.811); optionality is moderate (0.668); site-thesis support is moderate (0.634). Brakes: constraint pressure is moderate (0.573); fragility pressure is moderate (0.553).,Structural support: scarcity/amenity balance is strong (0.811); optionality is moderate (0.668); site-thesis support is moderate (0.634),Structural brakes: constraint pressure is moderate (0.573); fragility pressure is moderate (0.553),"Operator check: verify parcel availability, local listings, zoning/subdivision path, and whether the county-level signal is concentrated in investable submarkets."
86,167,05005,"Baxter County, Arkansas",AR,South,nonmetro_adjacent_or_regional,advance_with_notes,small_market,0.8157087294727745,0.3689312627540696,0.8383751080380294,-0.011187076848018725,0.7281763180639585,0.40278677900194426,0.9871369950530532,0.1988929684778156,1464,43007.0,"Moderate quiet-breakout probability with low residual-upside magnitude. Prior momentum rank is 40.3%, inside the not-hot gate. Market-depth adequacy is high (0.987).",Wave 3 support is strong; structural brakes are moderate. Supports: scarcity/amenity balance is strong (0.842); fragility/support balance is strong (0.707); optionality is strong (0.701). Brakes: wetlands constraint is moderate (0.568); constraint pressure is moderate (0.562).,Structural support: scarcity/amenity balance is strong (0.842); fragility/support balance is strong (0.707); optionality is strong (0.701),Structural brakes: wetlands constraint is moderate (0.568); constraint pressure is moderate (0.562),"Operator check: verify parcel availability, local listings, zoning/subdivision path, and whether the county-level signal is concentrated in investable submarkets."
87,170,05023,"Cleburne County, Arkansas",AR,South,nonmetro_adjacent_or_regional,advance_with_notes,small_market,0.814866032843561,0.3037241343081864,0.7389801210025929,0.03780086692301317,0.9403630077787382,0.4854180168502916,0.8013401262112261,0.1653515636136042,972,25646.0,"Low quiet-breakout probability with high residual-upside magnitude. Prior momentum rank is 48.5%, inside the not-hot gate. Market-depth adequacy is high (0.801).",Wave 3 support is moderate; structural brakes are moderate. Supports: fragility/support balance is strong (0.707); scarcity/amenity balance is strong (0.694); optionality is strong (0.685). Brakes: wetlands constraint is moderate (0.594).,Structural support: fragility/support balance is strong (0.707); scarcity/amenity balance is strong (0.694); optionality is strong (0.685),Structural brakes: wetlands constraint is moderate (0.594),"Operator check: verify parcel availability, local listings, zoning/subdivision path, and whether the county-level signal is concentrated in investable submarkets."
88,173,32031,"Washoe County, Nevada",NV,West,metro,advance_with_notes,moderate_market_depth,0.8114304235090752,0.39915951650115206,0.8643042350907519,0.028352472971150226,0.9148660328435609,0.20123136746597536,0.5327221966407841,0.0971419867310979,1404,507280.0,"Moderate quiet-breakout probability with high residual-upside magnitude. Prior momentum rank is 20.1%, inside the not-hot gate. Market-depth adequacy is moderate (0.533).",Wave 3 support is moderate; structural brakes are moderate. Supports: scarcity/amenity balance is strong (0.854); site-thesis support is moderate (0.662); optionality is moderate (0.656). Brakes: wetlands constraint is moderate (0.638); constraint pressure is moderate (0.578).,Structural support: scarcity/amenity balance is strong (0.854); site-thesis support is moderate (0.662); optionality is moderate (0.656),Structural brakes: wetlands constraint is moderate (0.638); constraint pressure is moderate (0.578),"Operator check: verify parcel availability, local listings, zoning/subdivision path, and whether the county-level signal is concentrated in investable submarkets."
89,175,29187,"St. Francois County, Missouri",MO,Midwest,nonmetro_adjacent_or_regional,advance,,0.8112143474503025,0.3290376450029924,0.7847882454624028,0.03680692605067519,0.9373379429559204,0.6228127025275437,0.8692092637639307,0.0224919099782779,148,67503.0,"Moderate quiet-breakout probability with high residual-upside magnitude. Prior momentum rank is 62.3%, inside the not-hot gate. Market-depth adequacy is high (0.869).",Wave 3 support is moderate; structural brakes are moderate. Supports: optionality is moderate (0.608). Brakes: no major structural brakes flagged.,Structural support: optionality is moderate (0.608),Structural brakes: no major structural brakes flagged,"Operator check: verify parcel availability, local listings, zoning/subdivision path, and whether the county-level signal is concentrated in investable submarkets."
90,178,02170,"Matanuska-Susitna Borough, Alaska",AK,West,metro,advance,,0.8096585998271393,0.27384908007555375,0.6901469317199654,0.05832994393322873,0.9732065687121867,0.31270252754374595,0.7429902913525154,0.2582476090563238,1117,117613.0,"Low quiet-breakout probability with high residual-upside magnitude. Prior momentum rank is 31.3%, inside the not-hot gate. Market-depth adequacy is high (0.743).",Wave 3 support is strong; structural brakes are moderate. Supports: scarcity/amenity balance is strong (0.784); optionality is strong (0.726); fragility/support balance is strong (0.713). Brakes: no major structural brakes flagged.,Structural support: scarcity/amenity balance is strong (0.784); optionality is strong (0.726); fragility/support balance is strong (0.713),Structural brakes: no major structural brakes flagged,"Operator check: verify parcel availability, local listings, zoning/subdivision path, and whether the county-level signal is concentrated in investable submarkets."
91,186,21085,"Grayson County, Kentucky",KY,South,nonmetro_adjacent_or_regional,advance_with_notes,small_market,0.8045808124459809,0.31222981448790965,0.7510803802938635,0.023223893345574884,0.8928262748487468,0.18956578094620868,0.7847918640019997,0.1843769061142832,1726,27070.0,"Moderate quiet-breakout probability with moderate residual-upside magnitude. Prior momentum rank is 19.0%, inside the not-hot gate. Market-depth adequacy is high (0.785).",Wave 3 support is moderate; structural brakes are moderate. Supports: optionality is strong (0.693); fragility/support balance is moderate (0.669). Brakes: no major structural brakes flagged.,Structural support: optionality is strong (0.693); fragility/support balance is moderate (0.669),Structural brakes: no major structural brakes flagged,"Operator check: verify parcel availability, local listings, zoning/subdivision path, and whether the county-level signal is concentrated in investable submarkets."
92,188,51023,"Botetourt County, Virginia",VA,South,metro,advance_with_notes,small_market,0.8031547104580812,0.35372493512419684,0.8219533275713051,-0.012308360478400986,0.7191011235955056,0.4455605962410888,0.9088039623572197,0.2799535645920652,1292,34129.0,"Moderate quiet-breakout probability with low residual-upside magnitude. Prior momentum rank is 44.6%, inside the not-hot gate. Market-depth adequacy is high (0.909).",Wave 3 support is strong; structural brakes are light. Supports: scarcity/amenity balance is strong (0.725); fragility/support balance is strong (0.698); optionality is strong (0.689). Brakes: no major structural brakes flagged.,Structural support: scarcity/amenity balance is strong (0.725); fragility/support balance is strong (0.698); optionality is strong (0.689),Structural brakes: no major structural brakes flagged,"Operator check: verify parcel availability, local listings, zoning/subdivision path, and whether the county-level signal is concentrated in investable submarkets."
93,190,06057,"Nevada County, California",CA,West,nonmetro_adjacent_or_regional,advance,,0.8011452031114952,0.46736049161468857,0.9187554019014693,-0.016574138135890502,0.6901469317199654,0.10823071937783539,0.7446984894829617,0.1680214050971089,2654,102195.0,"High quiet-breakout probability with low residual-upside magnitude. Prior momentum rank is 10.8%, inside the not-hot gate. Market-depth adequacy is high (0.745).",Wave 3 support is moderate; structural brakes are moderate. Supports: scarcity/amenity balance is strong (0.765); optionality is moderate (0.663); site-thesis support is moderate (0.656). Brakes: no major structural brakes flagged.,Structural support: scarcity/amenity balance is strong (0.765); optionality is moderate (0.663); site-thesis support is moderate (0.656),Structural brakes: no major structural brakes flagged,"Operator check: verify parcel availability, local listings, zoning/subdivision path, and whether the county-level signal is concentrated in investable submarkets."
94,191,35017,"Grant County, New Mexico",NM,West,nonmetro_adjacent_or_regional,advance_with_notes,small_market,0.8008643042350907,0.4163236159324973,0.8794295592048401,-0.013797316027860801,0.7108902333621435,0.31983149708360337,0.7781397912295711,0.1983806186943188,2372,27541.0,"Moderate quiet-breakout probability with low residual-upside magnitude. Prior momentum rank is 32.0%, inside the not-hot gate. Market-depth adequacy is high (0.778).",Wave 3 support is moderate; structural brakes are moderate. Supports: scarcity/amenity balance is strong (0.698); optionality is strong (0.674); site-thesis support is moderate (0.635). Brakes: no major structural brakes flagged.,Structural support: scarcity/amenity balance is strong (0.698); optionality is strong (0.674); site-thesis support is moderate (0.635),Structural brakes: no major structural brakes flagged,"Operator check: verify parcel availability, local listings, zoning/subdivision path, and whether the county-level signal is concentrated in investable submarkets."
95,192,35009,"Curry County, New Mexico",NM,West,nonmetro_adjacent_or_regional,advance_with_notes,small_market,0.800648228176318,0.6463623986473022,0.9831460674157303,-0.04861209668106363,0.4671564390665514,0.20479585223590407,0.9703971269462652,0.4342111000906409,821,47156.0,"High quiet-breakout probability with low residual-upside magnitude. Prior momentum rank is 20.5%, inside the not-hot gate. Market-depth adequacy is high (0.970).",Wave 3 support is strong; structural brakes are light. Supports: developability is strong (0.785); fragility/support balance is strong (0.775); optionality is strong (0.710). Brakes: no major structural brakes flagged.,Structural support: developability is strong (0.785); fragility/support balance is strong (0.775); optionality is strong (0.710),Structural brakes: no major structural brakes flagged,"Operator check: verify parcel availability, local listings, zoning/subdivision path, and whether the county-level signal is concentrated in investable submarkets."
96,196,45047,"Greenwood County, South Carolina",SC,South,nonmetro_adjacent_or_regional,advance,,0.7980121002592911,0.3435844408334416,0.8063958513396715,0.00016747867374755586,0.790838375108038,0.47731691510045365,0.8732799241198776,0.1500409699089571,594,70041.0,"Moderate quiet-breakout probability with moderate residual-upside magnitude. Prior momentum rank is 47.7%, inside the not-hot gate. Market-depth adequacy is high (0.873).",Wave 3 support is moderate; structural brakes are moderate. Supports: optionality is moderate (0.669); fragility/support balance is moderate (0.658). Brakes: no major structural brakes flagged.,Structural support: optionality is moderate (0.669); fragility/support balance is moderate (0.658),Structural brakes: no major structural brakes flagged,"Operator check: verify parcel availability, local listings, zoning/subdivision path, and whether the county-level signal is concentrated in investable submarkets."
97,204,36061,"New York County, New York",NY,Northeast,metro,advance_with_notes,moderate_market_depth,0.7957000864304236,0.7381385144865636,0.9961106309420916,-0.02515861508668537,0.6326707000864304,0.030784186649384315,0.4931985336179595,0.2722632012231489,2886,1660664.0,"High quiet-breakout probability with low residual-upside magnitude. Prior momentum rank is 3.1%, inside the not-hot gate. Market-depth adequacy is moderate (0.493).",Wave 3 support is strong; structural brakes are moderate. Supports: fragility/support balance is strong (0.758); scarcity/amenity balance is strong (0.747); site-thesis support is strong (0.731). Brakes: wetlands constraint is moderate (0.646).,Structural support: fragility/support balance is strong (0.758); scarcity/amenity balance is strong (0.747); site-thesis support is strong (0.731),Structural brakes: wetlands constraint is moderate (0.646),"Operator check: verify parcel availability, local listings, zoning/subdivision path, and whether the county-level signal is concentrated in investable submarkets."
98,211,39131,"Pike County, Ohio",OH,Midwest,remote_rural,advance_with_notes,small_market,0.7910976663785653,0.4410080534321895,0.8993085566119274,-0.005310578184247691,0.7584269662921348,0.2887232663642255,0.7577711383074391,0.0412103981239987,1035,27065.0,"Moderate quiet-breakout probability with moderate residual-upside magnitude. Prior momentum rank is 28.9%, inside the not-hot gate. Market-depth adequacy is high (0.758).",Wave 3 support is moderate; structural brakes are moderate. Supports: optionality is moderate (0.633). Brakes: constraint pressure is moderate (0.578).,Structural support: optionality is moderate (0.633),Structural brakes: constraint pressure is moderate (0.578),"Operator check: verify parcel availability, local listings, zoning/subdivision path, and whether the county-level signal is concentrated in investable submarkets."
99,216,26051,"Gladwin County, Michigan",MI,Midwest,remote_rural,advance_with_notes,small_market; labor_stress,0.7860414866032842,0.4605416017993454,0.9144338807260155,-0.016104634380551024,0.693171996542783,0.4053791315618924,0.7773863536378101,0.0808907147610207,104,25995.0,"High quiet-breakout probability with low residual-upside magnitude. Prior momentum rank is 40.5%, inside the not-hot gate. Market-depth adequacy is high (0.777).",Wave 3 support is moderate; structural brakes are moderate. Supports: fragility/support balance is strong (0.683); scarcity/amenity balance is moderate (0.668). Brakes: wetlands constraint is heavy (0.782); constraint pressure is moderate (0.558).,Structural support: fragility/support balance is strong (0.683); scarcity/amenity balance is moderate (0.668),Structural brakes: wetlands constraint is heavy (0.782); constraint pressure is moderate (0.558),"Operator check: verify parcel availability, local listings, zoning/subdivision path, and whether the county-level signal is concentrated in investable submarkets."
100,227,49021,"Iron County, Utah",UT,West,nonmetro_adjacent_or_regional,advance,,0.7833621434745031,0.24201438488079088,0.6348314606741573,0.02979272607180274,0.9174589455488332,0.2167854828256643,0.8575979927022956,0.3200631601185236,2874,65936.0,"Low quiet-breakout probability with high residual-upside magnitude. Prior momentum rank is 21.7%, inside the not-hot gate. Market-depth adequacy is high (0.858).",Wave 3 support is strong; structural brakes are light. Supports: optionality is strong (0.696); site-thesis support is strong (0.686); fragility/support balance is strong (0.683). Brakes: no major structural brakes flagged.,Structural support: optionality is strong (0.696); site-thesis support is strong (0.686); fragility/support balance is strong (0.683),Structural brakes: no major structural brakes flagged,"Operator check: verify parcel availability, local listings, zoning/subdivision path, and whether the county-level signal is concentrated in investable submarkets."
