fips,county_name,state,n_runs_present,avg_rank,median_rank,std_rank,min_rank,max_rank,avg_opportunity_score,avg_pred_policy_3yr,avg_pred_avg_5yr,avg_composite_risk,top25_count,top50_count,top100_count,rank_range,latest_rank,latest_opportunity_score,latest_confidence,earliest_rank,currently_ranked,net_rank_change,top25_presence_share,top50_presence_share,top100_presence_share,is_stable_top25,is_watchlist_boundary
51580,"Covington city, Virginia",VA,12,1.3333333333333333,1.0,1.1547005383792515,1,5,76.99348936232049,0.268403216667788,0.35006756501020103,38.629831678236414,12,12,12,4,1.0,77.1464216168642,MEDIUM,1,True,0.0,1.0,1.0,1.0,True,False
39081,"Jefferson County, Ohio",OH,12,2.1666666666666665,2.0,0.9374368665610922,1,5,76.77211797599614,0.2513223446024268,0.29352228096969357,37.53250231220037,12,12,12,4,2.0,76.68077738754316,HIGH,5,True,3.0,1.0,1.0,1.0,True,False
17163,"St. Clair County, Illinois",IL,12,3.9166666666666665,3.0,1.7298624923456323,3,8,75.35249017799492,0.23088501824519592,0.24638339638951853,38.81626101699805,12,12,12,5,3.0,75.65932412278609,HIGH,7,True,4.0,1.0,1.0,1.0,True,False
51690,"Martinsville city, Virginia",VA,12,12.0,4.0,19.386030584371365,3,70,74.2480374358015,0.2808140316838226,0.32611433456908234,41.7433471244057,11,11,12,67,4.0,75.43543858809286,MEDIUM,24,True,20.0,0.9166666666666666,0.9166666666666666,1.0,True,True
18103,"Miami County, Indiana",IN,12,5.666666666666667,5.0,1.4354811251305468,5,10,74.88451016452281,0.3000502006754611,0.2678485747206132,38.48639036887259,12,12,12,5,5.0,75.1916292414511,HIGH,10,True,5.0,1.0,1.0,1.0,True,False
51530,"Buena Vista city, Virginia",VA,12,7.25,6.0,3.1370223287233854,5,16,74.41622199342568,0.2795683876053589,0.306396577699125,38.11784834000029,12,12,12,11,6.0,74.80729249454467,HIGH,16,True,10.0,1.0,1.0,1.0,True,False
51105,"Lee County, Virginia",VA,12,11.333333333333334,7.0,8.082903768654761,7,27,73.81483606312307,0.2903711513484531,0.30721242427534334,40.44096007944588,10,12,12,20,7.0,74.64709080162031,HIGH,27,True,20.0,0.8333333333333334,1.0,1.0,True,False
26053,"Gogebic County, Michigan",MI,12,12.416666666666666,8.0,14.73066272244478,6,59,73.78054700284791,0.28573385874044754,0.27980324361542175,39.57703635796155,11,11,12,53,8.0,74.52452815553637,MEDIUM,12,True,4.0,0.9166666666666666,0.9166666666666666,1.0,True,True
17027,"Clinton County, Illinois",IL,12,12.25,9.0,5.412527556091936,9,25,73.37983472386067,0.25103020871646886,0.23077615769165025,36.35949227197588,12,12,12,16,9.0,74.04688931854972,HIGH,25,True,16.0,1.0,1.0,1.0,True,False
26163,"Wayne County, Michigan",MI,12,11.583333333333334,10.0,6.734690832255078,4,32,73.58873218439278,0.21561250715131428,0.2353875290939614,39.72308093897331,11,12,12,28,10.0,73.98786123260267,HIGH,9,True,-1.0,0.9166666666666666,1.0,1.0,True,False
17183,"Vermilion County, Illinois",IL,12,10.583333333333334,11.0,1.9286515936521478,7,15,73.67433081499631,0.22663937987726793,0.2670710161791734,38.41354178490827,12,12,12,8,11.0,73.76186152509212,MEDIUM,15,True,4.0,1.0,1.0,1.0,True,False
26071,"Iron County, Michigan",MI,12,21.0,12.0,30.355469778188997,9,117,72.79834696557036,0.2408909189234052,0.26014479920315153,37.572856970181746,11,11,11,108,12.0,73.76026499837673,HIGH,20,True,8.0,0.9166666666666666,0.9166666666666666,0.9166666666666666,True,True
17119,"Madison County, Illinois",IL,12,12.333333333333334,13.0,1.775250729197189,7,13,73.50520090808855,0.2528317690027461,0.22608187936980373,37.39686458101782,12,12,12,6,13.0,73.73790652353273,HIGH,13,True,0.0,1.0,1.0,1.0,True,False
18035,"Delaware County, Indiana",IN,12,14.666666666666666,14.0,3.0251471289038405,10,23,73.05920140943405,0.2940806825401537,0.2349135209057935,37.89246006264264,12,12,12,13,14.0,73.5175436160254,HIGH,17,True,3.0,1.0,1.0,1.0,True,False
18177,"Wayne County, Indiana",IN,12,15.833333333333334,15.0,2.9797294975866317,12,24,72.82973345361123,0.27812838943573465,0.23796995507285823,37.616613228221595,12,12,12,12,15.0,73.24105263399669,HIGH,19,True,4.0,1.0,1.0,1.0,True,False
18165,"Vermillion County, Indiana",IN,12,18.166666666666668,16.0,5.638074031784151,15,34,72.37589952431371,0.23100791367709705,0.2410155600912914,39.76745075926076,11,12,12,19,16.0,72.8183828662706,HIGH,34,True,18.0,0.9166666666666666,1.0,1.0,True,False
18095,"Madison County, Indiana",IN,12,18.75,17.0,4.287932326467343,15,31,72.33398652948182,0.24128611547647152,0.2265380727970168,39.6499236029792,11,12,12,16,17.0,72.77008399816228,HIGH,23,True,6.0,0.9166666666666666,1.0,1.0,True,False
42107,"Schuylkill County, Pennsylvania",PA,12,18.0,18.0,1.8586407545691703,14,22,72.33343670054565,0.30226255150447595,0.2492632162094175,38.83588050113523,12,12,12,8,18.0,72.565345207936,MEDIUM,22,True,4.0,1.0,1.0,1.0,True,False
39095,"Lucas County, Ohio",OH,12,19.333333333333332,19.0,3.366501646120692,11,26,72.165259155696,0.2290733592771319,0.21142272976096962,37.1977149426054,11,12,12,15,19.0,72.42246208182164,MEDIUM,18,True,-1.0,0.9166666666666666,1.0,1.0,True,False
18135,"Randolph County, Indiana",IN,12,20.666666666666668,20.0,4.2923469599092785,13,32,72.08000196336688,0.2833111317797202,0.2383457670546817,38.525823145744965,11,12,12,19,20.0,72.38211216848106,HIGH,32,True,12.0,0.9166666666666666,1.0,1.0,True,False
17179,"Tazewell County, Illinois",IL,12,22.0,21.0,2.7633971188310293,19,30,71.45951609216071,0.19263572105804064,0.191119277115013,38.753447325196106,11,12,12,11,21.0,71.73830960348505,HIGH,30,True,9.0,0.9166666666666666,1.0,1.0,True,False
42021,"Cambria County, Pennsylvania",PA,12,20.666666666666668,22.0,6.38653887390336,2,29,72.15716431533414,0.25140753010939804,0.2842765388392155,43.14001536706876,11,12,12,27,22.0,71.73049726129034,MEDIUM,29,True,7.0,0.9166666666666666,1.0,1.0,True,False
17041,"Douglas County, Illinois",IL,12,33.083333333333336,23.0,31.873209991331514,22,134,70.74884874297909,0.28745167176547853,0.2096264058327906,35.76259243284042,9,11,11,112,23.0,71.53117666438588,HIGH,31,True,8.0,0.75,0.9166666666666666,0.9166666666666666,True,True
39039,"Defiance County, Ohio",OH,12,24.0,24.0,4.6122366887148445,12,33,71.30247615619375,0.22453802823461602,0.21509987208270975,36.216764441691275,10,12,12,21,24.0,71.40848225064178,HIGH,33,True,9.0,0.8333333333333334,1.0,1.0,True,False
17199,"Williamson County, Illinois",IL,12,24.416666666666668,25.0,4.273774855458756,14,29,71.37043896137935,0.20264486743622567,0.18989515546944605,35.935962122558415,8,12,12,15,25.0,71.36837761000736,HIGH,26,True,1.0,0.6666666666666666,1.0,1.0,False,False
36015,"Chemung County, New York",NY,12,26.0,26.0,6.4666979068286325,9,38,71.06048207270072,0.26832252415140195,0.2155236622364747,36.92817709146664,3,12,12,29,26.0,71.13505852047749,HIGH,38,True,12.0,0.25,1.0,1.0,False,False
20079,"Harvey County, Kansas",KS,12,33.583333333333336,27.0,18.32265529255236,27,91,70.3629039284606,0.21784292327428237,0.2115948146549258,37.68200960527179,0,11,12,64,27.0,71.04883910088732,MEDIUM,37,True,10.0,0.0,0.9166666666666666,1.0,False,True
39151,"Stark County, Ohio",OH,12,30.0,28.0,3.3028912953790823,26,37,70.58559256640774,0.23392314724261654,0.1869366436229339,37.1657457612785,0,12,12,11,28.0,70.94616575350005,HIGH,35,True,7.0,0.0,1.0,1.0,False,False
55037,"Florence County, Wisconsin",WI,12,39.833333333333336,29.0,31.3508977204607,26,138,70.03072739575502,0.304756826121228,0.22172524896390822,35.476822275846715,0,11,11,112,29.0,70.91291701075617,HIGH,45,True,16.0,0.0,0.9166666666666666,0.9166666666666666,False,True
26145,"Saginaw County, Michigan",MI,12,31.25,30.0,3.6212755161180934,27,40,70.55915225137664,0.22016893498740206,0.21898966702478004,37.428049424838775,0,12,12,13,30.0,70.88533742167556,HIGH,36,True,6.0,0.0,1.0,1.0,False,False
17115,"Macon County, Illinois",IL,12,30.916666666666668,31.0,4.077841080619483,21,39,70.40959695542873,0.20672787415212032,0.22142827792900452,39.21084919206167,1,12,12,18,31.0,70.57959852810205,MEDIUM,39,True,8.0,0.08333333333333333,1.0,1.0,False,False
55067,"Langlade County, Wisconsin",WI,12,42.333333333333336,32.0,20.96895251787675,32,101,69.52819395197879,0.24457583045603568,0.19550357443693803,35.22840654749657,0,9,11,69,32.0,70.44503290105209,HIGH,62,True,30.0,0.0,0.75,0.9166666666666666,False,True
09015,"Windham County, Connecticut",CT,12,52.833333333333336,33.0,57.86164270887664,33,236,69.12542741591042,0.2191298317125494,0.11850477716569342,17.734097691615275,0,11,11,203,33.0,70.19837338841067,MEDIUM,42,True,9.0,0.0,0.9166666666666666,0.9166666666666666,False,True
18041,"Fayette County, Indiana",IN,12,35.166666666666664,34.0,2.5524794837866,32,41,69.73175760842555,0.2917991908944482,0.20887167264007903,39.42223099475325,0,12,12,9,34.0,69.9171223799153,HIGH,41,True,7.0,0.0,1.0,1.0,False,False
18161,"Union County, Indiana",IN,12,41.75,36.5,10.523782589924593,35,64,69.16903716772612,0.2225412133024415,0.1962181198957842,37.555138959768,0,9,12,29,35.0,69.77075015840346,HIGH,60,True,25.0,0.0,0.75,1.0,False,False
24001,"Allegany County, Maryland",MD,12,34.0,36.0,9.797958971132713,4,43,70.04404319046333,0.25460692791785494,0.23371532569372042,39.01727241361475,1,12,12,39,36.0,69.76053442593438,MEDIUM,43,True,7.0,0.08333333333333333,1.0,1.0,False,False
21089,"Greenup County, Kentucky",KY,12,40.833333333333336,37.0,9.163498074954619,34,64,69.28578303508223,0.22430041385789323,0.22836591917685342,37.79904510735736,0,10,12,30,37.0,69.71387746352026,HIGH,64,True,27.0,0.0,0.8333333333333334,1.0,False,False
17083,"Jersey County, Illinois",IL,12,45.25,40.0,11.662878172763671,38,73,69.06175021544014,0.17653659108713482,0.17874575774522636,36.22295117859977,0,9,12,35,38.0,69.70960724340293,HIGH,73,True,35.0,0.0,0.75,1.0,False,False
36003,"Allegany County, New York",NY,12,53.75,39.0,34.133760946658604,33,152,68.78670139701433,0.27848081856125756,0.23959941756453448,40.82098607955469,0,9,11,119,39.0,69.65339385736235,HIGH,79,True,40.0,0.0,0.75,0.9166666666666666,False,True
51195,"Wise County, Virginia",VA,12,45.833333333333336,40.0,15.57873453451755,36,83,69.16837625189362,0.2811963952003797,0.2350742130743233,37.44788272770202,0,10,12,47,40.0,69.63921543079752,HIGH,83,True,43.0,0.0,0.8333333333333334,1.0,False,True
18167,"Vigo County, Indiana",IN,12,44.5,43.5,4.522670168666455,41,56,69.06042756089775,0.2892352991750188,0.18274130722386683,36.12529106966268,0,11,12,15,41.0,69.54199334651847,HIGH,56,True,15.0,0.0,0.9166666666666666,1.0,False,False
39035,"Cuyahoga County, Ohio",OH,12,43.916666666666664,42.0,11.649879697649112,31,79,69.18028905390746,0.21188720900218258,0.18939928933186423,38.900211607494995,0,11,12,48,42.0,69.5253737472327,HIGH,40,True,-2.0,0.0,0.9166666666666666,1.0,False,True
55141,"Wood County, Wisconsin",WI,12,48.666666666666664,43.0,17.46338160178884,35,103,68.96209332004533,0.27875895970871273,0.18283387939985288,34.93893498293906,0,11,11,68,43.0,69.48105597976765,HIGH,44,True,1.0,0.0,0.9166666666666666,0.9166666666666666,False,True
36007,"Broome County, New York",NY,12,45.25,44.0,4.807664335582961,41,58,69.07703852209053,0.23420737219104018,0.20482362035114574,40.331588895852434,0,11,12,17,44.0,69.43504235246462,HIGH,58,True,14.0,0.0,0.9166666666666666,1.0,False,False
39099,"Mahoning County, Ohio",OH,12,43.333333333333336,45.0,5.297226261035681,29,50,69.2994528396489,0.23578382460696026,0.20174847439414786,37.50238302179399,0,12,12,21,45.0,69.42571607714817,MEDIUM,47,True,2.0,0.0,1.0,1.0,False,False
39155,"Trumbull County, Ohio",OH,12,45.416666666666664,46.0,4.294993561924126,35,52,69.1476343517575,0.2392060621805915,0.20657128416220413,39.14179890760478,0,11,12,17,46.0,69.31212831887152,MEDIUM,49,True,3.0,0.0,0.9166666666666666,1.0,False,False
51111,"Lunenburg County, Virginia",VA,12,63.75,48.0,33.07876275580067,40,134,68.27925068510511,0.300422919574987,0.22884195120504805,39.29129801331008,0,8,10,94,47.0,69.17570954859781,HIGH,134,True,87.0,0.0,0.6666666666666666,0.8333333333333334,False,True
39023,"Clark County, Ohio",OH,12,50.583333333333336,49.0,4.10007390916384,44,59,68.79693578774477,0.23146779398597717,0.18234745193385316,38.038940233233106,0,8,12,15,48.0,69.17436804491159,HIGH,59,True,11.0,0.0,0.6666666666666666,1.0,False,False
36017,"Chenango County, New York",NY,12,56.0,50.5,11.078234188139946,49,84,68.42829043062109,0.2128344472971643,0.18728173614940982,38.20906417461675,0,6,12,35,49.0,69.01561195784637,HIGH,71,True,22.0,0.0,0.5,1.0,False,False
42097,"Northumberland County, Pennsylvania",PA,12,48.416666666666664,50.0,6.666856057915883,30,57,68.94162150574742,0.19836482198224406,0.21904745050728058,40.053764693112115,0,7,12,27,50.0,68.98400111745302,MEDIUM,51,True,1.0,0.0,0.5833333333333334,1.0,False,False
18117,"Orange County, Indiana",IN,12,55.333333333333336,52.0,6.080271126331209,51,68,68.49290292642378,0.2868508004848972,0.1865624839726728,39.352786910760784,0,0,12,17,51.0,68.94567898318684,HIGH,68,True,17.0,0.0,0.0,1.0,False,False
18163,"Vanderburgh County, Indiana",IN,12,59.833333333333336,53.5,10.66714014100681,52,85,68.25027580890524,0.23026833612796518,0.1607481942014031,38.50443646678761,0,0,12,33,52.0,68.85968520678577,HIGH,63,True,11.0,0.0,0.0,1.0,False,False
54049,"Marion County, West Virginia",WV,12,57.416666666666664,54.0,9.07001386521275,50,80,68.41734453590136,0.21550156982056848,0.22559450534280603,37.1826428859907,0,2,12,30,53.0,68.8029870254605,MEDIUM,80,True,27.0,0.0,0.16666666666666666,1.0,False,False
20049,"Elk County, Kansas",KS,12,160.16666666666666,55.0,319.88402254377735,47,1171,66.88675530785665,0.23081844887520364,0.22519142980167092,39.11122073260699,0,2,9,1124,54.0,68.79291823081039,MEDIUM,139,True,85.0,0.0,0.16666666666666666,0.75,False,True
18055,"Greene County, Indiana",IN,12,54.75,55.5,6.877169079312692,39,63,68.55307942899466,0.24963444490810974,0.18288972905893933,38.52707754083191,0,3,12,24,55.0,68.74161924305885,MEDIUM,48,True,-7.0,0.0,0.25,1.0,False,False
17105,"Livingston County, Illinois",IL,12,75.83333333333333,57.0,64.66674476721307,52,281,67.91209802563289,0.2076164029049078,0.1869387846862894,37.32181730263563,0,0,11,229,56.0,68.73017781930751,MEDIUM,61,True,5.0,0.0,0.0,0.9166666666666666,False,True
51590,"Danville city, Virginia",VA,12,100.75,58.0,92.99670082124614,53,365,67.25684347931794,0.23536371641830778,0.21300804703524603,36.9504898797679,0,0,9,312,57.0,68.68494556964637,MEDIUM,169,True,112.0,0.0,0.0,0.75,False,True
39113,"Montgomery County, Ohio",OH,12,60.166666666666664,59.0,5.605732996160486,48,68,68.3100907726486,0.22063411717585404,0.1774116602172676,39.61529402499383,0,1,12,20,58.0,68.66007879746495,HIGH,57,True,-1.0,0.0,0.08333333333333333,1.0,False,False
26025,"Calhoun County, Michigan",MI,12,60.333333333333336,59.0,10.865569753151744,43,90,68.29491029307879,0.26009855880239013,0.19248222688287922,39.01967862487504,0,1,12,47,59.0,68.65287269747361,HIGH,52,True,-7.0,0.0,0.08333333333333333,1.0,False,True
20001,"Allen County, Kansas",KS,12,74.66666666666667,61.0,41.07052323489291,55,203,67.84676668920407,0.22537490536671181,0.22043430808778472,42.652565492288545,0,0,11,148,60.0,68.58549710741518,HIGH,81,True,21.0,0.0,0.0,0.9166666666666666,False,True
17021,"Christian County, Illinois",IL,12,63.833333333333336,61.5,6.147184622888659,58,81,68.10675930023041,0.19937872018346578,0.19113882331001483,39.82789956936415,0,0,12,23,61.0,68.53736790598842,HIGH,67,True,6.0,0.0,0.0,1.0,False,False
18175,"Washington County, Indiana",IN,12,70.08333333333333,63.0,14.798392623606937,62,111,67.88353590869293,0.28571828725079285,0.1861557669560678,37.49910190295418,0,0,11,49,62.0,68.48796585130054,HIGH,85,True,23.0,0.0,0.0,0.9166666666666666,False,True
40111,"Okmulgee County, Oklahoma",OK,12,75.91666666666667,63.5,32.35164273848838,56,149,67.82269562657507,0.26924488068753627,0.22711188419295614,41.271228032642405,0,0,10,93,63.0,68.48763852382748,HIGH,149,True,86.0,0.0,0.0,0.8333333333333334,False,True
17005,"Bond County, Illinois",IL,12,76.91666666666667,68.5,18.17319871445727,64,114,67.70912820116028,0.236088650819294,0.16886018520921384,36.69311971623125,0,0,10,50,64.0,68.47677576835348,HIGH,114,True,50.0,0.0,0.0,0.8333333333333334,False,True
01031,"Coffee County, Alabama",AL,12,83.58333333333333,66.0,34.08400940279323,60,154,67.50917061860419,0.20461243505354074,0.20394433778948143,39.90624432404904,0,0,9,94,65.0,68.4394420226623,HIGH,136,True,71.0,0.0,0.0,0.75,False,True
17095,"Knox County, Illinois",IL,12,69.0,66.5,12.09056732257913,46,95,68.02714931409116,0.19691551811407462,0.19131430610044284,37.47217653761941,0,1,12,49,66.0,68.42094374355523,HIGH,95,True,29.0,0.0,0.08333333333333333,1.0,False,True
17143,"Peoria County, Illinois",IL,12,67.5,68.0,14.273306299777662,25,79,68.20843867436147,0.19273521096383658,0.16356034049691703,37.653186070897874,1,1,12,54,67.0,68.38983188219169,HIGH,78,True,11.0,0.08333333333333333,0.08333333333333333,1.0,False,True
42073,"Lawrence County, Pennsylvania",PA,12,63.333333333333336,68.0,10.508293982575974,42,76,68.3265462842933,0.2256853280330164,0.20489132043109984,39.64250941380646,0,2,12,34,68.0,68.37088937539774,MEDIUM,54,True,-14.0,0.0,0.16666666666666666,1.0,False,False
17195,"Whiteside County, Illinois",IL,12,67.08333333333333,69.0,10.908364874829967,34,77,68.18944003995298,0.1961236379174943,0.18963729343075594,37.66065035408403,0,1,12,43,69.0,68.3185733237324,HIGH,76,True,7.0,0.0,0.08333333333333333,1.0,False,True
37169,"Stokes County, North Carolina",NC,12,91.66666666666667,70.0,77.68740781705446,61,338,67.43744842110176,0.2581853286388155,0.20732259294910016,38.67490732173781,0,0,11,277,70.0,68.25308123775753,MEDIUM,70,True,0.0,0.0,0.0,0.9166666666666666,False,True
37191,"Wayne County, North Carolina",NC,12,85.41666666666667,72.0,39.09303200718961,69,208,67.50375845325583,0.2215211209454051,0.20688178907686086,40.17404298295757,0,0,11,139,71.0,68.24994361807022,HIGH,90,True,19.0,0.0,0.0,0.9166666666666666,False,True
18067,"Howard County, Indiana",IN,12,71.83333333333333,73.0,7.79082599580877,50,80,67.9375361509642,0.28850743966779424,0.1829367516248207,37.16501996237949,0,1,12,30,72.0,68.21662678405475,HIGH,75,True,3.0,0.0,0.08333333333333333,1.0,False,False
18125,"Pike County, Indiana",IN,12,68.91666666666667,73.0,11.277155777244651,38,81,68.08929894926233,0.2935071371319737,0.19162379373949712,39.00265229555102,0,1,12,43,73.0,68.18433861531832,MEDIUM,66,True,-7.0,0.0,0.08333333333333333,1.0,False,True
29115,"Linn County, Missouri",MO,12,114.5,75.0,127.94068227822682,70,520,67.0392722906686,0.2197808001573229,0.2093046741185917,40.01036827678588,0,0,11,450,74.0,68.1416569361242,HIGH,97,True,23.0,0.0,0.0,0.9166666666666666,False,True
15005,"Kalawao County, Hawaii",HI,12,113.08333333333333,55.0,195.92877107084948,41,734,67.6494403877892,0.16179482225705236,0.24992275765427696,48.22935236844186,0,5,11,693,75.0,68.11026373823654,MEDIUM,50,True,-25.0,0.0,0.4166666666666667,0.9166666666666666,False,True
39077,"Huron County, Ohio",OH,12,70.91666666666667,76.0,13.944424322895859,45,83,67.95751739842136,0.24406773239475898,0.16154450193598555,37.40292254407037,0,2,12,38,76.0,68.06386456559585,HIGH,55,True,-21.0,0.0,0.16666666666666666,1.0,False,False
39009,"Athens County, Ohio",OH,12,85.25,77.0,15.527834245754828,74,120,67.41934463901397,0.28599348176489287,0.19665512409830674,40.06837477896438,0,0,10,46,77.0,68.05747039382085,HIGH,109,True,32.0,0.0,0.0,0.8333333333333334,False,True
17117,"Macoupin County, Illinois",IL,12,87.83333333333333,78.0,28.878533497560028,54,152,67.43742117982383,0.17954885849604862,0.18731820044573863,36.56496509102624,0,0,10,98,78.0,68.03531621641989,HIGH,152,True,74.0,0.0,0.0,0.8333333333333334,False,True
17167,"Sangamon County, Illinois",IL,12,71.91666666666667,79.0,19.420974291323347,28,89,67.97841903410627,0.18632046969913618,0.1655195013109628,40.01068587103819,0,2,12,61,79.0,67.86281556463847,MEDIUM,53,True,-26.0,0.0,0.16666666666666666,1.0,False,True
18083,"Knox County, Indiana",IN,12,86.41666666666667,81.0,10.908364874829974,80,113,67.24693762992625,0.2512880039083362,0.1750970309889175,37.24972717872537,0,0,10,33,80.0,67.82236746304103,HIGH,113,True,33.0,0.0,0.0,0.8333333333333334,False,False
51169,"Scott County, Virginia",VA,12,84.41666666666667,81.0,8.317105411394182,77,105,67.38265664009248,0.28372777282376876,0.22115700040535083,37.10949217911012,0,0,11,28,81.0,67.79625623972598,HIGH,105,True,24.0,0.0,0.0,0.9166666666666666,False,False
54055,"Mercer County, West Virginia",WV,12,100.91666666666667,82.0,35.7960341463417,75,170,66.80735019917525,0.21291606707530022,0.22974578148686245,39.98605820168311,0,0,9,95,82.0,67.66053843538464,HIGH,170,True,88.0,0.0,0.0,0.75,False,True
17161,"Rock Island County, Illinois",IL,12,79.66666666666667,83.0,20.57506581601462,17,95,67.67332871509858,0.19061959173099297,0.1624564597093707,37.67225306169705,1,1,12,78,83.0,67.61870957916537,MEDIUM,84,True,1.0,0.08333333333333333,0.08333333333333333,1.0,False,True
17187,"Warren County, Illinois",IL,12,125.58333333333333,86.0,117.68714947484774,84,497,66.42130009581962,0.18727687424588702,0.16739014783105613,36.675161051104894,0,0,9,413,84.0,67.59305948442176,HIGH,123,True,39.0,0.0,0.0,0.75,False,True
39071,"Highland County, Ohio",OH,12,86.41666666666667,85.0,5.160308893737651,80,98,67.22653210013105,0.28708755145323567,0.18855031224415641,39.99203404468474,0,0,12,18,85.0,67.59160788961461,HIGH,98,True,13.0,0.0,0.0,1.0,False,False
26129,"Ogemaw County, Michigan",MI,12,90.91666666666667,86.0,29.867764116741874,56,179,67.11579687961482,0.26024422988841056,0.1792809071288356,37.46580185082635,0,0,11,123,86.0,67.57477052543227,MEDIUM,65,True,-21.0,0.0,0.0,0.9166666666666666,False,True
19179,"Wapello County, Iowa",IA,12,91.41666666666667,87.0,10.586941642104831,81,118,67.0723423565468,0.24436997972455632,0.18694935198081689,39.229938914820096,0,0,10,37,87.0,67.5399312485189,HIGH,104,True,17.0,0.0,0.0,0.8333333333333334,False,False
18121,"Parke County, Indiana",IN,12,97.16666666666667,88.0,30.845165624846988,77,194,66.93112305527443,0.27881838538945114,0.18332235934492302,37.8349636515329,0,0,11,117,88.0,67.50192404261057,MEDIUM,86,True,-2.0,0.0,0.0,0.9166666666666666,False,True
26135,"Oscoda County, Michigan",MI,12,123.33333333333333,91.5,107.06101347390938,89,463,66.50199850231172,0.20876849727039326,0.16891796586034416,35.012182334710744,0,0,10,374,89.0,67.49376311465748,MEDIUM,103,True,14.0,0.0,0.0,0.8333333333333334,False,True
39139,"Richland County, Ohio",OH,12,95.33333333333333,90.0,11.436252829833675,90,130,66.95295553168249,0.21583592336919621,0.17060378480824614,38.28712389929777,0,0,11,40,90.0,67.47349461809605,HIGH,99,True,9.0,0.0,0.0,0.9166666666666666,False,True
36063,"Niagara County, New York",NY,12,98.83333333333333,91.0,28.673184600799313,85,189,66.86959304630672,0.22524762963138933,0.16281712433835896,37.706523706128806,0,0,11,104,91.0,67.45021294308444,HIGH,94,True,3.0,0.0,0.0,0.9166666666666666,False,True
09013,"Tolland County, Connecticut",CT,12,120.91666666666667,95.0,74.61837250403894,82,353,66.41414000007889,0.18601080508253418,0.08202771141368197,17.079107562942987,0,0,8,271,92.0,67.44644157286199,MEDIUM,91,True,-1.0,0.0,0.0,0.6666666666666666,False,True
18141,"St. Joseph County, Indiana",IN,12,87.83333333333333,92.5,12.415776864599135,63,101,67.22232095903195,0.25503222768559314,0.1548123391737028,39.58393870804551,0,0,11,38,93.0,67.40339295212323,HIGH,72,True,-21.0,0.0,0.0,0.9166666666666666,False,False
36075,"Oswego County, New York",NY,12,90.5,93.0,11.04124498908936,60,102,67.16462823549787,0.23280093746401864,0.19511909508138015,36.53990446176266,0,0,10,42,94.0,67.38370686026876,MEDIUM,102,True,8.0,0.0,0.0,0.8333333333333334,False,True
13215,"Muscogee County, Georgia",GA,12,99.08333333333333,95.0,11.912242238618015,85,124,66.81728764017724,0.26860999300140065,0.19699239845094485,37.99528665322431,0,0,8,39,95.0,67.33833996848571,HIGH,117,True,22.0,0.0,0.0,0.6666666666666666,False,False
42129,"Westmoreland County, Pennsylvania",PA,12,89.91666666666667,96.0,25.292680699556083,37,133,67.22167158792966,0.2198644488974492,0.20031400394944845,45.75712121496304,0,2,10,96,96.0,67.28252268168585,MEDIUM,46,True,-50.0,0.0,0.16666666666666666,0.8333333333333334,False,True
18053,"Grant County, Indiana",IN,12,96.0,97.0,7.3608299927262415,75,106,66.92703949773663,0.2568847791933533,0.1761250489868499,38.492454639429134,0,0,10,31,97.0,67.21587505217855,HIGH,101,True,4.0,0.0,0.0,0.8333333333333334,False,False
26039,"Crawford County, Michigan",MI,12,103.16666666666667,99.0,7.802486006317978,98,122,66.6853394744392,0.25752693474360144,0.17402001603852427,38.44166647973273,0,0,8,24,98.0,67.19803421696423,HIGH,122,True,24.0,0.0,0.0,0.6666666666666666,False,False
01127,"Walker County, Alabama",AL,12,96.5,99.0,34.15339727544751,3,144,67.64843535063254,0.2217086346809635,0.22086245437714444,41.1232232575505,1,1,9,141,99.0,67.19317661266469,MEDIUM,144,True,45.0,0.08333333333333333,0.08333333333333333,0.75,False,True
26001,"Alcona County, Michigan",MI,12,124.16666666666667,101.5,65.39645991716195,100,330,66.19306890199643,0.21816435166070103,0.1716553435464683,35.27135399763084,0,0,6,230,100.0,67.07426501266698,HIGH,127,True,27.0,0.0,0.0,0.5,False,True
18089,"Lake County, Indiana",IN,12,102.08333333333333,101.0,12.131539161386007,78,128,66.6640335290533,0.24558734694300352,0.1526861449451765,40.689305522849544,0,0,2,50,101.0,67.0437300514977,HIGH,87,True,-14.0,0.0,0.0,0.16666666666666666,False,True
18093,"Lawrence County, Indiana",IN,12,97.0,102.0,12.940422924098945,62,111,66.86944584666116,0.25719968457367637,0.16743843421963248,38.597747432988854,0,0,3,49,102.0,67.00965385988971,MEDIUM,92,True,-10.0,0.0,0.0,0.25,False,True
37157,"Rockingham County, North Carolina",NC,12,123.58333333333333,103.0,70.82944730873315,96,348,66.2610222766363,0.26071813587574516,0.18655639926102305,40.201892293275826,0,0,2,252,103.0,66.9993918574558,HIGH,111,True,8.0,0.0,0.0,0.16666666666666666,False,True
26051,"Gladwin County, Michigan",MI,12,106.0,104.0,10.770329614269007,84,121,66.57392487996728,0.2768766372879138,0.16379192878634893,35.622069895269945,0,0,2,37,104.0,66.96414377068564,MEDIUM,93,True,-11.0,0.0,0.0,0.16666666666666666,False,False
36041,"Hamilton County, New York",NY,12,122.0,105.0,29.79017531762016,105,183,66.10955809036294,0.21958138328815288,0.16834139816845406,33.41680013980643,0,0,0,78,105.0,66.95999930720674,HIGH,183,True,78.0,0.0,0.0,0.0,False,True
40147,"Washington County, Oklahoma",OK,12,129.08333333333334,106.0,55.681657389996666,104,299,66.04079592968043,0.20057281705392963,0.1787533133579551,40.320406537205045,0,0,0,195,106.0,66.95847102450603,HIGH,150,True,44.0,0.0,0.0,0.0,False,True
37051,"Cumberland County, North Carolina",NC,12,110.16666666666667,107.0,24.848022907753496,80,183,66.51060961813535,0.2462309074310245,0.17236468074622116,40.82303275452129,0,0,2,103,107.0,66.93572960634906,MEDIUM,89,True,-18.0,0.0,0.0,0.16666666666666666,False,True
39085,"Lake County, Ohio",OH,12,102.25,108.0,18.73802647995878,68,122,66.74442596216798,0.2130071439803507,0.1600050110453571,36.16567689517755,0,0,3,54,108.0,66.81988290094405,MEDIUM,77,True,-31.0,0.0,0.0,0.25,False,True
18009,"Blackford County, Indiana",IN,12,115.91666666666667,110.5,10.49206049035809,109,140,66.1970295439679,0.2777614678383033,0.1816497471991658,38.08509720679274,0,0,0,31,109.0,66.73849706787112,HIGH,132,True,23.0,0.0,0.0,0.0,False,False
18131,"Pulaski County, Indiana",IN,12,110.83333333333333,110.0,15.062496070664645,79,129,66.39633652629787,0.25632031366798147,0.16319260207913971,37.16785403669091,0,0,2,50,110.0,66.7294020655819,MEDIUM,88,True,-22.0,0.0,0.0,0.16666666666666666,False,True
34011,"Cumberland County, New Jersey",NJ,12,107.0,111.0,14.801719801796988,63,120,66.57440179646456,0.2514892576532184,0.18359147818850666,38.94219085363983,0,0,2,57,111.0,66.71961499274501,MEDIUM,107,True,-4.0,0.0,0.0,0.16666666666666666,False,True
39145,"Scioto County, Ohio",OH,12,111.66666666666667,112.0,32.11154800303958,22,156,66.64209465449632,0.21327587974276666,0.16964588242443915,37.53390831984226,1,1,1,134,112.0,66.71732426495586,HIGH,156,True,44.0,0.08333333333333333,0.08333333333333333,0.08333333333333333,False,True
26085,"Lake County, Michigan",MI,12,127.5,115.5,25.29283046096804,113,195,65.96934940043361,0.2347123236537074,0.17329756182640943,35.27865164815573,0,0,0,82,113.0,66.67104175959491,MEDIUM,154,True,41.0,0.0,0.0,0.0,False,True
17039,"De Witt County, Illinois",IL,12,125.08333333333333,118.5,14.81681068205566,114,159,66.03736667290879,0.17492161134890424,0.15214303840587798,36.66518793444918,0,0,0,45,114.0,66.66419585429217,HIGH,145,True,31.0,0.0,0.0,0.0,False,True
54077,"Preston County, West Virginia",WV,12,127.16666666666667,115.0,27.265807202873024,109,189,65.95246683924711,0.18523554443553725,0.19262449470662302,37.8465414632179,0,0,0,80,115.0,66.6371771530768,HIGH,189,True,74.0,0.0,0.0,0.0,False,True
36043,"Herkimer County, New York",NY,12,119.83333333333333,116.0,16.20231932518155,101,168,66.19298413196871,0.28461217714302267,0.18364432710278064,40.01278330699607,0,0,0,67,116.0,66.63167916191237,MEDIUM,110,True,-6.0,0.0,0.0,0.0,False,True
29081,"Harrison County, Missouri",MO,12,143.58333333333334,117.0,55.96664320392238,101,278,65.64818677639714,0.23164306114618402,0.2187505740589082,41.28014175536665,0,0,0,177,117.0,66.60658853054929,HIGH,212,True,95.0,0.0,0.0,0.0,False,True
20035,"Cowley County, Kansas",KS,12,135.58333333333334,118.0,38.784857245001575,113,247,65.79975351652304,0.20868266221848764,0.16049572549113048,41.79270117480563,0,0,0,134,118.0,66.60123737340089,HIGH,164,True,46.0,0.0,0.0,0.0,False,True
37065,"Edgecombe County, North Carolina",NC,12,143.08333333333334,119.0,72.38465223227834,99,366,65.7344832054777,0.23520748709272268,0.22784216127787046,42.80582302837225,0,0,2,267,119.0,66.57603273361461,HIGH,160,True,41.0,0.0,0.0,0.16666666666666666,False,True
17029,"Coles County, Illinois",IL,12,114.0,120.0,22.35661382719176,56,136,66.4812936642272,0.25748777150039,0.16295390697454784,36.43252687464899,0,0,3,80,120.0,66.56827235833012,MEDIUM,100,True,-20.0,0.0,0.0,0.25,False,True
26065,"Ingham County, Michigan",MI,12,124.41666666666667,121.0,11.766349038549286,103,144,66.09992642049366,0.22392455118149915,0.13712106705476074,35.901170062227706,0,0,0,41,121.0,66.55441802330624,HIGH,112,True,-9.0,0.0,0.0,0.0,False,True
26049,"Genesee County, Michigan",MI,12,118.83333333333333,122.0,30.43273755598591,65,190,66.31323871430892,0.23821619429530025,0.16792457250437312,39.191222786230966,0,0,2,125,122.0,66.54276887814332,MEDIUM,74,True,-48.0,0.0,0.0,0.16666666666666666,False,True
18021,"Clay County, Indiana",IN,12,115.0,123.0,24.550504531012653,53,137,66.48653778630961,0.2326347367641685,0.16211293941504798,36.25087499115377,0,0,3,84,123.0,66.51799942102954,MEDIUM,96,True,-27.0,0.0,0.0,0.25,False,True
39153,"Summit County, Ohio",OH,12,115.5,124.0,19.023908402562576,73,133,66.38869390349322,0.2743787012045642,0.15426919360574656,37.57353294281299,0,0,2,60,124.0,66.5120911340878,MEDIUM,82,True,-42.0,0.0,0.0,0.16666666666666666,False,True
51620,"Franklin city, Virginia",VA,12,149.58333333333334,125.0,51.697473708865,107,262,65.55163138802105,0.2843751160117503,0.21243621953663272,39.10076360730131,0,0,0,155,125.0,66.47594172159522,HIGH,222,True,97.0,0.0,0.0,0.0,False,True
55057,"Juneau County, Wisconsin",WI,12,169.25,126.0,121.19715343191852,120,549,65.30297363253383,0.22937447939519506,0.1545450990668163,38.60946896355698,0,0,0,429,126.0,66.47528485144689,HIGH,180,True,54.0,0.0,0.0,0.0,False,True
18143,"Scott County, Indiana",IN,12,124.16666666666667,127.0,22.465461706739294,55,140,66.24520228693925,0.2263229607027403,0.15901895752131168,37.435350647431704,0,0,1,85,127.0,66.45946346336872,HIGH,133,True,6.0,0.0,0.0,0.08333333333333333,False,True
26103,"Marquette County, Michigan",MI,12,128.41666666666666,128.0,3.3698754585385773,122,137,66.00804963193839,0.20760755246237697,0.17616868437964342,39.9765368770438,0,0,0,15,128.0,66.44383393440903,HIGH,131,True,3.0,0.0,0.0,0.0,False,False
20073,"Greenwood County, Kansas",KS,12,151.5,129.0,56.088404246413454,114,315,65.50120657926699,0.20944673970414804,0.19416807373407888,40.40151576640831,0,0,0,201,129.0,66.43174100254697,HIGH,186,True,57.0,0.0,0.0,0.0,False,True
42007,"Beaver County, Pennsylvania",PA,12,123.08333333333333,130.0,28.974780047273505,60,153,66.23929977973553,0.2427057314807279,0.14870670067111716,40.03439323592673,0,0,2,93,130.0,66.42269748870471,MEDIUM,69,True,-61.0,0.0,0.0,0.16666666666666666,False,True
01055,"Etowah County, Alabama",AL,12,136.66666666666666,131.0,9.46124471278232,131,159,65.79409804614995,0.24275038287846717,0.1785394937091976,41.09601334029675,0,0,0,28,131.0,66.37974440668582,HIGH,159,True,28.0,0.0,0.0,0.0,False,False
42121,"Venango County, Pennsylvania",PA,12,125.0,132.0,24.543097529929593,52,146,66.21942095349071,0.24421579062742818,0.1898938715656279,41.193392379016515,0,0,1,94,132.0,66.3462827259077,HIGH,146,True,14.0,0.0,0.0,0.08333333333333333,False,True
51089,"Henry County, Virginia",VA,12,131.75,133.0,28.873155194905372,68,181,65.9913027166174,0.29806382344236876,0.22348705942273953,41.79053587728476,0,0,1,113,133.0,66.33920539792992,HIGH,181,True,48.0,0.0,0.0,0.08333333333333333,False,True
55031,"Douglas County, Wisconsin",WI,12,158.25,138.5,46.87143925869802,134,297,65.33990929786368,0.21851255363886035,0.14900084478850603,37.97284248066831,0,0,0,163,134.0,66.28695276031186,HIGH,184,True,50.0,0.0,0.0,0.0,False,True
18065,"Henry County, Indiana",IN,12,129.08333333333334,135.0,22.121393731093452,72,151,66.11235684556188,0.2715040649495715,0.16513462433379936,37.933467371806515,0,0,1,79,135.0,66.2853798949415,HIGH,115,True,-20.0,0.0,0.0,0.08333333333333333,False,True
39007,"Ashtabula County, Ohio",OH,12,125.33333333333333,136.0,26.147599692839297,48,145,66.25407399062578,0.24153631409684653,0.1743543190944512,38.432742085189275,0,1,1,97,136.0,66.26565945675348,MEDIUM,118,True,-18.0,0.0,0.08333333333333333,0.08333333333333333,False,True
42047,"Elk County, Pennsylvania",PA,12,136.75,137.0,8.411301920630361,121,156,65.83290437366703,0.2550898945057045,0.16802210685899507,39.76076956395987,0,0,0,35,137.0,66.25741817382305,MEDIUM,130,True,-7.0,0.0,0.0,0.0,False,False
20011,"Bourbon County, Kansas",KS,12,163.5,138.0,59.4879666976287,124,332,65.28497729435934,0.21097161781091675,0.18151308404510116,39.90860583455929,0,0,0,208,138.0,66.22743577553938,HIGH,208,True,70.0,0.0,0.0,0.0,False,True
55075,"Marinette County, Wisconsin",WI,12,159.83333333333334,139.0,98.49950007564259,97,469,65.54950242114526,0.22594351635480459,0.16207776734612053,36.852929226688474,0,0,1,372,139.0,66.22655678925267,MEDIUM,106,True,-33.0,0.0,0.0,0.08333333333333333,False,True
26017,"Bay County, Michigan",MI,12,141.75,140.0,19.122214592172394,107,185,65.73670204761002,0.2524888250987796,0.15942957432016616,35.433266346781785,0,0,0,78,140.0,66.15837158986605,MEDIUM,116,True,-24.0,0.0,0.0,0.0,False,True
20099,"Labette County, Kansas",KS,12,142.41666666666666,141.0,10.076600557126339,126,162,65.65759639657874,0.23308241881502098,0.20173795955926618,42.64059037136115,0,0,0,36,141.0,66.15355233389914,HIGH,162,True,21.0,0.0,0.0,0.0,False,False
18169,"Wabash County, Indiana",IN,12,134.0,142.0,25.92997563368767,76,161,65.97445329214311,0.2584362931488955,0.14735579869219106,35.93946452472534,0,0,2,85,142.0,66.1402011732747,MEDIUM,108,True,-34.0,0.0,0.0,0.16666666666666666,False,True
17125,"Mason County, Illinois",IL,12,146.16666666666666,143.0,7.54180269423617,141,165,65.5914573207067,0.1967679143676747,0.18272644307282304,40.03181907117167,0,0,0,24,143.0,66.13907934490571,MEDIUM,165,True,22.0,0.0,0.0,0.0,False,False
13273,"Terrell County, Georgia",GA,12,184.16666666666666,144.0,157.06155905673845,123,682,65.20744503046464,0.24131283930190317,0.21009591884931525,40.47748544224919,0,0,0,559,144.0,66.12733487315886,MEDIUM,137,True,-7.0,0.0,0.0,0.0,False,True
36065,"Oneida County, New York",NY,12,137.08333333333334,145.0,19.7551297519189,88,154,65.90619640143554,0.27077589267278795,0.15501629765561895,39.2617714471116,0,0,1,66,145.0,66.09687321310506,HIGH,121,True,-24.0,0.0,0.0,0.08333333333333333,False,True
39061,"Hamilton County, Ohio",OH,12,143.16666666666666,146.0,14.063707860584937,110,155,65.7067645783513,0.2643942052400062,0.1621784744570442,40.230619099878766,0,0,0,45,146.0,66.08712602465057,HIGH,119,True,-27.0,0.0,0.0,0.0,False,True
20009,"Barton County, Kansas",KS,12,160.5,147.0,31.34413095707944,145,255,65.31559331290121,0.20122711536942417,0.17358565760058642,40.71635142130938,0,0,0,110,147.0,66.07669649011793,HIGH,176,True,29.0,0.0,0.0,0.0,False,True
29187,"St. Francois County, Missouri",MO,12,150.58333333333334,148.0,10.299676370320256,135,174,65.50912250924813,0.25710863147384855,0.1717532812402064,38.897041233342335,0,0,0,39,148.0,66.05985052984003,HIGH,174,True,26.0,0.0,0.0,0.0,False,False
09003,"Hartford County, Connecticut",CT,12,201.83333333333334,149.0,140.55463727891035,116,637,64.75567684435173,0.19001773654004903,0.17208445721963198,38.45397393377267,0,0,0,521,149.0,66.05912962168752,MEDIUM,125,True,-24.0,0.0,0.0,0.0,False,True
17077,"Jackson County, Illinois",IL,12,141.75,149.0,23.935994196644895,67,158,65.84471052999699,0.1960538226097044,0.18690607079403573,39.896334143383065,0,0,1,91,150.0,66.0512328487263,MEDIUM,151,True,1.0,0.0,0.0,0.08333333333333333,False,True
26033,"Chippewa County, Michigan",MI,12,153.75,151.0,26.031886042104034,117,226,65.48198741963527,0.26348576942101504,0.15837726179775188,36.62523640129781,0,0,0,109,151.0,65.9915705232602,MEDIUM,126,True,-25.0,0.0,0.0,0.0,False,False
55069,"Lincoln County, Wisconsin",WI,12,183.08333333333334,156.0,78.36564452886381,151,429,64.89591756395183,0.21422009866964284,0.13369955561285315,36.06018848417847,0,0,0,278,152.0,65.96258755591923,HIGH,187,True,35.0,0.0,0.0,0.0,False,False
24510,"Baltimore city, Maryland",MD,12,168.25,152.5,39.166602192081044,142,256,65.16599601891978,0.21305220293645236,0.16558336134381088,38.129413461331325,0,0,0,114,153.0,65.9147827518754,HIGH,256,True,103.0,0.0,0.0,0.0,False,False
21049,"Clark County, Kentucky",KY,12,165.75,155.0,22.78007502581626,153,218,65.14688628839191,0.2188314960185341,0.1281322924489728,36.091806464569785,0,0,0,65,154.0,65.88189835441919,HIGH,218,True,64.0,0.0,0.0,0.0,False,False
21105,"Hickman County, Kentucky",KY,12,166.0,155.0,27.597760119914874,138,227,65.18856009933518,0.2015942404539265,0.20464520510142414,40.13248981224821,0,0,0,89,155.0,65.87759395454702,HIGH,204,True,49.0,0.0,0.0,0.0,False,False
47033,"Crockett County, Tennessee",TN,12,182.16666666666666,155.5,96.53999014382433,142,488,64.99022351317217,0.27102325357167306,0.19107125625101007,40.6812374456494,0,0,0,346,156.0,65.85727455986574,HIGH,163,True,7.0,0.0,0.0,0.0,False,False
39125,"Paulding County, Ohio",OH,12,168.91666666666666,157.0,30.4913052683826,132,236,65.09773115180771,0.200543885321293,0.1557600508698442,37.85290141218346,0,0,0,104,157.0,65.83289151599628,HIGH,236,True,79.0,0.0,0.0,0.0,False,False
37061,"Duplin County, North Carolina",NC,12,168.0,158.0,42.41140498412276,135,298,65.13984726022335,0.2682227742354691,0.21435923636515994,40.65346945727675,0,0,0,163,158.0,65.80593877177864,MEDIUM,173,True,15.0,0.0,0.0,0.0,False,False
51117,"Mecklenburg County, Virginia",VA,12,191.0,159.0,68.28549692950247,147,371,64.77240210248773,0.2394400711061105,0.1818620546638113,37.24181284063692,0,0,0,224,159.0,65.76539963874474,HIGH,259,True,100.0,0.0,0.0,0.0,False,False
26075,"Jackson County, Michigan",MI,12,151.41666666666666,159.0,15.957092087181417,115,168,65.47364095718258,0.20194879919456746,0.14908343298899232,37.192546997964385,0,0,0,53,160.0,65.72993851445001,MEDIUM,124,True,-36.0,0.0,0.0,0.0,False,False
55101,"Racine County, Wisconsin",WI,12,176.75,161.0,56.96430301672986,132,352,64.99300743862058,0.2076950586563249,0.12656142195241893,36.78953454263446,0,0,0,220,161.0,65.71938688405412,HIGH,141,True,-20.0,0.0,0.0,0.0,False,False
39069,"Henry County, Ohio",OH,12,156.25,161.5,16.282310535167802,107,170,65.37133214804963,0.19463441830784758,0.15330781305074456,37.99487762237507,0,0,0,63,162.0,65.70082497868826,HIGH,157,True,-5.0,0.0,0.0,0.0,False,False
26111,"Midland County, Michigan",MI,12,165.75,163.0,21.35894532636257,126,195,65.17634041485219,0.1924680455892562,0.11747945248806359,36.29146898137288,0,0,0,69,163.0,65.66829656124257,HIGH,135,True,-28.0,0.0,0.0,0.0,False,False
39003,"Allen County, Ohio",OH,12,160.91666666666666,163.0,6.14163634300314,149,172,65.18283152552173,0.20093904164603751,0.1500394981510722,37.913569172818846,0,0,0,23,164.0,65.57707432774824,MEDIUM,158,True,-6.0,0.0,0.0,0.0,False,False
40031,"Comanche County, Oklahoma",OK,12,184.33333333333334,165.0,40.40102008913171,163,274,64.75975230034872,0.1867554950719672,0.17583077972197825,42.05774720742551,0,0,0,111,165.0,65.5613193215432,HIGH,274,True,109.0,0.0,0.0,0.0,False,False
17091,"Kankakee County, Illinois",IL,12,169.75,166.0,22.202067880758726,134,223,65.05815505397526,0.1636407273876598,0.12632509651552223,36.649273744022466,0,0,0,89,166.0,65.55168484911249,HIGH,143,True,-23.0,0.0,0.0,0.0,False,False
26041,"Delta County, Michigan",MI,12,166.0,166.0,3.8138503569823716,158,175,65.08459579530431,0.24812034354854515,0.14908892197758247,35.63884103634296,0,0,0,17,167.0,65.54323626174948,HIGH,167,True,0.0,0.0,0.0,0.0,False,False
17015,"Carroll County, Illinois",IL,12,188.66666666666666,170.5,50.65809337354125,167,346,64.67305667248864,0.2524029537035954,0.1518845624776878,37.573095107519165,0,0,0,179,168.0,65.53195536688183,HIGH,200,True,32.0,0.0,0.0,0.0,False,False
13095,"Dougherty County, Georgia",GA,12,161.33333333333334,168.5,38.02949413603111,43,191,65.35946106833059,0.2386709966630456,0.18385649066965648,40.64350603371667,0,1,1,148,169.0,65.47041046149816,HIGH,191,True,22.0,0.0,0.08333333333333333,0.08333333333333333,False,False
39093,"Lorain County, Ohio",OH,12,171.33333333333334,170.0,26.92526131664643,133,246,65.0165952449053,0.20457016484574556,0.15020791144542953,38.20097713270565,0,0,0,113,170.0,65.43511584430694,MEDIUM,142,True,-28.0,0.0,0.0,0.0,False,False
18019,"Clark County, Indiana",IN,12,175.33333333333334,171.0,23.711651655724538,113,204,64.87640972352027,0.2075955184791283,0.1162934756270288,38.358704931380146,0,0,0,91,171.0,65.40830648463492,HIGH,195,True,24.0,0.0,0.0,0.0,False,False
13293,"Upson County, Georgia",GA,12,172.25,171.0,15.052181962034004,158,215,64.95533824401907,0.22928761912223758,0.18959010673889745,41.254357579251945,0,0,0,57,172.0,65.40588816598058,HIGH,168,True,-4.0,0.0,0.0,0.0,False,False
55053,"Jackson County, Wisconsin",WI,12,210.16666666666666,173.0,132.03431601693785,157,629,64.40831723607896,0.2275448100806251,0.15099207686700217,37.44815157506487,0,0,0,472,173.0,65.39432474488228,HIGH,166,True,-7.0,0.0,0.0,0.0,False,False
36013,"Chautauqua County, New York",NY,12,177.58333333333334,173.5,13.473599325639706,169,219,64.82142591029529,0.22767265172186235,0.18366319372411544,41.04445500547553,0,0,0,50,174.0,65.3412853824794,HIGH,178,True,4.0,0.0,0.0,0.0,False,False
55051,"Iron County, Wisconsin",WI,12,255.58333333333334,177.5,202.20667120248004,174,880,63.79495024313692,0.2311743807216868,0.14472644725615705,37.059702850356075,0,0,0,706,175.0,65.33208897726423,HIGH,303,True,128.0,0.0,0.0,0.0,False,False
37083,"Halifax County, North Carolina",NC,12,191.66666666666666,175.5,65.59979674765262,98,328,64.70266009175992,0.2361309402800087,0.2064415538534903,40.92046552063915,0,0,1,230,176.0,65.31183318471831,MEDIUM,328,True,152.0,0.0,0.0,0.08333333333333333,False,False
39119,"Muskingum County, Ohio",OH,12,178.0,177.0,23.61047533309199,109,199,64.81395108338963,0.1969885133487251,0.12230976035662515,37.55401072481145,0,0,0,90,177.0,65.23975463820335,HIGH,199,True,22.0,0.0,0.0,0.0,False,False
18017,"Cass County, Indiana",IN,12,173.41666666666666,177.5,15.335391824933666,138,187,64.91280088609726,0.2649821556938073,0.1587163334073042,37.70616010832107,0,0,0,49,178.0,65.22831338204885,MEDIUM,147,True,-31.0,0.0,0.0,0.0,False,False
47183,"Weakley County, Tennessee",TN,12,191.08333333333334,179.0,37.83566939790915,174,310,64.51385145833896,0.23592258961096027,0.17774892673772713,39.81554115730346,0,0,0,136,179.0,65.20295222260934,HIGH,193,True,14.0,0.0,0.0,0.0,False,False
42031,"Clarion County, Pennsylvania",PA,12,178.0,179.5,35.63961024172147,80,228,64.88527573043416,0.19601273497823576,0.16410076285847963,38.61244273986266,0,0,1,148,180.0,65.19645330267771,HIGH,228,True,48.0,0.0,0.0,0.08333333333333333,False,False
39033,"Crawford County, Ohio",OH,12,171.0,180.5,22.144155806072995,115,189,64.97968649201927,0.19368816440663816,0.1565334621401861,38.3986562114365,0,0,0,74,181.0,65.17501958075728,MEDIUM,153,True,-28.0,0.0,0.0,0.0,False,False
51115,"Mathews County, Virginia",VA,12,185.83333333333334,181.5,40.44936977446639,94,258,64.72596629631121,0.23890823348665904,0.1693351957319417,35.74486450434474,0,0,1,164,182.0,65.1622762198961,HIGH,258,True,76.0,0.0,0.0,0.08333333333333333,False,False
01015,"Calhoun County, Alabama",AL,12,184.58333333333334,183.0,32.50303016177061,92,225,64.73322336498383,0.2132524312922194,0.16140425079510873,39.230103479576215,0,0,1,133,183.0,65.15875099395889,HIGH,225,True,42.0,0.0,0.0,0.08333333333333333,False,False
51103,"Lancaster County, Virginia",VA,12,198.83333333333334,184.0,33.650160970392605,168,270,64.44290588758444,0.2498095262582057,0.19294363242571655,39.08806443483234,0,0,0,102,184.0,65.1429985276799,HIGH,248,True,64.0,0.0,0.0,0.0,False,False
36117,"Wayne County, New York",NY,12,188.66666666666666,185.0,16.177050710712674,162,225,64.60044459723629,0.25881230137765293,0.14081364230354285,36.06469366191892,0,0,0,63,185.0,65.12431430984097,MEDIUM,171,True,-14.0,0.0,0.0,0.0,False,False
18145,"Shelby County, Indiana",IN,12,187.33333333333334,186.0,28.00757473299397,112,225,64.67117768476295,0.23820993926032394,0.11612720239250006,39.10655354897783,0,0,0,113,186.0,65.12341223764157,HIGH,194,True,8.0,0.0,0.0,0.0,False,False
20183,"Smith County, Kansas",KS,12,297.6666666666667,187.0,339.91424943608496,169,1371,63.42217417779643,0.174159085098713,0.18023048174032721,36.24160301067742,0,0,0,1202,187.0,65.10681359137958,HIGH,279,True,92.0,0.0,0.0,0.0,False,False
26061,"Houghton County, Michigan",MI,12,184.91666666666666,188.0,39.667844393007776,111,269,64.78475068792297,0.2133854294326338,0.16058445306536276,38.75519971345545,0,0,0,158,188.0,65.09542834876267,MEDIUM,120,True,-68.0,0.0,0.0,0.0,False,False
39161,"Van Wert County, Ohio",OH,12,171.41666666666666,188.5,34.88281247348909,96,197,65.05059509936326,0.21015586864512156,0.1581464389897986,37.74410060175495,0,0,1,101,189.0,65.07798941148235,MEDIUM,129,True,-60.0,0.0,0.0,0.08333333333333333,False,False
42013,"Blair County, Pennsylvania",PA,12,191.0,190.0,11.200649331826504,160,207,64.57839175348668,0.1904482468998175,0.15338928842539726,37.47691282318071,0,0,0,47,190.0,65.06999568837887,HIGH,207,True,17.0,0.0,0.0,0.0,False,False
10001,"Kent County, Delaware",DE,12,203.91666666666666,191.0,55.60977404824596,129,342,64.41074312536328,0.2070193320789119,0.06906000767263265,19.75743061229057,0,0,0,213,191.0,65.03520035615509,MEDIUM,138,True,-53.0,0.0,0.0,0.0,False,False
37139,"Pasquotank County, North Carolina",NC,12,221.25,191.0,114.80190448214381,170,585,64.13548543368883,0.2419328363006775,0.17045995303108544,38.04087817314836,0,0,0,415,192.0,64.98639073711425,HIGH,179,True,-13.0,0.0,0.0,0.0,False,False
36089,"St. Lawrence County, New York",NY,12,196.91666666666666,192.5,49.67431810088467,78,281,64.54892391442182,0.23658344416382515,0.17722847762852653,37.28477859765999,0,0,1,203,193.0,64.97159437204685,HIGH,281,True,88.0,0.0,0.0,0.08333333333333333,False,False
51185,"Tazewell County, Virginia",VA,12,185.08333333333334,193.0,25.5999230585965,105,202,64.67704931353876,0.2541642538410041,0.17961176787527752,37.68073941829751,0,0,0,97,194.0,64.94458315803386,HIGH,192,True,-2.0,0.0,0.0,0.0,False,False
29021,"Buchanan County, Missouri",MO,12,198.0,194.5,21.850733293291224,165,244,64.43356385131173,0.19072771954654344,0.16410876988822307,38.17832798538014,0,0,0,79,195.0,64.93704333937015,HIGH,244,True,49.0,0.0,0.0,0.0,False,False
26043,"Dickinson County, Michigan",MI,12,190.0,196.0,33.96789928473914,119,244,64.65837675941997,0.25733478824589,0.16298714218385446,37.74290436426645,0,0,0,125,196.0,64.9348534956197,MEDIUM,128,True,-68.0,0.0,0.0,0.0,False,False
01113,"Russell County, Alabama",AL,12,211.91666666666666,197.0,36.847248160068844,183,293,64.20758729801133,0.23137712150682588,0.16288823359670546,37.564971508626414,0,0,0,110,197.0,64.93267892126978,HIGH,293,True,96.0,0.0,0.0,0.0,False,False
21183,"Ohio County, Kentucky",KY,12,198.08333333333334,197.5,48.35373132792683,71,271,64.57076732988416,0.23139942496991064,0.1803816229960384,41.19738288364508,0,0,1,200,198.0,64.90975845440832,HIGH,271,True,73.0,0.0,0.0,0.08333333333333333,False,False
18025,"Crawford County, Indiana",IN,12,190.66666666666666,199.0,41.12361262281703,61,210,64.70389329229045,0.21970268161519588,0.13901345149774144,36.6984101099695,0,0,1,149,199.0,64.89069886716028,HIGH,210,True,11.0,0.0,0.0,0.08333333333333333,False,False
20155,"Reno County, Kansas",KS,12,213.83333333333334,200.0,40.03369792683371,194,340,64.17717531596838,0.19398185679145155,0.1576541543222923,39.48891234248548,0,0,0,146,200.0,64.88769894334281,HIGH,203,True,3.0,0.0,0.0,0.0,False,False
42079,"Luzerne County, Pennsylvania",PA,12,200.33333333333334,201.0,31.93838765593225,139,263,64.46444056947193,0.26229455338115004,0.16306891061566142,40.205643647015926,0,0,0,124,201.0,64.8473593516978,MEDIUM,148,True,-53.0,0.0,0.0,0.0,False,False
13153,"Houston County, Georgia",GA,12,204.41666666666666,202.0,10.75730900224108,177,218,64.33058504343033,0.19857981126537502,0.13593526219213758,40.04707543161146,0,0,0,41,202.0,64.83860973725228,HIGH,213,True,11.0,0.0,0.0,0.0,False,False
21117,"Kenton County, Kentucky",KY,12,210.66666666666666,203.0,23.43398205921297,155,243,64.24533175539574,0.22665223473411258,0.12757296728826553,37.86217492835729,0,0,0,88,203.0,64.83505827235267,HIGH,243,True,40.0,0.0,0.0,0.0,False,False
36105,"Sullivan County, New York",NY,12,208.5,204.0,11.965860528261986,192,240,64.28088081550783,0.2321987343900022,0.15836755837021863,41.76690827270902,0,0,0,48,204.0,64.8306075555013,HIGH,201,True,-3.0,0.0,0.0,0.0,False,False
29107,"Lafayette County, Missouri",MO,12,216.91666666666666,205.0,37.13723525552545,181,326,64.11618689911597,0.24386213041373753,0.14227660232960795,38.819218480282174,0,0,0,145,205.0,64.80358482245511,HIGH,190,True,-15.0,0.0,0.0,0.0,False,False
01101,"Montgomery County, Alabama",AL,12,220.83333333333334,210.0,24.63121941149016,206,286,64.06165657782664,0.21891035115525584,0.15447311888910917,39.74532374734774,0,0,0,80,206.0,64.79214353469285,HIGH,247,True,41.0,0.0,0.0,0.0,False,False
05113,"Polk County, Arkansas",AR,12,234.08333333333334,207.0,86.26434882840002,179,500,63.909598063241425,0.27512098841209626,0.18368243534585382,41.147756144410366,0,0,0,321,207.0,64.7749493312957,HIGH,251,True,44.0,0.0,0.0,0.0,False,False
55059,"Kenosha County, Wisconsin",WI,12,256.75,212.5,131.96357968635272,208,673,63.65110292035004,0.20519230700153332,0.12937592987939114,35.361785921005975,0,0,0,465,208.0,64.76419712448659,HIGH,253,True,45.0,0.0,0.0,0.0,False,False
55029,"Door County, Wisconsin",WI,12,198.58333333333334,209.0,25.249512446538027,122,218,64.49633521923637,0.24922981855893686,0.16372193179850633,35.85610167208307,0,0,0,96,209.0,64.76019512131344,HIGH,206,True,-3.0,0.0,0.0,0.0,False,False
54081,"Raleigh County, West Virginia",WV,12,239.83333333333334,210.0,64.27332732993217,190,396,63.808923421966306,0.20868093940821716,0.15739738086958896,37.27367987160875,0,0,0,206,210.0,64.75739048830674,HIGH,316,True,106.0,0.0,0.0,0.0,False,False
21101,"Henderson County, Kentucky",KY,12,225.16666666666666,215.5,20.528620080858882,211,270,64.02598411098381,0.2261550335935241,0.13978327833519102,36.81629788019486,0,0,0,59,211.0,64.75724361086218,HIGH,270,True,59.0,0.0,0.0,0.0,False,False
54029,"Hancock County, West Virginia",WV,12,206.33333333333334,212.0,20.838484211727692,170,235,64.34805174653458,0.2011058116476316,0.1867037865017772,39.31370544274952,0,0,0,65,212.0,64.75403329183547,MEDIUM,235,True,23.0,0.0,0.0,0.0,False,False
17135,"Montgomery County, Illinois",IL,12,229.08333333333334,214.0,33.08242690155862,213,304,63.99169581211831,0.2269768136392576,0.1506010820580397,37.25644753090893,0,0,0,91,213.0,64.75176945556088,HIGH,304,True,91.0,0.0,0.0,0.0,False,False
20191,"Sumner County, Kansas",KS,12,224.66666666666666,217.0,23.019096156860456,214,296,64.04449453870458,0.20265443072826575,0.1577502297436448,38.546462779800706,0,0,0,82,214.0,64.74887512677432,HIGH,229,True,15.0,0.0,0.0,0.0,False,False
18091,"LaPorte County, Indiana",IN,12,211.58333333333334,215.0,21.137895024353906,168,239,64.27398975107631,0.19793828133528332,0.13022286256529822,37.438536085289215,0,0,0,71,215.0,64.74475054924547,HIGH,177,True,-38.0,0.0,0.0,0.0,False,False
51083,"Halifax County, Virginia",VA,12,197.0,216.0,41.584525093750045,74,225,64.64570990039986,0.24676517301503278,0.21033115890174017,42.3788140906284,0,0,1,151,216.0,64.7347681803046,HIGH,211,True,-5.0,0.0,0.0,0.08333333333333333,False,False
18061,"Harrison County, Indiana",IN,12,224.5,221.5,8.785318331273949,217,241,64.05838254318446,0.23935229608274391,0.12024198536861497,36.7297037741227,0,0,0,24,217.0,64.70246546924214,HIGH,241,True,24.0,0.0,0.0,0.0,False,False
42083,"McKean County, Pennsylvania",PA,12,234.91666666666666,218.0,37.910081013158525,200,311,63.898846629692,0.25839471056270236,0.14322005650217287,37.94560775845105,0,0,0,111,218.0,64.68789155022354,HIGH,311,True,93.0,0.0,0.0,0.0,False,False
18051,"Gibson County, Indiana",IN,12,211.41666666666666,219.0,26.057483075738993,152,229,64.31863849681281,0.22718136297933975,0.1236189739416324,39.9330148175931,0,0,0,77,219.0,64.67622407182496,HIGH,161,True,-58.0,0.0,0.0,0.0,False,False
39101,"Marion County, Ohio",OH,12,211.16666666666666,220.0,18.1249869383443,178,229,64.31254766678317,0.19356850822079588,0.13384800965982968,37.49727028895731,0,0,0,51,220.0,64.67275688886033,MEDIUM,188,True,-32.0,0.0,0.0,0.0,False,False
39147,"Seneca County, Ohio",OH,12,204.33333333333334,221.0,35.37162019404136,131,230,64.48945036378169,0.27216163472089394,0.15921349339365087,38.16577281175918,0,0,0,99,221.0,64.61201087332178,MEDIUM,140,True,-81.0,0.0,0.0,0.0,False,False
13021,"Bibb County, Georgia",GA,12,211.5,222.0,17.085347257492046,176,231,64.2489600508831,0.2821779476306971,0.18431930480013234,40.931205251943496,0,0,0,55,222.0,64.58845799929162,MEDIUM,185,True,-37.0,0.0,0.0,0.0,False,False
36055,"Monroe County, New York",NY,12,221.08333333333334,223.0,14.304851899925003,188,235,64.09052332153279,0.244021575518939,0.12331718296474643,36.88587604923519,0,0,0,47,223.0,64.57334635720606,HIGH,197,True,-26.0,0.0,0.0,0.0,False,False
20133,"Neosho County, Kansas",KS,12,254.5,224.0,90.23152039463412,194,528,63.62190558200936,0.2331873809530065,0.1812739964970693,41.51140768223746,0,0,0,334,224.0,64.5438215967983,HIGH,285,True,61.0,0.0,0.0,0.0,False,False
51001,"Accomack County, Virginia",VA,12,220.75,225.0,10.558279818572375,201,234,64.10004567687189,0.22932205153704402,0.1627917849625736,37.32031073690237,0,0,0,33,225.0,64.5427346392431,MEDIUM,221,True,-4.0,0.0,0.0,0.0,False,False
20037,"Crawford County, Kansas",KS,12,263.5833333333333,226.0,99.30802250238061,211,567,63.498310707222025,0.2762591394161863,0.1642900682136221,39.288434111234075,0,0,0,356,226.0,64.5294876475749,HIGH,296,True,70.0,0.0,0.0,0.0,False,False
51095,"James City County, Virginia",VA,12,227.16666666666666,227.0,17.66781014023852,191,260,64.01417482144431,0.2743584163107566,0.18370372535702115,38.08802139134421,0,0,0,69,227.0,64.49676245719664,HIGH,260,True,33.0,0.0,0.0,0.0,False,False
13305,"Wayne County, Georgia",GA,12,244.75,228.0,47.095888645111344,205,379,63.70127112937294,0.1983817708886657,0.1586568774169135,39.11865039801995,0,0,0,174,228.0,64.47316768294141,HIGH,276,True,48.0,0.0,0.0,0.0,False,False
17101,"Lawrence County, Illinois",IL,12,255.83333333333334,229.0,61.232542348201115,212,388,63.56663186813588,0.17709832613399043,0.1622728527051658,40.06254298192103,0,0,0,176,229.0,64.46507187631171,HIGH,388,True,159.0,0.0,0.0,0.0,False,False
27043,"Faribault County, Minnesota",MN,12,284.6666666666667,230.0,123.75880746129717,221,646,63.22334586354477,0.22170677553199702,0.1611999112612761,39.14797739647777,0,0,0,425,230.0,64.41637390212108,HIGH,359,True,129.0,0.0,0.0,0.0,False,False
37107,"Lenoir County, North Carolina",NC,12,238.75,231.0,27.25677563802839,202,294,63.76405019433711,0.23492378432719052,0.19520238169446694,42.01704669519515,0,0,0,92,231.0,64.39795392731769,HIGH,275,True,44.0,0.0,0.0,0.0,False,False
20033,"Comanche County, Kansas",KS,12,333.0,232.0,200.66389809828772,224,854,62.67430352245359,0.19431317267874756,0.167009347500249,37.9127517932702,0,0,0,630,232.0,64.39460293152374,LOW,535,True,303.0,0.0,0.0,0.0,False,False
01121,"Talladega County, Alabama",AL,12,256.5833333333333,233.0,56.57731368881369,210,381,63.54405108279537,0.19595706968194326,0.15520072224956888,40.473720411903784,0,0,0,171,233.0,64.36549042000908,HIGH,381,True,148.0,0.0,0.0,0.0,False,False
37147,"Pitt County, North Carolina",NC,12,230.5,234.0,34.32068022212105,166,304,63.91170936494377,0.23850943425181534,0.13613110694523342,40.44511259227882,0,0,0,138,234.0,64.36196261292123,MEDIUM,175,True,-59.0,0.0,0.0,0.0,False,False
39031,"Coshocton County, Ohio",OH,12,215.66666666666666,235.0,40.737147071378864,119,244,64.23107813983013,0.20703747335015896,0.14042262940444444,37.95303047825405,0,0,0,125,235.0,64.3462738310327,MEDIUM,172,True,-63.0,0.0,0.0,0.0,False,False
55043,"Grant County, Wisconsin",WI,12,239.41666666666666,236.0,8.815877549608834,231,261,63.788319849821384,0.22405483951528204,0.15090696021058447,39.51295207485817,0,0,0,30,236.0,64.33110278138346,HIGH,261,True,25.0,0.0,0.0,0.0,False,False
21107,"Hopkins County, Kentucky",KY,12,241.83333333333334,237.0,43.796706670154045,196,373,63.73209734973472,0.22323276933158773,0.14990070849266873,38.31401574553091,0,0,0,177,237.0,64.28910336072472,MEDIUM,205,True,-32.0,0.0,0.0,0.0,False,False
18045,"Fountain County, Indiana",IN,12,223.58333333333334,238.0,38.1777144259302,121,252,64.04835640927521,0.2629620390231997,0.14480711881001165,39.29895675965619,0,0,0,131,238.0,64.27039069445149,HIGH,196,True,-42.0,0.0,0.0,0.0,False,False
21111,"Jefferson County, Kentucky",KY,12,233.33333333333334,239.0,19.0326672918544,193,253,63.82516588122314,0.2345919883501815,0.14399174381555443,40.86322277138704,0,0,0,60,239.0,64.26379282059433,HIGH,214,True,-25.0,0.0,0.0,0.0,False,False
51131,"Northampton County, Virginia",VA,12,245.66666666666666,240.0,49.717992597034595,166,344,63.736383220535465,0.26223561820719477,0.1852692357242484,39.385570486556745,0,0,0,178,240.0,64.2586423528851,HIGH,344,True,104.0,0.0,0.0,0.0,False,False
42049,"Erie County, Pennsylvania",PA,12,241.83333333333334,241.0,9.193212252262619,222,255,63.70323374158088,0.20081765895499248,0.10020848108106266,36.512902105659194,0,0,0,33,241.0,64.25242630941895,HIGH,231,True,-10.0,0.0,0.0,0.0,False,False
37197,"Yadkin County, North Carolina",NC,12,252.5,243.0,21.88191449161114,242,318,63.544410510109024,0.2460457493098951,0.15703530419294667,39.5672667633104,0,0,0,76,242.0,64.22706004725256,HIGH,265,True,23.0,0.0,0.0,0.0,False,False
51640,"Galax city, Virginia",VA,12,284.75,243.0,111.92946236561016,217,622,63.19120770402642,0.2772721125254836,0.18303093220085423,38.95017559020319,0,0,0,405,243.0,64.20871364839269,HIGH,330,True,87.0,0.0,0.0,0.0,False,False
26097,"Mackinac County, Michigan",MI,12,276.4166666666667,244.0,86.20531341284051,236,543,63.24754763181721,0.22456258105115715,0.14477954647626387,35.18515029896855,0,0,0,307,244.0,64.19317126142919,HIGH,297,True,53.0,0.0,0.0,0.0,False,False
39133,"Portage County, Ohio",OH,12,248.08333333333334,245.0,7.476731582149723,242,268,63.633604427280176,0.19853838708246493,0.13259327274266733,37.21697413329512,0,0,0,26,245.0,64.19297356314294,HIGH,255,True,10.0,0.0,0.0,0.0,False,False
47045,"Dyer County, Tennessee",TN,12,253.66666666666666,246.0,21.939310229205777,243,322,63.547621674474414,0.24938970096406643,0.15342064887907195,37.67995118968359,0,0,0,79,246.0,64.1866395687347,HIGH,257,True,11.0,0.0,0.0,0.0,False,False
21099,"Hart County, Kentucky",KY,12,267.9166666666667,251.5,32.024020340798536,247,331,63.3123335280655,0.2287181733740655,0.14002841311403622,40.328023156233826,0,0,0,84,247.0,64.18408603629983,HIGH,331,True,84.0,0.0,0.0,0.0,False,False
13313,"Whitfield County, Georgia",GA,12,233.91666666666666,248.0,34.804540804413165,129,257,63.875811283071165,0.2552663706382265,0.13599027446458384,40.662589545234546,0,0,0,128,248.0,64.14563150173616,HIGH,226,True,-22.0,0.0,0.0,0.0,False,False
26143,"Roscommon County, Michigan",MI,12,246.16666666666666,249.0,12.91111806533306,227,273,63.64757281644045,0.21358710130828643,0.16261649181108812,37.95618638121294,0,0,0,46,249.0,64.09716197165248,HIGH,242,True,-7.0,0.0,0.0,0.0,False,False
18097,"Marion County, Indiana",IN,12,241.91666666666666,250.0,16.21704116793271,205,259,63.698614245887946,0.2427778268669877,0.13517741053841414,41.94778005164912,0,0,0,54,250.0,64.07534241307906,HIGH,227,True,-23.0,0.0,0.0,0.0,False,False
21113,"Jessamine County, Kentucky",KY,12,276.5,251.0,44.438926425130724,251,355,63.181776353488694,0.198087072500117,0.1303596717301557,37.27274195066229,0,0,0,104,251.0,64.04293966065993,HIGH,355,True,104.0,0.0,0.0,0.0,False,False
37149,"Polk County, North Carolina",NC,12,247.58333333333334,252.0,21.513033399792924,207,293,63.57123168127155,0.2763778428563329,0.18103921382047342,39.63852013443787,0,0,0,86,252.0,63.99978561430859,MEDIUM,216,True,-36.0,0.0,0.0,0.0,False,False
39017,"Butler County, Ohio",OH,12,250.25,253.0,27.729619870849632,186,290,63.53861239707405,0.24592838293866523,0.11882947656662683,38.61167510970758,0,0,0,104,253.0,63.95871422799241,HIGH,233,True,-20.0,0.0,0.0,0.0,False,False
39029,"Columbiana County, Ohio",OH,12,234.83333333333334,254.0,49.90688298919268,100,272,63.85253251912196,0.2137734325873846,0.14659994168254917,38.035000839369005,0,0,1,172,254.0,63.95852441758595,MEDIUM,198,True,-56.0,0.0,0.0,0.08333333333333333,False,False
13275,"Thomas County, Georgia",GA,12,252.58333333333334,255.0,12.168949557514546,231,267,63.47523052668495,0.2630981530330391,0.1409953694421128,40.24929208722344,0,0,0,36,255.0,63.92262048817724,HIGH,240,True,-15.0,0.0,0.0,0.0,False,False
39019,"Carroll County, Ohio",OH,12,243.5,256.0,44.801582764248614,102,265,63.69279925080485,0.20381286171996874,0.1397708342168189,38.32913873725547,0,0,0,163,256.0,63.90068848658352,HIGH,254,True,-2.0,0.0,0.0,0.0,False,False
55085,"Oneida County, Wisconsin",WI,12,276.0,261.5,38.70635371850231,257,395,63.11967481951357,0.22288176862313833,0.1373447132806388,36.00794990169652,0,0,0,138,257.0,63.899974055759365,HIGH,283,True,26.0,0.0,0.0,0.0,False,False
39173,"Wood County, Ohio",OH,12,241.58333333333334,258.0,51.78883406037766,93,283,63.727386517391665,0.17511925912028417,0.1053934343513948,36.48392743208886,0,0,1,190,258.0,63.87706174094952,HIGH,217,True,-41.0,0.0,0.0,0.08333333333333333,False,False
37057,"Davidson County, North Carolina",NC,12,251.25,259.0,39.21763286166984,173,324,63.49234523016812,0.20171611034941003,0.15995890832830445,40.21104826051362,0,0,0,151,259.0,63.87210282021966,MEDIUM,182,True,-77.0,0.0,0.0,0.0,False,False
54039,"Kanawha County, West Virginia",WV,12,258.25,260.0,41.27320284067221,149,319,63.40068004812969,0.22692395069817684,0.1690417875584457,39.16284236174879,0,0,0,170,260.0,63.79907282193197,HIGH,319,True,59.0,0.0,0.0,0.0,False,False
17061,"Greene County, Illinois",IL,12,296.8333333333333,265.5,53.22821079317267,261,404,62.801270834503235,0.15850106988194518,0.12324007103832546,38.03459957575539,0,0,0,143,261.0,63.79006275476795,HIGH,404,True,143.0,0.0,0.0,0.0,False,False
18069,"Huntington County, Indiana",IN,12,248.58333333333334,262.0,40.45077442417081,137,282,63.53278001072772,0.2655502308789173,0.12796630534178444,36.88906846409252,0,0,0,145,262.0,63.75907076000438,MEDIUM,224,True,-38.0,0.0,0.0,0.0,False,False
17121,"Marion County, Illinois",IL,12,265.0,263.0,25.743489909631002,213,314,63.271569199608855,0.17828690541362935,0.14556919924150885,38.8243008908908,0,0,0,101,263.0,63.74719333485214,HIGH,314,True,51.0,0.0,0.0,0.0,False,False
39065,"Hardin County, Ohio",OH,12,257.5833333333333,264.0,20.232549533018844,211,277,63.35456885111568,0.1914042896900199,0.13518671680920147,38.73486190911747,0,0,0,66,264.0,63.74375450712948,MEDIUM,220,True,-44.0,0.0,0.0,0.0,False,False
21233,"Webster County, Kentucky",KY,12,302.9166666666667,265.0,73.17781374325435,250,430,62.72055201659098,0.21185344931243674,0.1626977274904022,39.834516804747935,0,0,0,180,265.0,63.72645664605119,HIGH,425,True,160.0,0.0,0.0,0.0,False,False
39001,"Adams County, Ohio",OH,12,299.9166666666667,270.5,50.3848071136408,266,415,62.77901041648577,0.20128303843132442,0.13993976417789203,40.61742486595471,0,0,0,149,266.0,63.71079263050619,HIGH,364,True,98.0,0.0,0.0,0.0,False,False
27137,"St. Louis County, Minnesota",MN,12,296.75,271.5,62.63621519971855,267,490,62.8091562143382,0.1644758344398615,0.1382398840798689,42.65391436654584,0,0,0,223,267.0,63.6919310716786,HIGH,305,True,38.0,0.0,0.0,0.0,False,False
20205,"Wilson County, Kansas",KS,12,313.5833333333333,269.5,100.77649286987277,268,613,62.631709253170165,0.17761727702636534,0.15185696995336254,39.808365002433,0,0,0,345,268.0,63.67831348283401,HIGH,366,True,98.0,0.0,0.0,0.0,False,False
21009,"Barren County, Kentucky",KY,12,280.1666666666667,269.0,37.19929943947707,229,360,63.073062743345325,0.2451404367992599,0.1512028362550652,38.448723665630006,0,0,0,131,269.0,63.67559133579318,HIGH,360,True,91.0,0.0,0.0,0.0,False,False
26069,"Iosco County, Michigan",MI,12,271.6666666666667,270.0,36.755539677301655,210,360,63.15658523497183,0.2151973488727814,0.14047760135350054,36.76531938759001,0,0,0,150,270.0,63.6593385626292,MEDIUM,219,True,-51.0,0.0,0.0,0.0,False,False
36011,"Cayuga County, New York",NY,12,257.25,271.0,39.430318284284745,158,293,63.38592436100131,0.2553819021996203,0.1258659580339401,36.62087736777227,0,0,0,135,271.0,63.590478841932445,MEDIUM,223,True,-48.0,0.0,0.0,0.0,False,False
55139,"Winnebago County, Wisconsin",WI,12,302.5833333333333,276.5,52.91409561876225,272,455,62.71068423707388,0.19714394907293206,0.1062064916334502,36.34420663179736,0,0,0,183,272.0,63.58723071869272,HIGH,334,True,62.0,0.0,0.0,0.0,False,False
54097,"Upshur County, West Virginia",WV,12,315.5,273.0,88.01497806417024,254,531,62.53353949258158,0.24079710056859657,0.16369370233719008,37.483846306004025,0,0,0,277,273.0,63.57848713031184,HIGH,418,True,145.0,0.0,0.0,0.0,False,False
39123,"Ottawa County, Ohio",OH,12,263.3333333333333,274.0,26.728715689764112,204,285,63.28045474565072,0.19855184050270888,0.12217830306425652,36.83002016402966,0,0,0,81,274.0,63.56042600791713,HIGH,234,True,-40.0,0.0,0.0,0.0,False,False
39087,"Lawrence County, Ohio",OH,12,266.75,275.0,81.12406323874339,16,326,63.746514164594664,0.20903762131885004,0.15047765271424196,38.7536254139284,1,1,1,310,275.0,63.55994423665772,HIGH,326,True,51.0,0.08333333333333333,0.08333333333333333,0.08333333333333333,False,False
18153,"Sullivan County, Indiana",IN,12,281.75,276.0,67.30409281084553,97,371,63.13839674345866,0.23878603529234885,0.12731692057676,38.814163627991995,0,0,1,274,276.0,63.54749770104865,HIGH,371,True,95.0,0.0,0.0,0.08333333333333333,False,False
36023,"Cortland County, New York",NY,12,283.5833333333333,277.0,34.35763335413209,196,336,63.03006822353505,0.2495726748141622,0.12252572191824888,37.60914283491708,0,0,0,140,277.0,63.54562929376169,HIGH,336,True,59.0,0.0,0.0,0.0,False,False
17099,"LaSalle County, Illinois",IL,12,248.91666666666666,278.0,58.22129934113201,146,287,63.607251134930074,0.24016005566771928,0.14328068144169614,40.621657921629314,0,0,0,141,278.0,63.540645496300144,MEDIUM,155,True,-123.0,0.0,0.0,0.0,False,False
51770,"Roanoke city, Virginia",VA,12,280.0833333333333,279.0,18.27794663886874,258,317,63.033216603314735,0.23037825428698122,0.17041530565410337,37.868140901862816,0,0,0,59,279.0,63.52954490787046,HIGH,317,True,38.0,0.0,0.0,0.0,False,False
18075,"Jay County, Indiana",IN,12,273.6666666666667,280.0,25.184170112243613,200,294,63.14374827665227,0.24327051125834767,0.1384979954335608,38.3850348028419,0,0,0,94,280.0,63.504985727938504,HIGH,268,True,-12.0,0.0,0.0,0.0,False,False
13115,"Floyd County, Georgia",GA,12,279.3333333333333,281.0,15.801802735668158,256,317,63.010038961191384,0.27150044711051935,0.1652520435656665,41.54404749421067,0,0,0,61,281.0,63.488793526797295,HIGH,278,True,-3.0,0.0,0.0,0.0,False,False
51101,"King William County, Virginia",VA,12,280.6666666666667,282.0,55.294802210652236,136,363,63.09556767826525,0.265111006713487,0.1787470653883847,37.62138870802259,0,0,0,227,282.0,63.48593370881612,MEDIUM,363,True,81.0,0.0,0.0,0.0,False,False
18077,"Jefferson County, Indiana",IN,12,283.6666666666667,283.0,69.4646192916461,77,341,63.17288973909492,0.2004113030888057,0.10819245830961022,36.71940362769699,0,0,1,264,283.0,63.475950745203264,HIGH,341,True,58.0,0.0,0.0,0.08333333333333333,False,False
42069,"Lackawanna County, Pennsylvania",PA,12,289.5,284.0,24.164210951510306,268,364,62.90005799781119,0.2359188450975407,0.13292631577091202,39.465687992445766,0,0,0,96,284.0,63.47509130902425,HIGH,277,True,-7.0,0.0,0.0,0.0,False,False
20159,"Rice County, Kansas",KS,12,284.4166666666667,285.0,15.441728196577275,238,301,63.00317079483318,0.21255238340833413,0.15985890065480227,38.460476701904355,0,0,0,63,285.0,63.47503338623999,MEDIUM,301,True,16.0,0.0,0.0,0.0,False,False
18123,"Perry County, Indiana",IN,12,303.8333333333333,286.0,35.51397505549646,256,376,62.75380718536368,0.2549912116231549,0.12559341089307866,38.452318465514374,0,0,0,120,286.0,63.462432953911,HIGH,376,True,90.0,0.0,0.0,0.0,False,False
51097,"King and Queen County, Virginia",VA,12,367.0833333333333,287.0,173.73514761023895,261,840,62.03175425907466,0.2529046723255112,0.15837119595325372,37.48325085347325,0,0,0,579,287.0,63.46044801272304,MEDIUM,517,True,230.0,0.0,0.0,0.0,False,False
37003,"Alexander County, North Carolina",NC,12,290.0,288.0,13.355284960031238,263,308,62.90707965890076,0.23813544043793425,0.1394112324674771,38.7518275923858,0,0,0,45,288.0,63.443318030438135,HIGH,272,True,-16.0,0.0,0.0,0.0,False,False
26099,"Macomb County, Michigan",MI,12,293.3333333333333,289.0,29.301980489483302,241,337,62.89390595990301,0.19199752779390222,0.10603277631409606,38.22949869363589,0,0,0,96,289.0,63.43604884067255,HIGH,250,True,-39.0,0.0,0.0,0.0,False,False
26011,"Arenac County, Michigan",MI,12,290.5,290.0,27.40769633117344,255,368,62.9138371344302,0.23144414468612629,0.1528373708808499,39.69426110295913,0,0,0,113,290.0,63.41989693106415,MEDIUM,264,True,-26.0,0.0,0.0,0.0,False,False
18003,"Allen County, Indiana",IN,12,278.25,291.0,34.832390881842365,200,300,63.10553369212575,0.20523944517963744,0.12233941140880955,39.67596620041185,0,0,0,100,291.0,63.41397132055736,MEDIUM,209,True,-82.0,0.0,0.0,0.0,False,False
21007,"Ballard County, Kentucky",KY,12,321.0833333333333,292.0,61.355089191500426,268,430,62.490534969169964,0.19690225537874761,0.1673727495902504,40.68364888547783,0,0,0,162,292.0,63.40979744897368,HIGH,430,True,138.0,0.0,0.0,0.0,False,False
05021,"Clay County, Arkansas",AR,12,308.25,293.0,40.69649303631144,262,388,62.69213731175416,0.21158025862514832,0.16048223252515095,39.34188696464733,0,0,0,126,293.0,63.39633163432305,HIGH,368,True,75.0,0.0,0.0,0.0,False,False
51143,"Pittsylvania County, Virginia",VA,12,292.5833333333333,294.0,14.724490010204288,273,329,62.87715628318869,0.23019440526599647,0.17763510400491142,40.36258327560168,0,0,0,56,294.0,63.37427012826529,HIGH,289,True,-5.0,0.0,0.0,0.0,False,False
01069,"Houston County, Alabama",AL,12,344.6666666666667,295.0,116.33441868035861,274,679,62.24021657443442,0.17448354384469658,0.13995042207937372,40.31742221438907,0,0,0,405,295.0,63.36261569241128,HIGH,422,True,127.0,0.0,0.0,0.0,False,False
47175,"Van Buren County, Tennessee",TN,12,332.6666666666667,296.0,150.72752860306534,271,810,62.475692630402854,0.23866381362164588,0.17194903241137718,38.29657340074014,0,0,0,539,296.0,63.36218719445071,MEDIUM,280,True,-16.0,0.0,0.0,0.0,False,False
20019,"Chautauqua County, Kansas",KS,12,353.75,297.0,170.35744507038453,270,886,62.22784636610596,0.20175413230730513,0.16095137058662048,37.80636701198809,0,0,0,616,297.0,63.34498011278451,HIGH,370,True,73.0,0.0,0.0,0.0,False,False
42101,"Philadelphia County, Pennsylvania",PA,12,299.3333333333333,298.0,10.395220346900109,274,314,62.801440057129035,0.16246525415752122,0.12559497595746785,40.81349981959821,0,0,0,40,298.0,63.33378881434532,HIGH,302,True,4.0,0.0,0.0,0.0,False,False
36093,"Schenectady County, New York",NY,12,306.0833333333333,299.0,28.150434627141543,234,338,62.763616537071954,0.226512584565861,0.10307113511773337,37.478804097190235,0,0,0,104,299.0,63.33233047872171,HIGH,338,True,39.0,0.0,0.0,0.0,False,False
13185,"Lowndes County, Georgia",GA,12,303.0833333333333,300.0,20.886961280070185,277,347,62.76042260636324,0.21958387416955938,0.1700128834062028,41.82359424532939,0,0,0,70,300.0,63.30856177290214,HIGH,347,True,47.0,0.0,0.0,0.0,False,False
36101,"Steuben County, New York",NY,12,292.0833333333333,301.0,14.525578275663383,269,310,62.9009693616186,0.2648324491757121,0.1645568571733448,40.05685679594868,0,0,0,41,301.0,63.29655490258955,HIGH,294,True,-7.0,0.0,0.0,0.0,False,False
26157,"Tuscola County, Michigan",MI,12,282.0833333333333,302.0,31.03211923543773,223,311,63.07563655112009,0.2552619166534828,0.15108724350144573,39.55533431906335,0,0,0,88,302.0,63.29118427671645,MEDIUM,232,True,-70.0,0.0,0.0,0.0,False,False
17177,"Stephenson County, Illinois",IL,12,273.75,303.0,63.23710792075977,82,312,63.3314631930272,0.2613175525754337,0.1523347348997008,39.40392771802418,0,0,1,230,303.0,63.28404993021614,HIGH,262,True,-41.0,0.0,0.0,0.08333333333333333,False,False
20177,"Shawnee County, Kansas",KS,12,352.4166666666667,308.5,114.5929224637712,304,711,62.15938424804718,0.18008771126631276,0.09806487029784512,39.054572126470475,0,0,0,407,304.0,63.20676249725216,HIGH,350,True,46.0,0.0,0.0,0.0,False,False
17011,"Bureau County, Illinois",IL,12,288.5833333333333,305.0,41.95551395841972,188,324,62.99841342204723,0.20077805983537197,0.12504226002674643,38.46148055811098,0,0,0,136,305.0,63.20529091462522,HIGH,246,True,-59.0,0.0,0.0,0.0,False,False
54005,"Boone County, West Virginia",WV,12,337.9166666666667,306.0,79.7353102268355,264,501,62.27100687442553,0.24141359157485132,0.19106745501243072,38.58050880998481,0,0,0,237,306.0,63.204698707654686,MEDIUM,501,True,195.0,0.0,0.0,0.0,False,False
55105,"Rock County, Wisconsin",WI,12,343.8333333333333,311.5,64.99067532183273,307,525,62.20710991024441,0.20454411204296466,0.11876673936252156,37.9898451860342,0,0,0,218,307.0,63.19808204368715,HIGH,395,True,88.0,0.0,0.0,0.0,False,False
37137,"Pamlico County, North Carolina",NC,12,345.4166666666667,308.0,174.43647363247553,236,893,62.34637623554925,0.22707306580668438,0.15033202138489096,38.04876414575976,0,0,0,657,308.0,63.186798120369644,MEDIUM,245,True,-63.0,0.0,0.0,0.0,False,False
21137,"Lincoln County, Kentucky",KY,12,331.8333333333333,309.0,41.17994510423586,309,417,62.342344766530026,0.22660729136865423,0.13191821191000053,38.309244941731194,0,0,0,108,309.0,63.184098737725826,HIGH,417,True,108.0,0.0,0.0,0.0,False,False
26095,"Luce County, Michigan",MI,12,364.1666666666667,310.0,185.7793575642076,304,954,62.10287747573369,0.23900148305075056,0.15472394275587295,38.91019976694896,0,0,0,650,310.0,63.179424123154575,HIGH,313,True,3.0,0.0,0.0,0.0,False,False
17109,"McDonough County, Illinois",IL,12,317.3333333333333,311.0,32.02934260765881,235,365,62.61298969930311,0.23316447826614814,0.14180849630934725,38.5021747314144,0,0,0,130,311.0,63.17861205333832,HIGH,365,True,54.0,0.0,0.0,0.0,False,False
13245,"Richmond County, Georgia",GA,12,316.3333333333333,312.0,30.025241906022202,278,378,62.58337820028365,0.2628732988524631,0.16211336625545375,41.360063583376736,0,0,0,100,312.0,63.15940476659462,HIGH,378,True,66.0,0.0,0.0,0.0,False,False
36053,"Madison County, New York",NY,12,323.3333333333333,313.5,15.334650799790493,313,355,62.49584995265755,0.24048742957596236,0.12745715556131434,36.124238575723254,0,0,0,42,313.0,63.158578832135944,HIGH,323,True,10.0,0.0,0.0,0.0,False,False
13107,"Emanuel County, Georgia",GA,12,344.5833333333333,314.0,82.56507993239288,288,589,62.24367816510428,0.2324948235290424,0.17300865517589517,38.073908825257575,0,0,0,301,314.0,63.15594979654145,MEDIUM,386,True,72.0,0.0,0.0,0.0,False,False
21073,"Franklin County, Kentucky",KY,12,310.4166666666667,315.0,44.90891455001562,172,348,62.74071201866824,0.21885809184018454,0.140089887047714,37.16797612714517,0,0,0,176,315.0,63.12650240172518,HIGH,348,True,33.0,0.0,0.0,0.0,False,False
36049,"Lewis County, New York",NY,12,310.4166666666667,316.0,20.250514396758728,264,327,62.6615176886381,0.22018464015712977,0.13986988636247333,37.183126838282774,0,0,0,63,316.0,63.11132449643254,HIGH,273,True,-43.0,0.0,0.0,0.0,False,False
13169,"Jones County, Georgia",GA,12,367.75,317.0,158.4660129893072,316,870,62.03386063956426,0.25789099266738663,0.14972206795939833,38.20699518233985,0,0,0,554,317.0,63.06566281602344,HIGH,346,True,29.0,0.0,0.0,0.0,False,False
54103,"Wetzel County, West Virginia",WV,12,391.4166666666667,322.5,170.28930374423686,318,909,61.70184846681747,0.17295013609784946,0.1517139634622256,37.099603030864,0,0,0,591,318.0,63.03989100430878,HIGH,453,True,135.0,0.0,0.0,0.0,False,False
36009,"Cattaraugus County, New York",NY,12,308.1666666666667,319.0,21.80422533419251,257,328,62.68740214576943,0.23136322330530235,0.1561271225717045,41.09208413434631,0,0,0,71,319.0,63.034598048842795,MEDIUM,287,True,-32.0,0.0,0.0,0.0,False,False
17201,"Winnebago County, Illinois",IL,12,300.3333333333333,320.0,43.58551330083162,218,334,62.83418284040595,0.2511537246330602,0.12593401534917092,38.7760254374825,0,0,0,116,320.0,63.033422664379046,MEDIUM,239,True,-81.0,0.0,0.0,0.0,False,False
40125,"Pottawatomie County, Oklahoma",OK,12,352.1666666666667,325.5,46.93096154475371,321,437,62.0799823204247,0.21700763855955185,0.13821146632876366,42.2375582813614,0,0,0,116,321.0,63.0276968386178,HIGH,429,True,108.0,0.0,0.0,0.0,False,False
13009,"Baldwin County, Georgia",GA,12,310.75,322.0,16.487598645373108,283,331,62.63092831713568,0.22690019049449292,0.1700721694461285,40.2791261741004,0,0,0,48,322.0,62.99175427289157,MEDIUM,295,True,-27.0,0.0,0.0,0.0,False,False
39013,"Belmont County, Ohio",OH,12,318.25,323.0,71.00080025157207,110,399,62.654574236224526,0.2209717101188886,0.15732525795022956,39.64324670361869,0,0,0,289,323.0,62.99078773406101,HIGH,399,True,76.0,0.0,0.0,0.0,False,False
21039,"Carlisle County, Kentucky",KY,12,362.0833333333333,324.0,81.00219787515682,292,499,61.98043118987039,0.2025755316776181,0.15706607828184066,39.7823043487591,0,0,0,207,324.0,62.98957123975225,HIGH,497,True,173.0,0.0,0.0,0.0,False,False
26109,"Menominee County, Michigan",MI,12,335.0833333333333,325.0,57.436855974560665,260,492,62.33285277823652,0.25148432357085265,0.12905935198049504,39.508103647144615,0,0,0,232,325.0,62.95918408752742,MEDIUM,269,True,-56.0,0.0,0.0,0.0,False,False
55027,"Dodge County, Wisconsin",WI,12,388.4166666666667,330.5,164.53927872220737,326,907,61.78011265532833,0.19973777237554666,0.11789778627316483,37.1047177132759,0,0,0,581,326.0,62.95815685778858,HIGH,382,True,56.0,0.0,0.0,0.0,False,False
21207,"Russell County, Kentucky",KY,12,347.1666666666667,327.0,56.40572719685529,307,515,62.19887181071724,0.24024778143434988,0.1732661301715571,42.05880031878491,0,0,0,208,327.0,62.95475921800663,HIGH,374,True,47.0,0.0,0.0,0.0,False,False
51005,"Alleghany County, Virginia",VA,12,338.3333333333333,328.0,64.48584528735155,182,444,62.330076691358734,0.26211879020911943,0.13908398011630915,35.66276206134828,0,0,0,262,328.0,62.952421958426974,HIGH,444,True,116.0,0.0,0.0,0.0,False,False
18107,"Montgomery County, Indiana",IN,12,326.0833333333333,329.0,21.81933393422754,281,355,62.44120200247946,0.23090633378860723,0.11201024995482811,38.9662590715741,0,0,0,74,329.0,62.929940263525154,HIGH,290,True,-39.0,0.0,0.0,0.0,False,False
36077,"Otsego County, New York",NY,12,301.8333333333333,330.0,46.12598032135534,214,339,62.81406763513208,0.22580272830690387,0.1529475427163973,38.2588087505669,0,0,0,125,330.0,62.91949648666874,MEDIUM,238,True,-92.0,0.0,0.0,0.0,False,False
18173,"Warrick County, Indiana",IN,12,316.25,331.0,44.54441093397179,242,366,62.635479937925474,0.207198711861989,0.10627314177063783,38.29586867502833,0,0,0,124,331.0,62.91307337693905,HIGH,252,True,-79.0,0.0,0.0,0.0,False,False
20077,"Harper County, Kansas",KS,12,424.5833333333333,332.0,289.9822747979085,312,1341,61.44456198689787,0.2121204609959263,0.13852351927098225,37.384402925280014,0,0,0,1029,332.0,62.91060770086828,MEDIUM,403,True,71.0,0.0,0.0,0.0,False,False
40149,"Washita County, Oklahoma",OK,12,347.0,333.0,56.647233744544764,265,465,62.175418319775616,0.1989184934461239,0.14685174901164236,38.67640431983974,0,0,0,200,333.0,62.892757485301246,HIGH,465,True,132.0,0.0,0.0,0.0,False,False
55081,"Monroe County, Wisconsin",WI,12,343.8333333333333,334.0,88.8347120252329,258,612,62.28326981240326,0.20981496243288658,0.1275194863550215,37.89788456411992,0,0,0,354,334.0,62.87881227821419,MEDIUM,267,True,-67.0,0.0,0.0,0.0,False,False
39171,"Williams County, Ohio",OH,12,312.1666666666667,335.0,49.06736247859734,206,344,62.668991891461566,0.17093742421096006,0.12235928953298962,37.08976528835286,0,0,0,138,335.0,62.87534149708695,MEDIUM,215,True,-120.0,0.0,0.0,0.0,False,False
51051,"Dickenson County, Virginia",VA,12,331.0833333333333,336.0,34.49758445649975,291,421,62.38429008320566,0.2453715701846387,0.19813949227145314,41.74579950901861,0,0,0,130,336.0,62.84605020109032,MEDIUM,309,True,-27.0,0.0,0.0,0.0,False,False
29075,"Gentry County, Missouri",MO,12,357.9166666666667,337.0,49.16661530557153,308,442,62.00223683039377,0.24163899506553158,0.16396430493023792,42.55387757352051,0,0,0,134,337.0,62.825313928309,HIGH,439,True,102.0,0.0,0.0,0.0,False,False
36045,"Jefferson County, New York",NY,12,322.1666666666667,338.0,65.80112368940122,114,351,62.639247728107286,0.2248014288621435,0.12600069178588635,35.98416145304146,0,0,0,237,338.0,62.82422894082501,HIGH,342,True,4.0,0.0,0.0,0.0,False,False
10003,"New Castle County, Delaware",DE,12,335.0,339.0,26.60826939130014,279,368,62.345347273089914,0.17356767491930877,0.12941818220869386,40.153039794601746,0,0,0,89,339.0,62.817081609716254,HIGH,288,True,-51.0,0.0,0.0,0.0,False,False
18111,"Newton County, Indiana",IN,12,346.3333333333333,340.0,11.056329600840604,334,370,62.202747189271975,0.2395542756507704,0.10939641300973345,37.82203620688345,0,0,0,36,340.0,62.79257154524876,HIGH,343,True,3.0,0.0,0.0,0.0,False,False
39141,"Ross County, Ohio",OH,12,325.75,341.0,45.06787809919208,184,350,62.51673743324696,0.2580316772054866,0.13457648986127327,38.53901712423514,0,0,0,166,341.0,62.782974386400774,HIGH,333,True,-8.0,0.0,0.0,0.0,False,False
05075,"Lawrence County, Arkansas",AR,12,341.0833333333333,342.0,80.9280919125495,139,467,62.31354772916586,0.24733023676370935,0.16746456844385813,41.074814833556275,0,0,0,328,342.0,62.77379422192168,HIGH,467,True,125.0,0.0,0.0,0.0,False,False
18059,"Hancock County, Indiana",IN,12,343.1666666666667,343.0,21.791713743503234,291,376,62.232764836296646,0.2518013299036961,0.11640346944009632,40.00235608277896,0,0,0,85,343.0,62.765773121719945,HIGH,337,True,-6.0,0.0,0.0,0.0,False,False
01077,"Lauderdale County, Alabama",AL,12,365.5,344.0,64.07594925342327,322,560,61.96865187275301,0.20767966158433301,0.17464880770052416,48.558811438580626,0,0,0,238,344.0,62.76271022451199,HIGH,387,True,43.0,0.0,0.0,0.0,False,False
55071,"Manitowoc County, Wisconsin",WI,12,382.9166666666667,345.0,117.00152161662709,345,754,61.82975974633558,0.19814689775111075,0.10479578140167499,35.425670534082414,0,0,0,409,345.0,62.7617748569186,HIGH,354,True,9.0,0.0,0.0,0.0,False,False
51173,"Smyth County, Virginia",VA,12,342.9166666666667,346.0,38.225308925164256,249,402,62.252882324074,0.26806052254650276,0.1682555757915324,37.18415854214018,0,0,0,153,346.0,62.7343208720976,HIGH,402,True,56.0,0.0,0.0,0.0,False,False
20209,"Wyandotte County, Kansas",KS,12,392.6666666666667,351.5,99.90025328326553,347,701,61.630017532183594,0.20230327067925916,0.11023022283476948,38.12565388924847,0,0,0,354,347.0,62.72268287547836,HIGH,412,True,65.0,0.0,0.0,0.0,False,False
18149,"Starke County, Indiana",IN,12,324.0833333333333,348.0,72.8503551290194,95,357,62.64060238089177,0.2514538573469754,0.12474087204510025,37.52046105935413,0,0,1,262,348.0,62.71884910069522,HIGH,329,True,-19.0,0.0,0.0,0.08333333333333333,False,False
51077,"Grayson County, Virginia",VA,12,379.0,349.0,67.99598918652883,315,504,61.77381738300011,0.21827710921030377,0.15774280603860927,38.7511659142515,0,0,0,189,349.0,62.70468593492362,HIGH,504,True,155.0,0.0,0.0,0.0,False,False
29175,"Randolph County, Missouri",MO,12,332.0833333333333,350.0,43.42906093082526,201,359,62.42980149521048,0.2510143281440019,0.13687505624415439,36.95629636046448,0,0,0,158,350.0,62.70246055717419,MEDIUM,321,True,-29.0,0.0,0.0,0.0,False,False
21165,"Menifee County, Kentucky",KY,12,339.8333333333333,351.0,53.098250841475405,181,391,62.34612715990544,0.2054568188912396,0.17624043716740556,39.66502681120882,0,0,0,210,351.0,62.69508653913629,MEDIUM,391,True,40.0,0.0,0.0,0.0,False,False
42087,"Mifflin County, Pennsylvania",PA,12,341.75,352.0,27.049197601945448,283,363,62.275056122354535,0.2448096484566824,0.12484918169510482,36.791860938567964,0,0,0,80,352.0,62.69204957276894,MEDIUM,292,True,-60.0,0.0,0.0,0.0,False,False
29079,"Grundy County, Missouri",MO,12,393.0833333333333,353.0,140.71599917650596,299,828,61.713591912208834,0.2581815896519837,0.20581022897993337,46.90344356696185,0,0,0,529,353.0,62.67428774138152,MEDIUM,410,True,57.0,0.0,0.0,0.0,False,False
13279,"Toombs County, Georgia",GA,12,361.6666666666667,354.0,26.258620518129874,344,444,62.00943737491227,0.20613563089459244,0.13502242946154516,38.74459792981271,0,0,0,100,354.0,62.62946848153398,HIGH,353,True,-1.0,0.0,0.0,0.0,False,False
17103,"Lee County, Illinois",IL,12,348.0,355.0,65.18644588618653,221,465,62.19410401254553,0.22315831434263525,0.10406269337458574,37.91015631257168,0,0,0,244,355.0,62.61438047972521,MEDIUM,230,True,-125.0,0.0,0.0,0.0,False,False
42035,"Clinton County, Pennsylvania",PA,12,370.1666666666667,356.0,54.31697095138253,315,530,61.88496961208651,0.17341401570065065,0.10179892724125489,37.3471146621533,0,0,0,215,356.0,62.60033456886651,HIGH,324,True,-32.0,0.0,0.0,0.0,False,False
20125,"Montgomery County, Kansas",KS,12,351.0,357.0,54.310554808769574,277,495,62.14365581449155,0.21063648577856223,0.16361561842185693,43.047256582500886,0,0,0,218,357.0,62.5777910302332,MEDIUM,286,True,-71.0,0.0,0.0,0.0,False,False
55039,"Fond du Lac County, Wisconsin",WI,12,397.1666666666667,358.0,135.6706127041341,331,826,61.628337245373,0.20115705744070456,0.10592998227043038,37.48962901516977,0,0,0,495,358.0,62.54409773033222,HIGH,340,True,-18.0,0.0,0.0,0.0,False,False
37015,"Bertie County, North Carolina",NC,12,363.0,359.0,70.63993204979745,199,483,61.98332832108756,0.22684090635238574,0.17856355783016412,41.73110066605279,0,0,0,284,359.0,62.53516409923595,MEDIUM,483,True,124.0,0.0,0.0,0.0,False,False
17107,"Logan County, Illinois",IL,12,379.25,364.5,42.37950834156441,360,511,61.75667764784546,0.14891566902924241,0.10889013419479031,38.62747170901386,0,0,0,151,360.0,62.52004333617031,HIGH,380,True,20.0,0.0,0.0,0.0,False,False
17165,"Saline County, Illinois",IL,12,387.0,361.0,66.90970849517349,343,534,61.6594967576822,0.18558389991192606,0.14800377198287282,38.70682185664386,0,0,0,191,361.0,62.50214239474952,MEDIUM,534,True,173.0,0.0,0.0,0.0,False,False
55089,"Ozaukee County, Wisconsin",WI,12,368.9166666666667,362.0,33.10440325925716,326,461,61.8830926206412,0.2465358396717482,0.11027982783669978,35.84906825615779,0,0,0,135,362.0,62.49753961274489,HIGH,335,True,-27.0,0.0,0.0,0.0,False,False
23021,"Piscataquis County, Maine",ME,12,415.0,363.0,194.14614926062083,343,1031,61.489056496659316,0.23439584379191927,0.12410453687114222,38.46163064940983,0,0,0,688,363.0,62.48706305309611,HIGH,352,True,-11.0,0.0,0.0,0.0,False,False
17139,"Moultrie County, Illinois",IL,12,388.8333333333333,364.0,120.14675369831025,298,762,61.69961809785196,0.24545158089007926,0.13595523565373577,40.53274834505287,0,0,0,464,364.0,62.465142027915114,MEDIUM,307,True,-57.0,0.0,0.0,0.0,False,False
21055,"Crittenden County, Kentucky",KY,12,377.4166666666667,365.0,32.606352792427465,340,438,61.75491306465593,0.23282343095294508,0.1674110405875069,39.66454719872112,0,0,0,98,365.0,62.46291972927247,HIGH,428,True,63.0,0.0,0.0,0.0,False,False
54027,"Hampshire County, West Virginia",WV,12,439.25,366.0,168.2752750163202,343,923,61.14733959223748,0.23713558142318272,0.1626177099951182,38.56499671561686,0,0,0,580,366.0,62.457674526399984,MEDIUM,550,True,184.0,0.0,0.0,0.0,False,False
21059,"Daviess County, Kentucky",KY,12,367.0833333333333,367.0,25.670847750754614,292,398,61.877553538066024,0.22681404142139217,0.1222051216594966,38.594529091390825,0,0,0,106,367.0,62.43075423275273,HIGH,398,True,31.0,0.0,0.0,0.0,False,False
20043,"Doniphan County, Kansas",KS,12,460.8333333333333,368.0,285.4297663439318,341,1360,60.96844941573485,0.19962052137530273,0.13613766284314968,39.10054179784939,0,0,0,1019,368.0,62.42235851713557,HIGH,456,True,88.0,0.0,0.0,0.0,False,False
13053,"Chattahoochee County, Georgia",GA,12,428.5,369.0,130.15969212680804,348,785,61.20521295386478,0.19009295788299407,0.16588089198725695,41.613954693291355,0,0,0,437,369.0,62.37715926871939,HIGH,539,True,170.0,0.0,0.0,0.0,False,False
36035,"Fulton County, New York",NY,12,364.5,370.0,32.24198279488181,266,390,61.94634582335855,0.21324044602750994,0.1279872741357607,38.153535959238525,0,0,0,124,370.0,62.37163700329771,HIGH,369,True,-1.0,0.0,0.0,0.0,False,False
17053,"Ford County, Illinois",IL,12,339.9166666666667,371.0,61.633017027229705,180,380,62.29943361104039,0.18279705478409528,0.13637811520840137,37.994289946899904,0,0,0,200,371.0,62.33600673159554,MEDIUM,284,True,-87.0,0.0,0.0,0.0,False,False
18071,"Jackson County, Indiana",IN,12,350.5,372.0,58.728187440104094,174,382,62.15818802722072,0.2062950824161539,0.1116952861635137,40.917686289478425,0,0,0,208,372.0,62.33207770307135,HIGH,332,True,-40.0,0.0,0.0,0.0,False,False
36067,"Onondaga County, New York",NY,12,356.75,373.0,47.225041508235286,273,408,61.990740763373935,0.20845290077985723,0.10925068597409254,36.45510953285604,0,0,0,135,373.0,62.31374313745421,HIGH,282,True,-91.0,0.0,0.0,0.0,False,False
40137,"Stephens County, Oklahoma",OK,12,383.6666666666667,374.0,66.1875205668552,248,507,61.687969349271064,0.22243619265712541,0.1477942452297523,42.39632070790902,0,0,0,259,374.0,62.29737392885131,HIGH,507,True,133.0,0.0,0.0,0.0,False,False
21177,"Muhlenberg County, Kentucky",KY,12,374.8333333333333,375.0,93.65588204925648,131,514,61.86742840216886,0.2153002274055644,0.17315180721292386,41.66492448309834,0,0,0,383,375.0,62.27448656837076,HIGH,514,True,139.0,0.0,0.0,0.0,False,False
54009,"Brooke County, West Virginia",WV,12,390.0,376.0,49.581888188769476,328,496,61.5778633970121,0.17752618673497086,0.14803293730611194,38.18215347165605,0,0,0,168,376.0,62.26807930210096,HIGH,496,True,120.0,0.0,0.0,0.0,False,False
37113,"Macon County, North Carolina",NC,12,362.5,377.0,28.905803129223965,279,386,61.96556372242994,0.26587321829025584,0.16674511587063834,39.13269608159039,0,0,0,107,377.0,62.2589660664922,MEDIUM,367,True,-10.0,0.0,0.0,0.0,False,False
36095,"Schoharie County, New York",NY,12,433.8333333333333,379.5,169.7628470614941,378,972,61.13551237135369,0.24594126386354428,0.1102813674698938,37.63392922635217,0,0,0,594,378.0,62.25829044188461,HIGH,390,True,12.0,0.0,0.0,0.0,False,False
18147,"Spencer County, Indiana",IN,12,369.0833333333333,379.0,66.06946528029601,162,407,61.86425260183412,0.20044042668400297,0.10431728381642386,38.59959497757217,0,0,0,245,379.0,62.23678239130721,HIGH,407,True,28.0,0.0,0.0,0.0,False,False
09005,"Litchfield County, Connecticut",CT,12,364.9166666666667,380.0,91.23242877730517,193,541,61.97407094014694,0.19685914321931677,0.14998106310108938,41.06276481731618,0,0,0,348,380.0,62.208900066530525,MEDIUM,202,True,-178.0,0.0,0.0,0.0,False,False
01045,"Dale County, Alabama",AL,12,415.25,385.0,58.031535314078084,380,528,61.223726364086495,0.18077501018296593,0.13551898442842428,38.337369911031246,0,0,0,148,381.0,62.193207037100166,MEDIUM,528,True,147.0,0.0,0.0,0.0,False,False
37005,"Alleghany County, North Carolina",NC,12,376.1666666666667,381.5,41.85219302027148,250,419,61.750676654728416,0.26464912374082883,0.15638187198577194,38.53760725166988,0,0,0,169,382.0,62.188983993744415,HIGH,419,True,37.0,0.0,0.0,0.0,False,False
36073,"Orleans County, New York",NY,12,356.25,382.5,65.92712919304438,176,403,62.040304011880494,0.25353083475606725,0.1337394364386746,37.43850018553262,0,0,0,227,383.0,62.17191911214715,MEDIUM,308,True,-75.0,0.0,0.0,0.0,False,False
18023,"Clinton County, Indiana",IN,12,371.75,383.5,40.589127518675156,285,419,61.79812071866806,0.21571260900262498,0.10687134813926079,37.50745559968629,0,0,0,134,384.0,62.168844209000866,HIGH,327,True,-57.0,0.0,0.0,0.0,False,False
05145,"White County, Arkansas",AR,12,401.4166666666667,385.0,51.9798183447337,384,566,61.440381583437095,0.2472294937977448,0.1321206311919208,39.587559362383985,0,0,0,182,385.0,62.1640670390534,HIGH,396,True,11.0,0.0,0.0,0.0,False,False
18181,"White County, Indiana",IN,12,382.6666666666667,386.0,41.006281854310465,303,460,61.662645908352225,0.23178730682465865,0.10228984935994838,37.19629129262538,0,0,0,157,386.0,62.15879535352967,MEDIUM,312,True,-74.0,0.0,0.0,0.0,False,False
17171,"Scott County, Illinois",IL,12,434.6666666666667,387.0,96.777470456087,370,631,61.07652509881979,0.16932919921960563,0.14193505913465337,41.023194962201515,0,0,0,261,387.0,62.15364822545102,MEDIUM,631,True,244.0,0.0,0.0,0.0,False,False
42063,"Indiana County, Pennsylvania",PA,12,348.1666666666667,387.5,79.62849345364366,150,396,62.19957594634476,0.2563055254069299,0.12983125824838004,38.1024123156347,0,0,0,246,388.0,62.148942971741626,MEDIUM,266,True,-122.0,0.0,0.0,0.0,False,False
39063,"Hancock County, Ohio",OH,12,379.3333333333333,388.5,53.47953446002129,233,442,61.742702801070294,0.1730553478693145,0.0797204092145097,36.65422737391775,0,0,0,209,389.0,62.10883760004859,HIGH,358,True,-31.0,0.0,0.0,0.0,False,False
05105,"Perry County, Arkansas",AR,12,410.25,389.5,47.405647918211756,388,516,61.31538734164567,0.24390411920085753,0.15395408641886907,39.81629765339781,0,0,0,128,390.0,62.10104408288753,HIGH,516,True,126.0,0.0,0.0,0.0,False,False
05083,"Logan County, Arkansas",AR,12,405.4166666666667,391.0,30.28788636742521,386,474,61.3364610042384,0.2386400628717317,0.14029209969271203,41.47584182738504,0,0,0,88,391.0,62.097806650482575,HIGH,474,True,83.0,0.0,0.0,0.0,False,False
34015,"Gloucester County, New Jersey",NJ,12,378.75,391.0,90.62422413460985,228,593,61.7915307817001,0.23839086185168198,0.14914882670080795,39.828154067770626,0,0,0,365,392.0,62.087600298724965,MEDIUM,237,True,-155.0,0.0,0.0,0.0,False,False
51730,"Petersburg city, Virginia",VA,12,443.4166666666667,393.0,133.8577659874522,330,806,61.03712327212417,0.2976285566980814,0.2240151579204314,57.60583913257207,0,0,0,476,393.0,62.06534483510046,HIGH,554,True,161.0,0.0,0.0,0.0,False,False
17129,"Menard County, Illinois",IL,12,391.4166666666667,394.0,72.11286398081242,175,456,61.58869867996327,0.15115401435191558,0.07921804899045302,35.26065271417566,0,0,0,281,394.0,62.02357638049139,HIGH,426,True,32.0,0.0,0.0,0.0,False,False
51740,"Portsmouth city, Virginia",VA,12,416.5,395.0,38.28481778364986,393,491,61.19024468449893,0.19797172743086,0.1352174068565107,37.018671021501504,0,0,0,98,395.0,62.02309415411808,HIGH,478,True,83.0,0.0,0.0,0.0,False,False
39127,"Perry County, Ohio",OH,12,406.1666666666667,399.0,20.875533018054387,396,470,61.33064597359837,0.2607826615201298,0.12207933334356508,38.66982107674933,0,0,0,74,396.0,62.016721640592266,HIGH,414,True,18.0,0.0,0.0,0.0,False,False
54069,"Ohio County, West Virginia",WV,12,355.25,397.0,87.70728693682288,106,406,62.15646952696512,0.202581847288224,0.1617726539485622,37.17045564378998,0,0,0,300,397.0,62.0034663907256,MEDIUM,300,True,-97.0,0.0,0.0,0.0,False,False
01097,"Mobile County, Alabama",AL,12,454.6666666666667,398.0,115.99712640118865,394,772,60.83599805871651,0.18097470962864493,0.1303259740027701,43.67045712204952,0,0,0,378,398.0,62.00034071356576,HIGH,555,True,157.0,0.0,0.0,0.0,False,False
40081,"Lincoln County, Oklahoma",OK,12,422.3333333333333,403.5,39.70649897190711,399,509,61.14915036800739,0.20403468769732394,0.13947815738534872,41.87687270164811,0,0,0,110,399.0,61.997667798414795,HIGH,509,True,110.0,0.0,0.0,0.0,False,False
33007,"Coos County, New Hampshire",NH,12,406.75,400.0,91.79237936283658,289,665,61.422768836674145,0.22248888892441246,0.12614422687084031,40.81015946544798,0,0,0,376,400.0,61.99713509302309,MEDIUM,298,True,-102.0,0.0,0.0,0.0,False,False
54033,"Harrison County, West Virginia",WV,12,391.4166666666667,401.0,35.823959309463,282,415,61.55957616241306,0.17283881676204038,0.1136204683046243,37.5794940822148,0,0,0,133,401.0,61.99465853435065,HIGH,389,True,-12.0,0.0,0.0,0.0,False,False
54025,"Greenbrier County, West Virginia",WV,12,467.4166666666667,402.0,135.3302078307543,373,793,60.74418978511796,0.22505301174690565,0.1623145524647176,40.6593195946256,0,0,0,420,402.0,61.98478104540638,MEDIUM,628,True,226.0,0.0,0.0,0.0,False,False
37093,"Hoke County, North Carolina",NC,12,398.0,403.0,33.701901753731676,342,479,61.51255794270238,0.19772307313313686,0.15226839502320663,38.567948354763146,0,0,0,137,403.0,61.963252870322655,MEDIUM,351,True,-52.0,0.0,0.0,0.0,False,False
46129,"Walworth County, South Dakota",SD,12,507.5,404.0,249.18430564908815,375,1246,60.38112189220819,0.14206912568160793,0.16730444374403422,42.38832706876504,0,0,0,871,404.0,61.96282963202098,MEDIUM,633,True,229.0,0.0,0.0,0.0,False,False
36037,"Genesee County, New York",NY,12,402.9166666666667,405.0,37.52928149721189,330,474,61.43181509314133,0.25552169221133675,0.11598532155160494,36.90308854899993,0,0,0,144,405.0,61.943029971025666,MEDIUM,339,True,-66.0,0.0,0.0,0.0,False,False
13207,"Monroe County, Georgia",GA,12,438.4166666666667,406.0,101.87109352986106,397,761,61.03032799279364,0.24336392955472733,0.11000382645154609,38.39310321472466,0,0,0,364,406.0,61.92977853507948,HIGH,406,True,0.0,0.0,0.0,0.0,False,False
29189,"St. Louis County, Missouri",MO,12,400.8333333333333,407.0,29.68878984438811,336,439,61.46614076809024,0.23688481696398864,0.11247384595430583,39.15338173302597,0,0,0,103,407.0,61.92103240847973,HIGH,345,True,-62.0,0.0,0.0,0.0,False,False
55079,"Milwaukee County, Wisconsin",WI,12,401.3333333333333,408.0,37.156507648136966,302,445,61.431761996055364,0.18320522930291672,0.09556319755874793,37.24147250141601,0,0,0,143,408.0,61.907468802722384,HIGH,384,True,-24.0,0.0,0.0,0.0,False,False
21061,"Edmonson County, Kentucky",KY,12,438.5833333333333,411.0,56.418015068260104,409,561,60.99001637336482,0.21285263403502455,0.13627824807783964,40.23156536377611,0,0,0,152,409.0,61.89651789473223,HIGH,561,True,152.0,0.0,0.0,0.0,False,False
20207,"Woodson County, Kansas",KS,12,516.4166666666666,410.0,271.2259904190376,365,1329,60.31402658493642,0.19286925823270298,0.1784291524208976,44.78528878831728,0,0,0,964,410.0,61.895189888679695,MEDIUM,634,True,224.0,0.0,0.0,0.0,False,False
26077,"Kalamazoo County, Michigan",MI,12,397.75,411.0,50.78497451376379,290,450,61.51423698058927,0.22181052271395071,0.07531148352835863,37.2731601148262,0,0,0,160,411.0,61.88792376497207,HIGH,299,True,-112.0,0.0,0.0,0.0,False,False
47139,"Polk County, Tennessee",TN,12,448.9166666666667,412.0,152.0349590978298,372,929,60.98633756556422,0.2281617390572563,0.15858224472593344,39.44908421863395,0,0,0,557,412.0,61.87960549024503,HIGH,415,True,3.0,0.0,0.0,0.0,False,False
55117,"Sheboygan County, Wisconsin",WI,12,443.3333333333333,417.5,66.8707482364073,413,651,60.94591639670227,0.18820600139003116,0.0983690707893383,35.397069767829876,0,0,0,238,413.0,61.87828945304107,HIGH,450,True,37.0,0.0,0.0,0.0,False,False
34033,"Salem County, New Jersey",NJ,12,420.9166666666667,414.0,91.77686213987937,301,677,61.269329458398886,0.22520086643635998,0.12819534614722133,39.08561951528578,0,0,0,376,414.0,61.86743838708989,MEDIUM,310,True,-104.0,0.0,0.0,0.0,False,False
21005,"Anderson County, Kentucky",KY,12,444.0833333333333,415.0,86.1937124192134,398,712,60.94578365725645,0.19495713492802472,0.11443726348398071,38.88318149452438,0,0,0,314,415.0,61.863049054183264,HIGH,458,True,43.0,0.0,0.0,0.0,False,False
40047,"Garfield County, Oklahoma",OK,12,420.75,416.0,28.99568933479597,351,471,61.20164597133458,0.17231935806542228,0.12529040058787114,37.02925845111643,0,0,0,120,416.0,61.86158440247657,HIGH,471,True,55.0,0.0,0.0,0.0,False,False
24045,"Wicomico County, Maryland",MD,12,411.6666666666667,417.0,23.623306416769992,363,440,61.33929533375166,0.19999221144886778,0.10474078589340706,38.93814129355911,0,0,0,77,417.0,61.83017062722599,HIGH,372,True,-45.0,0.0,0.0,0.0,False,False
27075,"Lake County, Minnesota",MN,12,441.8333333333333,418.0,64.44283348735364,418,644,60.97268191549737,0.1648887385956224,0.11838290737818628,38.48496093612017,0,0,0,226,418.0,61.81723963294652,HIGH,448,True,30.0,0.0,0.0,0.0,False,False
39057,"Greene County, Ohio",OH,12,402.5833333333333,419.0,53.09760880309075,254,449,61.48709454598065,0.18473190777774992,0.09597038979123595,37.88901376811019,0,0,0,195,419.0,61.79980835079856,HIGH,373,True,-46.0,0.0,0.0,0.0,False,False
37067,"Forsyth County, North Carolina",NC,12,391.1666666666667,420.0,68.601395868827,240,429,61.6305222391721,0.2108927491508907,0.1127479400546889,41.19129390524773,0,0,0,189,420.0,61.79642836031168,MEDIUM,249,True,-171.0,0.0,0.0,0.0,False,False
54107,"Wood County, West Virginia",WV,12,422.5,421.0,12.915811310877134,401,447,61.167505263392805,0.17396006541058592,0.1336631635480058,37.13541136836587,0,0,0,46,421.0,61.784920294019926,MEDIUM,437,True,16.0,0.0,0.0,0.0,False,False
17137,"Morgan County, Illinois",IL,12,402.5,422.0,63.99502821597656,206,441,61.47272362620047,0.21791979079404636,0.11749655032719174,38.49651573621244,0,0,0,235,422.0,61.76517540426273,HIGH,394,True,-28.0,0.0,0.0,0.0,False,False
37049,"Craven County, North Carolina",NC,12,408.75,423.0,46.601063195050514,306,450,61.364715857297035,0.2679049209419827,0.14601917668183007,39.805339307031765,0,0,0,144,423.0,61.74661804155858,MEDIUM,315,True,-108.0,0.0,0.0,0.0,False,False
18139,"Rush County, Indiana",IN,12,425.9166666666667,424.0,10.638338330032681,403,443,61.13467654846,0.23468790634813583,0.10179667954594845,38.59671374386002,0,0,0,40,424.0,61.74615950781565,HIGH,427,True,3.0,0.0,0.0,0.0,False,False
26125,"Oakland County, Michigan",MI,12,402.6666666666667,425.0,56.13835722137897,282,444,61.45617680876285,0.18065205103306956,0.0931751292737724,38.71709313530549,0,0,0,162,425.0,61.738648511973125,MEDIUM,291,True,-134.0,0.0,0.0,0.0,False,False
21167,"Mercer County, Kentucky",KY,12,446.5833333333333,426.0,56.15475100653604,426,623,60.901070166127795,0.24067163848129192,0.1210800177673161,37.27240627461079,0,0,0,197,426.0,61.735039518165806,HIGH,451,True,25.0,0.0,0.0,0.0,False,False
13105,"Elbert County, Georgia",GA,12,416.3333333333333,427.0,43.51036100920693,301,468,61.27509784994771,0.21752993253350947,0.14589727256209872,41.24054065899774,0,0,0,167,427.0,61.73336177677331,HIGH,468,True,41.0,0.0,0.0,0.0,False,False
39037,"Darke County, Ohio",OH,12,388.25,428.0,81.28527206416581,169,437,61.704427794786085,0.2571337389093419,0.12930697122075974,38.25407452494687,0,0,0,268,428.0,61.71738491645854,MEDIUM,322,True,-106.0,0.0,0.0,0.0,False,False
21115,"Johnson County, Kentucky",KY,12,440.3333333333333,429.0,85.64337615243738,239,585,61.02283485080731,0.20853342177670278,0.14186639585433972,38.77874444468969,0,0,0,346,429.0,61.708603457909675,MEDIUM,585,True,156.0,0.0,0.0,0.0,False,False
27071,"Koochiching County, Minnesota",MN,12,503.9166666666667,430.0,205.34248921932323,407,1141,60.367916913551575,0.22315321659877052,0.12175945590155386,37.081424745326856,0,0,0,734,430.0,61.66392181020254,HIGH,541,True,111.0,0.0,0.0,0.0,False,False
18119,"Owen County, Indiana",IN,12,432.5,431.0,38.59934055018416,319,466,61.050560671291045,0.18762908899109063,0.09389712286503817,37.588160757113734,0,0,0,147,431.0,61.66261451040523,HIGH,461,True,30.0,0.0,0.0,0.0,False,False
55115,"Shawano County, Wisconsin",WI,12,445.6666666666667,435.0,22.868530712962233,432,510,60.910378698547866,0.19766798839827007,0.10172916303699843,37.90223768967946,0,0,0,78,432.0,61.660766108694276,HIGH,447,True,15.0,0.0,0.0,0.0,False,False
39049,"Franklin County, Ohio",OH,12,424.75,433.0,26.642839733986857,374,454,61.19392569260798,0.1797970747321791,0.10379179224971065,40.69993290976016,0,0,0,80,433.0,61.65989944254329,HIGH,383,True,-50.0,0.0,0.0,0.0,False,False
21231,"Wayne County, Kentucky",KY,12,461.1666666666667,434.0,56.392832125647985,414,570,60.762035398755906,0.26425507015550903,0.1522560455013958,40.233934346247295,0,0,0,156,434.0,61.65873766311202,HIGH,549,True,115.0,0.0,0.0,0.0,False,False
21097,"Harrison County, Kentucky",KY,12,451.5,435.0,47.847294974362335,417,557,60.86416995692747,0.24674932376401193,0.11722061246308084,37.024476268035855,0,0,0,140,435.0,61.639082734040784,HIGH,557,True,122.0,0.0,0.0,0.0,False,False
51680,"Lynchburg city, Virginia",VA,12,411.0833333333333,436.0,64.02479396627719,211,445,61.3689911702675,0.24907091907442255,0.13593694642199883,38.12366101576514,0,0,0,234,436.0,61.61241820862617,HIGH,424,True,-12.0,0.0,0.0,0.0,False,False
37013,"Beaufort County, North Carolina",NC,12,440.1666666666667,437.0,75.11183581026282,340,649,61.04637141140565,0.24671241191451845,0.14044853720697556,39.553276020260206,0,0,0,309,437.0,61.609123452417016,MEDIUM,349,True,-88.0,0.0,0.0,0.0,False,False
05045,"Faulkner County, Arkansas",AR,12,434.75,438.0,27.88653960083772,376,469,61.04773713549273,0.21614137906386424,0.08577073353681008,39.03315242663764,0,0,0,93,438.0,61.597405006879185,HIGH,385,True,-53.0,0.0,0.0,0.0,False,False
29109,"Lawrence County, Missouri",MO,12,469.9166666666667,443.5,46.65630296177148,439,578,60.643400571343896,0.18245413797389531,0.11305883666616456,41.7366418500261,0,0,0,139,439.0,61.59239048658288,HIGH,529,True,90.0,0.0,0.0,0.0,False,False
36029,"Erie County, New York",NY,12,437.0,440.0,41.352146256270665,353,496,61.05487319431507,0.2353587795618305,0.0970269033574498,39.26080355057212,0,0,0,143,440.0,61.58723870884602,HIGH,362,True,-78.0,0.0,0.0,0.0,False,False
39149,"Shelby County, Ohio",OH,12,412.9166666666667,441.0,55.83491630501366,309,450,61.35948006433065,0.16297406368371323,0.10276493921701989,37.47128947061584,0,0,0,141,441.0,61.583539642504824,MEDIUM,318,True,-123.0,0.0,0.0,0.0,False,False
36107,"Tioga County, New York",NY,12,458.75,442.0,55.220426062693996,429,633,60.79458980108757,0.23243649326188387,0.09657724308973938,37.30270417037565,0,0,0,204,442.0,61.583038763914715,HIGH,438,True,-4.0,0.0,0.0,0.0,False,False
36083,"Rensselaer County, New York",NY,12,420.4166666666667,443.0,54.99993112943346,252,452,61.26399958917614,0.2260704145781612,0.11088818280343489,39.41386932539321,0,0,0,200,443.0,61.573273005146,HIGH,411,True,-32.0,0.0,0.0,0.0,False,False
17123,"Marshall County, Illinois",IL,12,455.0,444.0,38.152802828053964,372,523,60.824989768018156,0.1567125633525067,0.090037242470789,36.31487831074499,0,0,0,151,444.0,61.55445910128582,HIGH,523,True,79.0,0.0,0.0,0.0,False,False
54079,"Putnam County, West Virginia",WV,12,469.25,445.0,74.45697354238159,362,624,60.66677764970303,0.17187396638382488,0.1086234125713177,37.66232061205004,0,0,0,262,445.0,61.520273099625506,HIGH,624,True,179.0,0.0,0.0,0.0,False,False
17097,"Lake County, Illinois",IL,12,414.3333333333333,446.0,74.64014680553299,212,463,61.390258253813926,0.19429321498199434,0.09454183238938313,38.95767246779245,0,0,0,251,446.0,61.5164857247325,HIGH,356,True,-90.0,0.0,0.0,0.0,False,False
51191,"Washington County, Virginia",VA,12,410.5833333333333,447.0,80.49896479665644,164,456,61.41655044224901,0.21864528275434725,0.1498111082474103,37.42585695195324,0,0,0,292,447.0,61.50162004475778,MEDIUM,420,True,-27.0,0.0,0.0,0.0,False,False
17189,"Washington County, Illinois",IL,12,477.9166666666667,452.5,48.75627387756618,448,583,60.534590152979696,0.1564799306864706,0.08031984665143911,36.79726124317366,0,0,0,135,448.0,61.4998493183988,HIGH,583,True,135.0,0.0,0.0,0.0,False,False
20029,"Cloud County, Kansas",KS,12,504.6666666666667,449.0,220.35976094202007,396,1201,60.3736551681937,0.2054530325739737,0.139332688554163,38.54906329463213,0,0,0,805,449.0,61.48594170449841,MEDIUM,460,True,11.0,0.0,0.0,0.0,False,False
55135,"Waupaca County, Wisconsin",WI,12,497.0833333333333,454.5,126.67385346437975,450,897,60.38447080604856,0.20761518078618102,0.09836183785273811,37.42604899336569,0,0,0,447,450.0,61.47662384783631,HIGH,489,True,39.0,0.0,0.0,0.0,False,False
27165,"Watonwan County, Minnesota",MN,12,505.0,451.0,195.3598079069862,406,1121,60.35902812036996,0.17762240375718505,0.14016388797744428,41.767217783003176,0,0,0,715,451.0,61.4724098449213,HIGH,485,True,34.0,0.0,0.0,0.0,False,False
23025,"Somerset County, Maine",ME,12,450.6666666666667,452.0,100.71682475077729,316,728,60.95248074317399,0.21580278205094797,0.12014563966566887,39.6358062221849,0,0,0,412,452.0,61.467442567798145,MEDIUM,325,True,-127.0,0.0,0.0,0.0,False,False
09011,"New London County, Connecticut",CT,12,436.25,453.0,99.6266895602141,254,642,61.113519854806306,0.18554812477955007,0.12178643651075899,36.67241354670788,0,0,0,388,453.0,61.460909646524,MEDIUM,263,True,-190.0,0.0,0.0,0.0,False,False
20021,"Cherokee County, Kansas",KS,12,517.75,454.0,159.2945385127814,395,953,60.21752920776118,0.2110903055175369,0.13678478405912733,42.557203690003774,0,0,0,558,454.0,61.45586413387046,HIGH,648,True,194.0,0.0,0.0,0.0,False,False
42051,"Fayette County, Pennsylvania",PA,12,447.4166666666667,454.5,21.710736067808945,382,463,60.90497696287878,0.22520665610647797,0.12425975390110551,40.579954241611176,0,0,0,81,455.0,61.41454073447482,HIGH,445,True,-10.0,0.0,0.0,0.0,False,False
40063,"Hughes County, Oklahoma",OK,12,537.6666666666666,456.0,164.231174835592,430,924,59.9894815850296,0.16788924991687085,0.14501137995981378,41.74886148192681,0,0,0,494,456.0,61.3914860623566,MEDIUM,740,True,284.0,0.0,0.0,0.0,False,False
40121,"Pittsburg County, Oklahoma",OK,12,484.8333333333333,457.0,53.414048770530464,455,617,60.47498903908028,0.2231441482735389,0.1186164356636697,38.98227809410693,0,0,0,162,457.0,61.35952330411371,HIGH,548,True,91.0,0.0,0.0,0.0,False,False
26035,"Clare County, Michigan",MI,12,479.1666666666667,457.0,93.34280254994911,431,774,60.55677257068004,0.21826255242258466,0.1189991035423108,38.54000390999949,0,0,0,343,458.0,61.35804478542019,HIGH,440,True,-18.0,0.0,0.0,0.0,False,False
55083,"Oconto County, Wisconsin",WI,12,489.9166666666667,459.0,103.36911648274953,455,818,60.449527661336646,0.20594362471860553,0.10409319514768507,36.95482644598676,0,0,0,363,459.0,61.3527837234911,HIGH,464,True,5.0,0.0,0.0,0.0,False,False
39083,"Knox County, Ohio",OH,12,461.0833333333333,459.5,19.667501266317643,427,496,60.71397497254949,0.177512026920724,0.09662376344801475,37.439555252000474,0,0,0,69,460.0,61.34904025026254,HIGH,449,True,-11.0,0.0,0.0,0.0,False,False
55001,"Adams County, Wisconsin",WI,12,470.0,461.0,77.31164795223881,399,705,60.65258206090704,0.2416598309368991,0.11638414672562837,37.83110740764026,0,0,0,306,461.0,61.31067189425448,HIGH,408,True,-53.0,0.0,0.0,0.0,False,False
39109,"Miami County, Ohio",OH,12,437.3333333333333,462.0,69.02349182881453,222,471,61.061824719877954,0.19391547488803448,0.11157948313201115,38.19080613264198,0,0,0,249,462.0,61.30280557196262,HIGH,435,True,-27.0,0.0,0.0,0.0,False,False
51193,"Westmoreland County, Virginia",VA,12,503.0,463.0,96.12208146651083,427,706,60.28668838478644,0.25862028658118974,0.1423089353005402,37.38380319868585,0,0,0,279,463.0,61.28791895066965,MEDIUM,706,True,243.0,0.0,0.0,0.0,False,False
18007,"Benton County, Indiana",IN,12,488.3333333333333,468.5,45.0158221342701,464,614,60.40881105821476,0.20920474002596023,0.09620947821855542,37.73129642892066,0,0,0,150,464.0,61.25947521473302,HIGH,526,True,62.0,0.0,0.0,0.0,False,False
17149,"Pike County, Illinois",IL,12,471.0833333333333,465.0,36.807751983252196,429,576,60.597018804767366,0.24007993201889058,0.14706675753327605,40.93565604358233,0,0,0,147,465.0,61.25841297551615,HIGH,482,True,17.0,0.0,0.0,0.0,False,False
34007,"Camden County, New Jersey",NJ,12,445.6666666666667,466.0,46.71836962701139,352,482,60.93560256038444,0.21772827455318042,0.10584496241615593,41.389189571512375,0,0,0,130,466.0,61.242774359632456,HIGH,361,True,-105.0,0.0,0.0,0.0,False,False
51161,"Roanoke County, Virginia",VA,12,448.9166666666667,467.0,47.92505196721863,312,480,60.864390068613936,0.22617232423499736,0.13068622709963015,38.66345138436546,0,0,0,168,467.0,61.24217166097654,HIGH,423,True,-44.0,0.0,0.0,0.0,False,False
05119,"Pulaski County, Arkansas",AR,12,493.4166666666667,468.0,90.02369216775743,460,779,60.384534649976395,0.18180239934495643,0.1192658010514634,43.511578601117286,0,0,0,319,468.0,61.23268091765255,HIGH,469,True,1.0,0.0,0.0,0.0,False,False
20115,"Marion County, Kansas",KS,12,483.0,469.0,55.13454617404757,409,587,60.47131002541195,0.19549102637382174,0.15656501346716575,41.591987611557656,0,0,0,178,469.0,61.23166639217722,MEDIUM,587,True,118.0,0.0,0.0,0.0,False,False
55019,"Clark County, Wisconsin",WI,12,469.8333333333333,470.0,85.13394081556356,348,698,60.68656371813562,0.19761466642353956,0.10882706813855174,38.32702607841183,0,0,0,350,470.0,61.18705999552007,MEDIUM,357,True,-113.0,0.0,0.0,0.0,False,False
13285,"Troup County, Georgia",GA,12,477.1666666666667,471.0,15.140753754104324,445,499,60.509854458714635,0.18815769728243795,0.10325034905592977,39.48205685054837,0,0,0,54,471.0,61.1805441175186,HIGH,493,True,22.0,0.0,0.0,0.0,False,False
39025,"Clermont County, Ohio",OH,12,454.8333333333333,472.0,42.59926020128719,380,494,60.79297723599007,0.19279628583063646,0.10691647734348757,40.79873140744182,0,0,0,114,472.0,61.17149558215374,HIGH,393,True,-79.0,0.0,0.0,0.0,False,False
20151,"Pratt County, Kansas",KS,12,488.5833333333333,473.5,33.27969168709167,473,564,60.40479124654635,0.23936494843014122,0.12305669201651281,39.846570890924355,0,0,0,91,473.0,61.17029334328155,HIGH,564,True,91.0,0.0,0.0,0.0,False,False
18129,"Posey County, Indiana",IN,12,455.4166666666667,474.0,69.77816581311396,251,516,60.82503985693891,0.2367927910048195,0.0885720676949333,37.62567941274981,0,0,0,265,474.0,61.15900399878805,HIGH,432,True,-42.0,0.0,0.0,0.0,False,False
13167,"Johnson County, Georgia",GA,12,493.0,475.0,56.444663166680336,457,667,60.38523096288614,0.2315758383629648,0.1521507989750516,38.328176152753755,0,0,0,210,475.0,61.15692531082678,HIGH,505,True,30.0,0.0,0.0,0.0,False,False
55061,"Kewaunee County, Wisconsin",WI,12,501.6666666666667,480.5,34.47352959045886,476,567,60.27769237630607,0.19776921012199492,0.10200235584833778,36.25691601024272,0,0,0,91,476.0,61.15238976475862,HIGH,567,True,91.0,0.0,0.0,0.0,False,False
19013,"Black Hawk County, Iowa",IA,12,476.3333333333333,477.0,27.280806884005887,424,518,60.55671727470573,0.1668281957299048,0.0747630174678592,39.82039598224348,0,0,0,94,477.0,61.151197760366784,HIGH,433,True,-44.0,0.0,0.0,0.0,False,False
19185,"Wayne County, Iowa",IA,12,489.0,478.0,36.971733674647865,459,600,60.43001748551157,0.2573226764388574,0.13239743183530975,41.37835401650878,0,0,0,141,478.0,61.14665811739574,HIGH,502,True,24.0,0.0,0.0,0.0,False,False
37027,"Caldwell County, North Carolina",NC,12,459.0833333333333,479.0,41.576781836486404,368,488,60.78925030965953,0.2282363787007653,0.12655564897754565,39.42305659303641,0,0,0,120,479.0,61.122747685396256,MEDIUM,377,True,-102.0,0.0,0.0,0.0,False,False
37081,"Guilford County, North Carolina",NC,12,473.3333333333333,480.0,50.543110911439335,370,550,60.64191005246882,0.23061869552904446,0.10660479913827155,41.690349835769254,0,0,0,180,480.0,61.114825789344366,HIGH,379,True,-101.0,0.0,0.0,0.0,False,False
20165,"Rush County, Kansas",KS,12,561.75,481.0,255.10287586134203,437,1362,59.767124406798814,0.18249185559688474,0.1394383115890296,42.88029121094158,0,0,0,925,481.0,61.09672468149797,HIGH,569,True,88.0,0.0,0.0,0.0,False,False
39115,"Morgan County, Ohio",OH,12,471.5,482.0,58.6646866057039,288,513,60.6217512672421,0.18748075692178504,0.09954520706549903,37.53489407718905,0,0,0,225,482.0,61.093105591390774,HIGH,513,True,31.0,0.0,0.0,0.0,False,False
17067,"Hancock County, Illinois",IL,12,485.75,483.0,5.119037551585793,479,498,60.423763313802844,0.17166597189716373,0.10998455074281098,39.0879765930294,0,0,0,19,483.0,61.06751149575313,MEDIUM,488,True,5.0,0.0,0.0,0.0,False,False
37085,"Harnett County, North Carolina",NC,12,452.0833333333333,484.0,65.23448381636724,311,493,60.88221976051401,0.18737239225174088,0.15497686309372502,41.12925895864672,0,0,0,182,484.0,61.06220170613196,MEDIUM,320,True,-164.0,0.0,0.0,0.0,False,False
13317,"Wilkes County, Georgia",GA,12,472.1666666666667,485.0,27.623551655437176,419,495,60.58011738469386,0.22576890789974013,0.14640273494114292,39.95673811852272,0,0,0,76,485.0,61.01888328289833,HIGH,495,True,10.0,0.0,0.0,0.0,False,False
21119,"Knott County, Kentucky",KY,12,432.25,486.0,94.96135577648991,161,495,61.16089924427437,0.21046786067349163,0.19716548290962976,45.631132616957416,0,0,0,334,486.0,61.00782324958534,MEDIUM,392,True,-94.0,0.0,0.0,0.0,False,False
21151,"Madison County, Kentucky",KY,12,505.6666666666667,487.0,58.28820765399424,405,622,60.19512246216016,0.17810943750120334,0.097026614268588,38.64589330152917,0,0,0,217,487.0,60.97104790027917,HIGH,622,True,135.0,0.0,0.0,0.0,False,False
29033,"Carroll County, Missouri",MO,12,519.0,492.5,65.90489014826248,488,722,60.07072121402377,0.24462323832748847,0.11214193504926077,36.5624398478615,0,0,0,234,488.0,60.9644415108801,HIGH,533,True,45.0,0.0,0.0,0.0,False,False
17019,"Champaign County, Illinois",IL,12,480.75,489.0,30.16658295652207,406,513,60.459784287005625,0.15614865601184208,0.09004102736600339,40.039770529937435,0,0,0,107,489.0,60.939158793410776,HIGH,457,True,-32.0,0.0,0.0,0.0,False,False
21103,"Henry County, Kentucky",KY,12,532.6666666666666,490.0,80.8751375812609,486,698,59.90948927437203,0.23373229745072518,0.11621435290314863,38.765757411782715,0,0,0,212,490.0,60.926682134540165,HIGH,698,True,208.0,0.0,0.0,0.0,False,False
55005,"Barron County, Wisconsin",WI,12,498.75,491.0,49.4021070584867,464,652,60.256079403787595,0.20434835271688104,0.11610496089377924,39.12010847086574,0,0,0,188,491.0,60.90711473137763,MEDIUM,473,True,-18.0,0.0,0.0,0.0,False,False
01125,"Tuscaloosa County, Alabama",AL,12,482.8333333333333,492.0,24.932028810469088,424,504,60.42876063292533,0.20955141701499827,0.1125391676421245,40.39130297006865,0,0,0,80,492.0,60.9064862595032,HIGH,459,True,-33.0,0.0,0.0,0.0,False,False
17033,"Crawford County, Illinois",IL,12,531.3333333333334,495.5,78.56593447930254,493,703,59.92281277814876,0.14951111194341207,0.1040133071931848,39.004097840488654,0,0,0,210,493.0,60.89751428840388,MEDIUM,703,True,210.0,0.0,0.0,0.0,False,False
20141,"Osborne County, Kansas",KS,12,590.8333333333334,494.0,237.33092865652736,488,1314,59.39822607779336,0.1781453822891164,0.11343694041398639,38.41367202428688,0,0,0,826,494.0,60.89648812959019,HIGH,671,True,177.0,0.0,0.0,0.0,False,False
42113,"Sullivan County, Pennsylvania",PA,12,521.0833333333334,496.0,45.35407836394015,495,610,60.026515615562865,0.19516096401677138,0.10510742132734031,35.97856073946281,0,0,0,115,495.0,60.8952064176291,HIGH,610,True,115.0,0.0,0.0,0.0,False,False
24041,"Talbot County, Maryland",MD,12,484.75,496.0,40.990298186943534,357,511,60.43790108335236,0.2049228718220973,0.11979273518039885,38.33776454605019,0,0,0,154,496.0,60.87972917117087,HIGH,511,True,15.0,0.0,0.0,0.0,False,False
40037,"Creek County, Oklahoma",OK,12,537.9166666666666,501.5,63.8570254315819,497,655,59.87447861597636,0.16063750752730274,0.09720412752280687,40.053104578158695,0,0,0,158,497.0,60.873251098498656,HIGH,655,True,158.0,0.0,0.0,0.0,False,False
29089,"Howard County, Missouri",MO,12,492.0,498.0,41.6347756743632,374,543,60.3608270037951,0.25696637790890403,0.13491203732161566,38.96244522555298,0,0,0,169,498.0,60.86520672704401,HIGH,543,True,45.0,0.0,0.0,0.0,False,False
20007,"Barber County, Kansas",KS,12,618.0833333333334,499.0,329.40095996253933,476,1644,59.17675449964787,0.20461584290334645,0.14468164674549147,43.045026010939715,0,0,0,1168,499.0,60.85725862214258,HIGH,664,True,165.0,0.0,0.0,0.0,False,False
24017,"Charles County, Maryland",MD,12,480.75,500.0,57.86052980306098,366,577,60.53267712069513,0.25577811251876825,0.13531238677125704,41.36810951007304,0,0,0,211,500.0,60.854443385367674,MEDIUM,375,True,-125.0,0.0,0.0,0.0,False,False
54057,"Mineral County, West Virginia",WV,12,527.1666666666666,501.0,78.89790103595143,497,777,59.99698348740756,0.20278812414487404,0.12554397378429508,38.33409217216459,0,0,0,280,501.0,60.84412915998614,MEDIUM,506,True,5.0,0.0,0.0,0.0,False,False
34005,"Burlington County, New Jersey",NJ,12,472.9166666666667,502.0,83.80763507562838,297,581,60.63387022952589,0.21683395454259294,0.1239197723830776,43.88189244219868,0,0,0,284,502.0,60.83742986700689,MEDIUM,306,True,-196.0,0.0,0.0,0.0,False,False
21141,"Logan County, Kentucky",KY,12,525.0,507.5,43.85513341984867,503,659,60.01562385266589,0.20541129191978758,0.11289780560961864,38.17808128176205,0,0,0,156,503.0,60.83485493580036,HIGH,536,True,33.0,0.0,0.0,0.0,False,False
18005,"Bartholomew County, Indiana",IN,12,467.4166666666667,504.0,92.42634249973752,209,531,60.72312173374704,0.18587656672287553,0.08583431685286357,37.29448182379585,0,0,0,322,504.0,60.82041774995461,HIGH,405,True,-99.0,0.0,0.0,0.0,False,False
47077,"Henderson County, Tennessee",TN,12,514.9166666666666,505.0,46.282646135817835,489,660,60.105192323899296,0.25700630660492024,0.11932254430417304,39.8481274585812,0,0,0,171,505.0,60.81883014110096,HIGH,503,True,-2.0,0.0,0.0,0.0,False,False
01033,"Colbert County, Alabama",AL,12,512.5,506.0,19.500582741875373,492,556,60.138103277934164,0.18654391185132257,0.13587802533389073,47.01018635819199,0,0,0,64,506.0,60.80836716307087,HIGH,556,True,50.0,0.0,0.0,0.0,False,False
45041,"Florence County, South Carolina",SC,12,549.5,507.0,114.36425061260104,495,903,59.78597371851772,0.16845608057913183,0.11679485376819902,39.21090615460432,0,0,0,408,507.0,60.80785463598928,HIGH,576,True,69.0,0.0,0.0,0.0,False,False
55047,"Green Lake County, Wisconsin",WI,12,511.75,508.0,77.1894069510483,412,729,60.18954187395533,0.22331774533753113,0.10727011233249145,37.71836240488841,0,0,0,317,508.0,60.796802241334035,MEDIUM,421,True,-87.0,0.0,0.0,0.0,False,False
42085,"Mercer County, Pennsylvania",PA,12,486.75,509.0,39.71060082876887,404,518,60.44080379038815,0.19684773917290374,0.1419172179612077,42.01026504120886,0,0,0,114,509.0,60.786551905008025,MEDIUM,436,True,-73.0,0.0,0.0,0.0,False,False
29097,"Jasper County, Missouri",MO,12,495.6666666666667,510.0,31.442106491233385,412,519,60.33356529229164,0.23385951741053035,0.11021508807150882,41.64370513527,0,0,0,107,510.0,60.77609910935754,HIGH,472,True,-38.0,0.0,0.0,0.0,False,False
29221,"Washington County, Missouri",MO,12,513.4166666666666,511.0,38.75906541075456,420,579,60.129011829786585,0.2288909790639193,0.12110191244797702,38.15028392500152,0,0,0,159,511.0,60.765400231602456,HIGH,579,True,68.0,0.0,0.0,0.0,False,False
19147,"Palo Alto County, Iowa",IA,12,502.3333333333333,512.0,28.062700360356477,432,527,60.2447463161805,0.19053613025222263,0.08946213234953167,38.2224869182015,0,0,0,95,512.0,60.76431411978186,HIGH,479,True,-33.0,0.0,0.0,0.0,False,False
51009,"Amherst County, Virginia",VA,12,528.1666666666666,513.0,37.20907351057201,491,604,59.9721026388928,0.2440818088341863,0.11728657652871893,37.51548247058693,0,0,0,113,513.0,60.752802436492715,HIGH,604,True,91.0,0.0,0.0,0.0,False,False
21149,"McLean County, Kentucky",KY,12,530.1666666666666,514.0,44.44983553161783,478,609,59.959868658718186,0.1844433981792589,0.14892291469750626,40.063603291135784,0,0,0,131,514.0,60.74476005280201,HIGH,609,True,95.0,0.0,0.0,0.0,False,False
47151,"Scott County, Tennessee",TN,12,503.8333333333333,515.0,38.914436053132434,381,524,60.270009874910464,0.22284984183878132,0.13948434372382804,39.526613252874,0,0,0,143,515.0,60.740591359917104,HIGH,521,True,6.0,0.0,0.0,0.0,False,False
39103,"Medina County, Ohio",OH,12,500.1666666666667,516.0,47.91438070963537,358,532,60.30159240908279,0.178642996062271,0.09096630140616363,37.73178314539614,0,0,0,174,516.0,60.732216191160695,HIGH,484,True,-32.0,0.0,0.0,0.0,False,False
05009,"Boone County, Arkansas",AR,12,528.9166666666666,521.5,13.674517331241512,517,552,59.97771550786132,0.23037793124472516,0.08212006977317853,37.805721841272025,0,0,0,35,517.0,60.73059560232532,HIGH,552,True,35.0,0.0,0.0,0.0,False,False
44003,"Kent County, Rhode Island",RI,12,503.5833333333333,518.0,34.723474724884525,437,533,60.265780608166615,0.18576372882386605,0.09150516860702095,36.377593805360384,0,0,0,96,518.0,60.726895615294744,HIGH,446,True,-72.0,0.0,0.0,0.0,False,False
20143,"Ottawa County, Kansas",KS,12,583.25,520.5,151.63000722452364,519,1044,59.495538058287934,0.17396176648762504,0.10391842839872435,37.848803608522104,0,0,0,525,519.0,60.72506943463995,HIGH,639,True,120.0,0.0,0.0,0.0,False,False
21093,"Hardin County, Kentucky",KY,12,522.3333333333334,520.0,32.80890492570947,428,560,60.06355704243345,0.1743745173408939,0.08289178981092454,39.20767925454039,0,0,0,132,520.0,60.71770122112148,HIGH,560,True,40.0,0.0,0.0,0.0,False,False
27061,"Itasca County, Minnesota",MN,12,551.5833333333334,521.0,106.6510523609447,511,890,59.81249481655377,0.16376792406698992,0.10691498757647766,40.35417071504388,0,0,0,379,521.0,60.712669283996775,HIGH,520,True,-1.0,0.0,0.0,0.0,False,False
47071,"Hardin County, Tennessee",TN,12,515.75,522.0,76.6018335883085,400,713,60.183660958767746,0.21837217345652404,0.1364676080220394,39.26269180268183,0,0,0,313,522.0,60.71130545509359,MEDIUM,409,True,-113.0,0.0,0.0,0.0,False,False
51127,"New Kent County, Virginia",VA,12,481.1666666666667,523.0,90.65602655927046,217,532,60.61097731173097,0.2543083438911539,0.1278040300146848,37.36889340288769,0,0,0,315,523.0,60.703822245642925,MEDIUM,434,True,-89.0,0.0,0.0,0.0,False,False
05033,"Crawford County, Arkansas",AR,12,517.75,524.0,26.499142353188436,461,559,60.1190707184903,0.21877485553258527,0.11079803456013348,41.45854853211861,0,0,0,98,524.0,60.68412672778509,HIGH,470,True,-54.0,0.0,0.0,0.0,False,False
47073,"Hawkins County, Tennessee",TN,12,516.5,525.0,42.3910367884533,434,599,60.13352988490163,0.21504961913533763,0.12403016920461363,39.18117562415986,0,0,0,165,525.0,60.65372699908582,MEDIUM,443,True,-82.0,0.0,0.0,0.0,False,False
53023,"Garfield County, Washington",WA,12,607.3333333333334,530.5,215.8182456408984,526,1288,59.22002709465334,0.13187406481141575,0.02791859367219107,18.53694908955739,0,0,0,762,526.0,60.62949020195921,MEDIUM,571,True,45.0,0.0,0.0,0.0,False,False
36025,"Delaware County, New York",NY,12,536.5,527.0,33.203230949028814,516,641,59.92000252302077,0.21198571025803548,0.12441631741035715,39.89162517674344,0,0,0,125,527.0,60.6257061299784,HIGH,525,True,-2.0,0.0,0.0,0.0,False,False
55073,"Marathon County, Wisconsin",WI,12,532.5833333333334,528.0,26.814034091169944,501,585,59.910332118131386,0.1757644571507212,0.05800541192475441,36.74579945947744,0,0,0,84,528.0,60.60669912367688,HIGH,510,True,-18.0,0.0,0.0,0.0,False,False
21043,"Carter County, Kentucky",KY,12,529.6666666666666,529.0,46.075695295564415,407,598,59.97487171144869,0.20450974316140055,0.14088384329875606,39.587374413046376,0,0,0,191,529.0,60.60115011086299,HIGH,598,True,69.0,0.0,0.0,0.0,False,False
26045,"Eaton County, Michigan",MI,12,505.0833333333333,530.0,53.346991622316565,369,539,60.24302258972846,0.22053238438942288,0.09195033507225647,35.467503403839174,0,0,0,170,530.0,60.59911938250629,HIGH,455,True,-75.0,0.0,0.0,0.0,False,False
40143,"Tulsa County, Oklahoma",OK,12,521.25,531.0,18.429842400549454,490,540,60.064788012201085,0.20430315426462506,0.13251640214073704,45.767897136883185,0,0,0,50,531.0,60.59559011113092,HIGH,532,True,1.0,0.0,0.0,0.0,False,False
39143,"Sandusky County, Ohio",OH,12,517.4166666666666,532.0,29.7365961655861,457,541,60.1051697045882,0.19435548250382972,0.11495187555951537,36.94169958328477,0,0,0,84,532.0,60.59027017639311,MEDIUM,466,True,-66.0,0.0,0.0,0.0,False,False
36099,"Seneca County, New York",NY,12,517.25,533.0,55.25827786610141,344,544,60.13451612631322,0.1999244963794672,0.10531306424257268,37.194719276931025,0,0,0,200,533.0,60.57112403498925,HIGH,522,True,-11.0,0.0,0.0,0.0,False,False
26133,"Osceola County, Michigan",MI,12,544.4166666666666,534.0,97.43292175863479,467,843,59.86693228849011,0.2379927616193923,0.13226346312531118,43.10525234927957,0,0,0,376,534.0,60.56952204770239,MEDIUM,476,True,-58.0,0.0,0.0,0.0,False,False
39015,"Brown County, Ohio",OH,12,525.5833333333334,535.0,16.833183317663384,491,544,60.032559705797205,0.21113769222602455,0.1253233285649872,40.7497547743918,0,0,0,53,535.0,60.56526320285715,HIGH,500,True,-35.0,0.0,0.0,0.0,False,False
13257,"Stephens County, Georgia",GA,12,522.8333333333334,536.0,47.83272621301964,390,573,60.063077566076764,0.2599080007279458,0.13128020746213157,39.893668467415765,0,0,0,183,536.0,60.541287555226745,HIGH,573,True,37.0,0.0,0.0,0.0,False,False
18027,"Daviess County, Indiana",IN,12,538.4166666666666,537.0,19.74592401361646,510,574,59.86526394841197,0.17800730007931298,0.06509316407456113,37.50112179983164,0,0,0,64,537.0,60.51421297260006,HIGH,519,True,-18.0,0.0,0.0,0.0,False,False
40065,"Jackson County, Oklahoma",OK,12,613.0833333333334,538.0,141.66827984821273,530,935,59.16948887419289,0.21845210126141332,0.12850871908057898,40.63271878729727,0,0,0,405,538.0,60.46561888148375,HIGH,798,True,260.0,0.0,0.0,0.0,False,False
51167,"Russell County, Virginia",VA,12,516.8333333333334,539.0,83.68972276791037,253,562,60.156624031041126,0.21983531252812658,0.14084018527308254,38.37705946848686,0,0,0,309,539.0,60.45475818586438,MEDIUM,562,True,23.0,0.0,0.0,0.0,False,False
01001,"Autauga County, Alabama",AL,12,562.3333333333334,540.0,62.36451982764987,537,758,59.6232667734374,0.16380123126861754,0.09466929631475639,38.14015549289797,0,0,0,221,540.0,60.4382991084081,HIGH,568,True,28.0,0.0,0.0,0.0,False,False
39091,"Logan County, Ohio",OH,12,518.0,541.0,63.46795898862527,339,565,60.06418694241167,0.24268682411220718,0.08787705225206056,37.836920527920725,0,0,0,226,541.0,60.433222563667535,HIGH,480,True,-61.0,0.0,0.0,0.0,False,False
39043,"Erie County, Ohio",OH,12,538.0833333333334,542.0,46.92054857722659,443,605,59.840598534414795,0.18075412305862457,0.07687718636878528,35.97667545292626,0,0,0,162,542.0,60.42082096149085,HIGH,452,True,-90.0,0.0,0.0,0.0,False,False
39059,"Guernsey County, Ohio",OH,12,508.4166666666667,543.0,85.77397182376623,260,558,60.20980022372738,0.18399813744876223,0.09689847518413529,39.31100176174876,0,0,0,298,543.0,60.40694223565646,MEDIUM,462,True,-81.0,0.0,0.0,0.0,False,False
36019,"Clinton County, New York",NY,12,523.5833333333334,544.0,54.56682031040364,404,573,60.027064394401954,0.22068126519081602,0.11124638189969276,36.586415926538194,0,0,0,169,544.0,60.405991875438225,MEDIUM,413,True,-131.0,0.0,0.0,0.0,False,False
40135,"Sequoyah County, Oklahoma",OK,12,574.5833333333334,545.0,64.5606949570196,517,695,59.4985374941827,0.23540996312971155,0.12799396219921869,41.490504009553234,0,0,0,178,545.0,60.38215995937682,HIGH,695,True,150.0,0.0,0.0,0.0,False,False
51650,"Hampton city, Virginia",VA,12,545.5833333333334,546.0,11.106577357856924,527,562,59.746826292039,0.18883574134992998,0.10571146933696036,37.26160217661192,0,0,0,35,546.0,60.36179044250239,HIGH,537,True,-9.0,0.0,0.0,0.0,False,False
29207,"Stoddard County, Missouri",MO,12,547.6666666666666,547.0,22.600616778926167,510,597,59.7686527937667,0.19051059649501378,0.12807931832986,38.140364456502546,0,0,0,87,547.0,60.357629868844775,HIGH,563,True,16.0,0.0,0.0,0.0,False,False
17173,"Shelby County, Illinois",IL,12,512.75,548.0,63.76537247811485,399,557,60.144197970030724,0.21057339199592737,0.11325280523498589,37.50536978338114,0,0,0,158,548.0,60.35343540817063,MEDIUM,416,True,-132.0,0.0,0.0,0.0,False,False
55015,"Calumet County, Wisconsin",WI,12,609.0,549.0,177.31379477689214,547,1169,59.17938994113763,0.17996383457794737,0.09121053631429694,35.357094671732,0,0,0,622,549.0,60.35329456954876,HIGH,601,True,52.0,0.0,0.0,0.0,False,False
01095,"Marshall County, Alabama",AL,12,558.6666666666666,551.5,13.068583656535953,550,584,59.62193854000437,0.24782560052700098,0.11207241418887727,42.32736091904148,0,0,0,34,550.0,60.35229954856538,HIGH,584,True,34.0,0.0,0.0,0.0,False,False
37023,"Burke County, North Carolina",NC,12,558.25,551.0,25.19785344393085,535,632,59.63336701117506,0.23127496347399545,0.11861406210539072,40.72350686964776,0,0,0,97,551.0,60.29196612082048,HIGH,570,True,19.0,0.0,0.0,0.0,False,False
54011,"Cabell County, West Virginia",WV,12,591.6666666666666,552.0,117.16758265084428,446,838,59.304445725048886,0.16518365336855992,0.10903351519371723,38.087972406508875,0,0,0,392,552.0,60.28104790006369,HIGH,838,True,286.0,0.0,0.0,0.0,False,False
18049,"Fulton County, Indiana",IN,12,535.1666666666666,553.0,68.56295492376904,321,575,59.88468940701781,0.2366244151418155,0.09624480219996108,39.43010098063344,0,0,0,254,553.0,60.280811236324254,HIGH,540,True,-13.0,0.0,0.0,0.0,False,False
39157,"Tuscarawas County, Ohio",OH,12,553.9166666666666,554.0,34.0573268938053,503,645,59.67455482131262,0.17944756463063719,0.09728075956468728,39.4323664522818,0,0,0,142,554.0,60.268141921351194,HIGH,512,True,-42.0,0.0,0.0,0.0,False,False
17043,"DuPage County, Illinois",IL,12,537.5833333333334,555.0,50.281857081010344,418,587,59.825789508343554,0.13768092210420715,0.07697212036537122,39.62568229632728,0,0,0,169,555.0,60.26296367908023,HIGH,487,True,-68.0,0.0,0.0,0.0,False,False
17081,"Jefferson County, Illinois",IL,12,548.0,556.0,75.45739315546344,316,611,59.736043206959515,0.20121739303094163,0.1046548535820603,36.90604476700014,0,0,0,295,556.0,60.249523520211525,HIGH,611,True,55.0,0.0,0.0,0.0,False,False
21083,"Graves County, Kentucky",KY,12,579.75,557.0,48.18171097758227,541,678,59.41416808393328,0.18805864011825266,0.1346916662695966,43.0423233885354,0,0,0,137,557.0,60.23416950658765,HIGH,678,True,121.0,0.0,0.0,0.0,False,False
21205,"Rowan County, Kentucky",KY,12,563.3333333333334,558.0,110.46293770337907,264,716,59.631710377246094,0.21009212179037837,0.09161602020408037,36.36070810422952,0,0,0,452,558.0,60.225436575845194,HIGH,716,True,158.0,0.0,0.0,0.0,False,False
21145,"McCracken County, Kentucky",KY,12,565.0,559.0,20.993505489252435,513,595,59.51841527413496,0.1969144711112001,0.09171574664754328,38.077505382095694,0,0,0,82,559.0,60.19855769050264,HIGH,595,True,36.0,0.0,0.0,0.0,False,False
51177,"Spotsylvania County, Virginia",VA,12,551.0833333333334,560.0,55.725721714537386,377,591,59.676160286824974,0.2401432104755579,0.11421568177270502,38.547759994009326,0,0,0,214,560.0,60.18946775117489,HIGH,591,True,31.0,0.0,0.0,0.0,False,False
34041,"Warren County, New Jersey",NJ,12,551.75,561.0,68.36283546436084,433,708,59.69480975170374,0.20793645266020508,0.1094304777452571,39.3231635058478,0,0,0,275,561.0,60.18036191947662,MEDIUM,442,True,-119.0,0.0,0.0,0.0,False,False
55103,"Richland County, Wisconsin",WI,12,601.5,566.5,65.16203579608994,562,752,59.191252060512426,0.208336377766035,0.09791408872263896,37.91539331650134,0,0,0,190,562.0,60.17354378514904,HIGH,686,True,124.0,0.0,0.0,0.0,False,False
27099,"Mower County, Minnesota",MN,12,586.0,563.0,159.09002597157487,454,1075,59.40871799080123,0.15888528505086222,0.11664032012579638,39.82406378160519,0,0,0,621,563.0,60.171396789746304,MEDIUM,463,True,-100.0,0.0,0.0,0.0,False,False
20139,"Osage County, Kansas",KS,12,588.1666666666666,564.0,108.68288594332456,522,930,59.34460076091961,0.19020892531816957,0.12381870314216481,40.366836322899815,0,0,0,408,564.0,60.16249276260606,MEDIUM,531,True,-33.0,0.0,0.0,0.0,False,False
34001,"Atlantic County, New Jersey",NJ,12,554.1666666666666,565.0,84.04093519160047,392,709,59.686191093043554,0.22275487199927335,0.08848021488960874,38.9725801852114,0,0,0,317,565.0,60.14046875964048,MEDIUM,401,True,-164.0,0.0,0.0,0.0,False,False
01051,"Elmore County, Alabama",AL,12,591.9166666666666,566.0,53.93844696138424,560,739,59.27152480009385,0.16067281727750682,0.09421838784811513,40.3364328756605,0,0,0,179,566.0,60.12856656849464,HIGH,641,True,75.0,0.0,0.0,0.0,False,False
21211,"Shelby County, Kentucky",KY,12,599.0,569.5,64.41343733329957,567,783,59.19844703636705,0.1980588515277227,0.08427739116826492,39.67432439646765,0,0,0,216,567.0,60.09721824747214,HIGH,646,True,79.0,0.0,0.0,0.0,False,False
27127,"Redwood County, Minnesota",MN,12,568.0833333333334,568.0,9.070013865212742,549,581,59.5010926627553,0.2210885495733431,0.11295223030572062,39.09589093595691,0,0,0,32,568.0,60.08294108382938,HIGH,558,True,-10.0,0.0,0.0,0.0,False,False
29065,"Dent County, Missouri",MO,12,635.9166666666666,569.0,189.44966149989352,568,1232,58.85543205536161,0.24533500548066756,0.1359409846435961,42.20828893608953,0,0,0,664,569.0,60.06789431746299,HIGH,640,True,71.0,0.0,0.0,0.0,False,False
31061,"Franklin County, Nebraska",NE,12,625.9166666666666,570.0,216.02081479395088,546,1311,58.99474287633246,0.1920271492967162,0.12902386345889696,38.12232494541952,0,0,0,765,570.0,60.06578325992661,MEDIUM,559,True,-11.0,0.0,0.0,0.0,False,False
39135,"Preble County, Ohio",OH,12,545.5,571.0,72.07760968693272,345,603,59.731511749543216,0.2410063141248958,0.08948089771271094,37.28769093084387,0,0,0,258,571.0,60.040980816494205,HIGH,499,True,-72.0,0.0,0.0,0.0,False,False
34037,"Sussex County, New Jersey",NJ,12,539.8333333333334,572.0,69.45480326780644,388,581,59.80415090610389,0.21913568231356093,0.11511881768746253,38.400286788584,0,0,0,193,572.0,60.027133279226874,MEDIUM,397,True,-175.0,0.0,0.0,0.0,False,False
40101,"Muskogee County, Oklahoma",OK,12,615.3333333333334,573.0,89.10191645049795,570,867,59.037197256225056,0.20595991665231272,0.1067461285475302,40.18664134171871,0,0,0,297,573.0,60.026168440122355,HIGH,683,True,110.0,0.0,0.0,0.0,False,False
13267,"Tattnall County, Georgia",GA,12,556.6666666666666,574.0,34.47352959045885,456,583,59.619030957603684,0.2071629952628288,0.13801016533912086,39.662532053133674,0,0,0,127,574.0,60.02296807843841,MEDIUM,547,True,-27.0,0.0,0.0,0.0,False,False
54051,"Marshall County, West Virginia",WV,12,575.0,575.0,53.72658052161385,425,647,59.43560938224178,0.14987072982902677,0.12754427327720405,39.15111638221754,0,0,0,222,575.0,60.02187066485429,HIGH,647,True,72.0,0.0,0.0,0.0,False,False
21187,"Owen County, Kentucky",KY,12,607.6666666666666,580.5,56.13835722137895,576,764,59.10131735670239,0.14684698562745943,0.09206002480902964,37.45266590767686,0,0,0,188,576.0,60.01698565221648,HIGH,653,True,77.0,0.0,0.0,0.0,False,False
05055,"Greene County, Arkansas",AR,12,574.3333333333334,577.0,54.197170897873754,411,627,59.42142991079757,0.18914101002883832,0.08237846803271054,40.20090757427459,0,0,0,216,577.0,60.00186575638588,HIGH,627,True,50.0,0.0,0.0,0.0,False,False
18157,"Tippecanoe County, Indiana",IN,12,580.5833333333334,578.0,31.61834431101189,521,627,59.35049782836584,0.16921480070012343,0.0778006809691732,38.15216712203254,0,0,0,106,578.0,59.99077495041611,HIGH,530,True,-48.0,0.0,0.0,0.0,False,False
17111,"McHenry County, Illinois",IL,12,551.0,579.0,71.78376620733333,409,621,59.6558298367149,0.1508174720869372,0.06914669693889387,39.26148424329524,0,0,0,212,579.0,59.96041200594371,HIGH,454,True,-125.0,0.0,0.0,0.0,False,False
26059,"Hillsdale County, Michigan",MI,12,547.8333333333334,580.0,61.7205333938734,432,589,59.69212990156814,0.2449180787862072,0.10277138103737038,38.52296743472918,0,0,0,157,580.0,59.937230208970824,MEDIUM,441,True,-139.0,0.0,0.0,0.0,False,False
54017,"Doddridge County, West Virginia",WV,12,611.0,581.0,71.37990549931335,539,735,59.07403499671111,0.15749766205946034,0.14663442614856198,39.809526655372785,0,0,0,196,581.0,59.93394156229183,HIGH,726,True,145.0,0.0,0.0,0.0,False,False
19111,"Lee County, Iowa",IA,12,543.5833333333334,582.0,86.10929453932721,305,591,59.74533908055117,0.21011272855540256,0.0952720109146274,38.84070673328982,0,0,0,286,582.0,59.92852418273158,HIGH,481,True,-101.0,0.0,0.0,0.0,False,False
26021,"Berrien County, Michigan",MI,12,591.25,584.5,14.136509791702789,583,625,59.225199550264115,0.23791836895368898,0.09965331607414585,38.62872506380691,0,0,0,42,583.0,59.91518076701759,HIGH,625,True,42.0,0.0,0.0,0.0,False,False
51145,"Powhatan County, Virginia",VA,12,569.5833333333334,584.0,113.4167362456091,241,699,59.55241991659398,0.2386697232742406,0.13420890151761847,36.68541747387518,0,0,0,458,584.0,59.901188909185485,MEDIUM,699,True,115.0,0.0,0.0,0.0,False,False
05131,"Sebastian County, Arkansas",AR,12,600.0833333333334,589.5,20.90001449905255,585,644,59.141098188197496,0.17865076640304808,0.0809775928191133,41.311262276745886,0,0,0,59,585.0,59.89429042503268,HIGH,644,True,59.0,0.0,0.0,0.0,False,False
39105,"Meigs County, Ohio",OH,12,550.4166666666666,586.0,112.6365501258025,197,605,59.76484750372746,0.21287257763964473,0.13455662052477482,41.45109593660384,0,0,0,408,586.0,59.87675227087648,MEDIUM,605,True,19.0,0.0,0.0,0.0,False,False
51735,"Poquoson city, Virginia",VA,12,563.3333333333334,587.0,80.45815776858896,311,607,59.53993388893672,0.2283112957282927,0.12204744909527215,36.84927021979007,0,0,0,296,587.0,59.85684385889643,HIGH,607,True,20.0,0.0,0.0,0.0,False,False
26003,"Alger County, Michigan",MI,12,591.5,588.0,84.55175929571188,489,834,59.26740981232441,0.1700901535327083,0.10728401886239253,39.954903660080035,0,0,0,345,588.0,59.85091729817244,MEDIUM,498,True,-90.0,0.0,0.0,0.0,False,False
55137,"Waushara County, Wisconsin",WI,12,628.5,589.0,135.94350430835732,557,1057,58.90228628517887,0.20216810410245908,0.09102236261322094,37.48058833728188,0,0,0,500,589.0,59.838243019612754,MEDIUM,566,True,-23.0,0.0,0.0,0.0,False,False
55003,"Ashland County, Wisconsin",WI,12,643.0,591.5,171.68364140847177,590,1188,58.7467789830795,0.2042345835400876,0.08443015528679725,37.331789755510655,0,0,0,598,590.0,59.82676962544262,HIGH,602,True,12.0,0.0,0.0,0.0,False,False
13213,"Murray County, Georgia",GA,12,598.6666666666666,591.0,39.943900053889955,569,723,59.147439843126364,0.22676064107966956,0.10858380434054406,39.453547701993784,0,0,0,154,591.0,59.8103789622138,HIGH,578,True,-13.0,0.0,0.0,0.0,False,False
05065,"Izard County, Arkansas",AR,12,615.1666666666666,592.0,58.96043871388112,555,748,58.99435025268912,0.199576258405306,0.1274351992386429,39.651998184477534,0,0,0,193,592.0,59.77492509014989,HIGH,690,True,98.0,0.0,0.0,0.0,False,False
01017,"Chambers County, Alabama",AL,12,597.1666666666666,593.0,76.83492734821877,393,709,59.16408515358487,0.1795668193622699,0.11540077002657155,41.3370152664758,0,0,0,316,593.0,59.76467959082065,HIGH,709,True,116.0,0.0,0.0,0.0,False,False
45047,"Greenwood County, South Carolina",SC,12,620.1666666666666,594.0,98.9736726548423,563,932,58.95011856040059,0.24071586663006952,0.1138827402073581,38.6843230887325,0,0,0,369,594.0,59.76110769303666,MEDIUM,572,True,-22.0,0.0,0.0,0.0,False,False
05069,"Jefferson County, Arkansas",AR,12,558.5,595.0,112.30680380911113,207,613,59.64906528646475,0.23180025803496895,0.15490086188897537,42.79538178090862,0,0,0,406,595.0,59.75581911290505,MEDIUM,613,True,18.0,0.0,0.0,0.0,False,False
13235,"Pulaski County, Georgia",GA,12,631.3333333333334,596.0,96.69383108397852,593,934,58.83725280207555,0.20460235830270176,0.12157431386127547,39.56405285047169,0,0,0,341,596.0,59.74023632375862,HIGH,642,True,46.0,0.0,0.0,0.0,False,False
26029,"Charlevoix County, Michigan",MI,12,581.5833333333334,597.0,56.64957407098701,402,606,59.31080189256296,0.19977817528273165,0.100874013138134,37.86502485038859,0,0,0,204,597.0,59.73899897456532,HIGH,603,True,6.0,0.0,0.0,0.0,False,False
13233,"Polk County, Georgia",GA,12,584.25,598.0,25.484843980830494,537,611,59.30346280965409,0.25514813265982234,0.1330729704704492,42.373541017399376,0,0,0,74,598.0,59.73500759896404,MEDIUM,546,True,-52.0,0.0,0.0,0.0,False,False
17037,"DeKalb County, Illinois",IL,12,604.5833333333334,599.0,31.890318660095318,556,664,59.07616708357336,0.14137913245564135,0.058659831433171626,38.00834136722814,0,0,0,108,599.0,59.7203788546129,HIGH,565,True,-34.0,0.0,0.0,0.0,False,False
37103,"Jones County, North Carolina",NC,12,623.5833333333334,600.0,135.82907596971967,544,1049,58.961633239971206,0.2731336798656743,0.15200397476239993,42.98878293422738,0,0,0,505,600.0,59.71989609427974,MEDIUM,553,True,-47.0,0.0,0.0,0.0,False,False
13199,"Meriwether County, Georgia",GA,12,645.5833333333334,601.0,155.2051184332488,585,1138,58.70440387681352,0.17924186530567776,0.10888569884377754,40.17645585534351,0,0,0,553,601.0,59.698146577538935,HIGH,594,True,-7.0,0.0,0.0,0.0,False,False
13179,"Liberty County, Georgia",GA,12,617.1666666666666,602.0,73.25402047090328,565,846,58.97628426397202,0.2398490960021004,0.12531110148308572,40.737771013534605,0,0,0,281,602.0,59.69633580678682,MEDIUM,574,True,-28.0,0.0,0.0,0.0,False,False
20173,"Sedgwick County, Kansas",KS,12,611.9166666666666,603.0,31.756054063705232,577,704,58.960234930751426,0.17372711285217468,0.09180003708859419,43.34826324567616,0,0,0,127,603.0,59.64121335567876,HIGH,586,True,-17.0,0.0,0.0,0.0,False,False
51775,"Salem city, Virginia",VA,12,603.9166666666666,604.0,41.694687547659754,487,660,59.065540925659406,0.22135261047389165,0.10027702350644292,37.17829155194612,0,0,0,173,604.0,59.635734580717646,HIGH,660,True,56.0,0.0,0.0,0.0,False,False
39175,"Wyandot County, Ohio",OH,12,604.5833333333334,605.0,63.595966615006105,414,653,59.07517196210234,0.17450333033977597,0.07632154456093512,37.0373297467153,0,0,0,239,605.0,59.62682271038927,HIGH,650,True,45.0,0.0,0.0,0.0,False,False
51700,"Newport News city, Virginia",VA,12,592.9166666666666,606.0,49.63403951712855,441,627,59.14730717827746,0.23710132227561428,0.09463074813363281,37.270523688506046,0,0,0,186,606.0,59.61028459630744,HIGH,589,True,-17.0,0.0,0.0,0.0,False,False
55021,"Columbia County, Wisconsin",WI,12,622.5,607.0,63.2807596782351,566,815,58.87450821596898,0.1816042532884252,0.06869387794803199,37.082770505490394,0,0,0,249,607.0,59.59829164783146,HIGH,575,True,-32.0,0.0,0.0,0.0,False,False
37153,"Richmond County, North Carolina",NC,12,596.5,608.0,49.38071025668366,462,654,59.15852277855839,0.20450178396062568,0.13108711786580238,40.49281123375275,0,0,0,192,608.0,59.59641699422318,MEDIUM,654,True,46.0,0.0,0.0,0.0,False,False
40059,"Harper County, Oklahoma",OK,12,642.4166666666666,609.0,93.51855268859596,549,834,58.7243423079307,0.19361778380734207,0.14006143028285462,40.08374667545414,0,0,0,285,609.0,59.573679084699634,MEDIUM,834,True,225.0,0.0,0.0,0.0,False,False
05067,"Jackson County, Arkansas",AR,12,606.75,610.0,42.18600586579739,483,656,59.033999769326954,0.20349681716183407,0.12618286298510487,41.523855078126445,0,0,0,173,610.0,59.567481355904015,HIGH,656,True,46.0,0.0,0.0,0.0,False,False
51159,"Richmond County, Virginia",VA,12,621.25,611.0,40.183952020676124,558,705,58.89521381589938,0.1979141966714204,0.10802490024827355,40.312028938770126,0,0,0,147,611.0,59.56305931918168,HIGH,705,True,94.0,0.0,0.0,0.0,False,False
21037,"Campbell County, Kentucky",KY,12,622.5,612.0,39.59683182918919,548,701,58.87403958854882,0.17397223510606452,0.08886235064357784,39.5639240217535,0,0,0,153,612.0,59.554021242146135,HIGH,701,True,89.0,0.0,0.0,0.0,False,False
21045,"Casey County, Kentucky",KY,12,596.5,613.0,82.8212752640506,347,674,59.17423395271473,0.2584783943382854,0.1359955291120704,38.557936184231906,0,0,0,327,613.0,59.539407736358896,HIGH,674,True,61.0,0.0,0.0,0.0,False,False
17197,"Will County, Illinois",IL,12,590.0833333333334,614.0,55.508325883818934,449,629,59.20226450598247,0.15636794134657903,0.08522511854392274,43.25579420172721,0,0,0,180,614.0,59.53861894365815,HIGH,538,True,-76.0,0.0,0.0,0.0,False,False
20065,"Graham County, Kansas",KS,12,745.0833333333334,615.0,295.77401027053605,598,1610,57.80423717087853,0.16454803182276231,0.1095920170909731,38.41264433073856,0,0,0,1012,615.0,59.532429715341266,MEDIUM,915,True,300.0,0.0,0.0,0.0,False,False
18113,"Noble County, Indiana",IN,12,583.8333333333334,616.0,95.73242381605601,314,663,59.29963618790547,0.232451122075964,0.08101355492714075,37.38867032600834,0,0,0,349,616.0,59.52371731874958,MEDIUM,527,True,-89.0,0.0,0.0,0.0,False,False
17089,"Kane County, Illinois",IL,12,596.75,617.0,61.02924038375522,485,665,59.14122405126952,0.1380524704162424,0.06916414388363079,40.90078471871162,0,0,0,180,617.0,59.519631958673,HIGH,494,True,-123.0,0.0,0.0,0.0,False,False
55077,"Marquette County, Wisconsin",WI,12,655.3333333333334,622.5,79.97992172281666,618,902,58.593694217605496,0.209388090496472,0.09056050353605492,37.15471249794801,0,0,0,284,618.0,59.51736646772874,HIGH,670,True,52.0,0.0,0.0,0.0,False,False
37131,"Northampton County, North Carolina",NC,12,646.25,619.0,70.31891637390326,571,777,58.693650258671404,0.26940265753496034,0.14610414812189584,45.36693957173719,0,0,0,206,619.0,59.51396523086265,HIGH,777,True,158.0,0.0,0.0,0.0,False,False
18155,"Switzerland County, Indiana",IN,12,651.3333333333334,620.0,59.859431296592824,611,780,58.617236305887,0.1849387938063515,0.09310726481761959,38.60132431092053,0,0,0,169,620.0,59.495729040959475,HIGH,737,True,117.0,0.0,0.0,0.0,False,False
29123,"Madison County, Missouri",MO,12,623.5833333333334,621.0,35.26383244611793,526,672,58.863108248073246,0.1977302633852829,0.11735496390143119,38.82504258806414,0,0,0,146,621.0,59.48559130080968,HIGH,672,True,51.0,0.0,0.0,0.0,False,False
21163,"Meade County, Kentucky",KY,12,616.0833333333334,622.0,102.55150221259855,325,744,58.993523725789295,0.22734377588390356,0.10979233456862462,39.145540070775326,0,0,0,419,622.0,59.477571678729056,HIGH,744,True,122.0,0.0,0.0,0.0,False,False
26083,"Keweenaw County, Michigan",MI,12,711.1666666666666,627.5,151.24503497986507,623,1027,58.08936647623673,0.1661584042111359,0.07559726663646454,32.56270784093664,0,0,0,404,623.0,59.46890650773544,HIGH,928,True,305.0,0.0,0.0,0.0,False,False
55091,"Pepin County, Wisconsin",WI,12,638.0,624.0,53.43475205587397,587,798,58.73759474445523,0.2042698070597726,0.08260345017385712,38.34248923736119,0,0,0,211,624.0,59.462356369906146,HIGH,596,True,-28.0,0.0,0.0,0.0,False,False
47013,"Campbell County, Tennessee",TN,12,599.6666666666666,625.0,53.73222045617987,481,634,59.119548957909835,0.22715662278325466,0.12839064286639865,41.07861748184911,0,0,0,153,625.0,59.45455697188908,MEDIUM,490,True,-135.0,0.0,0.0,0.0,False,False
26149,"St. Joseph County, Michigan",MI,12,608.3333333333334,626.0,57.64205114849802,482,650,59.0370074494168,0.22484686046514094,0.07391003809037079,38.061468981557226,0,0,0,168,626.0,59.44307239290956,MEDIUM,491,True,-135.0,0.0,0.0,0.0,False,False
54003,"Berkeley County, West Virginia",WV,12,605.5833333333334,627.0,80.81343085193578,350,645,59.09279007147314,0.1818672308004509,0.1295897520146708,41.19490370032107,0,0,0,295,627.0,59.43763008654789,HIGH,645,True,18.0,0.0,0.0,0.0,False,False
37171,"Surry County, North Carolina",NC,12,612.75,628.0,25.01681252859582,553,637,58.97780022112894,0.23961538334927165,0.12312802898824543,41.33033409231687,0,0,0,84,628.0,59.423789835329195,MEDIUM,592,True,-36.0,0.0,0.0,0.0,False,False
20041,"Dickinson County, Kansas",KS,12,631.25,629.0,23.95877140574465,590,688,58.79677581550055,0.18908230729875056,0.10499286929679437,41.26459459793269,0,0,0,98,629.0,59.42307204427699,MEDIUM,599,True,-30.0,0.0,0.0,0.0,False,False
26141,"Presque Isle County, Michigan",MI,12,630.3333333333334,630.0,29.398000344282355,579,700,58.801133281727594,0.1702144498476779,0.08072651007653543,34.533937089091594,0,0,0,121,630.0,59.416058263058986,HIGH,588,True,-42.0,0.0,0.0,0.0,False,False
09001,"Fairfield County, Connecticut",CT,12,639.6666666666666,651.0,166.9944655225182,391,1071,58.854437369215496,0.13434740689396463,0.10777691785917394,39.70326113507792,0,0,0,680,631.0,59.413295834765826,MEDIUM,400,True,-231.0,0.0,0.0,0.0,False,False
05085,"Lonoke County, Arkansas",AR,12,634.9166666666666,631.5,25.942097529737715,575,682,58.76644976178813,0.19570679919432776,0.08845782184327343,39.88061676764097,0,0,0,107,632.0,59.40212022823721,HIGH,682,True,50.0,0.0,0.0,0.0,False,False
31067,"Gage County, Nebraska",NE,12,654.0,636.5,55.504299587755106,632,829,58.6127998996917,0.16515161273133042,0.09031278263614091,39.22244134824285,0,0,0,197,633.0,59.39926814349632,HIGH,649,True,16.0,0.0,0.0,0.0,False,False
18081,"Johnson County, Indiana",IN,12,624.4166666666666,634.0,61.89941743496363,431,662,58.895163963249985,0.18487539272194975,0.086549481446079,41.05080540007698,0,0,0,231,634.0,59.38937687968631,HIGH,652,True,18.0,0.0,0.0,0.0,False,False
05115,"Pope County, Arkansas",AR,12,666.3333333333334,639.0,49.1256891385081,634,768,58.47977116646475,0.19938842845397464,0.08061818243082768,37.9628509774989,0,0,0,134,635.0,59.37437851642457,HIGH,768,True,133.0,0.0,0.0,0.0,False,False
21161,"Mason County, Kentucky",KY,12,652.4166666666666,635.5,48.54886635383388,614,759,58.61188011090412,0.21706121722445007,0.10613764521830744,39.30274492533105,0,0,0,145,636.0,59.373889626340535,HIGH,759,True,123.0,0.0,0.0,0.0,False,False
29069,"Dunklin County, Missouri",MO,12,630.0833333333334,636.5,48.546993790147354,518,704,58.84639565867477,0.16689791146343805,0.1536132185282804,42.201922611781264,0,0,0,186,637.0,59.372409959154254,MEDIUM,704,True,67.0,0.0,0.0,0.0,False,False
17057,"Fulton County, Illinois",IL,12,641.0,637.5,93.48991194970522,410,790,58.75458933168738,0.16425694089601053,0.13944889859669948,42.76238970125405,0,0,0,380,638.0,59.36017428654561,MEDIUM,790,True,152.0,0.0,0.0,0.0,False,False
23019,"Penobscot County, Maine",ME,12,628.8333333333334,639.0,62.206157738652045,509,749,58.861039021329354,0.1957361992905465,0.0911552840042682,38.90202009250022,0,0,0,240,639.0,59.33324418158703,MEDIUM,518,True,-121.0,0.0,0.0,0.0,False,False
55041,"Forest County, Wisconsin",WI,12,662.0,640.0,79.94429879041351,502,810,58.537187714219186,0.20371388578525781,0.08363151756914754,35.8508295952909,0,0,0,308,640.0,59.331854977773865,HIGH,810,True,170.0,0.0,0.0,0.0,False,False
55099,"Price County, Wisconsin",WI,12,681.0833333333334,641.0,136.09185289444193,626,1112,58.37691587507526,0.2005244720381402,0.10503159932570849,39.6331641397192,0,0,0,486,641.0,59.33134443433534,HIGH,663,True,22.0,0.0,0.0,0.0,False,False
55121,"Trempealeau County, Wisconsin",WI,12,667.0,646.0,53.91070057385302,641,832,58.49720294939988,0.180998129220341,0.08791272518438425,39.38731557294382,0,0,0,191,642.0,59.3221818033408,HIGH,684,True,42.0,0.0,0.0,0.0,False,False
21019,"Boyd County, Kentucky",KY,12,651.25,642.5,78.03277283528786,484,792,58.634921461581335,0.19016202360108794,0.10909511966486618,43.370887957325714,0,0,0,308,643.0,59.317772380947616,HIGH,792,True,149.0,0.0,0.0,0.0,False,False
05071,"Johnson County, Arkansas",AR,12,678.0,644.0,78.91767862779544,622,892,58.38468348481297,0.22733266811840358,0.10374791359478014,39.561052893974875,0,0,0,270,644.0,59.3149642319991,HIGH,748,True,104.0,0.0,0.0,0.0,False,False
05031,"Craighead County, Arkansas",AR,12,655.8333333333334,644.0,53.29307192451487,621,823,58.59526526226241,0.18550205931038546,0.08699338377198575,41.99719775628702,0,0,0,202,645.0,59.31013821197663,HIGH,630,True,-15.0,0.0,0.0,0.0,False,False
26121,"Muskegon County, Michigan",MI,12,641.5833333333334,645.0,41.46292611989946,571,741,58.724227650087585,0.23911319610988233,0.08923374669278444,38.68270930228489,0,0,0,170,646.0,59.30992147509981,HIGH,580,True,-66.0,0.0,0.0,0.0,False,False
17045,"Edgar County, Illinois",IL,12,704.25,647.0,108.23553860993079,634,904,58.17123506711434,0.15639242330796554,0.10633838935830041,40.65736693042175,0,0,0,270,647.0,59.30601794703067,MEDIUM,877,True,230.0,0.0,0.0,0.0,False,False
45073,"Oconee County, South Carolina",SC,12,682.0833333333334,647.0,159.90477753584437,612,1187,58.38384820688517,0.24808966606284366,0.11633277940627484,39.983479431638386,0,0,0,575,648.0,59.29758282267952,HIGH,621,True,-27.0,0.0,0.0,0.0,False,False
26007,"Alpena County, Michigan",MI,12,625.8333333333334,649.0,72.43659714578403,468,681,58.90149951202738,0.19229224387649255,0.09774221697110919,36.99004960793545,0,0,0,213,649.0,59.28974134042021,MEDIUM,477,True,-172.0,0.0,0.0,0.0,False,False
54041,"Lewis County, West Virginia",WV,12,651.9166666666666,650.0,30.12838689624285,600,703,58.650360916059576,0.22465396239300695,0.13180053508593761,37.975704404602595,0,0,0,103,650.0,59.28683736477572,MEDIUM,687,True,37.0,0.0,0.0,0.0,False,False
36069,"Ontario County, New York",NY,12,638.0833333333334,650.5,34.36027921712493,562,671,58.77451815289806,0.18529224471441427,0.07372935034253898,37.66174171487117,0,0,0,109,651.0,59.283932079747544,HIGH,600,True,-51.0,0.0,0.0,0.0,False,False
26137,"Otsego County, Michigan",MI,12,620.4166666666666,652.0,73.23617875604845,477,681,58.94705601774964,0.1935881468890762,0.09089729014874305,39.26556248904396,0,0,0,204,652.0,59.24583413808252,MEDIUM,486,True,-166.0,0.0,0.0,0.0,False,False
13177,"Lee County, Georgia",GA,12,666.6666666666666,653.0,34.03028953830109,632,745,58.481336733686135,0.18706508640011466,0.12217852391536392,39.936901217876915,0,0,0,113,653.0,59.213601465371646,HIGH,710,True,57.0,0.0,0.0,0.0,False,False
47079,"Henry County, Tennessee",TN,12,647.5,654.0,42.32665182299983,573,744,58.65393716877008,0.21061346154651361,0.11077310107444062,39.92362738110797,0,0,0,171,654.0,59.20090617115322,HIGH,582,True,-72.0,0.0,0.0,0.0,False,False
37073,"Gates County, North Carolina",NC,12,710.6666666666666,655.0,146.80496234697574,609,1139,58.08704814078333,0.1922785284790178,0.12361439371715931,40.897286270074474,0,0,0,530,655.0,59.16157891521918,HIGH,793,True,138.0,0.0,0.0,0.0,False,False
39051,"Fulton County, Ohio",OH,12,627.9166666666666,656.0,70.90897921514122,501,697,58.84491765586021,0.16607837309470466,0.06934034165577584,37.243185702861766,0,0,0,196,656.0,59.15489401170237,MEDIUM,524,True,-132.0,0.0,0.0,0.0,False,False
36051,"Livingston County, New York",NY,12,657.3333333333334,657.0,23.85308569073816,609,693,58.552909883522744,0.181984045584759,0.07210015726429685,36.567238372714975,0,0,0,84,657.0,59.153459948284336,HIGH,618,True,-39.0,0.0,0.0,0.0,False,False
28109,"Pearl River County, Mississippi",MS,12,708.3333333333334,662.5,94.22828501553923,658,978,58.07411651408186,0.12813988482120006,0.08092173646762087,36.70414334735866,0,0,0,320,658.0,59.14194145350543,HIGH,772,True,114.0,0.0,0.0,0.0,False,False
13071,"Colquitt County, Georgia",GA,12,685.5833333333334,659.0,52.2623771044339,652,795,58.296419189726315,0.22342028672400718,0.12408785222403429,42.12286015829925,0,0,0,143,659.0,59.12978167393931,HIGH,795,True,136.0,0.0,0.0,0.0,False,False
20135,"Ness County, Kansas",KS,12,745.0833333333334,660.0,159.97469023302253,641,1017,57.75558780064252,0.16893307868728227,0.11446980742267537,40.26764727610904,0,0,0,376,660.0,59.122958892150535,MEDIUM,1017,True,357.0,0.0,0.0,0.0,False,False
18101,"Martin County, Indiana",IN,12,649.0,661.0,92.74010606381293,361,712,58.66383714593842,0.21000895478925377,0.07028277874584532,39.23685431339637,0,0,0,351,661.0,59.122716768568864,HIGH,688,True,27.0,0.0,0.0,0.0,False,False
21077,"Gallatin County, Kentucky",KY,12,651.9166666666666,662.0,81.4833595207505,401,720,58.626205564054715,0.2051581706608243,0.10491177857416951,39.90118024639122,0,0,0,319,662.0,59.09404407954451,HIGH,720,True,58.0,0.0,0.0,0.0,False,False
39055,"Geauga County, Ohio",OH,12,641.3333333333334,663.0,57.35112479412686,473,675,58.710077536558536,0.22913952184024408,0.09289082985726825,37.68687886359121,0,0,0,202,663.0,59.088019623462486,MEDIUM,616,True,-47.0,0.0,0.0,0.0,False,False
27001,"Aitkin County, Minnesota",MN,12,686.0833333333334,664.0,130.33973672559327,572,1085,58.30249107367184,0.19017106842935397,0.11317944541574358,39.86464653341487,0,0,0,513,664.0,59.08770497270146,MEDIUM,581,True,-83.0,0.0,0.0,0.0,False,False
18047,"Franklin County, Indiana",IN,12,640.75,665.0,114.27568340719657,280,698,58.78091175635269,0.18093851632252192,0.07899385039827499,37.91132989999544,0,0,0,418,665.0,59.08744421051321,HIGH,679,True,14.0,0.0,0.0,0.0,False,False
17141,"Ogle County, Illinois",IL,12,630.75,666.0,81.82700709979004,466,696,58.827495133793455,0.22297888170519456,0.07884506622694158,38.96622015601489,0,0,0,230,666.0,59.082544995497074,MEDIUM,475,True,-191.0,0.0,0.0,0.0,False,False
17133,"Monroe County, Illinois",IL,12,671.5,667.0,27.563150631364195,627,737,58.42589269037078,0.2165215497823696,0.0608389826987997,36.02135529011722,0,0,0,110,667.0,59.08110650599259,HIGH,636,True,-31.0,0.0,0.0,0.0,False,False
51035,"Carroll County, Virginia",VA,12,676.25,668.0,48.904591716004454,561,760,58.37212640489572,0.20702379161988152,0.11502567312633932,38.57160093586979,0,0,0,199,668.0,59.042790166791285,HIGH,760,True,92.0,0.0,0.0,0.0,False,False
40057,"Harmon County, Oklahoma",OK,12,805.75,669.0,354.96558732054325,644,1896,57.213149548542695,0.1526896191998018,0.12556616113698407,42.869938358327914,0,0,0,1252,669.0,59.03888369522386,MEDIUM,901,True,232.0,0.0,0.0,0.0,False,False
21047,"Christian County, Kentucky",KY,12,674.0833333333334,670.0,41.38831265275771,571,742,58.39762994344508,0.21979952069185105,0.09985291561953012,41.27103894078422,0,0,0,171,670.0,59.02864729984154,HIGH,742,True,72.0,0.0,0.0,0.0,False,False
29127,"Marion County, Missouri",MO,12,679.3333333333334,671.0,66.13393205985086,610,877,58.35550103452041,0.2038685943000054,0.08808583378936648,38.31123754204653,0,0,0,267,671.0,59.02816371422416,HIGH,619,True,-52.0,0.0,0.0,0.0,False,False
54031,"Hardy County, West Virginia",WV,12,709.0,672.0,111.29077393762864,634,949,58.09408456660796,0.20486427519289044,0.13131338121394176,39.230857591993455,0,0,0,315,672.0,59.01551900740938,MEDIUM,949,True,277.0,0.0,0.0,0.0,False,False
51079,"Greene County, Virginia",VA,12,660.9166666666666,673.0,131.11442492816124,276,806,58.60431937337885,0.23421221360518765,0.11365093538291125,37.80415962588094,0,0,0,530,673.0,59.009365879259875,HIGH,806,True,133.0,0.0,0.0,0.0,False,False
55023,"Crawford County, Wisconsin",WI,12,713.1666666666666,678.5,65.17784527852632,674,856,58.046974473046966,0.1967582612831903,0.08905564768673575,37.56901669671373,0,0,0,182,674.0,59.008201737186866,HIGH,804,True,130.0,0.0,0.0,0.0,False,False
05015,"Carroll County, Arkansas",AR,12,710.1666666666666,675.0,77.37962303220445,656,915,58.09546741586117,0.20591867903251568,0.1185561311198593,40.445322873402915,0,0,0,259,675.0,59.006804508386395,HIGH,785,True,110.0,0.0,0.0,0.0,False,False
40027,"Cleveland County, Oklahoma",OK,12,667.1666666666666,676.0,46.007575133851276,522,691,58.469939439049256,0.20865057963759895,0.1064867607026481,46.97378173424133,0,0,0,169,676.0,59.006559022776194,HIGH,691,True,15.0,0.0,0.0,0.0,False,False
37071,"Gaston County, North Carolina",NC,12,654.0833333333334,677.0,76.55830616219407,499,776,58.633946649860626,0.22853160504311787,0.12677452876508583,42.91283063722452,0,0,0,277,677.0,59.000490742494705,MEDIUM,508,True,-169.0,0.0,0.0,0.0,False,False
39053,"Gallia County, Ohio",OH,12,676.4166666666666,678.0,21.06897043406523,621,708,58.38264857010327,0.1816327552241679,0.0980301534484606,40.37836049765765,0,0,0,87,678.0,58.96693109411813,HIGH,708,True,30.0,0.0,0.0,0.0,False,False
39027,"Clinton County, Ohio",OH,12,678.6666666666666,679.0,63.30493781305807,489,726,58.348775326654135,0.16078195673282605,0.0564382786358833,39.857784952833214,0,0,0,237,679.0,58.96122702902433,HIGH,725,True,46.0,0.0,0.0,0.0,False,False
54067,"Nicholas County, West Virginia",WV,12,722.3333333333334,680.0,103.41033299287345,637,939,57.98406480640934,0.2186695676810777,0.12967571219155327,37.92696364373276,0,0,0,302,680.0,58.95881238169791,MEDIUM,939,True,259.0,0.0,0.0,0.0,False,False
34019,"Hunterdon County, New Jersey",NJ,12,656.9166666666666,681.0,64.52970892025883,536,722,58.58183643295988,0.17964036733259903,0.08243203330893777,38.48651032305109,0,0,0,186,681.0,58.95309567958193,MEDIUM,545,True,-136.0,0.0,0.0,0.0,False,False
31095,"Jefferson County, Nebraska",NE,12,710.0,682.0,52.24940191045252,676,812,58.09491572521964,0.19778505177045422,0.12269501078189915,41.40392955152072,0,0,0,136,682.0,58.94247012403747,HIGH,812,True,130.0,0.0,0.0,0.0,False,False
18013,"Brown County, Indiana",IN,12,674.0,683.0,64.34707028719687,477,732,58.41256600659656,0.19138689072098006,0.10154960874113562,38.50786495925904,0,0,0,255,683.0,58.93306350277696,HIGH,732,True,49.0,0.0,0.0,0.0,False,False
21139,"Livingston County, Kentucky",KY,12,655.5,684.0,88.31297649939006,376,693,58.62177114457424,0.21196637866233795,0.1165068710201027,39.50329932906436,0,0,0,317,684.0,58.92639381200516,MEDIUM,673,True,-11.0,0.0,0.0,0.0,False,False
18043,"Floyd County, Indiana",IN,12,670.5,685.0,118.48091522573273,303,755,58.48259953819676,0.18252726948861456,0.05439482481410853,37.39902362677347,0,0,0,452,685.0,58.925590046851454,HIGH,755,True,70.0,0.0,0.0,0.0,False,False
26131,"Ontonagon County, Michigan",MI,12,687.9166666666666,686.0,47.83771492971807,631,780,58.287686112408984,0.18998748959105008,0.13227029478692867,42.76040337872386,0,0,0,149,686.0,58.92017618959849,MEDIUM,780,True,94.0,0.0,0.0,0.0,False,False
26155,"Shiawassee County, Michigan",MI,12,681.75,687.0,32.05145011610949,608,725,58.340864059198175,0.21110780937611026,0.07838157603555762,37.74156675680793,0,0,0,117,687.0,58.91397450214538,HIGH,657,True,-30.0,0.0,0.0,0.0,False,False
29217,"Vernon County, Missouri",MO,12,688.9166666666666,688.0,38.57568318686442,620,773,58.27649091422762,0.21286670252687057,0.09655484645041856,39.08059413193537,0,0,0,153,688.0,58.90433658308687,HIGH,629,True,-59.0,0.0,0.0,0.0,False,False
26119,"Montmorency County, Michigan",MI,12,670.5,689.0,97.74689020861251,363,729,58.47910912157724,0.24044360639748144,0.08451505789256264,35.83089365401205,0,0,0,366,689.0,58.8826882834277,HIGH,729,True,40.0,0.0,0.0,0.0,False,False
54091,"Taylor County, West Virginia",WV,12,771.5833333333334,694.5,193.51131436657337,690,1365,57.54873877417668,0.13271488919629568,0.09763323226601302,37.48994656066901,0,0,0,675,690.0,58.87537679930781,HIGH,828,True,138.0,0.0,0.0,0.0,False,False
39163,"Vinton County, Ohio",OH,12,666.25,691.0,98.5440602886943,354,711,58.52565890310016,0.19606793612931714,0.10629333715178564,40.17987504677065,0,0,0,357,691.0,58.872675415977945,HIGH,711,True,20.0,0.0,0.0,0.0,False,False
21179,"Nelson County, Kentucky",KY,12,701.9166666666666,692.0,40.05100914250891,615,775,58.1539763680328,0.19908073667490989,0.08203075432064048,38.16508357774141,0,0,0,160,692.0,58.86238831802337,HIGH,775,True,83.0,0.0,0.0,0.0,False,False
26079,"Kalkaska County, Michigan",MI,12,701.6666666666666,693.0,26.192758656938103,672,775,58.159878346146,0.2390078281105242,0.08584965815646177,39.37485990894645,0,0,0,103,693.0,58.861317803974664,HIGH,681,True,-12.0,0.0,0.0,0.0,False,False
20053,"Ellsworth County, Kansas",KS,12,751.8333333333334,694.0,190.30637181007668,693,1356,57.729101137488406,0.18860369053525905,0.09942912138866067,39.46056562873915,0,0,0,663,694.0,58.85990860870197,HIGH,702,True,8.0,0.0,0.0,0.0,False,False
20083,"Hodgeman County, Kansas",KS,12,784.75,697.5,216.2986676712634,695,1446,57.443154355988355,0.17215353982617923,0.10741398088697042,40.61521881399034,0,0,0,751,695.0,58.847225284604534,HIGH,853,True,158.0,0.0,0.0,0.0,False,False
55087,"Outagamie County, Wisconsin",WI,12,703.6666666666666,696.0,99.80465769176155,568,976,58.12815691587037,0.17325544487833774,0.060732409430074054,37.82691042287277,0,0,0,408,696.0,58.81365030934115,HIGH,577,True,-119.0,0.0,0.0,0.0,False,False
54095,"Tyler County, West Virginia",WV,12,722.9166666666666,697.0,65.88758792385896,660,858,57.98252188494583,0.1957514748958776,0.13389602126411343,38.72964717961853,0,0,0,198,697.0,58.81274719873096,HIGH,858,True,161.0,0.0,0.0,0.0,False,False
21173,"Montgomery County, Kentucky",KY,12,677.5833333333334,698.0,95.75010879019058,375,727,58.398299230796745,0.21757278072963657,0.09371563548364104,38.02874752649944,0,0,0,352,698.0,58.78123045709702,HIGH,727,True,29.0,0.0,0.0,0.0,False,False
36033,"Franklin County, New York",NY,12,658.1666666666666,699.0,75.27505120113392,457,708,58.55893371688445,0.2065739476047834,0.1261285498301492,39.50610640477633,0,0,0,251,699.0,58.777437804863034,MEDIUM,597,True,-102.0,0.0,0.0,0.0,False,False
54099,"Wayne County, West Virginia",WV,12,697.25,700.0,169.13798831400678,259,946,58.30856370254401,0.19265042077981132,0.13581143491785236,38.42172669850051,0,0,0,687,700.0,58.76898378441605,MEDIUM,946,True,246.0,0.0,0.0,0.0,False,False
21067,"Fayette County, Kentucky",KY,12,709.9166666666666,701.0,40.47324218954211,610,773,58.06262142937903,0.16541030631425355,0.06194660721938608,37.66106840138396,0,0,0,163,701.0,58.76885216749827,HIGH,773,True,72.0,0.0,0.0,0.0,False,False
51157,"Rappahannock County, Virginia",VA,12,709.6666666666666,702.0,53.02029342762558,606,811,58.08740918300757,0.19379701765419033,0.11131388682186814,37.93005222508074,0,0,0,205,702.0,58.76845787161377,HIGH,811,True,109.0,0.0,0.0,0.0,False,False
51053,"Dinwiddie County, Virginia",VA,12,696.8333333333334,703.0,38.78104816749669,624,769,58.21546233732925,0.23676197107983613,0.1463392330299131,43.8189792736143,0,0,0,145,703.0,58.76219838163435,HIGH,712,True,9.0,0.0,0.0,0.0,False,False
54035,"Jackson County, West Virginia",WV,12,757.0833333333334,704.0,105.05622592717008,682,977,57.677972254185185,0.18667561067255,0.10357977111312677,37.80657364799113,0,0,0,295,704.0,58.7521128611218,HIGH,908,True,204.0,0.0,0.0,0.0,False,False
37123,"Montgomery County, North Carolina",NC,12,709.8333333333334,705.0,31.547463039718803,687,807,58.078580954792415,0.24527470127288686,0.1108608850733811,40.53350624238404,0,0,0,120,705.0,58.73664803733088,MEDIUM,696,True,-9.0,0.0,0.0,0.0,False,False
56025,"Natrona County, Wyoming",WY,12,715.6666666666666,706.0,32.317553162704655,640,762,58.00625553177998,0.15589847689486383,0.05657206852090598,36.56381412811603,0,0,0,122,706.0,58.732848556172016,HIGH,741,True,35.0,0.0,0.0,0.0,False,False
13127,"Glynn County, Georgia",GA,12,758.8333333333334,711.5,92.88686504005665,707,999,57.637610819698125,0.19060344914666452,0.09114309313263037,40.75255579697311,0,0,0,292,707.0,58.7262176441462,HIGH,855,True,148.0,0.0,0.0,0.0,False,False
45085,"Sumter County, South Carolina",SC,12,738.0,708.5,73.87212538631138,708,966,57.83352418804599,0.16474958564408584,0.08728669068367978,37.97615222954867,0,0,0,258,708.0,58.72489646305295,HIGH,758,True,50.0,0.0,0.0,0.0,False,False
54019,"Fayette County, West Virginia",WV,12,733.25,709.0,69.52713662500942,651,856,57.893040397059366,0.21877357499031813,0.12819295361101898,39.41861801416183,0,0,0,205,709.0,58.702939657105304,HIGH,856,True,147.0,0.0,0.0,0.0,False,False
51750,"Radford city, Virginia",VA,12,730.0,710.0,66.44751859379495,693,938,57.88990306049936,0.19061171419992093,0.096947465491575,38.646906677234966,0,0,0,245,710.0,58.68511932966751,HIGH,733,True,23.0,0.0,0.0,0.0,False,False
01039,"Covington County, Alabama",AL,12,730.8333333333334,711.0,37.593116713600985,703,796,57.892605833225645,0.1819125166257338,0.1255473290026443,43.925527215054935,0,0,0,93,711.0,58.67966051579225,HIGH,796,True,85.0,0.0,0.0,0.0,False,False
27129,"Renville County, Minnesota",MN,12,701.0833333333334,712.0,24.032017784361745,649,725,58.15894160596309,0.20660638355874408,0.09842177249056455,40.61780191400464,0,0,0,76,712.0,58.67333577025923,HIGH,658,True,-54.0,0.0,0.0,0.0,False,False
17113,"McLean County, Illinois",IL,12,714.1666666666666,713.0,61.21323881367988,535,775,58.008561466760476,0.13043155983780536,0.04843727183814179,40.409915734269525,0,0,0,240,713.0,58.64383253366263,HIGH,747,True,34.0,0.0,0.0,0.0,False,False
54061,"Monongalia County, West Virginia",WV,12,737.4166666666666,714.0,56.154751006536,653,851,57.80741598368576,0.1516968367804432,0.07579998979667832,37.33741306431053,0,0,0,198,714.0,58.643138361023354,HIGH,851,True,137.0,0.0,0.0,0.0,False,False
09009,"New Haven County, Connecticut",CT,12,688.8333333333334,724.0,84.45744849366815,506,742,58.2959454421465,0.18791671591923667,0.08962744935407412,38.17691432943389,0,0,0,236,715.0,58.64223932211836,MEDIUM,515,True,-200.0,0.0,0.0,0.0,False,False
27107,"Norman County, Minnesota",MN,12,735.5833333333334,715.0,143.92324869579448,608,1175,57.86334273265886,0.18056068652477833,0.10965655821128063,39.553983603791934,0,0,0,567,716.0,58.63489423816706,MEDIUM,617,True,-99.0,0.0,0.0,0.0,False,False
29121,"Macon County, Missouri",MO,12,740.0,717.0,70.54205708782398,706,961,57.806870402555255,0.21065323541570022,0.09722660199772803,38.450970975625104,0,0,0,255,717.0,58.632364427975,HIGH,746,True,29.0,0.0,0.0,0.0,False,False
54101,"Webster County, West Virginia",WV,12,765.75,718.0,124.03747600844454,635,990,57.587191119726945,0.17772044114366933,0.1664227967964171,43.712980108860336,0,0,0,355,718.0,58.62055182019267,MEDIUM,990,True,272.0,0.0,0.0,0.0,False,False
36111,"Ulster County, New York",NY,12,727.1666666666666,718.0,54.620730885115805,684,895,57.9287810699151,0.19605621365176126,0.11925789984386781,43.67398668678481,0,0,0,211,719.0,58.61778675027761,MEDIUM,717,True,-2.0,0.0,0.0,0.0,False,False
18109,"Morgan County, Indiana",IN,12,700.6666666666666,719.5,47.62034197375077,605,743,58.15378820037102,0.22955927711017002,0.06693812985249149,39.11386323182472,0,0,0,138,720.0,58.61590782844499,HIGH,614,True,-106.0,0.0,0.0,0.0,False,False
36115,"Washington County, New York",NY,12,743.0,720.0,131.49904942622206,652,1153,57.80905730949163,0.23365815751290805,0.0937851413298544,40.22638782086622,0,0,0,501,721.0,58.615237652289615,HIGH,661,True,-60.0,0.0,0.0,0.0,False,False
13241,"Rabun County, Georgia",GA,12,730.0833333333334,721.5,86.32650318132404,603,899,57.93181083628925,0.2370616461659741,0.12789380512921844,42.00114731401399,0,0,0,296,722.0,58.6081698710058,HIGH,899,True,177.0,0.0,0.0,0.0,False,False
30013,"Cascade County, Montana",MT,12,753.8333333333334,723.0,152.9841544577461,634,1227,57.694100012979646,0.18920252312760924,0.07055678744250331,40.87986062903725,0,0,0,593,723.0,58.60793278924505,HIGH,643,True,-80.0,0.0,0.0,0.0,False,False
21029,"Bullitt County, Kentucky",KY,12,754.8333333333334,728.0,41.11808567646322,723,830,57.67889683858289,0.1577756751653222,0.06627728831030652,37.85744229717484,0,0,0,107,724.0,58.59611517652844,HIGH,815,True,91.0,0.0,0.0,0.0,False,False
39047,"Fayette County, Ohio",OH,12,742.4166666666666,725.0,49.82963399667335,715,896,57.79872471831428,0.18360317619792924,0.08699777014943554,37.56297613178601,0,0,0,181,725.0,58.5951558241245,HIGH,756,True,31.0,0.0,0.0,0.0,False,False
20161,"Riley County, Kansas",KS,12,734.6666666666666,726.0,92.40654574741822,623,1000,57.86335933265055,0.20136666318351878,0.07248042928548469,38.20782652357479,0,0,0,377,726.0,58.58207216080362,HIGH,632,True,-94.0,0.0,0.0,0.0,False,False
25013,"Hampden County, Massachusetts",MA,12,700.25,727.0,148.7652971507927,422,994,58.25104858411378,0.23220902713236813,0.08633725779924828,38.72766095506117,0,0,0,572,727.0,58.580197174205914,MEDIUM,431,True,-296.0,0.0,0.0,0.0,False,False
47001,"Anderson County, Tennessee",TN,12,690.8333333333334,727.5,76.84084299065925,504,739,58.2672608448608,0.1929475884563098,0.08778733689723882,39.34459229936329,0,0,0,235,728.0,58.56905638037445,MEDIUM,608,True,-120.0,0.0,0.0,0.0,False,False
29169,"Pulaski County, Missouri",MO,12,740.75,732.5,19.771995806741874,728,786,57.80896401465023,0.16053048128253214,0.08438491861039217,40.065667187276304,0,0,0,58,729.0,58.55345293820519,HIGH,786,True,57.0,0.0,0.0,0.0,False,False
26101,"Manistee County, Michigan",MI,12,714.25,729.0,79.64594950609398,584,901,58.060703457289456,0.23271559065408323,0.10812166126833737,41.161275696251224,0,0,0,317,730.0,58.55318862044405,MEDIUM,593,True,-137.0,0.0,0.0,0.0,False,False
55017,"Chippewa County, Wisconsin",WI,12,747.5833333333334,731.0,98.29312223542334,629,1024,57.75186202925826,0.17057399474764925,0.04345312093088874,37.63296349262785,0,0,0,395,731.0,58.55059598324293,HIGH,638,True,-93.0,0.0,0.0,0.0,False,False
13093,"Dooly County, Georgia",GA,12,761.5,731.5,81.01571115867253,686,937,57.643492477463475,0.20054261696520914,0.11322468171745986,40.60193595310085,0,0,0,251,732.0,58.54740863962992,MEDIUM,937,True,205.0,0.0,0.0,0.0,False,False
39021,"Champaign County, Ohio",OH,12,709.75,732.5,49.66455659540496,588,742,58.08671318529813,0.23168054935126522,0.07542302206611115,37.78333281869603,0,0,0,154,733.0,58.516086028005866,HIGH,659,True,-74.0,0.0,0.0,0.0,False,False
21095,"Harlan County, Kentucky",KY,12,664.0833333333334,734.0,134.82747112401452,307,743,58.58106654287534,0.21546637066600663,0.1366894064274555,38.431349780711216,0,0,0,436,734.0,58.48194515993155,MEDIUM,544,True,-190.0,0.0,0.0,0.0,False,False
01049,"DeKalb County, Alabama",AL,12,738.3333333333334,735.0,25.649147897713654,699,791,57.820869155445784,0.23014290842879837,0.11001996135473739,41.71062224209518,0,0,0,92,735.0,58.47963737353475,HIGH,791,True,56.0,0.0,0.0,0.0,False,False
51137,"Orange County, Virginia",VA,12,705.9166666666666,736.0,63.78437872784346,519,745,58.122551954978285,0.19651663563618207,0.11675742121051048,41.446274742976314,0,0,0,226,736.0,58.47405618194427,MEDIUM,677,True,-59.0,0.0,0.0,0.0,False,False
29019,"Boone County, Missouri",MO,12,713.9166666666666,737.0,64.63106251969128,532,763,58.0343422778763,0.15674290365476518,0.07898039812738454,38.65986840780915,0,0,0,231,737.0,58.454620608596784,HIGH,675,True,-62.0,0.0,0.0,0.0,False,False
56001,"Albany County, Wyoming",WY,12,772.5,738.0,99.15414996128729,670,985,57.5224448610167,0.16489357754598408,0.0751362377484431,39.433620397166706,0,0,0,315,738.0,58.45054561110405,HIGH,985,True,247.0,0.0,0.0,0.0,False,False
29117,"Livingston County, Missouri",MO,12,761.3333333333334,739.0,73.4937639077856,722,993,57.60373456766197,0.22822187960196294,0.0852661847580648,37.236537555857595,0,0,0,271,739.0,58.44547955046217,HIGH,731,True,-8.0,0.0,0.0,0.0,False,False
26161,"Washtenaw County, Michigan",MI,12,734.5,740.0,36.124783736376905,658,784,57.86047417599969,0.1871529046820696,0.05075833729734586,36.82616747565272,0,0,0,126,740.0,58.444629461667006,HIGH,667,True,-73.0,0.0,0.0,0.0,False,False
19197,"Wright County, Iowa",IA,12,771.5,745.5,65.81862129436402,741,975,57.5141565361485,0.19788190832482389,0.06587661372301482,38.72605774004638,0,0,0,234,741.0,58.44208813334213,HIGH,770,True,29.0,0.0,0.0,0.0,False,False
51073,"Gloucester County, Virginia",VA,12,693.4166666666666,742.0,103.77200387329326,385,751,58.27960937987711,0.20303131789514664,0.10418241224892359,37.47860775260005,0,0,0,366,742.0,58.42951809551634,MEDIUM,651,True,-91.0,0.0,0.0,0.0,False,False
17087,"Johnson County, Illinois",IL,12,718.5833333333334,743.0,55.31308957912114,597,752,57.99392295150974,0.22193831380639042,0.08505528224599429,35.91407257302451,0,0,0,155,743.0,58.409025646579835,MEDIUM,606,True,-137.0,0.0,0.0,0.0,False,False
18105,"Monroe County, Indiana",IN,12,728.0833333333334,744.0,67.60508094586508,517,770,57.8968224276675,0.17079620683183006,0.05334771041692216,38.1938566985056,0,0,0,253,744.0,58.377991011597146,HIGH,736,True,-8.0,0.0,0.0,0.0,False,False
42003,"Allegheny County, Pennsylvania",PA,12,666.9166666666666,745.0,133.58923359812098,378,754,58.536859106228434,0.2290073920873279,0.1175934565718257,47.903130560287984,0,0,0,376,745.0,58.37129552315809,MEDIUM,492,True,-253.0,0.0,0.0,0.0,False,False
21011,"Bath County, Kentucky",KY,12,756.5,746.0,96.90811017753788,536,924,57.658207333926036,0.16643305426595034,0.11278036703721116,40.165242690027455,0,0,0,388,746.0,58.36783467186126,HIGH,924,True,178.0,0.0,0.0,0.0,False,False
13311,"White County, Georgia",GA,12,744.3333333333334,747.0,45.407915476035534,695,871,57.76566814659634,0.2035975663166769,0.1350972936635562,43.72150267291668,0,0,0,176,747.0,58.36724845805538,MEDIUM,721,True,-26.0,0.0,0.0,0.0,False,False
26015,"Barry County, Michigan",MI,12,740.75,748.0,57.425247852395785,626,837,57.78079002949868,0.19466125334420914,0.06597090094874196,37.13586890013094,0,0,0,211,748.0,58.33757802824036,MEDIUM,635,True,-113.0,0.0,0.0,0.0,False,False
54037,"Jefferson County, West Virginia",WV,12,737.5833333333334,749.0,81.25768028968464,486,802,57.81494161965679,0.19922405068334692,0.08725222596396649,39.222544827706166,0,0,0,316,749.0,58.33186612805697,HIGH,802,True,53.0,0.0,0.0,0.0,False,False
42065,"Jefferson County, Pennsylvania",PA,12,736.1666666666666,750.0,134.81356374525882,334,875,57.87448333766509,0.17749977144928683,0.10535638605122549,41.571516349151295,0,0,0,541,750.0,58.30945141697366,HIGH,875,True,125.0,0.0,0.0,0.0,False,False
26081,"Kent County, Michigan",MI,12,727.25,751.0,86.19441555418351,542,804,57.924821500578794,0.1783967137738702,0.05735328069999376,38.371316447459634,0,0,0,262,751.0,58.307828333399435,MEDIUM,551,True,-200.0,0.0,0.0,0.0,False,False
37035,"Catawba County, North Carolina",NC,12,702.5,752.0,82.69934593563494,533,761,58.15728539261045,0.23252186283198198,0.11094214838646921,40.11583134480029,0,0,0,228,752.0,58.2948544048885,MEDIUM,542,True,-210.0,0.0,0.0,0.0,False,False
21239,"Woodford County, Kentucky",KY,12,766.4166666666666,753.0,44.1947309350814,714,862,57.54521903011905,0.21605094782669854,0.07755655616023173,37.103789171918095,0,0,0,148,753.0,58.293051563474066,HIGH,862,True,109.0,0.0,0.0,0.0,False,False
13253,"Seminole County, Georgia",GA,12,826.1666666666666,754.0,132.176076320623,753,1116,57.015093325252,0.19591901724255037,0.09653911628871013,39.422921445273786,0,0,0,363,754.0,58.29228291804862,MEDIUM,1007,True,253.0,0.0,0.0,0.0,False,False
20167,"Russell County, Kansas",KS,12,817.3333333333334,755.0,155.92208621518944,749,1295,57.10014155236241,0.16111385945783924,0.09774197442053935,39.783905077535294,0,0,0,546,755.0,58.28495742167132,HIGH,865,True,110.0,0.0,0.0,0.0,False,False
21027,"Breckinridge County, Kentucky",KY,12,761.0833333333334,756.0,21.55524965939364,731,808,57.59211639853532,0.17933286600758694,0.11416924288457257,40.28607334244608,0,0,0,77,756.0,58.248802822001345,HIGH,808,True,52.0,0.0,0.0,0.0,False,False
39073,"Hocking County, Ohio",OH,12,789.8333333333334,757.0,103.58907746329712,733,1113,57.3497910547353,0.18826862460761054,0.09305685405432258,40.37610921971985,0,0,0,380,757.0,58.23761315815904,HIGH,800,True,43.0,0.0,0.0,0.0,False,False
39167,"Washington County, Ohio",OH,12,699.9166666666666,758.0,134.97505381186238,309,769,58.18702730908864,0.2417746920352386,0.09070173577663633,40.03531379884696,0,0,0,460,758.0,58.22192871172546,MEDIUM,623,True,-135.0,0.0,0.0,0.0,False,False
29161,"Phelps County, Missouri",MO,12,803.1666666666666,763.5,103.72238588334409,759,1123,57.2154289267604,0.14426881474737654,0.06833363828093975,40.077454577886705,0,0,0,364,759.0,58.22030722300973,HIGH,830,True,71.0,0.0,0.0,0.0,False,False
17203,"Woodford County, Illinois",IL,12,727.25,760.0,101.84045008113071,423,799,57.918067462584645,0.14712318905532631,0.0697182131895339,37.95090516459492,0,0,0,376,760.0,58.21953997437768,HIGH,693,True,-67.0,0.0,0.0,0.0,False,False
20169,"Saline County, Kansas",KS,12,791.0833333333334,761.0,154.83449130271234,660,1266,57.31163233671785,0.1634181930708282,0.08379914132767861,39.846051032622015,0,0,0,606,761.0,58.19726372327861,MEDIUM,669,True,-92.0,0.0,0.0,0.0,False,False
21017,"Bourbon County, Kentucky",KY,12,795.6666666666666,762.0,90.77077356359449,692,989,57.26947026487426,0.21224042668767149,0.07988607127755196,37.84821891156669,0,0,0,297,762.0,58.189602552211085,HIGH,989,True,227.0,0.0,0.0,0.0,False,False
18073,"Jasper County, Indiana",IN,12,735.25,763.0,97.077405853642,454,820,57.81452536042125,0.22462029731735092,0.061980224463499045,37.39442675059459,0,0,0,366,763.0,58.16623600717418,HIGH,694,True,-69.0,0.0,0.0,0.0,False,False
51187,"Warren County, Virginia",VA,12,757.5,764.0,119.33566105737212,408,891,57.63836349368844,0.24113326878344202,0.09506299493601574,37.72729734484947,0,0,0,483,764.0,58.146106569324694,HIGH,891,True,127.0,0.0,0.0,0.0,False,False
17127,"Massac County, Illinois",IL,12,719.0,765.0,120.91995849997784,341,774,58.00211161110763,0.24411186292048448,0.09256961080514826,37.34519958062221,0,0,0,433,765.0,58.14564000889463,HIGH,715,True,-50.0,0.0,0.0,0.0,False,False
17073,"Henry County, Illinois",IL,12,763.75,766.0,64.30202174115523,569,812,57.55611698296073,0.14875555942941773,0.05507930393145905,38.37615000479939,0,0,0,243,766.0,58.14428497466025,HIGH,805,True,39.0,0.0,0.0,0.0,False,False
29007,"Audrain County, Missouri",MO,12,762.0,767.0,23.31990955853349,710,785,57.56798362833273,0.23281840938167975,0.08712378726031833,37.54824704053484,0,0,0,75,767.0,58.14154040648451,HIGH,719,True,-48.0,0.0,0.0,0.0,False,False
18127,"Porter County, Indiana",IN,12,793.5833333333334,772.5,30.58953574295787,768,841,57.29582224500036,0.1570970459283247,0.04255021671341913,38.84002113182432,0,0,0,73,768.0,58.141531656155365,HIGH,841,True,73.0,0.0,0.0,0.0,False,False
36027,"Dutchess County, New York",NY,12,776.3333333333334,769.0,99.71352906595914,659,1065,57.47095306958992,0.21945816180017041,0.08962225412554257,41.486121922526465,0,0,0,406,769.0,58.139298892734814,HIGH,668,True,-101.0,0.0,0.0,0.0,False,False
51067,"Franklin County, Virginia",VA,12,766.9166666666666,770.0,38.636907304552786,661,820,57.51576686723285,0.19987300614850187,0.11320713481524919,38.717712752540535,0,0,0,159,770.0,58.087672505401414,MEDIUM,820,True,50.0,0.0,0.0,0.0,False,False
48485,"Wichita County, Texas",TX,12,800.5,771.0,124.05533955750262,744,1193,57.21174212273559,0.12742930517572598,0.09767787197844426,43.147719735555086,0,0,0,449,771.0,58.08484749160481,HIGH,753,True,-18.0,0.0,0.0,0.0,False,False
37075,"Graham County, North Carolina",NC,12,824.25,772.0,147.90114942082096,768,1289,57.0044659006652,0.18614461989271394,0.0852232801273022,38.55173494067783,0,0,0,521,772.0,58.06797455355104,HIGH,831,True,59.0,0.0,0.0,0.0,False,False
17059,"Gallatin County, Illinois",IL,12,749.5833333333334,773.0,106.04155131862512,426,839,57.69374006710013,0.19376926306243428,0.14387819048344488,46.45330557463644,0,0,0,413,773.0,58.06203509639535,MEDIUM,839,True,66.0,0.0,0.0,0.0,False,False
54023,"Grant County, West Virginia",WV,12,886.25,774.0,258.6904520851127,757,1647,56.45154341799418,0.20595733469085994,0.0890055842653751,37.4471824079026,0,0,0,890,774.0,58.06082379502642,HIGH,1028,True,254.0,0.0,0.0,0.0,False,False
47113,"Madison County, Tennessee",TN,12,761.25,775.0,64.31333100885495,656,910,57.58874993845862,0.20940131986178337,0.10680106399816212,42.516693376681474,0,0,0,254,775.0,58.05779890126245,MEDIUM,665,True,-110.0,0.0,0.0,0.0,False,False
51790,"Staunton city, Virginia",VA,12,789.1666666666666,776.0,27.41211853221566,750,846,57.32805805701823,0.17773419994248738,0.08589769324914513,36.004694274175534,0,0,0,96,776.0,58.0533797022669,HIGH,846,True,70.0,0.0,0.0,0.0,False,False
19025,"Calhoun County, Iowa",IA,12,777.4166666666666,777.0,17.12233168771831,742,805,57.42003196955397,0.160697470669762,0.0637764864673239,39.39846497416755,0,0,0,63,777.0,58.03296101263805,HIGH,769,True,-8.0,0.0,0.0,0.0,False,False
29203,"Shannon County, Missouri",MO,12,826.3333333333334,778.0,116.73616977326837,764,1174,56.99631430751611,0.2403328368439832,0.10967239861882551,43.96415505044956,0,0,0,410,778.0,58.02304861458484,HIGH,884,True,106.0,0.0,0.0,0.0,False,False
18029,"Dearborn County, Indiana",IN,12,750.5833333333334,779.0,105.45697815898312,416,788,57.691923235162015,0.18134042615034018,0.07409563026378231,37.65064980498989,0,0,0,372,779.0,58.01873740423136,HIGH,782,True,3.0,0.0,0.0,0.0,False,False
18001,"Adams County, Indiana",IN,12,788.75,780.0,46.966380625836045,663,836,57.3262709657814,0.21456209913466526,0.04443914711172726,35.85227189540271,0,0,0,173,780.0,58.016932374036614,HIGH,835,True,55.0,0.0,0.0,0.0,False,False
18133,"Putnam County, Indiana",IN,12,756.25,781.0,92.96150229579398,472,823,57.629884416959904,0.22474415990028018,0.05814101959099991,38.42900297326054,0,0,0,351,781.0,58.01415346101752,HIGH,745,True,-36.0,0.0,0.0,0.0,False,False
55097,"Portage County, Wisconsin",WI,12,758.4166666666666,782.0,75.29754110839009,603,835,57.61231640674513,0.17286525201255762,0.04580521482417533,35.12795224674949,0,0,0,232,782.0,58.010232520941855,MEDIUM,612,True,-170.0,0.0,0.0,0.0,False,False
40025,"Cimarron County, Oklahoma",OK,12,878.25,783.0,201.39699600540223,711,1218,56.55996765988031,0.1699615745128775,0.11840424435625813,41.504442879563186,0,0,0,507,783.0,58.004209221454715,LOW,1218,True,435.0,0.0,0.0,0.0,False,False
35006,"Cibola County, New Mexico",NM,12,878.1666666666666,784.0,277.887103738627,774,1754,56.52985243019446,0.22533355708726158,0.10569512051645696,40.091099111428576,0,0,0,980,784.0,57.991944029214054,HIGH,874,True,90.0,0.0,0.0,0.0,False,False
29145,"Newton County, Missouri",MO,12,788.8333333333334,785.0,9.684414220172473,778,808,57.33610729915595,0.20675226070108524,0.07470228649781521,42.018675762362875,0,0,0,30,785.0,57.98957045142184,HIGH,787,True,2.0,0.0,0.0,0.0,False,False
51149,"Prince George County, Virginia",VA,12,806.8333333333334,786.0,94.57544687451997,674,1001,57.16723261181834,0.2289379599812541,0.1211118191174592,41.12680444474637,0,0,0,327,786.0,57.98408679411724,HIGH,1001,True,215.0,0.0,0.0,0.0,False,False
05063,"Independence County, Arkansas",AR,12,800.5833333333334,787.0,112.96375793173935,514,973,57.24126218276064,0.18141492635215825,0.06433145239885121,39.09694958399623,0,0,0,459,787.0,57.96045342678886,HIGH,973,True,186.0,0.0,0.0,0.0,False,False
40075,"Kiowa County, Oklahoma",OK,12,814.0833333333334,788.0,103.61068594707905,727,1033,57.11148862227535,0.16553794968599225,0.1291621076008599,42.28474148684647,0,0,0,306,788.0,57.95810365843179,MEDIUM,1033,True,245.0,0.0,0.0,0.0,False,False
18159,"Tipton County, Indiana",IN,12,733.0833333333334,789.0,125.49354082134582,436,829,57.851279316458154,0.1974482125165354,0.07363079162088258,38.1986047745316,0,0,0,393,789.0,57.94340519256581,MEDIUM,590,True,-199.0,0.0,0.0,0.0,False,False
13125,"Glascock County, Georgia",GA,12,809.4166666666666,790.0,62.73966171023837,775,1007,57.14343209954069,0.17032535556078263,0.08472448948324575,37.79745038246659,0,0,0,232,790.0,57.93048842324119,MEDIUM,784,True,-6.0,0.0,0.0,0.0,False,False
29201,"Scott County, Missouri",MO,12,759.25,791.0,71.81304642168885,546,800,57.5938169377491,0.1855936918493257,0.10606108324706363,38.99594801722563,0,0,0,254,791.0,57.92754676032709,MEDIUM,730,True,-61.0,0.0,0.0,0.0,False,False
51520,"Bristol city, Virginia",VA,12,821.8333333333334,792.0,126.7759895057085,753,1222,57.03560601649679,0.19727854818672363,0.10214051937134555,37.34762130458701,0,0,0,469,792.0,57.926722208404165,MEDIUM,762,True,-30.0,0.0,0.0,0.0,False,False
55011,"Buffalo County, Wisconsin",WI,12,806.9166666666666,793.0,41.23647620368368,769,928,57.181217048901836,0.20179621229713893,0.0636449048693714,37.12890979665292,0,0,0,159,793.0,57.924769449107934,HIGH,778,True,-15.0,0.0,0.0,0.0,False,False
51031,"Campbell County, Virginia",VA,12,766.0833333333334,794.0,90.01763295279565,481,803,57.54942905967852,0.19922754773738668,0.10484366366804608,40.31629338410654,0,0,0,322,794.0,57.91407120901799,HIGH,797,True,3.0,0.0,0.0,0.0,False,False
20145,"Pawnee County, Kansas",KS,12,901.1666666666666,795.0,241.41282384155053,795,1619,56.33633848264881,0.17272211839332696,0.09329166831282854,38.668961205533336,0,0,0,824,795.0,57.902993939233376,MEDIUM,1020,True,225.0,0.0,0.0,0.0,False,False
09007,"Middlesex County, Connecticut",CT,12,800.4166666666666,813.0,118.45172268084836,606,1083,57.25523379681474,0.16007641791409044,0.06466930430154354,35.998773101194686,0,0,0,477,796.0,57.898051104345974,MEDIUM,615,True,-181.0,0.0,0.0,0.0,False,False
18179,"Wells County, Indiana",IN,12,751.0,796.5,136.10557399580395,359,859,57.736892026300445,0.230434084514497,0.06527713152738297,37.09840349476966,0,0,0,500,797.0,57.893261043531055,MEDIUM,680,True,-117.0,0.0,0.0,0.0,False,False
18039,"Elkhart County, Indiana",IN,12,817.4166666666666,798.0,30.20974657091297,791,869,57.08373574486277,0.15637279102709675,0.03817123492486942,39.82886196259176,0,0,0,78,798.0,57.88928202377315,HIGH,849,True,51.0,0.0,0.0,0.0,False,False
17023,"Clark County, Illinois",IL,12,798.0833333333334,799.0,128.96613955420685,434,960,57.29001428009827,0.1424709090873332,0.06253167947022505,38.46205196977747,0,0,0,526,799.0,57.87595476432468,HIGH,960,True,161.0,0.0,0.0,0.0,False,False
27117,"Pipestone County, Minnesota",MN,12,857.4166666666666,800.0,186.9868533703194,779,1449,56.749588359197,0.17763007603862055,0.07150773210969082,39.03516691289343,0,0,0,670,800.0,57.875901030380064,HIGH,788,True,-12.0,0.0,0.0,0.0,False,False
29195,"Saline County, Missouri",MO,12,841.25,801.0,151.35636755683586,761,1318,56.88636232232337,0.19842538819661074,0.10497533499746096,43.464498685153494,0,0,0,557,801.0,57.86284842601682,HIGH,826,True,25.0,0.0,0.0,0.0,False,False
29510,"St. Louis city, Missouri",MO,12,794.5,802.0,119.62783196989814,440,921,57.32223685990559,0.14838708229050876,0.06652331285396337,37.58776230872191,0,0,0,481,802.0,57.859285904004786,HIGH,921,True,119.0,0.0,0.0,0.0,False,False
21143,"Lyon County, Kentucky",KY,12,831.0,803.0,60.799222483066806,790,991,56.97122014754393,0.19389773079811723,0.08611692763348146,37.29678806334832,0,0,0,201,803.0,57.84484751417843,MEDIUM,892,True,89.0,0.0,0.0,0.0,False,False
20061,"Geary County, Kansas",KS,12,826.3333333333334,808.0,44.16772440128514,803,958,57.0160998381042,0.154055065647253,0.07760103082598595,39.53402711730914,0,0,0,155,804.0,57.82975060335852,HIGH,823,True,19.0,0.0,0.0,0.0,False,False
47049,"Fentress County, Tennessee",TN,12,826.0833333333334,804.0,109.17413807419055,754,1168,57.012214889638706,0.2386898110546163,0.1119886423954598,41.46661295100773,0,0,0,414,805.0,57.82089322197348,MEDIUM,763,True,-42.0,0.0,0.0,0.0,False,False
51800,"Suffolk city, Virginia",VA,12,810.3333333333334,806.0,38.01275702931447,760,912,57.15800529051396,0.19136658076602134,0.10650974351761228,38.51554106800994,0,0,0,152,806.0,57.8149880216432,HIGH,827,True,21.0,0.0,0.0,0.0,False,False
18031,"Decatur County, Indiana",IN,12,764.0833333333334,806.5,105.84161265635066,464,833,57.58531128834642,0.2276746001640786,0.06797964042136126,38.21020547887705,0,0,0,369,807.0,57.81132065861125,MEDIUM,697,True,-110.0,0.0,0.0,0.0,False,False
51595,"Emporia city, Virginia",VA,12,921.75,808.0,263.1802441466512,745,1643,56.12198148993131,0.23186154616888735,0.1222592799215832,41.09545183597471,0,0,0,898,808.0,57.77036106990168,MEDIUM,1138,True,330.0,0.0,0.0,0.0,False,False
13045,"Carroll County, Georgia",GA,12,790.8333333333334,808.5,37.0916146694624,715,817,57.31001750491091,0.17720077042502066,0.10679462036357629,42.775690249817934,0,0,0,102,809.0,57.767178214059214,MEDIUM,724,True,-85.0,0.0,0.0,0.0,False,False
42045,"Delaware County, Pennsylvania",PA,12,783.9166666666666,809.5,60.51064269025641,676,838,57.38528766418895,0.16655842836004817,0.055074879056961616,41.162275611564965,0,0,0,162,810.0,57.766088467980545,HIGH,685,True,-125.0,0.0,0.0,0.0,False,False
13189,"McDuffie County, Georgia",GA,12,796.25,810.5,36.18670021882724,694,819,57.264369484979,0.16108619372539876,0.08524714472234048,38.097805161322725,0,0,0,125,811.0,57.764923594555235,MEDIUM,776,True,-35.0,0.0,0.0,0.0,False,False
21123,"Larue County, Kentucky",KY,12,822.4166666666666,812.0,82.3456775189846,619,954,57.05561659700715,0.15495536744610236,0.07238451848062212,38.23668759141735,0,0,0,335,812.0,57.75504536637396,HIGH,954,True,142.0,0.0,0.0,0.0,False,False
21021,"Boyle County, Kentucky",KY,12,839.0,816.0,43.530553533226424,812,932,56.89857217963291,0.19477488447463018,0.07658849387005301,38.91359973762721,0,0,0,120,813.0,57.75105491215053,HIGH,932,True,119.0,0.0,0.0,0.0,False,False
51081,"Greensville County, Virginia",VA,12,802.8333333333334,814.0,66.58942494984858,598,860,57.217652113034795,0.24742413174021863,0.1049975749826245,39.646513906042784,0,0,0,262,814.0,57.74790205191567,HIGH,860,True,46.0,0.0,0.0,0.0,False,False
29055,"Crawford County, Missouri",MO,12,808.0,815.0,23.38997454233138,755,833,57.173512893646055,0.23957332554075195,0.09352883971253728,40.67343408098541,0,0,0,78,815.0,57.732105113532555,MEDIUM,764,True,-51.0,0.0,0.0,0.0,False,False
47053,"Gibson County, Tennessee",TN,12,848.0,816.0,90.4333003831101,797,1126,56.828590249623126,0.20974714612129217,0.09711072477368266,43.24396291966362,0,0,0,329,816.0,57.731933878844266,HIGH,872,True,56.0,0.0,0.0,0.0,False,False
01081,"Lee County, Alabama",AL,12,840.5,821.0,44.04852695917001,817,938,56.902886084560464,0.1770859211734894,0.08142654694963612,38.317490520424926,0,0,0,121,817.0,57.731154919749734,HIGH,938,True,121.0,0.0,0.0,0.0,False,False
29163,"Pike County, Missouri",MO,12,820.6666666666666,818.0,57.768083879868435,676,913,57.08419553090038,0.21298816845684398,0.09149520279737695,40.73207231649217,0,0,0,237,818.0,57.73064735569454,HIGH,913,True,95.0,0.0,0.0,0.0,False,False
17055,"Franklin County, Illinois",IL,12,771.3333333333334,819.0,168.98323388233916,261,904,57.62656655461717,0.17659221277616163,0.15254077187945742,43.120161647139604,0,0,0,643,819.0,57.70808002189713,MEDIUM,904,True,85.0,0.0,0.0,0.0,False,False
18015,"Carroll County, Indiana",IN,12,792.75,820.0,85.72060853302854,539,856,57.319564635353935,0.20653873840244416,0.05693856070436645,36.447255445016594,0,0,0,317,820.0,57.70649860014099,HIGH,761,True,-59.0,0.0,0.0,0.0,False,False
35009,"Curry County, New Mexico",NM,12,855.75,821.0,114.02960141998219,806,1216,56.756847240811226,0.11052161124766667,0.08679303551203776,41.71629049475574,0,0,0,410,821.0,57.70406208262773,HIGH,847,True,26.0,0.0,0.0,0.0,False,False
20089,"Jewell County, Kansas",KS,12,843.0,822.0,76.76646995329999,777,1072,56.88976220423598,0.17546431028781775,0.1201750431110296,39.47259060120281,0,0,0,295,822.0,57.7017858764374,MEDIUM,868,True,46.0,0.0,0.0,0.0,False,False
37159,"Rowan County, North Carolina",NC,12,810.8333333333334,823.0,68.26263896735811,691,963,57.16911180380895,0.23186754812973373,0.09079363443207149,41.25954569450999,0,0,0,272,823.0,57.696019036669945,MEDIUM,700,True,-123.0,0.0,0.0,0.0,False,False
17075,"Iroquois County, Illinois",IL,12,794.4166666666666,824.0,83.90412096644309,533,833,57.32097997350329,0.2135792054264146,0.07441701070266003,39.67216731811958,0,0,0,300,824.0,57.69178468152001,HIGH,789,True,-35.0,0.0,0.0,0.0,False,False
20005,"Atchison County, Kansas",KS,12,856.75,825.0,204.5772248054287,709,1492,56.78217720982382,0.2396780135708468,0.0957485755701935,41.46504615572924,0,0,0,783,825.0,57.69093662440336,MEDIUM,718,True,-107.0,0.0,0.0,0.0,False,False
39117,"Morrow County, Ohio",OH,12,822.25,826.0,55.08031326246161,714,913,57.07471057895157,0.16576498798909226,0.05579049029283642,38.21040216303791,0,0,0,199,826.0,57.68999111000146,HIGH,723,True,-103.0,0.0,0.0,0.0,False,False
13015,"Bartow County, Georgia",GA,12,818.1666666666666,827.0,17.18261983058532,771,836,57.11288583098647,0.2355134798192691,0.08226568637042163,43.7811313327662,0,0,0,65,827.0,57.6865096950666,HIGH,813,True,-14.0,0.0,0.0,0.0,False,False
47027,"Clay County, Tennessee",TN,12,805.0833333333334,828.0,58.61346158339294,625,837,57.240549411535085,0.1946786767089299,0.11126477928960998,41.132208705007656,0,0,0,212,828.0,57.677239155550104,HIGH,829,True,1.0,0.0,0.0,0.0,False,False
37151,"Randolph County, North Carolina",NC,12,820.9166666666666,829.0,61.21862214203859,726,974,57.09398683757849,0.22782626416408924,0.08686454505891812,39.12413133189402,0,0,0,248,829.0,57.67699481899148,MEDIUM,735,True,-94.0,0.0,0.0,0.0,False,False
55049,"Iowa County, Wisconsin",WI,12,856.4166666666666,830.0,120.31508507651772,748,1221,56.76468494572046,0.17678000975460095,0.053003436337926646,36.63665772032162,0,0,0,473,830.0,57.66149853736934,HIGH,757,True,-73.0,0.0,0.0,0.0,False,False
21147,"McCreary County, Kentucky",KY,12,824.3333333333334,831.0,55.284936849238065,717,914,57.06685367604732,0.20045372356210064,0.160320077848944,46.24753778299416,0,0,0,197,831.0,57.64549579986907,MEDIUM,914,True,83.0,0.0,0.0,0.0,False,False
37193,"Wilkes County, North Carolina",NC,12,772.8333333333334,832.0,95.08640408819886,552,841,57.50922056503749,0.21084531323914243,0.11220888196112033,42.13462777391037,0,0,0,289,832.0,57.60256610495664,MEDIUM,666,True,-166.0,0.0,0.0,0.0,False,False
26107,"Mecosta County, Michigan",MI,12,863.5833333333334,837.5,51.01418400500951,833,988,56.69610093200422,0.17990201841121425,0.05807884042921194,38.83339534805113,0,0,0,155,833.0,57.59730530796145,HIGH,925,True,92.0,0.0,0.0,0.0,False,False
29149,"Oregon County, Missouri",MO,12,819.1666666666666,834.0,53.77872734782325,662,869,57.09105675380431,0.22593065179636376,0.11035608094704397,39.7136563505262,0,0,0,207,834.0,57.58842864657068,HIGH,869,True,35.0,0.0,0.0,0.0,False,False
21157,"Marshall County, Kentucky",KY,12,845.6666666666666,835.0,30.929048815087405,797,911,56.863384029610636,0.20806194688960863,0.06981633707651097,38.20864986108933,0,0,0,114,835.0,57.56691155390756,HIGH,911,True,76.0,0.0,0.0,0.0,False,False
51163,"Rockbridge County, Virginia",VA,12,835.8333333333334,836.0,68.10397576611456,668,944,56.94075161267372,0.23644856896777977,0.11120345640378322,37.56392734128307,0,0,0,276,836.0,57.56014531595075,HIGH,944,True,108.0,0.0,0.0,0.0,False,False
37127,"Nash County, North Carolina",NC,12,889.8333333333334,837.0,188.75758062240638,824,1489,56.46943847202446,0.17704649509921913,0.08632028439977917,41.5656466738915,0,0,0,665,837.0,57.54940254510483,HIGH,833,True,-4.0,0.0,0.0,0.0,False,False
36079,"Putnam County, New York",NY,12,857.1666666666666,838.0,62.71556763868462,807,1048,56.752062501992526,0.19627014057257317,0.06471853504639107,35.85096923676848,0,0,0,241,838.0,57.54851634992171,HIGH,816,True,-22.0,0.0,0.0,0.0,False,False
29025,"Caldwell County, Missouri",MO,12,874.5833333333334,843.5,79.56524861947449,839,1120,56.61475701658773,0.17056915487375257,0.08340118020222875,39.54649059018119,0,0,0,281,839.0,57.54805417673022,HIGH,894,True,55.0,0.0,0.0,0.0,False,False
54063,"Monroe County, West Virginia",WV,12,902.6666666666666,840.0,117.30328471982617,830,1125,56.31855046465918,0.19723141475174824,0.10858102725647562,40.142909311260865,0,0,0,295,840.0,57.527126174446195,MEDIUM,1125,True,285.0,0.0,0.0,0.0,False,False
55033,"Dunn County, Wisconsin",WI,12,879.5833333333334,845.5,86.35177350743172,841,1144,56.561706751994734,0.18648072644830063,0.06724165864291202,38.314355170167275,0,0,0,303,841.0,57.52159677791851,HIGH,907,True,66.0,0.0,0.0,0.0,False,False
26153,"Schoolcraft County, Michigan",MI,12,839.8333333333334,842.0,114.69868298628315,667,1136,56.9124169586129,0.24011492433295203,0.09441303237459193,40.32371348549201,0,0,0,469,842.0,57.52113009412196,MEDIUM,676,True,-166.0,0.0,0.0,0.0,False,False
47163,"Sullivan County, Tennessee",TN,12,801.3333333333334,843.0,83.32884836415876,628,852,57.2622781574973,0.21035621628275014,0.09756190317690899,39.06320400411205,0,0,0,224,843.0,57.52069409814232,MEDIUM,637,True,-206.0,0.0,0.0,0.0,False,False
47061,"Grundy County, Tennessee",TN,12,795.0833333333334,844.0,85.39369609832644,555,853,57.30601358251595,0.22437545206249845,0.12423995264393389,42.22074276804241,0,0,0,298,844.0,57.51982602289855,MEDIUM,751,True,-93.0,0.0,0.0,0.0,False,False
18079,"Jennings County, Indiana",IN,12,801.3333333333334,845.0,102.79841998549955,507,858,57.26864644723776,0.18955419296335074,0.06606580658470289,38.44914109823097,0,0,0,351,845.0,57.51972797429152,HIGH,739,True,-106.0,0.0,0.0,0.0,False,False
37001,"Alamance County, North Carolina",NC,12,846.6666666666666,846.0,88.8659187492681,725,1090,56.87194619971047,0.22572035205015192,0.09197557358393961,41.644093705858765,0,0,0,365,846.0,57.51699723894007,MEDIUM,734,True,-112.0,0.0,0.0,0.0,False,False
21195,"Pike County, Kentucky",KY,12,788.3333333333334,847.0,146.69035621355826,333,856,57.43115648426456,0.17849327569764564,0.12035796317217325,45.09503378226933,0,0,0,523,847.0,57.49769731831362,MEDIUM,771,True,-76.0,0.0,0.0,0.0,False,False
18037,"Dubois County, Indiana",IN,12,816.0,848.0,109.20622692868756,478,882,57.13231129028267,0.17309404077637525,0.04787836122416116,37.87123210658045,0,0,0,404,848.0,57.4947198168709,HIGH,807,True,-41.0,0.0,0.0,0.0,False,False
45003,"Aiken County, South Carolina",SC,12,836.3333333333334,849.0,24.07312093425263,800,865,56.958904472961045,0.17155544568279404,0.10814062624497044,41.00917488981711,0,0,0,65,849.0,57.493772108890326,MEDIUM,814,True,-35.0,0.0,0.0,0.0,False,False
40033,"Cotton County, Oklahoma",OK,12,966.9166666666666,850.0,225.7659521529213,850,1541,55.813271255260794,0.17646419373623104,0.08212785785338543,40.88812958057231,0,0,0,691,850.0,57.48270690486934,MEDIUM,1206,True,356.0,0.0,0.0,0.0,False,False
05127,"Scott County, Arkansas",AR,12,830.4166666666666,851.0,76.3906923570397,602,896,57.01475341436963,0.22681257559457327,0.11134991553013036,42.3732213756119,0,0,0,294,851.0,57.477003247655034,HIGH,896,True,45.0,0.0,0.0,0.0,False,False
21075,"Fulton County, Kentucky",KY,12,891.25,852.0,140.40080613599184,792,1323,56.487159264261216,0.21118835748757944,0.13180744900929128,42.07104346429282,0,0,0,531,852.0,57.47041821005477,MEDIUM,912,True,60.0,0.0,0.0,0.0,False,False
55007,"Bayfield County, Wisconsin",WI,12,842.1666666666666,853.0,33.247920873706406,770,885,56.911851400263934,0.21932375397681858,0.09311937928556606,40.28485915059941,0,0,0,115,853.0,57.46850799687065,MEDIUM,779,True,-74.0,0.0,0.0,0.0,False,False
23003,"Aroostook County, Maine",ME,12,866.1666666666666,854.0,28.135494674984162,836,929,56.71384363855244,0.20722212909762117,0.08357946866631695,40.00853243883084,0,0,0,93,854.0,57.46636471315632,MEDIUM,929,True,75.0,0.0,0.0,0.0,False,False
51139,"Page County, Virginia",VA,12,822.75,855.0,80.75453829070818,572,864,57.09562979141024,0.19979052452628465,0.1049300206697145,39.550202825609205,0,0,0,292,855.0,57.44887887784067,MEDIUM,817,True,-38.0,0.0,0.0,0.0,False,False
37117,"Martin County, North Carolina",NC,12,838.6666666666666,856.0,45.44593857907804,724,881,56.94269424090488,0.20371283205616875,0.1359881474381169,43.05020720692422,0,0,0,157,856.0,57.44029472000129,MEDIUM,881,True,25.0,0.0,0.0,0.0,False,False
24005,"Baltimore County, Maryland",MD,12,838.6666666666666,857.0,76.980910660115,595,872,56.93499131244619,0.17476142105625217,0.07799455681398205,45.14244195999684,0,0,0,277,857.0,57.425133506793664,HIGH,863,True,6.0,0.0,0.0,0.0,False,False
27067,"Kandiyohi County, Minnesota",MN,12,825.25,858.0,95.74504497029409,617,887,57.05564590630049,0.19630719932586413,0.05500189457495832,38.66350772587286,0,0,0,270,858.0,57.42024559432444,MEDIUM,626,True,-232.0,0.0,0.0,0.0,False,False
36057,"Montgomery County, New York",NY,12,840.75,859.0,40.088821838059,740,868,56.92772511052413,0.2226681494164938,0.08693703532212453,38.748932109573715,0,0,0,128,859.0,57.419981038791136,MEDIUM,803,True,-56.0,0.0,0.0,0.0,False,False
55045,"Green County, Wisconsin",WI,12,861.0833333333334,860.0,31.55502649293291,813,945,56.7599389014095,0.17704385854570948,0.05864991107690024,37.15153244198553,0,0,0,132,860.0,57.41805629490005,HIGH,822,True,-38.0,0.0,0.0,0.0,False,False
20111,"Lyon County, Kansas",KS,12,930.0,861.0,170.88805479824293,853,1451,56.149105937119764,0.15766110088781468,0.07407699435555802,39.444809261571734,0,0,0,598,861.0,57.41021065741616,HIGH,988,True,127.0,0.0,0.0,0.0,False,False
19193,"Woodbury County, Iowa",IA,12,809.25,862.0,124.00082477731567,591,923,57.17669608352286,0.15139351537941417,0.024968441364448757,37.636524247463115,0,0,0,332,862.0,57.40148953671193,MEDIUM,620,True,-242.0,0.0,0.0,0.0,False,False
28035,"Forrest County, Mississippi",MS,12,857.4166666666666,863.0,46.56072932366411,774,962,56.78796540589963,0.13467835491576852,0.07183372910551437,39.983375183594234,0,0,0,188,863.0,57.39436315075497,HIGH,783,True,-80.0,0.0,0.0,0.0,False,False
20027,"Clay County, Kansas",KS,12,834.5833333333334,864.0,62.223144383498465,647,873,56.99583277264517,0.19975303919713006,0.09071801060039315,39.24500334963592,0,0,0,226,864.0,57.38615575339545,MEDIUM,821,True,-43.0,0.0,0.0,0.0,False,False
21169,"Metcalfe County, Kentucky",KY,12,858.1666666666666,865.0,16.05011092192389,817,874,56.78775591652829,0.2031824363843213,0.10174881744538561,40.692263132198775,0,0,0,57,865.0,57.37188701499461,MEDIUM,870,True,5.0,0.0,0.0,0.0,False,False
40103,"Noble County, Oklahoma",OK,12,860.8333333333334,866.0,62.75179582121835,684,941,56.762573229921124,0.22568160581824195,0.10292562057628539,39.300446923227426,0,0,0,257,866.0,57.36850120426813,HIGH,941,True,75.0,0.0,0.0,0.0,False,False
19145,"Page County, Iowa",IA,12,885.5833333333334,867.0,54.01592077313592,802,997,56.49646581103207,0.21677542003181735,0.048827469481462375,36.85230800412194,0,0,0,195,867.0,57.33144373133185,HIGH,997,True,130.0,0.0,0.0,0.0,False,False
39121,"Noble County, Ohio",OH,12,815.9166666666666,868.0,96.16601018629977,579,877,57.13981620513791,0.1934852972430143,0.1071549079900312,41.08319361974468,0,0,0,298,868.0,57.321763432012276,MEDIUM,714,True,-154.0,0.0,0.0,0.0,False,False
35041,"Roosevelt County, New Mexico",NM,12,901.4166666666666,871.0,81.21403632974842,869,1154,56.39239595452292,0.12172901836189463,0.09165318220008199,37.31707852039349,0,0,0,285,869.0,57.316848025079665,HIGH,917,True,48.0,0.0,0.0,0.0,False,False
42043,"Dauphin County, Pennsylvania",PA,12,853.9166666666666,870.0,74.16132088327116,698,930,56.772611407466,0.2103934043793414,0.03320992641613683,38.24860627115643,0,0,0,232,870.0,57.31337356650054,HIGH,707,True,-163.0,0.0,0.0,0.0,False,False
20127,"Morris County, Kansas",KS,12,894.5,872.5,64.8473732558368,871,1099,56.45407538446318,0.16243829825429035,0.09329236019715648,40.34472468532475,0,0,0,228,871.0,57.302237633804914,MEDIUM,895,True,24.0,0.0,0.0,0.0,False,False
39165,"Warren County, Ohio",OH,12,842.5,872.0,65.47102065383238,729,896,56.87192725404909,0.18528566554269654,0.07171120019100642,39.97952921344314,0,0,0,167,872.0,57.27916910444865,HIGH,738,True,-134.0,0.0,0.0,0.0,False,False
51135,"Nottoway County, Virginia",VA,12,865.4166666666666,873.0,146.8186626317298,468,1066,56.69627447187319,0.19987803070781318,0.09619990329300325,41.00172072973864,0,0,0,598,873.0,57.26605132174287,HIGH,1066,True,193.0,0.0,0.0,0.0,False,False
35005,"Chaves County, New Mexico",NM,12,922.4166666666666,874.0,175.95115971786205,813,1471,56.20898720210903,0.12548587218246743,0.11410163603107822,43.10352116765048,0,0,0,658,874.0,57.26481035752853,HIGH,927,True,53.0,0.0,0.0,0.0,False,False
37195,"Wilson County, North Carolina",NC,12,856.5833333333334,875.0,72.1582331134889,704,948,56.75683709145511,0.1872801121353781,0.06848835068436966,41.96477432957776,0,0,0,244,875.0,57.26024197441348,MEDIUM,713,True,-162.0,0.0,0.0,0.0,False,False
18115,"Ohio County, Indiana",IN,12,859.4166666666666,876.0,35.06995174150534,792,885,56.73201637486056,0.18752287658255637,0.07802577004465566,37.437870250803385,0,0,0,93,876.0,57.248035073968474,MEDIUM,801,True,-75.0,0.0,0.0,0.0,False,False
13037,"Calhoun County, Georgia",GA,12,876.75,877.0,116.51541060774284,628,1076,56.57314752958094,0.1937522324139269,0.13151532765741264,41.42218138471566,0,0,0,448,877.0,57.24397720289609,MEDIUM,1076,True,199.0,0.0,0.0,0.0,False,False
13129,"Gordon County, Georgia",GA,12,874.5833333333334,878.0,82.55186615734748,639,977,56.61319705557972,0.1666838342615916,0.08343218271916326,40.19949977140364,0,0,0,338,878.0,57.22031675342272,HIGH,977,True,99.0,0.0,0.0,0.0,False,False
51720,"Norton city, Virginia",VA,12,908.1666666666666,879.0,77.20672760763006,857,1077,56.28046771288234,0.22672717413878787,0.11436627004621118,39.17465352943833,0,0,0,220,879.0,57.210763432463345,HIGH,1077,True,198.0,0.0,0.0,0.0,False,False
26055,"Grand Traverse County, Michigan",MI,12,853.0,880.0,76.36038954136555,618,889,56.75264488900268,0.20797861218588362,0.06614148794106305,39.12084003441353,0,0,0,271,880.0,57.15752881864224,HIGH,840,True,-40.0,0.0,0.0,0.0,False,False
47131,"Obion County, Tennessee",TN,12,926.75,883.5,111.84252321903328,881,1272,56.10039387162393,0.19526075835126822,0.08193274958530963,41.65409387344311,0,0,0,391,881.0,57.140953958960296,HIGH,955,True,74.0,0.0,0.0,0.0,False,False
20059,"Franklin County, Kansas",KS,12,914.4166666666666,883.5,87.96844303326603,882,1191,56.21801950703181,0.1595942101853196,0.05829998673638754,38.95162496763787,0,0,0,309,882.0,57.13011412093791,HIGH,919,True,37.0,0.0,0.0,0.0,False,False
55009,"Brown County, Wisconsin",WI,12,912.0833333333334,887.5,40.902230064416095,883,1016,56.204846055302085,0.16368861663070014,0.021936554783642825,36.62633783838909,0,0,0,133,883.0,57.101566469281714,HIGH,942,True,59.0,0.0,0.0,0.0,False,False
29177,"Ray County, Missouri",MO,12,906.9166666666666,888.5,28.757475971343933,884,958,56.23820500721522,0.20037874796173516,0.05649447058834375,38.20238095485621,0,0,0,74,884.0,57.05993208291308,HIGH,958,True,74.0,0.0,0.0,0.0,False,False
42133,"York County, Pennsylvania",PA,12,849.9166666666666,885.0,108.76785816451923,534,936,56.74559002912101,0.1642817310477361,0.042371496417900535,39.50940572663285,0,0,0,402,885.0,57.05904472406837,HIGH,799,True,-86.0,0.0,0.0,0.0,False,False
42075,"Lebanon County, Pennsylvania",PA,12,896.5833333333334,886.0,45.13506666023923,836,1013,56.32339716412474,0.16160763926142294,0.047152794314784134,37.38725457687356,0,0,0,177,886.0,57.058783587325976,HIGH,845,True,-41.0,0.0,0.0,0.0,False,False
17147,"Piatt County, Illinois",IL,12,872.5833333333334,887.0,42.4937606828308,788,918,56.53738883297495,0.20657756791384932,0.05865009166014531,36.56411134451342,0,0,0,130,887.0,57.0509813315262,MEDIUM,819,True,-68.0,0.0,0.0,0.0,False,False
29157,"Perry County, Missouri",MO,12,880.9166666666666,888.0,101.47320141820995,587,1000,56.46825800741809,0.22692461800689578,0.07096744212905302,37.965450619614785,0,0,0,413,888.0,57.04922964730139,HIGH,1000,True,112.0,0.0,0.0,0.0,False,False
27021,"Cass County, Minnesota",MN,12,921.5,889.0,187.6532101316875,785,1505,56.15114303207444,0.16955032851625232,0.08392278586479492,40.209717054398254,0,0,0,720,889.0,57.03099238475315,MEDIUM,794,True,-95.0,0.0,0.0,0.0,False,False
20015,"Butler County, Kansas",KS,12,920.1666666666666,890.0,85.43134759276099,889,1190,56.12565575023579,0.18194073847326808,0.05341098640410561,43.12087730922158,0,0,0,301,890.0,57.02152612693752,HIGH,898,True,8.0,0.0,0.0,0.0,False,False
21199,"Pulaski County, Kentucky",KY,12,868.9166666666666,891.0,86.20636797121126,596,910,56.58989795819286,0.23974304145331668,0.08573500570860944,43.12618920304218,0,0,0,314,891.0,57.01100379663934,HIGH,910,True,19.0,0.0,0.0,0.0,False,False
21209,"Scott County, Kentucky",KY,12,916.0,892.5,53.42113984012492,892,1076,56.18317431557882,0.15957710190325772,0.0706528021527636,38.13531770072173,0,0,0,184,892.0,57.008104714537936,HIGH,943,True,51.0,0.0,0.0,0.0,False,False
51550,"Chesapeake city, Virginia",VA,12,873.1666666666666,893.0,43.63450122288206,753,902,56.551276750066386,0.22410691897057491,0.09761917165244637,37.95562205911246,0,0,0,149,893.0,57.00522694137754,MEDIUM,843,True,-50.0,0.0,0.0,0.0,False,False
13251,"Screven County, Georgia",GA,12,919.5833333333334,894.0,56.740971782195246,877,1067,56.175037403081404,0.17879175380587964,0.08501273524639773,39.035988357408,0,0,0,190,894.0,56.99473754637413,HIGH,978,True,84.0,0.0,0.0,0.0,False,False
40009,"Beckham County, Oklahoma",OK,12,929.0,899.5,57.06933581976481,895,1051,56.02941083190174,0.15394422444532216,0.06562694894036387,37.18064607552506,0,0,0,156,895.0,56.99209833415674,HIGH,1051,True,156.0,0.0,0.0,0.0,False,False
28081,"Lee County, Mississippi",MS,12,854.3333333333334,896.0,112.16086931751465,554,948,56.715951969101035,0.12189767959235531,0.05458160134685968,42.4329337184806,0,0,0,394,896.0,56.986338037428105,HIGH,765,True,-131.0,0.0,0.0,0.0,False,False
51071,"Giles County, Virginia",VA,12,919.4166666666666,897.0,51.60418998727162,888,1034,56.13122722024391,0.22460117967619833,0.08103705719423071,38.96223013749509,0,0,0,146,897.0,56.96819208891821,HIGH,1034,True,137.0,0.0,0.0,0.0,False,False
54083,"Randolph County, West Virginia",WV,12,935.75,898.0,88.64754008790297,864,1121,55.98834313113023,0.18190998932197985,0.10258648408091842,37.45102380826674,0,0,0,257,898.0,56.96674355336556,MEDIUM,1121,True,223.0,0.0,0.0,0.0,False,False
13031,"Bulloch County, Georgia",GA,12,869.0,899.0,63.08291801632629,689,908,56.59782074261574,0.1836361177411733,0.09645710823961433,38.43698462935902,0,0,0,219,899.0,56.963321923470424,MEDIUM,832,True,-67.0,0.0,0.0,0.0,False,False
13047,"Catoosa County, Georgia",GA,12,865.1666666666666,900.0,64.67096205665523,743,909,56.61023634527728,0.15652174515474945,0.08740891122172345,39.32154364671683,0,0,0,166,900.0,56.93664228298576,MEDIUM,752,True,-148.0,0.0,0.0,0.0,False,False
39045,"Fairfield County, Ohio",OH,12,897.0833333333334,901.0,19.695215539605428,852,914,56.32637203879661,0.18646078928756368,0.07666783755954529,39.7474681306461,0,0,0,62,901.0,56.931177862559515,HIGH,861,True,-40.0,0.0,0.0,0.0,False,False
19151,"Pocahontas County, Iowa",IA,12,938.1666666666666,902.0,79.70494832743314,868,1104,55.990249162622575,0.20313928585272686,0.10591199330062147,45.26447787706024,0,0,0,236,902.0,56.93004383794121,HIGH,1052,True,150.0,0.0,0.0,0.0,False,False
37189,"Watauga County, North Carolina",NC,12,862.8333333333334,903.0,95.97616497039378,653,912,56.651475592224706,0.21192605970446413,0.0916629711985437,38.82564627406386,0,0,0,259,903.0,56.92643179754229,MEDIUM,662,True,-241.0,0.0,0.0,0.0,False,False
26005,"Allegan County, Michigan",MI,12,897.3333333333334,904.0,30.95255411206975,844,939,56.32103654505996,0.18975979985766356,0.05792781561076534,37.58212554979943,0,0,0,95,904.0,56.8901459383891,MEDIUM,859,True,-45.0,0.0,0.0,0.0,False,False
47059,"Greene County, Tennessee",TN,12,905.8333333333334,905.0,22.33559463902376,873,967,56.2301015858819,0.2012665096730898,0.09427976290655825,40.68315916034325,0,0,0,94,905.0,56.85554248323596,MEDIUM,882,True,-23.0,0.0,0.0,0.0,False,False
29005,"Atchison County, Missouri",MO,12,957.5833333333334,906.0,103.32865336420777,906,1239,55.75943118616777,0.22928381975150489,0.09030065607290898,37.02388491868943,0,0,0,333,906.0,56.85340702563123,HIGH,1049,True,143.0,0.0,0.0,0.0,False,False
51760,"Richmond city, Virginia",VA,12,900.0833333333334,907.0,182.18345316208223,384,1126,56.286321536981724,0.1717885223066844,0.07403170763145743,39.68953773992379,0,0,0,742,907.0,56.84697249138925,HIGH,1126,True,219.0,0.0,0.0,0.0,False,False
29093,"Iron County, Missouri",MO,12,886.3333333333334,908.0,68.09663365506049,672,917,56.42783449750703,0.22157231959919707,0.11691993412138668,42.19373914998847,0,0,0,245,908.0,56.83780440070519,MEDIUM,916,True,8.0,0.0,0.0,0.0,False,False
26009,"Antrim County, Michigan",MI,12,864.4166666666666,909.0,77.89206790440376,730,918,56.611162438203344,0.1955146722267316,0.10724097002034007,41.78514708968243,0,0,0,188,909.0,56.83353300222584,MEDIUM,743,True,-166.0,0.0,0.0,0.0,False,False
21069,"Fleming County, Kentucky",KY,12,939.3333333333334,910.0,60.03382884724751,892,1066,55.946316344113626,0.21947259379037434,0.07604875295857116,38.36107360522095,0,0,0,174,910.0,56.82802480683246,HIGH,1026,True,116.0,0.0,0.0,0.0,False,False
51133,"Northumberland County, Virginia",VA,12,898.8333333333334,911.0,17.2196153126355,875,920,56.331579060818484,0.19894738168166504,0.10771220573059652,39.050986872166355,0,0,0,45,911.0,56.8269924044363,MEDIUM,890,True,-21.0,0.0,0.0,0.0,False,False
29099,"Jefferson County, Missouri",MO,12,896.0,912.0,29.738252073106707,835,921,56.31669483044368,0.21411460707246135,0.062087951220345355,37.455721620823624,0,0,0,86,912.0,56.80565494132074,HIGH,844,True,-68.0,0.0,0.0,0.0,False,False
51683,"Manassas city, Virginia",VA,12,876.5,913.0,117.83385838466879,503,922,56.50809072677706,0.18151995017194464,0.06480075184806589,36.21895559839463,0,0,0,419,913.0,56.80266447201667,HIGH,902,True,-11.0,0.0,0.0,0.0,False,False
45055,"Kershaw County, South Carolina",SC,12,938.6666666666666,914.0,114.0712164581514,874,1298,55.952285484727675,0.1728351058410987,0.07937671869676897,39.029484796255694,0,0,0,424,914.0,56.80157397982527,MEDIUM,883,True,-31.0,0.0,0.0,0.0,False,False
37033,"Caswell County, North Carolina",NC,12,948.25,915.0,92.62644919734907,909,1238,55.880929288318896,0.23329578604414933,0.08206623389474621,39.758201565609056,0,0,0,329,915.0,56.80065666302958,HIGH,959,True,44.0,0.0,0.0,0.0,False,False
29159,"Pettis County, Missouri",MO,12,951.1666666666666,920.5,52.72369371343286,916,1050,55.83255623884828,0.15275457130453682,0.028702518574076633,37.93484179635324,0,0,0,134,916.0,56.799796031880504,HIGH,1050,True,134.0,0.0,0.0,0.0,False,False
47069,"Hardeman County, Tennessee",TN,12,953.6666666666666,917.0,83.0479963453044,876,1111,55.844745212149405,0.20261281583217428,0.11645686634045571,40.724456525022894,0,0,0,235,917.0,56.79479594282242,HIGH,1081,True,164.0,0.0,0.0,0.0,False,False
24037,"St. Mary's County, Maryland",MD,12,922.6666666666666,918.0,32.71733855961151,838,969,56.11029318238937,0.16619704586901587,0.04928317569194097,40.91766706609043,0,0,0,131,918.0,56.7884914966637,HIGH,935,True,17.0,0.0,0.0,0.0,False,False
24019,"Dorchester County, Maryland",MD,12,903.0,919.0,41.2861411922385,789,931,56.281213014121725,0.19233516721392283,0.07917004511987376,39.159271286806046,0,0,0,142,919.0,56.77852655145944,MEDIUM,876,True,-43.0,0.0,0.0,0.0,False,False
56027,"Niobrara County, Wyoming",WY,12,957.6666666666666,920.0,64.5281240071241,882,1074,55.76560674249115,0.11711041425278207,-0.004404531689783866,21.89104348178265,0,0,0,192,920.0,56.772299301493135,MEDIUM,1074,True,154.0,0.0,0.0,0.0,False,False
26037,"Clinton County, Michigan",MI,12,934.4166666666666,921.0,49.12777095277048,876,1068,56.010417151752144,0.19100086305999145,0.035478165512059866,36.409491366888226,0,0,0,192,921.0,56.76189873708492,HIGH,885,True,-36.0,0.0,0.0,0.0,False,False
13181,"Lincoln County, Georgia",GA,12,890.0833333333334,922.0,141.4345067406455,451,993,56.415045410536784,0.19394295954843907,0.09139302966007519,40.32479003171779,0,0,0,542,922.0,56.74979945340047,HIGH,993,True,71.0,0.0,0.0,0.0,False,False
29013,"Bates County, Missouri",MO,12,919.6666666666666,923.0,69.61626420904989,719,1004,56.09321796225405,0.21589919861488968,0.07456359689669381,41.08998226781141,0,0,0,285,923.0,56.72643420905062,HIGH,1004,True,81.0,0.0,0.0,0.0,False,False
13175,"Laurens County, Georgia",GA,12,941.1666666666666,928.5,28.112867753634347,924,1020,55.94233257251099,0.171978966038439,0.07632678913787917,40.309422169796655,0,0,0,96,924.0,56.71792468355957,HIGH,963,True,39.0,0.0,0.0,0.0,False,False
42123,"Warren County, Pennsylvania",PA,12,899.3333333333334,925.0,111.95561891240924,551,979,56.32779951294114,0.18095754896664684,0.08292971161083779,38.62242087579977,0,0,0,428,925.0,56.7168132519098,HIGH,979,True,54.0,0.0,0.0,0.0,False,False
45079,"Richland County, South Carolina",SC,12,910.8333333333334,926.0,48.92077702001907,809,984,56.20304664339212,0.18353627208418422,0.07418948670248443,44.163554294401905,0,0,0,175,926.0,56.71521757786081,HIGH,818,True,-108.0,0.0,0.0,0.0,False,False
51670,"Hopewell city, Virginia",VA,12,944.6666666666666,927.0,90.28775547037809,852,1209,55.95550805179071,0.21230980394095553,0.15020079420171673,47.5658975076002,0,0,0,357,927.0,56.71489303611333,MEDIUM,967,True,40.0,0.0,0.0,0.0,False,False
21223,"Trimble County, Kentucky",KY,12,1000.5833333333334,930.5,185.024056584952,928,1575,55.42419900648357,0.16693491009883396,0.04397977725345303,36.39931848882499,0,0,0,647,928.0,56.70299146904917,HIGH,1035,True,107.0,0.0,0.0,0.0,False,False
55107,"Rusk County, Wisconsin",WI,12,996.1666666666666,933.5,139.24460709866148,929,1409,55.44049669786829,0.19136620075220886,0.061085987000297916,39.61113754689229,0,0,0,480,929.0,56.6853805544592,HIGH,1067,True,138.0,0.0,0.0,0.0,False,False
33009,"Grafton County, New Hampshire",NH,12,905.5833333333334,930.0,77.75188782663776,745,1019,56.229222304591325,0.20340259550361803,0.07240233867391185,41.11093626526234,0,0,0,274,930.0,56.65629904181575,MEDIUM,754,True,-176.0,0.0,0.0,0.0,False,False
18099,"Marshall County, Indiana",IN,12,906.75,931.0,72.55233220986705,696,961,56.23160811457418,0.1464916758288673,0.03631004454549155,38.32312476114944,0,0,0,265,931.0,56.65234639958231,HIGH,873,True,-58.0,0.0,0.0,0.0,False,False
26159,"Van Buren County, Michigan",MI,12,931.3333333333334,932.0,26.489563410841043,877,970,56.013042565683094,0.20215723919844905,0.04237071621679967,36.86970902341946,0,0,0,93,932.0,56.63612084563644,MEDIUM,886,True,-46.0,0.0,0.0,0.0,False,False
13039,"Camden County, Georgia",GA,12,928.75,933.0,7.852330285277793,914,942,56.04074801966262,0.17926944401026912,0.08495639082319277,40.60376789503921,0,0,0,28,933.0,56.626293894945995,MEDIUM,923,True,-10.0,0.0,0.0,0.0,False,False
29091,"Howell County, Missouri",MO,12,976.9166666666666,938.5,119.72199489068855,934,1355,55.6165813087704,0.16852184899753594,0.07136289873582446,42.37922682708856,0,0,0,421,934.0,56.61086388299869,HIGH,972,True,38.0,0.0,0.0,0.0,False,False
42095,"Northampton County, Pennsylvania",PA,12,945.5,935.0,49.07045028231442,884,1081,55.8913056942852,0.21424446070379263,0.03396837493042016,39.89086821408142,0,0,0,197,935.0,56.60166769389627,HIGH,893,True,-42.0,0.0,0.0,0.0,False,False
13225,"Peach County, Georgia",GA,12,947.75,936.0,56.000202921710276,897,1119,55.88150318781724,0.1897723567011426,0.07498680146066024,39.23706756410735,0,0,0,222,936.0,56.59892374079681,HIGH,906,True,-30.0,0.0,0.0,0.0,False,False
47011,"Bradley County, Tennessee",TN,12,915.25,937.0,79.98991413694831,757,1054,56.144147747527306,0.18912415746252478,0.0841953021328108,39.974555180961175,0,0,0,297,937.0,56.579114172457466,MEDIUM,766,True,-171.0,0.0,0.0,0.0,False,False
26115,"Monroe County, Michigan",MI,12,927.6666666666666,938.0,46.23326888199828,845,990,56.031053452675685,0.19246322665139756,0.04013288525796906,37.26848947402734,0,0,0,145,938.0,56.57265295274379,HIGH,854,True,-84.0,0.0,0.0,0.0,False,False
42127,"Wayne County, Pennsylvania",PA,12,923.0,939.0,27.51858875874138,869,948,56.0805556052649,0.19495016236985765,0.08513577030384399,44.07843639561818,0,0,0,79,939.0,56.572267907808694,HIGH,878,True,-61.0,0.0,0.0,0.0,False,False
39111,"Monroe County, Ohio",OH,12,944.9166666666666,940.0,123.25248168870371,601,1102,55.866029397340306,0.17299718526357574,0.05836781249230036,39.81862803296447,0,0,0,501,940.0,56.56597019585225,HIGH,1102,True,162.0,0.0,0.0,0.0,False,False
29125,"Maries County, Missouri",MO,12,1046.25,945.5,242.48041157998725,941,1778,54.95193918521289,0.16996761356035064,0.06692467967640381,37.663490694108,0,0,0,837,941.0,56.55947023532218,HIGH,1144,True,203.0,0.0,0.0,0.0,False,False
35035,"Otero County, New Mexico",NM,12,984.6666666666666,942.0,77.41779609053177,938,1132,55.52412094783162,0.1640304951245984,0.0808463427304442,38.77909414255988,0,0,0,194,942.0,56.55370460601103,HIGH,1107,True,165.0,0.0,0.0,0.0,False,False
29135,"Moniteau County, Missouri",MO,12,960.8333333333334,947.5,23.127446635519174,943,1001,55.76476430645733,0.15798290114392585,0.04788967758734671,36.76196199441347,0,0,0,58,943.0,56.55329437490736,HIGH,970,True,27.0,0.0,0.0,0.0,False,False
51011,"Appomattox County, Virginia",VA,12,938.6666666666666,944.0,10.245472022786311,921,953,55.94961644646528,0.2343198805281811,0.09124846296981438,38.55989156450899,0,0,0,32,944.0,56.53163394795495,HIGH,936,True,-8.0,0.0,0.0,0.0,False,False
13295,"Walker County, Georgia",GA,12,922.25,945.0,66.08964297899414,716,954,56.09702541713043,0.18515848531867674,0.08027436687747905,39.063955660805384,0,0,0,238,945.0,56.52261402985287,HIGH,952,True,7.0,0.0,0.0,0.0,False,False
51141,"Patrick County, Virginia",VA,12,956.8333333333334,946.0,105.71559903244115,706,1133,55.74870305792743,0.20521350201074284,0.09290034762489734,39.498952887566176,0,0,0,427,946.0,56.51598143361414,HIGH,1133,True,187.0,0.0,0.0,0.0,False,False
48061,"Cameron County, Texas",TX,12,1008.5,947.0,294.818434109723,878,1939,55.32184585386512,0.12191782211526418,0.12448767453686926,43.1771382013952,0,0,0,1061,947.0,56.50260855014675,MEDIUM,887,True,-60.0,0.0,0.0,0.0,False,False
13083,"Dade County, Georgia",GA,12,941.8333333333334,948.0,50.34757976187922,792,996,55.90335708898731,0.18487024950391764,0.084015654940244,38.46638734768282,0,0,0,204,948.0,56.49930886324712,HIGH,996,True,48.0,0.0,0.0,0.0,False,False
05125,"Saline County, Arkansas",AR,12,916.5833333333334,949.0,128.85401065006107,508,971,56.15711944961452,0.1587613808969134,0.07722301037938496,40.85589256946492,0,0,0,463,949.0,56.47707126761411,HIGH,971,True,22.0,0.0,0.0,0.0,False,False
30105,"Valley County, Montana",MT,12,990.1666666666666,950.0,126.21974584994315,900,1372,55.48974744306617,0.1963232304932195,0.11784602299946435,45.381660961325146,0,0,0,472,950.0,56.474995786229016,HIGH,1030,True,80.0,0.0,0.0,0.0,False,False
26031,"Cheboygan County, Michigan",MI,12,894.4166666666666,951.0,109.01914621947945,638,960,56.33442532025043,0.18323530403396107,0.0791858674794207,39.94318945297616,0,0,0,322,951.0,56.470172509705016,MEDIUM,767,True,-184.0,0.0,0.0,0.0,False,False
21171,"Monroe County, Kentucky",KY,12,953.6666666666666,952.0,6.213377552190165,944,968,55.828605187098425,0.20694976024363365,0.08760713998732916,40.53486697632702,0,0,0,24,952.0,56.469764479621254,MEDIUM,968,True,16.0,0.0,0.0,0.0,False,False
13051,"Chatham County, Georgia",GA,12,953.5,953.0,97.29944407951062,800,1195,55.82718176174305,0.1736523509662219,0.06973712507596164,41.78449473368197,0,0,0,395,953.0,56.46674310889743,MEDIUM,809,True,-144.0,0.0,0.0,0.0,False,False
18183,"Whitley County, Indiana",IN,12,917.5833333333334,954.0,108.94740877500429,583,978,56.15532013874046,0.20817731918886637,0.047097938659637795,37.418044162756445,0,0,0,395,954.0,56.46534276518763,HIGH,897,True,-57.0,0.0,0.0,0.0,False,False
47055,"Giles County, Tennessee",TN,12,937.1666666666666,955.0,51.98921799641527,833,1021,55.97302325588607,0.19101466314904814,0.08094214116061503,40.51531097860363,0,0,0,188,955.0,56.459330342239454,MEDIUM,842,True,-113.0,0.0,0.0,0.0,False,False
13147,"Hart County, Georgia",GA,12,975.9166666666666,956.0,63.08646063262319,912,1147,55.624078848677875,0.19071077100689482,0.09601916647650342,40.41535997107049,0,0,0,235,956.0,56.45491381314345,HIGH,1024,True,68.0,0.0,0.0,0.0,False,False
19127,"Marshall County, Iowa",IA,12,922.0833333333334,957.0,95.55146955088306,650,992,56.113948437168425,0.2078767360475636,0.038958142741540906,40.20383497998943,0,0,0,342,957.0,56.453548215883686,HIGH,866,True,-91.0,0.0,0.0,0.0,False,False
17063,"Grundy County, Illinois",IL,12,976.5833333333334,958.0,46.60171345529794,881,1045,55.59608621548483,0.18041725928775376,0.009484294204997376,36.214850215579254,0,0,0,164,958.0,56.42135640582949,HIGH,1021,True,63.0,0.0,0.0,0.0,False,False
37145,"Person County, North Carolina",NC,12,993.9166666666666,959.0,146.56209253997767,911,1456,55.4841917341929,0.18380942033778902,0.07117097481136418,39.817726018482475,0,0,0,545,959.0,56.41452001463601,HIGH,920,True,-39.0,0.0,0.0,0.0,False,False
37181,"Vance County, North Carolina",NC,12,952.3333333333334,960.0,19.786741811504776,917,986,55.83883046527111,0.2379122161688775,0.08021017131540935,39.83904536726088,0,0,0,69,960.0,56.407068187660194,MEDIUM,926,True,-34.0,0.0,0.0,0.0,False,False
54045,"Logan County, West Virginia",WV,12,947.25,961.0,60.45753581120913,790,1022,55.87573823155123,0.15658911527605449,0.1236285824817673,39.16184764084689,0,0,0,232,961.0,56.4025878092011,MEDIUM,1022,True,61.0,0.0,0.0,0.0,False,False
13023,"Bleckley County, Georgia",GA,12,967.25,962.0,22.63193640532217,937,1014,55.682042855775244,0.18444116409832456,0.07919238402290865,40.30665419032789,0,0,0,77,962.0,56.37168263007526,HIGH,1014,True,52.0,0.0,0.0,0.0,False,False
51065,"Fluvanna County, Virginia",VA,12,955.5833333333334,963.0,16.395444674073534,922,972,55.8125354380736,0.2155924235130411,0.08789370823670072,38.47205211945975,0,0,0,50,963.0,56.37168094654797,MEDIUM,965,True,2.0,0.0,0.0,0.0,False,False
29009,"Barry County, Missouri",MO,12,939.0,964.0,126.11827061063825,544,1023,55.94659518616184,0.22873303194140646,0.07575807427192698,43.533012182619785,0,0,0,479,964.0,56.370521705636314,HIGH,1023,True,59.0,0.0,0.0,0.0,False,False
21023,"Bracken County, Kentucky",KY,12,959.3333333333334,965.0,46.497963461431375,847,1029,55.76556161687407,0.224207768870053,0.08836391676660088,42.17455399995066,0,0,0,182,965.0,56.36705273253572,HIGH,1029,True,64.0,0.0,0.0,0.0,False,False
51019,"Bedford County, Virginia",VA,12,926.1666666666666,966.0,73.43622258721365,732,975,56.07770830534249,0.1973026347225811,0.08515807460554418,39.495380596774346,0,0,0,243,966.0,56.365130281483246,MEDIUM,864,True,-102.0,0.0,0.0,0.0,False,False
24035,"Queen Anne's County, Maryland",MD,12,968.25,967.0,47.65047934510395,848,1044,55.69147603179167,0.21945627254356684,0.0704834689468495,38.02201749567939,0,0,0,196,967.0,56.36092114671678,HIGH,1044,True,77.0,0.0,0.0,0.0,False,False
51199,"York County, Virginia",VA,12,943.5,968.0,179.18679943262867,394,1096,55.91702069390427,0.16357102651936808,0.06615144533977156,36.501069447050014,0,0,0,702,968.0,56.323397820362274,HIGH,1096,True,128.0,0.0,0.0,0.0,False,False
39079,"Jackson County, Ohio",OH,12,977.75,969.0,70.47388297673247,800,1088,55.58093223564405,0.18544879316912785,0.05307726598183587,39.97667400352306,0,0,0,288,969.0,56.320039436978085,HIGH,1088,True,119.0,0.0,0.0,0.0,False,False
19137,"Montgomery County, Iowa",IA,12,957.8333333333334,970.0,46.01547829181224,864,1015,55.790252481256296,0.17286838802553806,0.04943999012075264,38.24402413045638,0,0,0,151,970.0,56.313917385434735,MEDIUM,905,True,-65.0,0.0,0.0,0.0,False,False
01073,"Jefferson County, Alabama",AL,12,962.25,971.0,30.76043799191662,909,999,55.76265009460534,0.18854511754320358,0.07008547792070093,43.28429183611414,0,0,0,90,971.0,56.31001175661424,HIGH,918,True,-53.0,0.0,0.0,0.0,False,False
05023,"Cleburne County, Arkansas",AR,12,976.3333333333334,972.0,71.65743421856436,816,1101,55.60015099709923,0.18499155010849036,0.07840622300281207,39.689580901550535,0,0,0,285,972.0,56.29042759262309,HIGH,1101,True,129.0,0.0,0.0,0.0,False,False
51810,"Virginia Beach city, Virginia",VA,12,952.0,973.0,161.63989156595767,453,1079,55.82831441555731,0.18115409020146014,0.04525069010663241,37.96527041551069,0,0,0,626,973.0,56.28568398735408,HIGH,1079,True,106.0,0.0,0.0,0.0,False,False
19173,"Taylor County, Iowa",IA,12,983.0833333333334,974.0,62.45355850307467,924,1173,55.567501409296995,0.21750986130104757,0.06124032488251351,38.140367134353056,0,0,0,249,974.0,56.285385525079256,MEDIUM,933,True,-41.0,0.0,0.0,0.0,False,False
27011,"Big Stone County, Minnesota",MN,12,1014.6666666666666,975.0,157.48439076090472,938,1513,55.28396494142071,0.14720303528138726,0.06998690516284937,38.344626819015645,0,0,0,575,975.0,56.25042317689062,MEDIUM,947,True,-28.0,0.0,0.0,0.0,False,False
47173,"Union County, Tennessee",TN,12,959.75,976.0,79.51800825199054,828,1143,55.76319028951452,0.19461822429594067,0.09957979603991983,40.79070396590417,0,0,0,315,976.0,56.247754889103426,MEDIUM,837,True,-139.0,0.0,0.0,0.0,False,False
47181,"Wayne County, Tennessee",TN,12,993.1666666666666,977.0,58.115611004481764,968,1177,55.47243450335261,0.1976835974515124,0.09246586871530511,40.54004650077779,0,0,0,209,977.0,56.2417732205158,MEDIUM,983,True,6.0,0.0,0.0,0.0,False,False
47171,"Unicoi County, Tennessee",TN,12,953.0833333333334,978.0,55.563981684235515,853,998,55.828916027093875,0.1949748935357137,0.08123247493439947,38.23395629053432,0,0,0,145,978.0,56.240257892930586,MEDIUM,871,True,-107.0,0.0,0.0,0.0,False,False
13019,"Berrien County, Georgia",GA,12,1041.25,979.0,147.5694751633955,966,1480,55.03230070997486,0.17933284131242325,0.08775582808109712,42.78140891582283,0,0,0,514,979.0,56.23917808335185,HIGH,1115,True,136.0,0.0,0.0,0.0,False,False
37133,"Onslow County, North Carolina",NC,12,916.5,980.0,113.13266548614507,664,989,56.15387000597341,0.23760497467296618,0.08954982748259209,40.30806132799937,0,0,0,325,980.0,56.23808084603852,MEDIUM,774,True,-206.0,0.0,0.0,0.0,False,False
26023,"Branch County, Michigan",MI,12,988.5,981.0,13.661491998913025,973,1011,55.522660569296995,0.16200273203893945,0.056565181674259994,38.750700260318766,0,0,0,38,981.0,56.23043838668727,HIGH,982,True,1.0,0.0,0.0,0.0,False,False
54001,"Barbour County, West Virginia",WV,12,977.9166666666666,982.0,22.769430596678728,919,1009,55.59176057773598,0.1416868668009265,0.09239087391682375,37.02440818472543,0,0,0,90,982.0,56.21302278989976,MEDIUM,1009,True,27.0,0.0,0.0,0.0,False,False
37045,"Cleveland County, North Carolina",NC,12,989.0,983.0,99.89448979252606,870,1277,55.49909100762567,0.1866473603361727,0.07316802742565867,40.81333453707917,0,0,0,407,983.0,56.19535108228484,MEDIUM,879,True,-104.0,0.0,0.0,0.0,False,False
21225,"Union County, Kentucky",KY,12,1013.5,984.0,63.221831672294954,958,1129,55.24361977401349,0.20440899362039944,0.08603923800381374,40.86931084119671,0,0,0,171,984.0,56.165270021622725,HIGH,1129,True,145.0,0.0,0.0,0.0,False,False
31001,"Adams County, Nebraska",NE,12,970.6666666666666,985.0,53.64078050637717,803,1000,55.67102868919133,0.14814172290693642,0.05277775774226035,39.07268454333216,0,0,0,197,985.0,56.15495192971261,HIGH,975,True,-10.0,0.0,0.0,0.0,False,False
24039,"Somerset County, Maryland",MD,12,1022.6666666666666,990.5,62.33827561025897,986,1157,55.17036040435624,0.1818062819421461,0.054417676474722225,39.503271646872086,0,0,0,171,986.0,56.14846054611865,HIGH,1157,True,171.0,0.0,0.0,0.0,False,False
29003,"Andrew County, Missouri",MO,12,998.6666666666666,987.0,32.81444619047957,969,1072,55.38278809747626,0.21568317023026903,0.05900881122356078,37.30831566613503,0,0,0,103,987.0,56.13924484462137,HIGH,1072,True,85.0,0.0,0.0,0.0,False,False
39005,"Ashland County, Ohio",OH,12,982.25,988.0,40.8458855166143,855,1013,55.5437982799647,0.17387452765206945,0.050397034032149346,38.03559738291568,0,0,0,158,988.0,56.137934422360914,HIGH,1013,True,25.0,0.0,0.0,0.0,False,False
29001,"Adair County, Missouri",MO,12,1028.5,989.0,69.94218391578211,989,1159,55.11393601963761,0.1514066564518339,0.05766372301453227,39.04164430487938,0,0,0,170,989.0,56.1307006342864,HIGH,1141,True,152.0,0.0,0.0,0.0,False,False
47109,"McNairy County, Tennessee",TN,12,978.8333333333334,990.0,17.831704825105675,940,999,55.5997573727638,0.20677745927836597,0.0837210789787743,40.42780648582475,0,0,0,59,990.0,56.1217415087907,MEDIUM,964,True,-26.0,0.0,0.0,0.0,False,False
51183,"Sussex County, Virginia",VA,12,1030.4166666666667,991.0,84.77398650458044,956,1177,55.12605257277152,0.18764238262876684,0.09586114063866098,40.2642169647463,0,0,0,221,991.0,56.11817410710239,HIGH,1177,True,186.0,0.0,0.0,0.0,False,False
20107,"Linn County, Kansas",KS,12,965.6666666666666,992.0,125.9316794090664,568,1027,55.69777978671079,0.16711910682170314,0.060895509006140554,40.000934204965375,0,0,0,459,992.0,56.11387365382306,HIGH,1011,True,19.0,0.0,0.0,0.0,False,False
13255,"Spalding County, Georgia",GA,12,989.75,993.0,60.16662469569594,925,1160,55.50238083744548,0.1766903173393979,0.09875049764104275,43.061449682022136,0,0,0,235,993.0,56.10785481791958,MEDIUM,934,True,-59.0,0.0,0.0,0.0,False,False
34021,"Mercer County, New Jersey",NJ,12,934.5,994.0,135.5617940276684,680,1050,55.98235083685256,0.183739456219174,0.04825747610232715,39.40270416543904,0,0,0,370,994.0,56.1068626042031,MEDIUM,689,True,-305.0,0.0,0.0,0.0,False,False
42025,"Carbon County, Pennsylvania",PA,12,996.75,995.0,49.20111787347926,921,1124,55.44593435077888,0.16630118067979474,0.05245337650006763,40.22115003610962,0,0,0,203,995.0,56.09602093720852,HIGH,930,True,-65.0,0.0,0.0,0.0,False,False
18033,"DeKalb County, Indiana",IN,12,945.6666666666666,996.0,119.1342507298791,648,1039,55.886257800666385,0.1797071528829475,0.03037118961570559,36.31874197312979,0,0,0,391,996.0,56.07795129614161,HIGH,825,True,-171.0,0.0,0.0,0.0,False,False
13201,"Miller County, Georgia",GA,12,1021.3333333333334,997.0,84.25646275005563,960,1279,55.1950222389998,0.19679773059619377,0.09585490144190374,38.685697317479125,0,0,0,319,997.0,56.066548768230206,MEDIUM,1039,True,42.0,0.0,0.0,0.0,False,False
51119,"Middlesex County, Virginia",VA,12,964.4166666666666,998.0,113.40631562766875,607,1019,55.701640785540015,0.2006992538211616,0.10481514354474207,37.867570648172936,0,0,0,412,998.0,56.05705892796439,MEDIUM,1019,True,21.0,0.0,0.0,0.0,False,False
13187,"Lumpkin County, Georgia",GA,12,1001.6666666666666,999.0,15.10167560440253,990,1047,55.383514124781335,0.18367069925276938,0.09402445224206447,40.19591490596869,0,0,0,57,999.0,56.0549193215485,MEDIUM,999,True,0.0,0.0,0.0,0.0,False,False
55065,"Lafayette County, Wisconsin",WI,12,1009.1666666666666,1000.0,98.80452081424886,900,1300,55.338657232679424,0.18298727722034144,0.059309159352877984,38.22767805400038,0,0,0,400,1000.0,56.05342513007042,MEDIUM,909,True,-91.0,0.0,0.0,0.0,False,False
47157,"Shelby County, Tennessee",TN,12,1000.5833333333334,1001.0,84.38381828217297,891,1236,55.4150487918109,0.1610664253665973,0.08171341355550588,45.3279637049117,0,0,0,345,1001.0,56.04988267609874,MEDIUM,900,True,-101.0,0.0,0.0,0.0,False,False
55125,"Vilas County, Wisconsin",WI,12,1017.25,1002.0,95.87977794186749,947,1315,55.27844832629316,0.2041660093245193,0.0676280765041052,35.541777685193416,0,0,0,368,1002.0,56.04966062640301,MEDIUM,956,True,-46.0,0.0,0.0,0.0,False,False
17157,"Randolph County, Illinois",IL,12,994.75,1003.0,77.69067453105882,768,1079,55.451192538161585,0.14117882095759482,0.03203355213384287,36.48457817953547,0,0,0,311,1003.0,56.04235700199182,HIGH,995,True,-8.0,0.0,0.0,0.0,False,False
47167,"Tipton County, Tennessee",TN,12,1050.8333333333333,1004.0,173.036429865523,942,1592,54.98040014102364,0.21285302037755657,0.05494375526707888,39.59598728679835,0,0,0,650,1004.0,56.01365834651685,HIGH,951,True,-53.0,0.0,0.0,0.0,False,False
29049,"Clinton County, Missouri",MO,12,1032.75,1009.5,42.6446735456866,1005,1146,55.10306009462895,0.1952463695325429,0.04257029908829635,38.189236388596726,0,0,0,141,1005.0,56.00387826342784,HIGH,1070,True,65.0,0.0,0.0,0.0,False,False
39011,"Auglaize County, Ohio",OH,12,908.4166666666666,1006.0,225.33306997474298,275,1042,56.28691501586085,0.1758401716295778,0.05702165405071958,37.05162577972977,0,0,0,767,1006.0,55.98031905183773,MEDIUM,750,True,-256.0,0.0,0.0,0.0,False,False
37173,"Swain County, North Carolina",NC,12,1008.0,1007.0,10.215852209367362,987,1024,55.31334633330139,0.18451245109156064,0.06572403892617604,37.5265290142934,0,0,0,37,1007.0,55.97896845449715,HIGH,1006,True,-1.0,0.0,0.0,0.0,False,False
17145,"Perry County, Illinois",IL,12,1015.0833333333334,1008.0,131.5988797502287,683,1219,55.278598698613614,0.16671367679569338,0.05968525872085698,41.265551798620784,0,0,0,536,1008.0,55.97427266969824,HIGH,1219,True,211.0,0.0,0.0,0.0,False,False
51085,"Hanover County, Virginia",VA,12,916.1666666666666,1009.0,205.5373592819711,331,1019,56.215706619433604,0.1815298134115655,0.07363393486279858,37.592853480078624,0,0,0,688,1009.0,55.97169490025128,MEDIUM,781,True,-228.0,0.0,0.0,0.0,False,False
54105,"Wirt County, West Virginia",WV,12,1062.6666666666667,1010.0,129.7804673168104,986,1344,54.87031401010225,0.15079515828211407,0.09891501646314778,40.33904441089851,0,0,0,358,1010.0,55.95971364271493,MEDIUM,1344,True,334.0,0.0,0.0,0.0,False,False
47111,"Macon County, Tennessee",TN,12,961.0,1011.0,83.62470274440984,815,1020,55.75946115877275,0.18949855835714738,0.08560782562913279,41.11969877895177,0,0,0,205,1011.0,55.947601209219165,MEDIUM,824,True,-187.0,0.0,0.0,0.0,False,False
31023,"Butler County, Nebraska",NE,12,1021.5,1012.0,114.86632547127431,871,1340,55.206044627514295,0.16731140540060463,0.05549235817883716,37.05683355801352,0,0,0,469,1012.0,55.93100362308826,MEDIUM,880,True,-132.0,0.0,0.0,0.0,False,False
26067,"Ionia County, Michigan",MI,12,1008.5833333333334,1013.0,100.8810806060404,841,1248,55.32194253676949,0.19435757972431245,0.04344749829297218,37.78649681523997,0,0,0,407,1013.0,55.92757086901708,MEDIUM,850,True,-163.0,0.0,0.0,0.0,False,False
40113,"Osage County, Oklahoma",OK,12,1062.5,1014.0,126.91765404816978,997,1450,54.844661231524675,0.1795462655635559,0.0767418855141951,42.50116701771464,0,0,0,453,1014.0,55.926957633056105,HIGH,1104,True,90.0,0.0,0.0,0.0,False,False
42041,"Cumberland County, Pennsylvania",PA,12,984.0,1015.0,94.10149259757203,743,1077,55.55848678292981,0.15099717877737948,0.02032764621811274,37.55092838391757,0,0,0,334,1015.0,55.91144733639776,HIGH,903,True,-112.0,0.0,0.0,0.0,False,False
26063,"Huron County, Michigan",MI,12,1016.4166666666666,1016.0,46.66019976837052,941,1133,55.278911684490396,0.2094776126676913,0.05264792339259559,36.3026664057928,0,0,0,192,1016.0,55.9068980924755,MEDIUM,950,True,-66.0,0.0,0.0,0.0,False,False
39137,"Putnam County, Ohio",OH,12,967.1666666666666,1017.0,172.92711724535243,435,1081,55.72458127777919,0.1741779727856819,0.04741622494322994,38.119201812205915,0,0,0,646,1017.0,55.88650291034237,HIGH,945,True,-72.0,0.0,0.0,0.0,False,False
34035,"Somerset County, New Jersey",NJ,12,948.6666666666666,1018.0,134.90827411334868,690,1035,55.83606812499971,0.18644521514930923,0.06105480346445297,37.9281945325258,0,0,0,345,1018.0,55.86979915491972,MEDIUM,749,True,-269.0,0.0,0.0,0.0,False,False
20045,"Douglas County, Kansas",KS,12,1056.4166666666667,1023.5,75.10290919596237,1019,1282,54.88959071692042,0.14514524889547295,0.036546357986392095,38.84979521868744,0,0,0,263,1019.0,55.86634456916366,HIGH,1047,True,28.0,0.0,0.0,0.0,False,False
36039,"Greene County, New York",NY,12,1043.3333333333333,1020.0,113.96357738197312,984,1402,55.00109486277088,0.2076234009494841,0.09751437687317592,42.09933872512368,0,0,0,418,1020.0,55.8565318384216,MEDIUM,1005,True,-15.0,0.0,0.0,0.0,False,False
36109,"Tompkins County, New York",NY,12,1034.1666666666667,1023.0,17.356336717246094,1021,1062,55.07188728785797,0.19287993515797822,0.04226862295036438,36.99499011038306,0,0,0,41,1021.0,55.8366515874938,HIGH,1062,True,41.0,0.0,0.0,0.0,False,False
29215,"Texas County, Missouri",MO,12,1067.9166666666667,1022.0,90.4438131291098,1009,1281,54.781097778346755,0.16327757120156314,0.07751251886005857,43.64627795374357,0,0,0,272,1022.0,55.8352871029505,HIGH,1181,True,159.0,0.0,0.0,0.0,False,False
21065,"Estill County, Kentucky",KY,12,1015.0,1023.0,20.293303866501926,975,1039,55.251751223065845,0.23322287385082027,0.1104070368183299,43.2172307704935,0,0,0,64,1023.0,55.82576470901265,MEDIUM,1015,True,-8.0,0.0,0.0,0.0,False,False
42077,"Lehigh County, Pennsylvania",PA,12,1009.5,1024.0,60.60378026013049,876,1087,55.321941097862286,0.19813005306425427,0.042413621399896434,40.996659270985184,0,0,0,211,1024.0,55.81486444779651,HIGH,948,True,-76.0,0.0,0.0,0.0,False,False
31147,"Richardson County, Nebraska",NE,12,1084.75,1025.0,161.62533836004795,993,1576,54.63186251368359,0.17592300838784913,0.08212655105437876,42.70988872856534,0,0,0,583,1025.0,55.80998004986546,HIGH,1140,True,115.0,0.0,0.0,0.0,False,False
54021,"Gilmer County, West Virginia",WV,12,1067.1666666666667,1026.0,120.92359220398292,960,1327,54.820550763761865,0.15126662378731812,0.10018915038613035,41.418510559662685,0,0,0,367,1026.0,55.806110672290984,MEDIUM,1327,True,301.0,0.0,0.0,0.0,False,False
17013,"Calhoun County, Illinois",IL,12,1134.0833333333333,1027.0,230.15743952715707,1003,1768,54.218739030318744,0.18724424395786354,0.06988696785325384,40.33178681654618,0,0,0,765,1027.0,55.79307635278435,HIGH,1323,True,296.0,0.0,0.0,0.0,False,False
30107,"Wheatland County, Montana",MT,12,1050.5833333333333,1028.0,45.80285487992546,1013,1137,54.916879898224806,0.187381507666321,0.10288942410577427,41.79988645923235,0,0,0,124,1028.0,55.77394654741097,MEDIUM,1124,True,96.0,0.0,0.0,0.0,False,False
19061,"Dubuque County, Iowa",IA,12,1024.8333333333333,1029.0,102.67143829918935,715,1110,55.14810199227758,0.13882849747541665,0.008704443818209442,38.10372125628795,0,0,0,395,1029.0,55.77000845586695,HIGH,1080,True,51.0,0.0,0.0,0.0,False,False
47185,"White County, Tennessee",TN,12,1008.8333333333334,1030.0,34.91244459900778,922,1039,55.33265862531792,0.2079950569187549,0.09312503313461555,42.18000746144115,0,0,0,117,1030.0,55.767977780483925,MEDIUM,980,True,-50.0,0.0,0.0,0.0,False,False
56029,"Park County, Wyoming",WY,12,1052.1666666666667,1031.0,100.26857872129179,861,1244,54.92752659811338,0.20287125459475566,0.07103972537740094,37.8985737434587,0,0,0,383,1031.0,55.76080423761596,HIGH,1244,True,213.0,0.0,0.0,0.0,False,False
13299,"Ware County, Georgia",GA,12,1042.1666666666667,1032.0,101.97935025674501,814,1220,55.03709582673909,0.19014620890697895,0.0902895421735438,41.902030244181134,0,0,0,406,1032.0,55.75627724728784,HIGH,1220,True,188.0,0.0,0.0,0.0,False,False
13183,"Long County, Georgia",GA,12,1074.25,1033.0,91.74879241216703,1017,1272,54.75687687790841,0.1537053331387191,0.07812336175790387,39.45560037569433,0,0,0,255,1033.0,55.7432367159533,MEDIUM,1272,True,239.0,0.0,0.0,0.0,False,False
48101,"Cottle County, Texas",TX,12,1142.4166666666667,1034.0,296.43440431334227,973,2043,54.08507672937119,0.13798710591637503,0.11173056746315936,37.36025653898902,0,0,0,1070,1034.0,55.732368668850704,LOW,1241,True,207.0,0.0,0.0,0.0,False,False
39131,"Pike County, Ohio",OH,12,1027.6666666666667,1035.0,128.34281743782464,655,1176,55.131783407176165,0.17793517812570647,0.06280677457703833,39.113222128565,0,0,0,521,1035.0,55.71028535099288,HIGH,1176,True,141.0,0.0,0.0,0.0,False,False
51840,"Winchester city, Virginia",VA,12,1051.0833333333333,1036.0,93.61765405902433,825,1203,54.94439403155368,0.17471379047932378,0.04088327910249761,36.706148959496794,0,0,0,378,1036.0,55.7068630189825,HIGH,1203,True,167.0,0.0,0.0,0.0,False,False
21217,"Taylor County, Kentucky",KY,12,1102.5,1041.5,124.4175521087249,1037,1453,54.48858534583706,0.18585810100739686,0.061723198183402696,39.784684576337085,0,0,0,416,1037.0,55.68645235592544,HIGH,1195,True,158.0,0.0,0.0,0.0,False,False
37175,"Transylvania County, North Carolina",NC,12,1047.0,1038.0,49.063965670059034,985,1178,54.96005928549069,0.24077784820376943,0.10695506840284696,39.740542319991654,0,0,0,193,1038.0,55.684468234356814,MEDIUM,1075,True,37.0,0.0,0.0,0.0,False,False
13043,"Candler County, Georgia",GA,12,1062.3333333333333,1039.0,127.81331082576034,965,1459,54.859275820473506,0.18143065215371532,0.09299934456253817,38.36307719637591,0,0,0,494,1039.0,55.67810558252629,MEDIUM,974,True,-65.0,0.0,0.0,0.0,False,False
51109,"Louisa County, Virginia",VA,12,1043.5,1040.0,119.1633714314474,746,1230,55.02421308405706,0.18546150432798766,0.08851791922190883,39.462454959250664,0,0,0,484,1040.0,55.676406544011215,HIGH,1230,True,190.0,0.0,0.0,0.0,False,False
02090,"Fairbanks North Star Borough, Alaska",AK,12,1099.75,1041.0,278.003964981535,879,1956,54.48692895505454,0.06713545595110156,0.032592462103856405,37.09338994174168,0,0,0,1077,1041.0,55.6738643759987,MEDIUM,888,True,-153.0,0.0,0.0,0.0,False,False
39067,"Harrison County, Ohio",OH,12,969.8333333333334,1042.0,172.8324639819169,458,1054,55.6900937083742,0.22714177509298472,0.06168858239607533,38.93862590000093,0,0,0,596,1042.0,55.67041450781094,MEDIUM,889,True,-153.0,0.0,0.0,0.0,False,False
13157,"Jackson County, Georgia",GA,12,989.25,1043.0,89.16391952720869,824,1052,55.50681750101884,0.2088116861477236,0.1071586588482694,42.396369228870434,0,0,0,228,1043.0,55.66606798536223,MEDIUM,857,True,-186.0,0.0,0.0,0.0,False,False
51171,"Shenandoah County, Virginia",VA,12,1016.25,1044.0,97.70468026381613,707,1059,55.24118561603291,0.18443770871514956,0.08633024588364098,39.246546967260905,0,0,0,352,1044.0,55.66155412491603,MEDIUM,1059,True,15.0,0.0,0.0,0.0,False,False
51091,"Highland County, Virginia",VA,12,1025.0833333333333,1045.0,185.0712188877732,480,1225,55.19883309979722,0.2269793568196621,0.08357156889111443,34.54163104488347,0,0,0,745,1045.0,55.64324503879169,HIGH,1225,True,180.0,0.0,0.0,0.0,False,False
13281,"Towns County, Georgia",GA,12,1056.8333333333333,1046.0,29.823216500308007,1021,1111,54.876355283032105,0.20043253180873918,0.08837155369233209,40.85767449511222,0,0,0,90,1046.0,55.626365390428965,HIGH,1111,True,65.0,0.0,0.0,0.0,False,False
40015,"Caddo County, Oklahoma",OK,12,1019.6666666666666,1047.0,113.18635746039146,671,1106,55.20483815253885,0.2039533569172147,0.09049146108363924,41.59154977473071,0,0,0,435,1047.0,55.623314814801454,HIGH,1106,True,59.0,0.0,0.0,0.0,False,False
29133,"Mississippi County, Missouri",MO,12,1054.5833333333333,1048.0,37.61638505016688,997,1132,54.88096035319453,0.17071505308791202,0.10379749711103102,42.54374185947296,0,0,0,135,1048.0,55.613535613839545,HIGH,1132,True,84.0,0.0,0.0,0.0,False,False
21181,"Nicholas County, Kentucky",KY,12,1119.5833333333333,1049.0,167.80099595182455,1020,1606,54.35901262916127,0.21896761309179427,0.08250753452689905,40.23399170585662,0,0,0,586,1049.0,55.607680888743246,HIGH,1223,True,174.0,0.0,0.0,0.0,False,False
29186,"Ste. Genevieve County, Missouri",MO,12,1050.0,1050.0,86.11303353996155,808,1161,54.94632310463843,0.1779933153713561,0.05076106183978763,37.45953107554547,0,0,0,353,1050.0,55.60489742938175,HIGH,1161,True,111.0,0.0,0.0,0.0,False,False
42033,"Clearfield County, Pennsylvania",PA,12,1023.5833333333334,1051.0,221.1233544399774,356,1234,55.236284351490504,0.17923183217036176,0.07865307864886313,40.89838979533238,0,0,0,878,1051.0,55.574325315161545,HIGH,1234,True,183.0,0.0,0.0,0.0,False,False
23029,"Washington County, Maine",ME,12,1037.5,1052.0,42.57720260677282,944,1071,55.07611037367476,0.20087423502079751,0.0688551494626086,40.882379542274045,0,0,0,127,1052.0,55.571855561471445,MEDIUM,953,True,-99.0,0.0,0.0,0.0,False,False
27155,"Traverse County, Minnesota",MN,12,1143.5,1053.0,232.4288747513566,1047,1861,54.09064402085224,0.20123715880036083,0.05229361814994357,37.00084372126234,0,0,0,814,1053.0,55.550324780760974,HIGH,1198,True,145.0,0.0,0.0,0.0,False,False
33017,"Strafford County, New Hampshire",NH,12,1071.6666666666667,1054.0,68.74767213689805,1003,1274,54.74292072764385,0.15023090476933856,0.03175744922661782,36.60950834868552,0,0,0,271,1054.0,55.54258090934835,HIGH,1012,True,-42.0,0.0,0.0,0.0,False,False
21081,"Grant County, Kentucky",KY,12,1094.4166666666667,1059.5,61.316553205229155,1055,1258,54.52861424616031,0.19077873654278024,0.043048412534019864,37.5816571026624,0,0,0,203,1055.0,55.53846541198928,HIGH,1145,True,90.0,0.0,0.0,0.0,False,False
27111,"Otter Tail County, Minnesota",MN,12,1028.0833333333333,1056.0,70.32064010119946,851,1086,55.16993501215742,0.1510773938470348,0.04502817008807957,42.01400999215021,0,0,0,235,1056.0,55.53458118382195,HIGH,961,True,-95.0,0.0,0.0,0.0,False,False
17155,"Putnam County, Illinois",IL,12,1019.9166666666666,1057.0,144.74771678735215,564,1096,55.21713541956874,0.21646338695106215,0.060627559334452706,38.642644018863024,0,0,0,532,1057.0,55.52177404007017,HIGH,1042,True,-15.0,0.0,0.0,0.0,False,False
36001,"Albany County, New York",NY,12,1054.1666666666667,1058.0,14.527925043192008,1012,1068,54.89107560285385,0.2037779994974913,0.05931604234120239,39.776553857514386,0,0,0,56,1058.0,55.51159534099532,HIGH,1068,True,10.0,0.0,0.0,0.0,False,False
20185,"Stafford County, Kansas",KS,12,1148.6666666666667,1059.0,209.39885097077007,1022,1747,54.0858044765018,0.14387670337788905,0.07827502276463233,43.97261747929667,0,0,0,725,1059.0,55.50845053783246,HIGH,1290,True,231.0,0.0,0.0,0.0,False,False
31157,"Scotts Bluff County, Nebraska",NE,12,1054.75,1060.0,43.77031995646029,967,1113,54.93060940870532,0.1455020760142554,0.050174452701542915,38.99722570186263,0,0,0,146,1060.0,55.50602685997523,MEDIUM,976,True,-84.0,0.0,0.0,0.0,False,False
29015,"Benton County, Missouri",MO,12,1061.0833333333333,1061.0,29.724365069549908,1018,1142,54.84653222498315,0.22421130141249987,0.09597549363283618,44.15493720999293,0,0,0,124,1061.0,55.48620333087201,MEDIUM,1027,True,-34.0,0.0,0.0,0.0,False,False
27007,"Beltrami County, Minnesota",MN,12,1154.9166666666667,1066.5,272.3178151062512,1062,2017,53.951476210493176,0.11514038036853468,0.029230938823013242,40.288773749362825,0,0,0,955,1062.0,55.4808481124577,HIGH,1085,True,23.0,0.0,0.0,0.0,False,False
13119,"Franklin County, Georgia",GA,12,1056.5833333333333,1063.0,38.32506498442774,956,1108,54.86622634076485,0.18064184705338474,0.07984820828800655,40.572350979164035,0,0,0,152,1063.0,55.47751704887008,HIGH,1108,True,45.0,0.0,0.0,0.0,False,False
29061,"Daviess County, Missouri",MO,12,1112.4166666666667,1064.0,160.54875121019006,1025,1615,54.37877198935616,0.18675935076246164,0.08067697506630915,38.1978864309455,0,0,0,590,1064.0,55.46483712324863,HIGH,1118,True,54.0,0.0,0.0,0.0,False,False
17017,"Cass County, Illinois",IL,12,1063.3333333333333,1065.0,68.17802009623351,863,1139,54.81057960107177,0.13738310563818265,0.06363505052372576,39.35023646168396,0,0,0,276,1065.0,55.457891138807824,HIGH,1139,True,74.0,0.0,0.0,0.0,False,False
05107,"Phillips County, Arkansas",AR,12,1144.8333333333333,1066.0,166.00593271618246,1008,1436,54.13682448489237,0.1552899140325066,0.09963542544394112,41.05562699711005,0,0,0,428,1066.0,55.454438635105056,MEDIUM,1436,True,370.0,0.0,0.0,0.0,False,False
47081,"Hickman County, Tennessee",TN,12,1102.4166666666667,1067.0,83.33225756881396,1059,1350,54.47107742058862,0.18698308490065155,0.08189975951576502,44.464052060435655,0,0,0,291,1067.0,55.45215671814387,HIGH,1146,True,79.0,0.0,0.0,0.0,False,False
48141,"El Paso County, Texas",TX,12,1069.3333333333333,1068.0,61.53540493574461,975,1228,54.79349313459603,0.10801321278794442,0.0655929637779283,39.83904978208683,0,0,0,253,1068.0,55.44913559673504,MEDIUM,984,True,-84.0,0.0,0.0,0.0,False,False
31143,"Polk County, Nebraska",NE,12,1058.6666666666667,1069.0,82.58806135748607,913,1243,54.90527278402565,0.20621814489701482,0.06269529704408096,40.754999061019575,0,0,0,330,1069.0,55.449006495529275,MEDIUM,922,True,-147.0,0.0,0.0,0.0,False,False
13291,"Union County, Georgia",GA,12,1049.9166666666667,1070.0,34.00924562348875,977,1079,54.97561726891041,0.17868732336336815,0.09538969079266087,41.32493089060824,0,0,0,102,1070.0,55.44833627194419,MEDIUM,986,True,-84.0,0.0,0.0,0.0,False,False
45077,"Pickens County, South Carolina",SC,12,1104.1666666666667,1071.0,170.89913736328555,983,1637,54.4970253187028,0.19469424846314057,0.08270964880315945,40.952098164952865,0,0,0,654,1071.0,55.44144647929874,MEDIUM,992,True,-79.0,0.0,0.0,0.0,False,False
13073,"Columbia County, Georgia",GA,12,1064.8333333333333,1072.0,38.14048989849201,946,1094,54.819589010718126,0.15656005737873954,0.0626147474763369,40.67742253358262,0,0,0,148,1072.0,55.42566856798014,HIGH,1094,True,22.0,0.0,0.0,0.0,False,False
18171,"Warren County, Indiana",IN,12,1036.9166666666667,1073.0,104.14714968677146,786,1142,55.087538144452594,0.19632388625583622,0.03602857264119776,37.958280822967744,0,0,0,356,1073.0,55.41834721607397,MEDIUM,931,True,-142.0,0.0,0.0,0.0,False,False
51017,"Bath County, Virginia",VA,12,1069.0,1074.0,32.579971538577915,980,1107,54.79430183198716,0.18251638495568737,0.04670649683633299,36.05034178473173,0,0,0,127,1074.0,55.41337226723306,HIGH,1058,True,-16.0,0.0,0.0,0.0,False,False
50009,"Essex County, Vermont",VT,12,1050.8333333333333,1075.0,129.18896190769502,657,1160,54.93927436346318,0.1689479636333279,-0.00918229282915855,18.04453826824934,0,0,0,503,1075.0,55.40680350539479,LOW,1054,True,-21.0,0.0,0.0,0.0,False,False
17085,"Jo Daviess County, Illinois",IL,12,1085.1666666666667,1076.0,43.653247996066256,1048,1220,54.65165254519917,0.14888317152659963,0.0486184867475897,38.929686177286,0,0,0,172,1076.0,55.39776833693006,HIGH,1057,True,-19.0,0.0,0.0,0.0,False,False
19029,"Cass County, Iowa",IA,12,1072.9166666666667,1077.0,39.45183100563229,996,1134,54.7691667092447,0.20932506015528127,0.04060217595443912,39.203025833493214,0,0,0,138,1077.0,55.39484346953751,HIGH,1036,True,-41.0,0.0,0.0,0.0,False,False
05097,"Montgomery County, Arkansas",AR,12,1123.0833333333333,1078.0,103.23623248147761,1069,1348,54.360341497159034,0.21967475331997702,0.08046423364875675,40.07915188640689,0,0,0,279,1078.0,55.38944032732921,MEDIUM,1348,True,270.0,0.0,0.0,0.0,False,False
01041,"Crenshaw County, Alabama",AL,12,1090.1666666666667,1079.0,109.95191786605746,849,1284,54.642095179154204,0.1250756789050923,0.06757459329190485,41.50819223389988,0,0,0,435,1079.0,55.38715976505972,HIGH,1284,True,205.0,0.0,0.0,0.0,False,False
26013,"Baraga County, Michigan",MI,12,1058.8333333333333,1080.0,64.05797563476573,950,1132,54.93025794767886,0.20785402730831673,0.04192917046315083,38.83843074210185,0,0,0,182,1080.0,55.385689101727365,MEDIUM,966,True,-114.0,0.0,0.0,0.0,False,False
47143,"Rhea County, Tennessee",TN,12,1052.0,1081.0,55.455141576527666,931,1090,54.98906807530627,0.189478533858106,0.07272200365915875,41.07854179584753,0,0,0,159,1081.0,55.383452747597715,MEDIUM,940,True,-141.0,0.0,0.0,0.0,False,False
20105,"Lincoln County, Kansas",KS,12,1166.9166666666667,1082.0,191.36422118963395,1063,1717,53.97089199186639,0.1604804735836042,0.0755223401333772,43.374663157658084,0,0,0,654,1082.0,55.37799676474049,MEDIUM,1293,True,211.0,0.0,0.0,0.0,False,False
40021,"Cherokee County, Oklahoma",OK,12,1128.6666666666667,1083.0,105.65495585617222,1075,1441,54.3088967567656,0.2062213923973831,0.06893951034482149,41.51462338353112,0,0,0,366,1083.0,55.37676472515381,HIGH,1186,True,103.0,0.0,0.0,0.0,False,False
02230,"Skagway Municipality, Alaska",AK,12,1089.8333333333333,1084.0,310.1239732556624,683,1946,54.60681588072924,0.10911585229953381,0.08654364717101887,37.37650877858948,0,0,0,1263,1084.0,55.37152376416916,LOW,692,True,-392.0,0.0,0.0,0.0,False,False
42103,"Pike County, Pennsylvania",PA,12,1068.8333333333333,1085.0,61.15826463637875,875,1093,54.805898000683975,0.18795320274461236,0.06600451828770494,41.31456778646641,0,0,0,218,1085.0,55.35355657419021,HIGH,1089,True,4.0,0.0,0.0,0.0,False,False
38027,"Eddy County, North Dakota",ND,12,1120.3333333333333,1086.0,101.23719522472805,1004,1332,54.36890841368969,0.10916376601442375,0.11470999957181915,45.71605899386261,0,0,0,328,1086.0,55.35126349084483,MEDIUM,1253,True,167.0,0.0,0.0,0.0,False,False
51165,"Rockingham County, Virginia",VA,12,1016.1666666666666,1086.0,155.5014371949564,545,1095,55.316065404282476,0.23459135128938755,0.08659893157556592,39.32905275663579,0,0,0,550,1087.0,55.34223020870795,MEDIUM,969,True,-118.0,0.0,0.0,0.0,False,False
42053,"Forest County, Pennsylvania",PA,12,1153.3333333333333,1088.0,129.67184690127573,1062,1420,54.115066911020364,0.16805450628976362,0.08673520194650607,45.33915340708714,0,0,0,358,1088.0,55.34070977844608,MEDIUM,1342,True,254.0,0.0,0.0,0.0,False,False
42039,"Crawford County, Pennsylvania",PA,12,1045.5833333333333,1088.5,154.58122803434463,556,1113,55.01359512745054,0.16684228819385252,0.06439433314748287,41.20042512791731,0,0,0,557,1089.0,55.32693983764608,HIGH,1113,True,24.0,0.0,0.0,0.0,False,False
18137,"Ripley County, Indiana",IN,12,1040.6666666666667,1089.5,136.4320232558946,630,1122,55.066312838860085,0.17540720901431342,0.06319971516348954,41.72542882204096,0,0,0,492,1090.0,55.3201603472783,MEDIUM,994,True,-96.0,0.0,0.0,0.0,False,False
42019,"Butler County, Pennsylvania",PA,12,1052.1666666666667,1091.0,111.02074608200965,759,1153,54.97565657231727,0.1474928908671481,0.024772838377671066,40.09463636889839,0,0,0,394,1091.0,55.29772787936382,MEDIUM,962,True,-129.0,0.0,0.0,0.0,False,False
45083,"Spartanburg County, South Carolina",SC,12,1076.0,1092.0,140.91454534897758,827,1384,54.77641957959196,0.2160505612357413,0.0809677352059264,41.784731923872926,0,0,0,557,1092.0,55.292139475490345,MEDIUM,836,True,-256.0,0.0,0.0,0.0,False,False
27083,"Lyon County, Minnesota",MN,12,1103.8333333333333,1093.0,40.47408448812048,1055,1215,54.506302538275236,0.1823355110728393,0.02097862286032003,39.17374898623447,0,0,0,160,1093.0,55.29005277234994,HIGH,1064,True,-29.0,0.0,0.0,0.0,False,False
23007,"Franklin County, Maine",ME,12,1077.0833333333333,1094.0,42.42953159669749,982,1103,54.77094589462492,0.21900867029510365,0.06517702618310159,40.00276902830233,0,0,0,121,1094.0,55.28373907838871,MEDIUM,991,True,-103.0,0.0,0.0,0.0,False,False
47153,"Sequatchie County, Tennessee",TN,12,1069.6666666666667,1095.0,81.64037919529474,811,1104,54.81781941360766,0.19755572385990258,0.07440250731764884,40.32812752503999,0,0,0,293,1095.0,55.27658608128999,HIGH,1095,True,0.0,0.0,0.0,0.0,False,False
01071,"Jackson County, Alabama",AL,12,1134.1666666666667,1100.5,66.84559322298918,1096,1294,54.271467373786244,0.1723143080299586,0.0718754513233909,43.03061584519411,0,0,0,198,1096.0,55.275009540574054,HIGH,1217,True,121.0,0.0,0.0,0.0,False,False
40051,"Grady County, Oklahoma",OK,12,1085.4166666666667,1097.0,31.285949019657465,1031,1116,54.68205469133693,0.1982726382546337,0.057808909345485104,43.450015316369736,0,0,0,85,1097.0,55.26701205641102,HIGH,1040,True,-57.0,0.0,0.0,0.0,False,False
19035,"Cherokee County, Iowa",IA,12,1049.3333333333333,1098.0,107.70273342807408,858,1139,55.009560822563,0.21283823833053864,0.030370912804138218,38.08277512555567,0,0,0,281,1098.0,55.24724461446314,MEDIUM,867,True,-231.0,0.0,0.0,0.0,False,False
05019,"Clark County, Arkansas",AR,12,1141.8333333333333,1100.0,95.66117606459063,1099,1427,54.19807389563241,0.20312726742200082,0.047084052644522284,39.84678599885382,0,0,0,328,1099.0,55.234931773088306,HIGH,1190,True,91.0,0.0,0.0,0.0,False,False
13229,"Pierce County, Georgia",GA,12,1104.3333333333333,1100.0,20.65004218940586,1081,1166,54.509729433366886,0.17959002592799875,0.06287328653607449,37.41843149319912,0,0,0,85,1100.0,55.230841631847085,HIGH,1090,True,-10.0,0.0,0.0,0.0,False,False
40055,"Greer County, Oklahoma",OK,12,1162.5,1101.0,150.76984265610096,1049,1482,54.03087232891344,0.1702567529347212,0.08074854620288939,41.71452857082326,0,0,0,433,1101.0,55.2290594959052,MEDIUM,1482,True,381.0,0.0,0.0,0.0,False,False
19183,"Washington County, Iowa",IA,12,1071.25,1102.0,136.91677963439892,643,1158,54.78453891424825,0.15240917048100835,0.009813063927968083,37.02974327144187,0,0,0,515,1102.0,55.22737105416254,HIGH,1091,True,-11.0,0.0,0.0,0.0,False,False
29101,"Johnson County, Missouri",MO,12,1110.25,1103.0,89.91523786322318,872,1240,54.48260343131844,0.15605014496710193,0.03235174120684981,40.12605152133621,0,0,0,368,1103.0,55.22545758387433,HIGH,1240,True,137.0,0.0,0.0,0.0,False,False
29143,"New Madrid County, Missouri",MO,12,1125.8333333333333,1104.0,51.54492009770493,1074,1224,54.34342287162888,0.21246018200119524,0.07876329668258186,40.979372831227224,0,0,0,150,1104.0,55.22416550159982,HIGH,1205,True,101.0,0.0,0.0,0.0,False,False
51087,"Henrico County, Virginia",VA,12,1053.0,1105.0,166.12262721473937,537,1144,54.98067737922347,0.1616694745750158,0.043550309681648997,39.3551814053704,0,0,0,607,1105.0,55.21486428442033,HIGH,1038,True,-67.0,0.0,0.0,0.0,False,False
17069,"Hardin County, Illinois",IL,12,1097.5833333333333,1106.0,24.013096174354242,1029,1117,54.578684818540545,0.14919249112384522,0.08369254504228206,43.40538864760932,0,0,0,88,1106.0,55.200651336309505,HIGH,1117,True,11.0,0.0,0.0,0.0,False,False
45063,"Lexington County, South Carolina",SC,12,1125.5,1107.0,140.97162835123956,994,1553,54.35719750257356,0.1503697089071783,0.0608035477348887,45.6874077902863,0,0,0,559,1107.0,55.19854154531928,HIGH,1003,True,-104.0,0.0,0.0,0.0,False,False
21091,"Hancock County, Kentucky",KY,12,1081.25,1108.0,100.94924467275621,763,1131,54.7309539956413,0.17895211778190034,0.03692913398016424,38.13074514878867,0,0,0,368,1108.0,55.19506776135075,HIGH,1097,True,-11.0,0.0,0.0,0.0,False,False
29071,"Franklin County, Missouri",MO,12,1123.4166666666667,1113.5,20.69017480190373,1109,1176,54.332067683251076,0.14882695047791403,0.02234517091804848,38.17560740118765,0,0,0,67,1109.0,55.17446202946322,HIGH,1130,True,21.0,0.0,0.0,0.0,False,False
28073,"Lamar County, Mississippi",MS,12,1096.3333333333333,1110.0,60.11856971221476,906,1120,54.582553602008666,0.13168134723321365,0.06893026149279709,39.876960969363154,0,0,0,214,1110.0,55.173611005526624,HIGH,1120,True,10.0,0.0,0.0,0.0,False,False
51113,"Madison County, Virginia",VA,12,1112.4166666666667,1111.0,178.57743842700705,678,1395,54.46974778054147,0.1994613930861916,0.09594017731720955,40.34614242584904,0,0,0,717,1111.0,55.16097091777667,MEDIUM,1395,True,284.0,0.0,0.0,0.0,False,False
19123,"Mahaska County, Iowa",IA,12,1115.8333333333333,1112.0,41.59946095221846,1046,1210,54.41501080003287,0.16566022162118552,0.03726471796241048,38.080749582316194,0,0,0,164,1112.0,55.15247797314678,HIGH,1055,True,-57.0,0.0,0.0,0.0,False,False
05123,"St. Francis County, Arkansas",AR,12,1158.5833333333333,1113.0,114.05298476293085,1043,1396,54.079623737946896,0.1906386360764507,0.10433433608680964,38.34490800995082,0,0,0,353,1113.0,55.13000305108226,MEDIUM,1315,True,202.0,0.0,0.0,0.0,False,False
17185,"Wabash County, Illinois",IL,12,1136.9166666666667,1114.0,48.91822180172158,1093,1221,54.24780913140173,0.15322074127960641,0.07943935062609546,43.10235310705186,0,0,0,128,1114.0,55.12010580021339,HIGH,1221,True,107.0,0.0,0.0,0.0,False,False
40029,"Coal County, Oklahoma",OK,12,1122.1666666666667,1115.0,67.83647896808823,1009,1254,54.35029528936994,0.17184100826688894,0.08836781560205838,41.037394465086834,0,0,0,245,1115.0,55.089661358256805,HIGH,1254,True,139.0,0.0,0.0,0.0,False,False
37163,"Sampson County, North Carolina",NC,12,1106.5833333333333,1116.0,54.56515427089033,951,1170,54.497856942827354,0.1869687207649842,0.09108736047723419,42.58769013239736,0,0,0,219,1116.0,55.08788152304465,HIGH,1170,True,54.0,0.0,0.0,0.0,False,False
02170,"Matanuska-Susitna Borough, Alaska",AK,12,1138.0,1117.0,103.01456207740725,1052,1455,54.224840222532265,0.11380882100892233,0.040241768742967414,38.38548229991889,0,0,0,403,1117.0,55.08529043399045,HIGH,1061,True,-56.0,0.0,0.0,0.0,False,False
13001,"Appling County, Georgia",GA,12,1140.0833333333333,1118.0,53.01536369656242,1089,1256,54.2111896108463,0.20759447153007948,0.07417354477237896,40.313427870305574,0,0,0,167,1118.0,55.074327595614776,HIGH,1256,True,138.0,0.0,0.0,0.0,False,False
51685,"Manassas Park city, Virginia",VA,12,1072.4166666666667,1119.0,152.31573567210097,592,1136,54.78079472198626,0.15866183244851542,0.04757753082977248,36.61761656110264,0,0,0,544,1119.0,55.07152282128823,MEDIUM,1086,True,-33.0,0.0,0.0,0.0,False,False
20197,"Wabaunsee County, Kansas",KS,12,1189.8333333333333,1120.5,164.04535588634863,1120,1686,53.77234938125651,0.16255806412902848,0.04499404876680852,39.04230620925561,0,0,0,566,1120.0,55.07139820917875,HIGH,1255,True,135.0,0.0,0.0,0.0,False,False
19057,"Des Moines County, Iowa",IA,12,1083.3333333333333,1121.0,256.3975369805587,287,1268,54.77366276338642,0.14751945959537996,0.03312050835787183,38.33689915824235,0,0,0,981,1121.0,55.052584087694186,HIGH,1268,True,147.0,0.0,0.0,0.0,False,False
46115,"Spink County, South Dakota",SD,12,1170.0833333333333,1122.0,200.69038040693127,1074,1805,53.91610210777494,0.14083666500891176,0.09021462697617487,43.492740387475266,0,0,0,731,1122.0,55.05054147226033,MEDIUM,1083,True,-39.0,0.0,0.0,0.0,False,False
21197,"Powell County, Kentucky",KY,12,1192.0833333333333,1123.0,133.891040051456,1098,1429,53.78300003000508,0.20589976802297907,0.0846193645109387,40.10482619270542,0,0,0,331,1123.0,55.04127547714363,MEDIUM,1429,True,306.0,0.0,0.0,0.0,False,False
21219,"Todd County, Kentucky",KY,12,1170.75,1124.0,90.37309032309042,1118,1393,53.957951466583545,0.21921838964958784,0.0582615090540184,40.19011961628408,0,0,0,275,1124.0,55.035504261074294,HIGH,1276,True,152.0,0.0,0.0,0.0,False,False
19007,"Appanoose County, Iowa",IA,12,1155.0,1126.5,84.29170130618381,1125,1421,54.069419571968446,0.17873542823231214,0.07330272512313464,45.26319584900366,0,0,0,296,1125.0,55.022967485111536,HIGH,1154,True,29.0,0.0,0.0,0.0,False,False
51570,"Colonial Heights city, Virginia",VA,12,1086.0,1126.0,121.84714716696189,702,1135,54.665403688691725,0.19788644222821425,0.10704712184035504,41.92853843338073,0,0,0,433,1126.0,55.02169407498198,MEDIUM,1134,True,8.0,0.0,0.0,0.0,False,False
18063,"Hendricks County, Indiana",IN,12,1120.9166666666667,1127.0,40.2276664935359,998,1154,54.32946585064414,0.15756885882567964,0.03830103874807062,44.611619383785104,0,0,0,156,1127.0,55.00679977894946,HIGH,1128,True,1.0,0.0,0.0,0.0,False,False
15001,"Hawaii County, Hawaii",HI,12,1149.0,1128.0,321.452103034736,843,2112,54.064321772830255,0.18898622131488704,0.11503051344409972,50.22036577945414,0,0,0,1269,1128.0,55.00281294957088,LOW,852,True,-276.0,0.0,0.0,0.0,False,False
51041,"Chesterfield County, Virginia",VA,12,1103.8333333333333,1129.0,49.13956623431843,1015,1138,54.533569960583,0.2177988915210383,0.05499318444700598,42.56490253553406,0,0,0,123,1129.0,54.99898264677728,MEDIUM,1031,True,-98.0,0.0,0.0,0.0,False,False
54013,"Calhoun County, West Virginia",WV,12,1093.25,1130.0,97.2336688788218,809,1159,54.61562888206853,0.18866786813553202,0.12145598585944563,42.11000330153634,0,0,0,350,1130.0,54.98671425983385,MEDIUM,1159,True,29.0,0.0,0.0,0.0,False,False
17093,"Kendall County, Illinois",IL,12,1101.0833333333333,1131.0,92.67975981188064,842,1182,54.54217880763042,0.13056269637216986,0.02078463548441921,40.025214207200456,0,0,0,340,1131.0,54.97876012195781,HIGH,1045,True,-86.0,0.0,0.0,0.0,False,False
45075,"Orangeburg County, South Carolina",SC,12,1115.5,1132.0,24.028392296690104,1064,1141,54.42901915053455,0.1725199564489411,0.10449503858436443,46.25437426887512,0,0,0,77,1132.0,54.97725737253909,MEDIUM,1105,True,-27.0,0.0,0.0,0.0,False,False
30077,"Powell County, Montana",MT,12,1132.4166666666667,1133.0,107.00081421383786,860,1295,54.317885785013665,0.2117062440850738,0.09159978037976889,42.77409204920823,0,0,0,435,1133.0,54.97243407109152,HIGH,1295,True,162.0,0.0,0.0,0.0,False,False
51007,"Amelia County, Virginia",VA,12,1145.25,1134.0,89.7036788543257,949,1305,54.204695579600745,0.23235315218993843,0.07337602169332057,39.916832216157616,0,0,0,356,1134.0,54.96872450653451,HIGH,1305,True,171.0,0.0,0.0,0.0,False,False
51029,"Buckingham County, Virginia",VA,12,1136.5833333333333,1135.0,44.89879191193805,1036,1215,54.26882149772348,0.1935114120955668,0.0839871489102741,40.618951495624074,0,0,0,179,1135.0,54.96536486238473,HIGH,1215,True,80.0,0.0,0.0,0.0,False,False
40079,"Le Flore County, Oklahoma",OK,12,1122.8333333333333,1136.0,23.15887159024229,1060,1145,54.36681183862197,0.21522168859955723,0.09709690216098012,44.63231225903193,0,0,0,85,1136.0,54.964506424796625,HIGH,1116,True,-20.0,0.0,0.0,0.0,False,False
05149,"Yell County, Arkansas",AR,12,1131.0,1137.0,130.39520348122124,757,1288,54.33278570674057,0.1659475316828925,0.06695756208108562,42.00086807675976,0,0,0,531,1137.0,54.96306066805562,HIGH,1288,True,151.0,0.0,0.0,0.0,False,False
28047,"Harrison County, Mississippi",MS,12,1191.3333333333333,1138.0,156.5452785695699,1129,1684,53.79500035845123,0.1265555816210312,0.06899625038695431,43.433719951710366,0,0,0,555,1138.0,54.95666320146553,HIGH,1194,True,56.0,0.0,0.0,0.0,False,False
51049,"Cumberland County, Virginia",VA,12,1182.6666666666667,1139.0,88.51741824823705,1137,1425,53.87062412842304,0.16940075061596194,0.04979751862630031,39.194199761989594,0,0,0,288,1139.0,54.95465643169709,HIGH,1260,True,121.0,0.0,0.0,0.0,False,False
24029,"Kent County, Maryland",MD,12,1133.5,1140.0,46.66222922625577,1064,1252,54.279569285336216,0.18735192867901743,0.0704189489343733,39.0916665835513,0,0,0,188,1140.0,54.94101484805085,MEDIUM,1073,True,-67.0,0.0,0.0,0.0,False,False
18085,"Kosciusko County, Indiana",IN,12,1107.8333333333333,1141.0,138.33347937195646,675,1193,54.48526874341116,0.15641745165338217,0.021626355768240197,38.630628375082225,0,0,0,518,1141.0,54.92868073284099,HIGH,1123,True,-18.0,0.0,0.0,0.0,False,False
37167,"Stanly County, North Carolina",NC,12,1144.0833333333333,1142.0,54.77301647100816,1094,1307,54.178763474181125,0.17249269590790886,0.0678372875707736,41.47731389735887,0,0,0,213,1142.0,54.91040563220322,MEDIUM,1103,True,-39.0,0.0,0.0,0.0,False,False
47083,"Houston County, Tennessee",TN,12,1110.0833333333333,1143.0,79.74557078989439,862,1152,54.4712233605691,0.18940946074382237,0.0732949729515035,39.25978480085206,0,0,0,290,1143.0,54.904825659251145,HIGH,1112,True,-31.0,0.0,0.0,0.0,False,False
19163,"Scott County, Iowa",IA,12,1146.75,1144.0,44.585209532881066,1084,1229,54.160364248955055,0.18316380190964257,-0.00885060134242545,39.11381749868434,0,0,0,145,1144.0,54.89382557614288,MEDIUM,1093,True,-51.0,0.0,0.0,0.0,False,False
01133,"Winston County, Alabama",AL,12,1190.5833333333333,1149.5,92.75525795763753,1145,1464,53.79029457761565,0.20509989067201753,0.04146014587474521,39.71016577004151,0,0,0,319,1145.0,54.886765850084544,HIGH,1242,True,97.0,0.0,0.0,0.0,False,False
29039,"Cedar County, Missouri",MO,12,1184.25,1146.0,84.35652154559682,1145,1369,53.83671624645864,0.16965124671605206,0.06288644740825487,40.02386460386458,0,0,0,224,1146.0,54.8693603818343,HIGH,1369,True,223.0,0.0,0.0,0.0,False,False
21191,"Pendleton County, Kentucky",KY,12,1147.4166666666667,1147.0,48.04440811910532,1014,1213,54.16077618508863,0.18363896073856145,0.042580860302300995,39.1379687700269,0,0,0,199,1147.0,54.86536652145216,HIGH,1213,True,66.0,0.0,0.0,0.0,False,False
20113,"McPherson County, Kansas",KS,12,1125.6666666666667,1148.0,56.22250169611543,1001,1157,54.326266816181324,0.19282435140947832,0.033256828561388535,38.67831903196124,0,0,0,156,1148.0,54.837698925429734,HIGH,1010,True,-138.0,0.0,0.0,0.0,False,False
29027,"Callaway County, Missouri",MO,12,1121.75,1149.0,53.64890069194844,1009,1158,54.371553159224824,0.20844997770611337,0.04430950151907651,38.22428165729946,0,0,0,149,1149.0,54.8350707731408,MEDIUM,1018,True,-131.0,0.0,0.0,0.0,False,False
29037,"Cass County, Missouri",MO,12,1140.3333333333333,1150.0,28.426406843999942,1089,1170,54.193560447211674,0.16613383481596602,0.0368927943901264,40.60604965868497,0,0,0,81,1150.0,54.81918423062233,HIGH,1098,True,-52.0,0.0,0.0,0.0,False,False
37187,"Washington County, North Carolina",NC,12,1119.6666666666667,1151.0,90.85386201160766,839,1168,54.40678110700704,0.1991060424089549,0.10073048398333652,39.970734627977535,0,0,0,329,1151.0,54.81451189069937,MEDIUM,1168,True,17.0,0.0,0.0,0.0,False,False
29131,"Miller County, Missouri",MO,12,1137.5833333333333,1152.0,152.98155464174778,687,1304,54.256051590181265,0.20492488229309883,0.05240136663701617,40.59891937519183,0,0,0,617,1152.0,54.80862738569766,HIGH,1304,True,152.0,0.0,0.0,0.0,False,False
20119,"Meade County, Kansas",KS,12,1220.3333333333333,1153.0,222.9461138862252,1138,1927,53.4641843748204,0.12593131308535063,0.055982996576888766,41.25494446476107,0,0,0,789,1153.0,54.78619833642084,HIGH,1185,True,32.0,0.0,0.0,0.0,False,False
32003,"Clark County, Nevada",NV,12,1171.6666666666667,1154.0,208.81803010508864,1016,1810,53.916992671540505,0.18627804863533406,0.11513179010233038,45.885400158610345,0,0,0,794,1154.0,54.78613628879151,MEDIUM,1025,True,-129.0,0.0,0.0,0.0,False,False
24015,"Cecil County, Maryland",MD,12,1131.9166666666667,1155.0,45.044338426071086,1037,1164,54.27700170763611,0.19827629706046454,0.06798174694704155,39.621127786258874,0,0,0,127,1155.0,54.774591838945256,MEDIUM,1046,True,-109.0,0.0,0.0,0.0,False,False
38029,"Emmons County, North Dakota",ND,12,1245.75,1156.0,253.58452956827557,1097,2019,53.260902967677644,0.09770914052054543,0.08654137871569018,40.44424374662081,0,0,0,922,1156.0,54.76304550483427,MEDIUM,1322,True,166.0,0.0,0.0,0.0,False,False
13089,"DeKalb County, Georgia",GA,12,1191.25,1161.5,57.442659155971306,1157,1310,53.766999290557436,0.1996965923927421,0.040810446050278885,42.664174084747856,0,0,0,153,1157.0,54.75978552250463,HIGH,1277,True,120.0,0.0,0.0,0.0,False,False
19155,"Pottawattamie County, Iowa",IA,12,1137.25,1158.0,68.204405349588,995,1217,54.22243040008015,0.14797087245490004,-0.0032590828977834756,37.395317876033474,0,0,0,222,1158.0,54.73899567520412,MEDIUM,1056,True,-102.0,0.0,0.0,0.0,False,False
30101,"Toole County, Montana",MT,12,1215.1666666666667,1159.0,190.84588419756793,1124,1817,53.53895428012237,0.23604961749563239,0.07285093909546042,37.718194648211174,0,0,0,693,1159.0,54.73140168397715,MEDIUM,1202,True,43.0,0.0,0.0,0.0,False,False
56009,"Converse County, Wyoming",WY,12,1216.6666666666667,1160.0,124.88564466112283,1156,1580,53.55350557029265,0.12499330036761085,0.03394018567314181,37.93224862619658,0,0,0,424,1160.0,54.71933587292512,HIGH,1294,True,134.0,0.0,0.0,0.0,False,False
21201,"Robertson County, Kentucky",KY,12,1173.8333333333333,1161.0,136.28901998949502,869,1410,53.93675193376864,0.19960467210308686,0.0814479894075668,42.312644205520016,0,0,0,541,1161.0,54.71711376069176,HIGH,1410,True,249.0,0.0,0.0,0.0,False,False
40039,"Custer County, Oklahoma",OK,12,1167.5833333333333,1162.5,12.36901064121232,1162,1205,53.95325416773144,0.16139046339861624,0.040257745968374455,37.64163578893195,0,0,0,43,1162.0,54.70889219589272,HIGH,1173,True,11.0,0.0,0.0,0.0,False,False
39089,"Licking County, Ohio",OH,12,1114.1666666666667,1163.0,92.0877381367982,948,1172,54.44610693077573,0.15715317636381085,0.060221112217654915,39.827592476701554,0,0,0,224,1163.0,54.69798827401554,MEDIUM,957,True,-206.0,0.0,0.0,0.0,False,False
44001,"Bristol County, Rhode Island",RI,12,1150.6666666666667,1164.0,83.52608012235494,989,1306,54.09243034475361,0.16711977299475125,0.04600917430152004,36.143959147631065,0,0,0,317,1164.0,54.684919249584375,MEDIUM,998,True,-166.0,0.0,0.0,0.0,False,False
27169,"Winona County, Minnesota",MN,12,1186.1666666666667,1165.0,135.9035977404126,1034,1581,53.80342367911177,0.12401374273755421,0.013040723654034926,39.855859713572194,0,0,0,547,1165.0,54.67966095363333,HIGH,1043,True,-122.0,0.0,0.0,0.0,False,False
51197,"Wythe County, Virginia",VA,12,1161.4166666666667,1166.0,44.21529626998358,1033,1214,54.019879849066314,0.17451173971504264,0.05185778450392612,37.65788560525806,0,0,0,181,1166.0,54.67309478696975,HIGH,1214,True,48.0,0.0,0.0,0.0,False,False
50019,"Orleans County, Vermont",VT,12,1140.8333333333333,1167.0,83.09669431487997,921,1222,54.190486135213526,0.1809923650496941,0.03132128091781596,38.35024668009463,0,0,0,301,1167.0,54.66218018911265,HIGH,1078,True,-89.0,0.0,0.0,0.0,False,False
19099,"Jasper County, Iowa",IA,12,1159.8333333333333,1168.0,38.96346384950276,1075,1195,54.002976872490244,0.1911054345714409,0.02483673215833662,40.95102464910055,0,0,0,120,1168.0,54.63991662563206,HIGH,1084,True,-84.0,0.0,0.0,0.0,False,False
39159,"Union County, Ohio",OH,12,1185.5833333333333,1169.0,63.93385549759903,1028,1271,53.803974292740236,0.1435063152407149,0.006322164125346642,37.653573416655554,0,0,0,243,1169.0,54.619629080698886,HIGH,1271,True,102.0,0.0,0.0,0.0,False,False
26165,"Wexford County, Michigan",MI,12,1133.5,1170.0,74.55016614822044,1007,1186,54.2388963257923,0.22295801124659917,0.03920815734943501,38.62359490514197,0,0,0,179,1170.0,54.617063627761254,MEDIUM,1016,True,-154.0,0.0,0.0,0.0,False,False
56015,"Goshen County, Wyoming",WY,12,1192.4166666666667,1171.0,71.96900637627196,1084,1341,53.74489788441404,0.21345957064905938,0.06254759623422468,42.06991064970168,0,0,0,257,1171.0,54.58931828005111,HIGH,1341,True,170.0,0.0,0.0,0.0,False,False
51830,"Williamsburg city, Virginia",VA,12,1179.5,1172.0,165.30000274982126,972,1646,53.85102230201391,0.2161098441574181,0.06592941574655416,37.20154534345484,0,0,0,674,1172.0,54.58274229528799,MEDIUM,981,True,-191.0,0.0,0.0,0.0,False,False
20025,"Clark County, Kansas",KS,12,1176.0,1173.0,28.59434146184105,1149,1261,53.85178024453888,0.1794899103943184,0.08367085513140493,41.94309462091768,0,0,0,112,1173.0,54.5815151938088,MEDIUM,1171,True,-2.0,0.0,0.0,0.0,False,False
19033,"Cerro Gordo County, Iowa",IA,12,1135.6666666666667,1174.0,103.93646077670661,920,1243,54.22320210087475,0.19623240299031317,0.024857177966408784,41.885130400002254,0,0,0,323,1174.0,54.56849806213363,HIGH,1002,True,-172.0,0.0,0.0,0.0,False,False
42015,"Bradford County, Pennsylvania",PA,12,1149.25,1175.0,53.3515357195683,1039,1184,54.10955607286491,0.2266058894780236,0.06931564090786523,47.742535822462266,0,0,0,145,1175.0,54.56803601109879,MEDIUM,1048,True,-127.0,0.0,0.0,0.0,False,False
40119,"Payne County, Oklahoma",OK,12,1154.1666666666667,1176.0,82.79968525778271,900,1212,54.04987196337684,0.15523028145112203,0.027854878421111257,38.75375402473512,0,0,0,312,1176.0,54.56754695946411,HIGH,1147,True,-29.0,0.0,0.0,0.0,False,False
29011,"Barton County, Missouri",MO,12,1146.8333333333333,1177.0,87.31430512114197,873,1186,54.109144511410335,0.1667092324844478,0.056749063000230415,38.75402543625625,0,0,0,313,1177.0,54.56518342930357,HIGH,1148,True,-29.0,0.0,0.0,0.0,False,False
51175,"Southampton County, Virginia",VA,12,1202.1666666666667,1178.0,120.73700444529936,992,1439,53.66417418935478,0.1995295526983839,0.06007318910047526,38.80527311296949,0,0,0,447,1178.0,54.56400260728666,MEDIUM,1439,True,261.0,0.0,0.0,0.0,False,False
29223,"Wayne County, Missouri",MO,12,1188.3333333333333,1179.0,43.73127304829166,1107,1275,53.795049260593096,0.1901377011034411,0.07831570167573505,43.35267432193991,0,0,0,168,1179.0,54.55761928368055,HIGH,1275,True,96.0,0.0,0.0,0.0,False,False
29199,"Scotland County, Missouri",MO,12,1209.4166666666667,1180.0,62.234831424406096,1161,1336,53.604550938084934,0.16636169062835568,0.07178736166965193,42.73179031687718,0,0,0,175,1180.0,54.54698164301928,MEDIUM,1336,True,156.0,0.0,0.0,0.0,False,False
51027,"Buchanan County, Virginia",VA,12,1200.4166666666667,1181.0,68.57439004247117,1109,1324,53.70589265897692,0.20790585631988004,0.1192739875917359,41.07389275973817,0,0,0,215,1181.0,54.533931694039296,HIGH,1298,True,117.0,0.0,0.0,0.0,False,False
01067,"Henry County, Alabama",AL,12,1253.1666666666667,1186.5,124.75126768044795,1182,1516,53.227015811735384,0.15025816978909007,0.017438530467055815,38.28223805184804,0,0,0,334,1182.0,54.52981957548928,MEDIUM,1516,True,334.0,0.0,0.0,0.0,False,False
20093,"Kearny County, Kansas",KS,12,1235.0,1183.0,217.59428468430127,1127,1923,53.297209909779475,0.14829366124662358,0.06991415970244323,40.64184682195102,0,0,0,796,1183.0,54.52174676177931,MEDIUM,1136,True,-47.0,0.0,0.0,0.0,False,False
31173,"Thurston County, Nebraska",NE,12,1248.6666666666667,1184.0,261.0476561623927,1118,2074,53.133333531025045,0.137521189686969,0.060158721288343674,39.85079240451785,0,0,0,956,1184.0,54.48832908500183,MEDIUM,1127,True,-57.0,0.0,0.0,0.0,False,False
21015,"Boone County, Kentucky",KY,12,1201.8333333333333,1185.0,61.190957937699736,1143,1383,53.634920439255815,0.13129122323421022,0.02250402181260677,39.65157060811934,0,0,0,240,1185.0,54.471855619545714,HIGH,1152,True,-33.0,0.0,0.0,0.0,False,False
17007,"Boone County, Illinois",IL,12,1179.6666666666667,1186.0,43.74790038251881,1046,1216,53.838595710142066,0.1767106672865325,0.02342264580775436,37.7275045300136,0,0,0,170,1186.0,54.45475973553961,HIGH,1188,True,2.0,0.0,0.0,0.0,False,False
17047,"Edwards County, Illinois",IL,12,1222.0833333333333,1187.0,132.68586163863836,1030,1494,53.48799979877262,0.142315757249791,0.08239777610503407,41.3172506162111,0,0,0,464,1187.0,54.45315990241761,MEDIUM,1494,True,307.0,0.0,0.0,0.0,False,False
19079,"Hamilton County, Iowa",IA,12,1206.8333333333333,1188.0,51.87543355057967,1188,1370,53.594838623949805,0.20013140376146166,0.03815324168128082,38.81668714419334,0,0,0,182,1188.0,54.43652502640347,HIGH,1210,True,22.0,0.0,0.0,0.0,False,False
48269,"King County, Texas",TX,12,1279.5833333333333,1189.0,455.7165104303199,978,2704,52.584627503116394,0.07092359580021677,0.061018456097522406,36.772307249583704,0,0,0,1726,1189.0,54.42838797077687,LOW,987,True,-202.0,0.0,0.0,0.0,False,False
05141,"Van Buren County, Arkansas",AR,12,1204.4166666666667,1189.5,80.34636195116664,1055,1360,53.62550618526209,0.1771484651164995,0.072543486946419,42.319224988422334,0,0,0,305,1190.0,54.41666923064845,HIGH,1360,True,170.0,0.0,0.0,0.0,False,False
13261,"Sumter County, Georgia",GA,12,1200.5,1190.5,54.58521278281741,1101,1308,53.67265720581465,0.18509347324883518,0.07380993547778615,40.19202304143708,0,0,0,207,1191.0,54.41100110861493,HIGH,1308,True,117.0,0.0,0.0,0.0,False,False
19071,"Fremont County, Iowa",IA,12,1167.0833333333333,1191.5,56.070504859074674,1017,1202,53.91162059405348,0.15802689002650944,0.03481421293252773,41.81471557218239,0,0,0,185,1192.0,54.40036045356312,HIGH,1122,True,-70.0,0.0,0.0,0.0,False,False
37143,"Perquimans County, North Carolina",NC,12,1249.5,1193.0,188.22544509661327,1188,1847,53.194028178834,0.16852080871612415,0.04997184710690242,40.12043638219939,0,0,0,659,1193.0,54.39858575241493,HIGH,1197,True,4.0,0.0,0.0,0.0,False,False
29051,"Cole County, Missouri",MO,12,1210.25,1194.0,62.20366110242584,1077,1321,53.5973611797262,0.14756942271518436,0.021406537373711898,37.8116829373152,0,0,0,244,1194.0,54.38402148864013,HIGH,1321,True,127.0,0.0,0.0,0.0,False,False
51075,"Goochland County, Virginia",VA,12,1195.5,1195.0,128.5510156955737,827,1347,53.71894688518643,0.19624206781459277,0.04685465292362508,39.0988528940039,0,0,0,520,1195.0,54.3624110179121,HIGH,1347,True,152.0,0.0,0.0,0.0,False,False
40109,"Oklahoma County, Oklahoma",OK,12,1183.3333333333333,1195.5,45.945290258846974,1040,1209,53.78745759714636,0.18980359531935542,0.06935302076832434,47.104531106493006,0,0,0,169,1196.0,54.34776597726006,HIGH,1187,True,-9.0,0.0,0.0,0.0,False,False
56007,"Carbon County, Wyoming",WY,12,1247.9166666666667,1201.0,72.68794864891896,1196,1400,53.247355458802986,0.1351452700807014,0.022683677063913135,37.13409427810514,0,0,0,204,1197.0,54.34489247996557,HIGH,1345,True,148.0,0.0,0.0,0.0,False,False
20067,"Grant County, Kansas",KS,12,1183.25,1198.0,62.476359165251104,1051,1247,53.781146717476446,0.11252753990691229,0.04336269783443309,40.69398197768467,0,0,0,196,1198.0,54.33680134220581,MEDIUM,1060,True,-138.0,0.0,0.0,0.0,False,False
31059,"Fillmore County, Nebraska",NE,12,1235.5833333333333,1199.0,102.7065177477982,1189,1556,53.32980012075717,0.14859938750667842,0.05752050618400834,38.15081706516962,0,0,0,367,1199.0,54.319378627795594,MEDIUM,1250,True,51.0,0.0,0.0,0.0,False,False
47029,"Cocke County, Tennessee",TN,12,1165.9166666666667,1200.0,118.14279367345983,799,1236,53.93802447911147,0.1729108318988277,0.0500227991613846,38.85130729440544,0,0,0,437,1200.0,54.31374756778672,HIGH,1160,True,-40.0,0.0,0.0,0.0,False,False
05093,"Mississippi County, Arkansas",AR,12,1164.0,1201.0,82.74824908886426,957,1226,53.985743442671996,0.19539432332716875,0.18401671867187144,61.75426186913245,0,0,0,269,1201.0,54.31217542951329,MEDIUM,1226,True,25.0,0.0,0.0,0.0,False,False
38089,"Stark County, North Dakota",ND,12,1242.8333333333333,1206.5,86.67686420192408,1202,1510,53.28608199723146,0.0591700555940669,0.012123005961765992,37.486695266853495,0,0,0,308,1202.0,54.30501007539771,HIGH,1243,True,41.0,0.0,0.0,0.0,False,False
08089,"Otero County, Colorado",CO,12,1276.5,1203.0,211.74276847155838,1164,1931,52.959012973048125,0.12938556363723372,0.07313471979245001,45.73979565472619,0,0,0,767,1203.0,54.301943622554134,HIGH,1319,True,116.0,0.0,0.0,0.0,False,False
13173,"Lanier County, Georgia",GA,12,1269.5833333333333,1204.0,129.57164275434886,1192,1591,53.06524995812137,0.1517860676325243,0.06708899341173417,40.29851855385599,0,0,0,399,1204.0,54.292456105631274,MEDIUM,1416,True,212.0,0.0,0.0,0.0,False,False
27063,"Jackson County, Minnesota",MN,12,1177.25,1205.0,66.72892925860567,1052,1238,53.84650335014396,0.13783687364629302,0.04968541570855888,38.41207682563532,0,0,0,186,1205.0,54.28887158854595,MEDIUM,1082,True,-123.0,0.0,0.0,0.0,False,False
19039,"Clarke County, Iowa",IA,12,1168.1666666666667,1206.0,125.34522026158092,820,1286,53.91934211829502,0.16397782585054504,0.015173172956099726,38.59939807621788,0,0,0,466,1206.0,54.27456266688278,HIGH,1092,True,-114.0,0.0,0.0,0.0,False,False
37011,"Avery County, North Carolina",NC,12,1166.5833333333333,1207.0,94.84193389130374,874,1216,53.923351310716754,0.1937967613450737,0.07598075518669124,41.355580459560045,0,0,0,342,1207.0,54.27397378102252,MEDIUM,1155,True,-52.0,0.0,0.0,0.0,False,False
55013,"Burnett County, Wisconsin",WI,12,1191.8333333333333,1208.0,36.072737964319025,1094,1217,53.72862425906239,0.2180116664626196,0.05286556326234811,38.374671493818845,0,0,0,123,1208.0,54.271976809751585,HIGH,1166,True,-42.0,0.0,0.0,0.0,False,False
42061,"Huntingdon County, Pennsylvania",PA,12,1174.75,1209.0,104.92952180132409,850,1230,53.87422738270805,0.17404930209357075,0.04696994572897877,39.83531102883806,0,0,0,380,1209.0,54.25891764763212,MEDIUM,1162,True,-47.0,0.0,0.0,0.0,False,False
19109,"Kossuth County, Iowa",IA,12,1157.75,1210.0,127.8081836901762,787,1231,54.021769585104884,0.16158453599641606,0.03741723552718337,38.50156650492339,0,0,0,444,1210.0,54.25501924373726,MEDIUM,1087,True,-123.0,0.0,0.0,0.0,False,False
51061,"Fauquier County, Virginia",VA,12,1134.0,1211.0,234.8922383484896,391,1220,54.272878299572675,0.17483099917203723,0.07224053633473408,40.00393459163075,0,0,0,829,1211.0,54.25347018921871,MEDIUM,1163,True,-48.0,0.0,0.0,0.0,False,False
26105,"Mason County, Michigan",MI,12,1202.75,1212.0,90.24020974346999,1032,1375,53.63751375530045,0.21483105294131888,0.049564994589136414,41.36292426910967,0,0,0,343,1212.0,54.24275241434917,MEDIUM,1041,True,-171.0,0.0,0.0,0.0,False,False
47057,"Grainger County, Tennessee",TN,12,1191.0,1213.0,38.68520976478544,1122,1222,53.71955990964994,0.1851136530434797,0.053552020494387974,38.63524394661049,0,0,0,100,1213.0,54.240567352856935,MEDIUM,1131,True,-82.0,0.0,0.0,0.0,False,False
17051,"Fayette County, Illinois",IL,12,1187.1666666666667,1214.0,55.7964373794817,1078,1226,53.77377528258355,0.1536790423671723,0.04516600906027959,38.01001054709443,0,0,0,148,1214.0,54.23508838599164,MEDIUM,1109,True,-105.0,0.0,0.0,0.0,False,False
28075,"Lauderdale County, Mississippi",MS,12,1189.1666666666667,1215.0,94.59370854855888,891,1239,53.761909618161404,0.1096434171904077,0.0780110030786561,43.95105201826624,0,0,0,348,1215.0,54.225939553380854,MEDIUM,1239,True,24.0,0.0,0.0,0.0,False,False
37087,"Haywood County, North Carolina",NC,12,1233.5,1220.0,30.431741801791546,1216,1316,53.38598081909884,0.16058998276660913,0.05343020214702252,39.08344163726079,0,0,0,100,1216.0,54.22180101563414,HIGH,1263,True,47.0,0.0,0.0,0.0,False,False
20163,"Rooks County, Kansas",KS,12,1236.0833333333333,1217.0,61.79358356412881,1180,1414,53.36709178134017,0.13876074406720412,0.06655234902198917,39.454559926526045,0,0,0,234,1217.0,54.21956612088825,HIGH,1270,True,53.0,0.0,0.0,0.0,False,False
31083,"Harlan County, Nebraska",NE,12,1325.4166666666667,1218.0,293.98282520438426,1187,2235,52.46287892973195,0.14540868740702634,0.04763447233289483,39.74122178279884,0,0,0,1048,1218.0,54.212214066845235,HIGH,1385,True,167.0,0.0,0.0,0.0,False,False
48345,"Motley County, Texas",TX,12,1239.8333333333333,1219.0,65.39089919071075,1168,1405,53.35493599668532,0.0992363445287703,0.08817285080683974,37.320118388658656,0,0,0,237,1219.0,54.20998180989654,MEDIUM,1302,True,83.0,0.0,0.0,0.0,False,False
40071,"Kay County, Oklahoma",OK,12,1213.4166666666667,1220.0,89.11122603836516,965,1329,53.576885999703535,0.1679322736486825,0.07443294364302408,41.53775208612213,0,0,0,364,1220.0,54.1973663802684,HIGH,1329,True,109.0,0.0,0.0,0.0,False,False
21033,"Caldwell County, Kentucky",KY,12,1253.0,1222.0,59.41074283020172,1221,1403,53.24732823983501,0.1600913578854031,0.038245809636921875,37.93302199745872,0,0,0,182,1221.0,54.19713080743089,HIGH,1320,True,99.0,0.0,0.0,0.0,False,False
28057,"Itawamba County, Mississippi",MS,12,1232.5833333333333,1222.0,115.392971531146,943,1413,53.423030649489355,0.1147415098443594,0.0677068658575708,44.82620149382783,0,0,0,470,1222.0,54.1893239049504,HIGH,1413,True,191.0,0.0,0.0,0.0,False,False
46097,"Miner County, South Dakota",SD,12,1301.3333333333333,1223.0,237.6442464668309,1200,2049,52.76240510977737,0.11092335553866295,0.053988515066521664,37.694442123724414,0,0,0,849,1223.0,54.188591982999306,MEDIUM,1303,True,80.0,0.0,0.0,0.0,False,False
36113,"Warren County, New York",NY,12,1214.3333333333333,1224.0,53.59160947443738,1062,1272,53.5690049591386,0.15009132222162294,0.006373532743388308,38.31122174474427,0,0,0,210,1224.0,54.18096429292459,HIGH,1199,True,-25.0,0.0,0.0,0.0,False,False
19069,"Franklin County, Iowa",IA,12,1221.8333333333333,1225.0,65.75966342168525,1023,1282,53.51065656498008,0.15980557700864587,0.023834256567812906,38.997045159820615,0,0,0,259,1225.0,54.16814872024278,HIGH,1282,True,57.0,0.0,0.0,0.0,False,False
27151,"Swift County, Minnesota",MN,12,1282.6666666666667,1226.0,131.35748124407638,1213,1668,52.973505499295754,0.15586820550823186,0.05599542013585676,37.78701451604525,0,0,0,455,1226.0,54.14921878506763,HIGH,1358,True,132.0,0.0,0.0,0.0,False,False
13321,"Worth County, Georgia",GA,12,1255.5,1227.0,91.3668927506517,1115,1442,53.22697139217582,0.16744294300485416,0.06434175166641229,40.30814731379392,0,0,0,327,1227.0,54.14584617965015,HIGH,1442,True,215.0,0.0,0.0,0.0,False,False
37165,"Scotland County, North Carolina",NC,12,1229.5,1228.0,92.9021968621742,1006,1380,53.42542633454278,0.21394795168731573,0.08368478365417968,42.561086358920235,0,0,0,374,1228.0,54.139635068940784,HIGH,1380,True,152.0,0.0,0.0,0.0,False,False
20003,"Anderson County, Kansas",KS,12,1281.75,1229.0,235.09345337159397,1160,2024,52.89666257271167,0.16205159959368387,0.0562227984388201,43.38821312902902,0,0,0,864,1229.0,54.12533002047585,HIGH,1169,True,-60.0,0.0,0.0,0.0,False,False
19075,"Grundy County, Iowa",IA,12,1225.4166666666667,1230.0,61.276509414787995,1041,1287,53.480998059272416,0.20922998140293536,0.03260080297226519,37.709978722501646,0,0,0,246,1230.0,54.11705120955466,HIGH,1287,True,57.0,0.0,0.0,0.0,False,False
54085,"Ritchie County, West Virginia",WV,12,1263.5833333333333,1231.0,79.18730193584578,1190,1423,53.13292625720381,0.16788190588482413,0.07814865473197259,40.852825239785126,0,0,0,233,1231.0,54.10323807346676,HIGH,1423,True,192.0,0.0,0.0,0.0,False,False
51710,"Norfolk city, Virginia",VA,12,1202.5,1232.0,128.36843282308368,796,1261,53.66663167571494,0.15192910309273447,0.036681395296885556,38.23733436786555,0,0,0,465,1232.0,54.09991264799093,HIGH,1261,True,29.0,0.0,0.0,0.0,False,False
12055,"Highlands County, Florida",FL,12,1254.0,1233.0,102.82376803408475,1174,1571,53.20536673673519,0.16025845265817662,0.09676822733999198,42.153776560185605,0,0,0,397,1233.0,54.08709936049245,MEDIUM,1249,True,16.0,0.0,0.0,0.0,False,False
30099,"Teton County, Montana",MT,12,1167.8333333333333,1234.0,160.9651759816013,666,1243,53.95005849325233,0.22998380285022282,0.08681551570040585,43.08496125327739,0,0,0,577,1234.0,54.07598219877182,MEDIUM,1164,True,-70.0,0.0,0.0,0.0,False,False
01027,"Clay County, Alabama",AL,12,1188.8333333333333,1235.0,139.51267999285182,747,1244,53.79096838151076,0.2009192626154237,0.06464967687447105,39.78928384302486,0,0,0,497,1235.0,54.06718741201403,MEDIUM,1222,True,-13.0,0.0,0.0,0.0,False,False
02261,"Valdez-Cordova Census Area, Alaska",AK,12,1311.0833333333333,1236.0,186.16437425679555,1218,1873,52.695956750706245,0.12563086359027212,0.07585777847952878,41.695485460555254,0,0,0,655,1236.0,54.06657190505987,MEDIUM,1386,True,150.0,0.0,0.0,0.0,False,False
17071,"Henderson County, Illinois",IL,12,1227.0833333333333,1237.0,95.71022395594403,968,1355,53.44852158855577,0.13567669743278357,0.07090788606080346,41.79600890830805,0,0,0,387,1237.0,54.0475515452336,HIGH,1355,True,118.0,0.0,0.0,0.0,False,False
13171,"Lamar County, Georgia",GA,12,1234.4166666666667,1238.0,109.72399947416272,1062,1509,53.3808529742956,0.22121153250642947,0.05733921286320487,40.49624482128523,0,0,0,447,1238.0,54.04179149819655,MEDIUM,1071,True,-167.0,0.0,0.0,0.0,False,False
29023,"Butler County, Missouri",MO,12,1276.5,1243.5,51.19747863109882,1239,1374,53.01792788299795,0.1876643989689376,0.013980926432561677,38.03876914849157,0,0,0,135,1239.0,54.04070719991088,HIGH,1374,True,135.0,0.0,0.0,0.0,False,False
27031,"Cook County, Minnesota",MN,12,1242.75,1240.0,124.57281550818527,1090,1597,53.3016535172404,0.17177862219329898,0.06013310857450865,34.96332329482072,0,0,0,507,1240.0,54.02694719713034,MEDIUM,1099,True,-141.0,0.0,0.0,0.0,False,False
08109,"Saguache County, Colorado",CO,12,1325.6666666666667,1241.0,219.9699704022981,1148,1929,52.565465121610146,0.1145057216627086,0.11072995284216562,45.42717944053593,0,0,0,781,1241.0,54.026635243081415,MEDIUM,1498,True,257.0,0.0,0.0,0.0,False,False
13143,"Haralson County, Georgia",GA,12,1235.9166666666667,1242.0,32.46384935819395,1166,1271,53.3577337160742,0.18499915148490528,0.05021062455380635,40.09430308849831,0,0,0,105,1242.0,54.01611198409774,HIGH,1175,True,-67.0,0.0,0.0,0.0,False,False
40011,"Blaine County, Oklahoma",OK,12,1258.6666666666667,1243.0,135.36773708097596,1105,1653,53.14496780257463,0.14617562038848,0.056479388894705294,37.259497255861206,0,0,0,548,1243.0,54.01026294116993,MEDIUM,1114,True,-129.0,0.0,0.0,0.0,False,False
30057,"Madison County, Montana",MT,12,1291.9166666666667,1244.0,175.79143547931676,1197,1845,52.862843378022,0.23109106321710818,0.0863778365988338,45.307624995627314,0,0,0,648,1244.0,54.00315357657358,MEDIUM,1278,True,34.0,0.0,0.0,0.0,False,False
42125,"Washington County, Pennsylvania",PA,12,1233.3333333333333,1245.0,68.02717816944175,1091,1301,53.366170731882484,0.1464538994708383,0.009251735035411192,40.96311893290205,0,0,0,210,1245.0,53.98984406436926,HIGH,1100,True,-145.0,0.0,0.0,0.0,False,False
36071,"Orange County, New York",NY,12,1262.0,1246.0,47.988635018190394,1222,1406,53.14392962746101,0.19797091654715349,0.03641767650490697,41.15883131476732,0,0,0,184,1246.0,53.97064052937524,HIGH,1231,True,-15.0,0.0,0.0,0.0,False,False
26147,"St. Clair County, Michigan",MI,12,1257.5833333333333,1247.0,27.493663181749977,1223,1309,53.17936598393857,0.14358052035077248,0.0078918520089048,37.37393657140646,0,0,0,86,1247.0,53.96680461790875,HIGH,1232,True,-15.0,0.0,0.0,0.0,False,False
13249,"Schley County, Georgia",GA,12,1288.3333333333333,1252.5,64.9605941158083,1248,1417,52.92193105504455,0.1529081156312885,0.03184357424552533,38.19900634694343,0,0,0,169,1248.0,53.9575985837876,HIGH,1417,True,169.0,0.0,0.0,0.0,False,False
48131,"Duval County, Texas",TX,12,1406.4166666666667,1249.0,400.62507032098847,1214,2626,51.57439772705939,0.09085514768383518,0.06201811944905896,38.09666724097539,0,0,0,1412,1249.0,53.955547200764435,MEDIUM,1540,True,291.0,0.0,0.0,0.0,False,False
13193,"Macon County, Georgia",GA,12,1230.5,1250.0,54.4484743921844,1070,1269,53.43153267258359,0.18584495530715514,0.08273058383932852,41.426665406823105,0,0,0,199,1250.0,53.94807179888946,MEDIUM,1269,True,19.0,0.0,0.0,0.0,False,False
40099,"Murray County, Oklahoma",OK,12,1262.6666666666667,1251.0,49.347254383111505,1157,1353,53.149565639899016,0.2163633537127324,0.043702622678759816,41.047173707542626,0,0,0,196,1251.0,53.929652172978415,HIGH,1353,True,102.0,0.0,0.0,0.0,False,False
31033,"Cheyenne County, Nebraska",NE,12,1300.3333333333333,1256.5,91.23130775754294,1252,1560,52.81901247960536,0.16435444232673038,0.04409339186591752,41.467368653902454,0,0,0,308,1252.0,53.92474508031725,HIGH,1365,True,113.0,0.0,0.0,0.0,False,False
48301,"Loving County, Texas",TX,12,1299.8333333333333,1268.0,406.4397156088986,839,2479,52.60188009589945,0.0865892601159634,0.0013249526281019733,18.770618217671966,0,0,0,1640,1253.0,53.92005926964726,LOW,848,True,-405.0,0.0,0.0,0.0,False,False
47023,"Chester County, Tennessee",TN,12,1225.0833333333333,1253.5,90.25867707804493,941,1266,53.4770866926682,0.1837045505395888,0.06202387998749237,40.16027197295604,0,0,0,325,1254.0,53.919968660634325,HIGH,1266,True,12.0,0.0,0.0,0.0,False,False
19115,"Louisa County, Iowa",IA,12,1254.3333333333333,1255.0,54.483247355717005,1093,1306,53.22093983707862,0.16434789665293673,0.006883430113553224,37.30649246754352,0,0,0,213,1255.0,53.90338825370632,HIGH,1283,True,28.0,0.0,0.0,0.0,False,False
19175,"Union County, Iowa",IA,12,1234.75,1256.0,95.91674894028012,933,1289,53.38235333550611,0.1964057199392267,0.040571626143498324,38.00396219179882,0,0,0,356,1256.0,53.9010572460388,HIGH,1259,True,3.0,0.0,0.0,0.0,False,False
40087,"McClain County, Oklahoma",OK,12,1259.75,1257.0,38.494686764421324,1158,1318,53.18803784447476,0.16205189593181576,0.03298369124683997,41.69502131650056,0,0,0,160,1257.0,53.90083005708047,HIGH,1318,True,61.0,0.0,0.0,0.0,False,False
55093,"Pierce County, Wisconsin",WI,12,1238.5,1257.5,52.58845362382745,1128,1292,53.351928687450176,0.1509200656042302,0.027618407876032466,38.36277081405123,0,0,0,164,1258.0,53.895723013682456,HIGH,1174,True,-84.0,0.0,0.0,0.0,False,False
05135,"Sharp County, Arkansas",AR,12,1292.75,1258.5,90.08695294496918,1214,1488,52.8872254919516,0.1741795859519257,0.06366369381129605,43.11022729949995,0,0,0,274,1259.0,53.88097248908461,HIGH,1488,True,229.0,0.0,0.0,0.0,False,False
28049,"Hinds County, Mississippi",MS,12,1283.5,1260.0,77.51070307324721,1185,1422,52.97009025125835,0.09804024278840084,0.09538656630721698,51.98080007273463,0,0,0,237,1260.0,53.87939947226339,HIGH,1397,True,137.0,0.0,0.0,0.0,False,False
56005,"Campbell County, Wyoming",WY,12,1337.4166666666667,1265.0,156.11036791224655,1260,1788,52.49200974789733,0.11232179645124298,0.027669405788309884,41.387561075494055,0,0,0,528,1261.0,53.87742773484252,HIGH,1438,True,177.0,0.0,0.0,0.0,False,False
28151,"Washington County, Mississippi",MS,12,1304.9166666666667,1262.0,91.58151692576533,1228,1469,52.80361087682372,0.13559133607456705,0.06844234879992048,44.87646226317721,0,0,0,241,1262.0,53.87566660700477,HIGH,1469,True,207.0,0.0,0.0,0.0,False,False
45087,"Union County, South Carolina",SC,12,1261.5,1262.5,48.7638092329659,1179,1350,53.18916946902251,0.2012939586132179,0.0892489439997769,43.053920725155116,0,0,0,171,1263.0,53.865781644081814,HIGH,1350,True,87.0,0.0,0.0,0.0,False,False
13099,"Early County, Georgia",GA,12,1293.0,1264.0,58.47610234492847,1253,1430,52.90603602505519,0.15352339908291834,0.04873943853500856,40.22535156410174,0,0,0,177,1264.0,53.856040519115666,HIGH,1368,True,104.0,0.0,0.0,0.0,False,False
40117,"Pawnee County, Oklahoma",OK,12,1252.25,1265.0,123.17033660009952,884,1378,53.245382667139644,0.1932519114713308,0.04396501615331482,39.76322761064488,0,0,0,494,1265.0,53.840720039454595,HIGH,1378,True,113.0,0.0,0.0,0.0,False,False
51121,"Montgomery County, Virginia",VA,12,1210.5,1265.5,160.17859350793978,710,1278,53.60493021321023,0.20749959303159846,0.04952369314779564,39.1980264598612,0,0,0,568,1266.0,53.83563320180121,HIGH,1201,True,-65.0,0.0,0.0,0.0,False,False
56037,"Sweetwater County, Wyoming",WY,12,1318.5,1271.0,76.26925986267342,1266,1470,52.670541414320645,0.10922351097201276,0.003125086359583282,35.476347662126024,0,0,0,204,1267.0,53.83479404877144,MEDIUM,1470,True,203.0,0.0,0.0,0.0,False,False
36121,"Wyoming County, New York",NY,12,1273.5833333333333,1268.0,31.80468328387941,1189,1310,53.07991538619478,0.1637760960804039,0.02870033486646181,37.80996684773939,0,0,0,121,1268.0,53.82352666677535,HIGH,1301,True,33.0,0.0,0.0,0.0,False,False
54093,"Tucker County, West Virginia",WV,12,1316.3333333333333,1269.0,173.03406565988067,1233,1863,52.68002724159712,0.15039958932832617,0.06501540583944528,37.71542366300643,0,0,0,630,1269.0,53.8140295182894,MEDIUM,1292,True,23.0,0.0,0.0,0.0,False,False
40049,"Garvin County, Oklahoma",OK,12,1235.5833333333333,1270.0,63.645978710839294,1053,1279,53.41219502776651,0.20400442788285367,0.07279196238596507,41.131050186401886,0,0,0,226,1270.0,53.81251345605018,MEDIUM,1207,True,-63.0,0.0,0.0,0.0,False,False
13145,"Harris County, Georgia",GA,12,1244.25,1271.0,95.07807796275075,1044,1364,53.29588026599589,0.21476434603719172,0.06027724256879966,38.31517331841813,0,0,0,320,1271.0,53.78404277823692,MEDIUM,1053,True,-218.0,0.0,0.0,0.0,False,False
20137,"Norton County, Kansas",KS,12,1369.25,1272.0,246.54858455374378,1260,2125,52.15290421997809,0.1374364267847797,0.055623719234834175,41.829462789207454,0,0,0,865,1272.0,53.78152279432503,HIGH,1441,True,169.0,0.0,0.0,0.0,False,False
26087,"Lapeer County, Michigan",MI,12,1251.0833333333333,1273.0,65.00413739746017,1092,1316,53.258066325325665,0.19369191819579037,0.030830588672192127,40.77072498732967,0,0,0,224,1273.0,53.775494886846275,MEDIUM,1189,True,-84.0,0.0,0.0,0.0,False,False
18151,"Steuben County, Indiana",IN,12,1236.25,1274.0,81.61898731857121,1079,1300,53.36812892645841,0.21591556685197347,0.04071279893283202,40.215139968936406,0,0,0,221,1274.0,53.77384319265155,MEDIUM,1119,True,-155.0,0.0,0.0,0.0,False,False
40133,"Seminole County, Oklahoma",OK,12,1276.9166666666667,1276.0,26.630325616188813,1202,1313,53.05791700919364,0.16814729424429262,0.045197658112936336,41.10150276186955,0,0,0,111,1275.0,53.76491861627391,HIGH,1313,True,38.0,0.0,0.0,0.0,False,False
54043,"Lincoln County, West Virginia",WV,12,1267.6666666666667,1276.5,46.51946480840675,1196,1339,53.13804185680096,0.20646004532402248,0.09823403689431572,40.20298088487513,0,0,0,143,1276.0,53.764005662440034,MEDIUM,1339,True,63.0,0.0,0.0,0.0,False,False
47063,"Hamblen County, Tennessee",TN,12,1215.4166666666667,1277.5,149.62890966006736,766,1287,53.56579273537136,0.1966867729475041,0.048931940130668324,38.71843351569284,0,0,0,521,1277.0,53.76097223419174,MEDIUM,1158,True,-119.0,0.0,0.0,0.0,False,False
05047,"Franklin County, Arkansas",AR,12,1287.75,1278.5,24.309089209220026,1265,1343,52.952762599119126,0.20968772519703205,0.04230519289345353,41.91711593677455,0,0,0,78,1278.0,53.75346351932289,HIGH,1343,True,65.0,0.0,0.0,0.0,False,False
13055,"Chattooga County, Georgia",GA,12,1237.4166666666667,1279.5,210.7589999516179,584,1396,53.40458044615925,0.18784716777546098,0.0769399483785577,42.837281644909815,0,0,0,812,1279.0,53.74918962739801,HIGH,1396,True,117.0,0.0,0.0,0.0,False,False
17191,"Wayne County, Illinois",IL,12,1275.9166666666667,1280.5,133.08333570520486,911,1455,53.06716404465316,0.14292194095156155,0.06380573795664099,40.08106189722072,0,0,0,544,1280.0,53.7425991102416,MEDIUM,1455,True,175.0,0.0,0.0,0.0,False,False
20047,"Edwards County, Kansas",KS,12,1329.5,1282.0,127.55212838108761,1241,1703,52.600499608748414,0.15033232608861838,0.08910232751158831,48.590054913321694,0,0,0,462,1281.0,53.74103211004397,HIGH,1399,True,118.0,0.0,0.0,0.0,False,False
13283,"Treutlen County, Georgia",GA,12,1280.9166666666667,1282.5,20.65939510393765,1237,1316,53.03880266833176,0.15020011052272417,0.06488892496807379,41.67749903111413,0,0,0,79,1282.0,53.7335072387473,MEDIUM,1316,True,34.0,0.0,0.0,0.0,False,False
23017,"Oxford County, Maine",ME,12,1317.5833333333333,1283.0,167.80587178659934,1227,1846,52.6787054631159,0.1907513890214302,0.05808446586185471,42.26388833343134,0,0,0,619,1283.0,53.72519845322361,HIGH,1236,True,-47.0,0.0,0.0,0.0,False,False
47085,"Humphreys County, Tennessee",TN,12,1332.5,1285.0,143.431643522747,1273,1784,52.564735942100775,0.21143795363068316,0.0357409293590294,39.11799058125436,0,0,0,511,1284.0,53.70736404975887,HIGH,1334,True,50.0,0.0,0.0,0.0,False,False
36103,"Suffolk County, New York",NY,12,1268.25,1285.0,28.492822062598663,1198,1295,53.11826853591278,0.16887891029626792,0.06367694076615191,42.157409000433645,0,0,0,97,1285.0,53.69823552989787,HIGH,1246,True,-39.0,0.0,0.0,0.0,False,False
51125,"Nelson County, Virginia",VA,12,1246.75,1286.5,186.5403319782225,669,1387,53.32968505884579,0.21793755334296808,0.07581010739683394,40.73535389565342,0,0,0,718,1286.0,53.69684702160894,HIGH,1387,True,101.0,0.0,0.0,0.0,False,False
26123,"Newaygo County, Michigan",MI,12,1245.8333333333333,1287.5,102.00609013310151,955,1308,53.322398467041786,0.21182449142067317,0.040721250433452275,39.55352052753942,0,0,0,353,1287.0,53.694696697496006,MEDIUM,1183,True,-104.0,0.0,0.0,0.0,False,False
36091,"Saratoga County, New York",NY,12,1283.0833333333333,1289.0,117.75819472224606,927,1384,53.00570011873236,0.1916668065251431,0.021163016081519815,41.466740631100215,0,0,0,457,1288.0,53.67685697612009,HIGH,1384,True,96.0,0.0,0.0,0.0,False,False
19141,"O'Brien County, Iowa",IA,12,1294.25,1290.0,100.03192672160404,1133,1530,52.86266772871806,0.14961415353672494,0.008872594145022507,37.61601740423569,0,0,0,397,1289.0,53.64705013952957,MEDIUM,1142,True,-147.0,0.0,0.0,0.0,False,False
13091,"Dodge County, Georgia",GA,12,1302.0,1290.5,50.927756318498496,1212,1404,52.820006735075,0.16302433426061394,0.04135201413528535,43.861091746074464,0,0,0,192,1290.0,53.62709776389826,HIGH,1404,True,114.0,0.0,0.0,0.0,False,False
02020,"Anchorage Municipality, Alaska",AK,12,1306.0833333333333,1292.0,82.67071409935302,1220,1552,52.79785160959785,0.09795359079279033,0.01043410219612534,35.43078877023186,0,0,0,332,1291.0,53.62549499020763,MEDIUM,1229,True,-62.0,0.0,0.0,0.0,False,False
51023,"Botetourt County, Virginia",VA,12,1295.0,1293.0,49.38715327988554,1152,1349,52.89780547966807,0.20296191736363145,0.027227743844346165,38.82214558511325,0,0,0,197,1292.0,53.62514510866862,HIGH,1349,True,57.0,0.0,0.0,0.0,False,False
54089,"Summers County, West Virginia",WV,12,1371.3333333333333,1294.0,173.2435664991151,1251,1829,52.21003285997216,0.18264171242350757,0.07413209168530117,40.36675475990149,0,0,0,578,1293.0,53.61558599595843,MEDIUM,1535,True,242.0,0.0,0.0,0.0,False,False
29095,"Jackson County, Missouri",MO,12,1262.5,1294.5,69.43865834481015,1140,1317,53.14459924546372,0.13497743443920737,0.015489775827107343,41.1292513661556,0,0,0,177,1294.0,53.61230086259665,MEDIUM,1149,True,-145.0,0.0,0.0,0.0,False,False
49031,"Piute County, Utah",UT,12,1271.0833333333333,1275.0,391.5264900670738,713,2306,52.948100094947414,0.11147347227909248,0.07602494559441315,36.72323712199536,0,0,0,1593,1295.0,53.60330906344371,LOW,722,True,-573.0,0.0,0.0,0.0,False,False
33019,"Sullivan County, New Hampshire",NH,12,1277.5,1296.0,141.46988115046705,1028,1588,53.03176004765564,0.18212454655746893,0.04495358761491517,39.79454617637772,0,0,0,560,1296.0,53.59113411610856,MEDIUM,1037,True,-259.0,0.0,0.0,0.0,False,False
47161,"Stewart County, Tennessee",TN,12,1313.75,1297.0,47.94338517270324,1287,1462,52.74138540975443,0.18360389763251497,0.050922218126506436,39.47011355397741,0,0,0,175,1297.0,53.58108354431476,HIGH,1325,True,28.0,0.0,0.0,0.0,False,False
37155,"Robeson County, North Carolina",NC,12,1268.5833333333333,1298.0,65.10195965956135,1069,1307,53.11837085267238,0.17404292627476173,0.08688029374654001,41.917439476349784,0,0,0,238,1298.0,53.56210297786869,MEDIUM,1267,True,-31.0,0.0,0.0,0.0,False,False
26073,"Isabella County, Michigan",MI,12,1265.25,1299.0,64.91270361731276,1140,1308,53.123016949100254,0.18923713601603645,0.03568423022626506,37.95218240948137,0,0,0,168,1299.0,53.555475024767496,MEDIUM,1172,True,-127.0,0.0,0.0,0.0,False,False
31021,"Burt County, Nebraska",NE,12,1275.3333333333333,1300.0,63.502803564929806,1080,1309,53.05450113555809,0.16100083355638065,0.0432937511837034,38.30692514361996,0,0,0,229,1300.0,53.543250570212855,HIGH,1265,True,-35.0,0.0,0.0,0.0,False,False
51820,"Waynesboro city, Virginia",VA,12,1301.0,1301.0,96.2525088220845,1035,1430,52.836333821314504,0.17697195378227662,0.03353622242658939,36.92650669380204,0,0,0,395,1301.0,53.53789594784187,HIGH,1430,True,129.0,0.0,0.0,0.0,False,False
24043,"Washington County, Maryland",MD,12,1281.4166666666667,1302.0,57.16238167525807,1182,1342,52.97350654388995,0.18224145817235024,0.02983111622478099,40.13424835819079,0,0,0,160,1302.0,53.50383550357176,HIGH,1191,True,-111.0,0.0,0.0,0.0,False,False
35037,"Quay County, New Mexico",NM,12,1361.8333333333333,1303.0,152.7801946548959,1294,1833,52.26787112871329,0.1604179206615763,0.05965676759532243,38.520295908993155,0,0,0,539,1303.0,53.50021773058879,HIGH,1400,True,97.0,0.0,0.0,0.0,False,False
51069,"Frederick County, Virginia",VA,12,1271.75,1304.0,77.29533091861488,1043,1313,53.07025278554517,0.22206787628005373,0.058064346660003464,40.82658053644608,0,0,0,270,1304.0,53.49322699075507,HIGH,1238,True,-66.0,0.0,0.0,0.0,False,False
27057,"Hubbard County, Minnesota",MN,12,1343.4166666666667,1305.0,135.9876052729762,1270,1772,52.432593318528895,0.1407911776988081,0.04324160563160717,38.34390494365827,0,0,0,502,1305.0,53.49201205847265,MEDIUM,1279,True,-26.0,0.0,0.0,0.0,False,False
17025,"Clay County, Illinois",IL,12,1255.5833333333333,1306.0,106.12124997836061,985,1319,53.1856970584923,0.14083597832509823,0.051145082634510224,39.04790312922383,0,0,0,334,1306.0,53.49095788632338,MEDIUM,1151,True,-155.0,0.0,0.0,0.0,False,False
17031,"Cook County, Illinois",IL,12,1237.9166666666667,1307.0,122.5698007692191,990,1316,53.36214649938815,0.12913134302952553,0.059258690316981194,49.69399690653461,0,0,0,326,1307.0,53.48128742118463,MEDIUM,1065,True,-242.0,0.0,0.0,0.0,False,False
48215,"Hidalgo County, Texas",TX,12,1335.3333333333333,1308.0,185.7747087852445,1219,1914,52.49474703911608,0.12007566254915987,0.09610409366883339,41.97594125070233,0,0,0,695,1308.0,53.48100863630419,MEDIUM,1228,True,-80.0,0.0,0.0,0.0,False,False
26019,"Benzie County, Michigan",MI,12,1318.5833333333333,1309.0,122.73953081319169,1203,1688,52.67397119373734,0.21789782916057468,0.05952294183577688,38.69621078789356,0,0,0,485,1309.0,53.4800970882699,MEDIUM,1212,True,-97.0,0.0,0.0,0.0,False,False
27041,"Douglas County, Minnesota",MN,12,1328.5833333333333,1310.0,124.5205045789891,1175,1677,52.5670023373875,0.1238159657538685,0.01660739265562795,36.55803055050441,0,0,0,502,1310.0,53.45382907822014,MEDIUM,1184,True,-126.0,0.0,0.0,0.0,False,False
01047,"Dallas County, Alabama",AL,12,1366.4166666666667,1311.0,124.79835250466564,1284,1708,52.250642801210375,0.14795823922505608,0.0672473877688727,39.842428428937666,0,0,0,424,1311.0,53.443735725737085,MEDIUM,1472,True,161.0,0.0,0.0,0.0,False,False
42089,"Monroe County, Pennsylvania",PA,12,1287.1666666666667,1312.0,138.08747776374045,1023,1546,52.94561684645362,0.17022857816064166,0.062103614075297575,44.95826669759658,0,0,0,523,1312.0,53.43629199772389,MEDIUM,1032,True,-280.0,0.0,0.0,0.0,False,False
13029,"Bryan County, Georgia",GA,12,1283.0,1313.0,64.10786365039937,1144,1322,52.949763241047265,0.20485449684332183,0.05729119980573318,38.908624238915664,0,0,0,178,1313.0,53.432735264599515,MEDIUM,1153,True,-160.0,0.0,0.0,0.0,False,False
26089,"Leelanau County, Michigan",MI,12,1294.4166666666667,1314.0,61.30913966172267,1169,1389,52.87916202559017,0.21038908215608357,0.06503397677723705,40.480458826543355,0,0,0,220,1314.0,53.42851064619326,MEDIUM,1178,True,-136.0,0.0,0.0,0.0,False,False
19015,"Boone County, Iowa",IA,12,1273.3333333333333,1315.0,87.28775123206873,1091,1336,53.04817810453159,0.2067248345905475,0.0162472621190074,39.29862042231304,0,0,0,245,1315.0,53.42187417209269,HIGH,1156,True,-159.0,0.0,0.0,0.0,False,False
20039,"Decatur County, Kansas",KS,12,1366.5,1316.0,153.95247200471852,1304,1852,52.22332370074264,0.1584047076453123,0.06057792548098472,41.726422615163656,0,0,0,548,1316.0,53.39670389569198,MEDIUM,1363,True,47.0,0.0,0.0,0.0,False,False
29219,"Warren County, Missouri",MO,12,1363.1666666666667,1321.5,130.76129072288617,1317,1777,52.26841937171489,0.18832606274546324,0.02101177982051278,37.31631984599426,0,0,0,460,1317.0,53.38847444297893,HIGH,1337,True,20.0,0.0,0.0,0.0,False,False
55025,"Dane County, Wisconsin",WI,12,1322.3333333333333,1318.0,75.20799441709919,1106,1403,52.63878597200704,0.14554671099730465,0.005255038921743542,38.238085307937226,0,0,0,297,1318.0,53.37886919328141,HIGH,1403,True,85.0,0.0,0.0,0.0,False,False
46107,"Potter County, South Dakota",SD,12,1369.3333333333333,1319.0,201.51892910562717,1272,2007,52.17736161918035,0.13506023158706496,0.048555810031771666,36.85746308145741,0,0,0,735,1319.0,53.37715861211777,MEDIUM,1281,True,-38.0,0.0,0.0,0.0,False,False
13289,"Twiggs County, Georgia",GA,12,1330.0,1320.0,93.74336340145993,1206,1515,52.58672746391349,0.19076918960877454,0.09457790781360749,43.362766938426056,0,0,0,309,1320.0,53.37199815114108,MEDIUM,1515,True,195.0,0.0,0.0,0.0,False,False
37105,"Lee County, North Carolina",NC,12,1288.5,1321.0,56.98245343963351,1170,1330,52.928730348929,0.2157036421174918,0.05345122050470894,41.255423941080295,0,0,0,160,1321.0,53.37127151008998,MEDIUM,1179,True,-142.0,0.0,0.0,0.0,False,False
37041,"Chowan County, North Carolina",NC,12,1357.6666666666667,1326.5,51.89558280963337,1322,1445,52.347696947919324,0.1616127303810214,0.023149110727512124,39.687252009172546,0,0,0,123,1322.0,53.362107533199875,HIGH,1445,True,123.0,0.0,0.0,0.0,False,False
55111,"Sauk County, Wisconsin",WI,12,1300.4166666666667,1323.0,93.46312674314969,1026,1386,52.8311592041726,0.16205016734883418,0.00020887719585335014,37.30257508445263,0,0,0,360,1323.0,53.34711683953252,MEDIUM,1273,True,-50.0,0.0,0.0,0.0,False,False
20091,"Johnson County, Kansas",KS,12,1327.5833333333333,1324.0,54.38826466558141,1239,1457,52.59015361244756,0.13967334218581692,0.013694095958315609,39.383558977242885,0,0,0,218,1324.0,53.3451934180285,MEDIUM,1248,True,-76.0,0.0,0.0,0.0,False,False
55078,"Menominee County, Wisconsin",WI,12,1381.0833333333333,1328.5,171.85536113696062,1325,1926,52.09781735133466,0.1927776151139126,0.039375323691902026,36.84459508456628,0,0,0,601,1325.0,53.34432763973357,HIGH,1354,True,29.0,0.0,0.0,0.0,False,False
47065,"Hamilton County, Tennessee",TN,12,1326.4166666666667,1326.0,12.236000039624754,1300,1343,52.62762157627703,0.16521329143713884,0.0229020224644205,40.676880637150894,0,0,0,43,1326.0,53.33716651811263,HIGH,1309,True,-17.0,0.0,0.0,0.0,False,False
56033,"Sheridan County, Wyoming",WY,12,1337.3333333333333,1327.0,28.439196169861717,1275,1383,52.51453929538676,0.13583189351540126,0.012938175306391242,40.21055644517051,0,0,0,108,1327.0,53.33624665451148,HIGH,1383,True,56.0,0.0,0.0,0.0,False,False
13065,"Clinch County, Georgia",GA,12,1355.0833333333333,1328.0,112.9661721959546,1225,1591,52.33566327655995,0.18071400167546628,0.08641041200107442,43.501049176443274,0,0,0,366,1328.0,53.29614495526853,MEDIUM,1591,True,263.0,0.0,0.0,0.0,False,False
21131,"Leslie County, Kentucky",KY,12,1266.9166666666667,1329.0,113.23945532553681,936,1338,53.129501685036246,0.16432422903325902,0.1142835729098484,46.62233109814528,0,0,0,402,1329.0,53.295359377399365,MEDIUM,1237,True,-92.0,0.0,0.0,0.0,False,False
40001,"Adair County, Oklahoma",OK,12,1355.25,1330.0,106.85770062011524,1219,1577,52.34174979925396,0.15414917993216828,0.06603829493069945,42.78723698697527,0,0,0,358,1330.0,53.29118562736036,HIGH,1577,True,247.0,0.0,0.0,0.0,False,False
54075,"Pocahontas County, West Virginia",WV,12,1346.4166666666667,1331.0,163.533959961245,964,1620,52.414220583047126,0.13998077316163937,0.050315199956281594,35.810108551391494,0,0,0,656,1331.0,53.27956830874926,MEDIUM,1620,True,289.0,0.0,0.0,0.0,False,False
30035,"Glacier County, Montana",MT,12,1360.5,1332.0,87.30979326513149,1291,1618,52.305862485218846,0.21501468247490904,0.06565355401030983,42.896583866668635,0,0,0,327,1332.0,53.25638155836669,HIGH,1401,True,69.0,0.0,0.0,0.0,False,False
20031,"Coffey County, Kansas",KS,12,1261.25,1333.0,158.80984913354138,794,1342,53.15800561285667,0.1654212745490947,0.048012139031329275,39.31488863325002,0,0,0,548,1333.0,53.256327861226055,MEDIUM,1182,True,-151.0,0.0,0.0,0.0,False,False
42023,"Cameron County, Pennsylvania",PA,12,1378.5833333333333,1334.0,92.52071840043904,1333,1579,52.14050728459742,0.19979650722843592,0.06512231861217481,38.333218190205315,0,0,0,246,1334.0,53.256230308478166,MEDIUM,1579,True,245.0,0.0,0.0,0.0,False,False
42105,"Potter County, Pennsylvania",PA,12,1352.75,1339.5,22.887571061405986,1335,1398,52.37528332445495,0.15791715579991814,0.014632488077319835,36.53679331419958,0,0,0,63,1335.0,53.253449153351205,HIGH,1398,True,63.0,0.0,0.0,0.0,False,False
01103,"Morgan County, Alabama",AL,12,1336.8333333333333,1336.0,14.910846164230039,1302,1364,52.52001439987355,0.15107664942097843,0.03140686419269704,43.084801759011015,0,0,0,62,1336.0,53.250402852558935,HIGH,1364,True,28.0,0.0,0.0,0.0,False,False
40017,"Canadian County, Oklahoma",OK,12,1312.6666666666667,1337.0,71.51393167937577,1087,1346,52.75482949759282,0.17452816881252428,0.034498545076265826,42.146125608199206,0,0,0,259,1337.0,53.25020427472744,HIGH,1324,True,-13.0,0.0,0.0,0.0,False,False
40019,"Carter County, Oklahoma",OK,12,1321.0833333333333,1338.0,154.42294832600805,859,1477,52.67526225009851,0.1782404434999605,0.045276783783928624,40.75420435031608,0,0,0,618,1338.0,53.249795402622986,HIGH,1477,True,139.0,0.0,0.0,0.0,False,False
42009,"Bedford County, Pennsylvania",PA,12,1292.5,1339.0,153.7249610062193,805,1348,52.93569688228893,0.21114278613036522,0.038452052082328894,37.948212419841965,0,0,0,543,1339.0,53.23760205265096,HIGH,1326,True,-13.0,0.0,0.0,0.0,False,False
39107,"Mercer County, Ohio",OH,12,1291.9166666666667,1340.0,110.85818814498043,959,1349,52.909554805259994,0.15605797859664325,0.03591620678401936,37.69881462776644,0,0,0,390,1340.0,53.23512130611255,HIGH,1251,True,-89.0,0.0,0.0,0.0,False,False
29073,"Gasconade County, Missouri",MO,12,1348.0833333333333,1341.0,116.92301922308722,1056,1532,52.435508020446264,0.19447650560602958,0.040740693319168735,39.73352551536331,0,0,0,476,1341.0,53.2066178700397,HIGH,1532,True,191.0,0.0,0.0,0.0,False,False
20193,"Thomas County, Kansas",KS,12,1359.8333333333333,1342.0,111.79675823347989,1253,1698,52.30765655725347,0.14403898339284357,0.05564827516564138,42.78645053915167,0,0,0,445,1342.0,53.190810591763594,MEDIUM,1262,True,-80.0,0.0,0.0,0.0,False,False
40013,"Bryan County, Oklahoma",OK,12,1365.6666666666667,1343.0,150.3446545491896,1003,1608,52.25267969148564,0.1814663845744202,0.026018917311016434,41.85602192930564,0,0,0,605,1343.0,53.18559234432176,HIGH,1608,True,265.0,0.0,0.0,0.0,False,False
05051,"Garland County, Arkansas",AR,12,1377.75,1344.0,73.40439050529976,1320,1555,52.169848051951725,0.17601446021381315,0.047458567532400874,42.44806123095985,0,0,0,235,1344.0,53.181106615721035,HIGH,1465,True,121.0,0.0,0.0,0.0,False,False
25027,"Worcester County, Massachusetts",MA,12,1328.75,1345.0,125.77478067778716,1101,1594,52.575343611084655,0.20102183512739824,0.048991028830716286,43.198215194287805,0,0,0,493,1345.0,53.18000597006071,MEDIUM,1110,True,-235.0,0.0,0.0,0.0,False,False
27115,"Pine County, Minnesota",MN,12,1382.3333333333333,1350.5,93.79506997446694,1346,1678,52.12438079319014,0.21574701077699587,0.03698800316142422,41.47239594440566,0,0,0,332,1346.0,53.17919569436422,HIGH,1376,True,30.0,0.0,0.0,0.0,False,False
47019,"Carter County, Tennessee",TN,12,1331.6666666666667,1347.0,53.0973947885707,1218,1399,52.56790558007356,0.17930091311285332,0.05716018818827546,38.68797205693038,0,0,0,181,1347.0,53.1494151260074,MEDIUM,1227,True,-120.0,0.0,0.0,0.0,False,False
47137,"Pickett County, Tennessee",TN,12,1266.0,1348.0,152.25755691053115,858,1357,53.10761239563237,0.2062992495039224,0.06680271225089347,40.04566450804947,0,0,0,499,1348.0,53.13863100402692,MEDIUM,1137,True,-211.0,0.0,0.0,0.0,False,False
31141,"Platte County, Nebraska",NE,12,1302.6666666666667,1349.0,106.80171375313252,1073,1393,52.80904449661788,0.12748145566932137,0.008899942745721458,39.049064991606926,0,0,0,320,1349.0,53.1251753858829,MEDIUM,1165,True,-184.0,0.0,0.0,0.0,False,False
29167,"Polk County, Missouri",MO,12,1350.5833333333333,1350.0,68.99862756650026,1183,1462,52.39480429100596,0.21140222531652456,0.04878448168550969,44.0019157627361,0,0,0,279,1350.0,53.11713947692386,HIGH,1462,True,112.0,0.0,0.0,0.0,False,False
24025,"Harford County, Maryland",MD,12,1334.5833333333333,1351.0,105.64645873111053,1004,1402,52.53935518367745,0.14331188691511218,0.016044738263391565,42.24578626334928,0,0,0,398,1351.0,53.11712312702254,HIGH,1402,True,51.0,0.0,0.0,0.0,False,False
47145,"Roane County, Tennessee",TN,12,1377.6666666666667,1356.5,51.89032723548832,1352,1536,52.17191344440886,0.17044102007701145,0.023807507158456625,39.41362156440307,0,0,0,184,1352.0,53.11143450014879,HIGH,1393,True,41.0,0.0,0.0,0.0,False,False
21203,"Rockcastle County, Kentucky",KY,12,1361.3333333333333,1353.0,88.76765722771421,1151,1510,52.330684736557856,0.2101156189503198,0.054622466606224024,43.24072383842375,0,0,0,359,1353.0,53.10771379252401,HIGH,1510,True,157.0,0.0,0.0,0.0,False,False
47103,"Lincoln County, Tennessee",TN,12,1386.9166666666667,1354.0,118.65109916614061,1322,1761,52.06964046960905,0.17348191635583465,0.03463997675128107,40.99406865971335,0,0,0,439,1354.0,53.091158354322616,HIGH,1331,True,-23.0,0.0,0.0,0.0,False,False
47005,"Benton County, Tennessee",TN,12,1365.5833333333333,1355.0,22.346276213411052,1350,1426,52.280289464533325,0.19140346060499167,0.052125416203154064,40.3474785023284,0,0,0,76,1355.0,53.0863298062187,HIGH,1388,True,33.0,0.0,0.0,0.0,False,False
26117,"Montcalm County, Michigan",MI,12,1352.1666666666667,1356.0,22.37625906394925,1284,1369,52.38645365126351,0.20864872738946696,0.011817270361825992,38.9003157701991,0,0,0,85,1356.0,53.081842319968345,HIGH,1356,True,0.0,0.0,0.0,0.0,False,False
13079,"Crawford County, Georgia",GA,12,1373.5833333333333,1357.0,115.67388196864911,1280,1730,52.20370788075339,0.15869262771292433,0.04999385391602506,38.94859379915676,0,0,0,450,1357.0,53.07883453936888,MEDIUM,1289,True,-68.0,0.0,0.0,0.0,False,False
13149,"Heard County, Georgia",GA,12,1372.1666666666667,1358.0,28.99163933818078,1354,1437,52.23547175198514,0.19195948066969581,0.03165904727347813,39.04189665719168,0,0,0,83,1358.0,53.07442823507411,HIGH,1437,True,79.0,0.0,0.0,0.0,False,False
54109,"Wyoming County, West Virginia",WV,12,1299.8333333333333,1359.0,119.9074137774137,1054,1419,52.84738718866791,0.18986892008459524,0.11352530060849754,44.471656124520656,0,0,0,365,1359.0,53.069932120032234,LOW,1063,True,-296.0,0.0,0.0,0.0,False,False
48381,"Randall County, Texas",TX,12,1383.75,1360.0,112.20689089194279,1301,1733,52.125690404686374,0.0963096702352876,0.03459897625163445,44.207355206282536,0,0,0,432,1360.0,53.06690283066372,HIGH,1310,True,-50.0,0.0,0.0,0.0,False,False
19129,"Mills County, Iowa",IA,12,1346.5833333333333,1361.0,70.75239582622991,1134,1409,52.47659475612963,0.1453444211119182,-0.002479615078241542,39.02425914925302,0,0,0,275,1361.0,53.066009948511606,MEDIUM,1340,True,-21.0,0.0,0.0,0.0,False,False
37121,"Mitchell County, North Carolina",NC,12,1353.25,1362.0,27.990664027980337,1291,1377,52.409755098881426,0.2139821470294567,0.03927888711280316,38.940794171473414,0,0,0,86,1362.0,53.06267554320232,MEDIUM,1300,True,-62.0,0.0,0.0,0.0,False,False
13221,"Oglethorpe County, Georgia",GA,12,1368.5833333333333,1363.0,84.10973171813691,1276,1616,52.28065899197995,0.16348735099201497,0.04145360044110105,38.74905432037862,0,0,0,340,1363.0,53.061576310163545,MEDIUM,1285,True,-78.0,0.0,0.0,0.0,False,False
48461,"Upton County, Texas",TX,12,1397.9166666666667,1364.0,249.73748338217197,1207,2169,51.91786272262581,0.09608332451808332,0.0660531579993654,41.30368914355684,0,0,0,962,1364.0,53.05975366787972,MEDIUM,1216,True,-148.0,0.0,0.0,0.0,False,False
54065,"Morgan County, West Virginia",WV,12,1401.6666666666667,1365.0,112.08384307645719,1322,1643,51.950923606387825,0.14738115558645012,0.06956935546368041,39.736644899048315,0,0,0,321,1365.0,53.05091980995218,MEDIUM,1643,True,278.0,0.0,0.0,0.0,False,False
51047,"Culpeper County, Virginia",VA,12,1334.8333333333333,1366.0,135.82798836853337,908,1418,52.57892918435213,0.20584964230438862,0.04443712260741343,40.15952542433212,0,0,0,510,1366.0,53.03866094618978,HIGH,1418,True,52.0,0.0,0.0,0.0,False,False
47125,"Montgomery County, Tennessee",TN,12,1325.9166666666667,1367.0,90.01258329542131,1130,1395,52.6590450293092,0.17543004073483437,0.04335873157746046,42.939643068225074,0,0,0,265,1367.0,53.034032066626715,MEDIUM,1211,True,-156.0,0.0,0.0,0.0,False,False
27159,"Wadena County, Minnesota",MN,12,1398.5,1372.5,43.03381334380083,1368,1500,52.0368777113489,0.14065698340221694,0.025417588461584414,40.814817704505785,0,0,0,132,1368.0,53.02718952409222,HIGH,1447,True,79.0,0.0,0.0,0.0,False,False
55133,"Waukesha County, Wisconsin",WI,12,1382.5833333333333,1369.0,48.771188091728796,1264,1449,52.13192603378693,0.14158668634179086,-0.013590200476864966,37.141777663279086,0,0,0,185,1369.0,53.02433434091011,MEDIUM,1449,True,80.0,0.0,0.0,0.0,False,False
30093,"Silver Bow County, Montana",MT,12,1335.75,1370.0,84.45453322242793,1149,1412,52.5815929430913,0.1581480668930774,0.03444592063221023,42.44144131623301,0,0,0,263,1370.0,53.020741343347424,MEDIUM,1233,True,-137.0,0.0,0.0,0.0,False,False
20075,"Hamilton County, Kansas",KS,12,1462.9166666666667,1371.0,282.8624652413682,1353,2356,51.28548311043857,0.1357038969674381,0.03156668164512239,41.77016537086995,0,0,0,1003,1371.0,53.01179053199763,HIGH,1448,True,77.0,0.0,0.0,0.0,False,False
19059,"Dickinson County, Iowa",IA,12,1345.3333333333333,1372.0,76.8083013190316,1110,1385,52.50553326912592,0.18120018572183658,0.014244803864496433,37.70949630668841,0,0,0,275,1372.0,53.00235680296086,HIGH,1330,True,-42.0,0.0,0.0,0.0,False,False
42005,"Armstrong County, Pennsylvania",PA,12,1280.0833333333333,1373.0,217.57609257592173,624,1382,53.06013669246647,0.16095165627686966,0.051690200969684436,41.20472052133667,0,0,0,758,1373.0,52.999261201366664,MEDIUM,1200,True,-173.0,0.0,0.0,0.0,False,False
25023,"Plymouth County, Massachusetts",MA,12,1361.0833333333333,1374.0,57.35607811705486,1238,1413,52.34396822105893,0.15051796199435544,0.008755345242127,38.275884050702246,0,0,0,175,1374.0,52.99197854181527,HIGH,1247,True,-127.0,0.0,0.0,0.0,False,False
31131,"Otoe County, Nebraska",NE,12,1382.5833333333333,1375.0,91.10978226426856,1265,1638,52.17192332895771,0.14311290605209037,0.011602167262524249,38.83198011818709,0,0,0,373,1375.0,52.99104590723151,MEDIUM,1274,True,-101.0,0.0,0.0,0.0,False,False
47089,"Jefferson County, Tennessee",TN,12,1369.9166666666667,1376.0,62.17929841607378,1271,1525,52.30361670644942,0.1774937124499345,0.054865583764330074,40.273468109639694,0,0,0,254,1376.0,52.990103258008,MEDIUM,1280,True,-96.0,0.0,0.0,0.0,False,False
20013,"Brown County, Kansas",KS,12,1391.6666666666667,1381.5,22.09620836800792,1377,1445,52.09034879861579,0.14278594406607723,0.023177537310143628,39.38370250994247,0,0,0,68,1377.0,52.94355830184327,HIGH,1420,True,43.0,0.0,0.0,0.0,False,False
13315,"Wilcox County, Georgia",GA,12,1392.9166666666667,1378.0,50.91786315114557,1327,1497,52.073776804539364,0.181985423158064,0.06808514457803784,41.07730180801681,0,0,0,170,1378.0,52.940862426226694,MEDIUM,1459,True,81.0,0.0,0.0,0.0,False,False
34027,"Morris County, New Jersey",NJ,12,1299.5,1379.0,177.54922492854556,835,1418,52.83336321864167,0.1654568297598189,0.028206315704434316,39.17812574002495,0,0,0,583,1379.0,52.92224302434796,MEDIUM,1135,True,-244.0,0.0,0.0,0.0,False,False
48375,"Potter County, Texas",TX,12,1381.25,1380.0,58.87448127546046,1288,1529,52.19494612027754,0.0944972035647866,0.03780502259748598,42.881408502951935,0,0,0,241,1380.0,52.92014456607513,MEDIUM,1297,True,-83.0,0.0,0.0,0.0,False,False
48421,"Sherman County, Texas",TX,12,1467.8333333333333,1381.0,307.8101047822514,1361,2445,51.199572768896466,0.11177591878085029,0.0357083829297277,39.63565506567328,0,0,0,1084,1381.0,52.91509926397405,MEDIUM,1370,True,-11.0,0.0,0.0,0.0,False,False
42111,"Somerset County, Pennsylvania",PA,12,1355.8333333333333,1382.0,98.88085882729902,1050,1421,52.39019445936919,0.15831703813741585,0.02323040052329661,40.906010462902486,0,0,0,371,1382.0,52.90475014838664,HIGH,1352,True,-30.0,0.0,0.0,0.0,False,False
44007,"Providence County, Rhode Island",RI,12,1311.25,1383.0,156.9557696816643,868,1392,52.77370482984088,0.16346750430118004,0.028730200642298354,39.3544946999628,0,0,0,524,1383.0,52.89840177635407,MEDIUM,1204,True,-179.0,0.0,0.0,0.0,False,False
28059,"Jackson County, Mississippi",MS,12,1352.3333333333333,1384.0,69.47639668959307,1170,1394,52.44197331122231,0.10186423893758433,0.0383660993350559,41.06129944115773,0,0,0,224,1384.0,52.89669932046732,MEDIUM,1291,True,-93.0,0.0,0.0,0.0,False,False
51155,"Pulaski County, Virginia",VA,12,1366.4166666666667,1385.0,99.5192611172999,1058,1444,52.30454655163717,0.16886367020781376,0.03454499815025232,38.85728583751155,0,0,0,386,1385.0,52.88586193613013,HIGH,1444,True,59.0,0.0,0.0,0.0,False,False
36123,"Yates County, New York",NY,12,1373.4166666666667,1386.0,22.072023976614442,1317,1395,52.24240719447303,0.20104206085605944,0.04399822582531641,36.13964441802007,0,0,0,78,1386.0,52.88343463936302,MEDIUM,1359,True,-27.0,0.0,0.0,0.0,False,False
13049,"Charlton County, Georgia",GA,12,1465.75,1387.0,200.5606346764444,1374,2080,51.36418282876598,0.1436684838540089,0.05831615322694176,40.21938875673077,0,0,0,706,1387.0,52.87454800412729,HIGH,1526,True,139.0,0.0,0.0,0.0,False,False
27073,"Lac qui Parle County, Minnesota",MN,12,1386.0833333333333,1388.0,13.159568474089204,1353,1401,52.13471935311623,0.1489764593792839,0.04569897353746161,38.772237933362895,0,0,0,48,1388.0,52.85459555723551,MEDIUM,1381,True,-7.0,0.0,0.0,0.0,False,False
37007,"Anson County, North Carolina",NC,12,1386.5833333333333,1389.0,37.40553759036544,1334,1484,52.130238378048226,0.19715409322091557,0.08192519496180296,43.21695061009503,0,0,0,150,1389.0,52.84741405012096,MEDIUM,1382,True,-7.0,0.0,0.0,0.0,False,False
48191,"Hall County, Texas",TX,12,1456.3333333333333,1390.0,158.6713775720311,1299,1721,51.49601832014536,0.10525003417390368,0.08805846608039421,38.10773991120616,0,0,0,422,1390.0,52.847301663827565,MEDIUM,1721,True,331.0,0.0,0.0,0.0,False,False
51099,"King George County, Virginia",VA,12,1311.6666666666667,1391.0,206.57172794910437,685,1414,52.774140189895604,0.19251871062381457,0.03324394904055064,38.70062590493542,0,0,0,729,1391.0,52.83611794638614,MEDIUM,1245,True,-146.0,0.0,0.0,0.0,False,False
19107,"Keokuk County, Iowa",IA,12,1330.8333333333333,1392.0,163.00687845683822,852,1435,52.59373771627812,0.18228161738511425,0.016418502866694443,38.276719808228606,0,0,0,583,1392.0,52.83518744044923,HIGH,1252,True,-140.0,0.0,0.0,0.0,False,False
51043,"Clarke County, Virginia",VA,12,1368.0833333333333,1393.0,106.9651245910922,1032,1434,52.3008490160795,0.15284436233064305,0.03474169842067841,38.55476667377731,0,0,0,402,1393.0,52.82634416352356,HIGH,1434,True,41.0,0.0,0.0,0.0,False,False
51033,"Caroline County, Virginia",VA,12,1380.25,1394.0,114.44818200232093,1200,1663,52.181469223282015,0.17134857715513194,0.05216634412329458,40.21459750873761,0,0,0,463,1394.0,52.82153370671307,MEDIUM,1209,True,-185.0,0.0,0.0,0.0,False,False
54053,"Mason County, West Virginia",WV,12,1446.5833333333333,1395.0,108.22237907814325,1357,1648,51.599447215242094,0.13031855873626005,0.056478388589246926,38.01869884940035,0,0,0,291,1395.0,52.81772085180674,MEDIUM,1616,True,221.0,0.0,0.0,0.0,False,False
13103,"Effingham County, Georgia",GA,12,1348.5833333333333,1396.0,87.60703410253326,1125,1405,52.46450300074769,0.19322397928373616,0.05884628202611625,40.21887072500451,0,0,0,280,1396.0,52.8106260653032,MEDIUM,1264,True,-132.0,0.0,0.0,0.0,False,False
34029,"Ocean County, New Jersey",NJ,12,1337.25,1397.0,104.63279948119866,1122,1406,52.563160254826506,0.1970460924300568,0.049248616962084234,43.71616549354196,0,0,0,284,1397.0,52.80904246679159,MEDIUM,1193,True,-204.0,0.0,0.0,0.0,False,False
29053,"Cooper County, Missouri",MO,12,1411.0833333333333,1398.0,32.137370864160715,1376,1467,51.93027279955635,0.15781020695364337,0.039586286915433616,40.726900517061864,0,0,0,91,1398.0,52.802817952822785,HIGH,1464,True,66.0,0.0,0.0,0.0,False,False
05103,"Ouachita County, Arkansas",AR,12,1395.75,1399.0,63.93195957066744,1268,1505,52.06614702367616,0.16105463635183576,0.06962124018660833,39.83686916102195,0,0,0,237,1399.0,52.80119489245661,HIGH,1505,True,106.0,0.0,0.0,0.0,False,False
40093,"Major County, Oklahoma",OK,12,1419.6666666666667,1400.0,33.93130314817474,1400,1479,51.87999939928603,0.1117546142924332,0.03115009430869024,37.96566396486678,0,0,0,79,1400.0,52.78542220617144,HIGH,1479,True,79.0,0.0,0.0,0.0,False,False
47017,"Carroll County, Tennessee",TN,12,1454.6666666666667,1402.5,113.62084742553616,1401,1783,51.54696828330003,0.18345249550415585,0.051431492688230294,42.28215293158746,0,0,0,382,1401.0,52.776663284156186,HIGH,1529,True,128.0,0.0,0.0,0.0,False,False
56041,"Uinta County, Wyoming",WY,12,1423.0833333333333,1402.5,54.97017097453578,1402,1595,51.856895528547675,0.12636421376140386,0.04152493187706063,39.75734656036705,0,0,0,193,1402.0,52.77581035530189,HIGH,1431,True,29.0,0.0,0.0,0.0,False,False
22033,"East Baton Rouge Parish, Louisiana",LA,12,1442.4166666666667,1407.5,85.42988441707706,1403,1704,51.64283656029129,0.039290960915197806,0.0003675995254344832,38.73579514677965,0,0,0,301,1403.0,52.77303999676682,HIGH,1468,True,65.0,0.0,0.0,0.0,False,False
32031,"Washoe County, Nevada",NV,12,1359.6666666666667,1404.0,159.05992771927382,1060,1658,52.371009480185855,0.16000098007454852,0.09581237397372268,46.280591000169785,0,0,0,598,1404.0,52.77213573711788,MEDIUM,1069,True,-335.0,0.0,0.0,0.0,False,False
37029,"Camden County, North Carolina",NC,12,1407.1666666666667,1405.0,76.56825040248064,1290,1603,51.966196886917395,0.19293877247055266,0.02825330091070932,36.474331009783654,0,0,0,313,1405.0,52.74328804511781,MEDIUM,1299,True,-106.0,0.0,0.0,0.0,False,False
34017,"Hudson County, New Jersey",NJ,12,1374.5833333333333,1406.0,83.50335685504271,1117,1415,52.26488732441851,0.15363186148026864,0.02512184756944115,37.70274880254944,0,0,0,298,1406.0,52.73905672029847,MEDIUM,1361,True,-45.0,0.0,0.0,0.0,False,False
13137,"Habersham County, Georgia",GA,12,1378.3333333333333,1407.0,87.22836625082394,1103,1416,52.24120835380386,0.17082834753515697,0.05852074015691217,39.675595124309766,0,0,0,313,1407.0,52.73682632904547,MEDIUM,1389,True,-18.0,0.0,0.0,0.0,False,False
55063,"La Crosse County, Wisconsin",WI,12,1415.75,1408.0,27.40976932674654,1379,1471,51.87454449790852,0.15344379961606291,-0.01683899032446271,38.54158730032117,0,0,0,92,1408.0,52.72859118978316,MEDIUM,1406,True,-2.0,0.0,0.0,0.0,False,False
27147,"Steele County, Minnesota",MN,12,1396.4166666666667,1409.0,112.57438618194824,1187,1620,52.044742499000755,0.11069710767539971,-0.0027614628675045583,39.38872347843704,0,0,0,433,1409.0,52.72363206230911,LOW,1196,True,-213.0,0.0,0.0,0.0,False,False
29113,"Lincoln County, Missouri",MO,12,1397.4166666666667,1410.0,52.10384444607332,1233,1422,52.05153563605261,0.17992508746188232,0.02858477044958847,38.2676066266357,0,0,0,189,1410.0,52.71928057987538,HIGH,1411,True,1.0,0.0,0.0,0.0,False,False
38055,"McLean County, North Dakota",ND,12,1385.8333333333333,1411.0,89.1493469443611,1105,1432,52.18802087622592,0.09465280521850988,0.032220348989448484,36.92879145869493,0,0,0,327,1411.0,52.71898038676906,MEDIUM,1432,True,21.0,0.0,0.0,0.0,False,False
13195,"Madison County, Georgia",GA,12,1379.5,1412.0,51.00534731325192,1256,1422,52.223973158538705,0.1635807147124433,0.053068541836527455,40.10759872812187,0,0,0,166,1412.0,52.702278888754165,MEDIUM,1335,True,-77.0,0.0,0.0,0.0,False,False
51678,"Lexington city, Virginia",VA,12,1325.3333333333333,1413.0,189.6855452073406,765,1423,52.684449963676464,0.1861945474392559,0.087380392652755,38.02761789614857,0,0,0,658,1413.0,52.6763827991454,MEDIUM,1235,True,-178.0,0.0,0.0,0.0,False,False
21001,"Adair County, Kentucky",KY,12,1383.0,1414.0,53.016292521519034,1276,1424,52.200863150108006,0.193629360612274,0.06908527144167993,42.21189213547869,0,0,0,148,1414.0,52.67204038049915,MEDIUM,1312,True,-102.0,0.0,0.0,0.0,False,False
19189,"Winnebago County, Iowa",IA,12,1382.5,1415.5,63.58887838722626,1269,1425,52.17498875812455,0.12621003835685082,0.01705245010700177,39.26853161911028,0,0,0,156,1415.0,52.66808913214752,MEDIUM,1286,True,-129.0,0.0,0.0,0.0,False,False
31151,"Saline County, Nebraska",NE,12,1369.75,1416.5,128.6878711527166,979,1439,52.29168808171295,0.1524301520999534,0.022051226634249372,38.52172952101242,0,0,0,460,1416.0,52.6572147460801,MEDIUM,1332,True,-84.0,0.0,0.0,0.0,False,False
05143,"Washington County, Arkansas",AR,12,1387.6666666666667,1418.0,110.54849477478061,1037,1427,52.12257702353883,0.1971223545644094,0.029040051087767565,43.07833240966303,0,0,0,390,1417.0,52.616400458958346,HIGH,1419,True,2.0,0.0,0.0,0.0,False,False
08057,"Jackson County, Colorado",CO,12,1413.0833333333333,1412.0,308.79044330870715,999,2257,51.77749372617532,0.1086987793437652,0.05197395433664895,34.97225100745119,0,0,0,1258,1418.0,52.60588199715828,LOW,1008,True,-410.0,0.0,0.0,0.0,False,False
21193,"Perry County, Kentucky",KY,12,1376.4166666666667,1419.0,142.06685899337126,926,1428,52.24693181331443,0.20759098391247277,0.06939346104325873,41.13453532512381,0,0,0,502,1419.0,52.60354205870374,MEDIUM,1427,True,8.0,0.0,0.0,0.0,False,False
29183,"St. Charles County, Missouri",MO,12,1428.9166666666667,1420.0,40.51814034441488,1327,1489,51.75168124633735,0.1250417803248958,-0.014471934928782883,38.84574426329889,0,0,0,162,1420.0,52.59742193730676,MEDIUM,1489,True,69.0,0.0,0.0,0.0,False,False
26057,"Gratiot County, Michigan",MI,12,1416.3333333333333,1421.0,55.976185412488775,1308,1519,51.86530613707361,0.19105534126340754,0.030645166944965833,40.92430991513552,0,0,0,211,1421.0,52.5580126272211,MEDIUM,1317,True,-104.0,0.0,0.0,0.0,False,False
37039,"Cherokee County, North Carolina",NC,12,1410.0,1422.0,60.83958041813357,1218,1443,51.9024941167375,0.16617944499339854,0.040015224852509475,40.33130513535142,0,0,0,225,1422.0,52.55061584202495,HIGH,1443,True,21.0,0.0,0.0,0.0,False,False
40067,"Jefferson County, Oklahoma",OK,12,1488.25,1423.0,126.28404131523939,1399,1703,51.21224990916446,0.17814126767034452,0.05709743502411297,45.28180706239905,0,0,0,304,1423.0,52.5487841754628,MEDIUM,1703,True,280.0,0.0,0.0,0.0,False,False
17035,"Cumberland County, Illinois",IL,12,1384.9166666666667,1424.0,76.97869638393273,1185,1433,52.14284637026331,0.16206623329997286,0.03909324790629801,41.77139388143442,0,0,0,248,1424.0,52.539342751538015,MEDIUM,1314,True,-110.0,0.0,0.0,0.0,False,False
13017,"Ben Hill County, Georgia",GA,12,1429.75,1425.0,48.75005827502345,1360,1554,51.75812700162508,0.23485140901843102,0.07863255599768372,42.75421903209363,0,0,0,194,1425.0,52.531451422147555,HIGH,1454,True,29.0,0.0,0.0,0.0,False,False
19101,"Jefferson County, Iowa",IA,12,1478.8333333333333,1429.0,94.9802212265397,1426,1700,51.26573372796804,0.1531760604981414,0.005649320084741225,38.715594257373944,0,0,0,274,1426.0,52.49321212853286,HIGH,1600,True,174.0,0.0,0.0,0.0,False,False
17193,"White County, Illinois",IL,12,1434.25,1427.0,129.39377883035948,1118,1642,51.666908059235475,0.14367533026120613,0.05016534607734379,41.13991461992819,0,0,0,524,1427.0,52.4795322408052,MEDIUM,1642,True,215.0,0.0,0.0,0.0,False,False
13005,"Bacon County, Georgia",GA,12,1366.9166666666667,1428.0,144.27149805666798,925,1437,52.298951157608116,0.22020696662335762,0.06884598596578488,39.30728997933427,0,0,0,512,1428.0,52.47664286347924,MEDIUM,1333,True,-95.0,0.0,0.0,0.0,False,False
42011,"Berks County, Pennsylvania",PA,12,1388.3333333333333,1429.0,92.3770271848751,1127,1438,52.08951889803953,0.1581698602207295,0.029748166914608253,45.86155156541611,0,0,0,311,1429.0,52.468358608509675,HIGH,1328,True,-101.0,0.0,0.0,0.0,False,False
47039,"Decatur County, Tennessee",TN,12,1437.5,1430.0,52.28158027798736,1304,1518,51.643722298424706,0.17172845028344355,0.026597282852340382,39.49462461539244,0,0,0,214,1430.0,52.462344746788865,HIGH,1518,True,88.0,0.0,0.0,0.0,False,False
05003,"Ashley County, Arkansas",AR,12,1422.9166666666667,1431.0,71.76281429230261,1208,1497,51.79043659890491,0.17825330052402322,0.035855845507938446,40.20804735391203,0,0,0,289,1431.0,52.46097897048006,HIGH,1497,True,66.0,0.0,0.0,0.0,False,False
27013,"Blue Earth County, Minnesota",MN,12,1453.75,1432.0,96.78760720821087,1363,1745,51.4797152551729,0.0948125346003748,-0.015941866663532134,38.49610128490025,0,0,0,382,1432.0,52.457658965324875,MEDIUM,1372,True,-60.0,0.0,0.0,0.0,False,False
35059,"Union County, New Mexico",NM,12,1497.9166666666667,1433.0,154.27098845469254,1398,1936,51.07914845217859,0.1250685333031449,0.06505572153075771,41.469042309095215,0,0,0,538,1433.0,52.419207181067286,MEDIUM,1606,True,173.0,0.0,0.0,0.0,False,False
19081,"Hancock County, Iowa",IA,12,1399.3333333333333,1434.0,96.79719505077081,1114,1463,51.97261012467291,0.13471520202987877,-0.00179099247025715,40.16563862403139,0,0,0,349,1434.0,52.407016274294385,MEDIUM,1357,True,-77.0,0.0,0.0,0.0,False,False
37161,"Rutherford County, North Carolina",NC,12,1425.5,1435.0,14.374851777891958,1398,1444,51.75725423006918,0.17243367890892977,0.04091801531645376,40.94185951801629,0,0,0,46,1435.0,52.39803510883775,MEDIUM,1407,True,-28.0,0.0,0.0,0.0,False,False
29083,"Henry County, Missouri",MO,12,1451.75,1436.0,40.2223931298339,1411,1547,51.55600326440583,0.1629694446947539,0.04847057128399097,42.255413687926136,0,0,0,136,1436.0,52.39719425192987,MEDIUM,1500,True,64.0,0.0,0.0,0.0,False,False
40127,"Pushmataha County, Oklahoma",OK,12,1488.0,1437.0,93.38288727793564,1430,1649,51.16576320016378,0.16545240268397313,0.051000258786481185,40.85526124498878,0,0,0,219,1437.0,52.39019617119471,MEDIUM,1649,True,212.0,0.0,0.0,0.0,False,False
31125,"Nance County, Nebraska",NE,12,1490.4166666666667,1440.5,124.44601482595016,1438,1871,51.14095465109157,0.12207380127929764,0.041032498182954236,39.78405878720467,0,0,0,433,1438.0,52.36288795255891,HIGH,1531,True,93.0,0.0,0.0,0.0,False,False
27167,"Wilkin County, Minnesota",MN,12,1470.1666666666667,1439.0,133.8797515638115,1400,1893,51.32291672205074,0.12282495633277789,0.028589987905354525,38.42068812520489,0,0,0,493,1439.0,52.35340949977372,HIGH,1409,True,-30.0,0.0,0.0,0.0,False,False
20187,"Stanton County, Kansas",KS,12,1524.5,1444.5,223.29047530881465,1440,2224,50.75313442630763,0.12054043495004896,0.03102084277260156,43.14815223037346,0,0,0,784,1440.0,52.35281401336099,HIGH,1542,True,102.0,0.0,0.0,0.0,False,False
37059,"Davie County, North Carolina",NC,12,1435.3333333333333,1441.0,41.14129386159435,1309,1468,51.6373157048342,0.14641116378950483,0.0087435758662473,38.79280083747517,0,0,0,159,1441.0,52.34902924563447,HIGH,1446,True,5.0,0.0,0.0,0.0,False,False
51003,"Albemarle County, Virginia",VA,12,1384.0833333333333,1442.0,208.84638039971057,721,1451,52.0990377563572,0.20422499358663695,0.028990616398711366,40.57215024978848,0,0,0,730,1442.0,52.34535440936224,HIGH,1450,True,8.0,0.0,0.0,0.0,False,False
21127,"Lawrence County, Kentucky",KY,12,1434.0833333333333,1443.0,34.37086063231557,1330,1463,51.66618981148891,0.1736352264857869,0.054713175397973074,40.618955271958654,0,0,0,133,1443.0,52.33092135015859,MEDIUM,1463,True,20.0,0.0,0.0,0.0,False,False
02066,"Copper River Census Area, Alaska",AK,12,1308.0,1447.5,282.75816843759236,719,1460,52.7653631991013,0.09395454914473529,0.05645640268699756,35.55349126180962,0,0,0,741,1444.0,52.32683063846683,LOW,728,True,-716.0,0.0,0.0,0.0,False,False
20085,"Jackson County, Kansas",KS,12,1459.6666666666667,1445.0,40.54253284757835,1407,1547,51.444717621172195,0.20177817641060994,0.03692661348477749,44.260148025554976,0,0,0,140,1445.0,52.32603663068559,HIGH,1547,True,102.0,0.0,0.0,0.0,False,False
31155,"Saunders County, Nebraska",NE,12,1429.0,1445.5,37.675649237333,1357,1459,51.71048209231416,0.13595084010541456,0.015392137528997258,38.98680810663792,0,0,0,102,1446.0,52.309166665626535,MEDIUM,1366,True,-80.0,0.0,0.0,0.0,False,False
27163,"Washington County, Minnesota",MN,12,1467.0,1447.0,59.73121614213273,1424,1649,51.36777816720388,0.10015706770376019,-0.003723886920552108,39.530192103056315,0,0,0,225,1447.0,52.30096236772093,MEDIUM,1433,True,-14.0,0.0,0.0,0.0,False,False
37079,"Greene County, North Carolina",NC,12,1475.9166666666667,1448.0,58.80392431761264,1436,1625,51.307457860354866,0.16084453540664886,0.041241377457235974,40.480652179770374,0,0,0,189,1448.0,52.29802993804361,HIGH,1541,True,93.0,0.0,0.0,0.0,False,False
27103,"Nicollet County, Minnesota",MN,12,1498.9166666666667,1453.0,120.08440844470678,1448,1874,51.04843815983991,0.09467992744500159,-0.03594495220330335,36.718436436000275,0,0,0,426,1449.0,52.286095986181515,MEDIUM,1483,True,34.0,0.0,0.0,0.0,False,False
30059,"Meagher County, Montana",MT,12,1514.8333333333333,1450.0,140.4918848082326,1445,1818,50.96823207263202,0.183328553291956,0.040804113092129266,41.20321238317993,0,0,0,373,1450.0,52.28542396790681,MEDIUM,1818,True,368.0,0.0,0.0,0.0,False,False
01057,"Fayette County, Alabama",AL,12,1427.6666666666667,1450.5,174.88766957592225,905,1604,51.72077628061555,0.1845147078386681,0.055203611104091034,45.80847755069082,0,0,0,699,1451.0,52.27690804123586,HIGH,1604,True,153.0,0.0,0.0,0.0,False,False
08107,"Routt County, Colorado",CO,12,1448.0833333333333,1452.0,75.9095853730947,1353,1659,51.56425740390393,0.15449772071558932,0.09626099392228253,43.2611817548912,0,0,0,306,1452.0,52.257723427244656,MEDIUM,1362,True,-90.0,0.0,0.0,0.0,False,False
13075,"Cook County, Georgia",GA,12,1462.25,1453.0,54.32247986038394,1342,1560,51.40217190779251,0.16973869422982157,0.04742208784046528,40.73169938166913,0,0,0,218,1453.0,52.247163614514555,HIGH,1560,True,107.0,0.0,0.0,0.0,False,False
55095,"Polk County, Wisconsin",WI,12,1439.1666666666667,1454.0,68.87912117131968,1297,1542,51.617659175650374,0.16271103613553375,0.017448090472588617,39.54929042027112,0,0,0,245,1454.0,52.214157597066446,MEDIUM,1306,True,-148.0,0.0,0.0,0.0,False,False
21159,"Martin County, Kentucky",KY,12,1452.5,1455.0,36.36806791178719,1382,1495,51.51311220913421,0.18147830151777875,0.09788810022699534,45.00783314523144,0,0,0,113,1455.0,52.1818215535596,MEDIUM,1493,True,38.0,0.0,0.0,0.0,False,False
31169,"Thayer County, Nebraska",NE,12,1512.25,1459.0,133.08720654313296,1456,1919,50.8995612948809,0.1390532532137028,0.04248634616076041,43.09551742294078,0,0,0,463,1456.0,52.17849043205166,HIGH,1556,True,100.0,0.0,0.0,0.0,False,False
46057,"Hamlin County, South Dakota",SD,12,1426.6666666666667,1457.0,65.15203664343795,1302,1475,51.70237429115161,0.12771193296984207,0.020638256811134157,41.32712195704428,0,0,0,173,1457.0,52.169146087331214,MEDIUM,1311,True,-146.0,0.0,0.0,0.0,False,False
01115,"St. Clair County, Alabama",AL,12,1444.0,1458.0,55.17410459791636,1270,1470,51.5149941100995,0.13147594414394584,0.04068675037324842,41.31112936782505,0,0,0,200,1458.0,52.13436961518461,HIGH,1456,True,-2.0,0.0,0.0,0.0,False,False
05111,"Poinsett County, Arkansas",AR,12,1510.5,1459.0,99.2613629858979,1446,1705,50.941479883868766,0.1944762775803598,0.04815096818512719,40.62841073898272,0,0,0,259,1459.0,52.12924532229824,MEDIUM,1705,True,246.0,0.0,0.0,0.0,False,False
13133,"Greene County, Georgia",GA,12,1509.75,1460.0,138.37572369852637,1454,1943,50.926991958807776,0.2009858453541251,0.0510156321227645,42.19154128562094,0,0,0,489,1460.0,52.122184160192326,HIGH,1523,True,63.0,0.0,0.0,0.0,False,False
51540,"Charlottesville city, Virginia",VA,12,1447.1666666666667,1461.0,38.119032071402415,1343,1476,51.50167882063017,0.19416123329468374,0.016826324152778308,36.44586978648139,0,0,0,133,1461.0,52.112438934873296,MEDIUM,1422,True,-39.0,0.0,0.0,0.0,False,False
19065,"Fayette County, Iowa",IA,12,1449.1666666666667,1462.0,84.15011838519557,1186,1500,51.4847710181802,0.15207705898995424,-6.359467566503351e-05,37.62117602883881,0,0,0,314,1462.0,52.109780524816166,MEDIUM,1485,True,23.0,0.0,0.0,0.0,False,False
18011,"Boone County, Indiana",IN,12,1436.9166666666667,1463.0,114.63654687222517,1074,1486,51.59649412184271,0.14818574825657957,0.0082948681387209,39.96188541395627,0,0,0,412,1463.0,52.09446725461064,HIGH,1478,True,15.0,0.0,0.0,0.0,False,False
05005,"Baxter County, Arkansas",AR,12,1463.6666666666667,1464.0,97.04107221671504,1182,1574,51.339204166011086,0.15911177209145974,0.020414690180869725,40.24505982781177,0,0,0,392,1464.0,52.092636730494554,HIGH,1574,True,110.0,0.0,0.0,0.0,False,False
21129,"Lee County, Kentucky",KY,12,1503.75,1465.0,94.2145761739465,1417,1728,50.996119622515494,0.15878038189200958,0.06586686632837345,40.231907502529715,0,0,0,311,1465.0,52.06341872554661,MEDIUM,1614,True,149.0,0.0,0.0,0.0,False,False
48329,"Midland County, Texas",TX,12,1467.5833333333333,1466.0,203.30069907018085,1171,1999,51.220834887511614,0.06961244285926531,0.020120962610713732,39.05508072445713,0,0,0,828,1466.0,52.047792714603624,MEDIUM,1180,True,-286.0,0.0,0.0,0.0,False,False
20157,"Republic County, Kansas",KS,12,1501.9166666666667,1467.0,77.90023728909283,1449,1669,51.010595429352435,0.13633239232746572,0.03642653616337637,37.356077706719056,0,0,0,220,1467.0,52.04458638236542,MEDIUM,1669,True,202.0,0.0,0.0,0.0,False,False
19125,"Marion County, Iowa",IA,12,1457.5,1468.0,48.32183771339827,1334,1515,51.39377094063409,0.16271506266653898,-0.01988873925514983,41.31643155270075,0,0,0,181,1468.0,52.04140528175833,MEDIUM,1425,True,-43.0,0.0,0.0,0.0,False,False
20201,"Washington County, Kansas",KS,12,1536.25,1469.0,226.79150416987923,1442,2254,50.62081338252643,0.14930721866291446,0.04296087392912724,40.45565571305643,0,0,0,812,1469.0,52.03455366387975,MEDIUM,1507,True,38.0,0.0,0.0,0.0,False,False
42115,"Susquehanna County, Pennsylvania",PA,12,1478.5833333333333,1470.0,48.94237489748596,1347,1536,51.19768283418757,0.14253058951912023,-0.0003292362871266832,40.15778286982963,0,0,0,189,1470.0,51.99886936223648,MEDIUM,1536,True,66.0,0.0,0.0,0.0,False,False
25015,"Hampshire County, Massachusetts",MA,12,1438.0833333333333,1471.0,103.08730486457793,1215,1505,51.552801971620546,0.17887868753088276,0.011920245016054107,37.73177503848013,0,0,0,290,1471.0,51.98131942809216,MEDIUM,1224,True,-247.0,0.0,0.0,0.0,False,False
20117,"Marshall County, Kansas",KS,12,1506.75,1472.0,116.28657782314421,1460,1875,50.938093345214064,0.12854998857552954,0.027893432138360902,40.54595158709104,0,0,0,415,1472.0,51.96685950844899,HIGH,1491,True,19.0,0.0,0.0,0.0,False,False
06107,"Tulare County, California",CA,12,1483.0,1473.0,256.483917624478,1183,2221,51.04510426101851,0.1381521175645333,0.07197964854456021,45.438806875021584,0,0,0,1038,1473.0,51.95816216647314,MEDIUM,1192,True,-281.0,0.0,0.0,0.0,False,False
51045,"Craig County, Virginia",VA,12,1480.3333333333333,1474.0,76.89820110596435,1286,1601,51.156315038293705,0.15881873165142155,0.011934867037955757,39.150236198773285,0,0,0,315,1474.0,51.95202552578476,HIGH,1601,True,127.0,0.0,0.0,0.0,False,False
13205,"Mitchell County, Georgia",GA,12,1482.0833333333333,1475.0,19.44436507920308,1458,1516,51.203817172814524,0.18091890710929104,0.051812361394566187,39.551129135999446,0,0,0,58,1475.0,51.95184731263118,HIGH,1514,True,39.0,0.0,0.0,0.0,False,False
28121,"Rankin County, Mississippi",MS,12,1498.75,1478.0,37.88529338074942,1476,1566,51.01728629401385,0.10054824993337347,0.022089459693929808,46.90209638114019,0,0,0,90,1476.0,51.9484473079443,HIGH,1566,True,90.0,0.0,0.0,0.0,False,False
05049,"Fulton County, Arkansas",AR,12,1502.4166666666667,1477.0,62.193917173091236,1444,1629,50.99839325630206,0.2055405681670104,0.057814872744173906,41.703944218242874,0,0,0,185,1477.0,51.942871485662245,HIGH,1629,True,152.0,0.0,0.0,0.0,False,False
19133,"Monona County, Iowa",IA,12,1463.6666666666667,1478.0,73.31170479947973,1244,1530,51.31740453868418,0.18375455990507314,-0.007909560108593007,37.16265832840624,0,0,0,286,1478.0,51.9385647198921,MEDIUM,1457,True,-21.0,0.0,0.0,0.0,False,False
16013,"Blaine County, Idaho",ID,12,1477.0,1479.0,16.26485335148938,1451,1517,51.23538685839636,0.14951046146976327,0.05685448829165035,46.028349797705594,0,0,0,66,1479.0,51.93583830511324,HIGH,1460,True,-19.0,0.0,0.0,0.0,False,False
40073,"Kingfisher County, Oklahoma",OK,12,1486.5,1480.0,24.06241883103193,1434,1527,51.15135651456465,0.16839958937969532,-0.00038620406664346675,38.327149708158984,0,0,0,93,1480.0,51.917352250681176,MEDIUM,1495,True,15.0,0.0,0.0,0.0,False,False
31129,"Nuckolls County, Nebraska",NE,12,1527.5,1481.0,155.83411926555985,1465,2021,50.7364459208087,0.16080708675717229,0.04796458020605196,41.68014379898314,0,0,0,556,1481.0,51.914888740465315,MEDIUM,1506,True,25.0,0.0,0.0,0.0,False,False
05087,"Madison County, Arkansas",AR,12,1513.6666666666667,1486.5,56.35009612532469,1482,1672,50.85423064847186,0.19926821188316823,0.025899833525588074,40.60390412440971,0,0,0,190,1482.0,51.8624779083528,HIGH,1557,True,75.0,0.0,0.0,0.0,False,False
48275,"Knox County, Texas",TX,12,1555.5833333333333,1483.0,215.2708477216269,1438,2222,50.40295794498913,0.09396590501627876,0.060682496128183855,37.64650612027113,0,0,0,784,1483.0,51.86191673909509,MEDIUM,1594,True,111.0,0.0,0.0,0.0,False,False
39129,"Pickaway County, Ohio",OH,12,1486.9166666666667,1484.0,23.834498806002497,1442,1521,51.11184319612195,0.1409177855252918,0.019713336959150934,39.44757262290766,0,0,0,79,1484.0,51.85373675785248,MEDIUM,1451,True,-33.0,0.0,0.0,0.0,False,False
33003,"Carroll County, New Hampshire",NH,12,1402.9166666666667,1485.0,154.00558333050688,1002,1494,51.85394719881969,0.2208075750894043,0.060149649806453424,41.12123737814668,0,0,0,492,1485.0,51.85007009821631,MEDIUM,1258,True,-227.0,0.0,0.0,0.0,False,False
48441,"Taylor County, Texas",TX,12,1537.6666666666667,1486.5,153.16380615260093,1486,2022,50.60430658716401,0.1168734732501504,0.005776887323818584,41.07325560583087,0,0,0,536,1486.0,51.83055311692234,HIGH,1527,True,41.0,0.0,0.0,0.0,False,False
31181,"Webster County, Nebraska",NE,12,1561.0833333333333,1488.0,195.25808484405889,1487,2170,50.34755949354084,0.15348650972101172,0.027904472622128865,40.122377992723266,0,0,0,683,1487.0,51.828270550287485,HIGH,1588,True,101.0,0.0,0.0,0.0,False,False
19045,"Clinton County, Iowa",IA,12,1482.4166666666667,1488.0,44.402003094318594,1377,1545,51.145687079734905,0.13723921476371218,-0.031600071932521255,38.57098347517809,0,0,0,168,1488.0,51.81628755811795,MEDIUM,1453,True,-35.0,0.0,0.0,0.0,False,False
20097,"Kiowa County, Kansas",KS,12,1541.9166666666667,1491.5,126.62145325434558,1489,1930,50.570777034768746,0.1445336934716026,0.033399689059096356,39.47854261301939,0,0,0,441,1489.0,51.81485493372998,MEDIUM,1581,True,92.0,0.0,0.0,0.0,False,False
26027,"Cass County, Michigan",MI,12,1484.4166666666667,1490.0,81.55473157594379,1235,1549,51.12931379753139,0.1859750661062608,-0.004150728836855008,38.39675707752919,0,0,0,314,1490.0,51.81345423798691,MEDIUM,1549,True,59.0,0.0,0.0,0.0,False,False
40105,"Nowata County, Oklahoma",OK,12,1522.1666666666667,1491.0,57.209079593005086,1491,1640,50.794461169335555,0.14525121344700953,0.03380706970233948,40.887262014802744,0,0,0,149,1491.0,51.81237174876028,HIGH,1640,True,149.0,0.0,0.0,0.0,False,False
40115,"Ottawa County, Oklahoma",OK,12,1529.0833333333333,1492.0,82.13454409280749,1483,1708,50.75194985982019,0.20527546824192996,0.05245287051504579,41.94902506734347,0,0,0,225,1492.0,51.811327134265454,MEDIUM,1708,True,216.0,0.0,0.0,0.0,False,False
47115,"Marion County, Tennessee",TN,12,1499.25,1493.0,12.270622715175527,1488,1525,51.034386170116335,0.18225740320392173,0.021586754087888984,39.27578308067611,0,0,0,37,1493.0,51.807057653712945,HIGH,1525,True,32.0,0.0,0.0,0.0,False,False
37091,"Hertford County, North Carolina",NC,12,1439.5833333333333,1494.0,187.28512940692784,845,1503,51.56333129908643,0.1745896494334427,0.052850825733005265,40.055898269418584,0,0,0,658,1494.0,51.79820799125269,MEDIUM,1496,True,2.0,0.0,0.0,0.0,False,False
40035,"Craig County, Oklahoma",OK,12,1548.0,1495.0,122.01862749000844,1481,1903,50.54679124342463,0.18445343610427892,0.03703109647720233,39.827210226679114,0,0,0,422,1495.0,51.79137622950555,HIGH,1623,True,128.0,0.0,0.0,0.0,False,False
55035,"Eau Claire County, Wisconsin",WI,12,1497.25,1496.0,75.75333776024773,1273,1560,51.001963601398735,0.1392525296377547,-0.017212320933009118,37.54735551759884,0,0,0,287,1496.0,51.7818391041823,MEDIUM,1551,True,55.0,0.0,0.0,0.0,False,False
45007,"Anderson County, South Carolina",SC,12,1519.0,1497.0,118.16783134015941,1443,1889,50.82118254869971,0.20321653836925394,0.04056931069138593,40.49602005031889,0,0,0,446,1497.0,51.779091058564376,MEDIUM,1452,True,-45.0,0.0,0.0,0.0,False,False
21031,"Butler County, Kentucky",KY,12,1529.25,1498.0,74.03699934983365,1439,1685,50.743979887298686,0.15884161252009354,0.015435124321105392,38.06892213226171,0,0,0,246,1498.0,51.77297383011626,HIGH,1685,True,187.0,0.0,0.0,0.0,False,False
54071,"Pendleton County, West Virginia",WV,12,1531.6666666666667,1499.0,156.95878632959858,1247,1835,50.73794409258966,0.167244349903544,0.0533806278069228,37.90885543140416,0,0,0,588,1499.0,51.76983981788856,MEDIUM,1835,True,336.0,0.0,0.0,0.0,False,False
20051,"Ellis County, Kansas",KS,12,1505.5,1500.0,27.93987050142438,1440,1555,50.972612788359555,0.1518573036231353,0.0017921090535433749,40.37440016189015,0,0,0,115,1500.0,51.76979426613062,HIGH,1555,True,55.0,0.0,0.0,0.0,False,False
41043,"Linn County, Oregon",OR,12,1551.25,1505.5,135.12426940345762,1501,1978,50.532474441608095,0.13137746766400915,0.0014625047240076998,41.222404301566016,0,0,0,477,1501.0,51.76422949287476,HIGH,1539,True,38.0,0.0,0.0,0.0,False,False
47133,"Overton County, Tennessee",TN,12,1531.75,1502.0,83.95575133258103,1464,1773,50.7334049830786,0.170151426698234,0.04550170546155947,40.61326211940271,0,0,0,309,1502.0,51.76292841742273,HIGH,1583,True,81.0,0.0,0.0,0.0,False,False
51021,"Bland County, Virginia",VA,12,1459.3333333333333,1503.0,150.45828980051903,983,1518,51.38770901633274,0.1901713498548572,0.03250604676053373,38.70452439696741,0,0,0,535,1503.0,51.74762455948447,HIGH,1486,True,-17.0,0.0,0.0,0.0,False,False
05001,"Arkansas County, Arkansas",AR,12,1513.8333333333333,1504.0,32.67702371373316,1482,1586,50.90981329861567,0.1545340899328053,0.045762692042026265,41.65277579410646,0,0,0,104,1504.0,51.74716564983008,HIGH,1586,True,82.0,0.0,0.0,0.0,False,False
21135,"Lewis County, Kentucky",KY,12,1491.5,1505.0,124.85154821190284,1135,1641,51.09503271259812,0.1708436020894383,0.06543231980391935,44.08639134151294,0,0,0,506,1505.0,51.745346204004534,HIGH,1641,True,136.0,0.0,0.0,0.0,False,False
21071,"Floyd County, Kentucky",KY,12,1420.8333333333333,1506.0,158.25229185951108,982,1515,51.76459384222884,0.1928681433069073,0.08042408703456215,44.72774457137566,0,0,0,533,1506.0,51.736339295165294,MEDIUM,1307,True,-199.0,0.0,0.0,0.0,False,False
05059,"Hot Spring County, Arkansas",AR,12,1511.9166666666667,1507.0,112.75674407029193,1226,1686,50.901075944736334,0.20161534592849398,0.021729557609106206,38.69962237049194,0,0,0,460,1507.0,51.731417284139745,HIGH,1686,True,179.0,0.0,0.0,0.0,False,False
41035,"Klamath County, Oregon",OR,12,1546.0833333333333,1508.0,205.8448039988703,1417,2191,50.544611396840395,0.1445000558735056,0.04844145547219461,40.540397191088815,0,0,0,774,1508.0,51.730722629104854,MEDIUM,1426,True,-82.0,0.0,0.0,0.0,False,False
51153,"Prince William County, Virginia",VA,12,1501.5,1509.0,47.41978873462387,1357,1546,51.02209805397427,0.19400431782189798,0.03860344778226261,42.02899699082246,0,0,0,189,1509.0,51.71319327570773,HIGH,1546,True,37.0,0.0,0.0,0.0,False,False
20149,"Pottawatomie County, Kansas",KS,12,1546.4166666666667,1514.5,65.04468161241628,1510,1737,50.60325555904138,0.11698974829649998,-0.015770187547979184,37.313269995006095,0,0,0,227,1510.0,51.71201716949359,MEDIUM,1578,True,68.0,0.0,0.0,0.0,False,False
29165,"Platte County, Missouri",MO,12,1522.1666666666667,1511.0,81.77778463987673,1305,1634,50.794540460948895,0.13268992387015263,-0.019303380328233335,38.17118867269218,0,0,0,329,1511.0,51.70480487469761,MEDIUM,1634,True,123.0,0.0,0.0,0.0,False,False
26127,"Oceana County, Michigan",MI,12,1519.8333333333333,1512.0,44.65185190770791,1418,1599,50.86145308491992,0.14440540887774111,0.013321611596605616,39.406992546999504,0,0,0,181,1512.0,51.698759635597256,HIGH,1599,True,87.0,0.0,0.0,0.0,False,False
27015,"Brown County, Minnesota",MN,12,1470.9166666666667,1513.0,103.63086442081845,1172,1532,51.30780956106104,0.15870117761640776,0.011261788081501784,37.60639189645568,0,0,0,360,1513.0,51.69220561218241,MEDIUM,1412,True,-101.0,0.0,0.0,0.0,False,False
20195,"Trego County, Kansas",KS,12,1539.4166666666667,1514.0,115.86156185358247,1484,1905,50.68125493964619,0.14218337026099512,0.051646845740206136,43.672515465139014,0,0,0,421,1514.0,51.685270517168846,MEDIUM,1501,True,-13.0,0.0,0.0,0.0,False,False
26139,"Ottawa County, Michigan",MI,12,1491.0,1515.0,94.10632284814875,1207,1566,51.109265346719646,0.18138719837773468,-0.0131289631225424,39.197774531200594,0,0,0,359,1515.0,51.68292022020768,MEDIUM,1474,True,-41.0,0.0,0.0,0.0,False,False
21227,"Warren County, Kentucky",KY,12,1541.0833333333333,1516.0,89.29874104104229,1373,1712,50.67739144956604,0.13481845826312883,-0.005136621322970917,40.451022145358664,0,0,0,339,1516.0,51.68260608571651,LOW,1712,True,196.0,0.0,0.0,0.0,False,False
32011,"Eureka County, Nevada",NV,12,1592.75,1517.0,330.1606014158454,1385,2628,49.92452637279223,0.09918729630252361,-0.02432003341034634,22.82548146996543,0,0,0,1243,1517.0,51.678090979077794,LOW,1394,True,-123.0,0.0,0.0,0.0,False,False
20203,"Wichita County, Kansas",KS,12,1515.4166666666667,1518.0,103.67997819631269,1366,1791,50.894292155613584,0.11876572473921211,0.02517535704949629,42.33166684187925,0,0,0,425,1518.0,51.6531828779539,MEDIUM,1375,True,-143.0,0.0,0.0,0.0,False,False
19031,"Cedar County, Iowa",IA,12,1508.25,1519.0,70.38869356521816,1292,1565,50.9566575967744,0.10942548724068124,-0.02864884258099251,39.3559275328582,0,0,0,273,1519.0,51.6503821893705,MEDIUM,1522,True,3.0,0.0,0.0,0.0,False,False
19159,"Ringgold County, Iowa",IA,12,1529.6666666666667,1521.0,13.289321299677468,1520,1553,50.79738666514877,0.1525853540369518,-0.010598538945234466,40.42692555638855,0,0,0,33,1520.0,51.64937429374028,MEDIUM,1544,True,24.0,0.0,0.0,0.0,False,False
24009,"Calvert County, Maryland",MD,12,1491.0,1521.0,102.78397469715527,1165,1530,51.151743333059386,0.16468229724789882,0.01646529792128079,38.716201938120946,0,0,0,365,1521.0,51.645777486198426,HIGH,1517,True,-4.0,0.0,0.0,0.0,False,False
06029,"Kern County, California",CA,12,1526.1666666666667,1522.0,167.48885082749587,1342,2014,50.79069021344721,0.14221829727722993,0.06226760779855978,46.56517985102078,0,0,0,672,1522.0,51.63720647741744,MEDIUM,1351,True,-171.0,0.0,0.0,0.0,False,False
23023,"Sagadahoc County, Maine",ME,12,1506.3333333333333,1523.0,90.83184597058596,1329,1671,51.009827107069135,0.16186370350343568,0.0193979065812416,37.827920063654304,0,0,0,342,1523.0,51.62941079396722,MEDIUM,1338,True,-185.0,0.0,0.0,0.0,False,False
29063,"DeKalb County, Missouri",MO,12,1522.3333333333333,1524.0,37.86899267290597,1471,1626,50.86319474285952,0.2096960792441994,0.03673556679247759,41.692128915698525,0,0,0,155,1524.0,51.61383766136353,MEDIUM,1480,True,-44.0,0.0,0.0,0.0,False,False
31159,"Seward County, Nebraska",NE,12,1505.25,1525.0,46.37225855655906,1376,1534,51.01520520102022,0.14123859629383204,0.006453323583619917,37.98098748544221,0,0,0,158,1525.0,51.61107083703599,HIGH,1475,True,-50.0,0.0,0.0,0.0,False,False
20095,"Kingman County, Kansas",KS,12,1507.8333333333333,1526.0,41.40670418561651,1382,1535,50.998347826501735,0.13631971243590976,0.014490583547016517,38.897573381967845,0,0,0,153,1526.0,51.59456401326837,MEDIUM,1502,True,-24.0,0.0,0.0,0.0,False,False
55113,"Sawyer County, Wisconsin",WI,12,1528.1666666666667,1527.0,4.932882862316278,1522,1537,50.83113630889156,0.19775124760360818,0.03696438244915496,39.82861835925672,0,0,0,15,1527.0,51.58449829334492,HIGH,1534,True,7.0,0.0,0.0,0.0,False,False
40003,"Alfalfa County, Oklahoma",OK,12,1536.75,1528.0,98.08078766553069,1325,1711,50.70938150615776,0.16153213573145064,0.043241163550002126,42.446116727087514,0,0,0,386,1528.0,51.57637662715919,HIGH,1711,True,183.0,0.0,0.0,0.0,False,False
28027,"Coahoma County, Mississippi",MS,12,1552.9166666666667,1529.0,92.518753217765,1434,1730,50.612298562031505,0.12812354516891464,0.12056707947286054,53.91952765099726,0,0,0,296,1529.0,51.57435593437827,MEDIUM,1730,True,201.0,0.0,0.0,0.0,False,False
05109,"Pike County, Arkansas",AR,12,1496.6666666666667,1530.0,85.05434982552288,1234,1539,51.09990862675527,0.1926179097637977,0.028294334311791663,39.7081578057995,0,0,0,305,1530.0,51.56946504607772,MEDIUM,1484,True,-46.0,0.0,0.0,0.0,False,False
33005,"Cheshire County, New Hampshire",NH,12,1451.5,1531.0,139.0817287522961,1167,1540,51.48193381976146,0.1810171081897262,0.029389250812206117,40.51500144612368,0,0,0,373,1531.0,51.56649870313382,MEDIUM,1257,True,-274.0,0.0,0.0,0.0,False,False
42055,"Franklin County, Pennsylvania",PA,12,1519.8333333333333,1532.0,51.45489345636684,1366,1563,50.884730531773464,0.14671988257525817,-0.007326318822672675,38.00843138279689,0,0,0,197,1532.0,51.56305395857685,MEDIUM,1511,True,-21.0,0.0,0.0,0.0,False,False
48135,"Ector County, Texas",TX,12,1563.1666666666667,1533.0,181.1302059711508,1405,2117,50.44021841704026,0.07111076233038856,0.004111231723907216,39.90171897409081,0,0,0,712,1533.0,51.55701890154316,MEDIUM,1414,True,-119.0,0.0,0.0,0.0,False,False
21003,"Allen County, Kentucky",KY,12,1568.6666666666667,1538.5,64.2740345330174,1534,1709,50.44897411764921,0.1876490860642005,0.00548752065905555,38.97635795106375,0,0,0,175,1534.0,51.553946742790025,HIGH,1709,True,175.0,0.0,0.0,0.0,False,False
27173,"Yellow Medicine County, Minnesota",MN,12,1472.0,1535.0,107.00892061369971,1287,1544,51.307789489193716,0.19341313432266238,0.05100699555035302,41.64919971580337,0,0,0,257,1535.0,51.52824928841243,MEDIUM,1296,True,-239.0,0.0,0.0,0.0,False,False
38039,"Griggs County, North Dakota",ND,12,1619.3333333333333,1536.0,178.22984819574634,1514,2104,49.921353074627625,0.11383328377972013,0.03541717719454415,37.628414218800586,0,0,0,590,1536.0,51.522289032231214,MEDIUM,1774,True,238.0,0.0,0.0,0.0,False,False
27119,"Polk County, Minnesota",MN,12,1553.6666666666667,1537.0,140.10796702629875,1412,1973,50.53508382683584,0.14405965780590102,0.0009391261375936329,39.599990601583826,0,0,0,561,1537.0,51.49969430054493,MEDIUM,1421,True,-116.0,0.0,0.0,0.0,False,False
13197,"Marion County, Georgia",GA,12,1543.0,1538.0,56.22681340298898,1432,1648,50.65039820322985,0.1520864719476253,0.03353108051155828,39.94627725874621,0,0,0,216,1538.0,51.491650512682185,MEDIUM,1648,True,110.0,0.0,0.0,0.0,False,False
19113,"Linn County, Iowa",IA,12,1523.1666666666667,1539.0,67.21178648439754,1337,1594,50.83436697203598,0.12316329623548745,-0.034861035984654835,40.852559143359656,0,0,0,257,1539.0,51.49029436429411,MEDIUM,1490,True,-49.0,0.0,0.0,0.0,False,False
55129,"Washburn County, Wisconsin",WI,12,1515.8333333333333,1540.0,66.69446390182256,1308,1549,50.910884026314704,0.19123095060190518,0.016847348795533835,39.27439830735132,0,0,0,241,1540.0,51.45597621474778,HIGH,1513,True,-27.0,0.0,0.0,0.0,False,False
48355,"Nueces County, Texas",TX,12,1602.6666666666667,1545.0,197.3245288781141,1541,2229,49.999602404720825,0.07427028864992716,-0.0004863235365434419,40.69572043890284,0,0,0,688,1541.0,51.43585978512417,HIGH,1558,True,17.0,0.0,0.0,0.0,False,False
27027,"Clay County, Minnesota",MN,12,1550.25,1542.0,17.008687619727,1539,1601,50.57401897405946,0.09269094675597488,-0.016275299663098566,39.031130723180866,0,0,0,62,1542.0,51.41686627708185,MEDIUM,1548,True,6.0,0.0,0.0,0.0,False,False
55109,"St. Croix County, Wisconsin",WI,12,1538.3333333333333,1543.0,25.613680056965784,1473,1569,50.68848119155083,0.1417374178527732,0.00047145783626022496,38.940812691290304,0,0,0,96,1543.0,51.40935427227743,MEDIUM,1524,True,-19.0,0.0,0.0,0.0,False,False
36059,"Nassau County, New York",NY,12,1588.0,1548.5,116.39118991963734,1544,1954,50.18892612945886,0.14598333204014255,0.0008296607927272834,38.317179138474856,0,0,0,410,1544.0,51.39410956460296,HIGH,1592,True,48.0,0.0,0.0,0.0,False,False
29185,"St. Clair County, Missouri",MO,12,1541.0833333333333,1545.0,123.13441165382375,1230,1727,50.645393607901106,0.16341886698766378,0.0492501077801703,40.81137355681471,0,0,0,497,1545.0,51.38335743182546,MEDIUM,1727,True,182.0,0.0,0.0,0.0,False,False
20121,"Miami County, Kansas",KS,12,1557.75,1546.0,69.68386405109082,1495,1771,50.51622848679912,0.19092628381578391,0.011936303594472815,38.84149721014194,0,0,0,276,1546.0,51.37596964760073,MEDIUM,1504,True,-42.0,0.0,0.0,0.0,False,False
13287,"Turner County, Georgia",GA,12,1585.6666666666667,1547.0,105.7091492843654,1496,1879,50.221460296945416,0.17062504880578244,0.045609230369363714,41.05771185714396,0,0,0,383,1547.0,51.36781151377811,HIGH,1664,True,117.0,0.0,0.0,0.0,False,False
51181,"Surry County, Virginia",VA,12,1588.3333333333333,1548.0,92.57756780455004,1536,1790,50.248803641156485,0.14824579537028548,0.007107535435655309,38.364403946219795,0,0,0,254,1548.0,51.356484212391784,HIGH,1790,True,242.0,0.0,0.0,0.0,False,False
01013,"Butler County, Alabama",AL,12,1547.6666666666667,1549.0,5.069217858503385,1540,1558,50.5987380659781,0.14136724510593923,0.03646014991434563,39.041342228502806,0,0,0,18,1549.0,51.32380658622391,MEDIUM,1552,True,3.0,0.0,0.0,0.0,False,False
25019,"Nantucket County, Massachusetts",MA,12,1528.5,1550.0,59.69391624247513,1399,1590,50.77468606098267,0.17683472048115143,0.039617203809817765,41.24333381500833,0,0,0,191,1550.0,51.306266539452906,MEDIUM,1408,True,-142.0,0.0,0.0,0.0,False,False
05121,"Randolph County, Arkansas",AR,12,1603.75,1555.5,87.42594268605545,1551,1772,50.04440863351193,0.13880560531594477,-0.005634251758083692,40.25707210776655,0,0,0,221,1551.0,51.29480859112152,MEDIUM,1772,True,221.0,0.0,0.0,0.0,False,False
37099,"Jackson County, North Carolina",NC,12,1531.25,1552.0,27.538815581581655,1493,1561,50.7544415882472,0.1772647086784985,0.05110284088224973,39.6593976822633,0,0,0,68,1552.0,51.28580815327913,MEDIUM,1508,True,-44.0,0.0,0.0,0.0,False,False
29181,"Ripley County, Missouri",MO,12,1573.0,1553.0,42.69553947321767,1544,1687,50.35219064226144,0.15941675483077913,0.03428293034851081,42.20579975851314,0,0,0,143,1553.0,51.27031422593757,HIGH,1615,True,62.0,0.0,0.0,0.0,False,False
41037,"Lake County, Oregon",OR,12,1604.3333333333333,1554.0,118.15116152495911,1506,1900,50.043326001789474,0.15317364664969366,0.05559140068537837,44.18249776292575,0,0,0,394,1554.0,51.265018531390595,HIGH,1731,True,177.0,0.0,0.0,0.0,False,False
05007,"Benton County, Arkansas",AR,12,1508.1666666666667,1555.0,88.98195254537785,1299,1564,50.92646222611733,0.20853163396958985,0.03235075781080588,44.72884993884991,0,0,0,265,1555.0,51.26214288905834,MEDIUM,1405,True,-150.0,0.0,0.0,0.0,False,False
19027,"Carroll County, Iowa",IA,12,1529.0,1556.0,91.80611981977913,1242,1577,50.72389448526305,0.15178236324195807,0.0020649181588414914,39.219000804299654,0,0,0,335,1556.0,51.25235083270704,MEDIUM,1530,True,-26.0,0.0,0.0,0.0,False,False
26093,"Livingston County, Michigan",MI,12,1548.0,1557.0,57.909019551832735,1367,1584,50.542071291390045,0.15443825247773013,-0.010790520984974933,37.93009392304408,0,0,0,217,1557.0,51.24224309934868,MEDIUM,1571,True,14.0,0.0,0.0,0.0,False,False
13085,"Dawson County, Georgia",GA,12,1577.1666666666667,1558.0,37.63661982053055,1548,1650,50.28142921001726,0.1690545074104708,0.020106164867237958,40.222483400336955,0,0,0,102,1558.0,51.21801571698312,HIGH,1650,True,92.0,0.0,0.0,0.0,False,False
31037,"Colfax County, Nebraska",NE,12,1531.8333333333333,1559.0,180.65327580923088,1199,1897,50.65257001073507,0.12518945011921662,-0.009261119754075174,38.65600115882009,0,0,0,698,1559.0,51.21358422410585,LOW,1208,True,-351.0,0.0,0.0,0.0,False,False
28093,"Marshall County, Mississippi",MS,12,1574.0833333333333,1560.0,27.926716870257327,1558,1655,50.30078432506369,0.10117083975229345,0.00019770565609141658,40.46488473280034,0,0,0,97,1560.0,51.20584779076235,MEDIUM,1567,True,7.0,0.0,0.0,0.0,False,False
17181,"Union County, Illinois",IL,12,1539.25,1561.0,94.87132433890754,1240,1593,50.62637080714771,0.13650103152332757,0.004253816928901841,36.50851047046996,0,0,0,353,1561.0,51.19703717581767,HIGH,1593,True,32.0,0.0,0.0,0.0,False,False
27053,"Hennepin County, Minnesota",MN,12,1612.5,1566.5,104.42526688324223,1562,1932,49.905298633499946,0.119910792570321,-0.02340093801742926,39.731504975124025,0,0,0,370,1562.0,51.186387034834596,MEDIUM,1636,True,74.0,0.0,0.0,0.0,False,False
08051,"Gunnison County, Colorado",CO,12,1587.8333333333333,1563.0,101.71335242044707,1537,1909,50.171758844243016,0.13134751004613496,0.04024847609633204,42.35014753117233,0,0,0,372,1563.0,51.1761603726203,MEDIUM,1565,True,2.0,0.0,0.0,0.0,False,False
13237,"Putnam County, Georgia",GA,12,1567.8333333333333,1564.0,32.515264480585486,1520,1631,50.389952474794136,0.17188585356073038,0.047906339929132964,43.38677069138803,0,0,0,111,1564.0,51.16689934913797,HIGH,1631,True,67.0,0.0,0.0,0.0,False,False
27133,"Rock County, Minnesota",MN,12,1588.5833333333333,1569.5,33.24142632683539,1565,1674,50.1759311714333,0.11190675543685369,-0.021727722740101416,37.926004872749616,0,0,0,109,1565.0,51.16472178324601,MEDIUM,1613,True,48.0,0.0,0.0,0.0,False,False
29129,"Mercer County, Missouri",MO,12,1594.5833333333333,1566.0,70.3865409827415,1529,1765,50.13498524329929,0.16413655642890418,0.03618320299200372,41.00666449207307,0,0,0,236,1566.0,51.16366114967997,HIGH,1675,True,109.0,0.0,0.0,0.0,False,False
48245,"Jefferson County, Texas",TX,12,1601.0833333333333,1567.0,200.23053001856422,1467,2226,50.00777575565727,0.08706682542637857,0.03665877594776309,39.485601134234315,0,0,0,759,1567.0,51.16094777359091,MEDIUM,1476,True,-91.0,0.0,0.0,0.0,False,False
51093,"Isle of Wight County, Virginia",VA,12,1559.5,1568.0,92.3240341012419,1296,1672,50.446659368411474,0.18776380317960062,0.021178913858233034,38.886751342842985,0,0,0,376,1568.0,51.1549247744965,HIGH,1672,True,104.0,0.0,0.0,0.0,False,False
48247,"Jim Hogg County, Texas",TX,12,1613.1666666666667,1569.0,268.1898355247414,1474,2453,49.83194824101483,0.0751560921806056,0.09067207345897531,43.49108932733473,0,0,0,979,1569.0,51.14212086318865,MEDIUM,1487,True,-82.0,0.0,0.0,0.0,False,False
19139,"Muscatine County, Iowa",IA,12,1536.5833333333333,1570.0,115.17295952636022,1199,1633,50.66996367824273,0.16335038868586266,-0.031696570921372895,37.92521480405099,0,0,0,434,1570.0,51.13435649452523,MEDIUM,1492,True,-78.0,0.0,0.0,0.0,False,False
42027,"Centre County, Pennsylvania",PA,12,1581.8333333333333,1571.0,32.203425377754584,1507,1625,50.23095624331673,0.12319478298871843,-0.03423643513803626,37.230668571467675,0,0,0,118,1571.0,51.07793507683803,MEDIUM,1625,True,54.0,0.0,0.0,0.0,False,False
13131,"Grady County, Georgia",GA,12,1575.3333333333333,1572.0,75.31911906660689,1374,1684,50.2653563983399,0.1552807624565987,0.01623590689161244,39.4691934733071,0,0,0,310,1572.0,51.06727506464258,HIGH,1684,True,112.0,0.0,0.0,0.0,False,False
27079,"Le Sueur County, Minnesota",MN,12,1587.0833333333333,1573.0,132.76257573258937,1431,1970,50.14704593826091,0.0823005933995457,0.0073925130003811915,38.600366316292465,0,0,0,539,1573.0,51.06268456673895,MEDIUM,1440,True,-133.0,0.0,0.0,0.0,False,False
05035,"Crittenden County, Arkansas",AR,12,1594.0,1574.0,122.59615891951175,1322,1809,50.11561494063405,0.15461577979199725,0.005792088575573117,38.6788083122059,0,0,0,487,1574.0,51.04987323061428,HIGH,1809,True,235.0,0.0,0.0,0.0,False,False
12049,"Hardee County, Florida",FL,12,1599.0833333333333,1575.0,77.04480199956069,1521,1808,50.06538172728991,0.18179356905314034,0.06584700399348796,39.84119082723073,0,0,0,287,1575.0,51.03250023476046,MEDIUM,1657,True,82.0,0.0,0.0,0.0,False,False
31123,"Morrill County, Nebraska",NE,12,1597.75,1580.5,46.460393689875055,1576,1741,50.0635634967916,0.12972138109264938,0.0054990076660668755,41.30605569097377,0,0,0,165,1576.0,51.02156056610773,HIGH,1609,True,33.0,0.0,0.0,0.0,False,False
21185,"Oldham County, Kentucky",KY,12,1564.8333333333333,1577.0,113.72521374974083,1213,1645,50.334365574009475,0.17245289275347175,-0.007946032688140316,38.68888477555867,0,0,0,432,1577.0,51.003466294932906,MEDIUM,1645,True,68.0,0.0,0.0,0.0,False,False
45037,"Edgefield County, South Carolina",SC,12,1640.25,1578.0,213.15002185827197,1571,2317,49.54626438473523,0.185837516643057,0.009102018451966074,39.19165438367157,0,0,0,746,1578.0,51.00296989155511,HIGH,1580,True,2.0,0.0,0.0,0.0,False,False
24011,"Caroline County, Maryland",MD,12,1568.4166666666667,1579.0,35.310205409493236,1458,1588,50.332714338590016,0.1458722737031586,0.006197256470957033,39.45507412056713,0,0,0,130,1579.0,50.9864674450601,HIGH,1572,True,-7.0,0.0,0.0,0.0,False,False
20057,"Ford County, Kansas",KS,12,1593.9166666666667,1580.0,91.20851070071492,1490,1859,50.093752668899015,0.12989358601509618,-0.0028208089335044003,41.54841874330448,0,0,0,369,1580.0,50.97079801076861,LOW,1499,True,-81.0,0.0,0.0,0.0,False,False
47009,"Blount County, Tennessee",TN,12,1538.3333333333333,1581.0,79.30302451337967,1368,1590,50.63111367389785,0.16532219410180257,0.0468727477556471,41.03215446607195,0,0,0,222,1581.0,50.97048345312077,MEDIUM,1377,True,-204.0,0.0,0.0,0.0,False,False
21155,"Marion County, Kentucky",KY,12,1620.25,1582.0,76.89204356522437,1567,1801,49.8622549142547,0.19475596069996826,0.019233189897518,39.928749613651235,0,0,0,234,1582.0,50.97008931790224,HIGH,1717,True,135.0,0.0,0.0,0.0,False,False
22017,"Caddo Parish, Louisiana",LA,12,1577.0833333333333,1583.0,9.596006113656523,1564,1592,50.27783768977653,0.05227103924254503,0.023485365583412535,42.50410722822755,0,0,0,28,1583.0,50.96581829077579,HIGH,1573,True,-10.0,0.0,0.0,0.0,False,False
55131,"Washington County, Wisconsin",WI,12,1588.8333333333333,1584.0,36.99836196210294,1486,1628,50.17062988235065,0.14221767203562774,-0.0327262462392051,35.950145399525276,0,0,0,142,1584.0,50.96219394703302,MEDIUM,1618,True,34.0,0.0,0.0,0.0,False,False
46011,"Brookings County, South Dakota",SD,12,1565.4166666666667,1585.0,47.06950051559796,1464,1598,50.40119778404323,0.11928981598060795,0.009473580760421983,39.92936903351384,0,0,0,134,1585.0,50.9576902613762,MEDIUM,1473,True,-112.0,0.0,0.0,0.0,False,False
19083,"Hardin County, Iowa",IA,12,1547.4166666666667,1586.0,95.33143937512604,1263,1595,50.53745655314891,0.1523730783971321,3.726570298301664e-05,40.491415628130255,0,0,0,332,1586.0,50.94358241017227,LOW,1509,True,-77.0,0.0,0.0,0.0,False,False
48117,"Deaf Smith County, Texas",TX,12,1595.6666666666667,1587.0,55.253684917566325,1555,1767,50.081267445918655,0.09360469338712878,0.025075107205536986,43.69717751026288,0,0,0,212,1587.0,50.941440563242985,HIGH,1564,True,-23.0,0.0,0.0,0.0,False,False
47087,"Jackson County, Tennessee",TN,12,1585.5833333333333,1588.0,81.8529261245529,1363,1699,50.17376569315431,0.16956960325615167,0.025096392590353584,39.95562695908529,0,0,0,336,1588.0,50.93025384784702,HIGH,1699,True,111.0,0.0,0.0,0.0,False,False
01021,"Chilton County, Alabama",AL,12,1609.1666666666667,1589.0,65.88396595300688,1481,1733,49.98544110085771,0.18497818192631976,-0.002615754511561675,40.861763987363915,0,0,0,252,1589.0,50.923739853107385,MEDIUM,1733,True,144.0,0.0,0.0,0.0,False,False
13121,"Fulton County, Georgia",GA,12,1602.0,1590.0,71.8090903336441,1544,1824,50.00756974217805,0.17557720585511039,0.02425988627948299,42.95279883901131,0,0,0,280,1590.0,50.877043823412066,MEDIUM,1553,True,-37.0,0.0,0.0,0.0,False,False
30073,"Pondera County, Montana",MT,12,1591.0833333333333,1591.0,24.133938130710572,1557,1637,50.12682656658189,0.19613193194164383,0.04003707806625965,41.54053886558866,0,0,0,80,1591.0,50.8644757174047,MEDIUM,1637,True,46.0,0.0,0.0,0.0,False,False
26091,"Lenawee County, Michigan",MI,12,1563.25,1592.0,91.01860449180909,1301,1638,50.366708227092055,0.18907452874576272,-0.015215083008873267,37.9006833914045,0,0,0,337,1592.0,50.852839670954936,LOW,1519,True,-73.0,0.0,0.0,0.0,False,False
01111,"Randolph County, Alabama",AL,12,1608.0833333333333,1593.0,95.2092989474274,1386,1769,49.94361444483635,0.17234244906156182,0.016691824660302758,43.59427060176224,0,0,0,383,1593.0,50.81068698603198,HIGH,1769,True,176.0,0.0,0.0,0.0,False,False
13159,"Jasper County, Georgia",GA,12,1658.25,1594.0,148.00376223719326,1587,2097,49.443200553043084,0.14202404028403987,0.017677129965164507,40.848806650741665,0,0,0,510,1594.0,50.81060370420626,HIGH,1735,True,141.0,0.0,0.0,0.0,False,False
31139,"Pierce County, Nebraska",NE,12,1643.5833333333333,1599.5,109.11166784815484,1595,1982,49.576853859835474,0.12916228798080162,-0.005692633760816649,36.27963369670068,0,0,0,387,1595.0,50.806708290661206,MEDIUM,1659,True,64.0,0.0,0.0,0.0,False,False
13155,"Irwin County, Georgia",GA,12,1610.6666666666667,1596.0,72.4384796453745,1570,1838,49.91396236213925,0.16236097347247092,0.03152367653153374,39.24335466819845,0,0,0,268,1596.0,50.796950347774846,MEDIUM,1589,True,-7.0,0.0,0.0,0.0,False,False
29155,"Pemiscot County, Missouri",MO,12,1615.75,1597.0,45.30126428097284,1576,1732,49.865381530299,0.1794316719360565,0.04435655316514336,41.064410167392275,0,0,0,156,1597.0,50.78875427285978,MEDIUM,1663,True,66.0,0.0,0.0,0.0,False,False
13277,"Tift County, Georgia",GA,12,1596.8333333333333,1598.0,30.85695246053173,1534,1642,50.070501157847296,0.13903231020185372,-0.022691349973902594,38.61317018257237,0,0,0,108,1598.0,50.7885107497669,MEDIUM,1543,True,-55.0,0.0,0.0,0.0,False,False
40095,"Marshall County, Oklahoma",OK,12,1663.5,1603.0,116.96425250321725,1599,1900,49.44173852184817,0.1493647970973183,-0.0015966611955445919,40.942006000902374,0,0,0,301,1599.0,50.78648872341609,MEDIUM,1900,True,301.0,0.0,0.0,0.0,False,False
38067,"Pembina County, North Dakota",ND,12,1582.75,1600.0,155.34953257968712,1337,1965,50.157214625769335,0.06712560415927393,0.03276940801921722,41.387166401754136,0,0,0,628,1600.0,50.75599442116583,MEDIUM,1346,True,-254.0,0.0,0.0,0.0,False,False
29197,"Schuyler County, Missouri",MO,12,1605.5,1601.0,111.1816695159937,1339,1787,49.95519889467457,0.13339345720299867,0.04490205640542542,46.27718077790407,0,0,0,448,1601.0,50.724663063163014,HIGH,1787,True,186.0,0.0,0.0,0.0,False,False
19003,"Adams County, Iowa",IA,12,1609.8333333333333,1602.0,69.66913146285002,1511,1794,49.92984959564249,0.13331071173175085,-0.001323800227193025,38.18902296977416,0,0,0,283,1602.0,50.72056296341638,LOW,1520,True,-82.0,0.0,0.0,0.0,False,False
02122,"Kenai Peninsula Borough, Alaska",AK,12,1593.5,1603.0,108.37015691181271,1406,1839,50.06840790831438,0.12396718949391489,0.019871980218300857,40.053503150259864,0,0,0,433,1603.0,50.71358422262711,MEDIUM,1415,True,-188.0,0.0,0.0,0.0,False,False
47179,"Washington County, Tennessee",TN,12,1583.0833333333333,1604.0,99.97041228950363,1267,1626,50.128804396527876,0.17701065865083124,-0.0022955499074084995,40.06683027396558,0,0,0,359,1604.0,50.68458290648079,MEDIUM,1626,True,22.0,0.0,0.0,0.0,False,False
19117,"Lucas County, Iowa",IA,12,1632.3333333333333,1609.5,41.98556750584515,1605,1739,49.67395469487541,0.12615709843286224,-0.039505267920845265,40.14781281295538,0,0,0,134,1605.0,50.677264551749296,MEDIUM,1635,True,30.0,0.0,0.0,0.0,False,False
29179,"Reynolds County, Missouri",MO,12,1611.6666666666667,1606.0,136.15855285347132,1260,1816,49.885286032890114,0.1729990211547342,0.012659962712792952,38.36682263419644,0,0,0,556,1606.0,50.653335591101154,HIGH,1816,True,210.0,0.0,0.0,0.0,False,False
40123,"Pontotoc County, Oklahoma",OK,12,1596.1666666666667,1607.0,48.43708821916853,1443,1621,50.027153529614004,0.12145247025044847,0.015401573866200535,42.343195987957984,0,0,0,178,1607.0,50.64421107155174,HIGH,1621,True,14.0,0.0,0.0,0.0,False,False
27045,"Fillmore County, Minnesota",MN,12,1627.0833333333333,1608.0,77.06839740638105,1566,1865,49.728205777731176,0.13275094411841057,0.004563545787920891,39.34119635119,0,0,0,299,1608.0,50.6405059516826,HIGH,1575,True,-33.0,0.0,0.0,0.0,False,False
37111,"McDowell County, North Carolina",NC,12,1604.4166666666667,1609.0,34.895840682948155,1496,1632,49.95387130137178,0.16303293341559588,0.01541158678556726,40.12646863689241,0,0,0,136,1609.0,50.63369457847621,HIGH,1632,True,23.0,0.0,0.0,0.0,False,False
27081,"Lincoln County, Minnesota",MN,12,1642.9166666666667,1610.0,140.4858183288091,1573,2087,49.55644841520235,0.15537997685091312,0.03192711716366896,39.30375968954985,0,0,0,514,1610.0,50.63206002270038,MEDIUM,1582,True,-28.0,0.0,0.0,0.0,False,False
40145,"Wagoner County, Oklahoma",OK,12,1627.6666666666667,1611.0,35.51781456558314,1599,1707,49.758709549573844,0.15077312572126314,0.0038046731513723168,41.986673383317154,0,0,0,108,1611.0,50.63194163022415,HIGH,1707,True,96.0,0.0,0.0,0.0,False,False
40061,"Haskell County, Oklahoma",OK,12,1625.5,1612.0,77.12976079309466,1454,1762,49.776553514780055,0.16107740539250612,0.01717266438594482,41.97591147307082,0,0,0,308,1612.0,50.62822697310887,HIGH,1762,True,150.0,0.0,0.0,0.0,False,False
19011,"Benton County, Iowa",IA,12,1575.9166666666667,1613.0,132.01477763929125,1164,1652,50.204459608443386,0.17023839954171918,-0.016935713924503548,38.6978339423971,0,0,0,488,1613.0,50.60460452036716,MEDIUM,1576,True,-37.0,0.0,0.0,0.0,False,False
31053,"Dodge County, Nebraska",NE,12,1605.5833333333333,1614.0,53.37084381660994,1461,1670,49.952307422284946,0.10456979211636021,-0.028341867391585767,39.549258598157714,0,0,0,209,1614.0,50.601504535351715,MEDIUM,1584,True,-30.0,0.0,0.0,0.0,False,False
19067,"Floyd County, Iowa",IA,12,1639.75,1616.5,54.04732774489076,1615,1804,49.61328520973847,0.17941781328567472,-0.02185889951343324,39.30008700514672,0,0,0,189,1615.0,50.587060756564625,MEDIUM,1627,True,12.0,0.0,0.0,0.0,False,False
13191,"McIntosh County, Georgia",GA,12,1627.6666666666667,1616.0,82.13993971856625,1460,1780,49.766460025781946,0.15940417140316396,0.020253870230821633,38.852528387218015,0,0,0,320,1616.0,50.5779658367593,HIGH,1780,True,164.0,0.0,0.0,0.0,False,False
46015,"Brule County, South Dakota",SD,12,1672.3333333333333,1617.0,230.70616232197472,1578,2403,49.18915774839956,0.13246855964052284,0.025065878561592217,39.94840093145971,0,0,0,825,1617.0,50.57185841321779,MEDIUM,1587,True,-30.0,0.0,0.0,0.0,False,False
27093,"Meeker County, Minnesota",MN,12,1595.6666666666667,1618.0,45.94529025884694,1494,1627,50.06850278436861,0.13590058601911986,0.014095146791372875,40.348075823898824,0,0,0,133,1618.0,50.56594917027285,MEDIUM,1503,True,-115.0,0.0,0.0,0.0,False,False
42099,"Perry County, Pennsylvania",PA,12,1647.9166666666667,1623.5,38.72151934785178,1619,1720,49.55699324249546,0.1385736619928619,-0.024075594328015832,37.13726552328153,0,0,0,101,1619.0,50.56550044404405,MEDIUM,1706,True,87.0,0.0,0.0,0.0,False,False
13265,"Taliaferro County, Georgia",GA,12,1601.5,1620.0,118.92205239338304,1250,1726,49.99786129461372,0.16024333693923706,0.04502352429377008,42.90954031299751,0,0,0,476,1620.0,50.565170308926035,HIGH,1726,True,106.0,0.0,0.0,0.0,False,False
48409,"San Patricio County, Texas",TX,12,1691.25,1621.0,192.5154657305603,1612,2292,49.07812750493051,0.08392588011360223,0.029176875776624586,38.34664962302833,0,0,0,680,1621.0,50.558100960266415,HIGH,1716,True,95.0,0.0,0.0,0.0,False,False
21087,"Green County, Kentucky",KY,12,1637.0833333333333,1622.0,75.50491655675425,1515,1789,49.70163364393654,0.1889503351555348,0.04219165985269219,40.78554702101922,0,0,0,274,1622.0,50.54469238735813,HIGH,1789,True,167.0,0.0,0.0,0.0,False,False
29085,"Hickory County, Missouri",MO,12,1613.0833333333333,1623.0,147.71561026225868,1180,1777,49.89738339930022,0.1809398203022163,0.0303389043842819,42.86458041119048,0,0,0,597,1623.0,50.53867488269082,HIGH,1777,True,154.0,0.0,0.0,0.0,False,False
18057,"Hamilton County, Indiana",IN,12,1612.5833333333333,1624.0,73.98950580789797,1387,1676,49.88397161452361,0.1283290027618141,-0.027391790437612584,40.49516595739718,0,0,0,289,1624.0,50.53837645350199,MEDIUM,1622,True,-2.0,0.0,0.0,0.0,False,False
19063,"Emmet County, Iowa",IA,12,1613.3333333333333,1625.0,60.584026297566595,1423,1648,49.87864130755921,0.12248472584031038,-0.022549301687035728,39.31970901919071,0,0,0,225,1625.0,50.53246113100037,MEDIUM,1633,True,8.0,0.0,0.0,0.0,False,False
13087,"Decatur County, Georgia",GA,12,1678.9166666666667,1628.0,92.69741423610805,1626,1847,49.299328386707295,0.16368462209922188,0.022275644196705583,41.83432884216368,0,0,0,221,1626.0,50.53009676351063,MEDIUM,1847,True,221.0,0.0,0.0,0.0,False,False
47003,"Bedford County, Tennessee",TN,12,1610.25,1627.0,37.69766088716429,1534,1639,49.941142727879416,0.16154500854270049,0.021089963215102935,42.215828699466954,0,0,0,105,1627.0,50.5291027700778,MEDIUM,1561,True,-66.0,0.0,0.0,0.0,False,False
32015,"Lander County, Nevada",NV,12,1655.25,1628.0,254.53420023821766,1370,2397,49.3654540834417,0.05082906354627443,-0.01403007351373574,37.06448403881437,0,0,0,1027,1628.0,50.52381998745028,LOW,1379,True,-249.0,0.0,0.0,0.0,False,False
31035,"Clay County, Nebraska",NE,12,1657.75,1629.0,67.53063277977161,1613,1805,49.527942031701635,0.1456291463629318,0.00697622613469285,39.70141019440438,0,0,0,192,1629.0,50.51949926332624,HIGH,1805,True,176.0,0.0,0.0,0.0,False,False
05089,"Marion County, Arkansas",AR,12,1709.9166666666667,1634.5,174.3296033554273,1630,2227,48.94648313911237,0.17011840877658502,0.010399122366082042,39.57757441760023,0,0,0,597,1630.0,50.51615835688675,HIGH,1799,True,169.0,0.0,0.0,0.0,False,False
29031,"Cape Girardeau County, Missouri",MO,12,1623.3333333333333,1631.0,113.17189928546216,1287,1742,49.81360428988376,0.13005829704691785,-0.012905961326438108,39.38450992965422,0,0,0,455,1631.0,50.51501066473356,MEDIUM,1742,True,111.0,0.0,0.0,0.0,False,False
05133,"Sevier County, Arkansas",AR,12,1617.4166666666667,1632.0,143.307969919416,1211,1792,49.8919943212901,0.14850497992844566,0.03272111389906692,42.03087092011187,0,0,0,581,1632.0,50.51404204548133,HIGH,1792,True,160.0,0.0,0.0,0.0,False,False
31091,"Hooker County, Nebraska",NE,12,1673.25,1633.0,109.0063592807152,1584,1909,49.38240594794692,0.17442523833090048,0.03714637676517309,44.40003265196176,0,0,0,325,1633.0,50.50196226414957,MEDIUM,1909,True,276.0,0.0,0.0,0.0,False,False
19121,"Madison County, Iowa",IA,12,1649.9166666666667,1638.5,26.310932167354903,1634,1725,49.566367923487924,0.17703266270931664,-0.026845338892447775,38.90440691252825,0,0,0,91,1634.0,50.485309324563175,MEDIUM,1668,True,34.0,0.0,0.0,0.0,False,False
48107,"Crosby County, Texas",TX,12,1658.6666666666667,1635.0,171.93198091281934,1550,2193,49.411618983708685,0.08416536045170758,0.05996618843929624,41.9524093561559,0,0,0,643,1635.0,50.48246920154639,MEDIUM,1559,True,-76.0,0.0,0.0,0.0,False,False
23011,"Kennebec County, Maine",ME,12,1593.3333333333333,1636.0,81.18142794028844,1449,1645,50.117096330636656,0.16283122810698064,-0.001197906910934367,39.98181321240238,0,0,0,196,1636.0,50.479836046062125,LOW,1458,True,-178.0,0.0,0.0,0.0,False,False
27109,"Olmsted County, Minnesota",MN,12,1655.3333333333333,1637.0,112.47329649406755,1528,1981,49.51330685725048,0.06675837953870813,-0.03401855232216124,39.83134980888035,0,0,0,453,1637.0,50.478519693736,LOW,1537,True,-100.0,0.0,0.0,0.0,False,False
21213,"Simpson County, Kentucky",KY,12,1652.6666666666667,1638.0,83.12458703474543,1474,1803,49.58138855027775,0.1811425147203933,0.016295886062820977,40.00673004191233,0,0,0,329,1638.0,50.45921731292425,HIGH,1803,True,165.0,0.0,0.0,0.0,False,False
47025,"Claiborne County, Tennessee",TN,12,1609.9166666666667,1639.0,84.24364916266643,1346,1648,49.95490471790432,0.16876696940095395,0.0073792190118259085,39.43057224413062,0,0,0,302,1639.0,50.45436952960907,HIGH,1610,True,-29.0,0.0,0.0,0.0,False,False
13069,"Coffee County, Georgia",GA,12,1739.4166666666667,1640.0,183.5332312408218,1637,2143,48.69067680650278,0.157923204454082,0.016003652308371457,41.46317313551573,0,0,0,506,1640.0,50.44496238225558,MEDIUM,1988,True,348.0,0.0,0.0,0.0,False,False
21025,"Breathitt County, Kentucky",KY,12,1614.0,1641.0,38.574603043971784,1541,1650,49.93571695078861,0.1577191688968028,0.05690792852627682,45.19433713294629,0,0,0,109,1641.0,50.43373276034224,MEDIUM,1550,True,-91.0,0.0,0.0,0.0,False,False
31179,"Wayne County, Nebraska",NE,12,1621.0833333333333,1642.0,78.45028342649232,1457,1729,49.8506747660255,0.1801216882350789,-0.002784510357784608,38.15782382458861,0,0,0,272,1642.0,50.432043835443515,LOW,1466,True,-176.0,0.0,0.0,0.0,False,False
27157,"Wabasha County, Minnesota",MN,12,1630.4166666666667,1643.0,42.656041527407126,1512,1669,49.784941304645066,0.1553574983650156,0.00034376340901842505,38.55674893800998,0,0,0,157,1643.0,50.42343162723989,LOW,1607,True,-36.0,0.0,0.0,0.0,False,False
17175,"Stark County, Illinois",IL,12,1683.75,1648.5,68.48772285467071,1644,1820,49.28939503081788,0.09433191875707984,0.0166884429812181,42.01311451554618,0,0,0,176,1644.0,50.417352741511486,HIGH,1820,True,176.0,0.0,0.0,0.0,False,False
29047,"Clay County, Missouri",MO,12,1611.75,1645.0,134.15467667109962,1192,1693,49.92189234835771,0.12782109891992335,-0.024706974722181158,39.84164138810543,0,0,0,501,1645.0,50.39782857326601,MEDIUM,1624,True,-21.0,0.0,0.0,0.0,False,False
51179,"Stafford County, Virginia",VA,12,1606.4166666666667,1646.0,117.55730388610357,1241,1662,49.974496840988586,0.1466125499484026,0.013479666407394725,40.412101143503726,0,0,0,421,1646.0,50.38941332872422,MEDIUM,1595,True,-51.0,0.0,0.0,0.0,False,False
38011,"Bowman County, North Dakota",ND,12,1684.1666666666667,1647.0,159.38451694698657,1601,2187,49.17097204604448,0.10234500927971844,0.035490297827308316,42.35120976799112,0,0,0,586,1647.0,50.36248978918603,MEDIUM,1646,True,-1.0,0.0,0.0,0.0,False,False
23013,"Knox County, Maine",ME,12,1603.75,1648.0,101.77437166238238,1383,1673,50.00717727470536,0.1789513389526489,0.040979754228674024,40.11046049229661,0,0,0,290,1648.0,50.35726521988252,MEDIUM,1392,True,-256.0,0.0,0.0,0.0,False,False
28131,"Stone County, Mississippi",MS,12,1610.0,1649.0,198.85170353808886,989,1747,49.93382932554706,0.13151437486538167,0.008950410443019101,38.94392492062434,0,0,0,758,1649.0,50.34912502792709,HIGH,1747,True,98.0,0.0,0.0,0.0,False,False
46105,"Perkins County, South Dakota",SD,12,1642.8333333333333,1650.0,27.7188263339799,1589,1678,49.648907138024775,0.09303161882099843,0.04991683665864579,41.7883975812249,0,0,0,89,1650.0,50.34528997810994,MEDIUM,1678,True,28.0,0.0,0.0,0.0,False,False
21063,"Elliott County, Kentucky",KY,12,1672.75,1651.0,68.14973487575988,1602,1815,49.41008346326737,0.19302980037095582,0.048885844039566036,40.17146585451551,0,0,0,213,1651.0,50.34184868324373,HIGH,1815,True,164.0,0.0,0.0,0.0,False,False
13059,"Clarke County, Georgia",GA,12,1650.0,1652.0,58.106485321034796,1553,1790,49.5734957507157,0.13584352061028354,-0.004540800362851975,39.564574123308944,0,0,0,237,1652.0,50.332580565530016,LOW,1562,True,-90.0,0.0,0.0,0.0,False,False
26047,"Emmet County, Michigan",MI,12,1629.6666666666667,1653.0,118.33030299150172,1257,1698,49.75376193285007,0.17708848702763302,0.021395415222230485,41.24196079314598,0,0,0,441,1653.0,50.32079690377755,HIGH,1698,True,45.0,0.0,0.0,0.0,False,False
39041,"Delaware County, Ohio",OH,12,1625.4166666666667,1654.0,101.19060173152388,1313,1690,49.80292294167912,0.13334625368766403,-0.005086383145869092,39.545071449760464,0,0,0,377,1654.0,50.31845612058801,MEDIUM,1617,True,-37.0,0.0,0.0,0.0,False,False
27097,"Morrison County, Minnesota",MN,12,1701.4166666666667,1659.5,96.9324585221664,1655,1988,49.08783124837246,0.18866360461371567,0.002292073622045202,37.85836015105939,0,0,0,333,1655.0,50.31369396271687,HIGH,1754,True,99.0,0.0,0.0,0.0,False,False
42001,"Adams County, Pennsylvania",PA,12,1679.8333333333333,1660.5,28.539711833078343,1656,1724,49.31870342460968,0.1408375404492056,-0.018614943546533893,37.083711657179094,0,0,0,68,1656.0,50.30788667126191,MEDIUM,1718,True,62.0,0.0,0.0,0.0,False,False
51660,"Harrisonburg city, Virginia",VA,12,1630.5833333333333,1657.0,174.5010853487129,1086,1746,49.775504296489686,0.18616946810749804,-0.005688132368344601,36.98650964537874,0,0,0,660,1657.0,50.30781237175693,MEDIUM,1746,True,89.0,0.0,0.0,0.0,False,False
48151,"Fisher County, Texas",TX,12,1670.5833333333333,1658.0,166.00298920273224,1561,2177,49.34715464477632,0.0968783072324289,0.08351891954723133,42.7663950921959,0,0,0,616,1658.0,50.30771498236202,MEDIUM,1570,True,-88.0,0.0,0.0,0.0,False,False
28141,"Tishomingo County, Mississippi",MS,12,1674.25,1659.0,41.44903771226448,1628,1765,49.3755141374376,0.12027347390380999,0.004159366634167158,42.44492363373709,0,0,0,137,1659.0,50.28733048860548,HIGH,1765,True,106.0,0.0,0.0,0.0,False,False
35015,"Eddy County, New Mexico",NM,12,1667.9166666666667,1660.0,145.67114790971246,1472,2067,49.39472216658785,0.0965692112266371,0.002066928964744907,41.859165399708445,0,0,0,595,1660.0,50.28593417377141,MEDIUM,1481,True,-179.0,0.0,0.0,0.0,False,False
19171,"Tama County, Iowa",IA,12,1630.25,1661.0,101.09682577518537,1312,1674,49.76002734261135,0.1606787510122232,-0.021621995730788147,40.29932596153421,0,0,0,362,1661.0,50.28419415826708,MEDIUM,1638,True,-23.0,0.0,0.0,0.0,False,False
17159,"Richland County, Illinois",IL,12,1676.5833333333333,1662.0,114.03066440323155,1465,1893,49.392134752988596,0.15000353001187924,0.02954949750062329,44.39321233452682,0,0,0,428,1662.0,50.28261895398066,MEDIUM,1893,True,231.0,0.0,0.0,0.0,False,False
02158,"Kusilvak Census Area, Alaska",AK,12,1604.9166666666667,1663.0,253.6129686723214,1141,2108,49.935524359600805,0.11518860760397454,0.076108265717559,39.156761071317945,0,0,0,967,1663.0,50.27408480149656,LOW,1150,True,-513.0,0.0,0.0,0.0,False,False
24021,"Frederick County, Maryland",MD,12,1602.25,1663.0,147.54236679679502,1145,1672,50.048437231859616,0.1974438839074858,0.039340937452013974,44.45661660117528,0,0,0,527,1664.0,50.27364587181359,MEDIUM,1585,True,-79.0,0.0,0.0,0.0,False,False
19103,"Johnson County, Iowa",IA,12,1686.25,1665.0,33.9735859963965,1664,1756,49.29695361699263,0.15609072063091856,-0.05710661678320469,38.374095669513686,0,0,0,92,1665.0,50.27305803769392,MEDIUM,1756,True,91.0,0.0,0.0,0.0,False,False
31111,"Lincoln County, Nebraska",NE,12,1686.4166666666667,1669.0,52.92096737474464,1665,1853,49.252226663717785,0.10828334221108342,-0.0007986492157830834,40.67710792541332,0,0,0,188,1666.0,50.27117593635686,MEDIUM,1681,True,15.0,0.0,0.0,0.0,False,False
39097,"Madison County, Ohio",OH,12,1680.75,1667.0,34.22153760957612,1612,1736,49.35168764596124,0.12256657302259,-0.01773035698609526,38.58930901374845,0,0,0,124,1667.0,50.26550998519473,MEDIUM,1736,True,69.0,0.0,0.0,0.0,False,False
25003,"Berkshire County, Massachusetts",MA,12,1600.4166666666667,1667.5,127.95060007911668,1364,1677,50.07236763659581,0.16123060234922754,0.006234748034400834,40.96311653951447,0,0,0,313,1668.0,50.259017066896,LOW,1373,True,-295.0,0.0,0.0,0.0,False,False
34003,"Bergen County, New Jersey",NJ,12,1598.5833333333333,1668.0,126.85242559284343,1381,1677,50.0989621716416,0.17510811793671222,0.026090745979336746,40.90800234678159,0,0,0,296,1669.0,50.25875559629072,MEDIUM,1390,True,-279.0,0.0,0.0,0.0,False,False
28087,"Lowndes County, Mississippi",MS,12,1695.6666666666667,1674.0,43.34079189890569,1669,1788,49.21233522002822,0.07836875146209353,-0.0013319382365665749,43.12890095114832,0,0,0,119,1670.0,50.248817138977536,MEDIUM,1788,True,118.0,0.0,0.0,0.0,False,False
17003,"Alexander County, Illinois",IL,12,1634.8333333333333,1670.5,165.8125082096881,1131,1778,49.78362545483361,0.1504493812078265,0.045737113335526304,42.63902431369683,0,0,0,647,1671.0,50.248340956819376,MEDIUM,1778,True,107.0,0.0,0.0,0.0,False,False
25011,"Franklin County, Massachusetts",MA,12,1627.0833333333333,1671.0,92.5079439668275,1426,1680,49.86404044023789,0.1979621629670412,0.016382984930423967,38.13251641695228,0,0,0,254,1672.0,50.24655699926322,MEDIUM,1435,True,-237.0,0.0,0.0,0.0,False,False
27029,"Clearwater County, Minnesota",MN,12,1713.0833333333333,1673.0,110.71376553431774,1667,2060,49.00268242049086,0.1438354095691942,-0.020377254692674877,36.94407799251104,0,0,0,393,1673.0,50.217763956055926,MEDIUM,1676,True,3.0,0.0,0.0,0.0,False,False
28003,"Alcorn County, Mississippi",MS,12,1671.3333333333333,1674.0,49.21628210503536,1524,1722,49.44582037909063,0.10994932393200835,0.0017258860243647659,43.02122266527295,0,0,0,198,1674.0,50.213946731095255,MEDIUM,1722,True,48.0,0.0,0.0,0.0,False,False
24023,"Garrett County, Maryland",MD,12,1628.6666666666667,1674.0,126.69744442664353,1229,1683,49.80100255067891,0.20195443817262418,0.02669475185690366,41.59510299733215,0,0,0,454,1675.0,50.2129043706927,HIGH,1652,True,-23.0,0.0,0.0,0.0,False,False
05147,"Woodruff County, Arkansas",AR,12,1674.0833333333333,1676.0,78.00519601962803,1561,1814,49.45884395817368,0.1587849919043405,0.09621551456458226,47.65071928234847,0,0,0,253,1676.0,50.19204403538534,MEDIUM,1814,True,138.0,0.0,0.0,0.0,False,False
35029,"Luna County, New Mexico",NM,12,1698.1666666666667,1677.0,67.61365291570974,1636,1891,49.19470149076033,0.16900492504786188,0.031181504190154485,39.79822204065326,0,0,0,255,1677.0,50.191804529725275,MEDIUM,1738,True,61.0,0.0,0.0,0.0,False,False
37025,"Cabarrus County, North Carolina",NC,12,1681.6666666666667,1678.0,27.330746366861195,1649,1762,49.31307558091282,0.17230285907281429,-0.003912639921468603,43.137037028316286,0,0,0,113,1678.0,50.171601777000944,MEDIUM,1658,True,-20.0,0.0,0.0,0.0,False,False
24013,"Carroll County, Maryland",MD,12,1615.3333333333333,1679.0,215.60710619648938,931,1688,49.91830430269879,0.1783832723412472,0.014320510526783882,40.77107821266014,0,0,0,757,1679.0,50.163642601142136,HIGH,1670,True,-9.0,0.0,0.0,0.0,False,False
17049,"Effingham County, Illinois",IL,12,1650.9166666666667,1680.0,117.88859018993186,1291,1741,49.60448845639389,0.11310198156111224,-0.03398852972191108,38.533818807869224,0,0,0,450,1680.0,50.15886305199368,MEDIUM,1639,True,-41.0,0.0,0.0,0.0,False,False
13109,"Evans County, Georgia",GA,12,1669.25,1681.0,89.78572978334184,1410,1773,49.46685252990911,0.15351657120689724,0.01210214581479375,40.14790747288781,0,0,0,363,1681.0,50.15286416557272,HIGH,1773,True,92.0,0.0,0.0,0.0,False,False
47051,"Franklin County, Tennessee",TN,12,1675.6666666666667,1682.0,16.94017995682742,1634,1692,49.40410746270652,0.18229856154529303,0.013922990498753117,42.213630903704534,0,0,0,58,1682.0,50.15129954952888,HIGH,1692,True,10.0,0.0,0.0,0.0,False,False
37125,"Moore County, North Carolina",NC,12,1627.8333333333333,1683.0,85.25025548704271,1447,1692,49.87284617685611,0.1698004454170027,0.03635982537554428,42.34557356354725,0,0,0,245,1683.0,50.14576517664607,MEDIUM,1521,True,-162.0,0.0,0.0,0.0,False,False
31149,"Rock County, Nebraska",NE,12,1720.1666666666667,1684.0,157.41712586358423,1412,2015,48.98424614017699,0.13723169292385887,-0.025124158995836466,37.1555875493017,0,0,0,603,1684.0,50.12619520614723,LOW,2015,True,331.0,0.0,0.0,0.0,False,False
27003,"Anoka County, Minnesota",MN,12,1685.5833333333333,1685.0,54.80785997602455,1594,1816,49.28654498086117,0.0879996271112376,-0.0228993702423721,39.91663363614292,0,0,0,222,1685.0,50.091309797186426,MEDIUM,1603,True,-82.0,0.0,0.0,0.0,False,False
26113,"Missaukee County, Michigan",MI,12,1689.3333333333333,1686.0,60.304278957683074,1520,1766,49.27422833619224,0.14111442868446697,-0.022240899021468308,36.451921910069586,0,0,0,246,1686.0,50.087992838500405,MEDIUM,1766,True,80.0,0.0,0.0,0.0,False,False
19135,"Monroe County, Iowa",IA,12,1712.4166666666667,1690.0,56.9919584970839,1687,1888,49.03881479525044,0.09810258265399573,-0.020715998127657415,40.36064313398559,0,0,0,201,1687.0,50.08492753898319,MEDIUM,1702,True,15.0,0.0,0.0,0.0,False,False
20103,"Leavenworth County, Kansas",KS,12,1707.5,1688.0,55.59676249567054,1671,1876,49.09414783580138,0.1922528915572884,-2.1297009056491606e-05,39.16108793697606,0,0,0,205,1688.0,50.08432958466538,HIGH,1728,True,40.0,0.0,0.0,0.0,False,False
42067,"Juniata County, Pennsylvania",PA,12,1723.3333333333333,1689.0,67.885375762562,1679,1887,48.95092976584434,0.13588996455250568,-0.009686690168208783,38.313978855301464,0,0,0,208,1689.0,50.0795583637024,MEDIUM,1806,True,117.0,0.0,0.0,0.0,False,False
31051,"Dixon County, Nebraska",NE,12,1638.0,1690.0,118.24166316950597,1326,1717,49.74815952976413,0.16068540958526945,-0.014238918823589956,37.40745973587271,0,0,0,391,1690.0,50.061757527822934,LOW,1533,True,-157.0,0.0,0.0,0.0,False,False
31081,"Hamilton County, Nebraska",NE,12,1670.3333333333333,1691.0,82.40734006731256,1417,1729,49.4513556144473,0.17739243590635978,-0.017239944117324484,39.04253229149012,0,0,0,312,1691.0,50.053645099832735,MEDIUM,1666,True,-25.0,0.0,0.0,0.0,False,False
23027,"Waldo County, Maine",ME,12,1699.5,1692.0,61.28547210317541,1619,1870,49.14973357089775,0.16750187401875258,-0.000522183646330217,40.08488145701851,0,0,0,251,1692.0,50.03926040207009,MEDIUM,1628,True,-64.0,0.0,0.0,0.0,False,False
47107,"McMinn County, Tennessee",TN,12,1693.5,1693.0,26.531285134894805,1642,1743,49.206022411888135,0.16068955705804874,0.00039820311300874995,40.01865410395092,0,0,0,101,1693.0,50.028923727879295,MEDIUM,1651,True,-42.0,0.0,0.0,0.0,False,False
06015,"Del Norte County, California",CA,12,1716.0,1694.0,111.35202165777113,1652,2066,48.973646229407926,0.13614292143383283,0.012516069645618409,40.08871741349688,0,0,0,414,1694.0,50.0273711601698,HIGH,1661,True,-33.0,0.0,0.0,0.0,False,False
19157,"Poweshiek County, Iowa",IA,12,1675.5,1695.0,91.58155828649029,1397,1751,49.39565334647731,0.12362302684006633,-0.03396704069602965,40.75655518711612,0,0,0,354,1695.0,50.02364473804682,MEDIUM,1671,True,-24.0,0.0,0.0,0.0,False,False
46077,"Kingsbury County, South Dakota",SD,12,1700.1666666666667,1696.0,89.38561337702993,1581,1948,49.14921522905181,0.1095970107284731,0.008529743963882659,40.355408933171205,0,0,0,367,1696.0,50.02300154905556,MEDIUM,1590,True,-106.0,0.0,0.0,0.0,False,False
37177,"Tyrrell County, North Carolina",NC,12,1682.0,1697.0,39.31689435622024,1563,1706,49.34909588293431,0.17931896158778352,0.010880971891524358,39.44239873630166,0,0,0,143,1697.0,50.013283461137206,HIGH,1673,True,-24.0,0.0,0.0,0.0,False,False
19187,"Webster County, Iowa",IA,12,1681.3333333333333,1698.0,66.31239200431041,1476,1725,49.36396263780299,0.1675244759387374,-0.01742328429332375,43.97201545908603,0,0,0,249,1698.0,50.009205639737786,MEDIUM,1682,True,-16.0,0.0,0.0,0.0,False,False
38101,"Ward County, North Dakota",ND,12,1708.0,1699.0,29.759643204117264,1670,1767,49.10267766056785,0.05959091297787961,-0.04739276903915248,36.11943260518494,0,0,0,97,1699.0,49.9982595478794,MEDIUM,1679,True,-20.0,0.0,0.0,0.0,False,False
51036,"Charles City County, Virginia",VA,12,1674.25,1700.0,167.8246514561065,1163,1825,49.42659075336201,0.15836177317403108,-0.0029853663309613253,37.93532675170202,0,0,0,662,1700.0,49.99820553675072,MEDIUM,1825,True,125.0,0.0,0.0,0.0,False,False
01099,"Monroe County, Alabama",AL,12,1654.3333333333333,1701.0,128.48369782217745,1251,1710,49.57376482726003,0.16699068853449486,0.02238406725966527,40.446584306244524,0,0,0,459,1701.0,49.98065439903449,MEDIUM,1656,True,-45.0,0.0,0.0,0.0,False,False
37185,"Warren County, North Carolina",NC,12,1742.0,1702.0,122.71919165313956,1667,2120,48.74616184549359,0.20127731916074898,0.04224237690442523,41.52766429253275,0,0,0,453,1702.0,49.97092490706498,HIGH,1768,True,66.0,0.0,0.0,0.0,False,False
29059,"Dallas County, Missouri",MO,12,1710.0833333333333,1703.0,62.70052679687838,1608,1833,49.120952073175395,0.1499031897238243,0.03269697315040578,41.87832575048735,0,0,0,225,1703.0,49.96561253046586,HIGH,1833,True,130.0,0.0,0.0,0.0,False,False
08097,"Pitkin County, Colorado",CO,12,1724.3333333333333,1704.0,83.41934954666024,1609,1873,48.961279283676994,0.12606924117264773,0.07734641678937876,44.64645528633465,0,0,0,264,1704.0,49.95039115748419,MEDIUM,1873,True,169.0,0.0,0.0,0.0,False,False
34013,"Essex County, New Jersey",NJ,12,1666.3333333333333,1705.0,78.48605357680182,1529,1721,49.523718632887636,0.15766239423008926,-0.007082886599215166,36.96414307053153,0,0,0,192,1705.0,49.94510226594432,LOW,1538,True,-167.0,0.0,0.0,0.0,False,False
56017,"Hot Springs County, Wyoming",WY,12,1780.3333333333333,1710.5,137.4265644119091,1706,2144,48.395456786305544,0.17551709072608265,-0.008632484512692475,39.254007410928224,0,0,0,438,1706.0,49.943441484975224,MEDIUM,1912,True,206.0,0.0,0.0,0.0,False,False
20087,"Jefferson County, Kansas",KS,12,1705.25,1707.0,97.73631036434907,1436,1837,49.15761801365138,0.18680094601682976,0.005780383285403259,41.448356270524584,0,0,0,401,1707.0,49.92989356473524,HIGH,1837,True,130.0,0.0,0.0,0.0,False,False
53073,"Whatcom County, Washington",WA,12,1773.1666666666667,1708.0,199.55169452520013,1700,2404,48.36421049675399,0.15458157426861174,0.008883102464125792,40.050900315874415,0,0,0,704,1708.0,49.92204323471326,HIGH,1759,True,51.0,0.0,0.0,0.0,False,False
13297,"Walton County, Georgia",GA,12,1676.4166666666667,1709.0,46.829397009169625,1587,1718,49.40585481807084,0.14779945626931482,0.033857751353084393,44.65582998528483,0,0,0,131,1709.0,49.91476072368893,MEDIUM,1596,True,-113.0,0.0,0.0,0.0,False,False
42091,"Montgomery County, Pennsylvania",PA,12,1681.3333333333333,1710.0,132.5596492378454,1262,1738,49.34081537187716,0.18654787111219504,-0.006728098096204383,44.16918549932526,0,0,0,476,1710.0,49.88153021883133,MEDIUM,1734,True,24.0,0.0,0.0,0.0,False,False
20101,"Lane County, Kansas",KS,12,1731.3333333333333,1711.0,97.81646388037447,1674,2039,48.83823818616751,0.13436057919926309,0.014083401241057983,38.768477551245475,0,0,0,365,1711.0,49.87807997977552,MEDIUM,1683,True,-28.0,0.0,0.0,0.0,False,False
49007,"Carbon County, Utah",UT,12,1705.5,1712.0,14.730919862656227,1678,1721,49.12948426471673,0.13102265766694526,0.007528960668337542,41.617200026433665,0,0,0,43,1712.0,49.87269512723622,MEDIUM,1687,True,-25.0,0.0,0.0,0.0,False,False
45015,"Berkeley County, South Carolina",SC,12,1723.8333333333333,1713.0,94.52448776840204,1644,2013,48.904069668581236,0.11942747983870834,0.01221832940100684,42.842502627035714,0,0,0,369,1713.0,49.87152592393484,MEDIUM,1653,True,-60.0,0.0,0.0,0.0,False,False
19017,"Bremer County, Iowa",IA,12,1685.8333333333333,1714.0,81.6776739644465,1472,1761,49.3242638830915,0.11153227438171955,-0.03475674092628297,37.99906716417196,0,0,0,289,1714.0,49.86698090477448,MEDIUM,1619,True,-95.0,0.0,0.0,0.0,False,False
34023,"Middlesex County, New Jersey",NJ,12,1647.4166666666667,1715.0,154.17077799595742,1204,1726,49.66104021078964,0.1756621165439882,0.005261788626641534,39.42491136219175,0,0,0,522,1715.0,49.84948002448418,LOW,1554,True,-161.0,0.0,0.0,0.0,False,False
19085,"Harrison County, Iowa",IA,12,1692.5833333333333,1716.0,76.35617297583181,1469,1753,49.25293298499827,0.18434291658703994,-0.014504848242102934,41.42130752664855,0,0,0,284,1716.0,49.84138375730769,LOW,1662,True,-54.0,0.0,0.0,0.0,False,False
45045,"Greenville County, South Carolina",SC,12,1696.5,1717.0,62.599012481319214,1559,1735,49.20826105059748,0.19046281203762697,0.0017030160174132003,42.12592377952858,0,0,0,176,1717.0,49.827179936071246,LOW,1568,True,-149.0,0.0,0.0,0.0,False,False
29077,"Greene County, Missouri",MO,12,1703.5,1718.0,48.64995561989942,1550,1727,49.1428532352837,0.1467896015007955,0.017371384811819768,48.18284005520703,0,0,0,177,1718.0,49.78102859057631,HIGH,1725,True,7.0,0.0,0.0,0.0,False,False
49043,"Summit County, Utah",UT,12,1680.8333333333333,1719.0,125.92843085248741,1293,1763,49.32550733785036,0.18175501943134928,0.04369315873493845,44.871529765339254,0,0,0,470,1719.0,49.78016964804418,HIGH,1763,True,44.0,0.0,0.0,0.0,False,False
55127,"Walworth County, Wisconsin",WI,12,1701.6666666666667,1720.0,75.3673830263624,1466,1747,49.16049322638193,0.16392633665944756,-0.008486619004353409,39.27094193800621,0,0,0,281,1720.0,49.77096183180042,MEDIUM,1710,True,-10.0,0.0,0.0,0.0,False,False
49033,"Rich County, Utah",UT,12,1749.1666666666667,1721.0,74.09678355592325,1691,1911,48.717403308200765,0.17600820324040675,0.028726151899850935,43.73286419658578,0,0,0,220,1721.0,49.76727645313579,MEDIUM,1911,True,190.0,0.0,0.0,0.0,False,False
40131,"Rogers County, Oklahoma",OK,12,1742.75,1722.0,105.03516727094961,1539,1942,48.780198987822104,0.11329236280493403,-0.008768089995025225,41.42420476209059,0,0,0,403,1722.0,49.7520115413708,MEDIUM,1942,True,220.0,0.0,0.0,0.0,False,False
51063,"Floyd County, Virginia",VA,12,1714.75,1723.0,124.54800096932323,1348,1851,49.02562043230463,0.1534454703861401,0.019073932560940792,39.966822658742565,0,0,0,503,1723.0,49.72685847536712,HIGH,1851,True,128.0,0.0,0.0,0.0,False,False
45043,"Georgetown County, South Carolina",SC,12,1701.6666666666667,1724.0,187.52373587135975,1382,2130,49.08225603397852,0.16528467645221515,0.031842339518950304,39.7911189086344,0,0,0,748,1724.0,49.72629863813355,MEDIUM,1391,True,-333.0,0.0,0.0,0.0,False,False
37017,"Bladen County, North Carolina",NC,12,1707.5,1725.0,24.478190663973052,1665,1734,49.071940875099926,0.15677702367081991,0.023710342042031766,40.82208910760648,0,0,0,69,1725.0,49.712172126319075,MEDIUM,1674,True,-51.0,0.0,0.0,0.0,False,False
21085,"Grayson County, Kentucky",KY,12,1730.9166666666667,1726.0,80.95953909019597,1549,1871,48.892005444468595,0.1619311142917268,0.023061303123516383,42.25406232346093,0,0,0,322,1726.0,49.70799444444328,HIGH,1871,True,145.0,0.0,0.0,0.0,False,False
38031,"Foster County, North Dakota",ND,12,1765.1666666666667,1727.0,162.4638887615188,1692,2279,48.46270403156939,0.06731946274927257,0.018040676132519886,43.09387828214358,0,0,0,587,1727.0,49.70712110038576,MEDIUM,1715,True,-12.0,0.0,0.0,0.0,False,False
02068,"Denali Borough, Alaska",AK,12,1684.5,1728.0,305.8860453294212,1158,2368,49.11897458428502,0.08439260015596213,0.026888330878268318,36.33654454860821,0,0,0,1210,1728.0,49.69101711674202,LOW,1167,True,-561.0,0.0,0.0,0.0,False,False
42017,"Bucks County, Pennsylvania",PA,12,1710.4166666666667,1728.5,77.3204175473527,1468,1756,49.07506032474496,0.12401165138985797,-0.02940960653250799,42.16074916483655,0,0,0,288,1729.0,49.68880247762961,MEDIUM,1723,True,-6.0,0.0,0.0,0.0,False,False
17079,"Jasper County, Illinois",IL,12,1681.25,1729.0,144.95022656697776,1223,1738,49.31922347220469,0.12342397823300139,0.008573290630472333,41.52427014756195,0,0,0,515,1730.0,49.68247232053904,MEDIUM,1700,True,-30.0,0.0,0.0,0.0,False,False
13263,"Talbot County, Georgia",GA,12,1701.4166666666667,1730.0,46.62121704533118,1578,1739,49.15092126412407,0.14247059479847132,0.023022911029372917,40.82073236828512,0,0,0,161,1731.0,49.68073058601907,MEDIUM,1677,True,-54.0,0.0,0.0,0.0,False,False
46079,"Lake County, South Dakota",SD,12,1747.0,1732.0,111.022520238013,1621,2070,48.673042207798524,0.10581882856880076,-0.0114385080035202,39.531460796458425,0,0,0,449,1732.0,49.67085980657808,LOW,1630,True,-102.0,0.0,0.0,0.0,False,False
27017,"Carlton County, Minnesota",MN,12,1762.5,1737.0,46.131235720397825,1732,1869,48.58786107096292,0.1423335529471811,-0.024336578645197633,38.64333763527825,0,0,0,137,1733.0,49.664293597459206,MEDIUM,1822,True,89.0,0.0,0.0,0.0,False,False
34025,"Monmouth County, New Jersey",NJ,12,1663.75,1733.0,147.0263581811098,1249,1742,49.48891184978143,0.15800907456768068,0.011241617315589383,41.40200216116623,0,0,0,493,1734.0,49.64328265571745,MEDIUM,1563,True,-171.0,0.0,0.0,0.0,False,False
12031,"Duval County, Florida",FL,12,1801.4166666666667,1735.0,163.28472529649406,1664,2220,48.127248492511335,0.13269415564801862,0.040273034157149466,52.79494973247429,0,0,0,556,1735.0,49.6359156282653,MEDIUM,1964,True,229.0,0.0,0.0,0.0,False,False
38003,"Barnes County, North Dakota",ND,12,1768.5,1736.0,105.78666353476788,1715,2102,48.479917980140925,0.09262694646821656,-0.0017442682423197437,40.52557790014711,0,0,0,387,1736.0,49.62085553644239,LOW,1724,True,-12.0,0.0,0.0,0.0,False,False
05053,"Grant County, Arkansas",AR,12,1757.5833333333333,1741.5,29.84949621421478,1737,1821,48.644755649740915,0.16015726771926916,-0.02223157989440086,39.20275473224817,0,0,0,84,1737.0,49.61769084080191,MEDIUM,1821,True,84.0,0.0,0.0,0.0,False,False
50015,"Lamoille County, Vermont",VT,12,1679.1666666666667,1738.0,246.4846789755845,898,1781,49.347385919946504,0.17507749895947947,0.006336031750079434,40.17088259340961,0,0,0,883,1738.0,49.60616872459009,MEDIUM,1781,True,43.0,0.0,0.0,0.0,False,False
54087,"Roane County, West Virginia",WV,12,1771.5833333333333,1739.0,74.46348505180647,1732,1935,48.49780716874171,0.11505582191155568,0.024362583865602718,40.46017292061713,0,0,0,203,1739.0,49.5976399203648,MEDIUM,1935,True,196.0,0.0,0.0,0.0,False,False
13013,"Barrow County, Georgia",GA,12,1727.6666666666667,1740.0,40.81963282836368,1646,1798,48.90110164212759,0.15142743945174178,0.014865594133282473,42.76946180824425,0,0,0,152,1740.0,49.59640839402098,MEDIUM,1655,True,-85.0,0.0,0.0,0.0,False,False
13161,"Jeff Davis County, Georgia",GA,12,1728.5833333333333,1741.0,52.60048104400382,1562,1750,48.9231597960391,0.17300658423901405,0.009493875421618959,39.2820193286194,0,0,0,188,1741.0,49.57385664258049,MEDIUM,1749,True,8.0,0.0,0.0,0.0,False,False
28041,"Greene County, Mississippi",MS,12,1683.0833333333333,1742.0,199.11278591580077,1051,1751,49.3091726813746,0.0794381001504507,0.009827093340354342,40.56007985987404,0,0,0,700,1742.0,49.544813723722775,MEDIUM,1740,True,-2.0,0.0,0.0,0.0,False,False
47129,"Morgan County, Tennessee",TN,12,1746.9166666666667,1743.0,95.26180035072092,1494,1885,48.73760997423272,0.15929152393937776,0.005488785246403275,39.45261949902988,0,0,0,391,1743.0,49.53724621919228,HIGH,1885,True,142.0,0.0,0.0,0.0,False,False
19023,"Butler County, Iowa",IA,12,1715.0,1744.0,146.0255270336476,1254,1783,49.00943271855957,0.18098177049384992,-0.028858026787114476,40.37141522146,0,0,0,529,1744.0,49.53108635038768,MEDIUM,1783,True,39.0,0.0,0.0,0.0,False,False
13319,"Wilkinson County, Georgia",GA,12,1728.6666666666667,1745.0,31.961150660061538,1658,1754,48.88993217387635,0.14570315799149455,0.0052178260706949925,40.76938006781329,0,0,0,96,1745.0,49.527877860637616,MEDIUM,1667,True,-78.0,0.0,0.0,0.0,False,False
27047,"Freeborn County, Minnesota",MN,12,1744.0833333333333,1746.0,58.93364270452184,1656,1899,48.73996103943966,0.15650709847153407,0.0025913811966951582,39.822996535185055,0,0,0,243,1746.0,49.5247701709402,MEDIUM,1665,True,-81.0,0.0,0.0,0.0,False,False
30065,"Musselshell County, Montana",MT,12,1760.0833333333333,1747.0,39.192899016701176,1711,1829,48.614406405320636,0.1472843734483956,0.019454424705102707,42.38946669348547,0,0,0,118,1747.0,49.51335166923883,HIGH,1829,True,82.0,0.0,0.0,0.0,False,False
12107,"Putnam County, Florida",FL,12,1737.6666666666667,1748.0,28.750757565776638,1650,1757,48.83815764605068,0.15915250862161653,0.03758590619771396,43.24391487931345,0,0,0,107,1748.0,49.50842493777404,MEDIUM,1753,True,5.0,0.0,0.0,0.0,False,False
47135,"Perry County, Tennessee",TN,12,1740.4166666666667,1749.0,52.43083467047252,1586,1797,48.82808434147676,0.16973498223335137,0.012918549151504167,42.0305237356161,0,0,0,211,1749.0,49.50175593747026,HIGH,1797,True,48.0,0.0,0.0,0.0,False,False
05137,"Stone County, Arkansas",AR,12,1793.8333333333333,1750.0,84.28289304838832,1735,1949,48.28304219245712,0.15317030949578012,0.020263047221889482,42.083055928825246,0,0,0,214,1750.0,49.50112405899261,HIGH,1949,True,199.0,0.0,0.0,0.0,False,False
28071,"Lafayette County, Mississippi",MS,12,1746.5833333333333,1751.0,16.389898958773,1696,1760,48.75296795922336,0.15698036574720906,0.01947994372613955,38.94129338618912,0,0,0,64,1751.0,49.496886301029654,HIGH,1751,True,0.0,0.0,0.0,0.0,False,False
40023,"Choctaw County, Oklahoma",OK,12,1768.3333333333333,1752.0,64.12535072855826,1696,1942,48.53326670092304,0.1724656992305699,0.039284382411560174,42.787201737746045,0,0,0,246,1752.0,49.49384246517669,HIGH,1811,True,59.0,0.0,0.0,0.0,False,False
54015,"Clay County, West Virginia",WV,12,1792.25,1753.0,110.99559778330278,1707,2031,48.314952510352306,0.14812081383682893,0.03922581805578854,43.92746046982384,0,0,0,324,1753.0,49.48545391161513,MEDIUM,2031,True,278.0,0.0,0.0,0.0,False,False
40069,"Johnston County, Oklahoma",OK,12,1735.4166666666667,1754.0,108.88230370728782,1401,1828,48.86688069622053,0.17636022450256703,0.03103682389067625,43.95080311375124,0,0,0,427,1754.0,49.4756778192809,HIGH,1828,True,74.0,0.0,0.0,0.0,False,False
45031,"Darlington County, South Carolina",SC,12,1776.4166666666667,1755.0,68.60354924999862,1676,1919,48.4691008751555,0.18745147091500067,0.005535626027318417,39.89620488710861,0,0,0,243,1755.0,49.46622558466215,HIGH,1919,True,164.0,0.0,0.0,0.0,False,False
25005,"Bristol County, Massachusetts",MA,12,1693.9166666666667,1756.0,137.09416692937972,1419,1796,49.24916615241006,0.13367152066070245,-0.03107930765341366,38.3300687129275,0,0,0,377,1756.0,49.46477083665867,LOW,1428,True,-328.0,0.0,0.0,0.0,False,False
31097,"Johnson County, Nebraska",NE,12,1766.8333333333333,1758.0,27.051578120100128,1723,1824,48.58057027784859,0.15058883228565736,0.007734060052351708,39.5003979723642,0,0,0,101,1757.0,49.45423247997614,HIGH,1824,True,67.0,0.0,0.0,0.0,False,False
19089,"Howard County, Iowa",IA,12,1720.5,1758.5,75.86890607548594,1574,1770,49.00382422707457,0.15297305291256796,-0.007544681807123242,39.78887902447346,0,0,0,196,1758.0,49.4389859363691,LOW,1611,True,-147.0,0.0,0.0,0.0,False,False
01009,"Blount County, Alabama",AL,12,1779.3333333333333,1759.5,52.46528433741746,1743,1895,48.4550425674183,0.18713469257760626,0.011878175793042615,45.931173379966054,0,0,0,152,1759.0,49.4331222623119,HIGH,1895,True,136.0,0.0,0.0,0.0,False,False
01053,"Escambia County, Alabama",AL,12,1756.0,1761.0,110.85863233702806,1438,1890,48.67821670061221,0.14771151657170756,0.0083166121268422,40.46755338539385,0,0,0,452,1760.0,49.42342659174716,MEDIUM,1890,True,130.0,0.0,0.0,0.0,False,False
29211,"Sullivan County, Missouri",MO,12,1770.9166666666667,1762.0,27.307868773847932,1744,1831,48.53352272521321,0.17826142764759614,0.02554573660846664,43.18504806729762,0,0,0,87,1761.0,49.40264301051819,MEDIUM,1831,True,70.0,0.0,0.0,0.0,False,False
40091,"McIntosh County, Oklahoma",OK,12,1797.75,1763.0,83.45289907268864,1740,1978,48.25392956658552,0.1559989357423316,0.018999470954502027,42.69028134320168,0,0,0,238,1762.0,49.39734382024372,MEDIUM,1978,True,216.0,0.0,0.0,0.0,False,False
21079,"Garrard County, Kentucky",KY,12,1780.5833333333333,1763.5,70.34002912261053,1662,1922,48.41913641973182,0.17030290880872426,0.003513649512839291,39.38657194152188,0,0,0,260,1763.0,49.37437258852259,MEDIUM,1922,True,159.0,0.0,0.0,0.0,False,False
29137,"Monroe County, Missouri",MO,12,1800.8333333333333,1769.5,60.219044606613686,1764,1952,48.195511795137044,0.17714795921130536,-0.014035432933837183,37.54122553239634,0,0,0,188,1764.0,49.33463006006584,MEDIUM,1868,True,104.0,0.0,0.0,0.0,False,False
29041,"Chariton County, Missouri",MO,12,1739.25,1765.5,164.84489955437178,1278,1936,48.75731904750873,0.17296707032228076,0.09609215435523603,53.25747861456256,0,0,0,658,1765.0,49.32444737436056,MEDIUM,1936,True,171.0,0.0,0.0,0.0,False,False
33013,"Merrimack County, New Hampshire",NH,12,1703.4166666666667,1766.5,140.12621475158053,1391,1814,49.115764126007825,0.15074338330236364,-0.029787798697460306,38.895748507018126,0,0,0,423,1766.0,49.32071335725536,LOW,1528,True,-238.0,0.0,0.0,0.0,False,False
13027,"Brooks County, Georgia",GA,12,1806.0,1772.5,63.76661993693741,1767,1940,48.14473211120397,0.16891681548465307,-0.002809902978539417,40.4991943137319,0,0,0,173,1767.0,49.2974450034523,MEDIUM,1940,True,173.0,0.0,0.0,0.0,False,False
46075,"Jones County, South Dakota",SD,12,1813.0,1767.0,216.9616639786016,1687,2496,47.93178130258872,0.11079382912279769,-0.009246676123640434,38.22013590556983,0,0,0,809,1768.0,49.296582269634385,LOW,1696,True,-72.0,0.0,0.0,0.0,False,False
49013,"Duchesne County, Utah",UT,12,1796.75,1773.5,44.52603936819646,1769,1894,48.24275289766735,0.14758132628138843,0.006725229014178067,41.46152033032048,0,0,0,125,1769.0,49.28882534879475,HIGH,1860,True,91.0,0.0,0.0,0.0,False,False
45089,"Williamsburg County, South Carolina",SC,12,1793.3333333333333,1770.0,56.03948824199094,1742,1916,48.26241276199142,0.20068607113949746,0.017497403808395682,37.972585253279945,0,0,0,174,1770.0,49.25805643523182,MEDIUM,1916,True,146.0,0.0,0.0,0.0,False,False
33001,"Belknap County, New Hampshire",NH,12,1740.4166666666667,1771.0,130.43246830401847,1328,1807,48.769093373066056,0.16916105962755887,-0.0021992042424949254,39.61882429029954,0,0,0,479,1771.0,49.25562571217798,MEDIUM,1807,True,36.0,0.0,0.0,0.0,False,False
48451,"Tom Green County, Texas",TX,12,1784.4166666666667,1772.0,40.02830437971551,1752,1907,48.33570896340297,0.10671248074637384,-0.0002870871717794916,43.94312989116897,0,0,0,155,1772.0,49.25556185636573,MEDIUM,1761,True,-11.0,0.0,0.0,0.0,False,False
08105,"Rio Grande County, Colorado",CO,12,1835.3333333333333,1773.0,131.30902713088923,1754,2183,47.8141931690564,0.09536282658686963,0.0037714958013744,38.36419813632047,0,0,0,429,1773.0,49.25527436466461,MEDIUM,1961,True,188.0,0.0,0.0,0.0,False,False
46013,"Brown County, South Dakota",SD,12,1796.5,1774.0,78.02505425124096,1767,2044,48.22474923508836,0.09589737590044452,-0.008942355360201309,40.38318295818928,0,0,0,277,1774.0,49.24583198228395,LOW,1776,True,2.0,0.0,0.0,0.0,False,False
31025,"Cass County, Nebraska",NE,12,1747.0833333333333,1775.0,61.775926957959484,1638,1797,48.694193125778206,0.14206562832292582,-0.018524234901841314,40.134050460979054,0,0,0,159,1775.0,49.2363074011299,LOW,1647,True,-128.0,0.0,0.0,0.0,False,False
53027,"Grays Harbor County, Washington",WA,12,1822.6666666666667,1776.0,255.25685222156255,1651,2620,47.739180633361975,0.12652128202019414,0.02771116780813092,42.47354195097775,0,0,0,969,1776.0,49.233344448178286,MEDIUM,1660,True,-116.0,0.0,0.0,0.0,False,False
27085,"McLeod County, Minnesota",MN,12,1725.4166666666667,1777.0,111.21024996361493,1503,1805,48.928912564109005,0.1421782837173642,-0.012765921403201935,39.914396729159,0,0,0,302,1777.0,49.232931331863846,LOW,1512,True,-265.0,0.0,0.0,0.0,False,False
42071,"Lancaster County, Pennsylvania",PA,12,1759.0,1778.0,53.153294604123374,1622,1806,48.59473028639036,0.12216830769702791,-0.03861503814232919,39.79315484917815,0,0,0,184,1778.0,49.2077955887398,MEDIUM,1714,True,-64.0,0.0,0.0,0.0,False,False
30079,"Prairie County, Montana",MT,12,1767.0833333333333,1779.0,80.16398911927445,1538,1861,48.55668400115959,0.17607492567563102,0.021592095001726198,37.284951779798845,0,0,0,323,1779.0,49.20775893107096,MEDIUM,1861,True,82.0,0.0,0.0,0.0,False,False
47123,"Monroe County, Tennessee",TN,12,1750.5833333333333,1780.0,87.01458428785301,1477,1789,48.709591677423994,0.17628017805632334,0.009597867588286442,40.80564140147116,0,0,0,312,1780.0,49.207062594860275,HIGH,1755,True,-25.0,0.0,0.0,0.0,False,False
33015,"Rockingham County, New Hampshire",NH,12,1750.1666666666667,1781.0,86.12974708736424,1589,1841,48.68174660970978,0.12054430390361622,-0.04178496534619853,37.78350232615827,0,0,0,252,1781.0,49.206759804150195,LOW,1598,True,-183.0,0.0,0.0,0.0,False,False
37021,"Buncombe County, North Carolina",NC,12,1760.25,1782.0,102.29913800401077,1437,1813,48.6273502669844,0.17561229664416597,-0.009353606370590793,39.16659115285664,0,0,0,376,1782.0,49.20218132353643,LOW,1813,True,31.0,0.0,0.0,0.0,False,False
49017,"Garfield County, Utah",UT,12,1780.1666666666667,1783.0,23.536560856881753,1707,1798,48.433521318559464,0.16956805772188277,0.009251421970017675,42.1298192808802,0,0,0,91,1783.0,49.19635157946054,MEDIUM,1798,True,15.0,0.0,0.0,0.0,False,False
16023,"Butte County, Idaho",ID,12,1721.9166666666667,1784.0,126.05443148485375,1458,1793,48.96532987601153,0.07551057695005496,0.009667922895196928,37.89878903720059,0,0,0,335,1784.0,49.193029787826,LOW,1467,True,-317.0,0.0,0.0,0.0,False,False
44009,"Washington County, Rhode Island",RI,12,1706.8333333333333,1785.0,285.66599483673343,801,1818,49.06844780828262,0.14607188719809444,-0.0217523292254108,37.93984522842411,0,0,0,1017,1785.0,49.1699978318328,MEDIUM,1775,True,-10.0,0.0,0.0,0.0,False,False
27009,"Benton County, Minnesota",MN,12,1784.9166666666667,1786.0,88.34072296134623,1645,2005,48.30785343731477,0.09651494933953982,-0.034516179395644324,38.026899255425256,0,0,0,360,1786.0,49.15913174120979,LOW,1654,True,-132.0,0.0,0.0,0.0,False,False
24003,"Anne Arundel County, Maryland",MD,12,1718.3333333333333,1787.0,211.64693298610365,1063,1834,48.96142009475016,0.13682476171374705,-0.029255863040015973,40.16687802987121,0,0,0,771,1787.0,49.15420177141089,LOW,1690,True,-97.0,0.0,0.0,0.0,False,False
31175,"Valley County, Nebraska",NE,12,1821.9166666666667,1791.0,98.88419152388987,1788,2135,47.99631474005207,0.12079791438005555,0.005203392785991208,41.56142864292886,0,0,0,347,1788.0,49.152185639395405,MEDIUM,1812,True,24.0,0.0,0.0,0.0,False,False
28117,"Prentiss County, Mississippi",MS,12,1816.1666666666667,1789.0,61.29634919179466,1781,1993,48.067548156742,0.10280084481168998,-0.007752830173208008,42.17936600740085,0,0,0,212,1789.0,49.149608775486705,MEDIUM,1858,True,69.0,0.0,0.0,0.0,False,False
47031,"Coffee County, Tennessee",TN,12,1741.75,1790.0,104.1992191560343,1431,1799,48.7732203198544,0.155193787965894,0.017685304798561025,42.62178912979749,0,0,0,368,1790.0,49.123772223788734,MEDIUM,1701,True,-89.0,0.0,0.0,0.0,False,False
50021,"Rutland County, Vermont",VT,12,1731.8333333333333,1791.0,110.09486267705134,1463,1800,48.870500614779836,0.17025318155156388,0.009780474211812542,40.96111950233619,0,0,0,337,1791.0,49.10660599180633,MEDIUM,1612,True,-179.0,0.0,0.0,0.0,False,False
01061,"Geneva County, Alabama",AL,12,1802.9166666666667,1792.0,80.30561888337851,1613,1938,48.19655084451898,0.14205981323931952,-0.0020427090563237414,41.43956101733775,0,0,0,325,1792.0,49.10430808745031,MEDIUM,1938,True,146.0,0.0,0.0,0.0,False,False
12033,"Escambia County, Florida",FL,12,1817.1666666666667,1794.0,41.237302912716686,1793,1891,48.065318989049494,0.13228264632753445,0.0039147895284726,42.58191641118303,0,0,0,98,1793.0,49.083902799396725,HIGH,1891,True,98.0,0.0,0.0,0.0,False,False
53053,"Pierce County, Washington",WA,12,1781.8333333333333,1794.0,52.191663098331105,1680,1880,48.374820656436356,0.09797599346627411,0.006060565773146942,41.670896776124096,0,0,0,200,1794.0,49.08103768632428,MEDIUM,1689,True,-105.0,0.0,0.0,0.0,False,False
19091,"Humboldt County, Iowa",IA,12,1815.25,1795.0,37.20489948184976,1766,1887,48.082357024012644,0.14868000169567136,-0.03895367221007672,39.4063260285984,0,0,0,121,1795.0,49.076433592366655,MEDIUM,1887,True,92.0,0.0,0.0,0.0,False,False
12113,"Santa Rosa County, Florida",FL,12,1815.25,1796.0,77.91735131768556,1775,2061,48.07441653686234,0.161348694739107,0.022648925484061944,43.92762735817996,0,0,0,286,1796.0,49.074408102149064,HIGH,1800,True,4.0,0.0,0.0,0.0,False,False
16081,"Teton County, Idaho",ID,12,1846.4166666666667,1797.0,146.783983727067,1742,2286,47.72739830228261,0.19740382820458288,0.06018229098497777,46.48298332660866,0,0,0,544,1797.0,49.07183991327338,HIGH,1904,True,107.0,0.0,0.0,0.0,False,False
02105,"Hoonah-Angoon Census Area, Alaska",AK,12,1713.5,1798.0,285.22192316605936,1134,2128,48.91648645479154,0.10913805660022631,0.02199268155568881,36.701201193052455,0,0,0,994,1798.0,49.05442378584314,LOW,1143,True,-655.0,0.0,0.0,0.0,False,False
01093,"Marion County, Alabama",AL,12,1815.3333333333333,1799.0,90.21926153275221,1627,1981,48.0669305809418,0.13929705860410266,-0.015470980700985683,39.51188159219351,0,0,0,354,1799.0,49.04316389309816,MEDIUM,1981,True,182.0,0.0,0.0,0.0,False,False
37119,"Mecklenburg County, North Carolina",NC,12,1786.5833333333333,1799.5,35.75537679422449,1695,1817,48.35096900815182,0.16254068521843693,-0.008437856905944766,43.64596641796182,0,0,0,122,1800.0,49.02837985218985,LOW,1757,True,-43.0,0.0,0.0,0.0,False,False
38105,"Williams County, North Dakota",ND,12,1801.0833333333333,1801.0,34.1692534127961,1735,1858,48.20888958685561,0.05027283360716093,-0.029026491661962802,38.780165842542424,0,0,0,123,1801.0,49.02697531572965,LOW,1744,True,-57.0,0.0,0.0,0.0,False,False
40043,"Dewey County, Oklahoma",OK,12,1850.1666666666667,1805.5,83.51900527678859,1801,2000,47.70811091181042,0.07758484813347404,-0.006361073337424258,39.833466338144106,0,0,0,199,1802.0,49.02321383565208,LOW,1987,True,185.0,0.0,0.0,0.0,False,False
30051,"Liberty County, Montana",MT,12,1871.1666666666667,1803.0,220.32861132793664,1763,2563,47.369942350126195,0.1334351834523638,0.024899186465914002,40.83934350101926,0,0,0,800,1803.0,49.01423331245303,MEDIUM,1874,True,71.0,0.0,0.0,0.0,False,False
01003,"Baldwin County, Alabama",AL,12,1815.25,1804.0,33.4422840672757,1777,1895,48.08290721981953,0.1457228843084087,0.021402581693039043,44.85783144363856,0,0,0,118,1804.0,48.98671986538321,HIGH,1853,True,49.0,0.0,0.0,0.0,False,False
30049,"Lewis and Clark County, Montana",MT,12,1841.3333333333333,1805.0,106.65606007871826,1709,2066,47.81678295771568,0.12968118062989567,-0.006426114081421283,43.07615156103751,0,0,0,357,1805.0,48.98422042036261,LOW,2066,True,261.0,0.0,0.0,0.0,False,False
42117,"Tioga County, Pennsylvania",PA,12,1780.25,1806.0,75.34421012924615,1559,1833,48.405420697319755,0.134541297003629,-0.02842299587191058,38.15753594971152,0,0,0,274,1806.0,48.93881019200148,LOW,1748,True,-58.0,0.0,0.0,0.0,False,False
27145,"Stearns County, Minnesota",MN,12,1800.6666666666667,1807.0,70.45867045597896,1585,1857,48.22053473729974,0.08628728051180146,-0.04883477358831214,39.651651560491715,0,0,0,272,1807.0,48.934955816768905,MEDIUM,1830,True,23.0,0.0,0.0,0.0,False,False
31055,"Douglas County, Nebraska",NE,12,1850.0833333333333,1812.5,84.63983409217859,1808,2101,47.70100044787111,0.11516196778584033,-0.0379519531199226,40.45124487528085,0,0,0,293,1808.0,48.92485061769406,MEDIUM,1894,True,86.0,0.0,0.0,0.0,False,False
53035,"Kitsap County, Washington",WA,12,1847.1666666666667,1809.0,215.79275972913265,1686,2517,47.573206880503285,0.11539972127923435,-0.0016603596424724096,40.86170858865796,0,0,0,831,1809.0,48.917168908011384,MEDIUM,1695,True,-114.0,0.0,0.0,0.0,False,False
13217,"Newton County, Georgia",GA,12,1795.4166666666667,1810.0,32.96405296499178,1728,1819,48.246611567005374,0.13429310363263017,0.0010919789235644998,45.14386173167309,0,0,0,91,1810.0,48.9096892237898,LOW,1737,True,-73.0,0.0,0.0,0.0,False,False
12073,"Leon County, Florida",FL,12,1877.75,1815.5,121.10485689532177,1811,2190,47.399266715143824,0.10695186198099897,-0.029271570714975298,42.481427875522535,0,0,0,379,1811.0,48.90861467929142,MEDIUM,2003,True,192.0,0.0,0.0,0.0,False,False
19161,"Sac County, Iowa",IA,12,1762.5,1812.0,108.06942213225719,1536,1831,48.565468524556984,0.1456728597207865,-0.013943961491810984,40.08575871934005,0,0,0,295,1812.0,48.90436916451214,LOW,1545,True,-267.0,0.0,0.0,0.0,False,False
05095,"Monroe County, Arkansas",AR,12,1862.3333333333333,1813.0,94.47879351601831,1799,2057,47.58082631884858,0.13580658676845336,0.009993572034265909,41.34176235480763,0,0,0,258,1813.0,48.87021120635822,MEDIUM,2001,True,188.0,0.0,0.0,0.0,False,False
35043,"Sandoval County, New Mexico",NM,12,1813.75,1814.0,100.38754450084478,1671,2083,48.027839629654174,0.15815478257312815,0.008121643030829616,40.80037969259493,0,0,0,412,1814.0,48.87003462128426,MEDIUM,1680,True,-134.0,0.0,0.0,0.0,False,False
51015,"Augusta County, Virginia",VA,12,1791.8333333333333,1815.0,54.815116251787444,1631,1824,48.28756814119213,0.1437012893248454,-0.0004522604827586418,40.68766111973315,0,0,0,193,1815.0,48.85847173686123,LOW,1767,True,-48.0,0.0,0.0,0.0,False,False
20175,"Seward County, Kansas",KS,12,1822.4166666666667,1816.0,27.70119240404743,1785,1882,48.006820065103845,0.11763746910033106,0.00459246560294685,42.78373040061669,0,0,0,97,1816.0,48.85733073467995,MEDIUM,1882,True,66.0,0.0,0.0,0.0,False,False
53069,"Wahkiakum County, Washington",WA,12,1843.9166666666667,1817.0,113.29162556977644,1582,2028,47.80645901410697,0.1174584469526088,-0.04774445261149283,21.53652609599502,0,0,0,446,1817.0,48.84632289760919,LOW,2028,True,211.0,0.0,0.0,0.0,False,False
08103,"Rio Blanco County, Colorado",CO,12,1853.0833333333333,1822.5,100.40233457384736,1818,2171,47.656725006426974,0.10606768045042515,-0.01626063417759899,38.06192892467037,0,0,0,353,1818.0,48.837742068447675,LOW,1841,True,23.0,0.0,0.0,0.0,False,False
29153,"Ozark County, Missouri",MO,12,1843.1666666666667,1819.0,74.2095721996873,1787,2004,47.79811631959533,0.18541530837778397,0.04283629226149436,44.350242984678154,0,0,0,217,1819.0,48.83381948846837,MEDIUM,2004,True,185.0,0.0,0.0,0.0,False,False
34009,"Cape May County, New Jersey",NJ,12,1733.4166666666667,1820.0,164.5133088472747,1285,1829,48.82081863835439,0.22242847953428913,0.03220231439688181,39.65996704131253,0,0,0,544,1820.0,48.82460633170712,MEDIUM,1602,True,-218.0,0.0,0.0,0.0,False,False
13101,"Echols County, Georgia",GA,12,1829.9166666666667,1821.0,51.554839880960856,1716,1923,47.912034844072615,0.1210236482855307,0.00798634675875977,40.40487155524676,0,0,0,207,1821.0,48.79205168805523,HIGH,1923,True,102.0,0.0,0.0,0.0,False,False
20123,"Mitchell County, Kansas",KS,12,1853.1666666666667,1822.0,73.9051398548822,1784,2020,47.673850727103996,0.13217344478796383,0.016039590305796544,40.325543440160246,0,0,0,236,1822.0,48.78477092726661,HIGH,1948,True,126.0,0.0,0.0,0.0,False,False
29173,"Ralls County, Missouri",MO,12,1773.6666666666667,1823.0,267.7982053485027,937,1955,48.40561491888949,0.16801603087133818,-0.01834302666968019,37.18858898639608,0,0,0,1018,1823.0,48.76066097867816,MEDIUM,1955,True,132.0,0.0,0.0,0.0,False,False
20189,"Stevens County, Kansas",KS,12,1817.0,1824.0,74.88293894776398,1688,1990,47.98637874828787,0.13251113868744788,-0.013733682738776133,38.80649187664831,0,0,0,302,1824.0,48.75389201521149,LOW,1697,True,-127.0,0.0,0.0,0.0,False,False
38041,"Hettinger County, North Dakota",ND,12,1791.8333333333333,1825.0,51.98921799641525,1716,1834,48.25701579339374,0.1051986366832966,0.10045222116798103,55.239086473216325,0,0,0,118,1825.0,48.70555209154754,MEDIUM,1732,True,-93.0,0.0,0.0,0.0,False,False
56023,"Lincoln County, Wyoming",WY,12,1848.4166666666667,1826.0,72.35324750308322,1774,2000,47.71088639958348,0.14986669679971074,0.03570540102587285,45.20371278915356,0,0,0,226,1826.0,48.70073573379143,HIGH,2000,True,174.0,0.0,0.0,0.0,False,False
05079,"Lincoln County, Arkansas",AR,12,1801.9166666666667,1827.0,44.408144898580616,1711,1836,48.1566852537706,0.12183500474659636,0.006560837209969417,41.952679846623866,0,0,0,125,1827.0,48.70018279345716,MEDIUM,1720,True,-107.0,0.0,0.0,0.0,False,False
13011,"Banks County, Georgia",GA,12,1850.5833333333333,1828.0,86.84307512386752,1713,2027,47.6984986270354,0.17976515630247114,0.0030398882473498916,41.42682562193169,0,0,0,314,1828.0,48.67804207079644,MEDIUM,2027,True,199.0,0.0,0.0,0.0,False,False
25021,"Norfolk County, Massachusetts",MA,12,1773.8333333333333,1829.0,112.11182188360247,1560,1850,48.400863240105224,0.1344224442835697,-0.037047239572147866,38.66651168014563,0,0,0,290,1829.0,48.6764279305837,LOW,1569,True,-260.0,0.0,0.0,0.0,False,False
48303,"Lubbock County, Texas",TX,12,1829.75,1830.0,121.1453859849996,1635,2123,47.79850403817082,0.10071735894289795,-0.026693813214581932,42.1998151513665,0,0,0,488,1830.0,48.64564379874825,LOW,1644,True,-186.0,0.0,0.0,0.0,False,False
37115,"Madison County, North Carolina",NC,12,1819.4166666666667,1831.0,20.438192115979763,1782,1840,47.99745197429255,0.1365977760814718,0.006316027199606076,38.72491490872953,0,0,0,58,1831.0,48.64531700734298,MEDIUM,1791,True,-40.0,0.0,0.0,0.0,False,False
15003,"Honolulu County, Hawaii",HI,12,1880.0,1832.0,250.28347564675173,1720,2664,47.1397128620706,0.11534739621678648,0.015957198730270076,46.21208690261523,0,0,0,944,1832.0,48.63707081975788,MEDIUM,1729,True,-103.0,0.0,0.0,0.0,False,False
27039,"Dodge County, Minnesota",MN,12,1858.3333333333333,1833.0,58.50304317389022,1787,1982,47.59017789107046,0.1180037667263533,-0.0350553479736901,40.379568204133854,0,0,0,195,1833.0,48.62320288748577,MEDIUM,1982,True,149.0,0.0,0.0,0.0,False,False
31121,"Merrick County, Nebraska",NE,12,1839.8333333333333,1834.0,43.318762118915146,1738,1915,47.79483228047531,0.17590111186794619,-0.016180112756007923,37.74293850722319,0,0,0,177,1834.0,48.61965436186698,MEDIUM,1915,True,81.0,0.0,0.0,0.0,False,False
19019,"Buchanan County, Iowa",IA,12,1807.75,1835.0,128.0689622465533,1404,1876,48.097052608993806,0.12606958235468116,-0.04968873757183104,40.1602347266856,0,0,0,472,1835.0,48.61369650882892,MEDIUM,1846,True,11.0,0.0,0.0,0.0,False,False
31019,"Buffalo County, Nebraska",NE,12,1809.1666666666667,1836.0,101.33816774751871,1488,1849,48.09968060706036,0.12275038625077576,-0.020915519262321273,39.54267443085176,0,0,0,361,1836.0,48.58917752920451,LOW,1836,True,0.0,0.0,0.0,0.0,False,False
22045,"Iberia Parish, Louisiana",LA,12,1842.8333333333333,1837.0,26.713406009082036,1823,1925,47.76172907760576,0.04765197317810229,0.0036736201023596666,39.913924885435655,0,0,0,102,1837.0,48.588267987006255,MEDIUM,1842,True,5.0,0.0,0.0,0.0,False,False
31103,"Keya Paha County, Nebraska",NE,12,1869.8333333333333,1838.0,73.31480482181351,1808,2050,47.4852326380591,0.1594307290762151,0.018080727820216098,40.14830772534837,0,0,0,242,1838.0,48.588255728919634,HIGH,1953,True,115.0,0.0,0.0,0.0,False,False
19119,"Lyon County, Iowa",IA,12,1784.9166666666667,1839.0,120.80823145745818,1452,1854,48.28478672485496,0.14339098453389507,-0.027999978407178484,39.14494236366471,0,0,0,402,1839.0,48.56552035230344,LOW,1693,True,-146.0,0.0,0.0,0.0,False,False
36031,"Essex County, New York",NY,12,1827.9166666666667,1840.0,55.761600233548336,1679,1896,47.93484553984098,0.1957298685693174,0.04187741990071964,42.086378510421554,0,0,0,217,1840.0,48.564529674511064,MEDIUM,1896,True,56.0,0.0,0.0,0.0,False,False
31079,"Hall County, Nebraska",NE,12,1795.8333333333333,1841.0,112.75059631636975,1503,1886,48.20507901586376,0.1510154315228044,-0.024016946474280793,39.802597090421195,0,0,0,383,1841.0,48.54443556470632,LOW,1694,True,-147.0,0.0,0.0,0.0,False,False
40041,"Delaware County, Oklahoma",OK,12,1827.4166666666667,1842.0,100.38694077811056,1535,1939,47.92090569961382,0.1491282632349263,0.02281019017291189,43.31494967538523,0,0,0,404,1842.0,48.540185008647,HIGH,1939,True,97.0,0.0,0.0,0.0,False,False
38077,"Richland County, North Dakota",ND,12,1841.0,1843.0,10.339685242263945,1819,1852,47.791135218909425,0.08447797075349778,-0.010152606248689341,40.76152028454282,0,0,0,33,1843.0,48.54010844381841,LOW,1834,True,-9.0,0.0,0.0,0.0,False,False
40141,"Tillman County, Oklahoma",OK,12,1907.75,1844.0,135.87770236503118,1820,2193,47.134130697083556,0.1344623337964534,0.02930295721301374,43.66078432781509,0,0,0,373,1844.0,48.531594598741826,MEDIUM,2193,True,349.0,0.0,0.0,0.0,False,False
47093,"Knox County, Tennessee",TN,12,1796.4166666666667,1845.0,100.98556002386351,1532,1854,48.20247067814076,0.15457018200350803,-0.007439483620960058,42.834666848317106,0,0,0,322,1845.0,48.53051612126245,LOW,1704,True,-141.0,0.0,0.0,0.0,False,False
27091,"Martin County, Minnesota",MN,12,1801.5833333333333,1846.0,112.79301907261438,1491,1884,48.169551586783605,0.1455027947288479,-0.010502959466532583,38.226429478926434,0,0,0,393,1846.0,48.52620344939321,LOW,1719,True,-127.0,0.0,0.0,0.0,False,False
23009,"Hancock County, Maine",ME,12,1841.6666666666667,1847.0,48.93099655885239,1755,1953,47.765684660301666,0.1883475769409035,-0.013583298977220474,38.9623072090161,0,0,0,198,1847.0,48.5224998997869,LOW,1764,True,-83.0,0.0,0.0,0.0,False,False
49029,"Morgan County, Utah",UT,12,1802.5,1848.0,123.1942294988616,1416,1857,48.17409111142809,0.11534403881269688,-0.002250262555216867,42.443080191296445,0,0,0,441,1848.0,48.520611198311784,LOW,1804,True,-44.0,0.0,0.0,0.0,False,False
21125,"Laurel County, Kentucky",KY,12,1810.8333333333333,1849.0,146.7835966394891,1345,1863,48.0725234913952,0.13917107739720616,-0.005946142639573983,40.96894639840922,0,0,0,518,1849.0,48.51677941130277,MEDIUM,1863,True,14.0,0.0,0.0,0.0,False,False
49023,"Juab County, Utah",UT,12,1872.0833333333333,1850.0,60.599217416689065,1840,2059,47.49412959838879,0.09515320990348748,-0.009143572899344008,43.17760418783988,0,0,0,219,1850.0,48.5127248283715,MEDIUM,1888,True,38.0,0.0,0.0,0.0,False,False
37179,"Union County, North Carolina",NC,12,1822.9166666666667,1851.0,54.38492159569321,1726,1860,47.973660802432164,0.17158614641795958,0.002365623612151933,42.661896964224155,0,0,0,134,1851.0,48.51182610986505,LOW,1741,True,-110.0,0.0,0.0,0.0,False,False
31101,"Keith County, Nebraska",NE,12,1877.4166666666667,1852.0,64.51421032093114,1846,2075,47.442165540148814,0.1351772234638691,-0.006233702808034741,40.406398731104126,0,0,0,229,1852.0,48.51090083224884,MEDIUM,1899,True,47.0,0.0,0.0,0.0,False,False
19131,"Mitchell County, Iowa",IA,12,1840.6666666666667,1853.0,81.74609619073101,1682,1991,47.77183788485643,0.16202391006700065,-0.03078823634114693,39.490758126663366,0,0,0,309,1853.0,48.50602344643756,LOW,1691,True,-162.0,0.0,0.0,0.0,False,False
27171,"Wright County, Minnesota",MN,12,1859.3333333333333,1854.0,21.92687571880408,1834,1924,47.63519121459304,0.08872670624357358,-0.011540199907317366,40.684167102932165,0,0,0,90,1854.0,48.50357927565939,LOW,1843,True,-11.0,0.0,0.0,0.0,False,False
27123,"Ramsey County, Minnesota",MN,12,1878.5,1859.5,47.400613728286054,1855,2023,47.4529078525843,0.11669444457563337,-0.05667944130989877,38.218707324918576,0,0,0,168,1855.0,48.503396210396104,MEDIUM,1878,True,23.0,0.0,0.0,0.0,False,False
21121,"Knox County, Kentucky",KY,12,1836.75,1856.0,48.96961024219742,1730,1885,47.85915331089317,0.14487449827361967,0.020206080731275392,39.91488152015744,0,0,0,155,1856.0,48.50134059656342,MEDIUM,1739,True,-117.0,0.0,0.0,0.0,False,False
46025,"Clark County, South Dakota",SD,12,1899.5833333333333,1857.0,195.1332683686778,1810,2516,47.114527101209,0.10169361152693868,0.006115971381235599,41.98505614232739,0,0,0,706,1857.0,48.48780202644701,MEDIUM,1819,True,-38.0,0.0,0.0,0.0,False,False
27101,"Murray County, Minnesota",MN,12,1832.3333333333333,1858.0,53.486333570248405,1734,1870,47.90664140274536,0.16288524106075927,-0.01712834329288744,39.55240518895093,0,0,0,136,1858.0,48.486207753898704,LOW,1743,True,-115.0,0.0,0.0,0.0,False,False
41051,"Multnomah County, Oregon",OR,12,1908.5,1859.0,184.87268346326638,1799,2489,47.03384120754051,0.07814883458330824,-0.044035317233738,40.02208578136336,0,0,0,690,1859.0,48.46765056685989,LOW,1808,True,-51.0,0.0,0.0,0.0,False,False
22079,"Rapides Parish, Louisiana",LA,12,1874.5,1860.0,44.73253849269014,1806,1968,47.488651549152785,0.05233221456055304,-0.022319359501248425,40.10840896941684,0,0,0,162,1860.0,48.45988841737935,MEDIUM,1968,True,108.0,0.0,0.0,0.0,False,False
19047,"Crawford County, Iowa",IA,12,1875.6666666666667,1865.5,26.47239843285603,1861,1955,47.49714246940578,0.12009690712152914,-0.03347782366897494,40.67267258179323,0,0,0,94,1861.0,48.45934942738523,MEDIUM,1884,True,23.0,0.0,0.0,0.0,False,False
37047,"Columbus County, North Carolina",NC,12,1834.1666666666667,1862.0,43.93555887129847,1722,1871,47.928733384916946,0.16823973040778017,0.042617778604418094,43.18947334537819,0,0,0,149,1862.0,48.45449379340044,MEDIUM,1827,True,-35.0,0.0,0.0,0.0,False,False
29171,"Putnam County, Missouri",MO,12,1895.0,1863.0,87.3082314144965,1807,2083,47.294410034808266,0.13504481462637163,-0.01549043832683991,37.331664475404494,0,0,0,276,1863.0,48.42521586453155,LOW,2083,True,220.0,0.0,0.0,0.0,False,False
37037,"Chatham County, North Carolina",NC,12,1861.5833333333333,1864.0,31.099425114047428,1781,1908,47.62205621536925,0.19752012196105448,0.01568427908299889,41.49876672594638,0,0,0,127,1864.0,48.40546432322617,HIGH,1908,True,44.0,0.0,0.0,0.0,False,False
48179,"Gray County, Texas",TX,12,1856.1666666666667,1865.0,16.202319325181563,1813,1874,47.68031609464271,0.10326968054869429,0.018339619041519633,41.11280379166237,0,0,0,61,1865.0,48.405412760987886,MEDIUM,1855,True,-10.0,0.0,0.0,0.0,False,False
48183,"Gregg County, Texas",TX,12,1878.0833333333333,1866.0,48.46265353732487,1856,2031,47.44852808990196,0.07549582401713453,-0.005079198817443957,38.92443582672805,0,0,0,175,1866.0,48.404678220217114,LOW,1866,True,0.0,0.0,0.0,0.0,False,False
05061,"Howard County, Arkansas",AR,12,1860.3333333333333,1867.0,29.14020444594569,1801,1913,47.641115102779416,0.16426806594779722,-0.010997132121363641,41.84918311133649,0,0,0,112,1867.0,48.40155807126197,LOW,1810,True,-57.0,0.0,0.0,0.0,False,False
51630,"Fredericksburg city, Virginia",VA,12,1865.9166666666667,1868.0,154.12713661916982,1411,2022,47.5927481347998,0.1297895397082844,-0.04462108535799911,36.653762868640214,0,0,0,611,1868.0,48.39610566394588,MEDIUM,2022,True,154.0,0.0,0.0,0.0,False,False
29151,"Osage County, Missouri",MO,12,1807.6666666666667,1869.0,175.42744334564046,1255,1878,48.1221191343456,0.1368302862921961,-0.009217433454823834,37.35265685006652,0,0,0,623,1869.0,48.35477430055698,LOW,1817,True,-52.0,0.0,0.0,0.0,False,False
53049,"Pacific County, Washington",WA,12,1910.25,1870.0,200.84373165586857,1813,2543,47.00159534194004,0.12590883398960867,0.03407577119840392,42.397758523553534,0,0,0,730,1870.0,48.353577200485574,MEDIUM,1832,True,-38.0,0.0,0.0,0.0,False,False
28115,"Pontotoc County, Mississippi",MS,12,1871.9166666666667,1871.0,93.77192672876164,1596,1966,47.524507575576955,0.09870327322858428,-0.03451936920006406,42.9747381518554,0,0,0,370,1871.0,48.34074112429914,MEDIUM,1966,True,95.0,0.0,0.0,0.0,False,False
51025,"Brunswick County, Virginia",VA,12,1894.0833333333333,1872.0,61.54445301543995,1837,2025,47.308191007279724,0.17692275467254673,0.020872102488699584,39.67550758095666,0,0,0,188,1872.0,48.321278782193716,MEDIUM,2025,True,153.0,0.0,0.0,0.0,False,False
08099,"Prowers County, Colorado",CO,12,1948.9166666666667,1873.0,186.99463207333633,1842,2502,46.613824425215164,0.09791701274976844,0.0031217543361495253,42.39585493099304,0,0,0,660,1873.0,48.31774623443802,MEDIUM,2045,True,172.0,0.0,0.0,0.0,False,False
47007,"Bledsoe County, Tennessee",TN,12,1861.0833333333333,1874.0,42.5044560943766,1727,1883,47.6326337400439,0.17562147224418997,0.011582938292252142,43.572255380631894,0,0,0,156,1874.0,48.307204624483155,MEDIUM,1870,True,-4.0,0.0,0.0,0.0,False,False
50011,"Franklin County, Vermont",VT,12,1873.1666666666667,1875.0,64.37226016529073,1685,1947,47.51062687036609,0.1321138829991603,-0.011592831726314208,38.14486325433688,0,0,0,262,1875.0,48.28028362613011,MEDIUM,1947,True,72.0,0.0,0.0,0.0,False,False
01035,"Conecuh County, Alabama",AL,12,1875.9166666666667,1876.0,134.87466123191646,1499,2050,47.47754967125007,0.11236838101752306,0.0006452756721875078,39.521926058992165,0,0,0,551,1876.0,48.27297662548606,MEDIUM,2050,True,174.0,0.0,0.0,0.0,False,False
36005,"Bronx County, New York",NY,12,1908.4166666666667,1877.0,104.57312216237918,1776,2128,47.16505778073681,0.1507281364027757,0.0037592339766613914,39.16707529864638,0,0,0,352,1877.0,48.27140444762238,MEDIUM,2128,True,251.0,0.0,0.0,0.0,False,False
56045,"Weston County, Wyoming",WY,12,1922.0833333333333,1880.5,76.97987733915608,1878,2069,47.003509808406996,0.16659023458492958,-0.01882150781380405,39.22136696261845,0,0,0,191,1878.0,48.26926021921462,LOW,2069,True,191.0,0.0,0.0,0.0,False,False
19093,"Ida County, Iowa",IA,12,1824.0,1879.0,150.83946915361858,1359,1893,47.984228771039284,0.17154898010633024,-0.026745831087984933,39.40417966468901,0,0,0,534,1879.0,48.267160691934095,LOW,1795,True,-84.0,0.0,0.0,0.0,False,False
56003,"Big Horn County, Wyoming",WY,12,1866.0,1880.0,117.20843903839935,1504,1957,47.5861930941866,0.13231282506954037,-0.016565330390864424,39.80765517578485,0,0,0,453,1880.0,48.26450317686931,MEDIUM,1957,True,77.0,0.0,0.0,0.0,False,False
13271,"Telfair County, Georgia",GA,12,1925.25,1881.0,103.72965298838567,1827,2120,46.97739226848304,0.17196289473727275,0.026423197202126474,45.17459401312496,0,0,0,293,1881.0,48.22320019898093,MEDIUM,2120,True,239.0,0.0,0.0,0.0,False,False
28067,"Jones County, Mississippi",MS,12,1869.4166666666667,1882.0,120.71187207812685,1501,1976,47.533022050160476,0.08574274418920448,-0.029746826489858064,43.175752131526174,0,0,0,475,1882.0,48.22075039242664,MEDIUM,1976,True,94.0,0.0,0.0,0.0,False,False
46065,"Hughes County, South Dakota",SD,12,1890.9166666666667,1883.0,94.02655169813696,1762,2146,47.28814607979975,0.07745636924396797,-0.0414747801806827,40.42268462201259,0,0,0,384,1883.0,48.21676835951587,LOW,1771,True,-112.0,0.0,0.0,0.0,False,False
29067,"Douglas County, Missouri",MO,12,1901.5833333333333,1884.0,113.9700585347934,1699,2122,47.247535692658595,0.1664748972659388,0.04468756855368134,48.35182023170214,0,0,0,423,1884.0,48.21633374954854,MEDIUM,2122,True,238.0,0.0,0.0,0.0,False,False
51600,"Fairfax city, Virginia",VA,12,1850.75,1885.0,228.33751931575486,1148,2038,47.69081731113488,0.1599217025967941,-0.017445226679626176,35.68098720796417,0,0,0,890,1885.0,48.21439232064559,LOW,2038,True,153.0,0.0,0.0,0.0,False,False
42081,"Lycoming County, Pennsylvania",PA,12,1845.0,1886.0,142.0761639531289,1398,1914,47.788207173102926,0.1281174588491031,-0.03606424564741307,37.27023925888409,0,0,0,516,1886.0,48.21193395683268,MEDIUM,1856,True,-30.0,0.0,0.0,0.0,False,False
45001,"Abbeville County, South Carolina",SC,12,1932.9166666666667,1887.0,131.13175770494303,1867,2340,46.8088557552315,0.14862537932763567,-0.013059352294749834,40.94991018475539,0,0,0,473,1887.0,48.17168218448474,MEDIUM,1956,True,69.0,0.0,0.0,0.0,False,False
20109,"Logan County, Kansas",KS,12,1911.0833333333333,1888.0,94.48853545977589,1848,2207,47.07051937086061,0.12106383745145978,0.000724595247203153,43.23937758509899,0,0,0,359,1888.0,48.1521018953285,LOW,1857,True,-31.0,0.0,0.0,0.0,False,False
29057,"Dade County, Missouri",MO,12,1865.0,1889.0,109.59263412540761,1527,1951,47.5875464174703,0.19716085444574574,0.016889984328805067,43.566549857700956,0,0,0,424,1889.0,48.15029442830455,HIGH,1951,True,62.0,0.0,0.0,0.0,False,False
28089,"Madison County, Mississippi",MS,12,1927.75,1894.5,56.197905169628456,1890,2044,46.947206166031265,0.11584988148316828,-0.04186821848291707,43.00634601881632,0,0,0,154,1890.0,48.12465480333525,MEDIUM,2044,True,154.0,0.0,0.0,0.0,False,False
50027,"Windsor County, Vermont",VT,12,1897.3333333333333,1891.0,62.95501039101919,1843,2089,47.22457107701184,0.16336432959971525,0.0020356706631865667,39.93690882709325,0,0,0,246,1891.0,48.111108752597374,MEDIUM,1852,True,-39.0,0.0,0.0,0.0,False,False
37109,"Lincoln County, North Carolina",NC,12,1886.3333333333333,1892.0,56.68145974468083,1712,1934,47.357291918072555,0.1377145255473909,-0.009218468675086666,41.055989875963945,0,0,0,222,1892.0,48.10152048869246,MEDIUM,1934,True,42.0,0.0,0.0,0.0,False,False
13231,"Pike County, Georgia",GA,12,1868.1666666666667,1893.0,91.12911253554022,1579,1902,47.558526728465495,0.12769015966793798,-0.009668594760522058,41.59055889053994,0,0,0,323,1893.0,48.09819753437291,MEDIUM,1897,True,4.0,0.0,0.0,0.0,False,False
13067,"Cobb County, Georgia",GA,12,1871.3333333333333,1894.0,143.48730278531983,1428,1986,47.49519567879722,0.16943683539335871,-0.021554985395096014,42.00925978107903,0,0,0,558,1894.0,48.092446003293965,MEDIUM,1986,True,92.0,0.0,0.0,0.0,False,False
20081,"Haskell County, Kansas",KS,12,1923.75,1895.0,162.4785999894923,1785,2422,46.87837524447924,0.12596988758875274,-0.013492819481276107,39.147850373458326,0,0,0,637,1895.0,48.06961831033759,LOW,1794,True,-101.0,0.0,0.0,0.0,False,False
47099,"Lawrence County, Tennessee",TN,12,1904.8333333333333,1896.0,35.64428637965909,1871,2010,47.15800926049087,0.1682685922607506,0.011675743741978066,45.08449274535811,0,0,0,139,1896.0,48.06866381588793,HIGH,1917,True,21.0,0.0,0.0,0.0,False,False
13247,"Rockdale County, Georgia",GA,12,1905.3333333333333,1897.0,38.37454964694783,1841,1984,47.17690587675357,0.13822235307879144,0.005691948331734468,44.29552864250193,0,0,0,143,1897.0,48.06514029114311,HIGH,1984,True,87.0,0.0,0.0,0.0,False,False
46045,"Edmunds County, South Dakota",SD,12,1898.8333333333333,1898.0,137.3216749979494,1704,2266,47.1607571082632,0.09210562416712786,-0.011444991986546249,37.60649931104081,0,0,0,562,1898.0,48.06492137248436,LOW,1713,True,-185.0,0.0,0.0,0.0,False,False
37199,"Yancey County, North Carolina",NC,12,1899.5,1899.0,60.20797289396145,1757,1999,47.24092310532793,0.1595668161973314,0.001631755567467275,40.18141043623004,0,0,0,242,1899.0,48.05887374389184,HIGH,1999,True,100.0,0.0,0.0,0.0,False,False
19001,"Adair County, Iowa",IA,12,1885.5,1900.0,58.3383547622286,1734,1951,47.384560837574476,0.126645277240775,-0.0451626191222225,39.8068364284184,0,0,0,217,1900.0,48.04988272498136,MEDIUM,1845,True,-55.0,0.0,0.0,0.0,False,False
30053,"Lincoln County, Montana",MT,12,1849.5833333333333,1901.0,156.42800163963517,1354,1910,47.72564572460514,0.2064027719999045,0.03323689201156064,44.987018900625365,0,0,0,556,1901.0,48.0408816552049,MEDIUM,1886,True,-15.0,0.0,0.0,0.0,False,False
19055,"Delaware County, Iowa",IA,12,1886.75,1902.0,133.19508931706838,1479,1997,47.35142108200548,0.12231778438584145,-0.07893086539211903,37.31417470272691,0,0,0,518,1902.0,48.034561562283926,MEDIUM,1927,True,25.0,0.0,0.0,0.0,False,False
37089,"Henderson County, North Carolina",NC,12,1872.6666666666667,1903.0,123.13653422362539,1483,1933,47.50470512212721,0.19545003792745033,0.012840257848236126,39.83067148711907,0,0,0,450,1903.0,48.024068731843485,MEDIUM,1933,True,30.0,0.0,0.0,0.0,False,False
13081,"Crisp County, Georgia",GA,12,1848.5833333333333,1904.0,174.75201043626126,1297,1915,47.72885062976011,0.14069869836396404,-0.003769314229946858,39.52638059355918,0,0,0,618,1904.0,48.02358394485792,LOW,1864,True,-40.0,0.0,0.0,0.0,False,False
48017,"Bailey County, Texas",TX,12,1896.3333333333333,1905.0,132.27061333310266,1679,2213,47.19905999907929,0.07344803744272667,-0.010788341973388542,39.041278228259486,0,0,0,534,1905.0,48.01878409616182,LOW,1688,True,-217.0,0.0,0.0,0.0,False,False
28139,"Tippah County, Mississippi",MS,12,1870.0833333333333,1906.0,99.61878093588334,1557,1915,47.55903946703574,0.10341957500991274,0.0007112103852069586,40.06511829444757,0,0,0,358,1906.0,48.01146761364944,LOW,1875,True,-31.0,0.0,0.0,0.0,False,False
27077,"Lake of the Woods County, Minnesota",MN,12,1890.5833333333333,1907.0,67.69645933178928,1751,1994,47.31880476468166,0.13603152252244494,-0.022828484497961255,36.24960648119496,0,0,0,243,1907.0,48.00455931542273,LOW,1760,True,-147.0,0.0,0.0,0.0,False,False
47091,"Johnson County, Tennessee",TN,12,1871.3333333333333,1908.0,69.53917579103862,1741,1917,47.532808119521114,0.1643077019301329,0.0019584630443604833,37.810592241279295,0,0,0,176,1908.0,47.99426226654718,LOW,1750,True,-158.0,0.0,0.0,0.0,False,False
41005,"Clackamas County, Oregon",OR,12,1923.1666666666667,1909.0,80.64042899116288,1839,2163,46.97583535682592,0.1219959152124545,-0.03309569665881359,40.36950883529127,0,0,0,324,1909.0,47.96464723726317,MEDIUM,1848,True,-61.0,0.0,0.0,0.0,False,False
13309,"Wheeler County, Georgia",GA,12,1938.5,1910.0,76.19532316833678,1882,2104,46.853238157382485,0.14847138535044654,0.021498004079217457,40.258209664977805,0,0,0,222,1910.0,47.95517299106389,MEDIUM,2104,True,194.0,0.0,0.0,0.0,False,False
53021,"Franklin County, Washington",WA,12,1937.4166666666667,1911.0,96.79825161205918,1874,2240,46.822782547313324,0.09041796499942513,-0.023673024790460382,40.84980904530019,0,0,0,366,1911.0,47.940499594585965,LOW,1883,True,-28.0,0.0,0.0,0.0,False,False
01083,"Limestone County, Alabama",AL,12,1910.3333333333333,1912.0,34.019602192461534,1828,1965,47.14408948705931,0.18012273545783822,0.0032100769248949754,45.920982005908776,0,0,0,137,1912.0,47.937385102223985,HIGH,1965,True,53.0,0.0,0.0,0.0,False,False
06033,"Lake County, California",CA,12,1942.6666666666667,1913.0,136.4133646700574,1871,2373,46.72475674399351,0.08728605077505726,-0.009834225713944416,41.07187534904705,0,0,0,502,1913.0,47.9270314049079,LOW,1880,True,-33.0,0.0,0.0,0.0,False,False
19037,"Chickasaw County, Iowa",IA,12,1916.5833333333333,1914.0,99.31168413666444,1749,2137,47.02449980260897,0.14768453632890452,-0.057046322463051254,38.59773585567433,0,0,0,388,1914.0,47.92322883552614,LOW,1758,True,-156.0,0.0,0.0,0.0,False,False
01123,"Tallapoosa County, Alabama",AL,12,1952.8333333333333,1915.0,70.19561412527314,1909,2088,46.720413325302616,0.13832818866853477,-0.01956051227984871,40.62389933520002,0,0,0,179,1915.0,47.91974709829721,MEDIUM,2088,True,173.0,0.0,0.0,0.0,False,False
30071,"Phillips County, Montana",MT,12,1928.0,1916.0,88.26715645748936,1736,2086,46.9831893238505,0.1598908067433074,0.018908876620994566,43.227145688654524,0,0,0,350,1916.0,47.91169393617017,MEDIUM,2086,True,170.0,0.0,0.0,0.0,False,False
47043,"Dickson County, Tennessee",TN,12,1915.5,1917.0,11.774394406353293,1889,1935,47.10340782231332,0.1504124666634998,-0.023363101960376092,42.221853698779384,0,0,0,46,1917.0,47.91034862469362,MEDIUM,1898,True,-19.0,0.0,0.0,0.0,False,False
36021,"Columbia County, New York",NY,12,1923.25,1918.0,42.08892102118182,1877,2009,47.03311859555512,0.15160013460433866,0.020616866882322723,43.63085743734607,0,0,0,132,1918.0,47.904016800943936,HIGH,2009,True,91.0,0.0,0.0,0.0,False,False
48433,"Stonewall County, Texas",TX,12,1924.3333333333333,1919.0,109.70152342800095,1817,2251,46.966976374633255,0.09737795804420506,0.035151867029017646,37.07564403133881,0,0,0,434,1919.0,47.88597526214423,LOW,1826,True,-93.0,0.0,0.0,0.0,False,False
21215,"Spencer County, Kentucky",KY,12,1915.5,1920.0,135.13124932988129,1526,2075,47.11935125133784,0.12473451853540966,-0.03342392543121143,38.894054439176145,0,0,0,549,1920.0,47.8851997532817,MEDIUM,2075,True,155.0,0.0,0.0,0.0,False,False
13239,"Quitman County, Georgia",GA,12,1915.0833333333333,1921.0,30.00744857026287,1830,1950,47.11587791803081,0.16286192251815176,0.030751156566694623,40.67263110554464,0,0,0,120,1921.0,47.88055258856959,MEDIUM,1950,True,29.0,0.0,0.0,0.0,False,False
19073,"Greene County, Iowa",IA,12,1892.9166666666667,1922.0,101.7005035594339,1573,1942,47.36017746178218,0.18180224266610448,-0.0158889149536465,41.185209393108906,0,0,0,369,1922.0,47.87947663207439,LOW,1902,True,-20.0,0.0,0.0,0.0,False,False
30039,"Granite County, Montana",MT,12,1916.1666666666667,1923.0,122.84863808275554,1617,2105,47.101956160502844,0.19233284517847946,0.03059695506559076,45.19272964527451,0,0,0,488,1923.0,47.869103519885655,MEDIUM,2105,True,182.0,0.0,0.0,0.0,False,False
53061,"Snohomish County, Washington",WA,12,1981.0833333333333,1924.0,141.15462722801118,1913,2409,46.36826309552811,0.1426128429730948,-0.0006895749729533839,40.396243036544575,0,0,0,496,1924.0,47.85999455591569,HIGH,2035,True,111.0,0.0,0.0,0.0,False,False
41029,"Jackson County, Oregon",OR,12,1932.5833333333333,1925.0,19.910976111104382,1905,1974,46.9410973124107,0.1055201678233229,-0.027810475473958155,40.116986217696336,0,0,0,69,1925.0,47.858508404737265,LOW,1914,True,-11.0,0.0,0.0,0.0,False,False
29139,"Montgomery County, Missouri",MO,12,1961.25,1930.5,57.1045691532807,1926,2065,46.65161918424683,0.1296763682350621,-0.0238096625827116,41.12734254786069,0,0,0,139,1926.0,47.857672067368185,MEDIUM,2055,True,129.0,0.0,0.0,0.0,False,False
20147,"Phillips County, Kansas",KS,12,1905.0833333333333,1927.0,53.118150182285966,1793,1968,47.21596120534781,0.10955772090232441,-0.0029354473595373334,40.10714780372618,0,0,0,175,1927.0,47.85615327072303,LOW,1802,True,-125.0,0.0,0.0,0.0,False,False
48479,"Webb County, Texas",TX,12,1916.5,1928.0,96.07336212026152,1743,2122,47.096641881772875,0.07978743452422592,-0.008357779101000908,38.76681730143363,0,0,0,379,1928.0,47.85362235253924,LOW,1752,True,-176.0,0.0,0.0,0.0,False,False
53067,"Thurston County, Washington",WA,12,1936.6666666666667,1929.0,73.7629290156627,1850,2151,46.901429361350615,0.10871417810603275,-0.012779141280864185,41.02995588417273,0,0,0,301,1929.0,47.85184971594034,LOW,1859,True,-70.0,0.0,0.0,0.0,False,False
13301,"Warren County, Georgia",GA,12,1903.0,1930.0,44.609416046390926,1782,1939,47.28130692890466,0.14834303569168097,0.013886471542913526,41.62994132765883,0,0,0,157,1930.0,47.84854591838791,MEDIUM,1892,True,-38.0,0.0,0.0,0.0,False,False
34031,"Passaic County, New Jersey",NJ,12,1877.1666666666667,1931.0,124.0717045856463,1533,1952,47.525534344991165,0.15047542157329677,-0.033198435696177954,37.26471577871342,0,0,0,419,1931.0,47.836868760032594,LOW,1786,True,-145.0,0.0,0.0,0.0,False,False
47097,"Lauderdale County, Tennessee",TN,12,1899.4166666666667,1932.0,108.12993726685194,1569,1975,47.289592693775234,0.19129991169074956,0.03599441367878744,43.41497953518805,0,0,0,406,1932.0,47.80337127635971,MEDIUM,1975,True,43.0,0.0,0.0,0.0,False,False
20181,"Sherman County, Kansas",KS,12,1959.9166666666667,1933.0,49.478109637832105,1927,2047,46.67216486950934,0.15150630993910005,-0.004161270103074508,44.737319378086774,0,0,0,120,1933.0,47.792734380873334,LOW,2047,True,114.0,0.0,0.0,0.0,False,False
31177,"Washington County, Nebraska",NE,12,1929.4166666666667,1934.0,57.62647487102267,1814,2011,46.9605661753401,0.09318549459902921,-0.04346162494720976,37.77691133787319,0,0,0,197,1934.0,47.78325186307384,LOW,1823,True,-111.0,0.0,0.0,0.0,False,False
19153,"Polk County, Iowa",IA,12,1897.25,1935.0,120.20144077188245,1528,1970,47.31828297249,0.12046116683779777,-0.03129266852136388,48.47595200212678,0,0,0,442,1935.0,47.78172913799703,MEDIUM,1877,True,-58.0,0.0,0.0,0.0,False,False
37043,"Clay County, North Carolina",NC,12,1966.0833333333333,1936.0,80.95729326832347,1924,2215,46.572226732780614,0.14141806162517048,0.004136841923001067,40.04631157827485,0,0,0,291,1936.0,47.77922962521193,MEDIUM,1989,True,53.0,0.0,0.0,0.0,False,False
37077,"Granville County, North Carolina",NC,12,1915.0833333333333,1937.0,51.22758194093444,1774,1946,47.15903962316613,0.13516654815174628,-0.018132078463195284,40.46435762169412,0,0,0,172,1937.0,47.77637070071897,LOW,1879,True,-58.0,0.0,0.0,0.0,False,False
19105,"Jones County, Iowa",IA,12,1958.1666666666667,1938.0,43.18424235619734,1878,2023,46.706104568866884,0.15434177059164458,-0.07035815585397205,38.4830333141434,0,0,0,145,1938.0,47.77154781416088,MEDIUM,2023,True,85.0,0.0,0.0,0.0,False,False
35049,"Santa Fe County, New Mexico",NM,12,1924.0833333333333,1939.0,55.78279032972169,1750,1960,47.04612626915317,0.17817133535700613,-0.01461361592335015,39.79606330058608,0,0,0,210,1939.0,47.7453649354889,MEDIUM,1960,True,21.0,0.0,0.0,0.0,False,False
53033,"King County, Washington",WA,12,1938.5833333333333,1940.0,105.3457151334106,1787,2219,46.84752725169589,0.10280210904386168,-0.0027383946973060084,38.98430010319262,0,0,0,432,1940.0,47.71841147522563,LOW,1796,True,-144.0,0.0,0.0,0.0,False,False
02198,"Prince of Wales-Hyder Census Area, Alaska",AK,12,1908.5,1941.0,259.5729009528747,1462,2491,47.00629284889973,0.07523232104269278,0.008729699223394416,37.80933597908154,0,0,0,1029,1941.0,47.68363009932164,LOW,1471,True,-470.0,0.0,0.0,0.0,False,False
13139,"Hall County, Georgia",GA,12,1905.0,1942.0,146.01992392073822,1442,1962,47.20982900217206,0.11990047205802344,-0.02663842027972009,42.367476975760155,0,0,0,520,1942.0,47.67905920444608,LOW,1952,True,10.0,0.0,0.0,0.0,False,False
12103,"Pinellas County, Florida",FL,12,2006.25,1943.0,130.9594836719982,1931,2354,46.13379139684324,0.1693595185140685,0.008652403193041424,45.38128145093301,0,0,0,423,1943.0,47.674875124317566,MEDIUM,2131,True,188.0,0.0,0.0,0.0,False,False
27161,"Waseca County, Minnesota",MN,12,1896.0833333333333,1943.5,152.56799279089446,1413,1952,47.286388460575516,0.1394266055938305,-0.018450709584475918,40.30028342116824,0,0,0,539,1944.0,47.671994064015855,LOW,1921,True,-23.0,0.0,0.0,0.0,False,False
27055,"Houston County, Minnesota",MN,12,1921.75,1944.0,36.476954119254295,1854,1953,47.063521316550975,0.17963158862079107,-0.0060400678068127,37.434377374033176,0,0,0,99,1945.0,47.66180082659697,LOW,1872,True,-73.0,0.0,0.0,0.0,False,False
35028,"Los Alamos County, New Mexico",NM,12,1911.0833333333333,1945.5,68.92348634316873,1770,1954,47.15320956499129,0.13982000628185828,-0.015000729876086867,36.63986093091232,0,0,0,184,1946.0,47.6494617630399,LOW,1779,True,-167.0,0.0,0.0,0.0,False,False
13303,"Washington County, Georgia",GA,12,1943.9166666666667,1946.0,40.70393845883474,1892,2056,46.8298273460664,0.15760907035359037,-0.005953853255796309,41.16053993437309,0,0,0,164,1947.0,47.64701699330679,LOW,1901,True,-46.0,0.0,0.0,0.0,False,False
05091,"Miller County, Arkansas",AR,12,1984.9166666666667,1952.0,73.68293046848943,1947,2146,46.44280038753899,0.10257269401832296,-0.03727149072030154,40.635684188225035,0,0,0,199,1948.0,47.64470263449144,MEDIUM,2146,True,198.0,0.0,0.0,0.0,False,False
28033,"DeSoto County, Mississippi",MS,12,1963.25,1949.0,40.74114516175153,1948,2092,46.62536247206617,0.07303555858127378,-0.034207669889247595,41.711804711428286,0,0,0,144,1949.0,47.63350150007383,MEDIUM,1958,True,9.0,0.0,0.0,0.0,False,False
18087,"LaGrange County, Indiana",IN,12,1922.75,1950.0,80.0694300989063,1675,1961,47.04360455291562,0.13603385684884525,-0.017582963746393843,40.560562000769856,0,0,0,286,1950.0,47.58438511305985,LOW,1913,True,-37.0,0.0,0.0,0.0,False,False
05037,"Cross County, Arkansas",AR,12,1960.5,1951.0,107.1383981756138,1705,2138,46.6927200429437,0.16534735551407023,-0.015832324751014582,39.99749302625608,0,0,0,433,1951.0,47.58171549987632,MEDIUM,2138,True,187.0,0.0,0.0,0.0,False,False
05057,"Hempstead County, Arkansas",AR,12,1961.5,1952.0,68.87208169036013,1796,2076,46.662537181868295,0.1781887084870807,-0.009963354659278424,40.44148119738077,0,0,0,280,1952.0,47.57809362220215,LOW,2076,True,124.0,0.0,0.0,0.0,False,False
48465,"Val Verde County, Texas",TX,12,2007.0,1953.0,144.1690926402995,1946,2455,46.103737864149736,0.06336982010592042,-0.02243435518947402,40.07997272253121,0,0,0,509,1953.0,47.57723610005517,MEDIUM,2033,True,80.0,0.0,0.0,0.0,False,False
31109,"Lancaster County, Nebraska",NE,12,1946.6666666666667,1954.0,21.01658796515197,1909,1967,46.79584824721712,0.10646563253890688,-0.04385483824631158,41.14987685531902,0,0,0,58,1954.0,47.56281417366324,MEDIUM,1918,True,-36.0,0.0,0.0,0.0,False,False
40153,"Woodward County, Oklahoma",OK,12,1945.4166666666667,1955.0,199.1315044401715,1368,2174,46.829007895723926,0.07635229433784135,-0.02946462035012994,36.84048623098193,0,0,0,806,1955.0,47.5542363145709,LOW,2174,True,219.0,0.0,0.0,0.0,False,False
19165,"Shelby County, Iowa",IA,12,1924.4166666666667,1956.0,131.60855065709296,1511,2000,47.000810269481406,0.12885139293199635,-0.0427568528642003,37.54114765258995,0,0,0,489,1956.0,47.5232749836441,LOW,1945,True,-11.0,0.0,0.0,0.0,False,False
55123,"Vernon County, Wisconsin",WI,12,1980.3333333333333,1961.5,37.57739488123953,1957,2069,46.45805340178657,0.15754585353746242,-0.02424943539199385,41.36274415866038,0,0,0,112,1957.0,47.52252604825441,MEDIUM,2029,True,72.0,0.0,0.0,0.0,False,False
02180,"Nome Census Area, Alaska",AK,12,1889.5833333333333,1958.0,264.3508200490516,1362,2311,47.2055429956826,0.0765868975648865,0.005325328122229083,38.325663852132664,0,0,0,949,1958.0,47.501366660659166,LOW,1371,True,-587.0,0.0,0.0,0.0,False,False
56031,"Platte County, Wyoming",WY,12,1987.25,1961.5,46.493645704645395,1958,2085,46.36321443464731,0.15987683550426973,-0.05131296607637032,39.69294633643599,0,0,0,127,1959.0,47.49149862552069,MEDIUM,2085,True,126.0,0.0,0.0,0.0,False,False
01089,"Madison County, Alabama",AL,12,1980.1666666666667,1960.0,69.17018976058367,1917,2180,46.41621337333976,0.1734922552603743,0.0072269824818354915,51.462605050638366,0,0,0,263,1960.0,47.4886805869279,HIGH,2016,True,56.0,0.0,0.0,0.0,False,False
27037,"Dakota County, Minnesota",MN,12,1972.4166666666667,1961.0,40.69723763985892,1928,2088,46.493122738739096,0.0700027675408257,-0.065692628215792,41.5011950513253,0,0,0,160,1961.0,47.47167522088265,MEDIUM,1937,True,-24.0,0.0,0.0,0.0,False,False
08027,"Custer County, Colorado",CO,12,1951.6666666666667,1961.0,37.57255607084739,1896,2038,46.72760842349485,0.1554482979318595,0.037037346144527354,40.13687458539741,0,0,0,142,1962.0,47.461960046400776,MEDIUM,1905,True,-57.0,0.0,0.0,0.0,False,False
48197,"Hardeman County, Texas",TX,12,2020.0833333333333,1963.0,143.01205183374222,1920,2426,45.962615916281095,0.08174250565963338,0.013488375066627685,39.278579828604904,0,0,0,506,1963.0,47.45044401962716,MEDIUM,2119,True,156.0,0.0,0.0,0.0,False,False
13219,"Oconee County, Georgia",GA,12,1876.25,1964.0,214.65664972864755,1231,1975,47.43428804611532,0.19008831083482491,-0.009159650122311984,39.34523704669873,0,0,0,744,1964.0,47.43121091740454,LOW,1793,True,-171.0,0.0,0.0,0.0,False,False
38019,"Cavalier County, North Dakota",ND,12,1949.8333333333333,1965.0,82.50821813980748,1792,2109,46.72825849605332,0.050971279463834916,-0.01094512038729055,39.30389386608785,0,0,0,317,1965.0,47.420237228724446,LOW,1801,True,-164.0,0.0,0.0,0.0,False,False
48487,"Wilbarger County, Texas",TX,12,2007.6666666666667,1967.0,100.86744977564577,1929,2282,46.129241617491935,0.11380277383842974,0.03140411320882876,42.200928070588915,0,0,0,353,1966.0,47.407217128582495,MEDIUM,2093,True,127.0,0.0,0.0,0.0,False,False
37009,"Ashe County, North Carolina",NC,12,1980.5833333333333,1967.5,62.39384925008567,1890,2109,46.46233204377523,0.14667710434462047,-0.00033315261311061655,39.11489753930117,0,0,0,219,1967.0,47.40209869864832,MEDIUM,2109,True,142.0,0.0,0.0,0.0,False,False
38035,"Grand Forks County, North Dakota",ND,12,2010.8333333333333,1973.5,88.61647018403963,1968,2274,46.052787872997435,0.05974017632007564,-0.059557084135491635,40.5450987140396,0,0,0,306,1968.0,47.39028066798957,MEDIUM,2057,True,89.0,0.0,0.0,0.0,False,False
19021,"Buena Vista County, Iowa",IA,12,1965.0833333333333,1970.0,56.54677602470257,1792,2009,46.589516817036326,0.1245635527118073,-0.06117643239608456,39.09004779871212,0,0,0,217,1969.0,47.38619644248851,MEDIUM,1992,True,23.0,0.0,0.0,0.0,False,False
47015,"Cannon County, Tennessee",TN,12,1946.75,1970.0,72.10361862057837,1719,1980,46.785075513942644,0.14774163811147698,-0.01180573914977561,40.912549779920454,0,0,0,261,1970.0,47.36929957375932,LOW,1959,True,-11.0,0.0,0.0,0.0,False,False
45033,"Dillon County, South Carolina",SC,12,1965.0833333333333,1971.0,12.844937689316554,1940,1981,46.59798780078416,0.15826542494204562,0.03862853495361659,43.27351368739544,0,0,0,41,1971.0,47.365389321347365,MEDIUM,1967,True,-4.0,0.0,0.0,0.0,False,False
13025,"Brantley County, Georgia",GA,12,1946.3333333333333,1972.5,202.25651279920993,1344,2153,46.79507231767403,0.14247220346270625,-0.004916086181921642,40.75230151647893,0,0,0,809,1972.0,47.36080786793636,LOW,2153,True,181.0,0.0,0.0,0.0,False,False
21153,"Magoffin County, Kentucky",KY,12,1932.75,1973.5,174.66077511461,1392,2061,46.90222165131045,0.16344163457365601,0.02593725105921932,42.70358012854755,0,0,0,669,1973.0,47.33269928338927,MEDIUM,2061,True,88.0,0.0,0.0,0.0,False,False
27023,"Chippewa County, Minnesota",MN,12,1958.1666666666667,1975.0,92.17851586936509,1773,2106,46.62555775278003,0.12743225095839275,-0.024867918791251633,39.718830643804225,0,0,0,333,1974.0,47.325974167436854,LOW,1782,True,-192.0,0.0,0.0,0.0,False,False
31119,"Madison County, Nebraska",NE,12,1963.25,1976.0,62.2445689489161,1831,2018,46.59741510656489,0.09699519068029151,-0.060600068011822356,37.95515337965642,0,0,0,187,1975.0,47.31542390708691,LOW,1840,True,-135.0,0.0,0.0,0.0,False,False
31153,"Sarpy County, Nebraska",NE,12,2014.5833333333333,1981.5,47.54033375286015,1976,2094,46.07075559090527,0.08845120888650511,-0.07305341277254494,38.41038046694027,0,0,0,118,1976.0,47.29233322658375,MEDIUM,2094,True,118.0,0.0,0.0,0.0,False,False
05117,"Prairie County, Arkansas",AR,12,1987.9166666666667,1978.0,44.86233150293001,1898,2074,46.342134252493985,0.13511850705693174,-0.00848744928008855,43.93698475435496,0,0,0,176,1977.0,47.27613794317233,MEDIUM,2074,True,97.0,0.0,0.0,0.0,False,False
12019,"Clay County, Florida",FL,12,2019.75,1979.0,112.47312810380329,1968,2369,45.95618715665265,0.130736686300546,0.013016273829449409,46.235724383953816,0,0,0,401,1978.0,47.2747915574962,MEDIUM,2041,True,63.0,0.0,0.0,0.0,False,False
13163,"Jefferson County, Georgia",GA,12,1950.6666666666667,1980.0,117.95864709398131,1577,2005,46.729179773139826,0.1376908422603933,-0.004879414645536709,41.79475804454657,0,0,0,428,1979.0,47.268262985391935,MEDIUM,2005,True,26.0,0.0,0.0,0.0,False,False
28029,"Copiah County, Mississippi",MS,12,2018.3333333333333,1981.0,87.96831385461616,1954,2206,46.08498908721675,0.06600957428325767,-0.0027315676645316496,42.050568942258664,0,0,0,252,1980.0,47.2637553959067,MEDIUM,2206,True,226.0,0.0,0.0,0.0,False,False
37031,"Carteret County, North Carolina",NC,12,1946.0833333333333,1981.5,159.96161944969703,1448,2059,46.78584233697098,0.1683967075233531,0.01866812674562195,41.08357497681293,0,0,0,611,1981.0,47.2610269996884,MEDIUM,2059,True,78.0,0.0,0.0,0.0,False,False
31005,"Arthur County, Nebraska",NE,12,2012.3333333333333,1978.5,208.14869393748012,1845,2654,45.886924163263814,0.10106278704458649,-0.011967116569871749,37.26191786608414,0,0,0,809,1982.0,47.2518979927089,LOW,1854,True,-128.0,0.0,0.0,0.0,False,False
47127,"Moore County, Tennessee",TN,12,1948.5,1983.0,106.2103401916987,1623,2011,46.75333635882806,0.148224078075378,-0.022390926980152232,40.59070424417952,0,0,0,388,1983.0,47.25029874196101,LOW,1928,True,-55.0,0.0,0.0,0.0,False,False
21035,"Calloway County, Kentucky",KY,12,1989.8333333333333,1984.0,35.583022850110915,1965,2100,46.31210434626141,0.16649795763621394,0.018702063124426644,51.26913591248885,0,0,0,135,1984.0,47.235288248545096,HIGH,1974,True,-10.0,0.0,0.0,0.0,False,False
01043,"Cullman County, Alabama",AL,12,1963.6666666666667,1985.0,155.84277236038153,1487,2100,46.59663425073057,0.13130399776611856,-0.0075607133529480425,44.62270899723837,0,0,0,613,1985.0,47.22255404420426,MEDIUM,2100,True,115.0,0.0,0.0,0.0,False,False
13113,"Fayette County, Georgia",GA,12,1971.3333333333333,1987.0,76.35721473720893,1731,2018,46.51642153882731,0.11653476257467499,-0.03219218606866699,39.800324290261784,0,0,0,287,1987.0,47.173225921178265,MEDIUM,2018,True,31.0,0.0,0.0,0.0,False,False
13007,"Baker County, Georgia",GA,12,2012.9166666666667,1988.5,53.63421284850549,1988,2132,46.091782465512885,0.12762783447367748,-0.010838439663037458,38.14339597685192,0,0,0,144,1988.0,47.171949994510506,LOW,2132,True,144.0,0.0,0.0,0.0,False,False
48207,"Haskell County, Texas",TX,12,2025.5833333333333,1989.0,153.16506742331256,1941,2508,45.851594510490116,0.0827329768363244,0.02675776610751376,41.97917619932964,0,0,0,567,1989.0,47.16780062052649,MEDIUM,1997,True,8.0,0.0,0.0,0.0,False,False
42131,"Wyoming County, Pennsylvania",PA,12,1988.25,1990.0,70.79949280763374,1775,2049,46.35182088304316,0.11750321051662875,-0.0476300379207216,39.81589081711701,0,0,0,274,1990.0,47.16766454703929,MEDIUM,2049,True,59.0,0.0,0.0,0.0,False,False
30005,"Blaine County, Montana",MT,12,2038.25,1991.0,121.28263384643029,1955,2390,45.778673414341604,0.14434498414340285,0.017125429314248517,41.45739265047135,0,0,0,435,1991.0,47.15421458234611,MEDIUM,2111,True,120.0,0.0,0.0,0.0,False,False
46125,"Turner County, South Dakota",SD,12,1977.1666666666667,1992.0,37.01801363300487,1902,2010,46.452262045704515,0.08801515209036048,-0.01418527158791865,40.86678411401219,0,0,0,108,1992.0,47.14502044248126,LOW,1930,True,-62.0,0.0,0.0,0.0,False,False
19143,"Osceola County, Iowa",IA,12,1996.9166666666667,1993.0,49.87704579232511,1932,2138,46.23074508934045,0.12094079399364609,-0.033090003213818144,41.06607877216996,0,0,0,206,1993.0,47.13940764330986,LOW,1941,True,-52.0,0.0,0.0,0.0,False,False
27005,"Becker County, Minnesota",MN,12,1997.25,1994.0,23.038012067016552,1937,2029,46.261175048470655,0.10379885234254009,-0.03667856187718452,38.74608132251512,0,0,0,92,1994.0,47.135190995108545,LOW,2007,True,13.0,0.0,0.0,0.0,False,False
33011,"Hillsborough County, New Hampshire",NH,12,1980.25,1995.0,60.63621030374498,1853,2045,46.41481575461592,0.13183385674825296,-0.05547166271347381,38.71511665188736,0,0,0,192,1995.0,47.13039818920054,LOW,1862,True,-133.0,0.0,0.0,0.0,False,False
48195,"Hansford County, Texas",TX,12,2008.5,1996.0,158.5814961119074,1860,2486,46.043943537330996,0.08971388346105975,0.02104050303895405,46.76815941173506,0,0,0,626,1996.0,47.11834651023463,MEDIUM,1869,True,-127.0,0.0,0.0,0.0,False,False
46081,"Lawrence County, South Dakota",SD,12,2041.5,1997.0,104.57750496858557,1980,2345,45.73669820000722,0.15256218089689635,-0.020106827489353524,44.21405862879337,0,0,0,365,1997.0,47.115236658306955,MEDIUM,2107,True,110.0,0.0,0.0,0.0,False,False
48357,"Ochiltree County, Texas",TX,12,2046.1666666666667,1998.0,100.68206785658899,1986,2316,45.72302301217019,0.0626690295018674,-0.007949137292403825,44.61273524762217,0,0,0,330,1998.0,47.10892552433604,LOW,2140,True,142.0,0.0,0.0,0.0,False,False
23015,"Lincoln County, Maine",ME,12,1926.5833333333333,1999.0,126.65949939850064,1640,2008,46.98064703366398,0.18187778476601732,0.0015556760539529337,38.776586143483385,0,0,0,368,1999.0,47.1067097478,LOW,1770,True,-229.0,0.0,0.0,0.0,False,False
08023,"Costilla County, Colorado",CO,12,2075.0,2000.0,233.77961650004707,1976,2812,45.16777341566169,0.08023469140840984,-0.016789562970292948,41.710940960512445,0,0,0,836,2000.0,47.102326127928336,LOW,2068,True,68.0,0.0,0.0,0.0,False,False
01117,"Shelby County, Alabama",AL,12,2026.3333333333333,2001.0,44.9005635383411,2001,2115,45.97405688124627,0.15688638055291662,-0.03769759702719166,41.93634230579852,0,0,0,114,2001.0,47.0820279509568,MEDIUM,2115,True,114.0,0.0,0.0,0.0,False,False
21133,"Letcher County, Kentucky",KY,12,1937.25,2002.0,191.03646724691552,1333,2011,46.86547460559771,0.13939719572773465,0.02989644488750631,45.93703367725745,0,0,0,678,2002.0,47.080046696077936,MEDIUM,1990,True,-12.0,0.0,0.0,0.0,False,False
28013,"Calhoun County, Mississippi",MS,12,2056.4166666666665,2007.5,88.01080340021616,2003,2228,45.6766990134978,0.07337841614852389,-0.04286496104282863,41.17546180532421,0,0,0,225,2003.0,47.07179036141594,MEDIUM,2228,True,225.0,0.0,0.0,0.0,False,False
48483,"Wheeler County, Texas",TX,12,2016.3333333333333,2004.0,90.16382396235838,1963,2296,46.041181387134515,0.09857895210744012,0.035675092915555776,45.31991348250647,0,0,0,333,2004.0,47.068924972818145,MEDIUM,1972,True,-32.0,0.0,0.0,0.0,False,False
37097,"Iredell County, North Carolina",NC,12,2001.4166666666667,2005.0,24.795374690869398,1953,2036,46.229541028499995,0.11679303678198494,-0.03531884117511335,43.58607024501523,0,0,0,83,2005.0,47.06802933488977,MEDIUM,1962,True,-43.0,0.0,0.0,0.0,False,False
31043,"Dakota County, Nebraska",NE,12,1994.5833333333333,2006.0,36.75337543764664,1916,2030,46.293036733825396,0.113965399482854,-0.03608517581187997,37.519022924568034,0,0,0,114,2006.0,47.05120496304363,LOW,1925,True,-81.0,0.0,0.0,0.0,False,False
28105,"Oktibbeha County, Mississippi",MS,12,1985.75,2007.0,159.2283237709582,1498,2123,46.413855318132924,0.11078241501840187,-0.052690154783478264,38.71818725084036,0,0,0,625,2007.0,47.03031115640158,MEDIUM,2123,True,116.0,0.0,0.0,0.0,False,False
46061,"Hanson County, South Dakota",SD,12,1976.4166666666667,2008.0,215.78586116515578,1596,2443,46.33538511538276,0.11090462111593667,-0.0013343781343947748,38.448305810371465,0,0,0,847,2008.0,47.02487593636019,LOW,1605,True,-403.0,0.0,0.0,0.0,False,False
19167,"Sioux County, Iowa",IA,12,1951.3333333333333,2008.5,186.8150925056078,1361,2025,46.70248255478563,0.17534431269822712,-0.04751682011216482,39.62182379788183,0,0,0,664,2009.0,47.01521201628186,MEDIUM,1973,True,-36.0,0.0,0.0,0.0,False,False
16037,"Custer County, Idaho",ID,12,1975.5,2009.5,115.105880112024,1614,2036,46.50941018771101,0.13821378168288181,0.03255912758196153,46.49707167661475,0,0,0,422,2010.0,47.01013584447336,MEDIUM,2036,True,26.0,0.0,0.0,0.0,False,False
28045,"Hancock County, Mississippi",MS,12,1985.8333333333333,2010.0,75.26176541467345,1749,2019,46.40105246899449,0.08920953922266234,-0.012622586597486241,41.86806254598467,0,0,0,270,2011.0,47.00403845075394,LOW,2017,True,6.0,0.0,0.0,0.0,False,False
37063,"Durham County, North Carolina",NC,12,2027.4166666666667,2012.0,38.48602658659688,2010,2147,45.966081865459415,0.15814413930013393,-0.029603334023545758,43.48157528964191,0,0,0,137,2012.0,47.003414792467865,MEDIUM,2019,True,7.0,0.0,0.0,0.0,False,False
42029,"Chester County, Pennsylvania",PA,12,1975.9166666666667,2013.0,147.69099088258156,1508,2043,46.508624498941394,0.12422366556449244,-0.0381662202677756,45.995447393873064,0,0,0,535,2013.0,46.99737386874232,MEDIUM,2043,True,30.0,0.0,0.0,0.0,False,False
06049,"Modoc County, California",CA,12,2079.8333333333335,2017.5,169.13729406143477,2013,2606,45.26858899067238,0.13881027033635737,-0.04094766428845412,38.88086685535855,0,0,0,593,2014.0,46.973335620964505,MEDIUM,2108,True,94.0,0.0,0.0,0.0,False,False
02282,"Yakutat City and Borough, Alaska",AK,12,1940.6666666666667,2015.0,233.9480646846581,1452,2225,46.734796958937274,0.07699011582262623,0.00017668363454985,37.46520498863997,0,0,0,773,2015.0,46.97226736475709,LOW,1461,True,-554.0,0.0,0.0,0.0,False,False
19005,"Allamakee County, Iowa",IA,12,2004.25,2015.0,65.74624081891054,1815,2075,46.183119970827306,0.12583958787876534,-0.06746580448580934,36.189040705717126,0,0,0,260,2016.0,46.9426770340902,MEDIUM,1991,True,-25.0,0.0,0.0,0.0,False,False
48273,"Kleberg County, Texas",TX,12,2005.0833333333333,2015.0,62.56263528123897,1901,2152,46.16725652465351,0.06065858786884259,0.007347929469877042,38.5814224571993,0,0,0,251,2017.0,46.941298671826,MEDIUM,1910,True,-107.0,0.0,0.0,0.0,False,False
12039,"Gadsden County, Florida",FL,12,2025.6666666666667,2016.0,61.233284670309395,1968,2212,45.932365866201735,0.11964175655509694,-0.02511222864449344,41.335732760466016,0,0,0,244,2018.0,46.92782039271884,LOW,1977,True,-41.0,0.0,0.0,0.0,False,False
24027,"Howard County, Maryland",MD,12,1952.5,2018.0,182.69174236202554,1385,2031,46.70699578634353,0.11450089173865874,-0.048652158709972824,39.48778024439715,0,0,0,646,2019.0,46.92526111137866,LOW,1929,True,-90.0,0.0,0.0,0.0,False,False
22005,"Ascension Parish, Louisiana",LA,12,2032.0,2021.0,22.242465527168314,2018,2081,45.92655826607933,0.047671066416910206,-0.04637005818654418,37.13992849712443,0,0,0,63,2020.0,46.912521070121954,MEDIUM,2081,True,61.0,0.0,0.0,0.0,False,False
02110,"Juneau City and Borough, Alaska",AK,12,2050.1666666666665,2021.0,168.12270050246758,1894,2559,45.58225008093808,0.04489387824342358,-0.0805704426339083,37.60329452283054,0,0,0,665,2021.0,46.91229512635333,LOW,1903,True,-118.0,0.0,0.0,0.0,False,False
36097,"Schuyler County, New York",NY,12,2023.6666666666667,2022.0,9.374368665610914,2004,2037,46.00179732840453,0.12675226799339176,-0.041910599361873475,37.02648967957195,0,0,0,33,2022.0,46.869833166270816,LOW,2013,True,-9.0,0.0,0.0,0.0,False,False
31027,"Cedar County, Nebraska",NE,12,1996.8333333333333,2023.0,53.057144722088154,1855,2032,46.28180126659361,0.11470155498682343,-0.032276854187097574,39.90305461457076,0,0,0,177,2023.0,46.86681051307396,LOW,1954,True,-69.0,0.0,0.0,0.0,False,False
28113,"Pike County, Mississippi",MS,12,2009.1666666666667,2025.0,199.71016878254227,1424,2230,46.16788447350737,0.08718262905282904,-0.006921588508957917,41.18324618611294,0,0,0,806,2024.0,46.85388881804779,LOW,2230,True,206.0,0.0,0.0,0.0,False,False
27141,"Sherburne County, Minnesota",MN,12,2029.5,2026.0,29.595761367281824,1947,2060,45.92299668751152,0.09808842526861854,-0.04675011837141119,39.818489886510704,0,0,0,113,2025.0,46.85200332499227,MEDIUM,2054,True,29.0,0.0,0.0,0.0,False,False
04003,"Cochise County, Arizona",AZ,12,2037.1666666666667,2026.0,93.75386860704936,1974,2326,45.79917955256781,0.14251368018572946,0.00010937048080341689,41.65101995231189,0,0,0,352,2026.0,46.84328735479663,MEDIUM,1983,True,-43.0,0.0,0.0,0.0,False,False
13097,"Douglas County, Georgia",GA,12,2000.0,2027.0,70.63735813035737,1779,2037,46.267148489959816,0.1338096927700356,-0.022230506905703565,45.955188925874445,0,0,0,258,2027.0,46.84313217432082,LOW,2008,True,-19.0,0.0,0.0,0.0,False,False
06031,"Kings County, California",CA,12,2019.9166666666667,2029.0,154.35817752777783,1775,2401,45.93472355520982,0.10057855245733842,-0.019196894286448416,40.09496806502495,0,0,0,626,2028.0,46.789377541013366,LOW,1784,True,-244.0,0.0,0.0,0.0,False,False
31013,"Box Butte County, Nebraska",NE,12,1973.8333333333333,2029.5,116.234741585789,1701,2051,46.505977010615744,0.1098780907145178,-0.029941758655965576,39.384753695968925,0,0,0,350,2029.0,46.78523217533831,LOW,1838,True,-191.0,0.0,0.0,0.0,False,False
40085,"Love County, Oklahoma",OK,12,2052.1666666666665,2031.0,103.17842739055428,1834,2239,45.73409825124913,0.1377224431187088,-0.0403782975906703,40.84005009483022,0,0,0,405,2030.0,46.77586163058032,MEDIUM,2239,True,209.0,0.0,0.0,0.0,False,False
27131,"Rice County, Minnesota",MN,12,2046.6666666666667,2032.0,104.97041430225896,1922,2347,45.65556942664245,0.0738941631911937,-0.048980876113246856,39.801669577056245,0,0,0,425,2031.0,46.76314508402298,LOW,1931,True,-100.0,0.0,0.0,0.0,False,False
31047,"Dawson County, Nebraska",NE,12,2009.1666666666667,2032.5,87.8261022841401,1748,2082,46.12676674534131,0.09259875326479229,-0.053632688713873465,39.59367244082589,0,0,0,334,2032.0,46.7627640519004,MEDIUM,1985,True,-47.0,0.0,0.0,0.0,False,False
29111,"Lewis County, Missouri",MO,12,2050.75,2034.0,80.37765971847017,1884,2199,45.74664231266744,0.1174335034710095,-0.018401208608923025,41.67544954492773,0,0,0,315,2033.0,46.741955060698594,MEDIUM,2199,True,166.0,0.0,0.0,0.0,False,False
47067,"Hancock County, Tennessee",TN,12,2021.0,2034.5,60.55050483987427,1840,2078,46.03400125831852,0.17288369577033988,-0.0049421287715959,40.58322899824449,0,0,0,238,2034.0,46.73004900987036,LOW,2078,True,44.0,0.0,0.0,0.0,False,False
30007,"Broadwater County, Montana",MT,12,2021.25,2036.0,141.69950599772744,1598,2166,46.07220089370503,0.17865605199540216,-0.007309191529831807,44.813745189211,0,0,0,568,2035.0,46.72899876876951,MEDIUM,2166,True,131.0,0.0,0.0,0.0,False,False
05025,"Cleveland County, Arkansas",AR,12,2000.8333333333333,2037.0,212.40648566255027,1336,2136,46.20266987464485,0.1491150269589219,-0.05555887565495738,36.52715104598459,0,0,0,800,2036.0,46.70687564555174,MEDIUM,2136,True,100.0,0.0,0.0,0.0,False,False
31089,"Holt County, Nebraska",NE,12,2097.0833333333335,2040.5,105.42938897957265,2037,2320,45.21310255145232,0.12098076400608816,-0.05048691692560375,40.514958204932,0,0,0,283,2037.0,46.70277434969039,LOW,2248,True,211.0,0.0,0.0,0.0,False,False
45013,"Beaufort County, South Carolina",SC,12,2057.5,2038.0,93.04690899071969,2003,2350,45.57841122187415,0.13995000131948976,0.0073612373670730495,45.805572286963184,0,0,0,347,2038.0,46.70033506986466,MEDIUM,2012,True,-26.0,0.0,0.0,0.0,False,False
46121,"Todd County, South Dakota",SD,12,2066.9166666666665,2024.0,253.92964606661258,1867,2850,45.21614102076089,0.12458345059995111,0.00853613403289714,39.87440759761839,0,0,0,983,2039.0,46.69596308776271,LOW,1876,True,-163.0,0.0,0.0,0.0,False,False
51037,"Charlotte County, Virginia",VA,12,2013.75,2040.0,235.65696371092992,1319,2266,46.11360572659228,0.13987851176654245,-0.013647475025092835,41.55018215105834,0,0,0,947,2040.0,46.69271669828575,LOW,2266,True,226.0,0.0,0.0,0.0,False,False
08021,"Conejos County, Colorado",CO,12,2079.5833333333335,2041.0,190.49622202568904,1987,2680,45.21683996934211,0.10288107505666987,0.006546207695127708,41.21798531988679,0,0,0,693,2041.0,46.68345612613825,MEDIUM,1996,True,-45.0,0.0,0.0,0.0,False,False
55055,"Jefferson County, Wisconsin",WI,12,2029.3333333333333,2042.0,57.314655167502316,1848,2053,45.92533099698227,0.13790089666580027,-0.05379930706198243,38.25847394809848,0,0,0,205,2042.0,46.65394585513668,MEDIUM,2052,True,10.0,0.0,0.0,0.0,False,False
38099,"Walsh County, North Dakota",ND,12,2024.25,2043.0,30.627156695859437,1961,2052,45.962978154045025,0.0983386520861693,-0.0019233218680925835,42.44136628474545,0,0,0,91,2043.0,46.63418980312842,LOW,1970,True,-73.0,0.0,0.0,0.0,False,False
13033,"Burke County, Georgia",GA,12,2044.0833333333333,2044.0,103.64489930293317,1753,2177,45.81872577572748,0.11699521508776901,-0.051367565778588,41.0713942008174,0,0,0,424,2044.0,46.632775011086935,MEDIUM,2177,True,133.0,0.0,0.0,0.0,False,False
34039,"Union County, New Jersey",NJ,12,1993.0,2045.0,129.46182308450486,1629,2080,46.28835113522914,0.14909326947052384,-0.041391990752603754,38.56409709219869,0,0,0,451,2045.0,46.60572590391765,LOW,1906,True,-139.0,0.0,0.0,0.0,False,False
47075,"Haywood County, Tennessee",TN,12,2020.75,2046.0,46.165955579251836,1923,2055,45.99678015283643,0.1459125354389614,-0.02134414037988733,39.49562884252823,0,0,0,132,2046.0,46.59624557554548,LOW,1932,True,-114.0,0.0,0.0,0.0,False,False
49045,"Tooele County, Utah",UT,12,2035.4166666666667,2047.0,30.55385211046028,1995,2094,45.855535323866484,0.10156910651736417,0.022734933379320383,48.58647856476358,0,0,0,99,2047.0,46.58951918408387,MEDIUM,2006,True,-41.0,0.0,0.0,0.0,False,False
13209,"Montgomery County, Georgia",GA,12,2033.1666666666667,2048.0,91.82377720724662,1746,2095,45.86486958194238,0.13190915606358408,-0.025711533288841876,39.73321229525223,0,0,0,349,2048.0,46.549916927782675,LOW,2095,True,47.0,0.0,0.0,0.0,False,False
47095,"Lake County, Tennessee",TN,12,2067.6666666666665,2049.0,36.71594484771714,2039,2141,45.52558864333408,0.1498578268037918,-0.016150165937813526,38.78196785333709,0,0,0,102,2049.0,46.548250179268095,LOW,2125,True,76.0,0.0,0.0,0.0,False,False
30085,"Roosevelt County, Montana",MT,12,2033.4166666666667,2050.0,139.31420232588263,1633,2196,45.90443528701538,0.15062228087262763,0.013928604679113082,44.685774302053225,0,0,0,563,2050.0,46.52814995931793,MEDIUM,2196,True,146.0,0.0,0.0,0.0,False,False
45091,"York County, South Carolina",SC,12,2084.0,2051.5,97.6747850592139,2051,2393,45.255023951131506,0.12192331682886108,-0.024541994179275634,42.20735999467112,0,0,0,342,2051.0,46.50753189600841,LOW,2077,True,26.0,0.0,0.0,0.0,False,False
45029,"Colleton County, South Carolina",SC,12,2002.0833333333333,2052.0,77.1921549633043,1823,2061,46.17918739029079,0.15479146602845315,0.026116097897379436,43.043465542177216,0,0,0,238,2052.0,46.498630553581975,MEDIUM,1920,True,-132.0,0.0,0.0,0.0,False,False
49051,"Wasatch County, Utah",UT,12,2005.5833333333333,2053.0,146.91955642665837,1540,2062,46.150652306168716,0.16029100600625903,0.01345283423760936,44.23756634825278,0,0,0,522,2053.0,46.48457535377582,MEDIUM,2037,True,-16.0,0.0,0.0,0.0,False,False
48349,"Navarro County, Texas",TX,12,2061.9166666666665,2054.0,70.00968547712563,1985,2269,45.49896103411112,0.11202243345216079,-0.010336868224209093,42.0405444283172,0,0,0,284,2054.0,46.47077284487981,LOW,1994,True,-60.0,0.0,0.0,0.0,False,False
13111,"Fannin County, Georgia",GA,12,2013.9166666666667,2055.0,221.8564066046215,1338,2208,46.056165180737544,0.17218025933878667,0.027702594439718706,45.620886616092406,0,0,0,870,2055.0,46.45165918279473,HIGH,2208,True,153.0,0.0,0.0,0.0,False,False
04019,"Pima County, Arizona",AZ,12,2082.6666666666665,2056.0,129.1914248022068,2005,2488,45.232910179792974,0.12760721927097918,0.029537756352835915,49.6412719694434,0,0,0,483,2056.0,46.44392166925788,MEDIUM,2051,True,-5.0,0.0,0.0,0.0,False,False
19095,"Iowa County, Iowa",IA,12,2058.5833333333335,2057.0,132.51858074407622,1666,2162,45.64250922855575,0.14120446949630192,-0.07947738592361513,38.2056097980289,0,0,0,496,2057.0,46.43508630057874,MEDIUM,2162,True,105.0,0.0,0.0,0.0,False,False
12001,"Alachua County, Florida",FL,12,2086.75,2059.5,49.50137739130466,2058,2185,45.300696365884534,0.10769438708122697,-0.04634825969990671,42.826094103444326,0,0,0,127,2058.0,46.43419549074484,MEDIUM,2164,True,106.0,0.0,0.0,0.0,False,False
27019,"Carver County, Minnesota",MN,12,2083.25,2060.5,34.077785352711174,2059,2141,45.356018352539756,0.060026562091838015,-0.07372640662137885,40.3241993024464,0,0,0,82,2059.0,46.41228345304334,MEDIUM,2141,True,82.0,0.0,0.0,0.0,False,False
12127,"Volusia County, Florida",FL,12,2103.0833333333335,2060.0,105.30514822374192,2048,2419,45.085805495713544,0.12864822497865427,-0.008884637173461484,45.00920963169208,0,0,0,371,2060.0,46.409434489594965,LOW,2151,True,91.0,0.0,0.0,0.0,False,False
13211,"Morgan County, Georgia",GA,12,2047.25,2061.0,100.03556185858925,1740,2133,45.72162230072653,0.13210874272763495,-0.028414935408197266,39.149394825439174,0,0,0,393,2061.0,46.40023999772414,LOW,2133,True,72.0,0.0,0.0,0.0,False,False
29103,"Knox County, Missouri",MO,12,2097.8333333333335,2066.5,61.80001961360873,2062,2268,45.164855561935475,0.1697383221205818,-0.03963715626664537,39.21727525443858,0,0,0,206,2062.0,46.39012890404939,MEDIUM,2149,True,87.0,0.0,0.0,0.0,False,False
23001,"Androscoggin County, Maine",ME,12,2045.75,2063.0,57.82280927737133,1950,2116,45.71029985671233,0.14093968692652178,-0.05499299026635047,39.13924171749887,0,0,0,166,2063.0,46.374292234565345,LOW,1963,True,-100.0,0.0,0.0,0.0,False,False
29229,"Wright County, Missouri",MO,12,2041.6666666666667,2064.0,57.95505050284987,1862,2073,45.77464367281564,0.14902097116072663,0.015492493175449209,45.629980135237396,0,0,0,211,2064.0,46.36628556118336,MEDIUM,2062,True,-2.0,0.0,0.0,0.0,False,False
27143,"Sibley County, Minnesota",MN,12,2076.25,2065.0,19.531443180862833,2064,2121,45.42550552251367,0.15287418538903025,-0.033012485068412825,39.05156247269933,0,0,0,57,2065.0,46.36038345280976,MEDIUM,2121,True,56.0,0.0,0.0,0.0,False,False
02016,"Aleutians West Census Area, Alaska",AK,12,1984.0,2066.0,285.285502929641,1415,2434,46.18727941736061,0.06294336465808244,0.020779479728714533,40.43724522553708,0,0,0,1019,2066.0,46.34496052447412,LOW,1424,True,-642.0,0.0,0.0,0.0,False,False
45067,"Marion County, South Carolina",SC,12,2021.3333333333333,2066.0,107.67149815597215,1693,2075,45.957318003827034,0.18273523932362626,-0.006185486629322216,39.26693905517473,0,0,0,382,2067.0,46.327974393534085,LOW,1993,True,-74.0,0.0,0.0,0.0,False,False
42109,"Snyder County, Pennsylvania",PA,12,2079.5833333333335,2068.0,109.1075018946771,1793,2236,45.40046801385231,0.10896400578326164,-0.07671950060385511,39.72030877889631,0,0,0,443,2068.0,46.31446353176839,MEDIUM,2236,True,168.0,0.0,0.0,0.0,False,False
30009,"Carbon County, Montana",MT,12,2035.8333333333333,2068.5,180.15994577210014,1485,2191,45.8495755567148,0.1486577303403286,0.008429243152015993,41.88120902525535,0,0,0,706,2069.0,46.31240606221767,HIGH,2191,True,122.0,0.0,0.0,0.0,False,False
21041,"Carroll County, Kentucky",KY,12,2090.9166666666665,2070.0,68.17551991112,1961,2220,45.283843378029275,0.16218975036230387,-0.05049764048519293,40.17328144282207,0,0,0,259,2070.0,46.31210436241583,MEDIUM,2220,True,150.0,0.0,0.0,0.0,False,False
46087,"McCook County, South Dakota",SD,12,2052.25,2071.0,71.33292622370377,1826,2080,45.66276396596214,0.08301638565018837,-0.03025868821663746,41.406274287970035,0,0,0,254,2071.0,46.29525915314371,LOW,2080,True,9.0,0.0,0.0,0.0,False,False
02063,"Chugach Census Area, Alaska",AK,12,1903.1666666666667,2074.0,317.13972639927346,1358,2091,47.06028659053391,0.06086555226398288,0.0029783825439775504,38.159982834378425,0,0,0,733,2072.0,46.287282295937175,LOW,1367,True,-705.0,0.0,0.0,0.0,False,False
51107,"Loudoun County, Virginia",VA,12,1959.4166666666667,2072.0,362.0764505744693,812,2080,46.51516589032264,0.1364115601454443,-0.008513592526075217,41.99140803974326,0,0,0,1268,2073.0,46.27634099246876,LOW,2020,True,-53.0,0.0,0.0,0.0,False,False
30043,"Jefferson County, Montana",MT,12,2025.75,2073.5,282.2465476075193,1155,2251,45.88997129847334,0.16851043931428178,-0.015779816257995075,42.923661173820335,0,0,0,1096,2074.0,46.25003808216941,LOW,2251,True,177.0,0.0,0.0,0.0,False,False
13223,"Paulding County, Georgia",GA,12,2054.0833333333335,2074.0,62.648308884283566,1856,2083,45.630280484508916,0.13405402402812874,-0.009038141524792242,46.60818169484197,0,0,0,227,2075.0,46.24781832002283,LOW,2072,True,-3.0,0.0,0.0,0.0,False,False
41021,"Gilliam County, Oregon",OR,12,2159.5,2078.5,224.5170574609178,2075,2862,44.24178617162527,0.08058353031167821,-0.03236891411253712,39.35962417873634,0,0,0,787,2076.0,46.24419919588368,LOW,2181,True,105.0,0.0,0.0,0.0,False,False
08079,"Mineral County, Colorado",CO,12,2059.75,2077.0,191.56111059113508,1490,2258,45.60165206802876,0.06421156463408574,-0.025301163304380685,36.211098099925984,0,0,0,768,2077.0,46.22416651515985,LOW,2258,True,181.0,0.0,0.0,0.0,False,False
10005,"Sussex County, Delaware",DE,12,2072.4166666666665,2077.5,64.05318576043358,1911,2168,45.491609014006166,0.1651040753657548,0.0252907580493016,45.36393433481721,0,0,0,257,2078.0,46.217093419210144,MEDIUM,2168,True,90.0,0.0,0.0,0.0,False,False
22057,"Lafourche Parish, Louisiana",LA,12,2064.3333333333335,2079.0,77.68506740017479,1821,2117,45.54308516333327,0.06706346931103427,-0.029862045477797666,39.08984641073219,0,0,0,296,2079.0,46.20806538228519,MEDIUM,2117,True,38.0,0.0,0.0,0.0,False,False
55119,"Taylor County, Wisconsin",WI,12,2086.4166666666665,2080.0,46.675783741451944,2021,2211,45.26953443923125,0.13813175845146922,-0.05121938112838456,40.504284427573296,0,0,0,190,2080.0,46.20800533930869,LOW,2030,True,-50.0,0.0,0.0,0.0,False,False
20069,"Gray County, Kansas",KS,12,2095.6666666666665,2081.0,56.283912336286626,2044,2265,45.15390756805445,0.1193333461472144,-0.05151150508667513,40.14699576277718,0,0,0,221,2081.0,46.20473137939428,MEDIUM,2053,True,-28.0,0.0,0.0,0.0,False,False
50007,"Chittenden County, Vermont",VT,12,2091.4166666666665,2082.0,24.596593752843603,2041,2129,45.275057664087605,0.11205044437524221,-0.061012280014722774,38.08404173150801,0,0,0,88,2082.0,46.2041855900765,MEDIUM,2114,True,32.0,0.0,0.0,0.0,False,False
22015,"Bossier Parish, Louisiana",LA,12,2079.5833333333335,2083.0,17.82469346074983,2039,2097,45.3547557578327,0.057193024207628174,-0.053564164993982484,39.95011096390601,0,0,0,58,2083.0,46.167064702315365,LOW,2048,True,-35.0,0.0,0.0,0.0,False,False
12133,"Washington County, Florida",FL,12,2099.0833333333335,2084.0,55.958520893658964,2062,2273,45.122860356031616,0.16742561513392004,0.005255984289091441,42.6689768698057,0,0,0,211,2084.0,46.159143832666174,MEDIUM,2102,True,18.0,0.0,0.0,0.0,False,False
13259,"Stewart County, Georgia",GA,12,2082.25,2085.0,19.522131962560543,2047,2113,45.361958922710045,0.12195716728026097,0.0027232060797036917,41.731149564167595,0,0,0,66,2085.0,46.156434153947195,MEDIUM,2113,True,28.0,0.0,0.0,0.0,False,False
30063,"Missoula County, Montana",MT,12,2063.25,2086.0,155.58401705713982,1583,2188,45.59192045121488,0.14970289124980168,-0.01409880971302685,43.982226713058566,0,0,0,605,2086.0,46.15246804361297,LOW,2188,True,102.0,0.0,0.0,0.0,False,False
29029,"Camden County, Missouri",MO,12,2084.8333333333335,2087.0,90.66505123338054,1827,2198,45.360074551812126,0.16529583510227427,-0.016670784843621975,41.62612234448231,0,0,0,371,2087.0,46.15204224293679,LOW,2198,True,111.0,0.0,0.0,0.0,False,False
29119,"McDonald County, Missouri",MO,12,2089.3333333333335,2088.0,101.16892563999839,1820,2235,45.31753350631814,0.1909136056968008,-0.0013859417213430661,42.41149360276227,0,0,0,415,2088.0,46.13234953648206,LOW,2235,True,147.0,0.0,0.0,0.0,False,False
37129,"New Hanover County, North Carolina",NC,12,2075.0,2089.0,37.08221823314928,1993,2101,45.42165677266659,0.13168225072635828,-0.027551376073283982,42.49716132055135,0,0,0,108,2089.0,46.13139959360483,LOW,2002,True,-87.0,0.0,0.0,0.0,False,False
31163,"Sherman County, Nebraska",NE,12,2140.5833333333335,2090.0,98.18207421403204,2085,2387,44.717165447231785,0.11416031390854052,-0.04108879370786372,40.140418889092345,0,0,0,302,2090.0,46.120515219159664,LOW,2250,True,160.0,0.0,0.0,0.0,False,False
38071,"Ramsey County, North Dakota",ND,12,2109.5,2095.5,25.959759068779725,2091,2157,45.07644380449265,0.06648603540219727,-0.05760215015467232,39.26219167987404,0,0,0,66,2091.0,46.11270169343517,LOW,2112,True,21.0,0.0,0.0,0.0,False,False
40107,"Okfuskee County, Oklahoma",OK,12,2141.3333333333335,2092.0,142.1665689722212,2026,2447,44.780172295417394,0.1294052771005175,-0.009833130780389226,43.47421097959299,0,0,0,421,2092.0,46.098447449673856,LOW,2447,True,355.0,0.0,0.0,0.0,False,False
13151,"Henry County, Georgia",GA,12,2076.5,2093.0,28.21508300698245,2001,2102,45.387145826189716,0.12731596549745822,-0.0017293831847819414,44.8082309186249,0,0,0,101,2093.0,46.07965310070283,LOW,2063,True,-30.0,0.0,0.0,0.0,False,False
41067,"Washington County, Oregon",OR,12,2100.6666666666665,2094.0,132.4416395201595,1917,2458,45.04883695191884,0.107166276336404,-0.03853704715498581,40.21670870642616,0,0,0,541,2094.0,46.065204221380085,LOW,1926,True,-168.0,0.0,0.0,0.0,False,False
27153,"Todd County, Minnesota",MN,12,2114.5,2095.0,64.34636388681616,2061,2309,44.963601855534954,0.14151697847326808,-0.052654340711532986,38.50002124112477,0,0,0,248,2095.0,46.048585717195344,MEDIUM,2070,True,-25.0,0.0,0.0,0.0,False,False
46049,"Faulk County, South Dakota",SD,12,2115.1666666666665,2096.0,201.57914454415047,1898,2708,44.77563920654635,0.12234875099749999,0.003985348007480166,38.77695524418858,0,0,0,810,2096.0,46.045808997637195,LOW,1907,True,-189.0,0.0,0.0,0.0,False,False
29045,"Clark County, Missouri",MO,12,2104.3333333333335,2097.0,115.78297357425647,1795,2268,45.173651005891266,0.09838981147018822,-0.05092889888868787,37.69652708410861,0,0,0,473,2097.0,46.041561157668085,LOW,2268,True,171.0,0.0,0.0,0.0,False,False
01059,"Franklin County, Alabama",AL,12,2115.4166666666665,2098.0,141.70613532193565,1769,2342,45.04828587633802,0.11015579154211402,-0.05514958723580782,38.79256410738599,0,0,0,573,2098.0,46.0337511698416,LOW,2342,True,244.0,0.0,0.0,0.0,False,False
30081,"Ravalli County, Montana",MT,12,2029.0,2098.0,113.07037229490795,1809,2107,45.897663261765814,0.19382692418959266,0.011273300160459757,47.56251467487769,0,0,0,298,2099.0,46.033363776790466,MEDIUM,1867,True,-232.0,0.0,0.0,0.0,False,False
46037,"Day County, South Dakota",SD,12,2158.9166666666665,2100.0,133.80342320212162,2091,2549,44.464296645140564,0.07923058960310896,-0.027857902119836523,41.70247247195776,0,0,0,458,2100.0,46.030915642100176,LOW,2240,True,140.0,0.0,0.0,0.0,False,False
56019,"Johnson County, Wyoming",WY,12,2127.0833333333335,2101.0,62.16906324083081,2068,2260,44.8797932651774,0.17022188981014305,-0.0112452144576383,41.33151385286045,0,0,0,192,2101.0,46.026265274284555,MEDIUM,2213,True,112.0,0.0,0.0,0.0,False,False
13035,"Butts County, Georgia",GA,12,2102.75,2102.0,40.62270972565155,1985,2150,45.16781116335033,0.12934129004131045,-0.02804254512478774,41.71001008347012,0,0,0,165,2102.0,45.99776942700632,MEDIUM,2150,True,48.0,0.0,0.0,0.0,False,False
17169,"Schuyler County, Illinois",IL,12,2102.6666666666665,2103.0,19.39228212616061,2047,2124,45.157310279518974,0.11725435797938467,-0.0277742554332454,41.033510464801125,0,0,0,77,2103.0,45.98738774215044,LOW,2110,True,7.0,0.0,0.0,0.0,False,False
38025,"Dunn County, North Dakota",ND,12,2100.25,2103.0,7.955844049844969,2081,2112,45.15548746096045,0.08011086169084876,-0.021032923296407675,41.68629008728483,0,0,0,31,2104.0,45.96751048502305,LOW,2090,True,-14.0,0.0,0.0,0.0,False,False
31183,"Wheeler County, Nebraska",NE,12,2160.0833333333335,2109.0,82.3721691011245,2104,2302,44.53775462723019,0.10224181920191833,-0.05398898110487541,34.71678157354033,0,0,0,198,2105.0,45.9483672997383,LOW,2294,True,189.0,0.0,0.0,0.0,False,False
08077,"Mesa County, Colorado",CO,12,2147.1666666666665,2107.0,91.49648113783422,2105,2418,44.62643119164349,0.11744155368861231,-0.037994782342104544,41.418155545749734,0,0,0,313,2106.0,45.94680328206145,MEDIUM,2197,True,91.0,0.0,0.0,0.0,False,False
31185,"York County, Nebraska",NE,12,2060.9166666666665,2106.5,116.31185223225091,1710,2117,45.584948444474946,0.1582254539063336,-0.04914984045427052,38.61575656469636,0,0,0,407,2107.0,45.94364707314142,LOW,2021,True,-86.0,0.0,0.0,0.0,False,False
31003,"Antelope County, Nebraska",NE,12,2154.25,2112.5,102.3559964047051,2108,2471,44.55922535139305,0.10955381122963485,-0.04153216037116395,37.17135212213037,0,0,0,363,2108.0,45.93522095763621,LOW,2171,True,63.0,0.0,0.0,0.0,False,False
12023,"Columbia County, Florida",FL,12,2122.0,2109.0,43.455306193417094,2086,2217,44.95956813685047,0.11407646139564491,-0.01644098566487826,42.694856352543326,0,0,0,131,2109.0,45.91805113880836,MEDIUM,2217,True,108.0,0.0,0.0,0.0,False,False
13227,"Pickens County, Georgia",GA,12,2084.0833333333335,2110.0,79.08161300297002,1835,2119,45.35220795766051,0.13143270712676722,-0.028699660243867286,41.75473719619268,0,0,0,284,2110.0,45.91245862281321,LOW,2091,True,-19.0,0.0,0.0,0.0,False,False
35045,"San Juan County, New Mexico",NM,12,2121.3333333333335,2111.0,26.23090936396615,2097,2197,44.93413848713252,0.12685525499859943,-0.03963632858073266,37.0605426286843,0,0,0,100,2111.0,45.90466286692157,LOW,2106,True,-5.0,0.0,0.0,0.0,False,False
30095,"Stillwater County, Montana",MT,12,2087.0833333333335,2112.0,143.19881813461836,1651,2215,45.33297399374339,0.17951078952254895,-0.010540693365020998,43.83947230703626,0,0,0,564,2112.0,45.89328045775678,MEDIUM,2215,True,103.0,0.0,0.0,0.0,False,False
27087,"Mahnomen County, Minnesota",MN,12,2120.1666666666665,2113.0,107.90891220531017,2005,2439,44.87467738752833,0.13289196350803498,-0.014895042747065991,40.25627200106442,0,0,0,434,2113.0,45.88768403888887,LOW,2014,True,-99.0,0.0,0.0,0.0,False,False
01019,"Cherokee County, Alabama",AL,12,2110.6666666666665,2114.0,89.36883057748867,1844,2200,45.11048918188653,0.1302597097803803,-0.03586446384402902,41.88955549426356,0,0,0,356,2114.0,45.881781790748626,MEDIUM,2200,True,86.0,0.0,0.0,0.0,False,False
45081,"Saluda County, South Carolina",SC,12,2101.9166666666665,2115.0,52.82296045769451,2002,2206,45.123725271627684,0.14225347134102065,-0.012234962744609758,40.52007918254759,0,0,0,204,2115.0,45.8700901307887,LOW,2011,True,-104.0,0.0,0.0,0.0,False,False
08017,"Cheyenne County, Colorado",CO,12,2159.75,2116.0,121.69195461566808,2096,2535,44.46906397915956,0.03012454762579647,-0.017677855144625707,43.569941831798054,0,0,0,439,2116.0,45.86408537458812,LOW,2189,True,73.0,0.0,0.0,0.0,False,False
36119,"Westchester County, New York",NY,12,2099.1666666666665,2117.0,39.57463221751423,1979,2126,45.188261145261414,0.13092793510693232,-0.02346985431795369,39.29844111037026,0,0,0,147,2117.0,45.86028524053354,LOW,2096,True,-21.0,0.0,0.0,0.0,False,False
46027,"Clay County, South Dakota",SD,12,2112.0833333333335,2118.0,39.994223067686704,2031,2164,45.05159590571649,0.11592018592698183,-0.05868546798298898,37.26367898408642,0,0,0,133,2118.0,45.85703924365943,LOW,2040,True,-78.0,0.0,0.0,0.0,False,False
48153,"Floyd County, Texas",TX,12,2120.1666666666665,2119.0,68.41163289347445,2055,2321,44.92647146478202,0.08264664739806545,0.019647424123722484,44.14486706182896,0,0,0,266,2119.0,45.85411962774873,MEDIUM,2089,True,-30.0,0.0,0.0,0.0,False,False
47041,"DeKalb County, Tennessee",TN,12,2114.6666666666665,2120.0,67.04589111311383,1938,2210,45.07348907099791,0.15969038404276895,-0.017075278809071667,41.93776515054152,0,0,0,272,2120.0,45.84240447687203,MEDIUM,2210,True,90.0,0.0,0.0,0.0,False,False
40151,"Woods County, Oklahoma",OK,12,2116.3333333333335,2121.0,155.52218978381035,1681,2316,45.076483599051606,0.09303942161203342,-0.04412176964075473,38.034614432478065,0,0,0,635,2121.0,45.836419408878704,LOW,2316,True,195.0,0.0,0.0,0.0,False,False
27065,"Kanabec County, Minnesota",MN,12,2139.25,2122.0,34.81150541259182,2115,2214,44.80360591121764,0.10242560847357662,-0.03716399999735955,39.58057491391115,0,0,0,99,2122.0,45.83143209901677,MEDIUM,2214,True,92.0,0.0,0.0,0.0,False,False
45021,"Cherokee County, South Carolina",SC,12,2160.3333333333335,2123.0,73.04834430745578,2113,2333,44.552802528292226,0.11396705264902666,-0.038445552302676426,40.79361396767533,0,0,0,220,2123.0,45.82167675993165,LOW,2252,True,129.0,0.0,0.0,0.0,False,False
08007,"Archuleta County, Colorado",CO,12,2111.9166666666665,2124.0,70.06809458510973,2023,2293,45.04018860547257,0.17575785802342161,0.020409340170360734,42.0091174611686,0,0,0,270,2124.0,45.820194435002975,MEDIUM,2032,True,-92.0,0.0,0.0,0.0,False,False
42119,"Union County, Pennsylvania",PA,12,2138.5,2125.0,67.3801967130618,1967,2234,44.840655988296184,0.10648039520040148,-0.07421626890139275,37.52424933551457,0,0,0,267,2125.0,45.81465579932564,MEDIUM,2234,True,109.0,0.0,0.0,0.0,False,False
51013,"Arlington County, Virginia",VA,12,2122.5,2126.0,96.4991756912508,1832,2209,45.02766889156589,0.15383448146394152,-0.05853348888038781,36.23372090452749,0,0,0,377,2126.0,45.81407898750384,MEDIUM,2209,True,83.0,0.0,0.0,0.0,False,False
27025,"Chisago County, Minnesota",MN,12,2122.5,2127.0,19.57503047716193,2088,2147,44.978874701160215,0.10951205841333699,-0.05140342138013914,40.09398150839636,0,0,0,59,2127.0,45.796850506273586,MEDIUM,2097,True,-30.0,0.0,0.0,0.0,False,False
48339,"Montgomery County, Texas",TX,12,2166.5,2128.0,149.4508128266469,2104,2640,44.346417349348,0.11559994026222532,-0.030611806581254133,43.078600027460574,0,0,0,536,2128.0,45.792561658983885,LOW,2127,True,-1.0,0.0,0.0,0.0,False,False
36047,"Kings County, New York",NY,12,2176.0833333333335,2129.0,88.52473545782993,2128,2358,44.42292400881379,0.11086308646249414,-0.048997147751597164,37.60324970930296,0,0,0,230,2129.0,45.78513996113257,LOW,2358,True,229.0,0.0,0.0,0.0,False,False
21053,"Clinton County, Kentucky",KY,12,2146.6666666666665,2130.0,52.508585156634275,2106,2304,44.6983464330011,0.12348490844187414,-0.015847343210592956,39.901888605111445,0,0,0,198,2130.0,45.75052062473429,LOW,2167,True,37.0,0.0,0.0,0.0,False,False
38017,"Cass County, North Dakota",ND,12,2133.0,2131.0,68.54063161233772,1933,2205,44.90556060077221,0.05743999253464709,-0.07557785970213492,40.34923231606436,0,0,0,272,2131.0,45.75038483072227,MEDIUM,2205,True,74.0,0.0,0.0,0.0,False,False
22115,"Vernon Parish, Louisiana",LA,12,2119.5,2132.0,60.69671250645221,1928,2154,45.04609145422254,0.07140694366223264,-0.02944032522423254,38.111798939880345,0,0,0,226,2132.0,45.743894838554155,LOW,2154,True,22.0,0.0,0.0,0.0,False,False
01079,"Lawrence County, Alabama",AL,12,2132.5,2133.0,34.47924276747071,2051,2190,44.9064598766551,0.13881669915163677,-0.024207699350679467,42.238432756664466,0,0,0,139,2133.0,45.74255302816215,LOW,2190,True,57.0,0.0,0.0,0.0,False,False
50025,"Windham County, Vermont",VT,12,2115.8333333333335,2134.0,73.21553900310472,1886,2161,45.10357392924899,0.17082175993007853,0.0014926835303869918,41.51418021273925,0,0,0,275,2134.0,45.73995392759358,LOW,2161,True,27.0,0.0,0.0,0.0,False,False
56039,"Teton County, Wyoming",WY,12,2153.4166666666665,2135.0,60.928360814280644,2078,2270,44.680656237091945,0.1334028064054522,0.03402088647906648,47.79407430850099,0,0,0,192,2135.0,45.73873576170392,MEDIUM,2270,True,135.0,0.0,0.0,0.0,False,False
47159,"Smith County, Tennessee",TN,12,2124.1666666666665,2136.0,82.98502968316123,1866,2185,45.02815415028659,0.1350893056262835,-0.03885896155372804,41.731431264513546,0,0,0,319,2136.0,45.72912863445383,MEDIUM,2185,True,49.0,0.0,0.0,0.0,False,False
21237,"Wolfe County, Kentucky",KY,12,2189.6666666666665,2137.0,127.87233216506736,2071,2442,44.30076057739122,0.1794553291235578,0.004797801748554241,43.29097126956217,0,0,0,371,2137.0,45.715709105708285,MEDIUM,2442,True,305.0,0.0,0.0,0.0,False,False
48143,"Erath County, Texas",TX,12,2133.75,2138.0,45.71875485459498,2056,2243,44.835981727509214,0.11733396292273345,-0.032863955747779706,41.943891474034686,0,0,0,187,2138.0,45.71129977967501,LOW,2065,True,-73.0,0.0,0.0,0.0,False,False
35001,"Bernalillo County, New Mexico",NM,12,2133.9166666666665,2139.0,74.31439152599441,1906,2183,44.91713972565324,0.13843763893308994,-0.05638698800489769,39.58665701165265,0,0,0,277,2139.0,45.699777576679296,MEDIUM,2183,True,44.0,0.0,0.0,0.0,False,False
35061,"Valencia County, New Mexico",NM,12,2154.0,2140.0,38.25512443391801,2110,2227,44.66717929202665,0.15236629015704076,-0.01666434042013749,40.19927500628547,0,0,0,117,2140.0,45.69288166577054,LOW,2227,True,87.0,0.0,0.0,0.0,False,False
29043,"Christian County, Missouri",MO,12,2161.0,2141.5,78.54356058322605,2027,2318,44.63088054432719,0.12209030022219051,-0.0353621242965578,45.38936182328701,0,0,0,291,2141.0,45.67644936261719,LOW,2318,True,177.0,0.0,0.0,0.0,False,False
53051,"Pend Oreille County, Washington",WA,12,2198.4166666666665,2147.5,103.23711307059843,2142,2477,44.14625212116082,0.11326180368928031,-0.03252999690909408,42.360737445112434,0,0,0,335,2142.0,45.65863643166069,MEDIUM,2292,True,150.0,0.0,0.0,0.0,False,False
22101,"St. Mary Parish, Louisiana",LA,12,2162.5833333333335,2144.0,170.85690894234668,1744,2435,44.63753338413641,0.08260660404222969,-0.06546845125929636,38.034519355238295,0,0,0,691,2143.0,45.65748086537144,LOW,2435,True,292.0,0.0,0.0,0.0,False,False
06019,"Fresno County, California",CA,12,2133.5,2144.0,207.0276661353612,1835,2678,44.660811820007474,0.15949550076654315,-0.014592882389562275,48.12410132289102,0,0,0,843,2144.0,45.64346958020996,LOW,1844,True,-300.0,0.0,0.0,0.0,False,False
13135,"Gwinnett County, Georgia",GA,12,2109.3333333333335,2145.5,132.58844960891943,1689,2160,45.16612742104213,0.1269074168270373,-0.02398671189872681,44.8273882061396,0,0,0,471,2145.0,45.63898615459456,LOW,2142,True,-3.0,0.0,0.0,0.0,False,False
08025,"Crowley County, Colorado",CO,12,2195.4166666666665,2147.0,132.02166374110612,2103,2583,44.12439166542281,0.10266244483504634,0.009143647086567968,44.5221827419899,0,0,0,480,2146.0,45.622900098676595,HIGH,2265,True,119.0,0.0,0.0,0.0,False,False
12085,"Martin County, Florida",FL,12,2180.4166666666665,2147.0,118.3895406416181,2134,2556,44.28415671404587,0.1736157129496754,-0.01374755959719546,44.27463886593239,0,0,0,422,2147.0,45.61754769143512,LOW,2143,True,-4.0,0.0,0.0,0.0,False,False
41001,"Baker County, Oregon",OR,12,2189.0,2149.0,129.39158325865645,2136,2598,44.21675066993911,0.1304484828728257,-0.01868075432503497,41.87349602170115,0,0,0,462,2148.0,45.61128365126292,LOW,2179,True,31.0,0.0,0.0,0.0,False,False
02185,"North Slope Borough, Alaska",AK,12,2186.1666666666665,2149.0,198.7263231561222,2037,2803,44.03965482159262,0.046210267108908916,-0.038701296713061634,37.96273708854777,0,0,0,766,2149.0,45.57770504900436,LOW,2046,True,-103.0,0.0,0.0,0.0,False,False
20071,"Greeley County, Kansas",KS,12,2142.0,2150.0,97.4996503490234,1989,2386,44.70960588567146,0.12584342095768475,-0.022658019681573358,43.29095700053071,0,0,0,397,2150.0,45.57475625745186,LOW,1998,True,-152.0,0.0,0.0,0.0,False,False
29213,"Taney County, Missouri",MO,12,2127.5833333333335,2151.0,44.087636554590816,2008,2162,44.95345514189336,0.14522053854147346,0.003277417738666208,46.71961213767391,0,0,0,154,2151.0,45.57309630037268,MEDIUM,2135,True,-16.0,0.0,0.0,0.0,False,False
40097,"Mayes County, Oklahoma",OK,12,2163.9166666666665,2153.0,122.3612077069981,1877,2369,44.60649342154738,0.17176263761554877,-0.02484675079181441,44.470228545793795,0,0,0,492,2152.0,45.56466381174112,LOW,2369,True,217.0,0.0,0.0,0.0,False,False
46051,"Grant County, South Dakota",SD,12,2187.9166666666665,2154.0,133.4339866296394,2126,2610,44.20307208490576,0.08415436394838287,-0.009541513733786684,47.509736099655505,0,0,0,484,2153.0,45.56447475724854,LOW,2157,True,4.0,0.0,0.0,0.0,False,False
44005,"Newport County, Rhode Island",RI,12,2126.4166666666665,2156.0,140.35568993442945,1683,2192,45.01190908924631,0.14047838496867324,-0.05742998953335062,38.53828398713959,0,0,0,509,2154.0,45.563853339525174,MEDIUM,2192,True,38.0,0.0,0.0,0.0,False,False
41049,"Morrow County, Oregon",OR,12,2160.25,2157.0,24.790485711622885,2125,2228,44.59812300407311,0.11007737926896187,-0.030213063372332667,41.76377237192854,0,0,0,103,2155.0,45.53625472553921,LOW,2134,True,-21.0,0.0,0.0,0.0,False,False
38091,"Steele County, North Dakota",ND,12,2161.3333333333335,2144.0,196.51200904008303,1934,2730,44.35839376014015,0.08907715717033667,-0.022776373583021533,37.88602843309917,0,0,0,796,2156.0,45.52068910102506,LOW,1943,True,-213.0,0.0,0.0,0.0,False,False
12083,"Marion County, Florida",FL,12,2155.0833333333335,2158.0,14.975485017693142,2131,2178,44.70323342177536,0.1459592431311245,0.007397683996847342,50.30879471655479,0,0,0,47,2157.0,45.51611295194819,MEDIUM,2178,True,21.0,0.0,0.0,0.0,False,False
31031,"Cherry County, Nebraska",NE,12,2177.8333333333335,2160.0,46.20671602765778,2132,2271,44.42684202015522,0.11700422478029954,-0.019438340798748524,40.384481712582264,0,0,0,139,2158.0,45.48986883941019,LOW,2271,True,113.0,0.0,0.0,0.0,False,False
20131,"Nemaha County, Kansas",KS,12,2113.8333333333335,2160.0,104.529972503178,1867,2194,45.0807702842277,0.13908154713432627,-0.03838643990086463,38.732550516589704,0,0,0,327,2159.0,45.48981931959884,LOW,1995,True,-164.0,0.0,0.0,0.0,False,False
49027,"Millard County, Utah",UT,12,2180.3333333333335,2166.5,32.686759435958926,2160,2253,44.420136146263,0.10227157131470214,-0.04075265437815966,40.77375817745256,0,0,0,93,2160.0,45.48899819269082,MEDIUM,2253,True,93.0,0.0,0.0,0.0,False,False
13057,"Cherokee County, Georgia",GA,12,2111.0833333333335,2162.0,136.70170467337286,1690,2172,45.14284654986813,0.12728308693197307,-0.0230871306660458,42.55247299026632,0,0,0,482,2161.0,45.48205951346954,LOW,2084,True,-77.0,0.0,0.0,0.0,False,False
28149,"Warren County, Mississippi",MS,12,2170.0,2163.0,30.74528788729625,2116,2233,44.54880507314015,0.08879972803417692,-0.04424426954018804,42.624034714377125,0,0,0,117,2162.0,45.48077065910096,MEDIUM,2233,True,71.0,0.0,0.0,0.0,False,False
41017,"Deschutes County, Oregon",OR,12,2153.5,2163.0,41.26081125540983,2073,2231,44.66331156552766,0.09398452631978244,-0.010510261206702608,45.47227575599683,0,0,0,158,2163.0,45.46849730739232,LOW,2082,True,-81.0,0.0,0.0,0.0,False,False
02130,"Ketchikan Gateway Borough, Alaska",AK,12,2181.1666666666665,2166.0,110.99863499024204,2051,2500,44.2566172680784,0.09246982488556234,-0.046823032889367795,38.51898556686521,0,0,0,449,2164.0,45.426638055965896,LOW,2060,True,-104.0,0.0,0.0,0.0,False,False
19191,"Winneshiek County, Iowa",IA,12,2129.75,2166.0,78.29097823330142,1992,2191,44.91331924172912,0.12645989876940922,-0.07405119592737987,38.74611613925539,0,0,0,199,2165.0,45.41954944094378,LOW,2010,True,-155.0,0.0,0.0,0.0,False,False
06051,"Mono County, California",CA,12,2127.75,2167.0,82.63625112503607,1962,2183,44.91857074984537,0.12480695759474981,-0.03246340984000177,43.82437161483065,0,0,0,221,2166.0,45.389396116100976,LOW,1971,True,-195.0,0.0,0.0,0.0,False,False
51057,"Essex County, Virginia",VA,12,2154.1666666666665,2169.0,200.66971204776604,1565,2374,44.69350422976837,0.1386737981195781,-0.05105854878693992,38.942158766674666,0,0,0,809,2167.0,45.376194282317435,LOW,2374,True,207.0,0.0,0.0,0.0,False,False
28079,"Leake County, Mississippi",MS,12,2153.0833333333335,2168.0,41.18132483482679,2025,2179,44.70702685340769,0.12455499960409062,-0.010376712849186183,44.346588341222365,0,0,0,154,2168.0,45.37305262074969,LOW,2159,True,-9.0,0.0,0.0,0.0,False,False
37101,"Johnston County, North Carolina",NC,12,2140.1666666666665,2169.0,49.46593563128862,2053,2180,44.8048371053142,0.1711857337143917,-0.011075464579717358,46.27241287328303,0,0,0,127,2169.0,45.36580111937485,LOW,2067,True,-102.0,0.0,0.0,0.0,False,False
46089,"McPherson County, South Dakota",SD,12,2179.5,2158.0,131.3582886612032,2078,2584,44.27363331838503,0.1215370370478216,0.0008598956274263663,38.9597412925247,0,0,0,506,2170.0,45.36216267725939,LOW,2087,True,-83.0,0.0,0.0,0.0,False,False
50005,"Caledonia County, Vermont",VT,12,2115.4166666666665,2171.5,114.04262228206478,1850,2187,45.05497189269124,0.1390759588407464,-0.020695554215986418,38.96155448293689,0,0,0,337,2171.0,45.357366936307955,LOW,1980,True,-191.0,0.0,0.0,0.0,False,False
47177,"Warren County, Tennessee",TN,12,2141.75,2173.0,152.40205498495212,1661,2223,44.83749731433263,0.1428163628594324,-0.033560315938594015,41.52508123155677,0,0,0,562,2172.0,45.35414177176026,MEDIUM,2223,True,51.0,0.0,0.0,0.0,False,False
13063,"Clayton County, Georgia",GA,12,2173.9166666666665,2173.0,27.563013205556768,2139,2252,44.458610712875675,0.1169635511933234,-0.021737133702376718,45.47388678313914,0,0,0,113,2173.0,45.35043272233402,LOW,2148,True,-25.0,0.0,0.0,0.0,False,False
16019,"Bonneville County, Idaho",ID,12,2152.75,2174.0,42.65319981602146,2064,2184,44.683164888698855,0.10217733721127838,-0.017823313514101907,49.15417857386003,0,0,0,120,2174.0,45.345568336711366,LOW,2073,True,-101.0,0.0,0.0,0.0,False,False
23031,"York County, Maine",ME,12,2183.9166666666665,2176.0,67.14903144679317,2006,2279,44.38575089341152,0.10796101452837246,-0.06206696254179169,38.51901169737437,0,0,0,273,2175.0,45.317641126636126,MEDIUM,2279,True,104.0,0.0,0.0,0.0,False,False
19181,"Warren County, Iowa",IA,12,2191.25,2177.0,49.25282640713023,2073,2249,44.285688171460926,0.1355148879385454,-0.08250500690810501,41.49865484225454,0,0,0,176,2176.0,45.29106944528438,MEDIUM,2244,True,68.0,0.0,0.0,0.0,False,False
48271,"Kinney County, Texas",TX,12,2190.25,2177.0,108.49224940897015,2107,2524,44.1693814557756,0.07528047529249106,-0.009340458093639441,39.35306941264793,0,0,0,417,2177.0,45.28202989169703,LOW,2116,True,-61.0,0.0,0.0,0.0,False,False
02275,"Wrangell City and Borough, Alaska",AK,12,2183.8333333333335,2178.5,87.20699860711078,1962,2319,44.388303012256074,0.07345728032863415,-0.04244228938981498,37.86160038690831,0,0,0,357,2178.0,45.28137941003419,MEDIUM,2319,True,141.0,0.0,0.0,0.0,False,False
47147,"Robertson County, Tennessee",TN,12,2142.9166666666665,2179.5,109.99789942897942,1802,2198,44.79839671423562,0.12934104885345507,-0.032523204877850945,43.16257201398332,0,0,0,396,2179.0,45.279339699169384,LOW,2130,True,-49.0,0.0,0.0,0.0,False,False
46017,"Buffalo County, South Dakota",SD,12,2150.0833333333335,2180.0,154.53534949138415,1856,2441,44.606257297390435,0.07640723079735316,-0.01883052794223136,38.345610492907326,0,0,0,585,2180.0,45.26923123542995,LOW,1865,True,-315.0,0.0,0.0,0.0,False,False
06039,"Madera County, California",CA,12,2153.5,2181.0,114.06417651320838,1937,2371,44.590498147482435,0.15468710971294383,0.009392479408989926,42.86921702082103,0,0,0,434,2181.0,45.25233967324842,MEDIUM,1946,True,-235.0,0.0,0.0,0.0,False,False
54059,"Mingo County, West Virginia",WV,12,2152.4166666666665,2182.0,60.93582068393141,1969,2191,44.703512134165386,0.17113116176276677,0.030341571162825345,45.648817618233615,0,0,0,222,2182.0,45.22746225708542,MEDIUM,2155,True,-27.0,0.0,0.0,0.0,False,False
24033,"Prince George's County, Maryland",MD,12,2127.0,2183.0,168.40859403680844,1621,2240,44.91512521690145,0.11622909448971323,-0.06046925822373866,42.11459556459472,0,0,0,619,2183.0,45.21733003929334,LOW,2071,True,-112.0,0.0,0.0,0.0,False,False
30023,"Deer Lodge County, Montana",MT,12,2195.0,2184.0,78.28386574744266,2032,2339,44.26184720023651,0.15386899110100027,-0.02508437771635275,43.02303127982603,0,0,0,307,2184.0,45.20964721738022,LOW,2339,True,155.0,0.0,0.0,0.0,False,False
06115,"Yuba County, California",CA,12,2212.0,2185.0,119.31318604260122,2138,2587,43.91965291406134,0.13280419545474312,-0.03590402828146828,41.79535713985193,0,0,0,449,2185.0,45.18251487336382,LOW,2147,True,-38.0,0.0,0.0,0.0,False,False
39075,"Holmes County, Ohio",OH,12,2128.9166666666665,2186.0,159.67151412898428,1635,2202,44.90560880425619,0.12719349085237963,-0.044091754102875025,40.55732890696952,0,0,0,567,2186.0,45.18233366755473,LOW,2103,True,-83.0,0.0,0.0,0.0,False,False
13077,"Coweta County, Georgia",GA,12,2160.9166666666665,2187.0,109.43529290559484,1814,2204,44.61283440154705,0.11621847307453957,-0.03454562308842755,43.1371367453564,0,0,0,390,2187.0,45.18053608302195,MEDIUM,2204,True,17.0,0.0,0.0,0.0,False,False
48157,"Fort Bend County, Texas",TX,12,2218.9166666666665,2189.0,97.74034091624725,2188,2529,43.895816194777886,0.08474784975918553,-0.035099224728573124,42.65304749263488,0,0,0,341,2188.0,45.17676393155752,LOW,2201,True,13.0,0.0,0.0,0.0,False,False
29225,"Webster County, Missouri",MO,12,2227.8333333333335,2192.0,76.5349989260212,2189,2394,43.89464200379329,0.11602520301349839,-0.046481134763387194,43.189677902335006,0,0,0,205,2189.0,45.17609193507848,MEDIUM,2394,True,205.0,0.0,0.0,0.0,False,False
31039,"Cuming County, Nebraska",NE,12,2200.0833333333335,2191.0,19.55160227488156,2167,2238,44.184953817928,0.1142211862934413,-0.050889999268967485,40.0972158392856,0,0,0,71,2190.0,45.15408504558041,MEDIUM,2238,True,48.0,0.0,0.0,0.0,False,False
48423,"Smith County, Texas",TX,12,2233.1666666666665,2196.5,72.92316421266885,2191,2411,43.78621082614884,0.0682884381116133,-0.05816164533532908,43.194713934619095,0,0,0,220,2191.0,45.139597435138654,MEDIUM,2320,True,129.0,0.0,0.0,0.0,False,False
37135,"Orange County, North Carolina",NC,12,2187.0833333333335,2193.0,76.04598887674759,1957,2259,44.354504091814114,0.10464261194387582,-0.063225039937659,40.78946380852303,0,0,0,302,2192.0,45.12935275382869,MEDIUM,2259,True,67.0,0.0,0.0,0.0,False,False
45035,"Dorchester County, South Carolina",SC,12,2239.8333333333335,2194.0,97.50135974187823,2179,2499,43.68602732621495,0.12737220400437918,-0.019526245527211758,42.50615195660302,0,0,0,320,2193.0,45.11260252576072,LOW,2333,True,140.0,0.0,0.0,0.0,False,False
48199,"Hardin County, Texas",TX,12,2212.5833333333335,2195.0,167.25074172050955,2015,2693,43.829074111082804,0.07747469460779796,-0.05054212190881418,38.032774417504314,0,0,0,678,2194.0,45.08605491102618,LOW,2024,True,-170.0,0.0,0.0,0.0,False,False
13061,"Clay County, Georgia",GA,12,2202.8333333333335,2195.5,86.80053763274363,1997,2348,44.15879312187502,0.143439754684423,-0.034321625455772255,40.81803654012414,0,0,0,351,2195.0,45.08169808679599,LOW,2348,True,153.0,0.0,0.0,0.0,False,False
28053,"Humphreys County, Mississippi",MS,12,2216.4166666666665,2197.0,53.921590098845165,2154,2308,44.003529840996556,0.0651193025852138,-0.0007840322118291082,45.428656315027695,0,0,0,154,2196.0,45.07431223974832,HIGH,2308,True,112.0,0.0,0.0,0.0,False,False
12091,"Okaloosa County, Florida",FL,12,2209.75,2198.0,56.76446551721029,2078,2306,44.095794314524426,0.11088135408421429,-0.048758992514764066,43.09217567643477,0,0,0,228,2197.0,45.0637938761534,MEDIUM,2306,True,109.0,0.0,0.0,0.0,False,False
53059,"Skamania County, Washington",WA,12,2195.9166666666665,2198.5,23.914462468379213,2161,2237,44.23813667372213,0.11823353572337646,-0.006457382803146383,39.42166717001652,0,0,0,76,2198.0,45.06113274125416,LOW,2237,True,39.0,0.0,0.0,0.0,False,False
48253,"Jones County, Texas",TX,12,2243.5833333333335,2200.0,108.70097292642566,2192,2574,43.638649130856074,0.09804863361281028,-0.04022821740737061,39.01659610623014,0,0,0,382,2199.0,45.06015575376962,LOW,2284,True,85.0,0.0,0.0,0.0,False,False
31041,"Custer County, Nebraska",NE,12,2224.5,2201.0,97.46747709317754,1998,2381,43.929000333856045,0.0931153215670803,-0.06901731579257865,42.51861404649628,0,0,0,383,2200.0,45.02547879817387,MEDIUM,2381,True,181.0,0.0,0.0,0.0,False,False
17065,"Hamilton County, Illinois",IL,12,2147.5,2201.5,229.38157966783007,1429,2293,44.7485540307592,0.1195335757389548,0.0005443915306043411,47.17444850960137,0,0,0,864,2201.0,45.02178969336121,LOW,2293,True,92.0,0.0,0.0,0.0,False,False
38057,"Mercer County, North Dakota",ND,12,2203.1666666666665,2203.0,21.26812952126569,2140,2224,44.14144582443063,0.03478165599040572,-0.06536091682436303,39.581566666188465,0,0,0,84,2202.0,45.00260895668326,MEDIUM,2224,True,22.0,0.0,0.0,0.0,False,False
41009,"Columbia County, Oregon",OR,12,2196.75,2203.0,113.8740332760083,2025,2490,44.103190588002576,0.11462605287464271,-0.02377231704471762,40.16551394892193,0,0,0,465,2203.0,44.99445485754666,LOW,2034,True,-169.0,0.0,0.0,0.0,False,False
38053,"McKenzie County, North Dakota",ND,12,2176.4166666666665,2205.0,115.84586808132245,1935,2325,44.32993935650665,0.09214023224973515,-0.04159463874683711,41.13307523859812,0,0,0,390,2204.0,44.98372186140157,LOW,1944,True,-260.0,0.0,0.0,0.0,False,False
22025,"Catahoula Parish, Louisiana",LA,12,2223.8333333333335,2205.5,83.09888231753936,2145,2398,43.94414462220691,0.06592688140048886,0.00725399953827785,42.45220159531669,0,0,0,253,2205.0,44.96229294652545,MEDIUM,2398,True,193.0,0.0,0.0,0.0,False,False
56035,"Sublette County, Wyoming",WY,12,2229.6666666666665,2207.0,62.203965575623364,2156,2363,43.863485853406026,0.10765260945820661,-0.04305317357025328,37.681562868931536,0,0,0,207,2206.0,44.95435492689999,LOW,2363,True,157.0,0.0,0.0,0.0,False,False
40139,"Texas County, Oklahoma",OK,12,2259.6666666666665,2212.5,100.42213929510794,2207,2541,43.43736693580501,0.09567642858015352,-0.04428793978208664,44.866950430804856,0,0,0,334,2207.0,44.94212284783225,MEDIUM,2338,True,131.0,0.0,0.0,0.0,False,False
48437,"Swisher County, Texas",TX,12,2243.0833333333335,2209.0,109.18246473706579,2177,2581,43.617155722370676,0.09123100662569424,-0.010990282763859107,43.61571978646819,0,0,0,404,2208.0,44.93974856810103,LOW,2261,True,53.0,0.0,0.0,0.0,False,False
47047,"Fayette County, Tennessee",TN,12,2198.8333333333335,2209.5,35.67742686740161,2107,2234,44.20448085078903,0.12295065493363394,-0.04653035232105845,40.18892519112609,0,0,0,127,2209.0,44.93940291002293,LOW,2172,True,-37.0,0.0,0.0,0.0,False,False
30069,"Petroleum County, Montana",MT,12,2179.5,2210.0,94.01208819759684,1882,2220,44.41912448627346,0.1491484456634482,-0.007205652561351608,39.8848802819352,0,0,0,338,2210.0,44.93040485793301,LOW,2203,True,-7.0,0.0,0.0,0.0,False,False
48049,"Brown County, Texas",TX,12,2220.5,2212.0,45.504245556171675,2177,2359,43.904737092427354,0.08701628697262996,-0.04063098297464491,41.355723958888646,0,0,0,182,2211.0,44.898194260599,LOW,2186,True,-25.0,0.0,0.0,0.0,False,False
50023,"Washington County, Vermont",VT,12,2171.6666666666665,2212.5,114.15327282636139,1818,2222,44.48494629464136,0.13091737884303067,-0.03432377114116864,38.56352959136461,0,0,0,404,2212.0,44.89337491627808,LOW,2156,True,-56.0,0.0,0.0,0.0,False,False
12017,"Citrus County, Florida",FL,12,2192.5833333333335,2213.0,52.082903028525436,2089,2270,44.20167321109535,0.16442774450108585,0.016833015960059265,44.465163613406595,0,0,0,181,2213.0,44.87793742231736,MEDIUM,2098,True,-115.0,0.0,0.0,0.0,False,False
35025,"Lea County, New Mexico",NM,12,2167.1666666666665,2215.0,154.440240477629,1841,2342,44.40070224506633,0.11890773079552196,-0.030846460865971977,41.72824819434955,0,0,0,501,2214.0,44.85459277648441,LOW,1850,True,-364.0,0.0,0.0,0.0,False,False
53007,"Chelan County, Washington",WA,12,2233.6666666666665,2216.0,37.780065290220726,2210,2317,43.79969645854711,0.10577936994369778,-0.04763454840047649,41.623164655372314,0,0,0,107,2215.0,44.853967731088105,MEDIUM,2317,True,102.0,0.0,0.0,0.0,False,False
51147,"Prince Edward County, Virginia",VA,12,2204.1666666666665,2216.5,113.25340318654159,1868,2324,44.145630910879454,0.14102618246645335,-0.020009265581229334,39.332728566066656,0,0,0,456,2216.0,44.83705415800064,MEDIUM,2324,True,108.0,0.0,0.0,0.0,False,False
36087,"Rockland County, New York",NY,12,2188.75,2217.5,55.75942643503105,2068,2227,44.26964750409943,0.12828063539934348,-0.05108602107410004,37.75900803253137,0,0,0,159,2217.0,44.824764872844455,LOW,2118,True,-99.0,0.0,0.0,0.0,False,False
17001,"Adams County, Illinois",IL,12,2207.5,2218.5,39.681688013948666,2136,2256,44.07399740139501,0.09310446724586201,-0.0716275116173158,38.64990166487968,0,0,0,120,2218.0,44.824714754677345,LOW,2145,True,-73.0,0.0,0.0,0.0,False,False
31093,"Howard County, Nebraska",NE,12,2218.25,2220.0,18.005680921713154,2164,2233,43.973272844949555,0.16043112875012264,-0.05079825871752198,38.5290330551955,0,0,0,69,2219.0,44.82416069834565,LOW,2226,True,7.0,0.0,0.0,0.0,False,False
30001,"Beaverhead County, Montana",MT,12,2228.0,2220.5,117.06408501329513,1934,2411,43.906280973471866,0.13891928115361912,-0.0188555108312317,43.641020090240154,0,0,0,477,2220.0,44.814828922014435,LOW,2411,True,191.0,0.0,0.0,0.0,False,False
41003,"Benton County, Oregon",OR,12,2267.0833333333335,2222.0,151.06979623119025,2207,2746,43.23499535392276,0.07411507956634131,-0.07132994442995709,38.42631098551758,0,0,0,539,2221.0,44.8131629172626,LOW,2216,True,-5.0,0.0,0.0,0.0,False,False
27135,"Roseau County, Minnesota",MN,12,2266.6666666666665,2227.5,69.7793057800915,2222,2442,43.41104836875473,0.08325839974450348,-0.07957219331589795,40.03763668961603,0,0,0,220,2222.0,44.8024929665334,MEDIUM,2341,True,119.0,0.0,0.0,0.0,False,False
27105,"Nobles County, Minnesota",MN,12,2246.0,2224.0,72.03660685563086,2193,2467,43.616946879967294,0.1374144524749029,-0.06162648309468935,41.09878799232935,0,0,0,274,2223.0,44.79988277067108,MEDIUM,2202,True,-21.0,0.0,0.0,0.0,False,False
27059,"Isanti County, Minnesota",MN,12,2233.9166666666665,2225.0,24.65934576044814,2202,2280,43.815869825337614,0.10069439948140564,-0.06921284297459107,38.987139342185145,0,0,0,78,2224.0,44.79901349340146,LOW,2211,True,-13.0,0.0,0.0,0.0,False,False
41071,"Yamhill County, Oregon",OR,12,2238.5833333333335,2226.5,34.81237589064432,2225,2348,43.73233387392968,0.13275387226572014,-0.04168431692166607,39.92339869638224,0,0,0,123,2225.0,44.786634562380726,MEDIUM,2241,True,16.0,0.0,0.0,0.0,False,False
54047,"McDowell County, West Virginia",WV,12,2189.6666666666665,2226.0,55.18289150770838,2052,2236,44.32715395107888,0.15420134408144995,0.06087838366963367,54.971200382551594,0,0,0,184,2226.0,44.77514386661781,LOW,2160,True,-66.0,0.0,0.0,0.0,False,False
19049,"Dallas County, Iowa",IA,12,2226.0833333333335,2228.0,85.22425853255778,1980,2327,43.92837478109764,0.125553407391227,-0.0975943822545417,42.29027997167269,0,0,0,347,2227.0,44.77499526199228,MEDIUM,2327,True,100.0,0.0,0.0,0.0,False,False
16039,"Elmore County, Idaho",ID,12,2229.3333333333335,2228.0,64.20610751653018,2154,2414,43.83672420419367,0.0990917180855241,-0.0014761635818632752,48.29327348597946,0,0,0,260,2228.0,44.764713188208965,LOW,2163,True,-65.0,0.0,0.0,0.0,False,False
49057,"Weber County, Utah",UT,12,2259.3333333333335,2234.5,56.06705941562439,2229,2427,43.51412564031539,0.09782459680543533,-0.06397175630138598,44.7095724816293,0,0,0,198,2229.0,44.75736361892181,MEDIUM,2282,True,53.0,0.0,0.0,0.0,False,False
48321,"Matagorda County, Texas",TX,12,2206.5,2230.0,83.80984971404568,2033,2328,44.048540734338225,0.07452685724784712,-0.028098907164599392,38.12914841925898,0,0,0,295,2230.0,44.752079505476544,LOW,2042,True,-188.0,0.0,0.0,0.0,False,False
12099,"Palm Beach County, Florida",FL,12,2240.25,2231.0,72.05443018365287,2186,2462,43.706571751340526,0.14784857617046387,0.0066151384283805,50.57317438213419,0,0,0,276,2231.0,44.74758021776298,MEDIUM,2195,True,-36.0,0.0,0.0,0.0,False,False
08043,"Fremont County, Colorado",CO,12,2236.1666666666665,2233.0,21.837554530642635,2201,2274,43.818520198474005,0.11503279055377043,-0.016099001173379274,41.63855433029032,0,0,0,73,2232.0,44.73981548062796,LOW,2274,True,42.0,0.0,0.0,0.0,False,False
17131,"Mercer County, Illinois",IL,12,2197.0,2234.0,187.71060898966982,1605,2291,44.251510646633584,0.0935957676058695,-0.052009717269532345,39.03057700717194,0,0,0,686,2233.0,44.71988816071803,LOW,2291,True,58.0,0.0,0.0,0.0,False,False
20055,"Finney County, Kansas",KS,12,2285.8333333333335,2239.5,70.47221674768956,2234,2407,43.24621700387556,0.09541124688537843,-0.09197849442648354,40.51219236583339,0,0,0,173,2234.0,44.70731743700764,MEDIUM,2407,True,173.0,0.0,0.0,0.0,False,False
38049,"McHenry County, North Dakota",ND,12,2283.0,2236.0,103.20764594650045,2228,2577,43.191783268667855,0.10553597710673489,-0.02656865439275459,41.67276205886519,0,0,0,349,2235.0,44.68224374237386,LOW,2357,True,122.0,0.0,0.0,0.0,False,False
21235,"Whitley County, Kentucky",KY,12,2191.75,2237.0,227.4107717125755,1475,2313,44.28571200638856,0.12471715069651691,-0.05087415103982754,42.47643209002487,0,0,0,838,2236.0,44.681544443296545,MEDIUM,2313,True,77.0,0.0,0.0,0.0,False,False
48361,"Orange County, Texas",TX,12,2180.25,2237.0,100.94834412618262,1970,2247,44.359064291969894,0.07388050314648437,-0.009558929523345592,39.712766960399094,0,0,0,277,2237.0,44.68114172661362,LOW,1979,True,-258.0,0.0,0.0,0.0,False,False
22021,"Caldwell Parish, Louisiana",LA,12,2288.1666666666665,2239.0,107.468247600974,2208,2554,43.18447658400179,0.09375094475056066,-0.022036968542656767,39.470973505041755,0,0,0,346,2238.0,44.67654133910917,LOW,2409,True,171.0,0.0,0.0,0.0,False,False
41039,"Lane County, Oregon",OR,12,2251.9166666666665,2240.0,73.2721680180176,2178,2472,43.57786088027214,0.11062568535633231,-0.052149724237779575,40.3726679162569,0,0,0,294,2239.0,44.6631182286387,LOW,2187,True,-52.0,0.0,0.0,0.0,False,False
19087,"Henry County, Iowa",IA,12,2179.5833333333335,2240.5,186.70514349117596,1609,2294,44.41373158648821,0.11580055769500301,-0.07849842393684019,37.27003784262946,0,0,0,685,2240.0,44.659153075325726,LOW,2137,True,-103.0,0.0,0.0,0.0,False,False
19077,"Guthrie County, Iowa",IA,12,2184.9166666666665,2241.5,185.27446879664444,1602,2269,44.37300024122512,0.1399255386205194,-0.05366296464334738,41.486349119661654,0,0,0,667,2241.0,44.64448776116412,LOW,2194,True,-47.0,0.0,0.0,0.0,False,False
38073,"Ransom County, North Dakota",ND,12,2216.75,2242.0,43.350841451411924,2130,2252,44.00053663836383,0.08680578555190575,-0.007288548744453167,41.935270753706064,0,0,0,122,2242.0,44.63290780342065,LOW,2139,True,-103.0,0.0,0.0,0.0,False,False
01029,"Cleburne County, Alabama",AL,12,2225.0833333333335,2243.0,48.545121154229165,2076,2253,43.94071343039861,0.17236022745322854,-0.026635083298816625,41.33965698192146,0,0,0,177,2243.0,44.62351427626126,LOW,2218,True,-25.0,0.0,0.0,0.0,False,False
16017,"Bonner County, Idaho",ID,12,2257.5833333333335,2245.0,59.49859942329177,2197,2431,43.55512169001435,0.14184763529603106,0.0010777302895935165,47.236079834930024,0,0,0,234,2244.0,44.62344993042399,MEDIUM,2277,True,33.0,0.0,0.0,0.0,False,False
16007,"Bear Lake County, Idaho",ID,12,2233.5,2245.5,75.64209986989569,2037,2335,43.88312416210437,0.15685627509064917,0.03760813572907604,47.318056542639546,0,0,0,298,2245.0,44.61761487970371,MEDIUM,2335,True,90.0,0.0,0.0,0.0,False,False
30003,"Big Horn County, Montana",MT,12,2183.25,2246.0,165.95241650983735,1669,2256,44.39073374287964,0.12680244294320495,-0.021072147768999253,41.956995246012525,0,0,0,587,2246.0,44.59245081625085,LOW,2158,True,-88.0,0.0,0.0,0.0,False,False
27149,"Stevens County, Minnesota",MN,12,2256.5,2248.0,19.383685736393716,2237,2301,43.59557050355236,0.1291284730747591,-0.06683059812522851,37.48337777479229,0,0,0,64,2247.0,44.58396865334383,MEDIUM,2301,True,54.0,0.0,0.0,0.0,False,False
48079,"Cochran County, Texas",TX,12,2176.5833333333335,2248.0,186.3947220933105,1593,2258,44.47953320530135,0.14297279624277745,0.007978906825728485,38.18494050266958,0,0,0,665,2248.0,44.57804140808804,LOW,2173,True,-75.0,0.0,0.0,0.0,False,False
35051,"Sierra County, New Mexico",NM,12,2234.5833333333335,2249.5,106.42321887234728,1910,2331,43.86506318157988,0.16636235118403842,-0.050033006845451894,38.804822488979134,0,0,0,421,2249.0,44.576555160831845,MEDIUM,2331,True,82.0,0.0,0.0,0.0,False,False
21229,"Washington County, Kentucky",KY,12,2255.1666666666665,2251.0,31.90848656943034,2172,2304,43.635505436422534,0.16471389180521082,-0.04986355867213422,39.82986391204115,0,0,0,132,2250.0,44.56434171566653,LOW,2304,True,54.0,0.0,0.0,0.0,False,False
02060,"Bristol Bay Borough, Alaska",AK,12,2175.0,2251.0,290.3070474828019,1588,2609,44.221286069054365,0.066614540644327,-0.030828372690600393,36.00264647482452,0,0,0,1021,2251.0,44.55883720341112,LOW,1597,True,-654.0,0.0,0.0,0.0,False,False
51510,"Alexandria city, Virginia",VA,12,2221.3333333333335,2252.0,213.64257889089322,1558,2376,44.002191013215615,0.10550347526243592,-0.06738296370210468,37.0602015763911,0,0,0,818,2252.0,44.55500855282706,MEDIUM,2376,True,124.0,0.0,0.0,0.0,False,False
22073,"Ouachita Parish, Louisiana",LA,12,2247.8333333333335,2253.0,66.37336997941449,2045,2305,43.74014685669554,0.04769651677411991,-0.0938064913458835,39.754650224059496,0,0,0,260,2253.0,44.55355038742867,MEDIUM,2305,True,52.0,0.0,0.0,0.0,False,False
45071,"Newberry County, South Carolina",SC,12,2288.75,2254.5,62.200738083899104,2254,2412,43.248674221263165,0.12399262291832404,-0.04269567410321492,43.53452078190791,0,0,0,158,2254.0,44.5484872375572,MEDIUM,2412,True,158.0,0.0,0.0,0.0,False,False
19051,"Davis County, Iowa",IA,12,2280.6666666666665,2255.0,88.67851367653147,2222,2557,43.26215837560755,0.12356590757375314,-0.07932840003634052,37.387874328314,0,0,0,335,2255.0,44.54221522562083,LOW,2231,True,-24.0,0.0,0.0,0.0,False,False
31049,"Deuel County, Nebraska",NE,12,2292.5833333333335,2259.0,95.25225679343468,2256,2591,43.13739605960444,0.10919448479818465,-0.054892143959189295,40.767042580639725,0,0,0,335,2256.0,44.53660426065023,LOW,2302,True,46.0,0.0,0.0,0.0,False,False
31167,"Stanton County, Nebraska",NE,12,2227.5833333333335,2257.0,68.11949171503818,2048,2273,43.959933955637986,0.1006166896120592,-0.05790332144060151,39.63658827393922,0,0,0,225,2257.0,44.52104861677393,LOW,2169,True,-88.0,0.0,0.0,0.0,False,False
46035,"Davison County, South Dakota",SD,12,2273.1666666666665,2258.0,46.93870923068102,2198,2370,43.45382057819945,0.08217993751353302,-0.08261742813331154,40.26899975336948,0,0,0,172,2258.0,44.5197914715178,MEDIUM,2370,True,112.0,0.0,0.0,0.0,False,False
22063,"Livingston Parish, Louisiana",LA,12,2271.0833333333335,2259.0,26.902038899862116,2240,2322,43.44309742792004,0.03351999769820698,-0.08667701763344567,38.12608714012764,0,0,0,82,2259.0,44.509237314720224,LOW,2249,True,-10.0,0.0,0.0,0.0,False,False
27139,"Scott County, Minnesota",MN,12,2239.3333333333335,2260.0,95.69870649200242,1940,2300,43.83864980428954,0.10150261102295684,-0.08591703047068629,40.21515713424379,0,0,0,360,2260.0,44.5068350869059,MEDIUM,2256,True,-4.0,0.0,0.0,0.0,False,False
46099,"Minnehaha County, South Dakota",SD,12,2276.0833333333335,2265.5,19.138055060929013,2261,2309,43.417804564719496,0.0822133898845212,-0.06822135102622873,45.10975484934738,0,0,0,48,2261.0,44.49778116020829,MEDIUM,2295,True,34.0,0.0,0.0,0.0,False,False
28161,"Yalobusha County, Mississippi",MS,12,2247.8333333333335,2262.0,81.25026806482582,1996,2312,43.7504035790863,0.12619168306606612,-0.04870090155794793,43.2819140158025,0,0,0,316,2262.0,44.494983265904075,MEDIUM,2312,True,50.0,0.0,0.0,0.0,False,False
17153,"Pulaski County, Illinois",IL,12,2244.0833333333335,2263.5,120.88721891486165,1872,2345,43.79941494309329,0.1095387586272872,-0.023984759037376208,38.951027792330954,0,0,0,473,2263.0,44.487027710533454,LOW,2345,True,82.0,0.0,0.0,0.0,False,False
53011,"Clark County, Washington",WA,12,2266.4166666666665,2265.0,64.11702133008383,2171,2435,43.49777911278119,0.10102730849922222,-0.049039409687322184,40.86729545694463,0,0,0,264,2264.0,44.481231783160005,LOW,2180,True,-84.0,0.0,0.0,0.0,False,False
45049,"Hampton County, South Carolina",SC,12,2240.0,2265.0,56.78027826631347,2117,2287,43.79133230279711,0.12165408973310891,-0.0305548507737341,39.92464210174414,0,0,0,170,2265.0,44.47802195625829,LOW,2126,True,-139.0,0.0,0.0,0.0,False,False
28163,"Yazoo County, Mississippi",MS,12,2254.4166666666665,2267.0,98.01248374414853,1971,2367,43.681987288233906,0.09036601063614648,-0.03255672263617462,46.975852016238065,0,0,0,396,2266.0,44.45099195475069,MEDIUM,2367,True,101.0,0.0,0.0,0.0,False,False
47141,"Putnam County, Tennessee",TN,12,2251.0,2269.0,180.55671483699314,1715,2440,43.76281076603885,0.13712528187856235,-0.050304284397437136,43.603165820788206,0,0,0,725,2267.0,44.45037488706327,MEDIUM,2440,True,173.0,0.0,0.0,0.0,False,False
48507,"Zavala County, Texas",TX,12,2267.75,2268.0,200.66621992299005,2047,2847,43.20289263341379,0.08136556774986292,0.03719186186208171,42.55632852529071,0,0,0,800,2268.0,44.445603968889145,LOW,2056,True,-212.0,0.0,0.0,0.0,False,False
46053,"Gregory County, South Dakota",SD,12,2275.8333333333335,2267.0,196.849196240691,2049,2845,43.096289816744324,0.09432547150232869,-0.024731525484530417,38.486280391138315,0,0,0,796,2269.0,44.442673556906705,LOW,2058,True,-211.0,0.0,0.0,0.0,False,False
45023,"Chester County, South Carolina",SC,12,2294.6666666666665,2272.0,44.61417087007495,2263,2382,43.19638502032927,0.11954289728547125,-0.03371108217803586,43.99290997616989,0,0,0,119,2270.0,44.406774294513184,MEDIUM,2365,True,95.0,0.0,0.0,0.0,False,False
25007,"Dukes County, Massachusetts",MA,12,2219.5833333333335,2271.0,125.15768841624141,1842,2282,44.08260933246651,0.13862749571514751,-0.022335051861993183,40.03890185789748,0,0,0,440,2271.0,44.4035562568169,LOW,2176,True,-95.0,0.0,0.0,0.0,False,False
04027,"Yuma County, Arizona",AZ,12,2314.3333333333335,2274.0,95.67590494935908,2230,2538,42.97681163302081,0.12338106685472565,-0.021897850687861483,42.67695675363078,0,0,0,308,2272.0,44.40115600749368,LOW,2431,True,159.0,0.0,0.0,0.0,False,False
28039,"George County, Mississippi",MS,12,2276.0,2275.0,20.135901903181352,2246,2331,43.42379775206251,0.10232734385849279,-0.037239216226963225,41.33453579205464,0,0,0,85,2273.0,44.3916749483182,LOW,2255,True,-18.0,0.0,0.0,0.0,False,False
12095,"Orange County, Florida",FL,12,2298.6666666666665,2276.0,61.15157521695704,2247,2466,43.13205910750734,0.1432875569939817,-0.0498157902599936,43.593399184855365,0,0,0,219,2274.0,44.38507393541746,MEDIUM,2349,True,75.0,0.0,0.0,0.0,False,False
28065,"Jefferson Davis County, Mississippi",MS,12,2239.0833333333335,2276.0,194.79474434450847,1656,2425,43.857687023728026,0.07887119722606502,0.01767080827018762,49.27525587187329,0,0,0,769,2275.0,44.326973903868065,MEDIUM,2425,True,150.0,0.0,0.0,0.0,False,False
27113,"Pennington County, Minnesota",MN,12,2330.8333333333335,2282.5,96.47781971505012,2276,2570,42.766542335401844,0.06122883111636482,-0.0870140527084075,38.68743141206559,0,0,0,294,2276.0,44.32511401228568,MEDIUM,2441,True,165.0,0.0,0.0,0.0,False,False
53047,"Okanogan County, Washington",WA,12,2310.5,2279.0,74.7206920349499,2245,2487,42.98919551983045,0.13690003747302862,-0.01859556449104546,43.15335910013022,0,0,0,242,2277.0,44.32097169557397,LOW,2401,True,124.0,0.0,0.0,0.0,False,False
21221,"Trigg County, Kentucky",KY,12,2281.3333333333335,2279.0,155.86435439091576,1904,2530,43.373607198467475,0.14274741154754447,-0.007923890559911625,45.972073404905046,0,0,0,626,2278.0,44.303551748535455,LOW,2530,True,252.0,0.0,0.0,0.0,False,False
49053,"Washington County, Utah",UT,12,2273.4166666666665,2279.0,27.510190949184718,2235,2336,43.43236529263918,0.16203725719133066,-0.016793005250263074,48.603137829284115,0,0,0,101,2279.0,44.29617597693296,LOW,2257,True,-22.0,0.0,0.0,0.0,False,False
47037,"Davidson County, Tennessee",TN,12,2260.0,2280.0,76.93680996293466,2016,2291,43.63463841039586,0.13017421619097777,-0.026999167337115524,47.898872707557565,0,0,0,275,2280.0,44.287950489000295,LOW,2289,True,9.0,0.0,0.0,0.0,False,False
28137,"Tate County, Mississippi",MS,12,2318.4166666666665,2283.0,94.65579589739713,2192,2515,42.95533621667273,0.08697993758193652,-0.09383655092629618,38.752611965205595,0,0,0,323,2281.0,44.28044302834228,LOW,2515,True,234.0,0.0,0.0,0.0,False,False
38081,"Sargent County, North Dakota",ND,12,2294.25,2282.0,54.218623100454145,2253,2463,43.189361488389615,0.07035706399176743,-0.02934829275084345,41.57326187251338,0,0,0,210,2282.0,44.28010979772851,LOW,2262,True,-20.0,0.0,0.0,0.0,False,False
22059,"LaSalle Parish, Louisiana",LA,12,2348.25,2289.5,112.68631037288667,2283,2574,42.55090800387676,0.0708943016312442,-0.055236683221524446,40.34911975841496,0,0,0,291,2283.0,44.27696684216296,LOW,2574,True,291.0,0.0,0.0,0.0,False,False
31009,"Blaine County, Nebraska",NE,12,2290.0,2282.0,148.0012284961298,2115,2716,43.083814408021745,0.07537232379557966,-0.0627784243386781,38.08623853744801,0,0,0,601,2284.0,44.26397736595809,LOW,2124,True,-160.0,0.0,0.0,0.0,False,False
48401,"Rusk County, Texas",TX,12,2326.0,2286.0,101.92332233774385,2285,2641,42.75008855847461,0.09229207227357916,-0.03454816446392129,42.46036168336623,0,0,0,356,2285.0,44.252822502494176,MEDIUM,2351,True,66.0,0.0,0.0,0.0,False,False
38063,"Nelson County, North Dakota",ND,12,2271.75,2286.5,118.05478312284441,1963,2433,43.53772585567935,0.05520625036216004,0.023095830253011665,50.186793688003625,0,0,0,470,2286.0,44.24666271919309,HIGH,2433,True,147.0,0.0,0.0,0.0,False,False
47117,"Marshall County, Tennessee",TN,12,2273.3333333333335,2287.5,35.39731200203904,2173,2297,43.46570267778561,0.13311585065409168,-0.048011531151292274,42.96304541798215,0,0,0,124,2287.0,44.2319964765655,LOW,2254,True,-33.0,0.0,0.0,0.0,False,False
42093,"Montour County, Pennsylvania",PA,12,2335.6666666666665,2289.0,73.72717931466623,2284,2477,42.78904555362576,0.05787879901004967,-0.12533348284030899,35.959090419522624,0,0,0,193,2288.0,44.21951960738056,LOW,2477,True,189.0,0.0,0.0,0.0,False,False
27035,"Crow Wing County, Minnesota",MN,12,2287.3333333333335,2290.0,29.973725868237345,2195,2310,43.31602566238842,0.09380623214582955,-0.06047474725244357,40.892492350785545,0,0,0,115,2289.0,44.21868384513874,MEDIUM,2310,True,21.0,0.0,0.0,0.0,False,False
35019,"Guadalupe County, New Mexico",NM,12,2315.8333333333335,2290.0,186.15820902629787,2135,2876,42.679779325934724,0.1039121609532711,-0.032953750263231586,37.940853897199034,0,0,0,741,2290.0,44.213103447144434,LOW,2144,True,-146.0,0.0,0.0,0.0,False,False
53057,"Skagit County, Washington",WA,12,2275.5833333333335,2291.0,36.342958135801325,2168,2300,43.45431877681943,0.10901467660664443,-0.03875475576896443,40.28823146429971,0,0,0,132,2291.0,44.19938098510352,LOW,2263,True,-28.0,0.0,0.0,0.0,False,False
46043,"Douglas County, South Dakota",SD,12,2315.4166666666665,2292.0,133.96842119987787,2198,2725,42.8165917395335,0.08597633221362395,-0.05680218723557535,38.001835280368496,0,0,0,527,2292.0,44.19053603754213,LOW,2207,True,-85.0,0.0,0.0,0.0,False,False
48115,"Dawson County, Texas",TX,12,2255.8333333333335,2292.0,109.97258611567565,2030,2413,43.55000046089072,0.154021093091839,0.002888615377081466,44.42323720542589,0,0,0,383,2293.0,44.15994478157654,LOW,2039,True,-254.0,0.0,0.0,0.0,False,False
48495,"Winkler County, Texas",TX,12,2220.5,2293.0,142.59446629579222,1915,2302,43.93377486422441,0.10478754861709165,0.010599296844711949,47.480497374673405,0,0,0,387,2294.0,44.14551225452474,LOW,1924,True,-370.0,0.0,0.0,0.0,False,False
41019,"Douglas County, Oregon",OR,12,2305.9166666666665,2295.0,67.03250003249211,2236,2506,43.015121004271634,0.13893794114991884,-0.04926069124566424,40.435310601425854,0,0,0,270,2295.0,44.12205937907261,LOW,2245,True,-50.0,0.0,0.0,0.0,False,False
53013,"Columbia County, Washington",WA,12,2319.0833333333335,2296.0,128.75519995383294,2216,2717,42.760427159030456,0.08975490048194346,-0.07023328647401296,39.198657930900886,0,0,0,501,2296.0,44.11329888538103,LOW,2225,True,-71.0,0.0,0.0,0.0,False,False
48181,"Grayson County, Texas",TX,12,2308.4166666666665,2297.0,55.42309714342659,2255,2476,43.00598387448633,0.07411273746651915,-0.06333794236393094,43.941404108409664,0,0,0,221,2297.0,44.11084328054175,LOW,2264,True,-33.0,0.0,0.0,0.0,False,False
30011,"Carter County, Montana",MT,12,2282.6666666666665,2298.0,88.9896146477302,2012,2364,43.3618226738998,0.12229553937141492,-0.018252887116740984,41.07069306354148,0,0,0,352,2298.0,44.07806081621315,LOW,2364,True,66.0,0.0,0.0,0.0,False,False
12079,"Madison County, Florida",FL,12,2317.9166666666665,2300.0,42.57924875150361,2277,2402,42.93030083252807,0.15988045521404362,-0.015095513031110232,43.81442266237341,0,0,0,125,2299.0,44.05239712194855,LOW,2402,True,103.0,0.0,0.0,0.0,False,False
12086,"Miami-Dade County, Florida",FL,12,2239.0,2300.0,106.20049648916635,2017,2310,43.75622623580586,0.16858160602855488,0.0014055301257050255,46.420790894140474,0,0,0,293,2300.0,44.04324274502461,LOW,2026,True,-274.0,0.0,0.0,0.0,False,False
45025,"Chesterfield County, South Carolina",SC,12,2296.75,2301.5,54.4645422604134,2150,2372,43.202457239670565,0.12065945916725858,-0.03422896084443646,44.920719201271844,0,0,0,222,2301.0,44.04245365813063,LOW,2372,True,71.0,0.0,0.0,0.0,False,False
48311,"McMullen County, Texas",TX,12,2226.8333333333335,2228.5,279.82164232802216,1830,2938,43.47495146663987,0.08723798771551888,-0.031398820930411124,37.00972807043967,0,0,0,1108,2302.0,44.0317587432781,LOW,1839,True,-463.0,0.0,0.0,0.0,False,False
08091,"Ouray County, Colorado",CO,12,2255.75,2303.0,94.1701796073085,2055,2318,43.53501789422335,0.18089288767748077,-0.0022224358237743665,42.001206830214194,0,0,0,263,2303.0,44.0143587143167,LOW,2064,True,-239.0,0.0,0.0,0.0,False,False
19097,"Jackson County, Iowa",IA,12,2332.0,2308.5,36.012624049201,2304,2395,42.782356555924274,0.10063588744251101,-0.0870257595077341,38.57220128021427,0,0,0,91,2304.0,43.999590955077835,MEDIUM,2395,True,91.0,0.0,0.0,0.0,False,False
16085,"Valley County, Idaho",ID,12,2292.0833333333335,2305.0,25.202663399415535,2248,2314,43.22069614523348,0.15644794309697113,0.01828700924117951,47.96203698071278,0,0,0,66,2305.0,43.98648970825038,MEDIUM,2309,True,4.0,0.0,0.0,0.0,False,False
25001,"Barnstable County, Massachusetts",MA,12,2233.3333333333335,2306.0,185.450475296988,1670,2319,43.882487165385356,0.14856556851647976,-0.038827581007714426,40.76048801314603,0,0,0,649,2306.0,43.98490712763184,LOW,2175,True,-131.0,0.0,0.0,0.0,False,False
20153,"Rawlins County, Kansas",KS,12,2302.8333333333335,2307.0,103.04617970364139,2009,2430,43.16846091789531,0.11089326422669932,-0.02629664778636005,45.06984473247173,0,0,0,421,2307.0,43.984804112260576,MEDIUM,2430,True,123.0,0.0,0.0,0.0,False,False
27095,"Mille Lacs County, Minnesota",MN,12,2300.0,2308.0,46.41708149534455,2154,2323,43.163369158587074,0.12243903713624288,-0.075588403083071,39.44901976959006,0,0,0,169,2308.0,43.97341389299916,MEDIUM,2322,True,14.0,0.0,0.0,0.0,False,False
16057,"Latah County, Idaho",ID,12,2346.5833333333335,2309.0,134.83691046683927,2288,2774,42.42429149171877,0.11138646179526929,-0.042633680697403614,42.454239178825176,0,0,0,486,2309.0,43.9667782883475,LOW,2297,True,-12.0,0.0,0.0,0.0,False,False
38007,"Billings County, North Dakota",ND,12,2327.25,2310.0,203.31575308997938,2092,2915,42.476003777904246,0.06977478907156653,-0.044648196528436095,37.47925522460385,0,0,0,823,2310.0,43.96564854839574,LOW,2101,True,-209.0,0.0,0.0,0.0,False,False
08029,"Delta County, Colorado",CO,12,2288.25,2310.0,35.87383194170671,2216,2319,43.27516550635347,0.14293060474421632,-0.006120617846443758,39.68725027090885,0,0,0,103,2311.0,43.95731705284188,LOW,2243,True,-68.0,0.0,0.0,0.0,False,False
50013,"Grand Isle County, Vermont",VT,12,2278.5,2312.0,144.51266065957367,1822,2355,43.4030542854031,0.12691013540263804,-0.06040425390879262,37.97927519219216,0,0,0,533,2312.0,43.94843341034737,LOW,2355,True,43.0,0.0,0.0,0.0,False,False
13117,"Forsyth County, Georgia",GA,12,2252.0,2313.0,220.7956686004671,1551,2323,43.68781724017081,0.13430832711100846,-0.041742206732379605,42.72386092672181,0,0,0,772,2313.0,43.94401492900951,LOW,2323,True,10.0,0.0,0.0,0.0,False,False
31063,"Frontier County, Nebraska",NE,12,2321.5,2314.0,54.30971786471968,2188,2410,42.9431870683324,0.11785450216496744,-0.061809004122252105,39.63575076844785,0,0,0,222,2314.0,43.936892141827094,LOW,2410,True,96.0,0.0,0.0,0.0,False,False
48167,"Galveston County, Texas",TX,12,2360.5833333333335,2315.0,101.6620590113354,2301,2646,42.38497258268266,0.06832475794071072,-0.036610278525512754,42.90814439752287,0,0,0,345,2315.0,43.9187742295575,MEDIUM,2439,True,124.0,0.0,0.0,0.0,False,False
48097,"Cooke County, Texas",TX,12,2297.8333333333335,2315.0,38.482187929986395,2212,2324,43.15525512357945,0.08128577818224934,-0.03692011310653986,41.60814176217572,0,0,0,112,2316.0,43.913922034044376,LOW,2221,True,-95.0,0.0,0.0,0.0,False,False
30061,"Mineral County, Montana",MT,12,2295.8333333333335,2316.5,61.5774949051022,2105,2329,43.23180995508462,0.17661205140238442,-0.020859097060219583,44.99581340067413,0,0,0,224,2317.0,43.90053610086209,LOW,2329,True,12.0,0.0,0.0,0.0,False,False
45027,"Clarendon County, South Carolina",SC,12,2330.9166666666665,2317.5,44.07938774804408,2285,2427,42.852043028352476,0.13632764380972404,-0.04208064864826896,43.251283339417306,0,0,0,142,2318.0,43.900342989832055,MEDIUM,2427,True,109.0,0.0,0.0,0.0,False,False
31105,"Kimball County, Nebraska",NE,12,2375.8333333333335,2323.0,83.82431122004608,2318,2528,42.27222170281564,0.11983994114838037,-0.07425952832374942,41.29956756665716,0,0,0,210,2319.0,43.879053791663765,LOW,2528,True,209.0,0.0,0.0,0.0,False,False
30097,"Sweet Grass County, Montana",MT,12,2327.5,2319.5,74.83861424303757,2166,2462,42.88890471839798,0.13525190203810494,-0.03060377259204025,42.11488141208089,0,0,0,296,2320.0,43.8719010672207,LOW,2462,True,142.0,0.0,0.0,0.0,False,False
08119,"Teller County, Colorado",CO,12,2286.3333333333335,2320.0,95.46854154244957,1987,2329,43.33482195059634,0.09875853646988074,-0.032709628123486115,40.49244215147954,0,0,0,342,2321.0,43.870187549530286,LOW,2287,True,-34.0,0.0,0.0,0.0,False,False
05077,"Lee County, Arkansas",AR,12,2335.9166666666665,2322.0,52.46030245179039,2249,2443,42.797449454752716,0.12912693909052145,-0.05086103043681065,41.329064383708435,0,0,0,194,2322.0,43.84514513580325,MEDIUM,2443,True,121.0,0.0,0.0,0.0,False,False
38001,"Adams County, North Dakota",ND,12,2317.75,2323.0,11.561102495397826,2290,2332,42.96892289366331,0.05192294841113521,-0.01919139478834345,43.046299930264844,0,0,0,42,2323.0,43.83772532914047,LOW,2325,True,2.0,0.0,0.0,0.0,False,False
22011,"Beauregard Parish, Louisiana",LA,12,2336.4166666666665,2324.0,55.47228355155619,2279,2501,42.70759534449636,0.049487109173117355,-0.07689385086818813,41.191907032165105,0,0,0,222,2324.0,43.82162088635408,MEDIUM,2288,True,-36.0,0.0,0.0,0.0,False,False
45065,"McCormick County, South Carolina",SC,12,2359.6666666666665,2326.0,65.2607822276877,2325,2498,42.466245859931675,0.11442140748360265,-0.039136995455807365,40.12622093016715,0,0,0,173,2325.0,43.80906416803395,LOW,2498,True,173.0,0.0,0.0,0.0,False,False
13165,"Jenkins County, Georgia",GA,12,2283.8333333333335,2326.0,108.55985641222274,1944,2335,43.35206035760158,0.14268912910624362,-0.01601904980872319,39.7088187204311,0,0,0,391,2326.0,43.782114098776944,LOW,2286,True,-40.0,0.0,0.0,0.0,False,False
19043,"Clayton County, Iowa",IA,12,2330.8333333333335,2327.0,25.322764940709483,2263,2363,42.81258838086265,0.11220487599054176,-0.07185873008526251,39.32823141965215,0,0,0,100,2327.0,43.78085673325049,LOW,2346,True,19.0,0.0,0.0,0.0,False,False
48027,"Bell County, Texas",TX,12,2363.9166666666665,2328.5,75.03024642627713,2328,2579,42.38850577663103,0.0821076732556725,-0.041609303366674844,46.649240530776616,0,0,0,251,2328.0,43.77736871607735,MEDIUM,2417,True,89.0,0.0,0.0,0.0,False,False
08081,"Moffat County, Colorado",CO,12,2346.75,2329.0,104.83330924507126,2267,2672,42.48846917701738,0.0680320341324134,-0.05979967873884338,38.16525606959036,0,0,0,405,2329.0,43.74437690541735,LOW,2276,True,-53.0,0.0,0.0,0.0,False,False
13269,"Taylor County, Georgia",GA,12,2357.5,2330.0,64.02911269670453,2300,2497,42.50962284681919,0.10561071012243413,-0.05216023479283177,41.62673479488606,0,0,0,197,2330.0,43.739138665169854,MEDIUM,2497,True,167.0,0.0,0.0,0.0,False,False
41061,"Union County, Oregon",OR,12,2336.8333333333335,2335.0,6.939129279060535,2331,2352,42.72075267146118,0.11124719961863117,-0.05131641199016478,40.283029027705425,0,0,0,21,2331.0,43.72687005569051,LOW,2352,True,21.0,0.0,0.0,0.0,False,False
41007,"Clatsop County, Oregon",OR,12,2352.8333333333335,2332.0,71.7962183523406,2322,2580,42.47694241922221,0.09842185696193502,-0.032863847727824406,40.76383105241918,0,0,0,258,2332.0,43.72447268540098,LOW,2343,True,11.0,0.0,0.0,0.0,False,False
12007,"Bradford County, Florida",FL,12,2374.3333333333335,2334.0,81.99926089836906,2333,2553,42.292811294530885,0.11931905724885805,-0.06478921217862292,41.498473858734855,0,0,0,220,2333.0,43.72001073008913,LOW,2553,True,220.0,0.0,0.0,0.0,False,False
04009,"Graham County, Arizona",AZ,12,2371.3333333333335,2334.0,71.56984298042312,2324,2528,42.325759001958026,0.10298021479491686,-0.044819939050549096,39.6587920101728,0,0,0,204,2334.0,43.71388950710395,LOW,2471,True,137.0,0.0,0.0,0.0,False,False
12011,"Broward County, Florida",FL,12,2327.5833333333335,2335.0,74.10613805191635,2210,2512,42.777848619531845,0.11638016665379676,-0.041840237110251484,45.917648304363205,0,0,0,302,2335.0,43.70623327489232,LOW,2219,True,-116.0,0.0,0.0,0.0,False,False
32007,"Elko County, Nevada",NV,12,2337.5833333333335,2336.0,110.03095294534444,2175,2625,42.60598962170889,0.04774390014396595,-0.06226224975859662,39.20288484972991,0,0,0,450,2336.0,43.677597223920806,LOW,2184,True,-152.0,0.0,0.0,0.0,False,False
31045,"Dawes County, Nebraska",NE,12,2357.9166666666665,2341.5,33.80010310186897,2337,2440,42.48682436395073,0.09281022607043876,-0.06819490932746412,39.08930571128124,0,0,0,103,2337.0,43.65752021661889,MEDIUM,2400,True,63.0,0.0,0.0,0.0,False,False
05029,"Conway County, Arkansas",AR,12,2335.75,2338.0,140.79845363303724,1949,2525,42.77458204202923,0.134267331340767,-0.053435193442140226,44.5443810871411,0,0,0,576,2338.0,43.655773918491306,LOW,2525,True,187.0,0.0,0.0,0.0,False,False
08101,"Pueblo County, Colorado",CO,12,2368.3333333333335,2339.0,114.44040396907924,2323,2731,42.23798445221618,0.09659989530781588,-0.03523534757782066,48.350662010824216,0,0,0,408,2339.0,43.651566360833286,MEDIUM,2332,True,-7.0,0.0,0.0,0.0,False,False
53005,"Benton County, Washington",WA,12,2352.3333333333335,2340.0,29.13708456537302,2317,2401,42.55894866136853,0.06385482990963263,-0.08231121925138814,39.04101153944054,0,0,0,84,2340.0,43.650178247716504,LOW,2326,True,-14.0,0.0,0.0,0.0,False,False
46103,"Pennington County, South Dakota",SD,12,2333.8333333333335,2341.0,58.63885359993957,2153,2383,42.811581324153316,0.10012239767957744,-0.03548608522162882,51.161538922011715,0,0,0,230,2341.0,43.63077696914969,LOW,2383,True,42.0,0.0,0.0,0.0,False,False
46009,"Bon Homme County, South Dakota",SD,12,2349.6666666666665,2342.0,103.44461261364872,2090,2512,42.64510480462113,0.1422927245420615,-0.04026435491918074,40.329169467785775,0,0,0,422,2342.0,43.62991697942612,LOW,2512,True,170.0,0.0,0.0,0.0,False,False
20017,"Chase County, Kansas",KS,12,2392.75,2347.5,84.4706780755633,2343,2558,42.05501641140414,0.09604047065247595,-0.067733002753196,41.17577851102974,0,0,0,215,2343.0,43.62893327137195,LOW,2523,True,180.0,0.0,0.0,0.0,False,False
27049,"Goodhue County, Minnesota",MN,12,2332.0,2344.0,65.73085618296363,2126,2372,42.853063307175205,0.06500405921369137,-0.09267199176110506,39.81124695260783,0,0,0,246,2344.0,43.62676742008087,MEDIUM,2353,True,9.0,0.0,0.0,0.0,False,False
41011,"Coos County, Oregon",OR,12,2368.6666666666665,2345.0,75.92979213282052,2330,2607,42.312571298538145,0.1639128508827696,-0.021160440990890792,40.54509462171748,0,0,0,277,2345.0,43.61583312633251,LOW,2371,True,26.0,0.0,0.0,0.0,False,False
22003,"Allen Parish, Louisiana",LA,12,2349.5833333333335,2346.0,77.80448495291182,2129,2444,42.67478010341404,0.04356557838025766,-0.07041070133908221,39.50589460939805,0,0,0,315,2346.0,43.59499746453126,LOW,2444,True,98.0,0.0,0.0,0.0,False,False
47021,"Cheatham County, Tennessee",TN,12,2308.5,2347.0,122.77066572938492,1921,2356,43.09566569640514,0.12710907651297804,-0.04470995459852576,42.58006010609197,0,0,0,435,2347.0,43.57794078148447,LOW,2321,True,-26.0,0.0,0.0,0.0,False,False
28043,"Grenada County, Mississippi",MS,12,2312.6666666666665,2348.5,123.33202292506147,1922,2358,43.0511406139371,0.0938553122130457,-0.057301779012337774,42.114025755989104,0,0,0,436,2348.0,43.56590919823688,LOW,2337,True,-11.0,0.0,0.0,0.0,False,False
27033,"Cottonwood County, Minnesota",MN,12,2374.9166666666665,2350.0,50.354124744531816,2332,2484,42.34135429952693,0.1365621883929902,-0.06313673063206854,40.82589687674452,0,0,0,152,2349.0,43.56418126391683,MEDIUM,2484,True,135.0,0.0,0.0,0.0,False,False
01129,"Washington County, Alabama",AL,12,2318.75,2350.5,168.7521717031976,1797,2451,43.01946661614422,0.13185384585263468,-0.037117762910477574,42.81572775437025,0,0,0,654,2350.0,43.55903457361777,MEDIUM,2451,True,101.0,0.0,0.0,0.0,False,False
20171,"Scott County, Kansas",KS,12,2346.5,2352.0,159.7904878270293,2090,2735,42.424550912285845,0.1113889789957811,-0.07082419913555991,39.21097332634712,0,0,0,645,2351.0,43.54257428971259,LOW,2099,True,-252.0,0.0,0.0,0.0,False,False
41027,"Hood River County, Oregon",OR,12,2346.6666666666665,2352.0,42.311256472036234,2276,2448,42.6294775156371,0.056611784437891506,-0.05524159021627486,40.468599843764565,0,0,0,172,2352.0,43.53849255633498,LOW,2285,True,-67.0,0.0,0.0,0.0,False,False
45009,"Bamberg County, South Carolina",SC,12,2380.9166666666665,2354.0,88.44665401280368,2334,2658,42.1507438497051,0.16791088067812496,-0.024137685588791532,41.77301517953136,0,0,0,324,2353.0,43.51580338240618,LOW,2385,True,32.0,0.0,0.0,0.0,False,False
40053,"Grant County, Oklahoma",OK,12,2356.4166666666665,2355.0,96.75785928457353,2091,2488,42.57998688371431,0.09087045862171166,-0.04966742839040969,41.76989547734901,0,0,0,397,2354.0,43.49650602488012,LOW,2488,True,134.0,0.0,0.0,0.0,False,False
53015,"Cowlitz County, Washington",WA,12,2372.8333333333335,2355.0,82.70960517303166,2325,2633,42.240865354312966,0.08080851884833935,-0.04661725854075163,39.956017585727366,0,0,0,308,2355.0,43.48471518711247,LOW,2334,True,-21.0,0.0,0.0,0.0,False,False
27121,"Pope County, Minnesota",MN,12,2323.5833333333335,2356.5,83.40858723322457,2127,2398,42.89691975265064,0.13449555197330804,-0.06456288004292234,39.69061132396613,0,0,0,271,2356.0,43.44386539715737,LOW,2232,True,-124.0,0.0,0.0,0.0,False,False
22065,"Madison Parish, Louisiana",LA,12,2376.3333333333335,2358.0,41.27366171682798,2341,2473,42.27916075977418,0.08869352912884025,-0.023324655763293584,39.714189768970485,0,0,0,132,2357.0,43.408282239732856,LOW,2429,True,72.0,0.0,0.0,0.0,False,False
46137,"Ziebach County, South Dakota",SD,12,2316.4166666666665,2348.0,79.19533771095055,2143,2358,42.942608526705975,0.10564465535748636,-0.013088100320956475,39.1870784787699,0,0,0,215,2358.0,43.40802097678677,LOW,2152,True,-206.0,0.0,0.0,0.0,False,False
48201,"Harris County, Texas",TX,12,2407.0833333333335,2359.0,114.4452694390192,2357,2754,41.79501644467332,0.09107951047450746,-0.04759950233322954,47.379067210535226,0,0,0,397,2359.0,43.40560314178434,MEDIUM,2452,True,93.0,0.0,0.0,0.0,False,False
41055,"Sherman County, Oregon",OR,12,2408.0833333333335,2364.5,101.43825558914989,2360,2707,41.829813609266246,0.103131953520383,-0.04495691720301142,42.829984441247234,0,0,0,347,2360.0,43.39148070107423,MEDIUM,2465,True,105.0,0.0,0.0,0.0,False,False
53009,"Clallam County, Washington",WA,12,2370.4166666666665,2361.0,57.744670487387566,2325,2548,42.272564509896775,0.16628983480912254,-0.028215397495001338,40.535028934805126,0,0,0,223,2361.0,43.355550027614825,LOW,2360,True,-1.0,0.0,0.0,0.0,False,False
08049,"Grand County, Colorado",CO,12,2366.9166666666665,2362.0,18.569076607645524,2327,2403,42.38944690417357,0.09980394666771569,-0.02822449116638673,42.83261602657433,0,0,0,76,2362.0,43.329011658272705,LOW,2403,True,41.0,0.0,0.0,0.0,False,False
19149,"Plymouth County, Iowa",IA,12,2361.0,2363.0,34.20526275297415,2291,2403,42.42556005367105,0.07022825403607219,-0.11371725412266274,39.44223104164396,0,0,0,112,2363.0,43.32603430382621,MEDIUM,2300,True,-63.0,0.0,0.0,0.0,False,False
45017,"Calhoun County, South Carolina",SC,12,2402.4166666666665,2368.5,58.05241884136553,2364,2513,41.929511624560945,0.10836121764892083,-0.07936954747492365,39.01558278688992,0,0,0,149,2364.0,43.325568040503875,MEDIUM,2493,True,129.0,0.0,0.0,0.0,False,False
22039,"Evangeline Parish, Louisiana",LA,12,2378.0,2365.0,75.31388861413156,2223,2518,42.26832357204895,0.08963604766182248,-0.032212301951629004,39.7616099618385,0,0,0,295,2365.0,43.30073207011791,LOW,2518,True,153.0,0.0,0.0,0.0,False,False
37183,"Wake County, North Carolina",NC,12,2317.9166666666665,2366.0,117.95026558475882,1951,2375,42.95437669126403,0.16173050886250948,-0.0185569314660492,50.80787523983014,0,0,0,424,2366.0,43.29362068012876,LOW,2311,True,-55.0,0.0,0.0,0.0,False,False
31135,"Perkins County, Nebraska",NE,12,2399.4166666666665,2371.5,48.53201067961291,2367,2530,41.993986877277045,0.10072271263430461,-0.08833601890943467,39.898940203390154,0,0,0,163,2367.0,43.281933950536846,MEDIUM,2422,True,55.0,0.0,0.0,0.0,False,False
06025,"Imperial County, California",CA,12,2358.9166666666665,2368.0,58.4099280685202,2258,2493,42.42422289913141,0.1333981661805785,-0.04353983650311402,39.3270181956387,0,0,0,235,2368.0,43.281591777220115,LOW,2267,True,-101.0,0.0,0.0,0.0,False,False
15007,"Kauai County, Hawaii",HI,12,2344.0,2369.0,46.57935555196488,2255,2378,42.65675626692182,0.13975400927134884,-0.014639211229357067,43.14189655550294,0,0,0,123,2369.0,43.27335863660264,LOW,2278,True,-91.0,0.0,0.0,0.0,False,False
12093,"Okeechobee County, Florida",FL,12,2362.6666666666665,2370.0,69.4070121337415,2266,2546,42.374060025733705,0.1643650525148729,-0.02742869192258843,40.47984456238376,0,0,0,280,2370.0,43.27131314697886,LOW,2275,True,-95.0,0.0,0.0,0.0,False,False
02050,"Bethel Census Area, Alaska",AK,12,2267.6666666666665,2371.0,228.71313248193022,1776,2385,43.3795663842344,0.06489281881396253,-0.041656815578640545,38.75811737201947,0,0,0,609,2371.0,43.26298203612962,LOW,1785,True,-586.0,0.0,0.0,0.0,False,False
35017,"Grant County, New Mexico",NM,12,2382.0,2374.5,23.179144230810717,2371,2454,42.1950971014253,0.1636416118117334,-0.03721494378945725,39.483112945344054,0,0,0,83,2372.0,43.26287106882761,LOW,2386,True,14.0,0.0,0.0,0.0,False,False
37019,"Brunswick County, North Carolina",NC,12,2316.0833333333335,2372.0,88.72578628287913,2161,2381,42.96607264657558,0.15258427146661885,0.002350921286040184,44.714146506095744,0,0,0,220,2373.0,43.2568694441498,LOW,2170,True,-203.0,0.0,0.0,0.0,False,False
48003,"Andrews County, Texas",TX,12,2400.0833333333335,2374.0,152.38734040316967,2233,2843,41.77206302630713,0.05560750614451942,-0.08992701669010689,40.04559767388696,0,0,0,610,2374.0,43.2275059041326,LOW,2242,True,-132.0,0.0,0.0,0.0,False,False
12063,"Jackson County, Florida",FL,12,2364.5833333333335,2374.5,45.92772649071647,2232,2414,42.45099710786375,0.1307525968176341,-0.024490339722179583,44.203958225960754,0,0,0,182,2375.0,43.22310113808712,LOW,2414,True,39.0,0.0,0.0,0.0,False,False
31017,"Brown County, Nebraska",NE,12,2382.5833333333335,2376.0,54.2007352069111,2305,2525,42.16468494264581,0.13451468279116485,-0.05961831245409075,38.39585498851008,0,0,0,220,2376.0,43.21925690523432,LOW,2314,True,-62.0,0.0,0.0,0.0,False,False
13141,"Hancock County, Georgia",GA,12,2382.75,2377.0,75.06254967449728,2202,2507,42.24603079876404,0.1715602838382574,-0.021265934905645878,41.73716833854212,0,0,0,305,2377.0,43.19661686546186,LOW,2507,True,130.0,0.0,0.0,0.0,False,False
32021,"Mineral County, Nevada",NV,12,2368.5,2378.0,76.63431464962791,2260,2568,42.294975784684944,0.1263735800188062,0.017636728877729574,48.1603311142296,0,0,0,308,2378.0,43.18469552872591,LOW,2269,True,-109.0,0.0,0.0,0.0,False,False
04005,"Coconino County, Arizona",AZ,12,2350.0,2379.0,96.50624096634657,2156,2505,42.51324971238053,0.11404564419673897,-0.03129950200956586,47.789933944667126,0,0,0,349,2379.0,43.172262201697606,LOW,2165,True,-214.0,0.0,0.0,0.0,False,False
29205,"Shelby County, Missouri",MO,12,2360.8333333333335,2380.0,163.81632360295447,1864,2513,42.47244453842046,0.14574397117599133,-0.046984344130579926,38.047256322897475,0,0,0,649,2380.0,43.15024935966452,LOW,2513,True,133.0,0.0,0.0,0.0,False,False
17151,"Pope County, Illinois",IL,12,2366.75,2381.0,126.38262610746058,1976,2460,42.43817328781579,0.09838776895020714,-0.06651787520204767,41.25068624131898,0,0,0,484,2381.0,43.13634752620507,LOW,2460,True,79.0,0.0,0.0,0.0,False,False
28095,"Monroe County, Mississippi",MS,12,2370.0,2382.0,154.35908548811523,1916,2539,42.35051723427967,0.11647456623675385,-0.050561310387418734,46.23144648252682,0,0,0,623,2382.0,43.12062596920441,MEDIUM,2539,True,157.0,0.0,0.0,0.0,False,False
25009,"Essex County, Massachusetts",MA,12,2380.9166666666665,2383.0,60.37979543663345,2263,2457,42.20128692569052,0.1321450669246436,-0.1017517566867755,39.221824478245566,0,0,0,194,2383.0,43.11392307046728,LOW,2272,True,-111.0,0.0,0.0,0.0,False,False
13243,"Randolph County, Georgia",GA,12,2357.9166666666665,2384.0,53.56467345577905,2205,2393,42.51226554500925,0.14533365046394375,-0.01583164060123771,42.89385975589192,0,0,0,188,2384.0,43.10631940832691,LOW,2328,True,-56.0,0.0,0.0,0.0,False,False
41041,"Lincoln County, Oregon",OR,12,2412.3333333333335,2385.0,87.67225468997732,2338,2669,41.78363726560904,0.11681026203895362,-0.011350314707877443,42.20248088365635,0,0,0,331,2385.0,43.10121371806365,LOW,2454,True,69.0,0.0,0.0,0.0,False,False
53029,"Island County, Washington",WA,12,2377.75,2386.0,17.236984549614306,2349,2395,42.25733339765963,0.10877747374208496,-0.003876172384535617,42.39467431834834,0,0,0,46,2386.0,43.09287526333898,LOW,2391,True,5.0,0.0,0.0,0.0,False,False
56043,"Washakie County, Wyoming",WY,12,2363.1666666666665,2387.0,168.03507931020792,1843,2492,42.45665918409615,0.10683308213553296,-0.0752124395877394,39.22926319012251,0,0,0,649,2387.0,43.06879940034509,MEDIUM,2492,True,105.0,0.0,0.0,0.0,False,False
29147,"Nodaway County, Missouri",MO,12,2359.0833333333335,2388.0,231.66372899816088,1641,2522,42.48164442629509,0.08923732619943543,-0.0783430121610695,39.74253531842976,0,0,0,881,2388.0,43.06799669511064,MEDIUM,2522,True,134.0,0.0,0.0,0.0,False,False
41059,"Umatilla County, Oregon",OR,12,2425.0833333333335,2393.5,88.2089032131145,2389,2702,41.64325300895744,0.07300143292383188,-0.07945478105741971,41.33374455868101,0,0,0,313,2389.0,43.063997812178854,LOW,2418,True,29.0,0.0,0.0,0.0,False,False
46005,"Beadle County, South Dakota",SD,12,2434.1666666666665,2394.5,69.69391956435246,2390,2565,41.552356992624496,0.13980128656255705,-0.052260379527388434,44.50027168524238,0,0,0,175,2390.0,43.05552270458045,LOW,2565,True,175.0,0.0,0.0,0.0,False,False
29141,"Morgan County, Missouri",MO,12,2425.9166666666665,2391.0,90.45486904160194,2362,2622,41.658742639993356,0.14524004737260385,-0.03175066722244534,45.77010140564462,0,0,0,260,2391.0,43.04789652111465,LOW,2622,True,231.0,0.0,0.0,0.0,False,False
48005,"Angelina County, Texas",TX,12,2398.0,2392.0,61.308460042046924,2230,2479,42.0913609858736,0.1054570093193536,-0.058412441300590014,41.18092096729929,0,0,0,249,2392.0,43.040996626078794,MEDIUM,2479,True,87.0,0.0,0.0,0.0,False,False
30031,"Gallatin County, Montana",MT,12,2338.25,2394.0,221.67138864872592,1636,2438,42.763710273597376,0.1530815136204731,-0.04418477103706581,43.48576223386732,0,0,0,802,2393.0,43.03295807140664,LOW,2438,True,45.0,0.0,0.0,0.0,False,False
08067,"La Plata County, Colorado",CO,12,2408.0833333333335,2394.0,68.52134151068728,2366,2623,41.84007693086408,0.08393903413671049,-0.04490334398811094,40.854225909384624,0,0,0,257,2394.0,43.028279080947755,LOW,2375,True,-19.0,0.0,0.0,0.0,False,False
51059,"Fairfax County, Virginia",VA,12,2327.0833333333335,2395.0,201.38134712454624,1692,2405,42.86749708240424,0.1565777484266712,-0.02010999672150716,46.8519489736132,0,0,0,713,2395.0,43.02617230273909,LOW,2340,True,-55.0,0.0,0.0,0.0,False,False
54007,"Braxton County, West Virginia",WV,12,2432.1666666666665,2397.0,89.09222324324524,2374,2626,41.593607181883506,0.12637450495078817,-0.017520466301678,41.14333206370242,0,0,0,252,2396.0,43.023119903438214,LOW,2626,True,230.0,0.0,0.0,0.0,False,False
48111,"Dallam County, Texas",TX,12,2387.0,2397.0,102.44200132935532,2220,2635,42.06200310542535,0.08280565813620118,-0.05398822742971802,44.30132844968302,0,0,0,415,2397.0,43.01932076513346,LOW,2229,True,-168.0,0.0,0.0,0.0,False,False
48233,"Hutchinson County, Texas",TX,12,2356.9166666666665,2398.5,78.91705465329728,2199,2409,42.540192467168104,0.10460893644737995,-0.04401645743788662,42.305633784155525,0,0,0,210,2398.0,43.0010226137002,LOW,2246,True,-152.0,0.0,0.0,0.0,False,False
12129,"Wakulla County, Florida",FL,12,2422.3333333333335,2401.0,73.33154267786233,2375,2649,41.7225727921897,0.13880217148901455,-0.02740879214572924,42.5590292319138,0,0,0,274,2399.0,43.00099767183734,LOW,2434,True,35.0,0.0,0.0,0.0,False,False
37069,"Franklin County, North Carolina",NC,12,2396.5,2401.0,20.16522659521493,2338,2413,42.10212483281156,0.15867890597830647,-0.04817648288631646,42.86120559811942,0,0,0,75,2400.0,42.99643781578355,LOW,2393,True,-7.0,0.0,0.0,0.0,False,False
22019,"Calcasieu Parish, Louisiana",LA,12,2427.5833333333335,2403.0,46.32583872239492,2376,2521,41.74493098982635,0.008982481661292384,-0.0904619000467441,41.27433676665144,0,0,0,145,2401.0,42.99395419195434,MEDIUM,2521,True,120.0,0.0,0.0,0.0,False,False
53001,"Adams County, Washington",WA,12,2415.5833333333335,2404.0,54.02265237561897,2359,2575,41.83660685596629,0.09727998987478886,-0.06196618552922539,40.15243541057671,0,0,0,216,2402.0,42.99276816535679,LOW,2368,True,-34.0,0.0,0.0,0.0,False,False
28023,"Clarke County, Mississippi",MS,12,2376.75,2404.0,88.24771436648707,2098,2414,42.37993457786009,0.09930148377924142,-0.032356819962181524,44.14881441812042,0,0,0,316,2403.0,42.98858730484752,LOW,2389,True,-14.0,0.0,0.0,0.0,False,False
41047,"Marion County, Oregon",OR,12,2398.9166666666665,2406.0,76.39664239805948,2264,2569,42.014940717886944,0.11299672065613897,-0.07635084107012587,41.61230227832138,0,0,0,305,2404.0,42.968917698418885,LOW,2273,True,-131.0,0.0,0.0,0.0,False,False
04025,"Yavapai County, Arizona",AZ,12,2359.0,2405.0,72.81483365359024,2213,2416,42.50982324095572,0.09933224685615176,-0.0006555637397780333,48.45034190366422,0,0,0,203,2405.0,42.96087579614593,LOW,2222,True,-183.0,0.0,0.0,0.0,False,False
32013,"Humboldt County, Nevada",NV,12,2406.5833333333335,2407.0,117.88319205763386,2238,2721,41.85217497256523,0.05179970556611591,-0.06677760216690022,40.06298617152928,0,0,0,483,2406.0,42.94529168648853,LOW,2247,True,-159.0,0.0,0.0,0.0,False,False
31145,"Red Willow County, Nebraska",NE,12,2394.0,2409.0,135.61174526767752,1975,2490,42.164427288332384,0.09903451601455009,-0.08217639394521185,40.1246679243617,0,0,0,515,2407.0,42.9360160246986,LOW,2490,True,83.0,0.0,0.0,0.0,False,False
12053,"Hernando County, Florida",FL,12,2393.3333333333335,2408.0,76.99035752297267,2272,2576,42.068582767304086,0.15955370613856865,-0.005108276673295966,45.816225906710635,0,0,0,304,2408.0,42.91229715204551,LOW,2281,True,-127.0,0.0,0.0,0.0,False,False
23005,"Cumberland County, Maine",ME,12,2402.8333333333335,2410.0,43.80293334580421,2275,2447,42.058791905661806,0.11937325106481773,-0.08853130422442841,39.908388426195614,0,0,0,172,2409.0,42.90191096146509,LOW,2397,True,-12.0,0.0,0.0,0.0,False,False
30111,"Yellowstone County, Montana",MT,12,2399.0833333333335,2412.0,101.18431277384427,2085,2469,42.135651301799854,0.10723028227634795,-0.08898257813493998,42.51875234059587,0,0,0,384,2410.0,42.90042348817154,MEDIUM,2469,True,59.0,0.0,0.0,0.0,False,False
30025,"Fallon County, Montana",MT,12,2411.0833333333335,2412.0,41.21001275800764,2308,2476,41.96509419285478,0.1101526676472543,-0.04136708702457155,43.55856010690726,0,0,0,168,2411.0,42.8906711856978,LOW,2476,True,65.0,0.0,0.0,0.0,False,False
08065,"Lake County, Colorado",CO,12,2371.6666666666665,2412.0,91.55558007256714,2173,2430,42.34993300525982,0.07998090536742973,-0.02747379000883896,42.563125247619936,0,0,0,257,2412.0,42.88754126458128,LOW,2182,True,-230.0,0.0,0.0,0.0,False,False
06095,"Solano County, California",CA,12,2444.4166666666665,2415.0,114.77286528644555,2357,2798,41.38853623634608,0.06726989461578656,-0.07255593357941463,40.467813078224,0,0,0,441,2413.0,42.886856404944645,LOW,2366,True,-47.0,0.0,0.0,0.0,False,False
02164,"Lake and Peninsula Borough, Alaska",AK,12,2303.1666666666665,2419.0,225.46793093206819,1872,2440,43.11764192567569,0.052764938796608714,-0.05641581021945649,34.91981930128696,0,0,0,568,2414.0,42.879361971650454,LOW,1881,True,-533.0,0.0,0.0,0.0,False,False
31133,"Pawnee County, Nebraska",NE,12,2430.4166666666665,2416.0,41.63577642830596,2415,2562,41.713060674082726,0.08891067071774002,-0.0659150842116866,40.057938460015066,0,0,0,147,2415.0,42.877495270220194,LOW,2424,True,9.0,0.0,0.0,0.0,False,False
46041,"Dewey County, South Dakota",SD,12,2403.8333333333335,2406.0,141.7487106456245,2203,2782,41.81008733737288,0.081410643864902,-0.05235938648700165,39.3435970941582,0,0,0,579,2416.0,42.87296800728393,LOW,2212,True,-204.0,0.0,0.0,0.0,False,False
49041,"Sevier County, Utah",UT,12,2390.3333333333335,2417.0,78.22616782978278,2149,2429,42.23748317457739,0.10480508972953458,-0.060687844688121155,44.10891467917558,0,0,0,280,2417.0,42.872864644681854,LOW,2379,True,-38.0,0.0,0.0,0.0,False,False
16005,"Bannock County, Idaho",ID,12,2403.0,2418.0,28.074576010722197,2324,2427,42.0679215847286,0.12012871307284484,-0.042645684667010464,44.8388147063107,0,0,0,103,2418.0,42.86427548749839,LOW,2405,True,-13.0,0.0,0.0,0.0,False,False
28127,"Simpson County, Mississippi",MS,12,2435.5833333333335,2419.0,40.35627321592996,2412,2526,41.676041077575455,0.07206174809024425,-0.038763721301021875,45.4500412438696,0,0,0,114,2419.0,42.85912437208546,MEDIUM,2526,True,107.0,0.0,0.0,0.0,False,False
53045,"Mason County, Washington",WA,12,2399.1666666666665,2420.0,47.14741549521868,2298,2446,42.075844828191904,0.1143578399555278,-0.016776205398942416,42.36820501042982,0,0,0,148,2420.0,42.85645928053226,LOW,2307,True,-113.0,0.0,0.0,0.0,False,False
24031,"Montgomery County, Maryland",MD,12,2394.1666666666665,2421.0,87.80229167990106,2121,2441,42.216871051532905,0.1134601000084406,-0.055462487046029484,45.87575585255714,0,0,0,320,2421.0,42.85398454032322,LOW,2390,True,-31.0,0.0,0.0,0.0,False,False
48029,"Bexar County, Texas",TX,12,2469.75,2425.0,105.97694860847632,2422,2787,41.15019780647041,0.09534158127786214,-0.05678488578545343,48.46149338060993,0,0,0,365,2422.0,42.853957019418544,MEDIUM,2520,True,98.0,0.0,0.0,0.0,False,False
31075,"Grant County, Nebraska",NE,12,2436.0833333333335,2415.5,93.38333346854233,2375,2726,41.541940917748526,0.08069584506891328,-0.07676227586293376,36.7853145919568,0,0,0,351,2423.0,42.837112028505224,LOW,2384,True,-39.0,0.0,0.0,0.0,False,False
08113,"San Miguel County, Colorado",CO,12,2425.9166666666665,2423.0,96.1830247103108,2327,2709,41.67115187182953,0.11249142899248517,-0.013588988475718475,48.431932075549206,0,0,0,382,2424.0,42.83350627451922,LOW,2336,True,-88.0,0.0,0.0,0.0,False,False
21051,"Clay County, Kentucky",KY,12,2393.6666666666665,2425.0,153.79403779277686,1915,2505,42.21457698012926,0.15147004296799213,-0.025033921074861756,43.743453721494035,0,0,0,590,2425.0,42.807382416107615,LOW,2505,True,80.0,0.0,0.0,0.0,False,False
30027,"Fergus County, Montana",MT,12,2405.5,2426.0,85.9180370522342,2142,2474,42.091311593131216,0.13520555752583951,-0.04099129782839913,43.54786025667809,0,0,0,332,2426.0,42.803213287459215,LOW,2474,True,48.0,0.0,0.0,0.0,False,False
01011,"Bullock County, Alabama",AL,12,2395.3333333333335,2427.0,114.38796291833354,2033,2445,42.23471341189096,0.08688230538135393,-0.06244908237305442,39.22726257274723,0,0,0,412,2427.0,42.80139878274716,LOW,2445,True,18.0,0.0,0.0,0.0,False,False
48217,"Hill County, Texas",TX,12,2424.8333333333335,2428.0,17.877529488328673,2393,2460,41.837421048811,0.0874903197063716,-0.04542964954315017,41.85119567096274,0,0,0,67,2428.0,42.79403185031763,LOW,2428,True,0.0,0.0,0.0,0.0,False,False
35007,"Colfax County, New Mexico",NM,12,2431.1666666666665,2429.0,68.48468087938737,2271,2546,41.76339184470102,0.10876164263512288,-0.04476014266640471,41.32755841623724,0,0,0,275,2429.0,42.78912908681849,LOW,2546,True,117.0,0.0,0.0,0.0,False,False
41063,"Wallowa County, Oregon",OR,12,2433.0833333333335,2430.0,20.174053242777447,2377,2457,41.77802039877191,0.11182163583289327,-0.07307056367214564,40.32170989148712,0,0,0,80,2430.0,42.78901069866215,LOW,2457,True,27.0,0.0,0.0,0.0,False,False
37053,"Currituck County, North Carolina",NC,12,2412.75,2431.0,96.67671055448854,2110,2478,42.05059190365101,0.13783022281857374,-0.04671125033071242,41.13480394891094,0,0,0,368,2431.0,42.78819042492967,LOW,2478,True,47.0,0.0,0.0,0.0,False,False
35039,"Rio Arriba County, New Mexico",NM,12,2437.9166666666665,2432.0,38.72856200727713,2357,2511,41.696240314731476,0.11634633483851364,-0.03964277233422186,39.228870746237334,0,0,0,154,2432.0,42.7615471682371,LOW,2511,True,79.0,0.0,0.0,0.0,False,False
06061,"Placer County, California",CA,12,2457.8333333333335,2433.0,171.53681467218271,2274,2963,41.13196091048536,0.10750096680048843,-0.07357511230557755,43.02539445421647,0,0,0,689,2433.0,42.75704205050456,LOW,2283,True,-150.0,0.0,0.0,0.0,False,False
32009,"Esmeralda County, Nevada",NV,12,2350.0833333333335,2434.0,222.1430572374205,1880,2571,42.5175321700475,0.05295488450983674,-0.012248141294947742,36.21333027665303,0,0,0,691,2434.0,42.75187338255759,LOW,1889,True,-545.0,0.0,0.0,0.0,False,False
32510,"Carson City, Nevada",NV,12,2338.75,2434.0,163.95738082584973,2054,2443,42.789523394703934,0.0575560679357367,-0.02207775521142408,41.210237843120666,0,0,0,389,2435.0,42.74178458556036,LOW,2079,True,-356.0,0.0,0.0,0.0,False,False
47105,"Loudon County, Tennessee",TN,12,2386.25,2435.0,116.4248684774864,2029,2444,42.315930593143044,0.13969932877348648,-0.0482189147103835,40.35124101791894,0,0,0,415,2436.0,42.72824441374467,LOW,2362,True,-74.0,0.0,0.0,0.0,False,False
46127,"Union County, South Dakota",SD,12,2447.1666666666665,2437.0,24.2068109624069,2423,2511,41.590826426243744,0.11049492232244694,-0.08855553159148344,40.71883066009981,0,0,0,88,2437.0,42.714380254027205,MEDIUM,2432,True,-5.0,0.0,0.0,0.0,False,False
31107,"Knox County, Nebraska",NE,12,2474.9166666666665,2442.0,60.083969021140206,2437,2603,41.17978812212541,0.11376537595179531,-0.09831417962167661,38.93318192106794,0,0,0,166,2438.0,42.71218438886385,LOW,2561,True,123.0,0.0,0.0,0.0,False,False
49047,"Uintah County, Utah",UT,12,2447.0,2438.0,75.52723771172644,2369,2673,41.496903108581535,0.14223384511843232,-0.06800513691704939,38.45563726011914,0,0,0,304,2439.0,42.7054634790843,LOW,2378,True,-61.0,0.0,0.0,0.0,False,False
53041,"Lewis County, Washington",WA,12,2428.5,2439.0,15.985789143656763,2402,2448,41.84023661652129,0.105910433045586,-0.03329298322448262,42.514856583018585,0,0,0,46,2440.0,42.70402705045834,LOW,2423,True,-17.0,0.0,0.0,0.0,False,False
38085,"Sioux County, North Dakota",ND,12,2384.4166666666665,2441.0,212.30743503159977,1960,2722,42.08143279031006,0.07418941841338249,-0.033877599855282256,38.17040815342237,0,0,0,762,2441.0,42.70273118056157,LOW,1969,True,-472.0,0.0,0.0,0.0,False,False
02100,"Haines Borough, Alaska",AK,12,2465.9166666666665,2440.0,109.4494140798581,2404,2811,41.22521432456176,0.06713569461516852,-0.06983942262895217,39.955612190385935,0,0,0,407,2442.0,42.693062005201114,LOW,2413,True,-29.0,0.0,0.0,0.0,False,False
32033,"White Pine County, Nevada",NV,12,2406.4166666666665,2441.0,63.87837638588636,2290,2450,42.07804733491127,0.1106494983227433,-0.061255806514152245,41.40077696709754,0,0,0,160,2443.0,42.68258017589537,LOW,2299,True,-144.0,0.0,0.0,0.0,False,False
45019,"Charleston County, South Carolina",SC,12,2450.3333333333335,2442.0,50.90871211980292,2399,2604,41.51914942796387,0.11501561375518249,-0.04913575568263393,43.645998055522,0,0,0,205,2444.0,42.67739255493986,LOW,2408,True,-36.0,0.0,0.0,0.0,False,False
48087,"Collingsworth County, Texas",TX,12,2439.6666666666665,2444.0,57.615233675783614,2377,2599,41.627845468113854,0.08447808648313442,-0.009758698755236692,44.31475799323882,0,0,0,222,2445.0,42.64410988395025,LOW,2406,True,-39.0,0.0,0.0,0.0,False,False
48335,"Mitchell County, Texas",TX,12,2414.6666666666665,2445.0,51.87630976805804,2306,2454,41.95414454522439,0.06328832999883884,-0.009442756608978859,45.40885826161213,0,0,0,148,2446.0,42.63889686190067,LOW,2315,True,-131.0,0.0,0.0,0.0,False,False
38059,"Morton County, North Dakota",ND,12,2425.1666666666665,2446.5,85.47177453653478,2155,2465,41.908659524170915,0.03751464360746632,-0.11142246022814019,37.89447052278885,0,0,0,310,2447.0,42.6111205860434,LOW,2446,True,-1.0,0.0,0.0,0.0,False,False
35013,"Doña Ana County, New Mexico",NM,12,2448.3333333333335,2448.0,89.33220261609148,2208,2575,41.58286546689206,0.14860410276905076,-0.050982483630264634,39.52867822061826,0,0,0,367,2448.0,42.597895309310786,LOW,2575,True,127.0,0.0,0.0,0.0,False,False
48093,"Comanche County, Texas",TX,12,2442.75,2449.0,14.340819045964276,2416,2458,41.673181690530704,0.13244011188738325,-0.0473504452487403,42.408323176325496,0,0,0,42,2449.0,42.588412266601935,LOW,2426,True,-23.0,0.0,0.0,0.0,False,False
47121,"Meigs County, Tennessee",TN,12,2455.25,2450.0,51.66874384876326,2323,2536,41.50029736275899,0.13410009251042895,-0.06175483892970201,40.635483379297355,0,0,0,213,2450.0,42.585618082847475,LOW,2536,True,86.0,0.0,0.0,0.0,False,False
48203,"Harrison County, Texas",TX,12,2476.6666666666665,2451.0,66.37953317282692,2445,2681,41.170085280729225,0.08106157382333697,-0.0695334692350053,40.44637080509676,0,0,0,236,2451.0,42.58334653746009,LOW,2496,True,45.0,0.0,0.0,0.0,False,False
48109,"Culberson County, Texas",TX,12,2479.75,2452.0,121.6127423048633,2410,2863,41.03448365098254,0.051539478612800206,-0.06877012226609448,37.58756155750831,0,0,0,453,2452.0,42.56992076075522,LOW,2419,True,-33.0,0.0,0.0,0.0,False,False
28009,"Benton County, Mississippi",MS,12,2424.75,2453.0,174.4336940971086,1892,2578,41.870242737953205,0.07326894401178008,-0.050766787726016144,43.72381493555785,0,0,0,686,2453.0,42.56587706629808,LOW,2578,True,125.0,0.0,0.0,0.0,False,False
16033,"Clark County, Idaho",ID,12,2449.1666666666665,2454.0,114.6669749819674,2162,2623,41.55582825860745,0.06416941510677844,-0.025765700887593685,45.034362711506446,0,0,0,461,2454.0,42.55818214985538,LOW,2623,True,169.0,0.0,0.0,0.0,False,False
56021,"Laramie County, Wyoming",WY,12,2447.4166666666665,2455.0,84.0253839712449,2196,2534,41.62934866040541,0.08992147665219423,-0.09560008118127522,43.52184551256911,0,0,0,338,2455.0,42.55111014969198,MEDIUM,2534,True,79.0,0.0,0.0,0.0,False,False
06097,"Sonoma County, California",CA,12,2494.25,2456.0,76.62675179667413,2455,2703,40.931929002781295,0.08676565636665,-0.08359408525861567,41.46239362293068,0,0,0,248,2456.0,42.5345181911131,LOW,2563,True,107.0,0.0,0.0,0.0,False,False
32001,"Churchill County, Nevada",NV,12,2345.75,2457.0,194.78712156421625,1918,2466,42.73031550452263,0.09393124693139397,-0.019391944024972466,42.00815349636673,0,0,0,548,2457.0,42.528135711946895,LOW,2092,True,-365.0,0.0,0.0,0.0,False,False
46101,"Moody County, South Dakota",SD,12,2461.9166666666665,2458.0,48.6162306106497,2407,2605,41.407278395903056,0.07433791498477561,-0.06447805861436925,43.28103889951569,0,0,0,198,2458.0,42.52581735309631,LOW,2416,True,-42.0,0.0,0.0,0.0,False,False
12059,"Holmes County, Florida",FL,12,2459.0833333333335,2459.0,69.93173077864554,2378,2660,41.379406824514284,0.16389844942828355,-0.035427526001064136,42.557989815424,0,0,0,282,2459.0,42.504478644682855,LOW,2387,True,-72.0,0.0,0.0,0.0,False,False
19041,"Clay County, Iowa",IA,12,2458.8333333333335,2460.0,21.87914462900612,2392,2474,41.488650693622596,0.10168782890186945,-0.11400530942769344,39.780313832753464,0,0,0,82,2460.0,42.49902693218967,MEDIUM,2473,True,13.0,0.0,0.0,0.0,False,False
48113,"Dallas County, Texas",TX,12,2516.25,2462.5,115.33281879373754,2461,2846,40.56316504745341,0.08249291301745575,-0.07134176517646171,46.959912988365,0,0,0,385,2461.0,42.49780446340961,LOW,2597,True,136.0,0.0,0.0,0.0,False,False
53025,"Grant County, Washington",WA,12,2474.8333333333335,2462.0,42.81425704202528,2444,2608,41.24876502169948,0.06877492929516964,-0.07423446163784768,42.33321518994631,0,0,0,164,2462.0,42.48704297266861,LOW,2453,True,-9.0,0.0,0.0,0.0,False,False
16071,"Oneida County, Idaho",ID,12,2424.3333333333335,2463.0,54.83750099294754,2299,2472,41.8759935374172,0.101614451278151,0.013651526015334434,48.897397720176286,0,0,0,173,2463.0,42.4404990000543,MEDIUM,2396,True,-67.0,0.0,0.0,0.0,False,False
02013,"Aleutians East Borough, Alaska",AK,12,2361.3333333333335,2464.0,241.53235557141986,1840,2480,42.3837040028697,0.05726894939474073,-0.02408093963041021,40.07378779487756,0,0,0,640,2464.0,42.4097402118269,LOW,1849,True,-615.0,0.0,0.0,0.0,False,False
06017,"El Dorado County, California",CA,12,2454.6666666666665,2465.0,122.90523572939024,2251,2747,41.33293313596484,0.06888825271325301,-0.06086491082840468,43.9622330853189,0,0,0,496,2465.0,42.38604917126516,LOW,2260,True,-205.0,0.0,0.0,0.0,False,False
12109,"St. Johns County, Florida",FL,12,2478.5,2466.0,37.147127626629356,2432,2542,41.13353190982851,0.1461338178328505,-0.02796451060811551,49.58149607940204,0,0,0,110,2466.0,42.315038447039896,LOW,2537,True,71.0,0.0,0.0,0.0,False,False
38015,"Burleigh County, North Dakota",ND,12,2455.3333333333335,2467.0,70.02250720412339,2245,2520,41.45772224077384,0.05053380562712937,-0.1250484210574961,37.08899558179223,0,0,0,275,2467.0,42.28638500798157,LOW,2455,True,-12.0,0.0,0.0,0.0,False,False
48425,"Somervell County, Texas",TX,12,2438.3333333333335,2468.0,74.73387127100742,2210,2477,41.691680650547234,0.11029715428319453,-0.062111229916860196,40.91130312199098,0,0,0,267,2468.0,42.279097460424765,LOW,2421,True,-47.0,0.0,0.0,0.0,False,False
49011,"Davis County, Utah",UT,12,2471.6666666666665,2469.0,33.79707715531667,2383,2524,41.25951041335477,0.0694148300081278,-0.07994090314945208,43.8978338180029,0,0,0,141,2469.0,42.27574652214406,MEDIUM,2524,True,55.0,0.0,0.0,0.0,False,False
13123,"Gilmer County, Georgia",GA,12,2447.1666666666665,2470.0,105.10153820631429,2118,2517,41.58680389591518,0.15316861772582127,-0.02466484207923396,44.98364438471149,0,0,0,399,2470.0,42.26046516985614,LOW,2517,True,47.0,0.0,0.0,0.0,False,False
08069,"Larimer County, Colorado",CO,12,2487.6666666666665,2474.5,34.74931872015834,2471,2593,41.01424775171396,0.05401308473807989,-0.06401663859029381,42.71429352999633,0,0,0,122,2471.0,42.25141710959301,LOW,2503,True,32.0,0.0,0.0,0.0,False,False
38021,"Dickey County, North Dakota",ND,12,2464.25,2472.0,62.28253074790419,2350,2597,41.27326961072423,0.048807355873030304,-0.04582781807932896,42.92102275020679,0,0,0,247,2472.0,42.2433385420581,LOW,2359,True,-113.0,0.0,0.0,0.0,False,False
19009,"Audubon County, Iowa",IA,12,2435.0,2473.0,136.4124761023113,2003,2490,41.713454833648036,0.13303816788325462,-0.10581984513845642,37.609228406830894,0,0,0,487,2473.0,42.23446531898018,MEDIUM,2463,True,-10.0,0.0,0.0,0.0,False,False
27069,"Kittson County, Minnesota",MN,12,2482.3333333333335,2474.0,26.612824431886644,2461,2542,41.09875898036953,0.1424259091810627,-0.05767976792822584,40.46053031173597,0,0,0,81,2474.0,42.19735099450305,LOW,2542,True,68.0,0.0,0.0,0.0,False,False
29105,"Laclede County, Missouri",MO,12,2471.3333333333335,2475.0,112.12033578691117,2139,2587,41.19336024031113,0.09760589082103292,-0.08515815654525172,40.30990864968852,0,0,0,448,2475.0,42.15764812022674,MEDIUM,2587,True,112.0,0.0,0.0,0.0,False,False
12057,"Hillsborough County, Florida",FL,12,2511.6666666666665,2479.0,69.7349962140222,2476,2706,40.593463024074595,0.13567494243959566,-0.06781558862156098,45.97048544065191,0,0,0,230,2476.0,42.131290875482016,LOW,2569,True,93.0,0.0,0.0,0.0,False,False
40045,"Ellis County, Oklahoma",OK,12,2487.75,2477.0,58.32686111280717,2372,2599,40.96395593440463,0.10315497500165577,-0.0422553249012499,43.443211384202435,0,0,0,227,2477.0,42.084279813806646,LOW,2599,True,122.0,0.0,0.0,0.0,False,False
27089,"Marshall County, Minnesota",MN,12,2506.1666666666665,2480.5,63.70362246490787,2478,2700,40.671226562161536,0.07914443900199387,-0.06686649481326899,42.40987276889914,0,0,0,222,2478.0,42.072377474566224,LOW,2531,True,53.0,0.0,0.0,0.0,False,False
04015,"Mohave County, Arizona",AZ,12,2468.6666666666665,2479.0,89.8233957510092,2338,2701,41.12635100903959,0.12526624483411042,-0.0072693688636483,51.33891239174244,0,0,0,363,2479.0,42.058524006556766,LOW,2347,True,-132.0,0.0,0.0,0.0,False,False
38013,"Burke County, North Dakota",ND,12,2475.0833333333335,2480.0,14.612935324152984,2447,2489,41.15036243669446,0.04403907053533498,-0.058432570350082,36.35660200849572,0,0,0,42,2480.0,42.048639294992256,LOW,2459,True,-21.0,0.0,0.0,0.0,False,False
19053,"Decatur County, Iowa",IA,12,2471.8333333333335,2481.0,96.16541935013791,2181,2564,41.16610183196615,0.10693194582053994,-0.09023425096090676,41.63441547027025,0,0,0,383,2481.0,42.038858046568286,MEDIUM,2564,True,83.0,0.0,0.0,0.0,False,False
01109,"Pike County, Alabama",AL,12,2498.75,2482.0,81.32440648974385,2341,2654,40.779463661904664,0.12704643506581456,-0.10171941626683395,39.50505476872037,0,0,0,313,2482.0,42.01114833099841,LOW,2654,True,172.0,0.0,0.0,0.0,False,False
46119,"Sully County, South Dakota",SD,12,2537.5833333333335,2489.5,91.33799202894049,2483,2703,40.20512634506514,0.08280142689595717,-0.1024548579918547,37.33036356400491,0,0,0,220,2483.0,41.97458624079777,LOW,2703,True,220.0,0.0,0.0,0.0,False,False
36081,"Queens County, New York",NY,12,2502.1666666666665,2486.0,92.41884236584252,2276,2647,40.72418999426454,0.10242382569940583,-0.08435193812792598,39.86566197174021,0,0,0,371,2484.0,41.94318506497794,LOW,2647,True,163.0,0.0,0.0,0.0,False,False
08075,"Logan County, Colorado",CO,12,2510.75,2487.0,65.35375763002185,2478,2714,40.582413986060835,0.06437493797777047,-0.07133408290085462,43.495020094763994,0,0,0,236,2485.0,41.93665894167523,LOW,2487,True,2.0,0.0,0.0,0.0,False,False
48323,"Maverick County, Texas",TX,12,2454.8333333333335,2486.0,58.52246395939587,2341,2497,41.348954255988694,0.0916508451973327,-0.050322269086794665,36.94393439669399,0,0,0,156,2486.0,41.93126593602569,LOW,2350,True,-136.0,0.0,0.0,0.0,False,False
08087,"Morgan County, Colorado",CO,12,2511.75,2493.5,56.908419252498874,2487,2690,40.60137311963933,0.0383880795368767,-0.078868385751862,44.313084481335814,0,0,0,203,2487.0,41.92186831508644,MEDIUM,2516,True,29.0,0.0,0.0,0.0,False,False
01005,"Barbour County, Alabama",AL,12,2503.0,2490.0,109.86106928960125,2236,2681,40.71104643630327,0.12583194838084702,-0.095915565895355,42.30511722929345,0,0,0,445,2488.0,41.88146434123827,LOW,2681,True,193.0,0.0,0.0,0.0,False,False
53031,"Jefferson County, Washington",WA,12,2516.1666666666665,2491.0,58.46029473588077,2471,2667,40.52662098081347,0.11819516241144594,-0.017213979559749466,43.07165143676,0,0,0,196,2489.0,41.866758084835794,LOW,2577,True,88.0,0.0,0.0,0.0,False,False
06065,"Riverside County, California",CA,12,2488.5833333333335,2490.0,70.0473324822494,2383,2671,40.848940471328724,0.1596365025828366,-0.027334321027378924,48.67977054542206,0,0,0,288,2490.0,41.86175413783433,LOW,2392,True,-98.0,0.0,0.0,0.0,False,False
19195,"Worth County, Iowa",IA,12,2467.5,2492.0,82.54420303416504,2209,2508,41.23699847242387,0.11055789454149029,-0.08862741826213393,38.98577222522047,0,0,0,299,2491.0,41.855492105947874,LOW,2470,True,-21.0,0.0,0.0,0.0,False,False
21189,"Owsley County, Kentucky",KY,12,2481.75,2493.0,58.82659417149852,2307,2541,41.052691542287185,0.12445111789544487,-0.010006064928248974,46.80377952949383,0,0,0,234,2492.0,41.85040391943796,LOW,2541,True,49.0,0.0,0.0,0.0,False,False
08063,"Kit Carson County, Colorado",CO,12,2508.25,2495.0,75.95109072171499,2439,2740,40.623719418690364,0.07854281297197058,-0.050461556060064104,47.303527548215435,0,0,0,301,2493.0,41.84627667801748,LOW,2448,True,-45.0,0.0,0.0,0.0,False,False
46095,"Mellette County, South Dakota",SD,12,2458.5,2493.0,86.15261300316271,2271,2520,41.27045630480436,0.10221587905506324,-0.039866311013485735,38.72002728919834,0,0,0,249,2494.0,41.83616528039154,LOW,2280,True,-214.0,0.0,0.0,0.0,False,False
25025,"Suffolk County, Massachusetts",MA,12,2483.9166666666665,2496.0,71.06905519324573,2264,2537,41.010317017620146,0.09821886537627068,-0.10180541335611269,36.97588434151454,0,0,0,273,2495.0,41.83429757403805,LOW,2500,True,5.0,0.0,0.0,0.0,False,False
48261,"Kenedy County, Texas",TX,12,2487.75,2496.0,80.00014204532849,2347,2665,40.86569041796,0.059878604691842856,-0.025389348499218724,39.1541555775792,0,0,0,318,2496.0,41.833999948010174,LOW,2356,True,-140.0,0.0,0.0,0.0,False,False
05101,"Newton County, Arkansas",AR,12,2530.4166666666665,2497.0,114.48180350314775,2344,2760,40.32161652979311,0.14021339991684492,-0.06328268871846879,43.0737449044014,0,0,0,416,2497.0,41.824317674552574,LOW,2760,True,263.0,0.0,0.0,0.0,False,False
06089,"Shasta County, California",CA,12,2505.4166666666665,2498.0,34.647467002610284,2472,2611,40.72126677800495,0.0735516569152337,-0.06284967645201424,40.88581193400693,0,0,0,139,2498.0,41.81921731343047,LOW,2481,True,-17.0,0.0,0.0,0.0,False,False
08015,"Chaffee County, Colorado",CO,12,2484.6666666666665,2499.0,82.61007349242733,2335,2661,40.90845301258058,0.1306875749361126,-0.027005924449901426,42.016658293395,0,0,0,326,2499.0,41.815799786234194,LOW,2344,True,-155.0,0.0,0.0,0.0,False,False
53077,"Yakima County, Washington",WA,12,2479.1666666666665,2500.0,49.82849373479783,2373,2515,41.06474870215913,0.08406962883521091,-0.0904118354420888,38.91613610217763,0,0,0,142,2500.0,41.807842160070365,LOW,2382,True,-118.0,0.0,0.0,0.0,False,False
30067,"Park County, Montana",MT,12,2435.6666666666665,2501.0,203.9595919576109,1789,2510,41.62916128840282,0.15121337622084205,-0.029506440862210926,46.187393587002816,0,0,0,721,2501.0,41.8018273710241,LOW,2480,True,-21.0,0.0,0.0,0.0,False,False
12003,"Baker County, Florida",FL,12,2520.6666666666665,2502.0,76.85681295090033,2380,2671,40.53106589613616,0.10815600416870431,-0.0651565123430115,43.12217334985787,0,0,0,291,2502.0,41.80111258960889,LOW,2671,True,169.0,0.0,0.0,0.0,False,False
48373,"Polk County, Texas",TX,12,2500.0,2503.0,122.1705216639283,2321,2821,40.638700031690256,0.0877108804063325,-0.05084577519418118,41.55638731718551,0,0,0,500,2503.0,41.77782583739528,LOW,2330,True,-173.0,0.0,0.0,0.0,False,False
12071,"Lee County, Florida",FL,12,2532.0,2504.0,67.37952211169214,2463,2649,40.34562878765226,0.11884870453432628,-0.022762830354993876,49.20624059119333,0,0,0,186,2504.0,41.77015237597497,LOW,2649,True,145.0,0.0,0.0,0.0,False,False
12037,"Franklin County, Florida",FL,12,2484.75,2505.5,75.61881079106271,2250,2535,41.038313975476,0.15200825988734393,-0.033073005132666915,42.02944133752074,0,0,0,285,2505.0,41.7297016289047,LOW,2535,True,30.0,0.0,0.0,0.0,False,False
47035,"Cumberland County, Tennessee",TN,12,2468.5833333333335,2506.0,97.59234166426765,2165,2516,41.246531746592034,0.13956866899140705,-0.04676549622337326,42.46141184156642,0,0,0,351,2506.0,41.70484160780788,LOW,2461,True,-45.0,0.0,0.0,0.0,False,False
49049,"Utah County, Utah",UT,12,2505.0,2508.0,46.78189237884098,2363,2548,40.72788670875053,0.08382676430801289,-0.07410090645630918,44.97825687406578,0,0,0,185,2507.0,41.67984380156314,LOW,2548,True,41.0,0.0,0.0,0.0,False,False
30029,"Flathead County, Montana",MT,12,2466.5,2508.0,117.47456204333227,2096,2518,41.26198740426099,0.13836299861109258,-0.036418908223267744,48.45481426413179,0,0,0,422,2508.0,41.67466370833122,LOW,2482,True,-26.0,0.0,0.0,0.0,False,False
46083,"Lincoln County, South Dakota",SD,12,2512.75,2510.0,46.985732844227215,2378,2561,40.62513853895512,0.07486956009757616,-0.10113213128907926,43.24533833526158,0,0,0,183,2509.0,41.662542609968064,MEDIUM,2543,True,34.0,0.0,0.0,0.0,False,False
48075,"Childress County, Texas",TX,12,2515.3333333333335,2510.0,52.206466567994696,2477,2674,40.568599472333844,0.04565118781070926,-0.027295687051014,45.77756803232885,0,0,0,197,2510.0,41.6606236619924,LOW,2491,True,-19.0,0.0,0.0,0.0,False,False
40083,"Logan County, Oklahoma",OK,12,2535.0,2512.0,46.086874487211574,2505,2632,40.298770358991135,0.09702867230859034,-0.07124384201934629,42.96221795365009,0,0,0,127,2511.0,41.65423590234029,LOW,2632,True,121.0,0.0,0.0,0.0,False,False
01107,"Pickens County, Alabama",AL,12,2469.25,2513.0,196.03947886261912,1849,2559,41.16760106215073,0.07986858032423906,-0.1029139014231012,39.48809498293126,0,0,0,710,2512.0,41.65192768885869,MEDIUM,2559,True,47.0,0.0,0.0,0.0,False,False
16031,"Cassia County, Idaho",ID,12,2512.75,2513.5,58.309713832883205,2362,2601,40.641602373743396,0.08527378207427756,-0.05593766097763453,44.24848635549065,0,0,0,239,2513.0,41.64710421670939,MEDIUM,2601,True,88.0,0.0,0.0,0.0,False,False
08045,"Garfield County, Colorado",CO,12,2521.1666666666665,2515.0,12.755272231393882,2514,2552,40.532559105363724,0.07912905836296075,-0.07806743347541724,40.96508826245534,0,0,0,38,2514.0,41.628649169720546,LOW,2552,True,38.0,0.0,0.0,0.0,False,False
06035,"Lassen County, California",CA,12,2505.5833333333335,2516.0,46.634864705074634,2411,2586,40.747944505053994,0.08436778248471226,-0.07681799912903516,40.01393863212279,0,0,0,175,2515.0,41.62416840717177,LOW,2420,True,-95.0,0.0,0.0,0.0,False,False
26151,"Sanilac County, Michigan",MI,12,2508.5833333333335,2516.5,56.22108684524522,2339,2560,40.72327777742452,0.08949468213821628,-0.09975504806312206,41.790064289762,0,0,0,221,2516.0,41.61142946138736,MEDIUM,2514,True,-2.0,0.0,0.0,0.0,False,False
28097,"Montgomery County, Mississippi",MS,12,2501.5833333333335,2517.5,46.13706522828247,2358,2527,40.82276450231423,0.05916293528704162,-0.058289162078386685,48.01900005860593,0,0,0,169,2517.0,41.60283149230846,LOW,2501,True,-16.0,0.0,0.0,0.0,False,False
37055,"Dare County, North Carolina",NC,12,2484.75,2518.5,129.01242012091137,2079,2558,41.03580274626939,0.14008100074557064,-0.051593129586210505,41.43140912509534,0,0,0,479,2518.0,41.59984608918873,LOW,2558,True,40.0,0.0,0.0,0.0,False,False
46055,"Haakon County, South Dakota",SD,12,2534.8333333333335,2507.0,109.86341382357323,2484,2879,40.18401738014963,0.09003755942747065,-0.059848726362808746,39.11068019747346,0,0,0,395,2519.0,41.59570979652601,LOW,2495,True,-24.0,0.0,0.0,0.0,False,False
28145,"Union County, Mississippi",MS,12,2484.8333333333335,2520.0,142.14130826452785,2034,2540,41.01958707841764,0.09670153103634775,-0.06843769542472397,42.25219511596009,0,0,0,506,2520.0,41.56660382618943,LOW,2540,True,20.0,0.0,0.0,0.0,False,False
12121,"Suwannee County, Florida",FL,12,2530.5,2521.0,39.635842365212795,2492,2647,40.37313625912012,0.15572194934209596,-0.04656282001624209,43.664199486975974,0,0,0,155,2521.0,41.561161512080105,LOW,2544,True,23.0,0.0,0.0,0.0,False,False
24047,"Worcester County, Maryland",MD,12,2474.1666666666665,2522.0,158.3177663798828,1972,2531,41.16570262544017,0.15077756208386237,-0.03937357354393427,40.119281094074424,0,0,0,559,2522.0,41.557298472006494,LOW,2510,True,-12.0,0.0,0.0,0.0,False,False
05129,"Searcy County, Arkansas",AR,12,2556.6666666666665,2523.5,84.28558955159892,2509,2741,40.02605141071236,0.13118302111870458,-0.04541439694143599,43.73748082437129,0,0,0,232,2523.0,41.51243668999386,LOW,2741,True,218.0,0.0,0.0,0.0,False,False
47165,"Sumner County, Tennessee",TN,12,2480.6666666666665,2524.5,107.42805908508211,2160,2534,41.10979524560549,0.12659974693746232,-0.0535033549469199,44.88858625582137,0,0,0,374,2524.0,41.50301695330669,LOW,2437,True,-87.0,0.0,0.0,0.0,False,False
36085,"Richmond County, New York",NY,12,2509.9166666666665,2526.0,54.7564165328151,2390,2550,40.66191954262272,0.10894559559986187,-0.10977945091974034,37.44184141009908,0,0,0,160,2525.0,41.49471216039826,LOW,2399,True,-126.0,0.0,0.0,0.0,False,False
50017,"Orange County, Vermont",VT,12,2501.8333333333335,2526.0,73.14472992055896,2272,2536,40.81850559207297,0.12234596652914675,-0.05988427309554997,39.392483092299805,0,0,0,264,2526.0,41.472398275722554,LOW,2506,True,-20.0,0.0,0.0,0.0,False,False
50003,"Bennington County, Vermont",VT,12,2484.9166666666665,2527.5,144.58810358037647,2028,2549,41.01570865046957,0.14869352150809403,-0.04071559241851607,41.789075448823546,0,0,0,521,2527.0,41.456221818162454,LOW,2549,True,22.0,0.0,0.0,0.0,False,False
25017,"Middlesex County, Massachusetts",MA,12,2529.0,2529.0,37.798508869097915,2459,2588,40.39730078291713,0.08957098971816198,-0.11484917265902726,40.64768507147192,0,0,0,129,2528.0,41.447916259915665,LOW,2468,True,-60.0,0.0,0.0,0.0,False,False
22095,"St. John the Baptist Parish, Louisiana",LA,12,2540.5833333333335,2530.0,38.189618611567376,2499,2650,40.24160252779266,-0.014060338964166634,-0.0863380887616426,38.67399199485338,0,0,0,151,2529.0,41.44722769446961,LOW,2508,True,-21.0,0.0,0.0,0.0,False,False
20199,"Wallace County, Kansas",KS,12,2501.0833333333335,2530.5,123.75596098284669,2113,2579,40.81909107135705,0.10220224164214131,-0.04857024565934437,43.018483923420455,0,0,0,466,2530.0,41.44656940009784,LOW,2579,True,49.0,0.0,0.0,0.0,False,False
31161,"Sheridan County, Nebraska",NE,12,2499.25,2531.0,78.55296418225208,2258,2541,40.87367816590017,0.09361023190752375,-0.060365230950214864,42.74705763820128,0,0,0,283,2531.0,41.44652752263889,LOW,2485,True,-46.0,0.0,0.0,0.0,False,False
06079,"San Luis Obispo County, California",CA,12,2555.4166666666665,2533.0,53.505239052457306,2523,2711,40.0283930965942,0.06420120352767479,-0.08455302266859573,38.07230004819405,0,0,0,188,2532.0,41.42925230403978,LOW,2590,True,58.0,0.0,0.0,0.0,False,False
47149,"Rutherford County, Tennessee",TN,12,2498.0,2533.0,98.58176117499448,2189,2544,40.88153280710421,0.11523188320343564,-0.06008555544574298,45.65628949842176,0,0,0,355,2533.0,41.41312272574738,LOW,2499,True,-34.0,0.0,0.0,0.0,False,False
01087,"Macon County, Alabama",AL,12,2516.6666666666665,2536.0,186.22924940334522,1958,2701,40.5764766751391,0.14516474498205081,-0.07045906361857544,44.51209074994162,0,0,0,743,2534.0,41.40131537428596,LOW,2701,True,167.0,0.0,0.0,0.0,False,False
48309,"McLennan County, Texas",TX,12,2569.8333333333335,2541.5,63.16908526592209,2535,2759,39.78085555999259,0.044672702300513394,-0.10649849278921737,44.03179740341552,0,0,0,224,2535.0,41.38873869676015,MEDIUM,2592,True,57.0,0.0,0.0,0.0,False,False
21109,"Jackson County, Kentucky",KY,12,2506.4166666666665,2536.0,77.03890201867122,2267,2547,40.78089369449912,0.1339504305323101,-0.007714374760374884,50.22974221672405,0,0,0,280,2536.0,41.36133812219863,LOW,2527,True,-9.0,0.0,0.0,0.0,False,False
12077,"Liberty County, Florida",FL,12,2554.5,2540.0,28.198968388609956,2536,2608,40.06002789558567,0.1152751174478761,-0.0676465820966357,39.90441708133439,0,0,0,72,2537.0,41.315038568981734,LOW,2608,True,71.0,0.0,0.0,0.0,False,False
31087,"Hitchcock County, Nebraska",NE,12,2549.1666666666665,2541.5,15.206657234330725,2538,2582,40.13096820247436,0.0807926594461199,-0.07650264854707535,41.47173829708526,0,0,0,44,2538.0,41.28495349196939,LOW,2573,True,35.0,0.0,0.0,0.0,False,False
08093,"Park County, Colorado",CO,12,2507.3333333333335,2539.0,62.736582532672145,2379,2551,40.69791120911579,0.09346614453680585,-0.05831449487983135,40.86593272853847,0,0,0,172,2539.0,41.28133407274465,LOW,2388,True,-151.0,0.0,0.0,0.0,False,False
12117,"Seminole County, Florida",FL,12,2563.6666666666665,2545.5,35.97305388844005,2540,2636,39.908276311576095,0.07080649860977878,-0.0988925644007687,42.13193239308656,0,0,0,96,2540.0,41.264128800064455,LOW,2620,True,80.0,0.0,0.0,0.0,False,False
28001,"Adams County, Mississippi",MS,12,2564.3333333333335,2544.0,54.98815299404934,2510,2676,39.91999162513117,0.0913180660804155,-0.03890162974661778,48.501155095641984,0,0,0,166,2541.0,41.26197578021344,LOW,2676,True,135.0,0.0,0.0,0.0,False,False
08009,"Baca County, Colorado",CO,12,2536.9166666666665,2534.0,102.81444745783837,2406,2825,40.21216579973795,0.05678447654530099,-0.044849787719502966,38.80295049260472,0,0,0,419,2542.0,41.24836506788142,LOW,2415,True,-127.0,0.0,0.0,0.0,False,False
16063,"Lincoln County, Idaho",ID,12,2534.5,2543.0,52.65237627375168,2441,2651,40.33101164794775,0.10648644467132073,-0.02782375416530111,43.04619426389865,0,0,0,210,2543.0,41.24662253439707,LOW,2450,True,-93.0,0.0,0.0,0.0,False,False
04023,"Santa Cruz County, Arizona",AZ,12,2547.25,2545.0,25.25191261883138,2495,2595,40.19129580290373,0.15402310498939445,-0.05260827572260609,42.36964029029621,0,0,0,100,2544.0,41.231442143106186,MEDIUM,2595,True,51.0,0.0,0.0,0.0,False,False
29087,"Holt County, Missouri",MO,12,2547.1666666666665,2540.0,96.85962976796816,2427,2823,40.08889687490684,0.07512671748952181,-0.07530297438696344,37.63754242975993,0,0,0,396,2545.0,41.21684795228418,LOW,2436,True,-109.0,0.0,0.0,0.0,False,False
04021,"Pinal County, Arizona",AZ,12,2543.8333333333335,2546.0,96.20889519764549,2440,2820,40.124519346880504,0.10762655950620786,0.0028111328933923666,53.559245519197496,0,0,0,380,2546.0,41.21607895977156,MEDIUM,2449,True,-97.0,0.0,0.0,0.0,False,False
48071,"Chambers County, Texas",TX,12,2535.1666666666665,2549.0,94.55622024953622,2364,2737,40.25501526557952,0.05538679497444784,-0.07423220190624215,39.79596873714805,0,0,0,373,2547.0,41.20526687971169,LOW,2373,True,-174.0,0.0,0.0,0.0,False,False
28091,"Marion County, Mississippi",MS,12,2559.75,2550.0,64.5461427620158,2415,2674,39.999029100123714,0.09709074492901303,-0.05973705311557596,43.66553469996771,0,0,0,259,2548.0,41.17803079122266,LOW,2674,True,126.0,0.0,0.0,0.0,False,False
48439,"Tarrant County, Texas",TX,12,2589.9166666666665,2551.0,76.61290934815015,2541,2766,39.50819216183749,0.08196666445953,-0.07106842754308573,51.502312953895206,0,0,0,225,2549.0,41.177978378499034,MEDIUM,2690,True,141.0,0.0,0.0,0.0,False,False
40005,"Atoka County, Oklahoma",OK,12,2588.3333333333335,2552.0,83.52172644215865,2545,2832,39.470738049269556,0.08762401405052546,-0.0720748438101904,38.740292344695334,0,0,0,287,2550.0,41.13915419763042,LOW,2640,True,90.0,0.0,0.0,0.0,False,False
46069,"Hyde County, South Dakota",SD,12,2551.5,2541.5,86.1093385285138,2458,2801,40.0248622091324,0.08781796417828532,-0.06610026768764175,38.97505193449624,0,0,0,343,2551.0,41.13203437466993,LOW,2467,True,-84.0,0.0,0.0,0.0,False,False
48037,"Bowie County, Texas",TX,12,2582.9166666666665,2553.0,88.16870021141109,2546,2861,39.51753012252483,0.04264765005935244,-0.10900878134429041,42.16844029039994,0,0,0,315,2552.0,41.11898105543474,MEDIUM,2555,True,3.0,0.0,0.0,0.0,False,False
49025,"Kane County, Utah",UT,12,2561.25,2553.5,23.992896676080736,2539,2615,39.966868398141166,0.1196801810521958,-0.06909770331932275,44.30873497230416,0,0,0,76,2553.0,41.11173326333381,MEDIUM,2615,True,62.0,0.0,0.0,0.0,False,False
46123,"Tripp County, South Dakota",SD,12,2602.25,2555.0,86.41772229856976,2552,2777,39.32333044656697,0.06468299003765694,-0.07033636785097447,45.78244985344862,0,0,0,225,2554.0,41.10292958537202,LOW,2732,True,178.0,0.0,0.0,0.0,False,False
45061,"Lee County, South Carolina",SC,12,2562.5833333333335,2555.5,100.30359218921629,2312,2721,39.97719587892874,0.11100991359828771,-0.0630596443678871,43.501567014341354,0,0,0,409,2555.0,41.097300384718,LOW,2721,True,166.0,0.0,0.0,0.0,False,False
16029,"Caribou County, Idaho",ID,12,2585.5,2556.0,112.49444430726352,2541,2942,39.48795926900504,0.0884803235331711,-0.058517294025472115,43.4256656205292,0,0,0,401,2556.0,41.091124287841986,LOW,2550,True,-6.0,0.0,0.0,0.0,False,False
38047,"Logan County, North Dakota",ND,12,2537.75,2550.0,93.44723839491657,2368,2736,40.21872733910642,0.07278994643098592,-0.05904597244308305,37.30539874709722,0,0,0,368,2557.0,41.08900137194513,LOW,2377,True,-180.0,0.0,0.0,0.0,False,False
46135,"Yankton County, South Dakota",SD,12,2511.25,2558.0,88.66599737728714,2352,2567,40.62620859922561,0.08575054479654322,-0.0839362925663097,40.672224273590686,0,0,0,215,2558.0,41.07196198068806,LOW,2361,True,-197.0,0.0,0.0,0.0,False,False
16067,"Minidoka County, Idaho",ID,12,2551.75,2559.0,51.39353514349311,2408,2616,40.13235831294981,0.0680541815123026,-0.05713516266535256,44.109473897039344,0,0,0,208,2559.0,41.05560344381344,MEDIUM,2616,True,57.0,0.0,0.0,0.0,False,False
35003,"Catron County, New Mexico",NM,12,2540.6666666666665,2560.0,150.12923725506593,2086,2682,40.25214511560451,0.10373628803745634,-0.0738478678907345,38.60781346924694,0,0,0,596,2560.0,41.05264695332498,LOW,2682,True,122.0,0.0,0.0,0.0,False,False
06111,"Ventura County, California",CA,12,2582.9166666666665,2561.0,50.967830020216624,2557,2738,39.617290920293335,0.08785876391708806,-0.10219169571004683,38.57003628697173,0,0,0,181,2561.0,41.041862570219806,LOW,2566,True,5.0,0.0,0.0,0.0,False,False
17009,"Brown County, Illinois",IL,12,2554.25,2562.0,101.05545282395474,2261,2672,40.06816262410646,0.0979831874641342,-0.0625564609003099,41.71172233300223,0,0,0,411,2562.0,40.99798194505655,LOW,2672,True,110.0,0.0,0.0,0.0,False,False
28155,"Webster County, Mississippi",MS,12,2569.3333333333335,2563.0,97.12815651436391,2315,2713,39.820469421273756,0.04766249009509679,-0.11055221299917595,41.29697387414504,0,0,0,398,2563.0,40.95406001456176,LOW,2713,True,150.0,0.0,0.0,0.0,False,False
22117,"Washington Parish, Louisiana",LA,12,2543.1666666666665,2564.0,132.4337455850924,2132,2643,40.1557739114468,0.024660292631314664,-0.10761666476812809,37.87284473627538,0,0,0,511,2564.0,40.941995950315466,MEDIUM,2643,True,79.0,0.0,0.0,0.0,False,False
20023,"Cheyenne County, Kansas",KS,12,2599.0833333333335,2567.5,87.90124451837295,2565,2874,39.24377753048956,0.10779746370472727,-0.0639064433032931,41.7804076473852,0,0,0,309,2565.0,40.86764269973181,LOW,2610,True,45.0,0.0,0.0,0.0,False,False
48455,"Trinity County, Texas",TX,12,2574.4166666666665,2566.0,105.99438950274966,2463,2889,39.60903816817263,0.12074032864752139,-0.05746326550640832,42.24167789051349,0,0,0,426,2566.0,40.84415086365951,LOW,2472,True,-94.0,0.0,0.0,0.0,False,False
19169,"Story County, Iowa",IA,12,2556.6666666666665,2568.0,84.68694579378086,2301,2635,39.9625576905538,0.08083354552893952,-0.11448808876330589,44.523590733811226,0,0,0,334,2567.0,40.820871212209745,MEDIUM,2568,True,1.0,0.0,0.0,0.0,False,False
27051,"Grant County, Minnesota",MN,12,2541.0,2568.0,49.89078982227989,2438,2578,40.23575869837179,0.09036005218480071,-0.07646306599736256,42.51630357280206,0,0,0,140,2568.0,40.81489928035023,LOW,2475,True,-93.0,0.0,0.0,0.0,False,False
28153,"Wayne County, Mississippi",MS,12,2556.4166666666665,2570.0,94.38071676444133,2262,2619,39.96722420898944,0.06502639390987218,-0.10322287092806444,41.083250491391055,0,0,0,357,2569.0,40.80861523088741,LOW,2619,True,50.0,0.0,0.0,0.0,False,False
12061,"Indian River County, Florida",FL,12,2598.5,2575.5,44.41232425188467,2570,2677,39.326750930197306,0.10272758405706,-0.07339109357326712,44.36711629658077,0,0,0,107,2570.0,40.78260690169878,MEDIUM,2677,True,107.0,0.0,0.0,0.0,False,False
38095,"Towner County, North Dakota",ND,12,2558.5833333333335,2571.5,68.74254780547396,2346,2614,39.94850768735097,0.05211788623428281,-0.07931985362360656,39.76590633190224,0,0,0,268,2571.0,40.77651781679064,LOW,2614,True,43.0,0.0,0.0,0.0,False,False
12035,"Flagler County, Florida",FL,12,2581.0833333333335,2572.5,49.591895110048654,2529,2684,39.649899166672554,0.1314846330681876,-0.0079643489927693,51.58987953018288,0,0,0,155,2572.0,40.76458301304226,LOW,2684,True,112.0,0.0,0.0,0.0,False,False
46031,"Corson County, South Dakota",SD,12,2597.0833333333335,2573.5,98.41974888048112,2424,2791,39.34003186250366,0.07311123192626666,-0.06445410985668258,42.892463280166645,0,0,0,367,2573.0,40.758742797001055,LOW,2791,True,218.0,0.0,0.0,0.0,False,False
22105,"Tangipahoa Parish, Louisiana",LA,12,2588.3333333333335,2575.0,29.48445918332795,2532,2631,39.51711292128574,0.04698242572385361,-0.12507290934290102,40.577893859897685,0,0,0,99,2574.0,40.75847295078629,MEDIUM,2631,True,57.0,0.0,0.0,0.0,False,False
08047,"Gilpin County, Colorado",CO,12,2575.25,2576.0,14.378803844548372,2534,2590,39.70916391586505,0.06394283967869384,-0.08523919778488902,40.16907661250039,0,0,0,56,2575.0,40.73218285886884,LOW,2580,True,5.0,0.0,0.0,0.0,False,False
22055,"Lafayette Parish, Louisiana",LA,12,2579.75,2577.0,18.542947691532433,2533,2611,39.63676910782015,0.07285783176777161,-0.13728861861508998,37.76788162216101,0,0,0,78,2576.0,40.721570592860374,MEDIUM,2611,True,35.0,0.0,0.0,0.0,False,False
28147,"Walthall County, Mississippi",MS,12,2575.5,2578.0,109.77042158316361,2259,2705,39.70717467278353,0.032284103564548965,-0.08509647508557111,40.817004642154785,0,0,0,446,2577.0,40.70865627421743,LOW,2705,True,128.0,0.0,0.0,0.0,False,False
46093,"Meade County, South Dakota",SD,12,2578.75,2578.5,65.99328478234463,2407,2678,39.68306211856214,0.07364384910246839,-0.06567673307167428,47.04830267158521,0,0,0,271,2578.0,40.69815868101664,LOW,2678,True,100.0,0.0,0.0,0.0,False,False
22051,"Jefferson Parish, Louisiana",LA,12,2599.4166666666665,2584.5,25.762757945718747,2579,2648,39.324635724678075,0.018279578305589978,-0.10902202500749945,43.38294228855769,0,0,0,69,2579.0,40.68883336779021,MEDIUM,2638,True,59.0,0.0,0.0,0.0,False,False
01037,"Coosa County, Alabama",AL,12,2555.1666666666665,2581.0,152.05252282342997,2082,2666,39.961092392993685,0.12649618515927893,-0.10771119112801843,41.6519479731938,0,0,0,584,2580.0,40.65518029198261,MEDIUM,2666,True,86.0,0.0,0.0,0.0,False,False
06105,"Trinity County, California",CA,12,2593.3333333333335,2581.0,83.74781770110172,2536,2853,39.378199006764504,0.11983355512549083,-0.03733808229225938,43.320780558890334,0,0,0,317,2581.0,40.64794948203789,LOW,2545,True,-36.0,0.0,0.0,0.0,False,False
45059,"Laurens County, South Carolina",SC,12,2568.0833333333335,2582.0,31.052619076579536,2475,2592,39.837028814650274,0.11982260991231503,-0.05127565661473341,43.27200017176659,0,0,0,117,2582.0,40.63773802744063,LOW,2567,True,-15.0,0.0,0.0,0.0,False,False
48227,"Howard County, Texas",TX,12,2535.4166666666665,2583.0,91.67577089775126,2345,2594,40.20855948177591,0.10023235951748315,-0.06951543593160638,40.39610721915761,0,0,0,249,2583.0,40.61905515045584,LOW,2354,True,-229.0,0.0,0.0,0.0,False,False
53017,"Douglas County, Washington",WA,12,2574.1666666666665,2585.0,45.35282557767254,2470,2630,39.75966356976326,0.06650001638875011,-0.09676304437504307,38.46739764484873,0,0,0,160,2584.0,40.61060251685779,LOW,2532,True,-52.0,0.0,0.0,0.0,False,False
48041,"Brazos County, Texas",TX,12,2609.5,2590.0,40.02839900961227,2585,2715,39.18219151853575,0.10262041005880801,-0.12107552673896445,39.15140353284972,0,0,0,130,2585.0,40.60335917692147,MEDIUM,2602,True,17.0,0.0,0.0,0.0,False,False
08095,"Phillips County, Colorado",CO,12,2626.5,2588.0,74.97696615991774,2577,2786,38.906777141225284,0.08737152297146052,-0.10389196216374835,42.34436407798671,0,0,0,209,2586.0,40.59631399896871,LOW,2734,True,148.0,0.0,0.0,0.0,False,False
29017,"Bollinger County, Missouri",MO,12,2569.1666666666665,2589.0,208.3449208898697,1945,2776,39.700508230789495,0.06841336036789301,-0.08400659702371871,43.60556741348944,0,0,0,831,2587.0,40.574684454413685,LOW,2776,True,189.0,0.0,0.0,0.0,False,False
15009,"Maui County, Hawaii",HI,12,2563.3333333333335,2588.0,79.83999149814724,2395,2666,39.81484094865028,0.13639775908237428,-0.07112405652113644,47.49981494650476,0,0,0,271,2588.0,40.54651553099033,LOW,2404,True,-184.0,0.0,0.0,0.0,False,False
08055,"Huerfano County, Colorado",CO,12,2599.0833333333335,2589.0,58.254080361704155,2562,2780,39.311357249712344,0.12829953003005595,-0.04299056058576275,44.382388622626955,0,0,0,218,2589.0,40.517472511134294,LOW,2571,True,-18.0,0.0,0.0,0.0,False,False
47189,"Wilson County, Tennessee",TN,12,2544.4166666666665,2591.0,141.76642655075182,2099,2601,40.123029004874205,0.15787444712681506,-0.06541022530245745,46.026022869442755,0,0,0,502,2590.0,40.49241699830254,LOW,2547,True,-43.0,0.0,0.0,0.0,False,False
48415,"Scurry County, Texas",TX,12,2571.0833333333335,2591.0,55.318019969385475,2398,2602,39.75066322840412,0.08849889407484085,-0.06129585418802386,42.30089741799526,0,0,0,204,2591.0,40.46672501963956,LOW,2581,True,-10.0,0.0,0.0,0.0,False,False
29227,"Worth County, Missouri",MO,12,2546.3333333333335,2586.0,125.46809325179998,2281,2692,39.97867152126217,0.07698514033511278,-0.06479006640328047,36.7387370070227,0,0,0,411,2592.0,40.460806878049496,LOW,2290,True,-302.0,0.0,0.0,0.0,False,False
35021,"Harding County, New Mexico",NM,12,2531.8333333333335,2571.5,105.98870723150675,2329,2623,40.26360753037828,0.11006954684266534,-0.0690282342945268,36.20918481389989,0,0,0,294,2593.0,40.44777077710583,LOW,2380,True,-213.0,0.0,0.0,0.0,False,False
16001,"Ada County, Idaho",ID,12,2584.9166666666665,2594.5,28.407612082722206,2523,2613,39.567992359183634,0.07575109254640035,-0.06648512044961277,49.04592048776818,0,0,0,90,2594.0,40.44528328761666,LOW,2554,True,-40.0,0.0,0.0,0.0,False,False
12045,"Gulf County, Florida",FL,12,2593.5833333333335,2595.5,44.09382214681718,2474,2656,39.4298462575873,0.1339119404153828,-0.04695802876809049,42.21667572388843,0,0,0,182,2595.0,40.435273205064384,LOW,2656,True,61.0,0.0,0.0,0.0,False,False
02150,"Kodiak Island Borough, Alaska",AK,12,2614.8333333333335,2597.0,44.535651364095294,2585,2744,39.054146988379735,0.039524081381186286,-0.09818006532437545,41.798525565055456,0,0,0,159,2596.0,40.423679063776326,LOW,2644,True,48.0,0.0,0.0,0.0,False,False
35023,"Hidalgo County, New Mexico",NM,12,2591.1666666666665,2598.0,105.47885038616917,2283,2711,39.48939453039595,0.1363489741705521,-0.07050860749945395,37.147470782413215,0,0,0,428,2597.0,40.41957092763617,LOW,2711,True,114.0,0.0,0.0,0.0,False,False
22087,"St. Bernard Parish, Louisiana",LA,12,2604.5,2599.0,12.184192441624731,2590,2633,39.26998611023792,0.0038723099784427214,-0.11467712301605221,42.301289518521,0,0,0,43,2598.0,40.41295655230827,MEDIUM,2633,True,35.0,0.0,0.0,0.0,False,False
53037,"Kittitas County, Washington",WA,12,2594.0833333333335,2599.5,19.0857316211654,2544,2611,39.43572372481006,0.10077244932761598,-0.07066629600227763,41.6069721544689,0,0,0,67,2599.0,40.38707762060032,LOW,2583,True,-16.0,0.0,0.0,0.0,False,False
38075,"Renville County, North Dakota",ND,12,2626.0,2604.0,59.57577298930097,2600,2810,38.89204759262645,0.02679841774210384,-0.09517211653325709,41.27433839016267,0,0,0,210,2600.0,40.37499134344787,MEDIUM,2642,True,42.0,0.0,0.0,0.0,False,False
39169,"Wayne County, Ohio",OH,12,2537.5,2601.0,138.90971561020888,2115,2611,40.25654247438337,0.1413224556431263,0.005259850629610475,62.18662080756777,0,0,0,496,2601.0,40.35453794580961,LOW,2504,True,-97.0,0.0,0.0,0.0,False,False
48091,"Comal County, Texas",TX,12,2638.8333333333335,2607.5,63.26256013750563,2602,2818,38.710966697446295,0.0960085323601368,-0.08882720737924212,45.37377395450957,0,0,0,216,2602.0,40.34988177378485,MEDIUM,2683,True,81.0,0.0,0.0,0.0,False,False
28051,"Holmes County, Mississippi",MS,12,2588.0,2603.5,65.42448804815851,2395,2651,39.5352819580643,0.08291892710771358,0.0022607519221779994,57.35478908720674,0,0,0,256,2603.0,40.327201526460506,MEDIUM,2651,True,48.0,0.0,0.0,0.0,False,False
12009,"Brevard County, Florida",FL,12,2599.25,2604.0,40.781290273404004,2529,2695,39.33775494598737,0.10296742719918629,-0.06184012201310581,46.97682895559665,0,0,0,166,2604.0,40.31841563014312,LOW,2538,True,-66.0,0.0,0.0,0.0,False,False
48291,"Liberty County, Texas",TX,12,2618.75,2605.0,85.54119156608382,2547,2882,38.96041512899291,0.05305477315182422,-0.07998926143363687,39.84263029860982,0,0,0,335,2605.0,40.30888546317483,LOW,2556,True,-49.0,0.0,0.0,0.0,False,False
49001,"Beaver County, Utah",UT,12,2645.9166666666665,2607.0,79.52067579433593,2591,2835,38.59256737265311,0.10553761221797263,-0.07109844041337718,43.78092654436707,0,0,0,244,2606.0,40.29839366336336,LOW,2744,True,138.0,0.0,0.0,0.0,False,False
16047,"Gooding County, Idaho",ID,12,2609.5,2608.0,82.37883664675496,2375,2710,39.2326119885251,0.05215973463409054,-0.08447260715517708,46.132789202349926,0,0,0,335,2607.0,40.28326837178712,MEDIUM,2710,True,103.0,0.0,0.0,0.0,False,False
22113,"Vermilion Parish, Louisiana",LA,12,2589.3333333333335,2608.0,41.52837657079873,2468,2618,39.53216402269628,0.038227263103415406,-0.09264923611849972,38.41973121736755,0,0,0,150,2608.0,40.281148753661455,LOW,2572,True,-36.0,0.0,0.0,0.0,False,False
12097,"Osceola County, Florida",FL,12,2617.4166666666665,2609.0,44.734486052979825,2582,2756,39.05860071105438,0.09962513160867631,-0.07881203445269429,44.46759592205615,0,0,0,174,2609.0,40.27392092353051,LOW,2591,True,-18.0,0.0,0.0,0.0,False,False
48165,"Gaines County, Texas",TX,12,2624.25,2611.0,96.44133874113223,2510,2901,38.90562363503407,0.05972857458231994,-0.1067045512922044,39.70725355567275,0,0,0,391,2610.0,40.26923820835034,LOW,2519,True,-91.0,0.0,0.0,0.0,False,False
54073,"Pleasants County, West Virginia",WV,12,2608.4166666666665,2611.5,15.553183441068228,2576,2627,39.270089342035625,0.12948395814629773,-0.06717376981491527,37.86915363625975,0,0,0,51,2611.0,40.26619482434942,LOW,2585,True,-26.0,0.0,0.0,0.0,False,False
20129,"Morton County, Kansas",KS,12,2585.4166666666665,2612.5,97.46370730905035,2277,2625,39.59793147549802,0.08871117761300602,-0.08216791324700741,43.66343443779535,0,0,0,348,2612.0,40.26421192639123,LOW,2605,True,-7.0,0.0,0.0,0.0,False,False
48059,"Callahan County, Texas",TX,12,2611.5833333333335,2614.0,97.94382279777744,2457,2856,39.14065020741162,0.10278337639636838,-0.06895134168036736,41.19227366593286,0,0,0,399,2613.0,40.25150299382477,LOW,2466,True,-147.0,0.0,0.0,0.0,False,False
12005,"Bay County, Florida",FL,12,2616.3333333333335,2615.0,8.11657488592258,2605,2634,39.12603230433414,0.11653028983583741,-0.060233277414355364,48.73750864092369,0,0,0,29,2614.0,40.24755135803117,LOW,2634,True,20.0,0.0,0.0,0.0,False,False
46033,"Custer County, South Dakota",SD,12,2593.25,2615.0,35.94977557143249,2520,2625,39.50338122634673,0.10910290343180279,-0.04486510197641396,44.52408381894552,0,0,0,105,2615.0,40.245127050031314,LOW,2529,True,-86.0,0.0,0.0,0.0,False,False
41053,"Polk County, Oregon",OR,12,2612.0,2616.0,15.75378742340444,2587,2642,39.185374370545986,0.11160377270961684,-0.06704584577659572,40.40047170240528,0,0,0,55,2616.0,40.23004108822958,LOW,2606,True,-10.0,0.0,0.0,0.0,False,False
13003,"Atkinson County, Georgia",GA,12,2602.25,2617.5,95.56542261717884,2310,2687,39.37597282723393,0.10932688350676002,-0.07298104144051445,42.56297029203856,0,0,0,377,2617.0,40.20583295331176,LOW,2687,True,70.0,0.0,0.0,0.0,False,False
04013,"Maricopa County, Arizona",AZ,12,2636.0833333333335,2619.0,67.54050412137667,2543,2761,38.84051873692939,0.12165970910559602,0.014915973381957333,64.79870979746265,0,0,0,218,2618.0,40.18232661372189,MEDIUM,2728,True,110.0,0.0,0.0,0.0,False,False
20063,"Gove County, Kansas",KS,12,2571.6666666666665,2619.0,89.28639653418995,2367,2629,39.81770035842992,0.073131154553369,-0.08517027374662846,41.75132096347584,0,0,0,262,2619.0,40.175136582521766,LOW,2464,True,-155.0,0.0,0.0,0.0,False,False
08013,"Boulder County, Colorado",CO,12,2622.25,2621.0,25.867230937300473,2547,2650,39.07470789936719,0.038319325317232145,-0.08488744142873687,42.167689205916645,0,0,0,103,2620.0,40.16883626760412,LOW,2650,True,30.0,0.0,0.0,0.0,False,False
05081,"Little River County, Arkansas",AR,12,2596.0,2621.5,171.24304896310923,2081,2762,39.38326868744244,0.13860132231281708,-0.0797597913492862,41.568068823981015,0,0,0,681,2621.0,40.142455814390715,LOW,2762,True,141.0,0.0,0.0,0.0,False,False
12105,"Polk County, Florida",FL,12,2613.6666666666665,2622.0,18.272350365478054,2572,2632,39.20982409124584,0.14933244164563356,-0.07230547145097682,44.89074711200656,0,0,0,60,2622.0,40.13887352360094,LOW,2596,True,-26.0,0.0,0.0,0.0,False,False
48315,"Marion County, Texas",TX,12,2603.3333333333335,2623.0,31.62948375209816,2542,2633,39.33070631491672,0.14503264028861432,-0.040007486640276764,40.54650089718895,0,0,0,91,2623.0,40.12930487860272,LOW,2551,True,-72.0,0.0,0.0,0.0,False,False
30037,"Golden Valley County, Montana",MT,12,2571.3333333333335,2624.0,100.34697380347427,2288,2634,39.81202998666964,0.11307172437544215,-0.04523498843403994,44.36211458677605,0,0,0,346,2624.0,40.09795461402197,LOW,2509,True,-115.0,0.0,0.0,0.0,False,False
12119,"Sumter County, Florida",FL,12,2595.4166666666665,2625.5,110.49677768508856,2246,2648,39.457540299630786,0.16020486465048026,-0.05786656190885094,42.941228717949166,0,0,0,402,2625.0,40.09742326895458,LOW,2648,True,23.0,0.0,0.0,0.0,False,False
28123,"Scott County, Mississippi",MS,12,2593.3333333333335,2626.5,136.15387907760396,2176,2700,39.46517068469677,0.06440374921030657,-0.04225275856469318,49.19512309374272,0,0,0,524,2626.0,40.07379675947926,LOW,2700,True,74.0,0.0,0.0,0.0,False,False
53071,"Walla Walla County, Washington",WA,12,2627.5,2628.0,44.081536023394406,2553,2733,38.9692935346993,0.05394579764999818,-0.11076572641090092,40.455788200610286,0,0,0,180,2627.0,40.06658721658264,LOW,2562,True,-65.0,0.0,0.0,0.0,False,False
48125,"Dickens County, Texas",TX,12,2615.4166666666665,2628.0,64.4493576148724,2493,2743,39.134052495620246,0.07966755373935026,-0.05989107396676391,38.053232566989905,0,0,0,250,2628.0,40.05412566595539,LOW,2502,True,-126.0,0.0,0.0,0.0,False,False
49005,"Cache County, Utah",UT,12,2625.5,2629.5,34.46341934177856,2521,2660,39.05201269014481,0.06997288874305739,-0.0935421890496723,44.768432912256834,0,0,0,139,2629.0,40.04704321852523,MEDIUM,2660,True,31.0,0.0,0.0,0.0,False,False
41025,"Harney County, Oregon",OR,12,2660.6666666666665,2631.0,68.37773871308677,2624,2811,38.45081740064205,0.13956415592930715,-0.08338881844165247,42.48822770040315,0,0,0,187,2630.0,40.022910979558375,LOW,2811,True,181.0,0.0,0.0,0.0,False,False
08111,"San Juan County, Colorado",CO,12,2637.1666666666665,2631.0,76.30421569830418,2548,2859,38.77763049084342,0.06493997580331588,-0.05968811211985734,40.18011193979088,0,0,0,311,2631.0,40.014960993574384,LOW,2557,True,-74.0,0.0,0.0,0.0,False,False
08037,"Eagle County, Colorado",CO,12,2623.25,2632.0,15.339343354441647,2591,2642,39.02439750411873,0.11209573479398939,-0.07787468343845907,37.852571032261096,0,0,0,51,2632.0,39.9693888768858,LOW,2600,True,-32.0,0.0,0.0,0.0,False,False
38093,"Stutsman County, North Dakota",ND,12,2653.75,2634.0,41.096615653625506,2600,2738,38.57998654125275,0.04914368781768414,-0.12549301614499295,39.079474247106134,0,0,0,138,2633.0,39.96208295252032,LOW,2738,True,105.0,0.0,0.0,0.0,False,False
05073,"Lafayette County, Arkansas",AR,12,2564.3333333333335,2634.0,222.0558215377113,1860,2644,39.82681269752522,0.10753420845685698,-0.05499721805630967,46.37163570203089,0,0,0,784,2634.0,39.96067680285504,LOW,2618,True,-16.0,0.0,0.0,0.0,False,False
30055,"McCone County, Montana",MT,12,2587.8333333333335,2635.0,110.78384632274056,2247,2645,39.584123355106286,0.11893357274724665,-0.06030908494056298,41.33779921827079,0,0,0,398,2635.0,39.95947486148907,LOW,2570,True,-65.0,0.0,0.0,0.0,False,False
31137,"Phelps County, Nebraska",NE,12,2594.4166666666665,2636.5,132.22051713525838,2179,2651,39.44775587002293,0.10387684151901198,-0.10183389693090232,39.99980802042529,0,0,0,472,2636.0,39.934645220242025,LOW,2598,True,-38.0,0.0,0.0,0.0,False,False
48065,"Carson County, Texas",TX,12,2638.0833333333335,2638.0,123.6016021765336,2449,2952,38.65291667125238,0.024065829103811123,-0.10092357150530827,42.931667976080206,0,0,0,503,2637.0,39.88724915086597,LOW,2458,True,-179.0,0.0,0.0,0.0,False,False
32029,"Storey County, Nevada",NV,12,2620.5,2639.0,67.08407208326527,2477,2698,39.04697200749221,0.0436717232958744,-0.07846929755627464,41.90726669037642,0,0,0,221,2638.0,39.88344632692753,LOW,2486,True,-152.0,0.0,0.0,0.0,False,False
12131,"Walton County, Florida",FL,12,2625.1666666666665,2639.5,87.3455346554272,2365,2714,39.03761428245482,0.13358200793234992,-0.0368987657577088,51.04846855413191,0,0,0,349,2639.0,39.86446972847927,LOW,2714,True,75.0,0.0,0.0,0.0,False,False
31099,"Kearney County, Nebraska",NE,12,2657.3333333333335,2645.5,25.966178468200205,2640,2728,38.49350407912384,0.07950100591046379,-0.12482896083091304,39.54941137927413,0,0,0,88,2640.0,39.846552756589354,MEDIUM,2663,True,23.0,0.0,0.0,0.0,False,False
28159,"Winston County, Mississippi",MS,12,2628.6666666666665,2642.0,73.08940146191242,2399,2669,38.949856205636614,0.09381681128729052,-0.09716151971457736,44.00143840505539,0,0,0,270,2641.0,39.84548558452511,MEDIUM,2658,True,17.0,0.0,0.0,0.0,False,False
48189,"Hale County, Texas",TX,12,2615.0,2642.0,61.2016042570484,2436,2652,39.183328265288196,0.09856650778187108,-0.07031077506780062,41.27884374945717,0,0,0,216,2642.0,39.84020440043652,LOW,2586,True,-56.0,0.0,0.0,0.0,False,False
48023,"Baylor County, Texas",TX,12,2663.0833333333335,2645.5,36.427907217440115,2643,2762,38.4269957791286,0.016975466489415125,-0.07449127169066942,42.87321921816905,0,0,0,119,2643.0,39.832686808572966,MEDIUM,2698,True,55.0,0.0,0.0,0.0,False,False
56011,"Crook County, Wyoming",WY,12,2623.0,2645.0,147.54167361984702,2174,2757,39.00698563649918,0.08407378360995897,-0.07415074616726273,42.64843981862421,0,0,0,583,2644.0,39.78798174327318,LOW,2757,True,113.0,0.0,0.0,0.0,False,False
48155,"Foard County, Texas",TX,12,2685.25,2651.0,66.11164799035048,2645,2810,38.03090179012215,0.04279852868240263,-0.09389296132930552,37.87828373063308,0,0,0,165,2645.0,39.78731991031272,LOW,2810,True,165.0,0.0,0.0,0.0,False,False
56013,"Fremont County, Wyoming",WY,12,2664.0833333333335,2648.0,36.68157410455388,2631,2736,38.44486884558983,0.07974222188024867,-0.10431784543691229,40.4666766300019,0,0,0,105,2646.0,39.78253352306682,LOW,2736,True,90.0,0.0,0.0,0.0,False,False
47155,"Sevier County, Tennessee",TN,12,2590.0833333333335,2647.0,184.98916839707783,2004,2658,39.47651617416613,0.15919762201168652,-0.03348924865113409,47.261226965024946,0,0,0,654,2647.0,39.762958597255896,LOW,2652,True,5.0,0.0,0.0,0.0,False,False
48459,"Upshur County, Texas",TX,12,2666.0,2654.5,29.37531431166464,2648,2748,38.35651216482432,0.0544296468137069,-0.08711693335821606,41.00350067742056,0,0,0,100,2648.0,39.732943985928515,LOW,2691,True,43.0,0.0,0.0,0.0,False,False
12115,"Sarasota County, Florida",FL,12,2680.5833333333335,2651.0,57.698996892703754,2641,2796,38.113902337894714,0.13670593047264254,-0.05301346803417973,47.33135002470234,0,0,0,155,2649.0,39.711855935778914,LOW,2769,True,120.0,0.0,0.0,0.0,False,False
50001,"Addison County, Vermont",VT,12,2643.4166666666665,2651.0,40.72403430036093,2519,2680,38.75282877096502,0.12302200320544537,-0.07626281328311665,39.19290349285196,0,0,0,161,2650.0,39.687906457573405,LOW,2680,True,30.0,0.0,0.0,0.0,False,False
04011,"Greenlee County, Arizona",AZ,12,2648.5,2652.0,13.648176701403289,2619,2662,38.61047026107051,0.06943917678525936,-0.1073311680785504,40.50351970003192,0,0,0,43,2651.0,39.67030979497677,LOW,2637,True,-14.0,0.0,0.0,0.0,False,False
49003,"Box Elder County, Utah",UT,12,2630.1666666666665,2654.0,126.13112465232597,2234,2707,38.90933490353621,0.07596553892723008,-0.10020254479505826,44.46642414558894,0,0,0,473,2652.0,39.66165727021344,MEDIUM,2707,True,55.0,0.0,0.0,0.0,False,False
48477,"Washington County, Texas",TX,12,2653.75,2655.0,61.27749846543851,2478,2729,38.58956920819561,0.0987202601125609,-0.08269941740841698,40.28076652042681,0,0,0,251,2653.0,39.658574431725405,LOW,2729,True,76.0,0.0,0.0,0.0,False,False
06057,"Nevada County, California",CA,12,2654.0,2654.0,49.328214312629704,2580,2784,38.53555111827459,0.0676125046220472,-0.07204697908827136,42.43958520608815,0,0,0,204,2654.0,39.650346630487505,LOW,2589,True,-65.0,0.0,0.0,0.0,False,False
06071,"San Bernardino County, California",CA,12,2657.5,2655.0,71.93747284969079,2585,2869,38.44971375050727,0.07878076264847901,-0.04571378815080115,51.21445479193441,0,0,0,284,2655.0,39.61530978724926,LOW,2594,True,-61.0,0.0,0.0,0.0,False,False
48039,"Brazoria County, Texas",TX,12,2673.8333333333335,2656.0,68.46742202528061,2637,2890,38.16165065546943,0.0384036731106757,-0.09576622214332774,41.22722847053179,0,0,0,253,2656.0,39.611034288406486,LOW,2646,True,-10.0,0.0,0.0,0.0,False,False
35033,"Mora County, New Mexico",NM,12,2555.8333333333335,2624.0,207.44586734564712,2120,2775,39.68339600113376,0.09432430885096262,-0.06156142121674362,37.91059069188195,0,0,0,655,2657.0,39.57379463809963,LOW,2129,True,-528.0,0.0,0.0,0.0,False,False
21057,"Cumberland County, Kentucky",KY,12,2642.75,2658.5,119.31709090410382,2281,2755,38.70686981897985,0.09991850232448994,-0.08733462522566081,41.39063712792533,0,0,0,474,2658.0,39.57063382021353,LOW,2755,True,97.0,0.0,0.0,0.0,False,False
06075,"San Francisco County, California",CA,12,2710.4166666666665,2660.0,113.25551026798037,2644,3030,37.416874923278534,0.06902471464255178,-0.09077466837050858,39.495686369048784,0,0,0,386,2659.0,39.555510571096576,LOW,2795,True,136.0,0.0,0.0,0.0,False,False
22099,"St. Martin Parish, Louisiana",LA,12,2648.4166666666665,2660.5,60.67268118704033,2461,2693,38.647171881206255,0.08028106819218934,-0.12150985987150172,37.65404510650976,0,0,0,232,2660.0,39.55230874906144,LOW,2655,True,-5.0,0.0,0.0,0.0,False,False
48369,"Parmer County, Texas",TX,12,2639.1666666666665,2661.0,100.65316987586927,2447,2831,38.71735303942922,0.08646765359035452,-0.09386172976391911,42.79942460794976,0,0,0,384,2661.0,39.52922851747714,LOW,2456,True,-205.0,0.0,0.0,0.0,False,False
12041,"Gilchrist County, Florida",FL,12,2685.5,2663.0,68.05946597712109,2658,2900,37.99338122201349,0.138303541284077,-0.07569962998340236,40.81347955394393,0,0,0,242,2662.0,39.52803630300526,LOW,2686,True,24.0,0.0,0.0,0.0,False,False
45051,"Horry County, South Carolina",SC,12,2648.8333333333335,2663.0,24.77841191379501,2598,2673,38.64630600678367,0.1458412098765637,-0.02779779266065344,47.84012020526401,0,0,0,75,2663.0,39.51098048393692,LOW,2607,True,-56.0,0.0,0.0,0.0,False,False
41057,"Tillamook County, Oregon",OR,12,2681.8333333333335,2665.0,59.431906541448924,2643,2866,38.10310332456746,0.13031824791186322,-0.06904616736865052,42.772836595775665,0,0,0,223,2664.0,39.507048014353565,LOW,2689,True,25.0,0.0,0.0,0.0,False,False
16069,"Nez Perce County, Idaho",ID,12,2658.25,2666.0,50.120083073282416,2504,2702,38.50876198391841,0.0732156279578179,-0.08669250611528512,42.86784818561711,0,0,0,198,2665.0,39.46517333247735,MEDIUM,2702,True,37.0,0.0,0.0,0.0,False,False
40007,"Beaver County, Oklahoma",OK,12,2639.3333333333335,2667.0,125.58469314178046,2242,2696,38.75980874373911,0.05636758163690847,-0.09567954907631264,44.54080666637507,0,0,0,454,2666.0,39.46043269487784,MEDIUM,2696,True,30.0,0.0,0.0,0.0,False,False
37095,"Hyde County, North Carolina",NC,12,2651.8333333333335,2668.0,141.3961767088445,2217,2766,38.5328321977078,0.11634480752682543,-0.12130737058542691,39.60823200774677,0,0,0,549,2667.0,39.43645969023421,MEDIUM,2766,True,99.0,0.0,0.0,0.0,False,False
49055,"Wayne County, Utah",UT,12,2661.3333333333335,2669.0,32.31474004602889,2560,2678,38.46537835244747,0.07162160633094311,-0.10483861499939544,36.98557309481299,0,0,0,118,2668.0,39.43457434702312,LOW,2670,True,2.0,0.0,0.0,0.0,False,False
48033,"Borden County, Texas",TX,12,2642.25,2661.0,85.41782334767457,2480,2806,38.65721210886921,0.025152985667593972,-0.10430964825754858,37.337516852169294,0,0,0,326,2669.0,39.40181309813601,LOW,2489,True,-180.0,0.0,0.0,0.0,False,False
47119,"Maury County, Tennessee",TN,12,2634.1666666666665,2670.0,84.37560325261333,2374,2679,38.86708907249746,0.11764481188875388,-0.06157846703198413,45.832123796362595,0,0,0,305,2670.0,39.39208433286223,LOW,2624,True,-46.0,0.0,0.0,0.0,False,False
48009,"Archer County, Texas",TX,12,2686.5,2671.0,59.62534543448637,2630,2865,37.96639258231543,0.12445279978207953,-0.10196875266307825,41.652866514897106,0,0,0,235,2671.0,39.37790856901648,LOW,2639,True,-32.0,0.0,0.0,0.0,False,False
48211,"Hemphill County, Texas",TX,12,2676.75,2672.0,52.26179727626533,2612,2827,38.117200024983646,0.0320416901335671,-0.08865912867544747,42.723463850041945,0,0,0,215,2672.0,39.32841198751497,LOW,2621,True,-51.0,0.0,0.0,0.0,False,False
53003,"Asotin County, Washington",WA,12,2669.6666666666665,2673.0,28.67159929373676,2608,2699,38.25477010686776,0.11430139869327237,-0.10327543195508122,38.706364952976415,0,0,0,91,2673.0,39.27393223316305,LOW,2617,True,-56.0,0.0,0.0,0.0,False,False
48121,"Denton County, Texas",TX,12,2688.3333333333335,2674.0,32.11154800303948,2661,2768,37.962687772582036,0.07396478351907569,-0.07845248793495531,48.44673188346072,0,0,0,107,2674.0,39.26814634519871,MEDIUM,2726,True,52.0,0.0,0.0,0.0,False,False
06099,"Stanislaus County, California",CA,12,2685.5833333333335,2675.0,19.745924013616523,2670,2722,38.039702519640976,0.07115240035146775,-0.11718101649202717,40.770871320859,0,0,0,52,2675.0,39.25076338294086,MEDIUM,2722,True,47.0,0.0,0.0,0.0,False,False
08019,"Clear Creek County, Colorado",CO,12,2670.1666666666665,2676.0,20.748859041285915,2612,2687,38.25116280798458,0.08692802757998364,-0.0818920196577473,39.544973293303,0,0,0,75,2676.0,39.22705391140418,LOW,2662,True,-14.0,0.0,0.0,0.0,False,False
06013,"Contra Costa County, California",CA,12,2682.4166666666665,2677.0,85.17304133173225,2575,2924,37.94103077956277,0.06608730813640716,-0.0902822255308457,41.56471396669703,0,0,0,349,2677.0,39.195779370030706,LOW,2584,True,-93.0,0.0,0.0,0.0,False,False
38061,"Mountrail County, North Dakota",ND,12,2623.0,2678.0,159.74012987007708,2124,2690,38.91993821091017,0.03851634645004862,-0.07564267403781595,42.08628144528682,0,0,0,566,2678.0,39.18921843672995,LOW,2613,True,-65.0,0.0,0.0,0.0,False,False
16049,"Idaho County, Idaho",ID,12,2645.6666666666665,2679.0,164.06114898433634,2133,2758,38.56434951968975,0.11653954175128767,-0.053146188728529074,45.58018417493734,0,0,0,625,2679.0,39.16671613242947,LOW,2758,True,79.0,0.0,0.0,0.0,False,False
22097,"St. Landry Parish, Louisiana",LA,12,2671.0833333333335,2680.0,78.49314774185218,2433,2746,38.25246028127966,0.04723595714669366,-0.10869504907737358,38.02054329964842,0,0,0,313,2680.0,39.1576943916484,LOW,2746,True,66.0,0.0,0.0,0.0,False,False
12123,"Taylor County, Florida",FL,12,2676.0833333333335,2681.0,69.08684696990036,2484,2767,38.15825146900648,0.11419327798490574,-0.07927243299485909,42.65357943015748,0,0,0,283,2681.0,39.15053531750042,LOW,2767,True,86.0,0.0,0.0,0.0,False,False
16055,"Kootenai County, Idaho",ID,12,2667.6666666666665,2682.0,53.45062859283973,2567,2772,38.25836122317465,0.05350889201663361,-0.06489818502681471,47.47138753029311,0,0,0,205,2682.0,39.13685469103093,LOW,2576,True,-106.0,0.0,0.0,0.0,False,False
45005,"Allendale County, South Carolina",SC,12,2668.4166666666665,2683.0,51.03556395180505,2510,2697,38.30862041595716,0.1196197178149428,-0.07912159279280392,41.660052415038216,0,0,0,187,2683.0,39.13037963329207,LOW,2668,True,-15.0,0.0,0.0,0.0,False,False
06081,"San Mateo County, California",CA,12,2722.5833333333335,2687.5,69.22750154163415,2684,2893,37.326121863698766,0.09428930076543351,-0.0938306862383695,38.78526327686493,0,0,0,209,2684.0,39.109690650711755,LOW,2804,True,120.0,0.0,0.0,0.0,False,False
46003,"Aurora County, South Dakota",SD,12,2692.5833333333335,2685.0,80.24106671697974,2600,2926,37.791158069052244,0.07125170916694962,-0.09535488627547217,38.443211768370894,0,0,0,326,2685.0,39.094612685292475,LOW,2609,True,-76.0,0.0,0.0,0.0,False,False
48499,"Wood County, Texas",TX,12,2688.5,2686.0,8.469195518304732,2680,2709,37.97129522057869,0.1253939656219937,-0.05823151234294067,52.94671834487708,0,0,0,29,2686.0,39.065357447231975,MEDIUM,2709,True,23.0,0.0,0.0,0.0,False,False
48317,"Martin County, Texas",TX,12,2684.1666666666665,2687.0,36.65771240527541,2618,2767,37.97735281066706,0.025417323373213212,-0.1345165239664343,37.81796906606711,0,0,0,149,2687.0,39.051474837125454,LOW,2627,True,-60.0,0.0,0.0,0.0,False,False
12047,"Hamilton County, Florida",FL,12,2685.4166666666665,2688.0,90.17201574902495,2429,2798,37.991655603897485,0.11822424194407986,-0.06955286497044058,42.87014532869252,0,0,0,369,2688.0,39.03356779851293,LOW,2798,True,110.0,0.0,0.0,0.0,False,False
16087,"Washington County, Idaho",ID,12,2627.8333333333335,2688.0,138.88702625013633,2201,2697,38.86038055566302,0.07496460012933305,-0.021160432164738435,47.497018523181,0,0,0,496,2689.0,39.02313362480189,LOW,2603,True,-86.0,0.0,0.0,0.0,False,False
04017,"Navajo County, Arizona",AZ,12,2673.6666666666665,2689.0,87.38351553856579,2524,2872,38.120197166673925,0.1402499614594601,-0.03701976999821491,46.294324739475506,0,0,0,348,2690.0,39.02047648756084,LOW,2533,True,-157.0,0.0,0.0,0.0,False,False
28085,"Lincoln County, Mississippi",MS,12,2695.3333333333335,2691.0,95.82781275271654,2423,2809,37.84137212126503,0.0898710506020282,-0.12157994076563462,41.22025126102466,0,0,0,386,2691.0,38.98055039551581,LOW,2809,True,118.0,0.0,0.0,0.0,False,False
48077,"Clay County, Texas",TX,12,2704.8333333333335,2692.0,80.76996891659593,2648,2956,37.58598525850747,0.08739859876753409,-0.1031183974950647,41.59330471237424,0,0,0,308,2692.0,38.95975816939516,LOW,2657,True,-35.0,0.0,0.0,0.0,False,False
31057,"Dundy County, Nebraska",NE,12,2699.5833333333335,2693.0,47.76734969589275,2594,2786,37.73904129947186,0.0768216705307535,-0.11725514502587227,38.92989945212278,0,0,0,192,2693.0,38.9153682747385,LOW,2786,True,93.0,0.0,0.0,0.0,False,False
35011,"De Baca County, New Mexico",NM,12,2667.75,2694.0,114.74487510837403,2305,2727,38.275809852974106,0.10368789432796287,-0.06547991062814303,37.21524531576628,0,0,0,422,2694.0,38.91348136426431,LOW,2727,True,33.0,0.0,0.0,0.0,False,False
42057,"Fulton County, Pennsylvania",PA,12,2701.8333333333335,2695.0,88.25256456055631,2449,2781,37.69689029241065,0.0757963789064479,-0.1439429706580627,38.10607907787883,0,0,0,332,2695.0,38.84943238635479,MEDIUM,2773,True,78.0,0.0,0.0,0.0,False,False
06067,"Sacramento County, California",CA,12,2699.6666666666665,2696.0,76.05540245389702,2584,2894,37.633877075848254,0.07245670307627718,-0.10510926431366241,43.316843366212304,0,0,0,310,2696.0,38.82448164077733,LOW,2593,True,-103.0,0.0,0.0,0.0,False,False
49035,"Salt Lake County, Utah",UT,12,2683.5,2697.0,62.8193658617526,2485,2717,38.032656381641246,0.06624053120642649,-0.11201222293076585,44.937680167919915,0,0,0,232,2697.0,38.81711881804617,LOW,2717,True,20.0,0.0,0.0,0.0,False,False
01085,"Lowndes County, Alabama",AL,12,2684.8333333333335,2698.0,196.23169669520468,2114,2908,37.81834024140804,0.08837886624215881,-0.1155201313788547,39.5341404226009,0,0,0,794,2698.0,38.79743340085953,LOW,2908,True,210.0,0.0,0.0,0.0,False,False
48503,"Young County, Texas",TX,12,2731.0833333333335,2703.5,59.61308327011529,2699,2906,37.138883203034894,0.11012621841319781,-0.11105977583711592,42.00893549373904,0,0,0,207,2699.0,38.78304153323177,MEDIUM,2764,True,65.0,0.0,0.0,0.0,False,False
48057,"Calhoun County, Texas",TX,12,2694.0833333333335,2700.0,109.27401615233418,2485,2867,37.73141208940648,0.0913327463710008,-0.14021427924297128,38.035061989586694,0,0,0,382,2700.0,38.78162832510644,LOW,2494,True,-206.0,0.0,0.0,0.0,False,False
02290,"Yukon-Koyukuk Census Area, Alaska",AK,12,2630.6666666666665,2702.5,158.65304245046147,2289,2713,38.63375929500335,0.05630199414202541,-0.09709272850964813,36.51156409637128,0,0,0,424,2701.0,38.76403929276866,LOW,2298,True,-403.0,0.0,0.0,0.0,False,False
47169,"Trousdale County, Tennessee",TN,12,2694.5,2702.0,80.47868153628126,2452,2774,37.819496702752204,0.10410231039947987,-0.11012653240596539,42.21776071747352,0,0,0,322,2702.0,38.760698188060374,LOW,2774,True,72.0,0.0,0.0,0.0,False,False
48435,"Sutton County, Texas",TX,12,2714.1666666666665,2702.0,62.83865824233494,2679,2911,37.43447078924714,0.039259139821372795,-0.08338462501692058,43.69188478448846,0,0,0,232,2703.0,38.7390219924046,LOW,2688,True,-15.0,0.0,0.0,0.0,False,False
48449,"Titus County, Texas",TX,12,2736.5,2704.0,61.61537588503821,2682,2866,37.090119628473,0.11041947416635821,-0.12762494272868866,43.08295489535195,0,0,0,184,2704.0,38.69974765529818,LOW,2866,True,162.0,0.0,0.0,0.0,False,False
28025,"Clay County, Mississippi",MS,12,2714.5833333333335,2705.0,50.48034420955495,2602,2805,37.48530508663304,0.03915911011700715,-0.11241787063659366,41.82900804561108,0,0,0,203,2705.0,38.66232289030149,LOW,2805,True,100.0,0.0,0.0,0.0,False,False
08039,"Elbert County, Colorado",CO,12,2711.3333333333335,2706.0,43.36805136027992,2655,2834,37.497130826006185,0.030730413628836443,-0.06992774540745574,43.55185113783845,0,0,0,179,2706.0,38.65633060715258,LOW,2664,True,-42.0,0.0,0.0,0.0,False,False
32027,"Pershing County, Nevada",NV,12,2713.8333333333335,2707.0,26.463811768778335,2688,2791,37.497095484529794,0.04734968942860321,-0.06620358560429908,41.827843338273794,0,0,0,103,2707.0,38.65357838559546,LOW,2725,True,18.0,0.0,0.0,0.0,False,False
02188,"Northwest Arctic Borough, Alaska",AK,12,2643.9166666666665,2711.0,162.95312116363317,2294,2744,38.44694135478435,0.04054277361115107,-0.08674667642237639,38.4912866070338,0,0,0,450,2708.0,38.64667840783255,LOW,2303,True,-405.0,0.0,0.0,0.0,False,False
46029,"Codington County, South Dakota",SD,12,2709.8333333333335,2709.0,49.17100648540647,2567,2761,37.592763686610574,0.11070336099354078,-0.1164162534045654,41.46256005905144,0,0,0,194,2709.0,38.639193304712734,MEDIUM,2735,True,26.0,0.0,0.0,0.0,False,False
42037,"Columbia County, Pennsylvania",PA,12,2705.0,2710.0,71.62782597947151,2494,2785,37.64030941523448,0.08695668598141044,-0.1393687909518754,38.21633772688995,0,0,0,291,2710.0,38.627366570584954,LOW,2785,True,75.0,0.0,0.0,0.0,False,False
12067,"Lafayette County, Florida",FL,12,2740.1666666666665,2711.0,85.65239829294525,2682,2999,36.932935634625565,0.11308389742316839,-0.0646165525382878,42.90428452056883,0,0,0,317,2711.0,38.626016588305134,LOW,2771,True,60.0,0.0,0.0,0.0,False,False
41013,"Crook County, Oregon",OR,12,2690.9166666666665,2712.0,43.664960642130254,2595,2721,37.8814799023771,0.1121007559745711,-0.06940223920380165,43.572124370227215,0,0,0,126,2712.0,38.61997634957381,LOW,2604,True,-108.0,0.0,0.0,0.0,False,False
16027,"Canyon County, Idaho",ID,12,2699.5,2713.0,41.00443435000209,2626,2779,37.71835529438947,0.10529678634448712,-0.04356458256195126,50.23115691643486,0,0,0,153,2713.0,38.59927411778068,LOW,2635,True,-78.0,0.0,0.0,0.0,False,False
30021,"Dawson County, Montana",MT,12,2714.5,2715.0,47.293090019963415,2578,2772,37.51613469759632,0.10719872565588573,-0.10971020119179326,39.912509822172694,0,0,0,194,2714.0,38.561749474809346,MEDIUM,2772,True,58.0,0.0,0.0,0.0,False,False
46067,"Hutchinson County, South Dakota",SD,12,2704.75,2715.5,22.66805922638531,2656,2725,37.676686347110255,0.07578112655331919,-0.0884336268401128,43.86175751220191,0,0,0,69,2715.0,38.55781014474479,LOW,2679,True,-36.0,0.0,0.0,0.0,False,False
47187,"Williamson County, Tennessee",TN,12,2643.25,2716.0,229.15422555761234,1917,2726,38.5385708387625,0.11975056520143094,-0.048199007976511644,47.117116884317994,0,0,0,809,2716.0,38.555483780252686,LOW,2712,True,-4.0,0.0,0.0,0.0,False,False
48129,"Donley County, Texas",TX,12,2710.6666666666665,2717.5,22.288738833497995,2666,2734,37.60516874907465,0.09767248222303086,-0.08146984167080336,38.1302929841528,0,0,0,68,2717.0,38.54919307385068,LOW,2675,True,-42.0,0.0,0.0,0.0,False,False
48279,"Lamb County, Texas",TX,12,2700.4166666666665,2718.0,44.436795427649685,2603,2741,37.738511317083564,0.07834006401766226,-0.09200007351781718,44.84060435073831,0,0,0,138,2718.0,38.54708577574614,LOW,2612,True,-106.0,0.0,0.0,0.0,False,False
06085,"Santa Clara County, California",CA,12,2749.1666666666665,2720.0,77.44890788986848,2704,2983,36.82554824627603,0.08921268269686905,-0.10266920455284397,40.0104638758533,0,0,0,279,2719.0,38.532396428288415,LOW,2781,True,62.0,0.0,0.0,0.0,False,False
27125,"Red Lake County, Minnesota",MN,12,2729.5,2722.0,36.50031133117541,2683,2830,37.27250576430027,0.1077678131040023,-0.10330235228689728,40.30415787730478,0,0,0,147,2720.0,38.5215867010463,LOW,2692,True,-28.0,0.0,0.0,0.0,False,False
06005,"Amador County, California",CA,12,2742.1666666666665,2723.0,69.13863981270904,2709,2961,37.020218644497675,0.08000346953079103,-0.08934237898113784,40.160703457779505,0,0,0,252,2721.0,38.5137377964106,LOW,2718,True,-3.0,0.0,0.0,0.0,False,False
38051,"McIntosh County, North Dakota",ND,12,2708.6666666666665,2710.0,84.68909271117754,2573,2918,37.501854684668835,0.061309917194442766,-0.0911792286529521,36.84142307135927,0,0,0,345,2722.0,38.50760499424547,LOW,2582,True,-140.0,0.0,0.0,0.0,False,False
06007,"Butte County, California",CA,12,2748.3333333333335,2726.0,58.724833423399815,2723,2931,36.93653854115439,0.05540501199996775,-0.12775326730790104,40.593040028918594,0,0,0,208,2723.0,38.485468089146295,LOW,2737,True,14.0,0.0,0.0,0.0,False,False
28077,"Lawrence County, Mississippi",MS,12,2702.5,2725.0,167.6503395869998,2186,2838,37.675626528810064,0.031186459059629912,-0.09895957825085522,43.45834112538475,0,0,0,652,2724.0,38.48393576629291,LOW,2838,True,114.0,0.0,0.0,0.0,False,False
42059,"Greene County, Pennsylvania",PA,12,2691.4166666666665,2725.5,151.0962717386943,2218,2789,37.85202851151811,0.10046398350677288,-0.0705716207718477,42.848431582061586,0,0,0,571,2725.0,38.46884725630145,LOW,2789,True,64.0,0.0,0.0,0.0,False,False
02070,"Dillingham Census Area, Alaska",AK,12,2634.0833333333335,2726.0,177.83008147888773,2287,2741,38.648504992364145,0.04021119398462275,-0.09336822286250977,37.90403905429186,0,0,0,454,2726.0,38.45091792225097,LOW,2296,True,-430.0,0.0,0.0,0.0,False,False
28107,"Panola County, Mississippi",MS,12,2698.4166666666665,2727.0,65.74670172623708,2526,2742,37.81633293106611,0.08943397119221062,-0.10038291948039478,42.65393861730496,0,0,0,216,2727.0,38.44298891652478,LOW,2641,True,-86.0,0.0,0.0,0.0,False,False
29035,"Carter County, Missouri",MO,12,2726.3333333333335,2728.0,112.4999663299613,2420,2881,37.32290116171489,0.11533566793734779,-0.0731311628883465,49.45007094262771,0,0,0,461,2728.0,38.42878878045968,LOW,2881,True,153.0,0.0,0.0,0.0,False,False
31077,"Greeley County, Nebraska",NE,12,2750.5,2733.5,32.298325315437225,2729,2820,36.950635224219035,0.09014536129171112,-0.10546014588940895,42.028886369746246,0,0,0,91,2729.0,38.425015759914494,LOW,2820,True,91.0,0.0,0.0,0.0,False,False
06047,"Merced County, California",CA,12,2712.0,2730.0,68.84765791223394,2579,2840,37.534343670380245,0.1197810142971051,-0.07562754339040101,44.5116585972573,0,0,0,261,2730.0,38.401875488634595,LOW,2588,True,-142.0,0.0,0.0,0.0,False,False
12015,"Charlotte County, Florida",FL,12,2706.8333333333335,2731.0,63.27549192845425,2515,2740,37.72590540913131,0.11676831077915946,-0.006761259954266633,48.53345320856547,0,0,0,225,2731.0,38.40135093057706,LOW,2740,True,9.0,0.0,0.0,0.0,False,False
46102,"Oglala Lakota County, South Dakota",SD,12,2733.9166666666665,2729.0,95.98054569294308,2620,3011,37.03509926578966,0.08896543660172433,-0.07128369839622194,40.69558238263423,0,0,0,391,2732.0,38.360134921101945,LOW,2629,True,-103.0,0.0,0.0,0.0,False,False
48353,"Nolan County, Texas",TX,12,2733.8333333333335,2733.0,15.367222102628578,2689,2752,37.27759345797381,0.04718997642999203,-0.0882162358775711,40.47416041340275,0,0,0,63,2733.0,38.35711549388601,LOW,2752,True,19.0,0.0,0.0,0.0,False,False
29209,"Stone County, Missouri",MO,12,2732.75,2734.0,74.96196005005095,2545,2849,37.271377518632924,0.12981133502911624,-0.06823708112282077,44.800426445607705,0,0,0,304,2734.0,38.3491213345701,LOW,2849,True,115.0,0.0,0.0,0.0,False,False
49039,"Sanpete County, Utah",UT,12,2671.3333333333335,2735.0,152.70490456690598,2203,2744,38.19986428230767,0.1137953271398136,-0.0656317185554159,45.59818853293016,0,0,0,541,2735.0,38.3478481728695,LOW,2636,True,-99.0,0.0,0.0,0.0,False,False
32023,"Nye County, Nevada",NV,12,2692.5833333333335,2736.0,82.77731170636872,2451,2745,37.94662611903392,0.11305249699839436,-0.012902591735437284,46.046643171178154,0,0,0,294,2736.0,38.34706656572246,LOW,2659,True,-77.0,0.0,0.0,0.0,False,False
48035,"Bosque County, Texas",TX,12,2739.25,2737.0,24.73541811029093,2699,2802,37.16828159111193,0.10387183189381781,-0.08318466416385749,44.169743780783506,0,0,0,103,2737.0,38.3100088068229,LOW,2708,True,-29.0,0.0,0.0,0.0,False,False
06077,"San Joaquin County, California",CA,12,2739.6666666666665,2738.0,57.79483042835599,2664,2902,37.10080739027489,0.07303589943854108,-0.09261347977733891,42.8772019910683,0,0,0,238,2738.0,38.3027056182815,LOW,2673,True,-65.0,0.0,0.0,0.0,False,False
05039,"Dallas County, Arkansas",AR,12,2734.4166666666665,2739.0,33.203116867200514,2634,2768,37.26249647757016,0.10954598672803277,-0.11341449245986335,39.466280728821296,0,0,0,134,2739.0,38.29792182621435,MEDIUM,2768,True,29.0,0.0,0.0,0.0,False,False
48463,"Uvalde County, Texas",TX,12,2738.0,2740.0,29.12668254991694,2684,2783,37.22082970840873,0.09545640901202886,-0.11532072895602692,39.852492581525745,0,0,0,99,2740.0,38.28079000853008,LOW,2693,True,-47.0,0.0,0.0,0.0,False,False
08041,"El Paso County, Colorado",CO,12,2732.1666666666665,2741.0,26.652079343520867,2657,2756,37.30153658111129,0.06271164722739288,-0.049866737665480686,60.211738140179385,0,0,0,99,2741.0,38.26411649597948,MEDIUM,2756,True,15.0,0.0,0.0,0.0,False,False
05041,"Desha County, Arkansas",AR,12,2760.4166666666665,2743.0,67.82659485553567,2629,2890,36.777069785730795,0.11706655909627127,-0.10681568850258422,39.74967839225732,0,0,0,261,2742.0,38.22227287295367,LOW,2890,True,148.0,0.0,0.0,0.0,False,False
49015,"Emery County, Utah",UT,12,2693.25,2743.5,162.87592879802156,2178,2753,37.87723735643307,0.08725152298517437,-0.09821574689758995,38.12495519408792,0,0,0,575,2743.0,38.20974150931257,LOW,2716,True,-27.0,0.0,0.0,0.0,False,False
28133,"Sunflower County, Mississippi",MS,12,2759.75,2745.0,42.42453192541919,2737,2891,36.778189432568375,0.03794503442984675,-0.07648167061281706,45.89949194081734,0,0,0,154,2744.0,38.203109456972975,LOW,2770,True,26.0,0.0,0.0,0.0,False,False
22053,"Jefferson Davis Parish, Louisiana",LA,12,2760.6666666666665,2746.0,73.97214873098372,2573,2865,36.77681131181392,0.0035654989054618147,-0.1492346555595901,38.38668274740585,0,0,0,292,2745.0,38.19806794429948,LOW,2865,True,120.0,0.0,0.0,0.0,False,False
51610,"Falls Church city, Virginia",VA,12,2693.5,2746.5,233.0210681071953,1960,2829,37.80264624327547,0.09679697805444858,-0.10785771363233897,35.09626298224215,0,0,0,869,2746.0,38.19774240406021,LOW,2829,True,83.0,0.0,0.0,0.0,False,False
16075,"Payette County, Idaho",ID,12,2720.4166666666665,2747.0,37.587372960352035,2656,2757,37.51717560387281,0.10095840371185182,-0.0302695335000318,49.44109489533466,0,0,0,101,2747.0,38.17379506903541,LOW,2665,True,-82.0,0.0,0.0,0.0,False,False
06041,"Marin County, California",CA,12,2773.25,2749.0,62.231422930863516,2721,2941,36.55908368442591,0.04207755109274966,-0.105238649810955,40.57316364432225,0,0,0,220,2748.0,38.17026722199137,LOW,2828,True,80.0,0.0,0.0,0.0,False,False
12013,"Calhoun County, Florida",FL,12,2751.0,2749.5,32.73863439146752,2691,2813,37.02268051848936,0.13473308903005687,-0.08198559460511007,42.81751560569696,0,0,0,122,2749.0,38.1638028229521,LOW,2813,True,64.0,0.0,0.0,0.0,False,False
31073,"Gosper County, Nebraska",NE,12,2764.0,2751.0,69.5962381428506,2688,2968,36.73048773909015,0.0998379696485625,-0.12780817185782836,39.61509876170918,0,0,0,280,2750.0,38.16187968170975,LOW,2697,True,-53.0,0.0,0.0,0.0,False,False
30019,"Daniels County, Montana",MT,12,2754.4166666666665,2752.0,76.94444079787034,2540,2855,36.974129394028346,0.11036990963282199,-0.10123766204065328,43.93309142815364,0,0,0,315,2751.0,38.16021644271298,LOW,2855,True,104.0,0.0,0.0,0.0,False,False
22103,"St. Tammany Parish, Louisiana",LA,12,2742.0,2753.0,79.6423825039727,2498,2808,37.156947366526175,0.03524544586050845,-0.14231457429608674,42.81316162193903,0,0,0,310,2752.0,38.14938867039671,MEDIUM,2761,True,9.0,0.0,0.0,0.0,False,False
48347,"Nacogdoches County, Texas",TX,12,2754.25,2754.0,23.51450229500533,2710,2804,36.989187409684114,0.07208910208031327,-0.10396158237453158,41.578140063064986,0,0,0,94,2753.0,38.1334201849201,LOW,2719,True,-34.0,0.0,0.0,0.0,False,False
48047,"Brooks County, Texas",TX,12,2725.1666666666665,2754.5,115.8869616427486,2366,2807,37.426056479689436,0.04532542395009267,-0.07773275754520634,37.58390564953925,0,0,0,441,2754.0,38.10487720540405,LOW,2807,True,53.0,0.0,0.0,0.0,False,False
47101,"Lewis County, Tennessee",TN,12,2755.3333333333335,2756.0,46.095421451461775,2627,2818,36.95421586163537,0.1253554820808839,-0.11001041959135917,42.667456836871224,0,0,0,191,2755.0,38.095602296828545,MEDIUM,2818,True,63.0,0.0,0.0,0.0,False,False
08085,"Montrose County, Colorado",CO,12,2754.9166666666665,2756.5,14.418790349800942,2730,2779,36.94416431523096,0.07242945679546896,-0.09798070510210694,40.90349686805729,0,0,0,49,2756.0,38.08716861431358,LOW,2779,True,23.0,0.0,0.0,0.0,False,False
06103,"Tehama County, California",CA,12,2768.0833333333335,2757.0,75.69130889622829,2711,3002,36.63060028517972,0.06348764806742672,-0.10007850636143963,41.3523622391626,0,0,0,291,2757.0,38.06758704145072,LOW,2720,True,-37.0,0.0,0.0,0.0,False,False
48133,"Eastland County, Texas",TX,12,2770.6666666666665,2759.0,40.82185985993587,2732,2888,36.62788895748846,0.1344938464941609,-0.06777109818772688,43.76682292050858,0,0,0,156,2758.0,38.05294974338818,LOW,2793,True,35.0,0.0,0.0,0.0,False,False
53065,"Stevens County, Washington",WA,12,2757.75,2759.0,7.149380138420152,2742,2771,36.926220723193296,0.14258303775858253,-0.10900881331972127,41.31432247581189,0,0,0,29,2759.0,38.03027845343003,LOW,2751,True,-8.0,0.0,0.0,0.0,False,False
30091,"Sheridan County, Montana",MT,12,2756.75,2761.5,94.34764052549096,2497,2883,36.91218615847262,0.10683638188915918,-0.09639318564994571,43.19066616794314,0,0,0,386,2760.0,37.98815426779801,LOW,2883,True,123.0,0.0,0.0,0.0,False,False
41015,"Curry County, Oregon",OR,12,2771.8333333333335,2761.0,74.51276075378973,2714,3001,36.58273550366747,0.09808082354738128,-0.0825797730704224,38.77408500026367,0,0,0,287,2761.0,37.98710814866505,LOW,2723,True,-38.0,0.0,0.0,0.0,False,False
08035,"Douglas County, Colorado",CO,12,2739.9166666666665,2763.5,55.8300315622553,2619,2775,37.213442930125076,0.03690431837146878,-0.10159539836181423,43.707106844796385,0,0,0,156,2762.0,37.98023217680547,LOW,2628,True,-134.0,0.0,0.0,0.0,False,False
48493,"Wilson County, Texas",TX,12,2766.75,2763.0,46.51319460892005,2706,2898,36.73170435142735,0.08127938628470091,-0.0883256436647989,41.70973991821725,0,0,0,192,2763.0,37.960221623712926,LOW,2715,True,-48.0,0.0,0.0,0.0,False,False
46085,"Lyman County, South Dakota",SD,12,2747.6666666666665,2746.5,13.486244394893234,2720,2764,37.07841406570849,0.08404321596674587,-0.08562124313978799,40.32343898752416,0,0,0,44,2764.0,37.952975519830645,LOW,2742,True,-22.0,0.0,0.0,0.0,False,False
16035,"Clearwater County, Idaho",ID,12,2766.25,2765.0,49.158602317582016,2724,2910,36.73572378933809,0.06892697895513289,-0.06859441281745403,45.181979260554755,0,0,0,186,2765.0,37.94250484866125,LOW,2733,True,-32.0,0.0,0.0,0.0,False,False
05139,"Union County, Arkansas",AR,12,2713.3333333333335,2767.0,152.24402262237567,2244,2788,37.62611728742988,0.13330520105254703,-0.11523202230191315,42.314750248443346,0,0,0,544,2766.0,37.93092113013946,LOW,2685,True,-81.0,0.0,0.0,0.0,False,False
16053,"Jerome County, Idaho",ID,12,2779.5833333333335,2771.0,18.524962683477675,2767,2821,36.56972059107053,0.04318102745514535,-0.11066192355591653,44.322913076675206,0,0,0,54,2767.0,37.928251073481704,MEDIUM,2821,True,54.0,0.0,0.0,0.0,False,False
21013,"Bell County, Kentucky",KY,12,2735.9166666666665,2769.0,118.74989633169324,2361,2794,37.27131776158859,0.11849189106630215,-0.08723094233567501,42.56139607492098,0,0,0,433,2768.0,37.92399534369456,LOW,2794,True,26.0,0.0,0.0,0.0,False,False
46063,"Harding County, South Dakota",SD,12,2756.6666666666665,2770.0,55.893296611137636,2585,2801,36.98081005666308,0.057448487445111385,-0.1136045452349446,39.389262733744694,0,0,0,216,2769.0,37.923800998124854,LOW,2801,True,32.0,0.0,0.0,0.0,False,False
22007,"Assumption Parish, Louisiana",LA,12,2782.3333333333335,2772.0,25.772900966759973,2765,2841,36.521816613216124,0.0682495826616317,-0.1401467815064438,38.8389363343432,0,0,0,76,2770.0,37.89890462144429,MEDIUM,2841,True,71.0,0.0,0.0,0.0,False,False
22121,"West Baton Rouge Parish, Louisiana",LA,12,2768.6666666666665,2772.0,17.416467303484144,2739,2791,36.77056043385715,0.027041549032273172,-0.16532124618579533,36.14964995552539,0,0,0,52,2771.0,37.873433292038925,MEDIUM,2749,True,-22.0,0.0,0.0,0.0,False,False
22109,"Terrebonne Parish, Louisiana",LA,12,2774.25,2774.0,10.506491499847295,2758,2797,36.63959196030437,-0.015786381631444257,-0.1407855594896195,40.085295661418925,0,0,0,39,2772.0,37.867882513722186,LOW,2783,True,11.0,0.0,0.0,0.0,False,False
08083,"Montezuma County, Colorado",CO,12,2792.75,2775.0,32.108126980280495,2773,2851,36.32929923517864,0.09567684861373732,-0.1150147635981199,41.057940881043834,0,0,0,78,2773.0,37.84097256748221,LOW,2851,True,78.0,0.0,0.0,0.0,False,False
35047,"San Miguel County, New Mexico",NM,12,2808.0,2780.0,58.020372597593976,2774,2930,35.990752876299744,0.06851051060156997,-0.11121214852384055,41.528656295812205,0,0,0,156,2774.0,37.82637896547856,LOW,2930,True,156.0,0.0,0.0,0.0,False,False
16051,"Jefferson County, Idaho",ID,12,2761.5,2775.0,33.95853086018032,2697,2813,36.899617786662354,0.040796553549673535,-0.06478650898083037,47.98107667651752,0,0,0,116,2775.0,37.825246899832415,LOW,2706,True,-69.0,0.0,0.0,0.0,False,False
53075,"Whitman County, Washington",WA,12,2782.4166666666665,2778.0,84.96037400762278,2652,2995,36.37287476162872,0.05923081991518961,-0.15326927318605243,40.02439019542508,0,0,0,343,2776.0,37.818933764207515,LOW,2661,True,-115.0,0.0,0.0,0.0,False,False
31127,"Nemaha County, Nebraska",NE,12,2730.0,2778.0,122.61543726034435,2355,2788,37.41889945431205,0.11986456738675393,-0.12451036270658448,39.51233468866971,0,0,0,433,2777.0,37.80532835518846,LOW,2699,True,-78.0,0.0,0.0,0.0,False,False
53019,"Ferry County, Washington",WA,12,2812.9166666666665,2780.0,64.66199998781545,2768,2943,35.90817908328989,0.11746151754356675,-0.09893703801641056,43.94702380001359,0,0,0,175,2778.0,37.78127225225122,LOW,2911,True,133.0,0.0,0.0,0.0,False,False
38087,"Slope County, North Dakota",ND,12,2702.25,2765.5,134.0265407908584,2370,2779,37.8149353247323,0.0802866481263848,-0.06960637015229723,36.9827691208948,0,0,0,409,2779.0,37.77084657946707,LOW,2560,True,-219.0,0.0,0.0,0.0,False,False
06063,"Plumas County, California",CA,12,2775.0833333333335,2780.0,73.09701938125963,2660,2959,36.59980353744185,0.10922804967248066,-0.11067519951514676,40.30724709599785,0,0,0,299,2780.0,37.77007942759197,LOW,2669,True,-111.0,0.0,0.0,0.0,False,False
46091,"Marshall County, South Dakota",SD,12,2774.9166666666665,2782.0,64.76314655353895,2658,2916,36.6282039331495,0.06439259114862662,-0.10362504939596233,44.051770625093496,0,0,0,258,2781.0,37.76446541519785,LOW,2667,True,-114.0,0.0,0.0,0.0,False,False
28031,"Covington County, Mississippi",MS,12,2739.25,2782.0,101.31510252672102,2425,2792,37.312334460641225,0.0853259108275339,-0.07451118690313126,43.72417335252383,0,0,0,367,2782.0,37.761360614070355,LOW,2739,True,-43.0,0.0,0.0,0.0,False,False
30015,"Chouteau County, Montana",MT,12,2691.25,2783.0,270.4878168992257,1836,2793,37.892673967147424,0.11713541592811046,-0.0766639030008715,42.42503863089509,0,0,0,957,2783.0,37.75733991474757,LOW,2724,True,-59.0,0.0,0.0,0.0,False,False
40077,"Latimer County, Oklahoma",OK,12,2771.25,2785.0,93.58236527738057,2481,2843,36.74620345296331,0.10157422825153777,-0.12081864610778874,40.975243369305744,0,0,0,362,2784.0,37.74394049055182,MEDIUM,2843,True,59.0,0.0,0.0,0.0,False,False
05027,"Columbia County, Arkansas",AR,12,2756.5,2785.5,146.43428560279185,2303,2869,36.95629344319539,0.08362043439539436,-0.1100633744699061,40.06455448678731,0,0,0,566,2785.0,37.74347169103724,LOW,2869,True,84.0,0.0,0.0,0.0,False,False
28111,"Perry County, Mississippi",MS,12,2760.75,2786.5,132.34673811964197,2349,2858,36.91289180997618,0.01802524399167528,-0.1323034654711527,41.069073285929505,0,0,0,509,2786.0,37.740595491641066,LOW,2858,True,72.0,0.0,0.0,0.0,False,False
48469,"Victoria County, Texas",TX,12,2747.8333333333335,2787.0,69.90881506821889,2617,2797,37.157591211068045,0.08462912416551817,-0.13105509079538738,38.27848265512048,0,0,0,180,2787.0,37.71238441837593,LOW,2645,True,-142.0,0.0,0.0,0.0,False,False
53063,"Spokane County, Washington",WA,12,2793.1666666666665,2789.0,26.716808918504395,2754,2864,36.34515957947848,0.06896481483269092,-0.12164738516543289,43.56162006233391,0,0,0,110,2788.0,37.711832277942754,LOW,2763,True,-25.0,0.0,0.0,0.0,False,False
06055,"Napa County, California",CA,12,2793.6666666666665,2789.0,36.43258614665351,2756,2903,36.317534014823885,0.07465125251823466,-0.13694472956522877,38.43839002595455,0,0,0,147,2789.0,37.64484516345301,LOW,2765,True,-24.0,0.0,0.0,0.0,False,False
01025,"Clarke County, Alabama",AL,12,2772.75,2790.5,124.60346193935675,2405,2905,36.630002121224514,0.12126011653028979,-0.09745053737257113,46.096975770373945,0,0,0,500,2790.0,37.566857393140744,LOW,2905,True,115.0,0.0,0.0,0.0,False,False
45057,"Lancaster County, South Carolina",SC,12,2785.6666666666665,2791.5,23.841649322650515,2719,2812,36.49680336568819,0.0842163433760087,-0.0943627757115169,43.01617648174414,0,0,0,93,2791.0,37.54876889938593,LOW,2812,True,21.0,0.0,0.0,0.0,False,False
28099,"Neshoba County, Mississippi",MS,12,2801.0833333333335,2793.0,56.8817886391407,2663,2895,36.12829240644484,0.06286442935311597,-0.12436985386123006,44.443267964777625,0,0,0,232,2792.0,37.49724306965051,LOW,2895,True,103.0,0.0,0.0,0.0,False,False
12021,"Collier County, Florida",FL,12,2786.5833333333335,2793.0,12.551409434317703,2764,2803,36.40379815734831,0.11201504585030286,-0.07907922209054317,48.18893221052505,0,0,0,39,2793.0,37.47706383145333,LOW,2790,True,-3.0,0.0,0.0,0.0,False,False
37141,"Pender County, North Carolina",NC,12,2765.9166666666665,2794.0,69.99540028177611,2553,2804,36.81775323086061,0.10687827612042045,-0.08288663376161598,42.03402623044508,0,0,0,251,2794.0,37.473887219041515,LOW,2748,True,-46.0,0.0,0.0,0.0,False,False
30045,"Judith Basin County, Montana",MT,12,2776.3333333333335,2795.5,103.54826132892056,2465,2875,36.58269945618731,0.14074426089054654,-0.07865074232675172,44.01560804365719,0,0,0,410,2795.0,37.44168283424351,LOW,2875,True,80.0,0.0,0.0,0.0,False,False
48497,"Wise County, Texas",TX,12,2826.4166666666665,2801.5,71.62079222396163,2796,3051,35.48838786185267,0.06716797250090036,-0.1274632697508976,44.03347904501257,0,0,0,255,2796.0,37.42888534400281,MEDIUM,2826,True,30.0,0.0,0.0,0.0,False,False
12089,"Nassau County, Florida",FL,12,2780.8333333333335,2797.0,46.12203837909189,2637,2807,36.52647235774331,0.10059017962789507,-0.08363313623831392,44.18484534208701,0,0,0,170,2797.0,37.426145817963146,LOW,2782,True,-15.0,0.0,0.0,0.0,False,False
22061,"Lincoln Parish, Louisiana",LA,12,2773.75,2799.0,125.06153031062894,2379,2836,36.59533373742463,0.06724243789608288,-0.15665375260404477,37.418881130374395,0,0,0,457,2798.0,37.37957098730793,MEDIUM,2836,True,38.0,0.0,0.0,0.0,False,False
38009,"Bottineau County, North Dakota",ND,12,2790.0,2799.5,39.19879404452965,2675,2824,36.307051854940426,0.02478890385030268,-0.11914225658411422,41.57263776635838,0,0,0,149,2799.0,37.300566722121275,LOW,2780,True,-19.0,0.0,0.0,0.0,False,False
13307,"Webster County, Georgia",GA,12,2766.1666666666665,2800.5,116.68515005099938,2396,2810,36.68859848028748,0.10270270992621033,-0.10121925318717857,41.50143973222134,0,0,0,414,2800.0,37.28068625583965,LOW,2796,True,-4.0,0.0,0.0,0.0,False,False
41031,"Jefferson County, Oregon",OR,12,2800.3333333333335,2801.5,7.702813338860831,2786,2811,36.13495516364223,0.09102845752089199,-0.09490819673253827,43.51234726309256,0,0,0,25,2801.0,37.24190655103585,LOW,2806,True,5.0,0.0,0.0,0.0,False,False
30017,"Custer County, Montana",MT,12,2771.1666666666665,2802.5,132.72105630938435,2352,2842,36.59261716298612,0.11057855310828159,-0.10514940378549266,43.075030443278685,0,0,0,490,2802.0,37.23805166158463,MEDIUM,2842,True,40.0,0.0,0.0,0.0,False,False
48187,"Guadalupe County, Texas",TX,12,2796.75,2803.0,42.48020929583781,2721,2892,36.17384033698851,0.06176008159095651,-0.09050216081249934,44.46228563226024,0,0,0,171,2803.0,37.22206661771632,LOW,2730,True,-73.0,0.0,0.0,0.0,False,False
46023,"Charles Mix County, South Dakota",SD,12,2821.5,2804.0,75.83175156525493,2775,3060,35.4736809702143,0.07047461080017971,-0.11636641939954258,41.672884615254176,0,0,0,285,2804.0,37.205473706788425,LOW,2784,True,-20.0,0.0,0.0,0.0,False,False
53055,"San Juan County, Washington",WA,12,2804.25,2805.0,47.1768914926481,2744,2936,36.03385457857083,0.06980085455448733,-0.047999272011366785,44.72442694175506,0,0,0,192,2805.0,37.204486385433256,LOW,2753,True,-52.0,0.0,0.0,0.0,False,False
08001,"Adams County, Colorado",CO,12,2806.6666666666665,2807.0,13.061625496317856,2779,2825,35.983630635794434,0.01421320257629649,-0.12442294398645704,44.39942788795389,0,0,0,46,2806.0,37.174315961133885,LOW,2788,True,-18.0,0.0,0.0,0.0,False,False
31029,"Chase County, Nebraska",NE,12,2817.5,2808.0,70.60582000219117,2631,2916,35.74893974133658,0.06854996856333737,-0.15213833886743075,39.67341514722705,0,0,0,285,2807.0,37.17354314107775,LOW,2916,True,109.0,0.0,0.0,0.0,False,False
08117,"Summit County, Colorado",CO,12,2795.4166666666665,2809.0,76.66510209207244,2555,2845,36.23983435361779,0.08610396615296027,-0.09684228742483834,42.19097859165456,0,0,0,290,2808.0,37.1732679203226,LOW,2845,True,37.0,0.0,0.0,0.0,False,False
48417,"Shackelford County, Texas",TX,12,2829.75,2810.0,58.48251486944236,2807,3014,35.48482973441586,0.03633782632567436,-0.11232541451099426,45.8758650101681,0,0,0,207,2809.0,37.15327382876382,MEDIUM,2831,True,22.0,0.0,0.0,0.0,False,False
02195,"Petersburg Borough, Alaska",AK,12,2832.5,2811.0,76.5939708047335,2778,3070,35.25995855414573,0.029223186201501997,-0.12553552877902044,41.31899798535716,0,0,0,292,2810.0,37.11746819484016,LOW,2787,True,-23.0,0.0,0.0,0.0,False,False
06011,"Colusa County, California",CA,12,2795.75,2811.0,56.087796436398776,2618,2821,36.210777183496845,0.07846429427945927,-0.13159017845421517,39.2656205664063,0,0,0,203,2811.0,37.07561082205021,LOW,2815,True,4.0,0.0,0.0,0.0,False,False
46047,"Fall River County, South Dakota",SD,12,2781.1666666666665,2812.5,60.037614472222,2652,2822,36.4581967503803,0.12365383692783459,-0.09934561613274762,44.21716313000288,0,0,0,170,2812.0,37.07089956046083,LOW,2704,True,-108.0,0.0,0.0,0.0,False,False
48105,"Crockett County, Texas",TX,12,2824.0833333333335,2814.0,47.475272670638915,2788,2972,35.62716992073277,0.03001063105857449,-0.10723350913061974,37.96958135142768,0,0,0,184,2813.0,37.06365961124426,LOW,2797,True,-16.0,0.0,0.0,0.0,False,False
48367,"Parker County, Texas",TX,12,2802.3333333333335,2814.5,52.29346097368261,2638,2835,36.099909964234946,0.084878511395574,-0.10659178761879261,44.0965078477511,0,0,0,197,2814.0,37.04424290793077,LOW,2835,True,21.0,0.0,0.0,0.0,False,False
48185,"Grimes County, Texas",TX,12,2802.5833333333335,2815.0,59.72278129876911,2685,2912,36.03501697049317,0.06787385113117476,-0.08141292793761513,41.58314120931049,0,0,0,227,2815.0,37.02266320655962,LOW,2694,True,-121.0,0.0,0.0,0.0,False,False
32019,"Lyon County, Nevada",NV,12,2782.25,2816.0,64.12789068444675,2644,2826,36.427398483888766,0.06750017991166157,-0.05576256175727607,43.89276840293491,0,0,0,182,2816.0,37.0139066896943,LOW,2653,True,-163.0,0.0,0.0,0.0,False,False
48251,"Johnson County, Texas",TX,12,2819.9166666666665,2818.0,55.25553585319971,2738,2966,35.74917269985522,0.07718127018241919,-0.12766856868046086,44.3136794018591,0,0,0,228,2817.0,37.012853446258966,LOW,2747,True,-70.0,0.0,0.0,0.0,False,False
20179,"Sheridan County, Kansas",KS,12,2825.4166666666665,2823.5,7.751343969488863,2818,2839,35.70214789437606,0.07021490863485051,-0.1250183540972961,45.759927225382604,0,0,0,21,2818.0,37.012692653372845,LOW,2839,True,21.0,0.0,0.0,0.0,False,False
48341,"Moore County, Texas",TX,12,2800.0833333333335,2820.0,84.80615150644057,2621,2896,36.040748237695105,0.04395824490252207,-0.1473412258859995,39.65625880438205,0,0,0,275,2819.0,37.00237771299501,LOW,2630,True,-189.0,0.0,0.0,0.0,False,False
16059,"Lemhi County, Idaho",ID,12,2780.0833333333335,2820.0,123.61778213754712,2389,2830,36.519256070465474,0.11044443830486404,-0.07176257394343748,43.974710831369485,0,0,0,441,2820.0,36.99372582342482,LOW,2819,True,-1.0,0.0,0.0,0.0,False,False
31069,"Garden County, Nebraska",NE,12,2790.0,2821.0,90.88454214001409,2503,2831,36.32304567866391,0.11266915210658601,-0.1075475834458564,39.64922431236701,0,0,0,328,2821.0,36.9469902933854,LOW,2808,True,-13.0,0.0,0.0,0.0,False,False
48095,"Concho County, Texas",TX,12,2838.5833333333335,2823.0,50.63318770302434,2807,2997,35.3538713195688,0.04888198930738057,-0.12621426173986855,44.62947897034565,0,0,0,190,2822.0,36.92803711945981,LOW,2816,True,-6.0,0.0,0.0,0.0,False,False
48237,"Jack County, Texas",TX,12,2836.9166666666665,2823.5,59.988572144024126,2797,3024,35.35641303782615,0.05122380609682665,-0.08342449580843207,47.2084870361336,0,0,0,227,2823.0,36.91136566667308,LOW,2830,True,7.0,0.0,0.0,0.0,False,False
31011,"Boone County, Nebraska",NE,12,2826.8333333333335,2825.0,39.02174995687626,2768,2930,35.626877646252275,0.09320072538374558,-0.13130123152196024,39.44611042600079,0,0,0,162,2824.0,36.88568468380217,LOW,2777,True,-47.0,0.0,0.0,0.0,False,False
16079,"Shoshone County, Idaho",ID,12,2815.6666666666665,2825.0,35.59962546619456,2750,2887,35.82414469004049,0.06560617744054141,-0.07213162455274925,49.234916161611245,0,0,0,137,2825.0,36.88127251289209,LOW,2759,True,-66.0,0.0,0.0,0.0,False,False
16015,"Boise County, Idaho",ID,12,2800.5833333333335,2826.0,44.87651407085349,2677,2836,36.151357314629216,0.10488550429392805,-0.03423047176026383,47.91047331132982,0,0,0,159,2826.0,36.841994712645466,LOW,2778,True,-48.0,0.0,0.0,0.0,False,False
48013,"Atascosa County, Texas",TX,12,2842.5,2828.0,39.17675563160095,2823,2965,35.300461547774354,0.08624263108850962,-0.12417838474978611,41.53440151416822,0,0,0,142,2827.0,36.80963326038837,LOW,2832,True,5.0,0.0,0.0,0.0,False,False
38079,"Rolette County, North Dakota",ND,12,2807.4166666666665,2831.0,57.14965733347253,2686,2848,35.972514861121645,0.04146856031074721,-0.11217052623750905,38.78218510073696,0,0,0,162,2828.0,36.80766814391493,LOW,2695,True,-133.0,0.0,0.0,0.0,False,False
48325,"Medina County, Texas",TX,12,2848.8333333333335,2829.0,51.53433689093015,2827,3009,35.143989312762095,0.0998920035353158,-0.11401841329415426,41.77604908096569,0,0,0,182,2829.0,36.79264190082105,MEDIUM,2860,True,31.0,0.0,0.0,0.0,False,False
32005,"Douglas County, Nevada",NV,12,2815.4166666666665,2830.0,36.174974607852675,2734,2839,35.855763771125936,0.10138388279559651,-0.08259429109578002,44.12094974688887,0,0,0,105,2830.0,36.765239673525635,LOW,2743,True,-87.0,0.0,0.0,0.0,False,False
30047,"Lake County, Montana",MT,12,2811.4166666666665,2831.0,39.29713922813147,2696,2840,35.94280516314591,0.13764047824850545,-0.0878429724726358,46.06602815375921,0,0,0,144,2831.0,36.75589389164013,LOW,2800,True,-31.0,0.0,0.0,0.0,False,False
28101,"Newton County, Mississippi",MS,12,2813.75,2832.0,121.43170545993779,2437,2906,35.82227291722135,0.11395128695178569,-0.11955558263595645,45.94942475344362,0,0,0,469,2832.0,36.73742246170019,MEDIUM,2906,True,74.0,0.0,0.0,0.0,False,False
48085,"Collin County, Texas",TX,12,2841.5833333333335,2833.0,24.13393813071042,2815,2893,35.36157120907365,0.059824635175308616,-0.116987600582257,48.11987636518901,0,0,0,78,2833.0,36.73560758211911,MEDIUM,2893,True,60.0,0.0,0.0,0.0,False,False
06001,"Alameda County, California",CA,12,2851.6666666666665,2835.0,60.44431446807174,2816,3042,35.01681755132355,0.03969425154010397,-0.12891425771347945,42.08355630068387,0,0,0,226,2834.0,36.69149987472216,LOW,2825,True,-9.0,0.0,0.0,0.0,False,False
08059,"Jefferson County, Colorado",CO,12,2837.6666666666665,2836.0,38.85481913092595,2729,2885,35.412310742722624,0.022248059045297378,-0.14449241843073635,41.34580626219629,0,0,0,156,2835.0,36.59754999074538,LOW,2852,True,17.0,0.0,0.0,0.0,False,False
41023,"Grant County, Oregon",OR,12,2844.1666666666665,2837.0,51.38948129606675,2790,2998,35.188673521436925,0.11061013185362174,-0.13305819198032962,40.74255015145354,0,0,0,208,2836.0,36.59518525981816,LOW,2799,True,-37.0,0.0,0.0,0.0,False,False
38005,"Benson County, North Dakota",ND,12,2834.3333333333335,2837.5,14.066939534909064,2793,2848,35.50285055448874,0.039518865382109275,-0.0884408339031418,43.326058125435374,0,0,0,55,2837.0,36.58564953192948,LOW,2848,True,11.0,0.0,0.0,0.0,False,False
28083,"Leflore County, Mississippi",MS,12,2819.4166666666665,2838.5,86.6334580898515,2551,2885,35.760943927158046,0.04344039422929799,-0.06986784921689142,48.419584217250396,0,0,0,334,2838.0,36.579545507540125,LOW,2885,True,47.0,0.0,0.0,0.0,False,False
41033,"Josephine County, Oregon",OR,12,2820.5833333333335,2839.0,60.52115833376464,2630,2849,35.75075841227382,0.08814479548356378,-0.1125734948434685,42.321776384761314,0,0,0,219,2839.0,36.55357745280632,LOW,2847,True,8.0,0.0,0.0,0.0,False,False
48473,"Waller County, Texas",TX,12,2823.1666666666665,2840.0,46.28927488843358,2722,2870,35.703332693132104,0.04599045905655826,-0.10922877296130619,41.983828691384815,0,0,0,148,2840.0,36.553225582231846,LOW,2731,True,-109.0,0.0,0.0,0.0,False,False
12069,"Lake County, Florida",FL,12,2832.4166666666665,2841.0,15.928581134856218,2794,2851,35.557244691019314,0.08919656774942568,-0.09473814569702199,43.87212395065461,0,0,0,57,2841.0,36.547936360151105,LOW,2834,True,-7.0,0.0,0.0,0.0,False,False
08053,"Hinsdale County, Colorado",CO,12,2789.0833333333335,2842.5,207.62223489848674,2131,2879,36.140132669323954,0.03006882571557345,-0.12164919235385724,32.25021970378998,0,0,0,748,2842.0,36.52855031531694,LOW,2879,True,37.0,0.0,0.0,0.0,False,False
19177,"Van Buren County, Iowa",IA,12,2804.75,2844.0,149.60197191213757,2330,2856,35.95662537484071,0.06917813100456546,-0.15691623339637636,38.577341402248656,0,0,0,526,2843.0,36.520497372477934,MEDIUM,2856,True,13.0,0.0,0.0,0.0,False,False
48277,"Lamar County, Texas",TX,12,2870.6666666666665,2845.0,67.78754690318509,2835,3080,34.510332691773655,0.05993939804711237,-0.15688053220612339,44.72100310115952,0,0,0,245,2844.0,36.45868837286822,MEDIUM,2844,True,0.0,0.0,0.0,0.0,False,False
28019,"Choctaw County, Mississippi",MS,12,2845.5,2846.0,77.66068386372746,2615,2920,35.20923332415703,0.02274007836280678,-0.14786472510685802,42.76962967563546,0,0,0,305,2845.0,36.45142151930453,MEDIUM,2920,True,75.0,0.0,0.0,0.0,False,False
48281,"Lampasas County, Texas",TX,12,2840.6666666666665,2846.5,25.140815540881096,2764,2862,35.351737186724215,0.06518314531563724,-0.10833090862656551,43.16322293616235,0,0,0,98,2846.0,36.430194511256936,LOW,2862,True,16.0,0.0,0.0,0.0,False,False
28055,"Issaquena County, Mississippi",MS,12,2800.1666666666665,2849.5,94.94863044953537,2616,2861,36.017380565790084,0.0604092509755439,-0.11647916560012926,38.87099591952222,0,0,0,245,2847.0,36.364094745343635,LOW,2625,True,-222.0,0.0,0.0,0.0,False,False
22009,"Avoyelles Parish, Louisiana",LA,12,2848.5833333333335,2848.0,58.25251977902812,2685,2925,35.155747756222674,0.03484299814276683,-0.12879984424574156,41.540325132061554,0,0,0,240,2848.0,36.36323038215953,LOW,2925,True,77.0,0.0,0.0,0.0,False,False
08011,"Bent County, Colorado",CO,12,2851.0,2849.0,31.9175073075463,2807,2914,35.10369287097226,0.07276215914452452,-0.03917588947248337,52.92540152931213,0,0,0,107,2849.0,36.3276014398477,LOW,2914,True,65.0,0.0,0.0,0.0,False,False
45039,"Fairfield County, South Carolina",SC,12,2865.5833333333335,2850.0,44.35078831590742,2795,2957,34.765093134841244,0.084247735239709,-0.12860364584323622,43.278828339676956,0,0,0,162,2850.0,36.321441392480544,LOW,2957,True,107.0,0.0,0.0,0.0,False,False
05043,"Drew County, Arkansas",AR,12,2834.9166666666665,2851.0,79.15629916165672,2588,2892,35.434111064852864,0.06606401382254067,-0.17114515327600843,40.6843908675588,0,0,0,304,2851.0,36.31341043484392,MEDIUM,2892,True,41.0,0.0,0.0,0.0,False,False
48475,"Ward County, Texas",TX,12,2845.75,2852.0,56.286806140112034,2745,2971,35.148847191848844,0.019632518126717877,-0.13256110879436064,43.851661685295625,0,0,0,226,2852.0,36.235002466328616,LOW,2754,True,-98.0,0.0,0.0,0.0,False,False
12027,"DeSoto County, Florida",FL,12,2838.4166666666665,2853.0,22.85312126417639,2793,2863,35.3726887795814,0.1467651435390276,-0.07891839220906958,44.27884042373733,0,0,0,70,2853.0,36.22892494766018,LOW,2802,True,-51.0,0.0,0.0,0.0,False,False
48397,"Rockwall County, Texas",TX,12,2838.5,2854.5,33.93442874936091,2766,2864,35.35070368890347,0.06959001163891924,-0.12715587905418377,44.94662473795571,0,0,0,98,2854.0,36.22522133550561,LOW,2775,True,-79.0,0.0,0.0,0.0,False,False
16083,"Twin Falls County, Idaho",ID,12,2848.5,2855.5,21.146673927164453,2785,2865,35.2131630163521,0.07543242952857769,-0.10454457538945139,46.972850631674106,0,0,0,80,2855.0,36.21739646728304,LOW,2846,True,-9.0,0.0,0.0,0.0,False,False
48069,"Castro County, Texas",TX,12,2861.3333333333335,2857.0,15.558297016724138,2845,2908,34.94756413250534,0.02966564841103224,-0.10409794897348884,43.63548170483252,0,0,0,63,2856.0,36.21710182519352,LOW,2854,True,-2.0,0.0,0.0,0.0,False,False
48007,"Aransas County, Texas",TX,12,2848.0833333333335,2857.5,29.828169520935983,2760,2872,35.2159833556963,0.08810105479463916,-0.09347962438665051,41.789783856692665,0,0,0,112,2857.0,36.20548432591734,LOW,2872,True,15.0,0.0,0.0,0.0,False,False
45011,"Barnwell County, South Carolina",SC,12,2829.25,2858.0,92.24879895744394,2537,2868,35.559375271483454,0.08993949574969672,-0.12772150670723184,40.65996227070601,0,0,0,331,2858.0,36.20452346213176,LOW,2853,True,-5.0,0.0,0.0,0.0,False,False
30109,"Wibaux County, Montana",MT,12,2826.0,2860.0,170.54404922855775,2289,2923,35.48655163166714,0.10800336377542731,-0.11347374827822536,41.60836225179114,0,0,0,634,2859.0,36.19433383225444,LOW,2923,True,64.0,0.0,0.0,0.0,False,False
35053,"Socorro County, New Mexico",NM,12,2872.5,2865.5,19.435207041018987,2860,2928,34.73731789964066,0.1299225570679047,-0.1258585212175525,40.51132836849767,0,0,0,68,2860.0,36.17045034950884,LOW,2886,True,26.0,0.0,0.0,0.0,False,False
30089,"Sanders County, Montana",MT,12,2822.5833333333335,2861.0,117.95566064749873,2450,2871,35.67626918454125,0.1135781671662363,-0.07470879614398493,46.94437017987986,0,0,0,421,2861.0,36.1534857408254,LOW,2863,True,2.0,0.0,0.0,0.0,False,False
22031,"De Soto Parish, Louisiana",LA,12,2878.0,2863.0,36.48661024640031,2840,2943,34.55162066352749,0.018975527206984314,-0.1203604827323404,43.82127242325394,0,0,0,103,2862.0,36.13239373458042,LOW,2943,True,81.0,0.0,0.0,0.0,False,False
49019,"Grand County, Utah",UT,12,2861.8333333333335,2864.0,31.55898757833809,2769,2899,34.935947309676074,0.08215455019308199,-0.12867453116781688,44.42377948324335,0,0,0,130,2863.0,36.102635512807474,LOW,2899,True,36.0,0.0,0.0,0.0,False,False
22111,"Union Parish, Louisiana",LA,12,2859.4166666666665,2864.5,35.707036060732165,2763,2907,34.9633617717612,0.08705712355374391,-0.14115541361471515,42.06362979701834,0,0,0,144,2864.0,36.0751868056781,MEDIUM,2907,True,43.0,0.0,0.0,0.0,False,False
06059,"Orange County, California",CA,12,2858.75,2866.0,32.03158952148219,2758,2875,35.00347485480325,0.0659552637065306,-0.12444044254949306,39.17175281394668,0,0,0,117,2865.0,36.05537788832413,LOW,2870,True,5.0,0.0,0.0,0.0,False,False
48213,"Henderson County, Texas",TX,12,2859.0833333333335,2866.0,22.187049184493922,2808,2877,34.98736701453072,0.09885537932886279,-0.10280059981629797,43.687206444341065,0,0,0,69,2866.0,36.020977197852126,LOW,2817,True,-49.0,0.0,0.0,0.0,False,False
30103,"Treasure County, Montana",MT,12,2821.5833333333335,2868.0,166.23830558094681,2294,2878,35.586871992452615,0.11567602804477249,-0.11671175229614578,43.11447286771996,0,0,0,584,2867.0,36.015646972332306,LOW,2868,True,1.0,0.0,0.0,0.0,False,False
01119,"Sumter County, Alabama",AL,12,2857.9166666666665,2868.5,72.0561123939763,2645,2935,34.95181697726193,0.05313215182530979,-0.13822892655379465,41.39367607121106,0,0,0,290,2868.0,36.01474597140584,LOW,2935,True,67.0,0.0,0.0,0.0,False,False
45069,"Marlboro County, South Carolina",SC,12,2837.0,2869.5,133.13902508280577,2417,2910,35.355829473049035,0.10741510478806693,-0.08044329332532521,45.68956871533195,0,0,0,493,2869.0,36.012844598780234,LOW,2910,True,41.0,0.0,0.0,0.0,False,False
06021,"Glenn County, California",CA,12,2877.75,2872.0,11.258330249197705,2870,2909,34.61704284068493,0.043077835568369915,-0.16457839678890687,39.31441720135659,0,0,0,39,2870.0,35.979354194934544,MEDIUM,2882,True,12.0,0.0,0.0,0.0,False,False
04007,"Gila County, Arizona",AZ,12,2858.25,2872.0,51.8373768275714,2694,2881,35.03569290218159,0.08791453750500383,-0.09883625067003345,45.282083585072094,0,0,0,187,2871.0,35.96755516007727,LOW,2877,True,6.0,0.0,0.0,0.0,False,False
38043,"Kidder County, North Dakota",ND,12,2859.5,2872.5,55.01322155131929,2688,2898,35.00005031775443,0.039929322603820545,-0.08594828992971482,45.715730898934716,0,0,0,210,2872.0,35.94553979879356,LOW,2898,True,26.0,0.0,0.0,0.0,False,False
28017,"Chickasaw County, Mississippi",MS,12,2849.1666666666665,2873.5,90.94737072848366,2561,2889,35.13872195590557,0.034601405037043106,-0.12964760888114163,41.93948060885041,0,0,0,328,2873.0,35.86707748751271,MEDIUM,2889,True,16.0,0.0,0.0,0.0,False,False
49021,"Iron County, Utah",UT,12,2856.5833333333335,2875.0,84.60223329669192,2589,2896,35.005139454367345,0.08863157824473712,-0.12084379523505355,46.33977232373328,0,0,0,307,2874.0,35.84657742389758,LOW,2896,True,22.0,0.0,0.0,0.0,False,False
48399,"Runnels County, Texas",TX,12,2865.9166666666665,2875.0,17.41189944906186,2828,2885,34.845017202872434,0.08802440937253558,-0.08567859177797758,41.97746104785312,0,0,0,57,2875.0,35.82069247707011,LOW,2837,True,-38.0,0.0,0.0,0.0,False,False
06053,"Monterey County, California",CA,12,2891.3333333333335,2879.0,33.86157203388617,2876,2996,34.25097175670713,0.10275043818184726,-0.13370943453507683,41.3129942127823,0,0,0,120,2876.0,35.7853214959126,LOW,2901,True,25.0,0.0,0.0,0.0,False,False
48363,"Palo Pinto County, Texas",TX,12,2883.9166666666665,2877.0,41.073013332873806,2848,3010,34.40121196100265,0.1121776003839895,-0.11205896406246202,45.11273676092554,0,0,0,162,2877.0,35.775094852635426,LOW,2857,True,-20.0,0.0,0.0,0.0,False,False
31117,"McPherson County, Nebraska",NE,12,2871.3333333333335,2878.5,43.922107362369516,2742,2919,34.69885160032346,0.12277664705084122,-0.11261909406218444,43.36592466114408,0,0,0,177,2878.0,35.770116966181874,LOW,2919,True,41.0,0.0,0.0,0.0,False,False
48221,"Hood County, Texas",TX,12,2871.25,2879.0,40.68532234781297,2794,2954,34.716352495760006,0.08901259265148481,-0.08582080962918498,43.83720983861125,0,0,0,160,2879.0,35.7463521892752,LOW,2803,True,-76.0,0.0,0.0,0.0,False,False
12081,"Manatee County, Florida",FL,12,2869.25,2880.0,21.21802407045825,2824,2890,34.791311084778336,0.09098549643790248,-0.09243567617282006,47.29103777968451,0,0,0,66,2880.0,35.743405240045746,LOW,2833,True,-47.0,0.0,0.0,0.0,False,False
48001,"Anderson County, Texas",TX,12,2881.3333333333335,2881.5,10.790006599823844,2857,2896,34.54335663588686,0.015289580157592327,-0.1619491947430142,40.5922819879688,0,0,0,39,2881.0,35.737330853951576,LOW,2878,True,-3.0,0.0,0.0,0.0,False,False
38069,"Pierce County, North Dakota",ND,12,2869.8333333333335,2882.0,66.038326796343,2741,2992,34.6836735377497,0.051375542520196694,-0.1309886978432753,37.36840357311996,0,0,0,251,2882.0,35.714074175644406,LOW,2750,True,-132.0,0.0,0.0,0.0,False,False
48343,"Morris County, Texas",TX,12,2890.0833333333335,2883.0,27.364403996078618,2865,2974,34.304689040483346,0.08051589451066661,-0.12907745059837958,42.845358582278784,0,0,0,109,2883.0,35.646728361697996,LOW,2874,True,-9.0,0.0,0.0,0.0,False,False
28011,"Bolivar County, Mississippi",MS,12,2885.75,2884.0,35.04315521286179,2805,2947,34.35521370811547,0.06706548716213455,-0.14043380984294293,42.88949712699949,0,0,0,142,2884.0,35.62643431075662,LOW,2947,True,63.0,0.0,0.0,0.0,False,False
48265,"Kerr County, Texas",TX,12,2897.6666666666665,2885.0,28.15003094890386,2879,2977,34.143642119485044,0.07766599583363624,-0.13884996056476928,42.80333233558872,0,0,0,98,2885.0,35.624718947519575,MEDIUM,2921,True,36.0,0.0,0.0,0.0,False,False
36061,"New York County, New York",NY,12,2846.5833333333335,2886.0,193.5667412892342,2239,2968,34.9126108018216,0.08249835829591905,-0.1221039439110983,39.34767504666061,0,0,0,729,2886.0,35.58777495692301,LOW,2968,True,82.0,0.0,0.0,0.0,False,False
48429,"Stephens County, Texas",TX,12,2905.0833333333335,2888.0,46.08186062636664,2872,3040,33.89085515199212,0.12262227906176891,-0.09806232147203958,46.677272996666,0,0,0,168,2887.0,35.575904840997346,LOW,2932,True,45.0,0.0,0.0,0.0,False,False
08031,"Denver County, Colorado",CO,12,2893.0,2888.5,21.896450521820835,2877,2960,34.2548610095548,0.015020356059518286,-0.14037086464322496,41.744980173197746,0,0,0,83,2888.0,35.5240729265002,LOW,2891,True,3.0,0.0,0.0,0.0,False,False
16043,"Fremont County, Idaho",ID,12,2861.0,2889.5,107.99915824587782,2527,2937,34.829869427092184,0.08943035878959082,-0.06417210723145365,48.90007591771306,0,0,0,410,2889.0,35.522782657899846,LOW,2937,True,48.0,0.0,0.0,0.0,False,False
12087,"Monroe County, Florida",FL,12,2896.3333333333335,2890.5,14.852813221947645,2880,2931,34.15101360597762,0.07328898158591285,-0.10920317952942254,43.91016867251477,0,0,0,51,2890.0,35.45904457282292,LOW,2931,True,41.0,0.0,0.0,0.0,False,False
28007,"Attala County, Mississippi",MS,12,2851.6666666666665,2891.5,171.08867096723066,2313,2951,34.857820349646,0.01602205190504469,-0.129725354689473,47.091837077754555,0,0,0,638,2891.0,35.44742921968934,MEDIUM,2951,True,60.0,0.0,0.0,0.0,False,False
35027,"Lincoln County, New Mexico",NM,12,2892.75,2893.0,45.85376954862248,2765,2955,34.18127346886413,0.07496863288663906,-0.10465678438629222,40.7229883563911,0,0,0,190,2892.0,35.439298202311974,LOW,2955,True,63.0,0.0,0.0,0.0,False,False
22077,"Pointe Coupee Parish, Louisiana",LA,12,2892.5833333333335,2893.5,51.04090753919116,2750,2961,34.189503724971495,0.07263197717011184,-0.17328458310533926,37.089421653157245,0,0,0,211,2893.0,35.439125702416696,LOW,2961,True,68.0,0.0,0.0,0.0,False,False
01065,"Hale County, Alabama",AL,12,2884.8333333333335,2895.0,64.06507108661737,2684,2918,34.338484882430784,0.08128104562754304,-0.1432590794636466,43.169609077379846,0,0,0,234,2894.0,35.43757959838894,MEDIUM,2918,True,24.0,0.0,0.0,0.0,False,False
48137,"Edwards County, Texas",TX,12,2788.5833333333335,2832.0,161.33841245448443,2474,2962,36.01367916535316,0.06464109880487977,-0.09154849365750949,37.50033645874913,0,0,0,488,2895.0,35.393161314740745,LOW,2483,True,-412.0,0.0,0.0,0.0,False,False
22071,"Orleans Parish, Louisiana",LA,12,2909.25,2896.0,36.11628945000253,2849,2983,33.80691573997667,-0.004381975459527711,-0.1597076207899125,42.57982741469448,0,0,0,134,2896.0,35.39290062499853,LOW,2983,True,87.0,0.0,0.0,0.0,False,False
31115,"Loup County, Nebraska",NE,12,2861.9166666666665,2897.0,157.59987213500435,2364,2944,34.617418634613685,0.09081938073689542,-0.15535524104753268,36.63640246135735,0,0,0,580,2897.0,35.29695672926651,LOW,2944,True,47.0,0.0,0.0,0.0,False,False
06003,"Alpine County, California",CA,12,2897.6666666666665,2898.0,53.191478014183176,2818,3038,34.01009916994213,0.10886891595944187,-0.13255808682460943,38.47238707081864,0,0,0,220,2898.0,35.280753594698595,LOW,2827,True,-71.0,0.0,0.0,0.0,False,False
46039,"Deuel County, South Dakota",SD,12,2890.3333333333335,2899.0,16.886429911367046,2852,2908,34.27959753121836,0.05748202470617803,-0.13830905015195005,43.2346403921429,0,0,0,56,2899.0,35.253663030104384,LOW,2861,True,-38.0,0.0,0.0,0.0,False,False
28069,"Kemper County, Mississippi",MS,12,2877.4166666666665,2900.0,130.70192203729226,2469,2967,34.31405043255983,0.022151915082934303,-0.15491637006319273,43.94587666773716,0,0,0,498,2900.0,35.20691709219099,LOW,2967,True,67.0,0.0,0.0,0.0,False,False
48501,"Yoakum County, Texas",TX,12,2895.75,2901.0,52.02119323366721,2805,3016,34.004664978567895,0.012179511935366117,-0.1717316402801008,41.72784895110847,0,0,0,211,2901.0,35.113769565834076,LOW,2814,True,-87.0,0.0,0.0,0.0,False,False
08014,"Broomfield County, Colorado",CO,12,2898.75,2902.0,26.721203701793257,2841,2927,33.978947242585036,-0.00704463235958516,-0.14602715468310287,41.07896241510733,0,0,0,86,2902.0,35.11181505540737,LOW,2850,True,-52.0,0.0,0.0,0.0,False,False
40089,"McCurtain County, Oklahoma",OK,12,2898.6666666666665,2903.0,50.23098162639776,2749,2953,33.94443332899396,0.08571638087248785,-0.10505190083069775,49.72319372012593,0,0,0,204,2903.0,35.06637700364429,LOW,2953,True,50.0,0.0,0.0,0.0,False,False
06109,"Tuolumne County, California",CA,12,2903.25,2904.0,12.439855304624711,2875,2921,33.9257699124286,0.07671413233542644,-0.1238523675082623,41.33466700835373,0,0,0,46,2904.0,35.05389486431581,LOW,2884,True,-20.0,0.0,0.0,0.0,False,False
30075,"Powder River County, Montana",MT,12,2890.1666666666665,2905.0,31.1880901899582,2799,2914,34.25090445984599,0.09635338846200585,-0.11126252138561354,44.614739273624565,0,0,0,115,2905.0,35.05294287995542,LOW,2880,True,-25.0,0.0,0.0,0.0,False,False
21175,"Morgan County, Kentucky",KY,12,2865.5833333333335,2906.0,106.9438751132688,2531,2915,34.68823664799708,0.12207265059581095,-0.1075309969329611,45.02122115999126,0,0,0,384,2906.0,35.05028492510115,LOW,2864,True,-42.0,0.0,0.0,0.0,False,False
48067,"Cass County, Texas",TX,12,2918.6666666666665,2907.0,24.012622943070255,2900,2971,33.54190744891888,0.08900624138780962,-0.11170564905872142,49.075211183944624,0,0,0,71,2907.0,35.015875687173136,LOW,2971,True,64.0,0.0,0.0,0.0,False,False
22123,"West Carroll Parish, Louisiana",LA,12,2896.6666666666665,2908.0,58.503043173890255,2712,2926,33.98116979643107,0.013945812152001089,-0.15548727511688357,39.735550059444144,0,0,0,214,2908.0,34.93933476159921,MEDIUM,2926,True,18.0,0.0,0.0,0.0,False,False
06093,"Siskiyou County, California",CA,12,2903.0833333333335,2909.0,15.848477605885247,2867,2920,33.9248456911702,0.10390065432338165,-0.1350797677186852,41.218485700468584,0,0,0,53,2909.0,34.93303101008466,LOW,2876,True,-33.0,0.0,0.0,0.0,False,False
22049,"Jackson Parish, Louisiana",LA,12,2887.25,2910.0,77.29415478311645,2643,2919,34.17983315252924,0.05549377414370277,-0.11617374095845373,41.58236499909951,0,0,0,276,2910.0,34.916810864605,LOW,2900,True,-10.0,0.0,0.0,0.0,False,False
08115,"Sedgwick County, Colorado",CO,12,2907.4166666666665,2911.0,31.41932912116747,2850,2978,33.77044062487702,0.004399842815479807,-0.10476622975179661,42.52334895799119,0,0,0,128,2911.0,34.84490165650976,LOW,2859,True,-52.0,0.0,0.0,0.0,False,False
40129,"Roger Mills County, Oklahoma",OK,12,2879.8333333333335,2912.0,78.95434046832311,2662,2933,34.294158792949624,0.09440058002475382,-0.14185299190555553,41.15291817148564,0,0,0,271,2912.0,34.82203517679487,LOW,2823,True,-89.0,0.0,0.0,0.0,False,False
01063,"Greene County, Alabama",AL,12,2890.25,2913.0,126.93672367830284,2492,2970,33.92990642537222,0.046682734187210966,-0.1503173104762617,42.074584630609735,0,0,0,478,2913.0,34.778160080530846,LOW,2970,True,57.0,0.0,0.0,0.0,False,False
22001,"Acadia Parish, Louisiana",LA,12,2903.5833333333335,2914.0,61.8391731294439,2713,2956,33.79675671211508,-0.013610792562783544,-0.17288532203912635,40.16404605652308,0,0,0,243,2914.0,34.7713962706435,LOW,2956,True,42.0,0.0,0.0,0.0,False,False
48319,"Mason County, Texas",TX,12,2882.75,2915.0,60.098593237204106,2732,2925,34.30482476315342,0.056803520409990836,-0.0829673699114916,43.72122332596327,0,0,0,193,2915.0,34.70908376324027,LOW,2824,True,-91.0,0.0,0.0,0.0,False,False
08005,"Arapahoe County, Colorado",CO,12,2921.1666666666665,2917.0,15.05645940109993,2884,2942,33.383596120695344,0.015383054603675025,-0.15521263323921025,43.74721006499865,0,0,0,58,2916.0,34.707496492425214,LOW,2942,True,26.0,0.0,0.0,0.0,False,False
28103,"Noxubee County, Mississippi",MS,12,2905.5,2917.5,39.91923664783006,2781,2928,33.814988018219225,0.016410594148333357,-0.11204254871968518,49.20853904236687,0,0,0,147,2917.0,34.67261914422858,LOW,2928,True,11.0,0.0,0.0,0.0,False,False
01131,"Wilcox County, Alabama",AL,12,2910.8333333333335,2919.0,98.82016111312629,2614,3009,33.461094980814735,0.08029508803651059,-0.15546273557513346,40.44679757009477,0,0,0,395,2918.0,34.66133781630974,LOW,3009,True,91.0,0.0,0.0,0.0,False,False
12043,"Glades County, Florida",FL,12,2931.25,2920.0,24.635986243335577,2909,2981,33.200929394725925,0.11876237793453674,-0.11719881598665982,41.63283236101317,0,0,0,72,2919.0,34.656945921983834,LOW,2981,True,62.0,0.0,0.0,0.0,False,False
02240,"Southeast Fairbanks Census Area, Alaska",AK,12,2922.0833333333335,2921.0,13.04160010632644,2895,2939,33.40997692401931,0.029665618399261517,-0.15419697422188175,45.25376403063145,0,0,0,44,2920.0,34.61054590957437,LOW,2904,True,-16.0,0.0,0.0,0.0,False,False
48359,"Oldham County, Texas",TX,12,2897.25,2918.0,41.321632019164866,2813,2924,33.9545699855579,0.015682196903312396,-0.15618745782544904,39.09791284848056,0,0,0,111,2921.0,34.58655368239175,LOW,2822,True,-99.0,0.0,0.0,0.0,False,False
16021,"Boundary County, Idaho",ID,12,2911.4166666666665,2922.0,26.71553287826575,2833,2931,33.658889030895715,0.05128164426155186,-0.09689227969004714,51.67063298430143,0,0,0,98,2922.0,34.52815348583047,LOW,2927,True,5.0,0.0,0.0,0.0,False,False
16045,"Gem County, Idaho",ID,12,2899.4166666666665,2923.0,38.72621459644223,2831,2932,33.91943848915687,0.04226057264315188,-0.08571128299246868,47.74971525464003,0,0,0,101,2923.0,34.52468269636291,LOW,2840,True,-83.0,0.0,0.0,0.0,False,False
48139,"Ellis County, Texas",TX,12,2929.5,2924.0,26.756477550475378,2906,3012,33.16437481503242,0.05044816318946363,-0.12867476245305834,45.198461873526185,0,0,0,106,2924.0,34.509639995513666,LOW,2915,True,-9.0,0.0,0.0,0.0,False,False
48259,"Kendall County, Texas",TX,12,2918.9166666666665,2925.0,19.114289435029022,2878,2948,33.49593796539802,0.09178236902937383,-0.13264135837350352,42.07167814271249,0,0,0,70,2925.0,34.462836069578586,LOW,2887,True,-38.0,0.0,0.0,0.0,False,False
48099,"Coryell County, Texas",TX,12,2927.6666666666665,2926.0,34.41018172083093,2888,3028,33.21030168806815,0.03899294084429717,-0.11177687856675737,44.9975822251947,0,0,0,140,2926.0,34.45493181408829,LOW,2897,True,-29.0,0.0,0.0,0.0,False,False
48293,"Limestone County, Texas",TX,12,2931.9166666666665,2927.0,17.12233168771833,2915,2984,33.11066007089604,0.10804483572761085,-0.12429385442351838,45.00480266320466,0,0,0,69,2927.0,34.39178671248753,LOW,2924,True,-3.0,0.0,0.0,0.0,False,False
22047,"Iberville Parish, Louisiana",LA,12,2907.9166666666665,2928.0,79.74671077096458,2655,2940,33.58452401535181,0.052193894818320895,-0.15897512508257713,39.69333594958407,0,0,0,285,2928.0,34.339221715579406,LOW,2940,True,12.0,0.0,0.0,0.0,False,False
22067,"Morehouse Parish, Louisiana",LA,12,2919.9166666666665,2929.0,59.58867850574137,2734,2963,33.311710952185216,0.028891280845127366,-0.15955538349544235,42.57316005450449,0,0,0,229,2929.0,34.31048869666717,MEDIUM,2963,True,34.0,0.0,0.0,0.0,False,False
06083,"Santa Barbara County, California",CA,12,2931.9166666666665,2930.0,13.46685043378964,2916,2969,33.098155561369694,0.08293385375053199,-0.13980326419118835,40.407990440580946,0,0,0,53,2930.0,34.25668218378566,LOW,2936,True,6.0,0.0,0.0,0.0,False,False
16025,"Camas County, Idaho",ID,12,2936.6666666666665,2931.0,24.114625261760803,2881,2980,32.93362180742739,0.015657064297252516,-0.1206991578074796,45.08963659924271,0,0,0,99,2931.0,34.24832087961915,LOW,2980,True,49.0,0.0,0.0,0.0,False,False
48283,"La Salle County, Texas",TX,12,2934.9166666666665,2932.0,32.32634257447668,2900,3031,32.96059804691913,0.06437773793905381,-0.17583903889625616,38.16054775893761,0,0,0,131,2932.0,34.22168460905497,LOW,2909,True,-23.0,0.0,0.0,0.0,False,False
06101,"Sutter County, California",CA,12,2926.5,2933.0,11.16406573056446,2903,2942,33.2526538039316,0.03843401208296246,-0.1364160769051657,40.645671564411685,0,0,0,39,2933.0,34.22027485563628,LOW,2912,True,-21.0,0.0,0.0,0.0,False,False
48481,"Wharton County, Texas",TX,12,2930.75,2934.0,10.661101768067518,2908,2947,33.140296642691624,0.06676143480915736,-0.17258342178100525,38.348635883273296,0,0,0,39,2934.0,34.183308137161745,LOW,2917,True,-17.0,0.0,0.0,0.0,False,False
08071,"Las Animas County, Colorado",CO,12,2947.8333333333335,2935.0,34.09567643433922,2924,3049,32.544547229902214,0.0841441696465944,-0.14229623081858903,43.96716806136137,0,0,0,125,2935.0,34.11703691994505,MEDIUM,2966,True,31.0,0.0,0.0,0.0,False,False
06113,"Yolo County, California",CA,12,2954.1666666666665,2936.0,56.27825889490915,2885,3088,32.130707331501,0.033382627343666045,-0.18672783167720342,40.450538499207966,0,0,0,203,2936.0,34.06693262696439,LOW,2894,True,-42.0,0.0,0.0,0.0,False,False
06087,"Santa Cruz County, California",CA,12,2958.6666666666665,2941.5,29.549137299615328,2937,3017,32.25997882176356,0.07445865723848606,-0.1517289026250622,42.74874383078215,0,0,0,80,2937.0,34.06390337188573,LOW,3003,True,66.0,0.0,0.0,0.0,False,False
12065,"Jefferson County, Florida",FL,12,2939.4166666666665,2938.0,43.75647138285696,2817,2998,32.77628382911342,0.0808938619369702,-0.16059605712759087,41.9877438691493,0,0,0,181,2938.0,34.05892546162745,LOW,2998,True,60.0,0.0,0.0,0.0,False,False
48219,"Hockley County, Texas",TX,12,2946.0833333333335,2939.0,24.265419964645307,2914,2995,32.563383497228685,0.0441926642894423,-0.19429968832221908,39.05589786522406,0,0,0,81,2939.0,34.05096820295713,LOW,2938,True,-1.0,0.0,0.0,0.0,False,False
01023,"Choctaw County, Alabama",AL,12,2939.1666666666665,2940.0,105.58136313963863,2624,3031,32.45450378427024,0.08802520056237666,-0.19013601301635688,38.397308839897505,0,0,0,407,2940.0,34.01718566749132,LOW,3031,True,91.0,0.0,0.0,0.0,False,False
48019,"Bandera County, Texas",TX,12,2941.3333333333335,2941.0,18.406191316724936,2905,2976,32.82559958911779,0.09990755271658909,-0.11316607860142318,43.56578924434998,0,0,0,71,2941.0,34.0036590595804,LOW,2976,True,35.0,0.0,0.0,0.0,False,False
08125,"Yuma County, Colorado",CO,12,2945.75,2942.0,32.314153949230096,2855,2984,32.63797332344987,0.04869993739992781,-0.14542865069266875,46.22539466242785,0,0,0,129,2942.0,33.96059971067665,LOW,2984,True,42.0,0.0,0.0,0.0,False,False
02220,"Sitka City and Borough, Alaska",AK,12,2933.0,2943.0,35.797409759011245,2858,2989,33.03622830789421,0.10537320216963332,-0.12765276322137853,42.85541012489449,0,0,0,131,2943.0,33.94961749816516,LOW,2867,True,-76.0,0.0,0.0,0.0,False,False
48073,"Cherokee County, Texas",TX,12,2945.9166666666665,2944.0,13.055534064026991,2928,2979,32.73283658453177,0.08307709356595595,-0.1392013820699539,42.620907901981184,0,0,0,51,2944.0,33.94724703671722,LOW,2954,True,10.0,0.0,0.0,0.0,False,False
16061,"Lewis County, Idaho",ID,12,2952.3333333333335,2945.0,14.335799646868349,2945,2993,32.518725065768244,0.021924363920127133,-0.12726317818806201,46.08495669141157,0,0,0,48,2945.0,33.92769841000421,LOW,2965,True,20.0,0.0,0.0,0.0,False,False
08061,"Kiowa County, Colorado",CO,12,2944.25,2946.0,14.88211250889048,2913,2969,32.743187222810775,0.028621652329915856,-0.13890659907149644,39.05281632485353,0,0,0,56,2946.0,33.859792945345546,LOW,2969,True,23.0,0.0,0.0,0.0,False,False
22083,"Richland Parish, Louisiana",LA,12,2952.0,2947.0,18.906468349603056,2927,2994,32.526185349503955,0.07086389600078902,-0.1743039018428216,41.034320554917414,0,0,0,67,2947.0,33.81368836954279,MEDIUM,2994,True,47.0,0.0,0.0,0.0,False,False
48391,"Refugio County, Texas",TX,12,2947.5,2948.0,42.32665182299984,2879,3054,32.54047368158643,0.01827068154085541,-0.1604110472200557,39.90376865702543,0,0,0,175,2948.0,33.812862522249006,LOW,2888,True,-60.0,0.0,0.0,0.0,False,False
06037,"Los Angeles County, California",CA,12,2957.75,2951.0,14.585952145814847,2949,3000,32.325105971046256,0.09963832144422213,-0.15321734086579938,39.5187008507266,0,0,0,51,2949.0,33.77710435520396,LOW,2962,True,13.0,0.0,0.0,0.0,False,False
06069,"San Benito County, California",CA,12,2962.0833333333335,2950.0,44.58181107568285,2943,3103,32.043938895967095,0.019056772130634208,-0.134906796765413,42.62260528954483,0,0,0,160,2950.0,33.77551240981195,LOW,2952,True,2.0,0.0,0.0,0.0,False,False
31065,"Furnas County, Nebraska",NE,12,2941.8333333333335,2951.0,14.861991383350567,2913,2960,32.85808211119315,0.09961974201411773,-0.10638525655641191,48.62516385522406,0,0,0,47,2951.0,33.76746244173251,LOW,2922,True,-29.0,0.0,0.0,0.0,False,False
48177,"Gonzales County, Texas",TX,12,2975.0833333333335,2955.0,37.722571813735335,2952,3043,31.796545073740944,0.034657911977337495,-0.1673734132756903,40.34928513029793,0,0,0,91,2952.0,33.754058792016735,LOW,3043,True,91.0,0.0,0.0,0.0,False,False
30033,"Garfield County, Montana",MT,12,2919.6666666666665,2953.0,130.2280051806574,2507,2978,33.10317443196103,0.09782433617639062,-0.1163626866170454,43.17363060097468,0,0,0,471,2953.0,33.664516097834664,LOW,2978,True,25.0,0.0,0.0,0.0,False,False
30041,"Hill County, Montana",MT,12,2951.0833333333335,2954.0,39.03485233697825,2839,3000,32.48185949883544,0.07254247540241145,-0.1696927234797566,43.38573406861508,0,0,0,161,2954.0,33.63109286552585,LOW,3000,True,46.0,0.0,0.0,0.0,False,False
48337,"Montague County, Texas",TX,12,2952.0,2955.0,11.724101051020746,2919,2964,32.51305917116676,0.10422407428916149,-0.1310946572633067,43.90777696030333,0,0,0,45,2955.0,33.60017215040401,LOW,2964,True,9.0,0.0,0.0,0.0,False,False
48145,"Falls County, Texas",TX,12,2967.5,2956.0,34.10545144374752,2950,3074,31.985235425354574,0.07286553890903011,-0.13068293448767998,44.18362567083333,0,0,0,124,2956.0,33.593066595241005,LOW,2972,True,16.0,0.0,0.0,0.0,False,False
01075,"Lamar County, Alabama",AL,12,2921.4166666666665,2957.0,165.8303943701809,2400,3022,32.89005971739346,0.04587431579785955,-0.16028514378881983,44.34635950302766,0,0,0,622,2957.0,33.564332895135834,LOW,3022,True,65.0,0.0,0.0,0.0,False,False
48453,"Travis County, Texas",TX,12,2956.9166666666665,2958.0,9.783644360344375,2942,2974,32.41367532378447,0.022495827062846373,-0.1102158008666561,51.94479537950591,0,0,0,32,2958.0,33.530518792938686,LOW,2974,True,16.0,0.0,0.0,0.0,False,False
48365,"Panola County, Texas",TX,12,2963.5833333333335,2960.5,6.3311399710742275,2959,2976,32.18410103401726,0.09015459492508372,-0.1614579811262974,42.18450641106332,0,0,0,17,2959.0,33.47315976369848,LOW,2975,True,16.0,0.0,0.0,0.0,False,False
38037,"Grant County, North Dakota",ND,12,2921.0,2961.0,78.18044396255254,2783,2971,33.04341189266261,0.04090709158619514,-0.13716625700140897,36.79391242292078,0,0,0,188,2960.0,33.40647951686287,LOW,2792,True,-168.0,0.0,0.0,0.0,False,False
08123,"Weld County, Colorado",CO,12,2959.4166666666665,2960.0,24.035800318892992,2930,3026,32.25700937525226,0.016659135722398993,-0.11394321485968584,49.71951775259646,0,0,0,96,2961.0,33.40002518780837,LOW,2939,True,-22.0,0.0,0.0,0.0,False,False
48147,"Fannin County, Texas",TX,12,2969.1666666666665,2962.0,25.465960643870314,2953,3048,31.922011325619938,0.06759145836675122,-0.1359027795848207,44.22896023626212,0,0,0,95,2962.0,33.33549258118734,LOW,2973,True,11.0,0.0,0.0,0.0,False,False
48173,"Glasscock County, Texas",TX,12,2958.0,2963.0,60.285683510794165,2864,3111,31.97421811529377,0.0551046414563876,-0.1777355612223034,37.86499851489828,0,0,0,247,2963.0,33.289666814157336,LOW,2873,True,-90.0,0.0,0.0,0.0,False,False
06091,"Sierra County, California",CA,12,2966.5,2964.0,25.748786379167434,2925,3032,31.93512474282782,0.09480372826141086,-0.14183234002572584,40.28654603174151,0,0,0,107,2964.0,33.27750837149415,LOW,2934,True,-30.0,0.0,0.0,0.0,False,False
48305,"Lynn County, Texas",TX,12,2987.4166666666665,2965.0,46.52947908844912,2956,3108,31.182877784530493,0.02276991904136566,-0.18396980373521177,42.16963622602339,0,0,0,152,2965.0,33.251519448575394,LOW,3037,True,72.0,0.0,0.0,0.0,False,False
48407,"San Jacinto County, Texas",TX,12,2966.25,2966.0,24.2116613526323,2932,3033,32.03694313303124,0.051216701567972006,-0.13014253168314233,44.54147691396787,0,0,0,101,2966.0,33.224898839717206,LOW,2941,True,-25.0,0.0,0.0,0.0,False,False
48171,"Gillespie County, Texas",TX,12,2977.1666666666665,2967.0,22.372195947540593,2965,3043,31.682179647953756,0.05441267396806234,-0.12712850061431957,45.02797473914947,0,0,0,78,2967.0,33.172976772050596,LOW,2992,True,25.0,0.0,0.0,0.0,False,False
30087,"Rosebud County, Montana",MT,12,2948.6666666666665,2968.0,104.48517366187176,2622,3021,32.234104029014766,0.0881260391967137,-0.14891385095936013,43.1776512468748,0,0,0,399,2968.0,33.17216139312144,LOW,3021,True,53.0,0.0,0.0,0.0,False,False
45053,"Jasper County, South Carolina",SC,12,2950.75,2969.0,33.59687485466467,2860,2978,32.45165860339984,0.0824648459324962,-0.13162727595926338,40.314461086416856,0,0,0,118,2969.0,33.0565968921965,LOW,2929,True,-40.0,0.0,0.0,0.0,False,False
53043,"Lincoln County, Washington",WA,12,2981.8333333333335,2970.0,39.620548693675076,2955,3104,31.39166164613002,0.10676669206935273,-0.14593858196986606,44.15468637147495,0,0,0,149,2970.0,33.029110718194715,LOW,2989,True,19.0,0.0,0.0,0.0,False,False
22043,"Grant Parish, Louisiana",LA,12,2979.5,2971.0,22.358646893519495,2937,3019,31.49002970511505,0.07133125729399785,-0.19831393966061142,39.50837839166182,0,0,0,82,2971.0,32.95251233895463,LOW,2991,True,20.0,0.0,0.0,0.0,False,False
53039,"Klickitat County, Washington",WA,12,2974.75,2972.0,5.293649711940471,2967,2987,31.698352556736136,0.09635601366840761,-0.15222984910089202,41.99969165631899,0,0,0,20,2972.0,32.93254556813848,LOW,2987,True,15.0,0.0,0.0,0.0,False,False
48457,"Tyler County, Texas",TX,12,2985.0,2975.5,23.533341917759603,2973,3055,31.278228945309618,0.11494767402051803,-0.15271287911284012,43.721704888997664,0,0,0,82,2973.0,32.92588639680489,LOW,2999,True,26.0,0.0,0.0,0.0,False,False
48299,"Llano County, Texas",TX,12,2980.5,2974.0,14.939271005702379,2964,3008,31.574128146151974,0.07842773362990435,-0.10704034438480325,45.68780696050083,0,0,0,44,2974.0,32.91104478723954,LOW,3008,True,34.0,0.0,0.0,0.0,False,False
16003,"Adams County, Idaho",ID,12,2968.0833333333335,2975.0,13.885625879325952,2936,2984,31.9131571610117,0.07000823369886632,-0.12272815743449228,49.38258585073876,0,0,0,48,2975.0,32.85805965231917,LOW,2945,True,-30.0,0.0,0.0,0.0,False,False
08003,"Alamosa County, Colorado",CO,12,2983.3333333333335,2976.0,16.455633648932412,2967,3020,31.468178249482772,0.011666120734887708,-0.1736121189399871,39.11344397339128,0,0,0,53,2976.0,32.85778244605322,LOW,3007,True,31.0,0.0,0.0,0.0,False,False
12075,"Levy County, Florida",FL,12,2967.5833333333335,2977.0,48.528264179160786,2822,3015,31.858200063389308,0.08295955706785835,-0.13945191547847247,41.67773304271675,0,0,0,193,2977.0,32.78170168210883,LOW,3015,True,38.0,0.0,0.0,0.0,False,False
22037,"East Feliciana Parish, Louisiana",LA,12,2973.5833333333335,2979.0,65.87930884073802,2771,3016,31.5033799271245,-0.03589650763255664,-0.21593714666437322,35.89506995288273,0,0,0,245,2978.0,32.662253191199824,MEDIUM,3016,True,38.0,0.0,0.0,0.0,False,False
05013,"Calhoun County, Arkansas",AR,12,2943.25,2980.0,134.0197577021592,2518,2990,32.1909027811423,0.06211631103883044,-0.1361003858070899,46.987271340145135,0,0,0,472,2979.0,32.6436533900686,LOW,2982,True,3.0,0.0,0.0,0.0,False,False
22093,"St. James Parish, Louisiana",LA,12,2986.25,2981.0,48.089169069741544,2851,3033,31.08192720339564,-0.031018932091211898,-0.19452919171438224,40.17736083818192,0,0,0,182,2980.0,32.63061510496027,LOW,3033,True,53.0,0.0,0.0,0.0,False,False
05099,"Nevada County, Arkansas",AR,12,2967.75,2979.5,49.16045158458165,2886,3034,31.67623142540556,0.03719829007079874,-0.17861928257084447,37.820706666309434,0,0,0,148,2981.0,32.58942797975493,LOW,2902,True,-79.0,0.0,0.0,0.0,False,False
22075,"Plaquemines Parish, Louisiana",LA,12,2978.5833333333335,2982.0,54.35482471406721,2819,3041,31.375722160615442,-0.04105720202180158,-0.24475808165836918,37.60180659879195,0,0,0,222,2982.0,32.58051630413931,MEDIUM,3041,True,59.0,0.0,0.0,0.0,False,False
22119,"Webster Parish, Louisiana",LA,12,2970.3333333333335,2983.0,79.95263749510859,2723,3035,31.5617383454266,0.09150429682030203,-0.1509169689137441,43.146121532217954,0,0,0,312,2983.0,32.54991274263314,LOW,3035,True,52.0,0.0,0.0,0.0,False,False
31171,"Thomas County, Nebraska",NE,12,2975.75,2984.0,60.948748961730125,2789,3026,31.42836685671381,0.06680088404274036,-0.19135541323450486,37.105078047769695,0,0,0,237,2984.0,32.545022071949255,LOW,2990,True,6.0,0.0,0.0,0.0,False,False
35031,"McKinley County, New Mexico",NM,12,3000.25,2986.0,30.44256887977748,2944,3045,30.75019790088108,0.03792797779620601,-0.19261187372042068,38.76808998852907,0,0,0,101,2985.0,32.49984673689433,LOW,3045,True,60.0,0.0,0.0,0.0,False,False
12101,"Pasco County, Florida",FL,12,2970.0833333333335,2986.0,33.470362285388475,2873,2996,31.75919800829074,0.07697695387769597,-0.12257830059703005,46.35048724187277,0,0,0,123,2986.0,32.48747381949026,LOW,2958,True,-28.0,0.0,0.0,0.0,False,False
12111,"St. Lucie County, Florida",FL,12,2983.5833333333335,2987.0,21.146494802312777,2951,3034,31.391186048272274,0.0846025743965853,-0.11363772079050204,46.10002617913795,0,0,0,83,2987.0,32.44090242181852,LOW,2960,True,-27.0,0.0,0.0,0.0,False,False
48119,"Delta County, Texas",TX,12,2993.75,2988.0,36.15402655809772,2970,3105,30.911565806730447,0.033767977397090525,-0.13559711893599988,45.684151306137586,0,0,0,135,2988.0,32.42694048104208,LOW,2979,True,-9.0,0.0,0.0,0.0,False,False
28061,"Jasper County, Mississippi",MS,12,2974.3333333333335,2989.5,70.16646872497807,2755,3023,31.494431949983674,0.071657918259111,-0.15589559494547056,45.72088542207095,0,0,0,268,2989.0,32.40798102280648,MEDIUM,3023,True,34.0,0.0,0.0,0.0,False,False
22035,"East Carroll Parish, Louisiana",LA,12,3002.25,2991.0,21.834605560898055,2984,3046,30.704046688633344,0.04666011606744847,-0.18369380848571903,38.3390432996953,0,0,0,62,2990.0,32.35784027021202,LOW,2993,True,3.0,0.0,0.0,0.0,False,False
48389,"Reeves County, Texas",TX,12,2985.0,2991.0,22.156468376279946,2941,3025,31.310191618640967,0.021655196109373002,-0.12307699364905043,50.94862328758063,0,0,0,84,2991.0,32.35171855522395,LOW,2950,True,-41.0,0.0,0.0,0.0,False,False
05011,"Bradley County, Arkansas",AR,12,2973.8333333333335,2993.0,121.91862661280065,2592,3041,31.258128306306787,0.04779821214754934,-0.18573018739864391,40.04545625638953,0,0,0,449,2992.0,32.32564437074173,MEDIUM,3032,True,40.0,0.0,0.0,0.0,False,False
06043,"Mariposa County, California",CA,12,2996.4166666666665,2994.0,11.68105173762052,2979,3018,30.96964950014656,0.05438120990313661,-0.1620514268324489,43.181487465995495,0,0,0,39,2993.0,32.285524277306045,LOW,3013,True,20.0,0.0,0.0,0.0,False,False
22023,"Cameron Parish, Louisiana",LA,12,2997.25,2995.0,34.76969683764619,2897,3034,30.86081692362873,-0.011564795222910184,-0.21640143397017816,40.14017889936949,0,0,0,137,2994.0,32.26589594244231,MEDIUM,3034,True,40.0,0.0,0.0,0.0,False,False
08073,"Lincoln County, Colorado",CO,12,2974.25,2995.5,83.60418106117119,2710,3017,31.4410013492399,0.025352715952125602,-0.1529022807546369,47.22946467592666,0,0,0,307,2995.0,32.19757069648906,MEDIUM,3017,True,22.0,0.0,0.0,0.0,False,False
08121,"Washington County, Colorado",CO,12,2972.0,2996.5,56.885850613311504,2814,3006,31.638581863241964,0.011812710988401582,-0.1344680833800672,50.056768765577054,0,0,0,192,2996.0,32.187038423305395,LOW,2933,True,-63.0,0.0,0.0,0.0,False,False
41065,"Wasco County, Oregon",OR,12,3009.3333333333335,2998.0,28.033529707812185,2951,3049,30.45108171050266,0.03201547743432305,-0.19846757174032828,40.57174625276187,0,0,0,98,2997.0,32.18346948944473,LOW,3049,True,52.0,0.0,0.0,0.0,False,False
28005,"Amite County, Mississippi",MS,12,2985.6666666666665,2998.5,66.24655508481976,2788,3051,31.14724906463141,-0.0038458182114768837,-0.17449127969593617,40.71003612019445,0,0,0,263,2998.0,32.15863662254686,LOW,3051,True,53.0,0.0,0.0,0.0,False,False
12029,"Dixie County, Florida",FL,12,2981.4166666666665,2999.0,49.61572026051519,2828,3009,31.382469317084485,0.07717063405875138,-0.1435979047735603,43.77654246977619,0,0,0,181,2999.0,32.13873841336491,LOW,2977,True,-22.0,0.0,0.0,0.0,False,False
48393,"Roberts County, Texas",TX,12,2983.25,2985.0,49.94383208802027,2894,3093,31.22349700170038,0.021926458330013925,-0.16163180381531203,38.543736515036414,0,0,0,199,3000.0,32.13644614999376,LOW,2903,True,-97.0,0.0,0.0,0.0,False,False
48297,"Live Oak County, Texas",TX,12,3002.25,3001.0,9.245391972613723,2987,3020,30.804117805997464,0.10777348734663066,-0.16529174237822894,38.790505062248954,0,0,0,33,3001.0,32.06571592498578,LOW,3020,True,19.0,0.0,0.0,0.0,False,False
31071,"Garfield County, Nebraska",NE,12,3007.5833333333335,3002.0,20.986828481144283,2986,3050,30.52312864927764,0.05389821185902526,-0.18352479346284692,39.17185003607096,0,0,0,64,3002.0,32.01717471684483,LOW,2995,True,-7.0,0.0,0.0,0.0,False,False
28143,"Tunica County, Mississippi",MS,12,3011.5,3003.0,23.542997414788463,2986,3062,30.398687183127645,-0.004287952566920353,-0.1709663346455582,44.634814889858745,0,0,0,76,3003.0,31.9923068646823,LOW,3062,True,59.0,0.0,0.0,0.0,False,False
38045,"LaMoure County, North Dakota",ND,12,3002.6666666666665,3004.0,19.63916927206875,2946,3028,30.766317497194038,0.01963956874045236,-0.15241001239054244,42.83238192561348,0,0,0,82,3004.0,31.966645136186457,LOW,3028,True,24.0,0.0,0.0,0.0,False,False
38033,"Golden Valley County, North Dakota",ND,12,2988.1666666666665,3005.0,75.83454877480847,2751,3040,31.042711706925598,0.0586102722453656,-0.15581171682957118,37.34663337657031,0,0,0,289,3005.0,31.940951878797613,LOW,3040,True,35.0,0.0,0.0,0.0,False,False
16065,"Madison County, Idaho",ID,12,2999.9166666666665,3006.0,13.104186238362791,2975,3015,30.900330094733174,0.06330759338652753,-0.13096695326087773,47.44027871374732,0,0,0,40,3006.0,31.92051930213976,LOW,3010,True,4.0,0.0,0.0,0.0,False,False
06073,"San Diego County, California",CA,12,2994.5,3007.0,31.029311655564957,2899,3016,31.002482244879022,0.07212647899775762,-0.11263246382845075,54.597143126167175,0,0,0,117,3007.0,31.868387882699615,LOW,2996,True,-11.0,0.0,0.0,0.0,False,False
48015,"Austin County, Texas",TX,12,3015.25,3008.0,31.648998260752098,2988,3113,30.15102369513067,0.06706447477140369,-0.15862280102148235,39.885824414502295,0,0,0,125,3008.0,31.806252276329577,LOW,2997,True,-11.0,0.0,0.0,0.0,False,False
01091,"Marengo County, Alabama",AL,12,3011.3333333333335,3010.0,57.74289934045941,2841,3060,30.1509686416513,0.05453988880743869,-0.18522719900178108,39.15681430639746,0,0,0,219,3009.0,31.7348829403414,LOW,3060,True,51.0,0.0,0.0,0.0,False,False
48431,"Sterling County, Texas",TX,12,3006.75,3011.0,52.43025670528246,2904,3097,30.36174958794589,0.06088524969809745,-0.202654480985019,37.67513418409024,0,0,0,193,3010.0,31.69710595029045,LOW,2913,True,-97.0,0.0,0.0,0.0,False,False
48229,"Hudspeth County, Texas",TX,12,2955.6666666666665,3008.0,103.19824992643422,2736,3017,31.881049753950364,0.02461354322632303,-0.14965918110563056,39.06586768592344,0,0,0,281,3011.0,31.659384239769103,LOW,2745,True,-266.0,0.0,0.0,0.0,False,False
48491,"Williamson County, Texas",TX,12,2996.25,3012.0,24.753787588973122,2935,3021,30.95888539439869,0.0628930356612523,-0.1069878695035081,55.21861479885518,0,0,0,86,3012.0,31.60659714821253,LOW,2985,True,-27.0,0.0,0.0,0.0,False,False
48169,"Garza County, Texas",TX,12,3013.4166666666665,3013.0,6.156420644458443,3005,3026,30.359520501647868,0.052728935333065004,-0.16237662858502153,42.65738598200343,0,0,0,21,3013.0,31.548108856133467,LOW,3026,True,13.0,0.0,0.0,0.0,False,False
31085,"Hayes County, Nebraska",NE,12,3025.8333333333335,3014.0,32.0591309736849,2988,3084,29.70100111143677,0.08747023445830909,-0.18414201404662348,42.345399354334326,0,0,0,96,3014.0,31.510504946326584,LOW,3076,True,62.0,0.0,0.0,0.0,False,False
48083,"Coleman County, Texas",TX,12,3014.1666666666665,3015.0,20.5020324195757,2991,3069,30.29642022420008,0.02589584399149307,-0.1375169949823897,42.94186910973394,0,0,0,78,3015.0,31.465580742214087,LOW,3005,True,-10.0,0.0,0.0,0.0,False,False
41045,"Malheur County, Oregon",OR,12,3015.0,3016.5,19.45624461568714,2970,3047,30.267531504880626,0.06502088749423497,-0.16717479168658592,45.29557273321183,0,0,0,77,3016.0,31.43205765251902,MEDIUM,3047,True,31.0,0.0,0.0,0.0,False,False
48103,"Crane County, Texas",TX,12,3016.9166666666665,3017.0,15.704419374137558,2993,3058,30.209013414905375,0.016296655738412113,-0.1649574622925983,42.034524105255954,0,0,0,65,3017.0,31.386904989085927,LOW,3002,True,-15.0,0.0,0.0,0.0,False,False
48445,"Terry County, Texas",TX,12,2991.5833333333335,3018.0,46.537293614580754,2875,3028,30.979196723904636,0.02320824434205428,-0.16250018717029227,42.876945549293424,0,0,0,153,3018.0,31.373243624758462,LOW,2949,True,-69.0,0.0,0.0,0.0,False,False
16011,"Bingham County, Idaho",ID,12,3013.6666666666665,3019.0,11.547005383792605,2993,3029,30.361811484721645,0.037295038482552306,-0.13491000004384662,47.66592404097159,0,0,0,36,3019.0,31.367390419107625,LOW,3011,True,-8.0,0.0,0.0,0.0,False,False
48149,"Fayette County, Texas",TX,12,2997.1666666666665,3020.0,42.38960707389002,2904,3030,30.879200254482402,0.08502464305350378,-0.1551315211408479,41.1267543750603,0,0,0,126,3020.0,31.36353063048595,LOW,2946,True,-74.0,0.0,0.0,0.0,False,False
16077,"Power County, Idaho",ID,12,3024.3333333333335,3022.0,18.32203508611902,2994,3053,29.91262454639654,0.026261654423157182,-0.18146351572859745,46.20290740044931,0,0,0,59,3021.0,31.32768116465126,MEDIUM,3050,True,29.0,0.0,0.0,0.0,False,False
38023,"Divide County, North Dakota",ND,12,2992.5,3015.0,59.564327335319504,2862,3036,30.9228000411613,0.021375489648975707,-0.15762287717524728,36.69549493367914,0,0,0,174,3022.0,31.310951076886965,LOW,2871,True,-151.0,0.0,0.0,0.0,False,False
48471,"Walker County, Texas",TX,12,3022.1666666666665,3023.0,14.69590749051235,3003,3061,30.063582932149014,0.09030321004550623,-0.16739004331171126,41.94744005720808,0,0,0,58,3023.0,31.28125553150431,LOW,3012,True,-11.0,0.0,0.0,0.0,False,False
41069,"Wheeler County, Oregon",OR,12,3024.0833333333335,3024.0,25.15934069570227,2992,3095,29.901170774151453,0.06685655240475516,-0.16802757198783017,39.470708283616176,0,0,0,103,3024.0,31.179249797763212,LOW,3001,True,-23.0,0.0,0.0,0.0,False,False
48205,"Hartley County, Texas",TX,12,3021.5,3025.0,42.30087039723456,2939,3101,29.846871083657316,0.03368811927276794,-0.21870891721895877,40.6756705011812,0,0,0,162,3025.0,31.145037362434913,LOW,2948,True,-77.0,0.0,0.0,0.0,False,False
05017,"Chicot County, Arkansas",AR,12,3028.25,3026.0,41.488497858387916,2907,3067,29.49166079814988,0.037756433384513406,-0.1852915425075753,42.88771780610798,0,0,0,160,3026.0,31.128583009345427,LOW,3067,True,41.0,0.0,0.0,0.0,False,False
48351,"Newton County, Texas",TX,12,3018.6666666666665,3027.0,22.808823385752028,2949,3036,30.218072883070963,0.024137140920685387,-0.16650588035310795,39.94137973818831,0,0,0,87,3027.0,31.104939136990325,LOW,3029,True,2.0,0.0,0.0,0.0,False,False
48427,"Starr County, Texas",TX,12,3034.75,3028.0,22.81596331120347,3007,3091,29.459865248084757,0.05319412678791022,-0.1148055103289442,46.49965523380496,0,0,0,84,3028.0,31.067465681550157,LOW,3058,True,30.0,0.0,0.0,0.0,False,False
38083,"Sheridan County, North Dakota",ND,12,2998.0,3029.0,78.37207294809691,2753,3038,30.688321572351196,0.04114897650556336,-0.10059354279150855,49.18098482972857,0,0,0,285,3029.0,31.006553678527553,LOW,3004,True,-25.0,0.0,0.0,0.0,False,False
46019,"Butte County, South Dakota",SD,12,3031.4166666666665,3030.0,11.341463215951855,3015,3063,29.594812322467366,0.06645790886199641,-0.1450403305227437,47.56705061943544,0,0,0,48,3030.0,30.955506910176744,LOW,3024,True,-6.0,0.0,0.0,0.0,False,False
16041,"Franklin County, Idaho",ID,12,3018.8333333333335,3031.0,42.79301840537101,2885,3044,30.097802684276274,0.04597258852376329,-0.1220728332555901,45.592131952006845,0,0,0,159,3031.0,30.93590511121029,LOW,3044,True,13.0,0.0,0.0,0.0,False,False
28119,"Quitman County, Mississippi",MS,12,3021.9166666666665,3032.0,31.7417371734421,2955,3056,29.95022003281475,0.02627158436806312,-0.19492657212792688,37.43464736538427,0,0,0,101,3032.0,30.898366650051457,LOW,2986,True,-46.0,0.0,0.0,0.0,False,False
28157,"Wilkinson County, Mississippi",MS,12,3012.0833333333335,3033.0,59.12461160100501,2826,3042,30.23609137940225,0.009722595976851442,-0.1617760163761919,43.28298934013949,0,0,0,216,3033.0,30.84909165873056,LOW,3027,True,-6.0,0.0,0.0,0.0,False,False
48053,"Burnet County, Texas",TX,12,3034.0833333333335,3034.0,11.03266499852587,3016,3055,29.54045620045544,0.09397362192831699,-0.13559733765860457,47.93452927447837,0,0,0,39,3034.0,30.734238471935228,LOW,3055,True,21.0,0.0,0.0,0.0,False,False
06009,"Calaveras County, California",CA,12,3033.5,3035.0,12.887626200775287,3003,3054,29.50882144695269,0.09477150306736655,-0.15840408056597333,42.12885041523292,0,0,0,51,3035.0,30.701216129012582,LOW,3054,True,19.0,0.0,0.0,0.0,False,False
16009,"Benewah County, Idaho",ID,12,3038.0833333333335,3036.0,5.1778959105610705,3032,3048,29.292217720412864,0.051797506454032194,-0.15442413188148693,46.95282299399687,0,0,0,16,3036.0,30.609378063621584,LOW,3048,True,12.0,0.0,0.0,0.0,False,False
48313,"Madison County, Texas",TX,12,3041.75,3037.0,13.067134345371949,3033,3082,29.151674963902252,0.05199669827487494,-0.15063163771242427,42.812726921776196,0,0,0,49,3037.0,30.584930816186024,LOW,3042,True,5.0,0.0,0.0,0.0,False,False
48159,"Franklin County, Texas",TX,12,3040.0833333333335,3038.0,6.775065693520264,3033,3057,29.20663974278259,0.09063293627032178,-0.15534235878407943,45.15674927223478,0,0,0,24,3038.0,30.523292125431983,LOW,3046,True,8.0,0.0,0.0,0.0,False,False
04012,"La Paz County, Arizona",AZ,12,3040.3333333333335,3039.5,16.48323298679517,3013,3073,29.152872956869402,0.07309969913335544,-0.16679882311886515,42.973929328071826,0,0,0,60,3039.0,30.44602894426462,LOW,3073,True,34.0,0.0,0.0,0.0,False,False
48235,"Irion County, Texas",TX,12,3042.3333333333335,3041.0,19.15170694188588,3005,3076,29.027595619742062,-0.025814530666606165,-0.19734536854319562,42.019918048626174,0,0,0,71,3040.0,30.445875488280805,LOW,3014,True,-26.0,0.0,0.0,0.0,False,False
48025,"Bee County, Texas",TX,12,3044.9166666666665,3042.0,17.845082507429492,3022,3092,28.945692293979977,0.057804468491145795,-0.17356824142907004,41.76054810506906,0,0,0,70,3041.0,30.39286393220047,LOW,3056,True,15.0,0.0,0.0,0.0,False,False
48263,"Kent County, Texas",TX,12,3037.0833333333335,3042.0,45.65574410407731,2950,3127,28.848524360020743,0.026692144825113808,-0.1995774543882353,36.68101764385287,0,0,0,177,3042.0,30.350299682591064,LOW,2959,True,-83.0,0.0,0.0,0.0,False,False
48467,"Van Zandt County, Texas",TX,12,3040.5833333333335,3043.0,8.005206639015183,3029,3052,29.20760023680488,0.07851972226830221,-0.16003565955109966,44.76183468947695,0,0,0,23,3043.0,30.33983052611391,LOW,3038,True,-5.0,0.0,0.0,0.0,False,False
48443,"Terrell County, Texas",TX,12,3034.5833333333335,3044.0,13.963968785500215,3010,3053,29.496398620525213,0.04621866894638296,-0.16897151663611407,36.27856251558984,0,0,0,43,3044.0,30.32858084557988,LOW,3019,True,-25.0,0.0,0.0,0.0,False,False
48403,"Sabine County, Texas",TX,12,3042.4166666666665,3045.0,18.573971687348568,2994,3069,29.029601990972896,0.08330913823829647,-0.1648867815611431,40.90145114251582,0,0,0,75,3045.0,30.2089271890288,LOW,3069,True,24.0,0.0,0.0,0.0,False,False
48231,"Hunt County, Texas",TX,12,3050.9166666666665,3046.0,15.084358746326677,3027,3083,28.554818273098643,0.020831690539131108,-0.18525585851316465,44.480734323343974,0,0,0,56,3046.0,30.200711579924356,LOW,3036,True,-10.0,0.0,0.0,0.0,False,False
22029,"Concordia Parish, Louisiana",LA,12,3033.5833333333335,3047.0,76.81318344864482,2792,3078,29.01365358597808,0.03881942060467281,-0.19231994231524752,39.1637621052183,0,0,0,286,3047.0,30.188110900010805,LOW,3078,True,31.0,0.0,0.0,0.0,False,False
48209,"Hays County, Texas",TX,12,3042.8333333333335,3048.0,11.63719220534931,3021,3057,29.114984010826973,0.08228744429543498,-0.13998282517194935,50.839109591326654,0,0,0,36,3048.0,30.156776064600116,LOW,3030,True,-18.0,0.0,0.0,0.0,False,False
48249,"Jim Wells County, Texas",TX,12,3053.0833333333335,3049.0,6.639528095680714,3044,3064,28.554535763952867,0.07026009773112543,-0.20545983673250678,38.50413789165641,0,0,0,20,3049.0,30.11790298338592,LOW,3053,True,4.0,0.0,0.0,0.0,False,False
31015,"Boyd County, Nebraska",NE,12,3056.1666666666665,3050.0,31.161845357112696,2980,3108,28.11049818274056,0.04654090284810005,-0.1999050282616364,43.06031770467316,0,0,0,128,3050.0,30.09975017162069,LOW,3108,True,58.0,0.0,0.0,0.0,False,False
46109,"Roberts County, South Dakota",SD,12,3053.5,3051.0,17.265309411965678,3025,3084,28.57930418368426,0.05785097934931171,-0.17724603022045538,45.48192528914674,0,0,0,59,3051.0,30.04378572502838,LOW,3084,True,33.0,0.0,0.0,0.0,False,False
48163,"Frio County, Texas",TX,12,3054.4166666666665,3052.0,26.220943514448045,3030,3133,28.328774842694106,0.004492559345978191,-0.1698044953770148,43.756836817722046,0,0,0,103,3052.0,29.991373950511615,LOW,3039,True,-13.0,0.0,0.0,0.0,False,False
22027,"Claiborne Parish, Louisiana",LA,12,3038.3333333333335,3053.0,53.59500202840042,2871,3072,29.066023859715425,0.06223399880763608,-0.16196126587343454,44.73224465664554,0,0,0,201,3053.0,29.88388491772075,LOW,3072,True,19.0,0.0,0.0,0.0,False,False
35055,"Taos County, New Mexico",NM,12,3054.6666666666665,3054.0,24.714123063298846,2988,3092,28.424075051143934,0.07537632958336254,-0.14621313298072333,41.89025744059479,0,0,0,104,3054.0,29.846031998365916,LOW,3092,True,38.0,0.0,0.0,0.0,False,False
48089,"Colorado County, Texas",TX,12,3032.5833333333335,3055.0,37.787584140184414,2934,3064,29.442232033453433,0.023843530522841577,-0.16678239714014564,41.2626862839154,0,0,0,130,3055.0,29.789744574655337,LOW,3006,True,-49.0,0.0,0.0,0.0,False,False
46117,"Stanley County, South Dakota",SD,12,3043.0,3056.0,65.98897979621643,2836,3087,28.639553754558037,0.03737679267684415,-0.22229407417904398,41.63417859611244,0,0,0,251,3056.0,29.719493386742435,LOW,3087,True,31.0,0.0,0.0,0.0,False,False
48031,"Blanco County, Texas",TX,12,3050.5,3057.0,19.266079470972223,2991,3066,28.672484051794214,0.057160633830945544,-0.1490626931179128,44.56775543891168,0,0,0,75,3057.0,29.663145615369345,LOW,3057,True,0.0,0.0,0.0,0.0,False,False
16073,"Owyhee County, Idaho",ID,12,3054.1666666666665,3058.0,28.286949555431285,2982,3095,28.364917754837702,0.06035988637254879,-0.13818326638338152,49.62958953284939,0,0,0,113,3058.0,29.568372721972597,LOW,3095,True,37.0,0.0,0.0,0.0,False,False
48161,"Freestone County, Texas",TX,12,3058.6666666666665,3059.0,9.018499505645758,3044,3077,28.370630311837505,0.10884880603167298,-0.16982390434078043,42.69654722519808,0,0,0,33,3059.0,29.559218678545285,LOW,3063,True,4.0,0.0,0.0,0.0,False,False
48379,"Rains County, Texas",TX,12,3059.9166666666665,3060.0,10.974833470124704,3045,3087,28.261882868306003,0.07863373202112173,-0.17176715755396174,43.07054738745674,0,0,0,42,3060.0,29.486752535957606,LOW,3061,True,1.0,0.0,0.0,0.0,False,False
22089,"St. Charles Parish, Louisiana",LA,12,3043.4166666666665,3061.0,55.63919209486871,2868,3070,28.747177264290098,-0.009926363567043992,-0.2537356880940062,39.3535397129847,0,0,0,202,3061.0,29.376541591351533,MEDIUM,3066,True,5.0,0.0,0.0,0.0,False,False
48295,"Lipscomb County, Texas",TX,12,3058.25,3062.0,22.389628280644903,3009,3089,28.08638914101554,0.04649242525919903,-0.1967685674709635,39.13507753581014,0,0,0,80,3062.0,29.35116515982884,LOW,3018,True,-44.0,0.0,0.0,0.0,False,False
48505,"Zapata County, Texas",TX,12,3060.4166666666665,3063.0,6.501165396692436,3050,3072,28.210575126662388,0.040015445871718465,-0.16073446321769325,42.24966662688104,0,0,0,22,3063.0,29.333748406166215,LOW,3065,True,2.0,0.0,0.0,0.0,False,False
12051,"Hendry County, Florida",FL,12,3070.0,3064.0,15.817136851586545,3050,3112,27.446058676815852,0.04306769560075985,-0.1872935842562706,42.30503332210119,0,0,0,62,3064.0,29.304609443540535,LOW,3059,True,-5.0,0.0,0.0,0.0,False,False
48081,"Coke County, Texas",TX,12,3061.0,3065.0,24.628143546468404,2985,3078,27.937335865837074,0.04686706185950776,-0.1825672420209554,42.67246893367377,0,0,0,93,3065.0,29.273353046455128,LOW,3068,True,3.0,0.0,0.0,0.0,False,False
46111,"Sanborn County, South Dakota",SD,12,3060.5,3066.0,44.67763320824981,2922,3096,27.68168651651875,0.02452515390480541,-0.19828946026402425,42.792345152551796,0,0,0,174,3066.0,29.07861272376275,LOW,3096,True,30.0,0.0,0.0,0.0,False,False
08033,"Dolores County, Colorado",CO,12,3067.5833333333335,3067.0,10.492060490357991,3049,3086,27.742806336686414,-0.03743946972860426,-0.17602446338347164,38.56416899650062,0,0,0,37,3067.0,28.992529114609752,LOW,3086,True,19.0,0.0,0.0,0.0,False,False
06045,"Mendocino County, California",CA,12,3076.5,3070.5,13.833424607219866,3068,3114,26.9458646506163,0.059561768129447114,-0.21153462938959633,42.63841032420844,0,0,0,46,3068.0,28.860830618783055,MEDIUM,3091,True,23.0,0.0,0.0,0.0,False,False
48175,"Goliad County, Texas",TX,12,3066.8333333333335,3069.0,24.51653739949025,3016,3109,27.489582872011677,0.08293750475623402,-0.19167796828634795,38.445906889430425,0,0,0,93,3069.0,28.79653027169047,LOW,3025,True,-44.0,0.0,0.0,0.0,False,False
49009,"Daggett County, Utah",UT,12,3016.0833333333335,3070.0,187.48597927376443,2421,3080,28.763807775184148,0.07000126945139296,-0.22665563307401446,33.39491336112225,0,0,0,659,3070.0,28.79648803258001,LOW,3080,True,10.0,0.0,0.0,0.0,False,False
48193,"Hamilton County, Texas",TX,12,3063.1666666666665,3071.0,14.971690457377033,3023,3080,27.77483477035706,0.05423550178297973,-0.17260076073553177,46.074198996391125,0,0,0,57,3071.0,28.47304539099017,LOW,3064,True,-7.0,0.0,0.0,0.0,False,False
46071,"Jackson County, South Dakota",SD,12,3039.1666666666665,3072.0,150.3346771424183,2564,3115,27.463604775135988,0.04948470527260396,-0.19205864434852035,40.60666863073013,0,0,0,551,3072.0,28.45055190994612,LOW,3115,True,43.0,0.0,0.0,0.0,False,False
38097,"Traill County, North Dakota",ND,12,3065.5,3073.0,34.34451127247925,2957,3082,27.432510009511248,0.019347227788209336,-0.20643643332559014,45.073800792726765,0,0,0,125,3073.0,28.4191440884905,LOW,3082,True,9.0,0.0,0.0,0.0,False,False
48239,"Jackson County, Texas",TX,12,3077.0833333333335,3074.0,4.378840305862092,3074,3083,26.926864721512487,0.005955487755912938,-0.20215069730165847,43.30650717201278,0,0,0,9,3074.0,28.394189438613807,LOW,3083,True,9.0,0.0,0.0,0.0,False,False
48123,"DeWitt County, Texas",TX,12,3068.0833333333335,3075.0,37.84047456297976,2950,3092,27.265729879616202,0.04365499667536723,-0.18429860500443407,40.77797838025839,0,0,0,142,3075.0,28.301712498751527,LOW,3079,True,4.0,0.0,0.0,0.0,False,False
31113,"Logan County, Nebraska",NE,12,3045.9166666666665,3076.0,115.80348427269783,2679,3098,27.59866895307437,0.04646489792421687,-0.22099410260553753,38.03859144938678,0,0,0,419,3076.0,28.17185539072289,LOW,3098,True,22.0,0.0,0.0,0.0,False,False
01007,"Bibb County, Alabama",AL,12,3067.0,3077.0,36.536407745002634,2953,3090,27.337647797847552,0.029497038364979838,-0.2358286309795067,40.83890286895351,0,0,0,137,3077.0,28.164201203882,LOW,3090,True,13.0,0.0,0.0,0.0,False,False
48285,"Lavaca County, Texas",TX,12,3077.8333333333335,3078.0,9.123728637044287,3061,3091,26.83561931583483,0.06687688795975556,-0.19304538440074046,41.72011756036669,0,0,0,30,3078.0,28.14673746918966,LOW,3070,True,-8.0,0.0,0.0,0.0,False,False
22127,"Winn Parish, Louisiana",LA,12,3065.5833333333335,3079.0,42.40381272165673,2940,3095,27.34824618401569,0.010211136149283527,-0.17883418914948687,48.411164111734536,0,0,0,155,3079.0,28.09374871285162,LOW,3052,True,-27.0,0.0,0.0,0.0,False,False
48447,"Throckmorton County, Texas",TX,12,3084.3333333333335,3080.0,14.655643240331699,3068,3128,26.251633879771756,0.0240012567939077,-0.2131830198699045,37.53939499675313,0,0,0,60,3080.0,27.92273803265423,LOW,3077,True,-3.0,0.0,0.0,0.0,False,False
22125,"West Feliciana Parish, Louisiana",LA,12,3079.3333333333335,3081.0,12.651506078748337,3041,3090,26.712035409079316,0.02371896527828299,-0.20976582163802382,37.02711235641886,0,0,0,49,3081.0,27.893939565874796,LOW,3085,True,4.0,0.0,0.0,0.0,False,False
06023,"Humboldt County, California",CA,12,3086.6666666666665,3082.0,11.570600152057237,3079,3122,26.157707666883727,0.04517735024623112,-0.2193340661239549,41.884386411278555,0,0,0,43,3082.0,27.802917521257456,LOW,3088,True,6.0,0.0,0.0,0.0,False,False
49037,"San Juan County, Utah",UT,12,3090.25,3083.0,13.804643487543682,3080,3130,25.855467941585875,0.06796625071175356,-0.19961645691275917,42.46237455523289,0,0,0,50,3083.0,27.738127824118248,LOW,3089,True,6.0,0.0,0.0,0.0,False,False
22069,"Natchitoches Parish, Louisiana",LA,12,3086.5833333333335,3084.0,12.391040262539548,3071,3114,26.081054512864252,0.046980712854424116,-0.2478410731565386,41.30609669795268,0,0,0,43,3084.0,27.6425173489083,LOW,3114,True,30.0,0.0,0.0,0.0,False,False
22081,"Red River Parish, Louisiana",LA,12,3062.8333333333335,3085.0,78.62550284080666,2815,3103,26.989301899647057,0.01843464391461838,-0.24188800027526927,40.04641335598581,0,0,0,288,3085.0,27.63495293667582,MEDIUM,3103,True,18.0,0.0,0.0,0.0,False,False
48395,"Robertson County, Texas",TX,12,3092.0,3086.0,14.2446162078552,3085,3136,25.53545322070917,0.05180003966744884,-0.2199613549329286,42.33675409392381,0,0,0,51,3086.0,27.566561926951895,LOW,3094,True,8.0,0.0,0.0,0.0,False,False
12125,"Union County, Florida",FL,12,3088.5833333333335,3087.0,11.735403570806415,3056,3105,26.010117760663007,0.04101755877944227,-0.20747131014488418,41.76925435672746,0,0,0,49,3087.0,27.5350112164038,LOW,3105,True,18.0,0.0,0.0,0.0,False,False
48257,"Kaufman County, Texas",TX,12,3089.3333333333335,3088.0,13.005826200265547,3062,3106,26.110396135901155,0.059020183655167556,-0.18514002180684727,48.12888527495383,0,0,0,44,3088.0,27.53397087275249,LOW,3071,True,-17.0,0.0,0.0,0.0,False,False
35057,"Torrance County, New Mexico",NM,12,3087.75,3089.0,7.990050631310741,3068,3099,26.116733066265592,0.03155887772056001,-0.2287089900688041,40.82029288690124,0,0,0,31,3089.0,27.335802267007168,LOW,3099,True,10.0,0.0,0.0,0.0,False,False
22041,"Franklin Parish, Louisiana",LA,12,3079.75,3090.0,32.51607993816986,2981,3099,26.574584975725372,0.035781670631597665,-0.19776558526734492,42.77998297608073,0,0,0,118,3090.0,27.30417858078731,LOW,3075,True,-15.0,0.0,0.0,0.0,False,False
32017,"Lincoln County, Nevada",NV,12,3087.0,3091.0,14.390653532446336,3065,3115,26.254158807866045,0.04825877874770881,-0.17345928001664404,44.371307505581235,0,0,0,50,3091.0,27.26816595592104,LOW,3081,True,-10.0,0.0,0.0,0.0,False,False
48063,"Camp County, Texas",TX,12,3097.25,3092.0,8.83304745106284,3088,3119,25.372037788101157,0.049733697721099764,-0.1961323050569289,44.03579006928937,0,0,0,31,3092.0,27.130307576622265,LOW,3097,True,5.0,0.0,0.0,0.0,False,False
48383,"Reagan County, Texas",TX,12,3084.0833333333335,3093.0,13.33115512510812,3062,3102,26.40429010990415,0.015798060039782822,-0.24716277608198645,37.46761233902421,0,0,0,40,3093.0,27.0782397144825,LOW,3074,True,-19.0,0.0,0.0,0.0,False,False
22013,"Bienville Parish, Louisiana",LA,12,3087.25,3094.0,36.251959194704845,2973,3106,25.85856846558963,0.017234907532503892,-0.202294843632993,47.95322577321955,0,0,0,133,3094.0,26.9250146843016,MEDIUM,3106,True,12.0,0.0,0.0,0.0,False,False
48241,"Jasper County, Texas",TX,12,3096.75,3095.0,7.4116002443343545,3078,3109,25.430084759960423,0.06633978362007209,-0.21324986251133912,43.80104254431768,0,0,0,31,3095.0,26.825048477519346,LOW,3109,True,14.0,0.0,0.0,0.0,False,False
48489,"Willacy County, Texas",TX,12,3093.75,3096.0,14.876002640005527,3065,3118,25.553367887856506,0.0014905516876413314,-0.1694585592744197,47.17904199614352,0,0,0,53,3096.0,26.817366583465056,LOW,3118,True,22.0,0.0,0.0,0.0,False,False
04001,"Apache County, Arizona",AZ,12,3098.8333333333335,3097.5,15.631165450257768,3079,3141,24.778541747720727,0.06625028136122946,-0.17108955957307745,46.09747062101946,0,0,0,62,3097.0,26.670954404772026,LOW,3102,True,5.0,0.0,0.0,0.0,False,False
28129,"Smith County, Mississippi",MS,12,3093.4166666666665,3098.5,29.40147903927572,3005,3123,25.374207242319443,0.010789503674597483,-0.2359157579085929,44.68900987200266,0,0,0,118,3098.0,26.653347940033445,LOW,3123,True,25.0,0.0,0.0,0.0,False,False
48371,"Pecos County, Texas",TX,12,3096.1666666666665,3099.0,9.262174625209749,3073,3109,25.55067136642762,-0.03329784308876337,-0.22121919375407914,50.14990313482747,0,0,0,36,3099.0,26.544805495514847,LOW,3093,True,-6.0,0.0,0.0,0.0,False,False
48413,"Schleicher County, Texas",TX,12,3081.6666666666665,3097.0,46.53704943050177,2979,3124,26.062371986878833,0.005911204261573881,-0.21718708476708995,37.26401279086621,0,0,0,145,3100.0,26.523910088141378,LOW,2988,True,-112.0,0.0,0.0,0.0,False,False
48127,"Dimmit County, Texas",TX,12,3094.8333333333335,3101.0,16.303002140338325,3047,3110,25.461692967462085,-0.0006067973087479835,-0.2452333417077076,38.19049284490783,0,0,0,63,3101.0,26.34041920555795,LOW,3104,True,3.0,0.0,0.0,0.0,False,False
22091,"St. Helena Parish, Louisiana",LA,12,3098.0833333333335,3102.0,16.400988514184863,3068,3121,25.085680904469637,0.012279448181033136,-0.29285312275976555,37.231508799428696,0,0,0,53,3102.0,26.088108092340036,LOW,3121,True,19.0,0.0,0.0,0.0,False,False
46073,"Jerauld County, South Dakota",SD,12,3105.0833333333335,3103.0,5.900051360844716,3096,3119,24.633558764132786,0.008416849728259969,-0.23067451082780413,41.43795375120998,0,0,0,23,3103.0,26.06741560548291,LOW,3119,True,16.0,0.0,0.0,0.0,False,False
46021,"Campbell County, South Dakota",SD,12,3098.3333333333335,3104.0,18.067214572928563,3044,3113,25.09187319056377,0.022739151760946718,-0.2444378417017725,37.1290350319601,0,0,0,69,3104.0,26.033975776858806,LOW,3111,True,7.0,0.0,0.0,0.0,False,False
48255,"Karnes County, Texas",TX,12,3104.5,3105.0,5.485518124198362,3092,3114,24.779081901579676,-0.011985427621351392,-0.21989604252129946,43.393658036951116,0,0,0,22,3105.0,25.94147600716869,LOW,3101,True,-4.0,0.0,0.0,0.0,False,False
48043,"Brewster County, Texas",TX,12,3106.0833333333335,3106.0,9.680893397290145,3079,3120,24.46620346004354,0.01947751572331263,-0.23060298805325008,42.80298557919693,0,0,0,41,3106.0,25.736264128667013,LOW,3120,True,14.0,0.0,0.0,0.0,False,False
28135,"Tallahatchie County, Mississippi",MS,12,3090.25,3107.0,66.93840452236672,2878,3117,25.01610373151962,0.00454099883823231,-0.21786878089966588,49.49582541950033,0,0,0,239,3107.0,25.6433550022856,MEDIUM,3117,True,10.0,0.0,0.0,0.0,False,False
30083,"Richland County, Montana",MT,12,3103.75,3108.0,21.273649941140427,3037,3117,24.591838990935674,0.04025373409779497,-0.2257877137915639,50.253424468616096,0,0,0,80,3108.0,25.575210220215183,LOW,3116,True,8.0,0.0,0.0,0.0,False,False
48051,"Burleson County, Texas",TX,12,3109.75,3109.0,4.223850031773027,3102,3118,24.226661784516427,0.07536873643308925,-0.23013985052045097,43.37391895343649,0,0,0,16,3109.0,25.419680811064797,LOW,3113,True,4.0,0.0,0.0,0.0,False,False
46059,"Hand County, South Dakota",SD,12,3099.9166666666665,3110.0,29.71518844366338,3007,3119,24.764866544209923,-0.003538052427874817,-0.24126313347476977,41.56778525179644,0,0,0,112,3110.0,25.40810220854309,LOW,3110,True,0.0,0.0,0.0,0.0,False,False
31007,"Banner County, Nebraska",NE,12,3111.0833333333335,3111.0,9.671498270065312,3086,3127,23.786870332304016,0.028291353649683004,-0.24557821952370454,37.80717525778606,0,0,0,41,3111.0,25.199467184056154,LOW,3127,True,16.0,0.0,0.0,0.0,False,False
48021,"Bastrop County, Texas",TX,12,3114.6666666666665,3112.0,9.993937556278208,3098,3140,23.383574144589883,0.07378647453094721,-0.2076513428297776,49.29294762918935,0,0,0,42,3112.0,25.18985452138696,LOW,3107,True,-5.0,0.0,0.0,0.0,False,False
48307,"McCulloch County, Texas",TX,12,3114.0,3113.0,4.631905164675244,3103,3122,23.593467506561677,0.05511340936580531,-0.21155356006908543,45.11706065190046,0,0,0,19,3113.0,24.974426330686512,LOW,3112,True,-1.0,0.0,0.0,0.0,False,False
48287,"Lee County, Texas",TX,12,3112.0,3114.0,10.357254813546271,3091,3132,23.74367727856251,0.04363350035255498,-0.253245939067451,42.294353817604545,0,0,0,41,3114.0,24.715392054472417,LOW,3100,True,-14.0,0.0,0.0,0.0,False,False
48267,"Kimble County, Texas",TX,12,3109.8333333333335,3115.0,22.54221628747968,3039,3124,23.785464337431804,-0.01451474645113651,-0.22000789079961044,44.87760427461356,0,0,0,85,3115.0,24.648216247191975,LOW,3122,True,7.0,0.0,0.0,0.0,False,False
48225,"Houston County, Texas",TX,12,3121.4166666666665,3118.0,7.645061785032905,3116,3139,22.01584120363641,0.0066451420789373035,-0.2412081089799497,46.62361946785064,0,0,0,23,3116.0,23.964085154822612,LOW,3133,True,17.0,0.0,0.0,0.0,False,False
28015,"Carroll County, Mississippi",MS,12,3109.25,3117.0,38.172157868839975,2990,3137,23.060506947068166,-0.018694841680063353,-0.2690186498061374,42.49207963108454,0,0,0,147,3117.0,23.8952719836242,LOW,3137,True,20.0,0.0,0.0,0.0,False,False
48011,"Armstrong County, Texas",TX,12,3108.0,3118.0,38.56517505824043,2986,3127,23.28472259057933,0.01109395513751154,-0.23332480583974177,44.99913159663823,0,0,0,141,3118.0,23.870322977862273,LOW,3125,True,7.0,0.0,0.0,0.0,False,False
22085,"Sabine Parish, Louisiana",LA,12,3120.0833333333335,3119.0,5.35058761995255,3112,3129,22.504688576159158,-0.039334794171385544,-0.2768623640363793,42.23331740034605,0,0,0,17,3119.0,23.830608895054567,LOW,3129,True,10.0,0.0,0.0,0.0,False,False
48385,"Real County, Texas",TX,12,3099.3333333333335,3120.0,79.22847666812433,2848,3130,23.109472855625203,0.046327739394077354,-0.2322250016894695,44.486049299833155,0,0,0,282,3120.0,23.525623668774244,LOW,3130,True,10.0,0.0,0.0,0.0,False,False
01105,"Perry County, Alabama",AL,12,3119.0,3121.0,15.71912558289773,3071,3134,22.344119765276247,0.015470966686387597,-0.24547646469362483,46.35424352155817,0,0,0,63,3121.0,23.340861197964756,LOW,3134,True,13.0,0.0,0.0,0.0,False,False
28021,"Claiborne County, Mississippi",MS,12,3123.25,3122.0,6.31196554893235,3107,3132,21.89242745633069,0.0001667720908828553,-0.21139467225635192,50.564768587921186,0,0,0,25,3122.0,23.24524999765941,LOW,3132,True,10.0,0.0,0.0,0.0,False,False
48223,"Hopkins County, Texas",TX,12,3120.75,3123.0,9.176303474414215,3094,3132,22.293232554499838,0.0470606779983451,-0.23926304778511598,43.92801030115104,0,0,0,38,3123.0,23.022961564692263,LOW,3124,True,1.0,0.0,0.0,0.0,False,False
48045,"Briscoe County, Texas",TX,12,3118.4166666666665,3124.0,19.336533173025536,3059,3133,22.179770547483958,-0.010010842014869768,-0.2701452148059043,37.3268077151917,0,0,0,74,3124.0,22.73360378161305,LOW,3131,True,7.0,0.0,0.0,0.0,False,False
48331,"Milam County, Texas",TX,12,3123.25,3125.0,8.069302098920044,3100,3134,21.686041101276857,0.04619324877264883,-0.24859206976990889,42.92302707024825,0,0,0,34,3125.0,22.44364776735503,LOW,3128,True,3.0,0.0,0.0,0.0,False,False
48055,"Caldwell County, Texas",TX,12,3127.0,3126.0,5.169842621131958,3117,3138,21.008330490616174,0.06532648553205386,-0.23838133944864678,47.142891848650585,0,0,0,21,3126.0,22.229938923947124,LOW,3126,True,0.0,0.0,0.0,0.0,False,False
48387,"Red River County, Texas",TX,12,3127.5833333333335,3127.0,6.487166818676162,3110,3136,20.72868353737042,0.0193205130496538,-0.24062394632219744,45.04337055436124,0,0,0,26,3127.0,21.61435614569134,LOW,3135,True,8.0,0.0,0.0,0.0,False,False
31165,"Sioux County, Nebraska",NE,12,3122.5,3128.0,24.46704648371694,3046,3139,20.817266363820128,0.01811094321010564,-0.2627703680406016,43.91436520693471,0,0,0,93,3128.0,21.602949756418635,LOW,3139,True,11.0,0.0,0.0,0.0,False,False
48333,"Mills County, Texas",TX,12,3131.4166666666665,3129.0,3.5021638332825242,3129,3138,19.887723554741623,0.026311409120130896,-0.23557644293518806,43.780021359186634,0,0,0,9,3129.0,21.11738508265861,LOW,3138,True,9.0,0.0,0.0,0.0,False,False
38065,"Oliver County, North Dakota",ND,12,3130.5,3130.0,5.648813230147628,3116,3139,19.832975028060307,-0.006087573223799324,-0.2276076407971853,49.900364935912116,0,0,0,23,3130.0,20.598160703179907,LOW,3136,True,6.0,0.0,0.0,0.0,False,False
28125,"Sharkey County, Mississippi",MS,12,3131.3333333333335,3131.0,5.2107115782314315,3121,3141,19.30288818480094,0.01742519080549311,-0.29441212892668506,38.6956772818173,0,0,0,20,3131.0,20.035202469484723,LOW,3141,True,10.0,0.0,0.0,0.0,False,False
06027,"Inyo County, California",CA,12,3134.25,3132.0,5.083395429327514,3129,3146,18.396391774672242,-0.015851203003303324,-0.3093459865426891,39.75535644552197,0,0,0,17,3132.0,19.456017235881053,LOW,3146,True,14.0,0.0,0.0,0.0,False,False
48405,"San Augustine County, Texas",TX,12,3133.5,3133.0,4.210376791603402,3125,3142,18.48848696943871,0.014894996840196503,-0.265652207456684,42.59587684655949,0,0,0,17,3133.0,19.268373104323572,LOW,3140,True,7.0,0.0,0.0,0.0,False,False
48419,"Shelby County, Texas",TX,12,3134.75,3134.0,3.957156922474734,3130,3143,18.475773566909943,-0.022191775311494768,-0.3104841667153844,43.15381332380017,0,0,0,13,3134.0,19.142886282826183,LOW,3142,True,8.0,0.0,0.0,0.0,False,False
28063,"Jefferson County, Mississippi",MS,12,3135.25,3135.0,6.340705438241553,3118,3144,18.105045450046184,0.008864609040424258,-0.25069614170681614,51.01293565015916,0,0,0,26,3135.0,18.94725515314293,LOW,3143,True,8.0,0.0,0.0,0.0,False,False
48411,"San Saba County, Texas",TX,12,3133.3333333333335,3136.0,14.073400657289804,3090,3145,18.172994974865535,-0.001223016671093407,-0.2680131195183027,45.09924637594478,0,0,0,55,3136.0,18.553345804227085,LOW,3144,True,8.0,0.0,0.0,0.0,False,False
28037,"Franklin County, Mississippi",MS,12,3137.0,3137.0,5.5922023633563125,3123,3146,16.722041227281,-0.002757925866683825,-0.3100120453265664,42.679061151078315,0,0,0,23,3137.0,16.65675342574757,LOW,3145,True,8.0,0.0,0.0,0.0,False,False
46007,"Bennett County, South Dakota",SD,12,3137.1666666666665,3138.0,13.127579111676658,3098,3152,15.528376192896866,0.0026058703807999625,-0.3158115891833584,39.41745150513843,0,0,0,54,3138.0,15.762710941836994,LOW,3152,True,14.0,0.0,0.0,0.0,False,False
38103,"Wells County, North Dakota",ND,12,3139.5833333333335,3139.0,7.115390915388148,3120,3149,15.21885013780643,0.006106472667991533,-0.30068328438283143,43.25307923677426,0,0,0,29,3139.0,15.225088736141366,LOW,3149,True,10.0,0.0,0.0,0.0,False,False
48289,"Leon County, Texas",TX,12,3141.1666666666665,3140.0,3.588702812826267,3138,3149,14.755367794971852,-0.009620002560318511,-0.33300253014633613,41.74948514193196,0,0,0,11,3140.0,15.0273387497993,LOW,3147,True,7.0,0.0,0.0,0.0,False,False
48377,"Presidio County, Texas",TX,12,3141.3333333333335,3141.0,4.599077641387943,3131,3150,14.787333752497473,-0.020656084312369368,-0.315788428336819,45.78151484563917,0,0,0,19,3141.0,14.579795133841838,LOW,3148,True,7.0,0.0,0.0,0.0,False,False
48327,"Menard County, Texas",TX,12,3143.0,3142.0,3.592922335521903,3140,3151,13.833943757135302,0.007698901096558338,-0.35291092604794855,36.93328740355322,0,0,0,11,3142.0,13.985604869601584,LOW,3150,True,8.0,0.0,0.0,0.0,False,False
48243,"Jeff Davis County, Texas",TX,12,3143.3333333333335,3143.0,5.581354239923706,3129,3152,12.655506677865644,-0.024556234790136838,-0.3464568460567102,42.046935995481775,0,0,0,23,3143.0,11.854869474634857,LOW,3151,True,8.0,0.0,0.0,0.0,False,False
22107,"Tensas Parish, Louisiana",LA,12,3145.25,3144.0,3.6462932610330125,3143,3153,11.587322645118055,-0.060186242154934004,-0.38616754180431273,37.117165939899955,0,0,0,10,3144.0,11.55983107347322,LOW,3153,True,9.0,0.0,0.0,0.0,False,False
09130,"Lower Connecticut River Valley Planning Region, Connecticut",CT,2,9.5,9.5,10.606601717798213,2,17,74.8336418583317,0.1960249282922446,0.26501886404759645,38.045263376641486,2,2,2,15,,,,2,False,,1.0,1.0,1.0,False,False
09160,"Northwest Hills Planning Region, Connecticut",CT,2,11.5,11.5,10.606601717798213,4,19,74.25944170617478,0.1975437461410035,0.26205449112400714,37.93114899237864,2,2,2,15,,,,4,False,,1.0,1.0,1.0,False,False
09110,"Capitol Planning Region, Connecticut",CT,2,14.5,14.5,12.020815280171307,6,23,73.60524052243187,0.18442591349280824,0.25115680315566,38.28912138523022,2,2,2,17,,,,6,False,,1.0,1.0,1.0,False,False
09190,"Western Connecticut Planning Region, Connecticut",CT,2,15.5,15.5,17.67766952966369,3,28,74.08207248288136,0.18323365945298745,0.2628101753750147,38.43252199702247,1,2,2,25,,,,3,False,,0.5,1.0,1.0,False,False
09180,"Southeastern Connecticut Planning Region, Connecticut",CT,2,23.5,23.5,21.920310216782973,8,39,72.33416924523647,0.16636431028574133,0.2236143299824097,38.15290844702167,1,2,2,31,,,,8,False,,0.5,1.0,1.0,False,True
09140,"Naugatuck Valley Planning Region, Connecticut",CT,2,32.0,32.0,29.698484809834994,11,53,71.72491281396086,0.1599532726775285,0.2206405676410424,38.307499076668016,1,1,2,42,,,,11,False,,0.5,0.5,1.0,False,True
09170,"South Central Connecticut Planning Region, Connecticut",CT,2,41.0,41.0,38.18376618407357,14,68,71.10157404497234,0.16217908189768765,0.2105825363542101,38.247930350482385,1,1,2,54,,,,14,False,,0.5,0.5,1.0,False,True
09120,"Greater Bridgeport Planning Region, Connecticut",CT,2,55.5,55.5,48.79036790187178,21,90,70.15156969714201,0.1558534757654279,0.19969915869390858,38.51196226693058,1,1,2,69,,,,21,False,,0.5,0.5,1.0,False,True
09150,"Northeastern Connecticut Planning Region, Connecticut",CT,2,58.0,58.0,42.42640687119285,28,88,69.71793718097354,0.17359190051193008,0.2045437590100646,38.2512390850774,0,1,2,60,,,,28,False,,0.0,0.5,1.0,False,True
