spotcheck_priority,spotcheck_reason,recommended_action,queue_row_id,entity_name,primary_ticker,filing_date,form_type,filing_accession,business_street,business_city,business_state,business_zip,current_snapshot_business_street,current_snapshot_business_city,current_snapshot_business_state,current_snapshot_business_zip,current_snapshot_fips,current_snapshot_county_name,filing_document_cache_path,fips,county_name,geocode_confidence,address_key
high,same city/state/ZIP reuse but street number or street text differs,operator_spot_check_before_source_promotion,sec_pit_0006,AIR INDUSTRIES GROUP,AIRI,2008-04-14,10-K,0001193805-08-001100,1479 North Clinton Avenue,Bay Shore,NY,11706,1460 FIFTH AVENUE,BAY SHORE,NY,11706,36103,Suffolk County,data/raw/sec_edgar_hq/filing_documents/CIK0001009891/000119380508001100/e603633_10k-aig.txt,36103,Suffolk County,1.0,1479 NORTH CLINTON AVENUE|BAY SHORE|NY|11706
high,same city/state/ZIP reuse but street number or street text differs,operator_spot_check_before_source_promotion,sec_pit_0007,AIR INDUSTRIES GROUP,AIRI,2008-04-17,10-K/A,0001193805-08-001135,1479 North Clinton Avenue,Bay Shore,NY,11706,1460 FIFTH AVENUE,BAY SHORE,NY,11706,36103,Suffolk County,data/raw/sec_edgar_hq/filing_documents/CIK0001009891/000119380508001135/e603705_10ka-aig.txt,36103,Suffolk County,1.0,1479 NORTH CLINTON AVENUE|BAY SHORE|NY|11706
high,same city/state/ZIP reuse but street number or street text differs,operator_spot_check_before_source_promotion,sec_pit_0021,ATMOS ENERGY CORP,ATO,2014-11-06,10-K,0000731802-14-000034,5430 LBJ Freeway,Dallas,TX,75240,1800 THREE LINCOLN CTR 5430 LBJ FREEWAY,DALLAS,TX,75240,48113,Dallas County,data/raw/sec_edgar_hq/filing_documents/CIK0000731802/000073180214000034/ato2014093010-k.htm,48113,Dallas County,1.0,5430 LBJ FREEWAY|DALLAS|TX|75240
high,same city/state/ZIP reuse but street number or street text differs,operator_spot_check_before_source_promotion,sec_pit_0022,ATMOS ENERGY CORP,ATO,2025-11-14,10-K,0000731802-25-000056,5430 LBJ Freeway,Dallas,TX,75240,1800 THREE LINCOLN CTR 5430 LBJ FREEWAY,DALLAS,TX,75240,48113,Dallas County,data/raw/sec_edgar_hq/filing_documents/CIK0000731802/000073180225000056/ato-20250930.htm,48113,Dallas County,1.0,5430 LBJ FREEWAY|DALLAS|TX|75240
high,same city/state/ZIP reuse but street number or street text differs,operator_spot_check_before_source_promotion,sec_pit_0224,AUTOMATIC DATA PROCESSING INC,ADP,2018-02-01,10-Q,0000008670-18-000003,One ADP Boulevard,Roseland,NJ,07068,ONE ADP BOULVARD,ROSELAND,NJ,07068,34013,Essex County,data/raw/sec_edgar_hq/filing_documents/CIK0000008670/000000867018000003/q2fy1810q.htm,34013,Essex County,1.0,ONE ADP BOULEVARD|ROSELAND|NJ|07068
high,same city/state/ZIP reuse but street number or street text differs,operator_spot_check_before_source_promotion,sec_pit_0023,AUTOMATIC DATA PROCESSING INC,ADP,2018-08-03,10-K,0000008670-18-000011,One ADP Boulevard,Roseland,NJ,07068,ONE ADP BOULVARD,ROSELAND,NJ,07068,34013,Essex County,data/raw/sec_edgar_hq/filing_documents/CIK0000008670/000000867018000011/q4fy1810k.htm,34013,Essex County,1.0,ONE ADP BOULEVARD|ROSELAND|NJ|07068
high,same city/state/ZIP reuse but street number or street text differs,operator_spot_check_before_source_promotion,sec_pit_0024,AUTOMATIC DATA PROCESSING INC,ADP,2025-08-06,10-K,0000008670-25-000037,"5397 AUTOMATIC DATA PROCESSING, INC. Delaware 22-1467904 One ADP Boulevard",Roseland,NJ,07068,ONE ADP BOULVARD,ROSELAND,NJ,07068,34013,Essex County,data/raw/sec_edgar_hq/filing_documents/CIK0000008670/000000867025000037/adp-20250630.htm,34013,Essex County,1.0,"5397 AUTOMATIC DATA PROCESSING, INC. DELAWARE 22-1467904 ONE ADP BOULEVARD|ROSELAND|NJ|07068"
high,same city/state/ZIP reuse but street number or street text differs,operator_spot_check_before_source_promotion,sec_pit_0225,AUTOMATIC DATA PROCESSING INC,ADP,2026-04-30,10-Q,0000008670-26-000022,"__________ AUTOMATIC DATA PROCESSING, INC. __________________________ Delaware 22-1467904 One ADP Boulevard",Roseland,NJ,07068,ONE ADP BOULVARD,ROSELAND,NJ,07068,34013,Essex County,data/raw/sec_edgar_hq/filing_documents/CIK0000008670/000000867026000022/adp-20260331.htm,34013,Essex County,1.0,"__________ AUTOMATIC DATA PROCESSING, INC. __________________________ DELAWARE 22-1467904 ONE ADP BOULEVARD|ROSELAND|NJ|07068"
high,same city/state/ZIP reuse but street number or street text differs,operator_spot_check_before_source_promotion,sec_pit_0231,Apple Inc.,AAPL,2015-07-22,10-Q,0001193125-15-259935,36743 Apple Inc. California 94-2404110 1 Infinite Loop,Cupertino,CA,95014,ONE APPLE PARK WAY,CUPERTINO,CA,95014,06085,Santa Clara County,data/raw/sec_edgar_hq/filing_documents/CIK0000320193/000119312515259935/d927922d10q.htm,06085,Santa Clara County,0.98,36743 APPLE INC. CALIFORNIA 94-2404110 1 INFINITE LOOP|CUPERTINO|CA|95014
high,same city/state/ZIP reuse but street number or street text differs,operator_spot_check_before_source_promotion,sec_pit_0032,Apple Inc.,AAPL,2015-10-28,10-K,0001193125-15-356351,36743 Apple Inc. California 94-2404110 1 Infinite Loop,Cupertino,CA,95014,ONE APPLE PARK WAY,CUPERTINO,CA,95014,06085,Santa Clara County,data/raw/sec_edgar_hq/filing_documents/CIK0000320193/000119312515356351/d17062d10k.htm,06085,Santa Clara County,0.98,36743 APPLE INC. CALIFORNIA 94-2404110 1 INFINITE LOOP|CUPERTINO|CA|95014
high,same city/state/ZIP reuse but street number or street text differs,operator_spot_check_before_source_promotion,sec_pit_0033,Apple Inc.,AAPL,2025-10-31,10-K,0000320193-25-000079,36743 Apple Inc. California 94-2404110 One Apple Park Way,Cupertino,CA,95014,ONE APPLE PARK WAY,CUPERTINO,CA,95014,06085,Santa Clara County,data/raw/sec_edgar_hq/filing_documents/CIK0000320193/000032019325000079/aapl-20250927.htm,06085,Santa Clara County,0.98,36743 APPLE INC. CALIFORNIA 94-2404110 ONE APPLE PARK WAY|CUPERTINO|CA|95014
high,same city/state/ZIP reuse but street number or street text differs,operator_spot_check_before_source_promotion,sec_pit_0232,Apple Inc.,AAPL,2026-05-01,10-Q,0000320193-26-000013,36743 Apple Inc. California 94-2404110 One Apple Park Way,Cupertino,CA,95014,ONE APPLE PARK WAY,CUPERTINO,CA,95014,06085,Santa Clara County,data/raw/sec_edgar_hq/filing_documents/CIK0000320193/000032019326000013/aapl-20260328.htm,06085,Santa Clara County,0.98,36743 APPLE INC. CALIFORNIA 94-2404110 ONE APPLE PARK WAY|CUPERTINO|CA|95014
high,same city/state/ZIP reuse but street number or street text differs,operator_spot_check_before_source_promotion,sec_pit_0036,"B&G Foods, Inc.",BGS,2006-03-07,10-K,0001104659-06-014414,"Four Gatehall Drive, Suite 110",Parsippany,NJ,07054,8 SYLVAN WAY,PARSIPPANY,NJ,07054,34027,Morris County,data/raw/sec_edgar_hq/filing_documents/CIK0001278027/000110465906014414/a06-5925_110k.htm,34027,Morris County,1.0,"FOUR GATEHALL DRIVE, SUITE 110|PARSIPPANY|NJ|07054"
high,same city/state/ZIP reuse but street number or street text differs,operator_spot_check_before_source_promotion,sec_pit_0037,"B&G Foods, Inc.",BGS,2007-03-08,10-K,0001104659-07-017413,"Four Gatehall Drive, Suite 110",Parsippany,NJ,07054,8 SYLVAN WAY,PARSIPPANY,NJ,07054,34027,Morris County,data/raw/sec_edgar_hq/filing_documents/CIK0001278027/000110465907017413/a07-5909_110k.htm,34027,Morris County,1.0,"FOUR GATEHALL DRIVE, SUITE 110|PARSIPPANY|NJ|07054"
high,same city/state/ZIP reuse but street number or street text differs,operator_spot_check_before_source_promotion,sec_pit_0259,Blue Star Foods Corp.,BSFC,2018-05-01,10-Q,0001493152-18-006055,"330 Clematis Street, Suite 217",West Palm Beach,FL,33401,3330 CLEMATIS STREET SUITE 217,WEST PALM BEACH,FL,33401,12099,Palm Beach County,data/raw/sec_edgar_hq/filing_documents/CIK0001730773/000149315218006055/form10-q.htm,12099,Palm Beach County,0.95,"330 CLEMATIS STREET, SUITE 217|WEST PALM BEACH|FL|33401"
high,same city/state/ZIP reuse but street number or street text differs,operator_spot_check_before_source_promotion,sec_pit_0277,"COVENANT LOGISTICS GROUP, INC.",CVLG,2011-08-12,10-Q,0001008886-11-000094,"24960 COVENANT TRANSPORTATION GROUP, INC. Nevada 88-0320154 or organization) 400 Birmingham Hwy",. Chattanooga,TN,37419,400 BIRMINGHAM HIGHWAY,CHATTANOOGA,TN,37419,47065,Hamilton County,data/raw/sec_edgar_hq/filing_documents/CIK0000928658/000100888611000094/form10q.htm,47065,Hamilton County,1.0,"24960 COVENANT TRANSPORTATION GROUP, INC. NEVADA 88-0320154 OR ORGANIZATION) 400 BIRMINGHAM HWY|. CHATTANOOGA|TN|37419"
high,same city/state/ZIP reuse but street number or street text differs,operator_spot_check_before_source_promotion,sec_pit_0082,"COVENANT LOGISTICS GROUP, INC.",CVLG,2012-03-09,10-K,0001008886-12-000041,"24960 COVENANT TRANSPORTATION GROUP, INC. Nevada 88-0320154 400 Birmingham Hwy",. Chattanooga,TN,37419,400 BIRMINGHAM HIGHWAY,CHATTANOOGA,TN,37419,47065,Hamilton County,data/raw/sec_edgar_hq/filing_documents/CIK0000928658/000100888612000041/form10k.htm,47065,Hamilton County,1.0,"24960 COVENANT TRANSPORTATION GROUP, INC. NEVADA 88-0320154 400 BIRMINGHAM HWY|. CHATTANOOGA|TN|37419"
high,same city/state/ZIP reuse but street number or street text differs,operator_spot_check_before_source_promotion,sec_pit_0083,"COVENANT LOGISTICS GROUP, INC.",CVLG,2026-02-27,10-K,0001437749-26-006086,"42192 COVENANT LOGISTICS GROUP, INC. Nevada 88-0320154 400 Birmingham Hwy",. Chattanooga,TN,37419,400 BIRMINGHAM HIGHWAY,CHATTANOOGA,TN,37419,47065,Hamilton County,data/raw/sec_edgar_hq/filing_documents/CIK0000928658/000143774926006086/cvti20251231_10k.htm,47065,Hamilton County,1.0,"42192 COVENANT LOGISTICS GROUP, INC. NEVADA 88-0320154 400 BIRMINGHAM HWY|. CHATTANOOGA|TN|37419"
high,same city/state/ZIP reuse but street number or street text differs,operator_spot_check_before_source_promotion,sec_pit_0278,"COVENANT LOGISTICS GROUP, INC.",CVLG,2026-05-07,10-Q,0001437749-26-015445,"42192 COVENANT LOGISTICS GROUP, INC. Nevada 88-0320154 or organization) 400 Birmingham Hwy",. Chattanooga,TN,37419,400 BIRMINGHAM HIGHWAY,CHATTANOOGA,TN,37419,47065,Hamilton County,data/raw/sec_edgar_hq/filing_documents/CIK0000928658/000143774926015445/cvti20260331_10q.htm,47065,Hamilton County,1.0,"42192 COVENANT LOGISTICS GROUP, INC. NEVADA 88-0320154 OR ORGANIZATION) 400 BIRMINGHAM HWY|. CHATTANOOGA|TN|37419"
high,same city/state/ZIP reuse but street number or street text differs,operator_spot_check_before_source_promotion,sec_pit_0283,"Chefs' Warehouse, Inc.",CHEF,2011-09-09,10-Q,0000950123-11-083751,"35249 THE CHEFS’ WAREHOUSE, INC. Delaware 20-3031526 100 East Ridge Road",Ridgefield,CT,06877,100 EAST RIDGE ROAD,RIDGEFIELD,CT,06877,09190,Western Connecticut Planning Region,data/raw/sec_edgar_hq/filing_documents/CIK0001517175/000095012311083751/g27958e10vq.htm,09190,Western Connecticut Planning Region,1.0,"35249 THE CHEFS’ WAREHOUSE, INC. DELAWARE 20-3031526 100 EAST RIDGE ROAD|RIDGEFIELD|CT|06877"
high,same city/state/ZIP reuse but street number or street text differs,operator_spot_check_before_source_promotion,sec_pit_0088,"Chefs' Warehouse, Inc.",CHEF,2012-03-29,10-K,0001193125-12-139054,"35249 THE CHEFS’ WAREHOUSE, INC. Delaware 20-3031526 Identification No.) 100 East Ridge Road",Ridgefield,CT,06877,100 EAST RIDGE ROAD,RIDGEFIELD,CT,06877,09190,Western Connecticut Planning Region,data/raw/sec_edgar_hq/filing_documents/CIK0001517175/000119312512139054/d267564d10k.htm,09190,Western Connecticut Planning Region,1.0,"35249 THE CHEFS’ WAREHOUSE, INC. DELAWARE 20-3031526 IDENTIFICATION NO.) 100 EAST RIDGE ROAD|RIDGEFIELD|CT|06877"
high,same city/state/ZIP reuse but street number or street text differs,operator_spot_check_before_source_promotion,sec_pit_0285,"Cheniere Energy Partners, L.P.",CQP,2007-05-09,10-Q,0001193125-07-106387,"700 Milam Street, Suite 800",Houston,TX,77002,845 TEXAS AVENUE SUITE 1250,HOUSTON,TX,77002,48201,Harris County,data/raw/sec_edgar_hq/filing_documents/CIK0001383650/000119312507106387/d10q.htm,48201,Harris County,1.0,"700 MILAM STREET, SUITE 800|HOUSTON|TX|77002"
high,same city/state/ZIP reuse but street number or street text differs,operator_spot_check_before_source_promotion,sec_pit_0090,"Cheniere Energy Partners, L.P.",CQP,2008-02-27,10-K,0001193125-08-039309,"700 Milam Street, Suite 800",Houston,TX,77002,845 TEXAS AVENUE SUITE 1250,HOUSTON,TX,77002,48201,Harris County,data/raw/sec_edgar_hq/filing_documents/CIK0001383650/000119312508039309/d10k.htm,48201,Harris County,1.0,"700 MILAM STREET, SUITE 800|HOUSTON|TX|77002"
high,same city/state/ZIP reuse but street number or street text differs,operator_spot_check_before_source_promotion,sec_pit_0287,"Cheniere Energy, Inc.",LNG,2015-04-30,10-Q,0000003570-15-000084,"700 Milam Street, Suite 1900",Houston,TX,77002,845 TEXAS AVENUE SUITE 1250,HOUSTON,TX,77002,48201,Harris County,data/raw/sec_edgar_hq/filing_documents/CIK0000003570/000000357015000084/cei2015form10q1stqtr.htm,48201,Harris County,1.0,"700 MILAM STREET, SUITE 1900|HOUSTON|TX|77002"
high,same city/state/ZIP reuse but street number or street text differs,operator_spot_check_before_source_promotion,sec_pit_0092,"Cheniere Energy, Inc.",LNG,2016-02-19,10-K,0000003570-16-000284,"700 Milam Street, Suite 1900",Houston,TX,77002,845 TEXAS AVENUE SUITE 1250,HOUSTON,TX,77002,48201,Harris County,data/raw/sec_edgar_hq/filing_documents/CIK0000003570/000000357016000284/cei2015form10-k.htm,48201,Harris County,1.0,"700 MILAM STREET, SUITE 1900|HOUSTON|TX|77002"
high,same city/state/ZIP reuse but street number or street text differs,operator_spot_check_before_source_promotion,sec_pit_0290,"Circle Energy, Inc./NV",CRCE,2022-08-08,10-Q,0001096906-22-001804,"263384 CIRCLE ENERGY, INC. Nevada 87-4125972 8211 E Regal Place",Tulsa,OK,74133,8211 E REGAL PLACE,TULSA,OK,74133,40143,Tulsa County,data/raw/sec_edgar_hq/filing_documents/CIK0001911467/000109690622001804/crcl-20220630.htm,40143,Tulsa County,1.0,"263384 CIRCLE ENERGY, INC. NEVADA 87-4125972 8211 E REGAL PLACE|TULSA|OK|74133"
high,same city/state/ZIP reuse but street number or street text differs,operator_spot_check_before_source_promotion,sec_pit_0097,"Circle Energy, Inc./NV",CRCE,2023-03-29,10-K,0001096906-23-000666,"263384 Circle Energy, Inc. Nevada 87-4125972 8211 E. Regal Place",Tulsa,OK,74133,8211 E REGAL PLACE,TULSA,OK,74133,40143,Tulsa County,data/raw/sec_edgar_hq/filing_documents/CIK0001911467/000109690623000666/crcl-20221231.htm,40143,Tulsa County,1.0,"263384 CIRCLE ENERGY, INC. NEVADA 87-4125972 8211 E. REGAL PLACE|TULSA|OK|74133"
high,same city/state/ZIP reuse but street number or street text differs,operator_spot_check_before_source_promotion,sec_pit_0098,"Circle Energy, Inc./NV",CRCE,2026-03-24,10-K,0001096906-26-000364,"56587 Circle Energy, Inc. Nevada 87-4125972 8211 E. Regal Place",Tulsa,OK,74133,8211 E REGAL PLACE,TULSA,OK,74133,40143,Tulsa County,data/raw/sec_edgar_hq/filing_documents/CIK0001911467/000109690626000364/crcl-20251231_10k.htm,40143,Tulsa County,1.0,"56587 CIRCLE ENERGY, INC. NEVADA 87-4125972 8211 E. REGAL PLACE|TULSA|OK|74133"
high,same city/state/ZIP reuse but street number or street text differs,operator_spot_check_before_source_promotion,sec_pit_0291,"Circle Energy, Inc./NV",CRCE,2026-05-11,10-Q,0001096906-26-000751,"56587 CIRCLE ENERGY, INC. Nevada 87-4125972 8211 E Regal Place",Tulsa,OK,74133,8211 E REGAL PLACE,TULSA,OK,74133,40143,Tulsa County,data/raw/sec_edgar_hq/filing_documents/CIK0001911467/000109690626000751/crcl-20260331_10q.htm,40143,Tulsa County,1.0,"56587 CIRCLE ENERGY, INC. NEVADA 87-4125972 8211 E REGAL PLACE|TULSA|OK|74133"
high,same city/state/ZIP reuse but street number or street text differs,operator_spot_check_before_source_promotion,sec_pit_0300,"Clearway Energy, Inc.",CWEN,2016-11-04,10-Q,0001567683-16-000067,804 Carnegie Center,Princeton,NJ,08540,"300 CARNEGIE CENTER, SUITE 300",PRINCETON,NJ,08540,34021,Mercer County,data/raw/sec_edgar_hq/filing_documents/CIK0001567683/000156768316000067/yieldinc09301610-q.htm,34021,Mercer County,1.0,804 CARNEGIE CENTER|PRINCETON|NJ|08540
high,same city/state/ZIP reuse but street number or street text differs,operator_spot_check_before_source_promotion,sec_pit_0103,"Clearway Energy, Inc.",CWEN,2017-02-28,10-K,0001567683-17-000010,804 Carnegie Center,Princeton,NJ,08540,"300 CARNEGIE CENTER, SUITE 300",PRINCETON,NJ,08540,34021,Mercer County,data/raw/sec_edgar_hq/filing_documents/CIK0001567683/000156768317000010/yieldinc201610-k.htm,34021,Mercer County,1.0,804 CARNEGIE CENTER|PRINCETON|NJ|08540
high,same city/state/ZIP reuse but street number or street text differs,operator_spot_check_before_source_promotion,sec_pit_0312,DATA I/O CORP,DAIO,2026-05-15,10-Q,0001654954-26-005009,"10394 DATA I/O CORPORATION Washington 91-0864123 6645 185th Ave NE , Suite 100",REDMOND,WA,98052,"6645 185TH AVE NE, SUITE 100",REDMOND,WA,98052,53033,King County,data/raw/sec_edgar_hq/filing_documents/CIK0000351998/000165495426005009/daio_10q.htm,53033,King County,1.0,"10394 DATA I/O CORPORATION WASHINGTON 91-0864123 6645 185TH AVE NE , SUITE 100|REDMOND|WA|98052"
high,same city/state/ZIP reuse but street number or street text differs,operator_spot_check_before_source_promotion,sec_pit_0315,"DELTA AIR LINES, INC.",DAL,2026-04-08,10-Q,0000027904-26-000022,"5424 DELTA AIR LINES, INC. Delaware 58-0218548 1030 Delta Boulevard",Atlanta,GA,30354-1989,HARTSFIELD-JACKSON ATLANTA INTL AIRPORT 1030 DELTA BOULEVARD,ATLANTA,GA,30354-1989,13121,Fulton County,data/raw/sec_edgar_hq/filing_documents/CIK0000027904/000002790426000022/dal-20260331.htm,13121,Fulton County,1.0,"5424 DELTA AIR LINES, INC. DELAWARE 58-0218548 1030 DELTA BOULEVARD|ATLANTA|GA|30354-1989"
high,same city/state/ZIP reuse but street number or street text differs,operator_spot_check_before_source_promotion,sec_pit_0318,DOLLAR GENERAL CORP,DG,2026-03-24,8-K,0001104659-26-033643,2026 DOLLAR GENERAL CORPORATION Tennessee 001-11421 61-0502302 100 MISSION RIDGE,GOODLETTSVILLE,TN,37072,100 MISSION RIDGE,GOODLETTSVILLE,TN,37072,47037,Davidson County,data/raw/sec_edgar_hq/filing_documents/CIK0000029534/000110465926033643/tm269511d1_8k.htm,47037,Davidson County,1.0,2026 DOLLAR GENERAL CORPORATION TENNESSEE 001-11421 61-0502302 100 MISSION RIDGE|GOODLETTSVILLE|TN|37072
high,same city/state/ZIP reuse but street number or street text differs,operator_spot_check_before_source_promotion,sec_pit_0319,"DOMINION ENERGY, INC",D,2017-11-01,10-Q,0001564590-17-020637,120 Tredegar Street,RICHMOND,VA,23219,600 EAST CANAL STREET,RICHMOND,VA,23219,51760,Richmond city,data/raw/sec_edgar_hq/filing_documents/CIK0000715957/000156459017020637/d-10q_20170930.htm,51760,Richmond city,1.0,120 TREDEGAR STREET|RICHMOND|VA|23219
high,same city/state/ZIP reuse but street number or street text differs,operator_spot_check_before_source_promotion,sec_pit_0124,"DOMINION ENERGY, INC",D,2018-02-27,10-K,0001193125-18-059578,"37591 DOMINION ENERGY GAS HOLDINGS, LLC 46-3639580 VIRGINIA 120 TREDEGAR STREET",RICHMOND,VA,23219,600 EAST CANAL STREET,RICHMOND,VA,23219,51760,Richmond city,data/raw/sec_edgar_hq/filing_documents/CIK0000715957/000119312518059578/d512216d10k.htm,51760,Richmond city,1.0,"37591 DOMINION ENERGY GAS HOLDINGS, LLC 46-3639580 VIRGINIA 120 TREDEGAR STREET|RICHMOND|VA|23219"
high,same city/state/ZIP reuse but street number or street text differs,operator_spot_check_before_source_promotion,sec_pit_0125,"DOMINION ENERGY, INC",D,2026-02-23,10-K,0001193125-26-063120,55337 Virginia ELECTRIC AND POWER COMPANY 54-0418825 Virginia 600 EAST CANAL STREET,RICHMOND,VA,23219,600 EAST CANAL STREET,RICHMOND,VA,23219,51760,Richmond city,data/raw/sec_edgar_hq/filing_documents/CIK0000715957/000119312526063120/d-20251231.htm,51760,Richmond city,1.0,55337 VIRGINIA ELECTRIC AND POWER COMPANY 54-0418825 VIRGINIA 600 EAST CANAL STREET|RICHMOND|VA|23219
high,same city/state/ZIP reuse but street number or street text differs,operator_spot_check_before_source_promotion,sec_pit_0322,DT Cloud Star Acquisition Corp,DTSQ,2026-05-08,10-Q,0001493152-26-021966,31 Hudson Yards,NEW YORK,NY,10001,"OFFICE 51, 10 FL, 31 HUDSON YARDS",NEW YORK,NY,10001,36061,New York County,data/raw/sec_edgar_hq/filing_documents/CIK0002017950/000149315226021966/form10-q.htm,36061,New York County,0.95,31 HUDSON YARDS|NEW YORK|NY|10001
high,same city/state/ZIP reuse but street number or street text differs,operator_spot_check_before_source_promotion,sec_pit_0131,Data Storage Corp,DTST,2026-04-14,10-K,0001731122-26-000564,"35384 DATA STORAGE CORPORATION Nevada 98-0530147 244 5th Avenue , Second Floor , Suite 2821",New York,NY,10001,"244 5TH AVENUE 2ND FL., SUITE 2821",NEW YORK,NY,10001,36061,New York County,data/raw/sec_edgar_hq/filing_documents/CIK0001419951/000173112226000564/e7502_10k.htm,36061,New York County,1.0,"35384 DATA STORAGE CORPORATION NEVADA 98-0530147 244 5TH AVENUE , SECOND FLOOR , SUITE 2821|NEW YORK|NY|10001"
high,same city/state/ZIP reuse but street number or street text differs,operator_spot_check_before_source_promotion,sec_pit_0326,Data Storage Corp,DTST,2026-05-15,10-Q,0001731122-26-000732,"35384 DATA STORAGE CORPORATION Nevada 98-0530147 244 5th Avenue , 2nd Fl, 2821",New York,NY,10001,"244 5TH AVENUE 2ND FL., SUITE 2821",NEW YORK,NY,10001,36061,New York County,data/raw/sec_edgar_hq/filing_documents/CIK0001419951/000173112226000732/e7622_10-q.htm,36061,New York County,1.0,"35384 DATA STORAGE CORPORATION NEVADA 98-0530147 244 5TH AVENUE , 2ND FL, 2821|NEW YORK|NY|10001"
high,same city/state/ZIP reuse but street number or street text differs,operator_spot_check_before_source_promotion,sec_pit_0136,Diversified Energy Co,DEC,2024-03-19,20-F,0001628280-24-011847,0909 Bradley G. Gray Diversified Energy Company PLC 1600 Corporate Drive,Birmingham,AL,35242,1600 CORPORATE DRIVE,BIRMINGHAM,AL,35242,01117,Shelby County,data/raw/sec_edgar_hq/filing_documents/CIK0001922446/000162828024011847/dec-20231231.htm,01117,Shelby County,1.0,0909 BRADLEY G. GRAY DIVERSIFIED ENERGY COMPANY PLC 1600 CORPORATE DRIVE|BIRMINGHAM|AL|35242
high,same city/state/ZIP reuse but street number or street text differs,operator_spot_check_before_source_promotion,sec_pit_0137,Diversified Energy Co,DEC,2026-02-26,10-K,0001922446-26-000020,41870 Diversified Energy Company Delaware 42-2283606 State or other jurisdiction of incorporation or organization 1600 Corporate Drive,Birmingham,AL,35242,1600 CORPORATE DRIVE,BIRMINGHAM,AL,35242,01117,Shelby County,data/raw/sec_edgar_hq/filing_documents/CIK0001922446/000192244626000020/dec-20251231.htm,01117,Shelby County,1.0,41870 DIVERSIFIED ENERGY COMPANY DELAWARE 42-2283606 STATE OR OTHER JURISDICTION OF INCORPORATION OR ORGANIZATION 1600 CORPORATE DRIVE|BIRMINGHAM|AL|35242
high,same city/state/ZIP reuse but street number or street text differs,operator_spot_check_before_source_promotion,sec_pit_0331,Diversified Energy Co,DEC,2026-05-06,10-Q,0001922446-26-000039,41870 Diversified Energy Company Delaware 42-2283606 State or other jurisdiction of incorporation or organization 1600 Corporate Drive,Birmingham,AL,35242,1600 CORPORATE DRIVE,BIRMINGHAM,AL,35242,01117,Shelby County,data/raw/sec_edgar_hq/filing_documents/CIK0001922446/000192244626000039/dec-20260331.htm,01117,Shelby County,1.0,41870 DIVERSIFIED ENERGY COMPANY DELAWARE 42-2283606 STATE OR OTHER JURISDICTION OF INCORPORATION OR ORGANIZATION 1600 CORPORATE DRIVE|BIRMINGHAM|AL|35242
high,same city/state/ZIP reuse but street number or street text differs,operator_spot_check_before_source_promotion,sec_pit_0139,Dragonfly Energy Holdings Corp.,DFLI,2026-03-30,10-K,0001493152-26-013635,40730 DRAGONFLY ENERGY HOLDINGS CORP. Nevada 85-1873463 12915 Old Virgina Rd,. Reno,NV,89521,12915 OLD VIRGINIA ROAD,"RENO,",NV,89521,32031,Washoe County,data/raw/sec_edgar_hq/filing_documents/CIK0001847986/000149315226013635/form10-k.htm,32031,Washoe County,1.0,40730 DRAGONFLY ENERGY HOLDINGS CORP. NEVADA 85-1873463 12915 OLD VIRGINA RD|. RENO|NV|89521
high,same city/state/ZIP reuse but street number or street text differs,operator_spot_check_before_source_promotion,sec_pit_0334,Dragonfly Energy Holdings Corp.,DFLI,2026-05-14,10-Q,0001493152-26-023103,40730 DRAGONFLY ENERGY HOLDINGS CORP. Nevada 85-1873463 12915 Old Virginia Road,Reno,NV,89521,12915 OLD VIRGINIA ROAD,"RENO,",NV,89521,32031,Washoe County,data/raw/sec_edgar_hq/filing_documents/CIK0001847986/000149315226023103/form10-q.htm,32031,Washoe County,1.0,40730 DRAGONFLY ENERGY HOLDINGS CORP. NEVADA 85-1873463 12915 OLD VIRGINIA ROAD|RENO|NV|89521
high,same city/state/ZIP reuse but street number or street text differs,operator_spot_check_before_source_promotion,sec_pit_0140,Duke Energy CORP,DUK,2019-02-28,10-K,0001326160-19-000057,550 South Tryon Street,Charlotte,NC,28202-1803,525 SOUTH TRYON STREET,CHARLOTTE,NC,28202-1803,37119,Mecklenburg County,data/raw/sec_edgar_hq/filing_documents/CIK0001326160/000132616019000057/duk-20181231x10k.htm,37119,Mecklenburg County,1.0,550 SOUTH TRYON STREET|CHARLOTTE|NC|28202-1803
high,same city/state/ZIP reuse but street number or street text differs,operator_spot_check_before_source_promotion,sec_pit_0344,EXPAND ENERGY Corp,EXE,2026-04-28,8-K,0000895126-26-000027,2026 EXPAND ENERGY CORPORATION Oklahoma 001-13726 73-1395733 10000 Energy Drive,Spring,TX,77389,10000 ENERGY DRIVE,SPRING,TX,77389,48201,Harris County,data/raw/sec_edgar_hq/filing_documents/CIK0000895126/000089512626000027/exe-20260428.htm,48201,Harris County,1.0,2026 EXPAND ENERGY CORPORATION OKLAHOMA 001-13726 73-1395733 10000 ENERGY DRIVE|SPRING|TX|77389
high,same city/state/ZIP reuse but street number or street text differs,operator_spot_check_before_source_promotion,sec_pit_0151,"Energy Recovery, Inc.",ERII,2026-02-25,10-K,0001421517-26-000022,"34112 Energy Recovery, Inc. Delaware 01-0616867 1717 Doolittle Drive",San Leandro,CA,94577,1717 DOOLITTLE DRIVE,SAN LEANDRO,CA,94577,06001,Alameda County,data/raw/sec_edgar_hq/filing_documents/CIK0001421517/000142151726000022/erii-20251231.htm,06001,Alameda County,1.0,"34112 ENERGY RECOVERY, INC. DELAWARE 01-0616867 1717 DOOLITTLE DRIVE|SAN LEANDRO|CA|94577"
high,same city/state/ZIP reuse but street number or street text differs,operator_spot_check_before_source_promotion,sec_pit_0363,"Eos Energy Enterprises, Inc.",EOSE,2026-05-13,10-Q,0001628280-26-034368,"39291 EOS ENERGY ENTERPRISES, INC. Delaware 84-4290188 3920 Park Avenue",Edison,NJ,08820,3920 PARK AVENUE,EDISON,NJ,08820,34023,Middlesex County,data/raw/sec_edgar_hq/filing_documents/CIK0001805077/000162828026034368/eose-20260331.htm,34023,Middlesex County,1.0,"39291 EOS ENERGY ENTERPRISES, INC. DELAWARE 84-4290188 3920 PARK AVENUE|EDISON|NJ|08820"
high,same city/state/ZIP reuse but street number or street text differs,operator_spot_check_before_source_promotion,sec_pit_0366,"Everus Construction Group, Inc.",ECG,2024-11-21,10-Q,0002015845-24-000022,"42276 Everus Construction Group, Inc. Delaware 99-1952207 1730 Burnt Boat Drive",Bismarck,ND,58503,1730 BURNT BOAT DRIVE,BISMARCK,ND,58503,38015,Burleigh County,data/raw/sec_edgar_hq/filing_documents/CIK0002015845/000201584524000022/ecg-20240930.htm,38015,Burleigh County,1.0,"42276 EVERUS CONSTRUCTION GROUP, INC. DELAWARE 99-1952207 1730 BURNT BOAT DRIVE|BISMARCK|ND|58503"
high,same city/state/ZIP reuse but street number or street text differs,operator_spot_check_before_source_promotion,sec_pit_0165,"Everus Construction Group, Inc.",ECG,2025-02-28,10-K,0002015845-25-000012,"42276 Everus Construction Group, Inc. Delaware 99-1952207 1730 Burnt Boat Drive",Bismarck,ND,58503,1730 BURNT BOAT DRIVE,BISMARCK,ND,58503,38015,Burleigh County,data/raw/sec_edgar_hq/filing_documents/CIK0002015845/000201584525000012/q42024-20241231.htm,38015,Burleigh County,1.0,"42276 EVERUS CONSTRUCTION GROUP, INC. DELAWARE 99-1952207 1730 BURNT BOAT DRIVE|BISMARCK|ND|58503"
high,same city/state/ZIP reuse but street number or street text differs,operator_spot_check_before_source_promotion,sec_pit_0166,"Everus Construction Group, Inc.",ECG,2026-02-25,10-K,0002015845-26-000010,"42276 Everus Construction Group, Inc. Delaware 99-1952207 1730 Burnt Boat Drive",Bismarck,ND,58503,1730 BURNT BOAT DRIVE,BISMARCK,ND,58503,38015,Burleigh County,data/raw/sec_edgar_hq/filing_documents/CIK0002015845/000201584526000010/q42025-20251231.htm,38015,Burleigh County,1.0,"42276 EVERUS CONSTRUCTION GROUP, INC. DELAWARE 99-1952207 1730 BURNT BOAT DRIVE|BISMARCK|ND|58503"
high,same city/state/ZIP reuse but street number or street text differs,operator_spot_check_before_source_promotion,sec_pit_0367,"Everus Construction Group, Inc.",ECG,2026-05-06,10-Q,0002015845-26-000030,"42276 Everus Construction Group, Inc. Delaware 99-1952207 1730 Burnt Boat Drive",Bismarck,ND,58503,1730 BURNT BOAT DRIVE,BISMARCK,ND,58503,38015,Burleigh County,data/raw/sec_edgar_hq/filing_documents/CIK0002015845/000201584526000030/ecg-20260331.htm,38015,Burleigh County,1.0,"42276 EVERUS CONSTRUCTION GROUP, INC. DELAWARE 99-1952207 1730 BURNT BOAT DRIVE|BISMARCK|ND|58503"
high,same city/state/ZIP reuse but street number or street text differs,operator_spot_check_before_source_promotion,sec_pit_0370,FEDEX CORP,FDX,2015-03-19,10-Q,0001193125-15-098477,15829 FEDEX CORPORATION Delaware 62-1721435 942 South Shady Grove Road,Memphis,TN,38120,942 SOUTH SHADY GROVE ROAD,MEMPHIS,TN,38120-,47157,Shelby County,data/raw/sec_edgar_hq/filing_documents/CIK0001048911/000119312515098477/d890836d10q.htm,47157,Shelby County,1.0,15829 FEDEX CORPORATION DELAWARE 62-1721435 942 SOUTH SHADY GROVE ROAD|MEMPHIS|TN|38120
high,same city/state/ZIP reuse but street number or street text differs,operator_spot_check_before_source_promotion,sec_pit_0379,"FedEx Freight Holding Company, Inc.",FDXF,2026-05-13,8-K,0001104659-26-060223,43059 Delaware 39-3560171 8285 Tournament Drive,Memphis,TN,38125,8525 TOURNAMENT DRIVE,MEMPHIS,TN,38125,47157,Shelby County,data/raw/sec_edgar_hq/filing_documents/CIK0002082247/000110465926060223/tm2520565d14_8k.htm,47157,Shelby County,1.0,43059 DELAWARE 39-3560171 8285 TOURNAMENT DRIVE|MEMPHIS|TN|38125
high,same city/state/ZIP reuse but street number or street text differs,operator_spot_check_before_source_promotion,sec_pit_0380,"FedEx Freight Holding Company, Inc.",FDXF,2026-05-18,8-K,0001104659-26-063207,43059 Delaware 39-3560171 8285 Tournament Drive,Memphis,TN,38125,8525 TOURNAMENT DRIVE,MEMPHIS,TN,38125,47157,Shelby County,data/raw/sec_edgar_hq/filing_documents/CIK0002082247/000110465926063207/tm2614907d1_8k.htm,47157,Shelby County,1.0,43059 DELAWARE 39-3560171 8285 TOURNAMENT DRIVE|MEMPHIS|TN|38125
high,same city/state/ZIP reuse but street number or street text differs,operator_spot_check_before_source_promotion,sec_pit_0382,Fervo Energy Co,FRVO,2026-04-17,S-1,0001628280-26-025821,"811 Main Street, Suite 1700",Houston,TX,77002,910 LOUISIANA STREET SUITE 4440,HOUSTON,TX,77002,48201,Harris County,data/raw/sec_edgar_hq/filing_documents/CIK0001853868/000162828026025821/fervoenergy-sx1.htm,48201,Harris County,1.0,"811 MAIN STREET, SUITE 1700|HOUSTON|TX|77002"
high,same city/state/ZIP reuse but street number or street text differs,operator_spot_check_before_source_promotion,sec_pit_0383,Fervo Energy Co,FRVO,2026-05-04,S-1/A,0001628280-26-029515,"811 Main Street, Suite 1700",Houston,TX,77002,910 LOUISIANA STREET SUITE 4440,HOUSTON,TX,77002,48201,Harris County,data/raw/sec_edgar_hq/filing_documents/CIK0001853868/000162828026029515/fervoenergy-sx1a.htm,48201,Harris County,1.0,"811 MAIN STREET, SUITE 1700|HOUSTON|TX|77002"
high,same city/state/ZIP reuse but street number or street text differs,operator_spot_check_before_source_promotion,sec_pit_0384,Fervo Energy Co,FRVO,2026-05-08,S-1/A,0001628280-26-032540,"811 Main Street, Suite 1700",Houston,TX,77002,910 LOUISIANA STREET SUITE 4440,HOUSTON,TX,77002,48201,Harris County,data/raw/sec_edgar_hq/filing_documents/CIK0001853868/000162828026032540/fervoenergy-sx1a2.htm,48201,Harris County,1.0,"811 MAIN STREET, SUITE 1700|HOUSTON|TX|77002"
high,same city/state/ZIP reuse but street number or street text differs,operator_spot_check_before_source_promotion,sec_pit_0381,Fervo Energy Co,FRVO,2026-05-15,8-K,0001628280-26-035311,811 Main Street Suite 1700,Houston,TX,77002,910 LOUISIANA STREET SUITE 4440,HOUSTON,TX,77002,48201,Harris County,data/raw/sec_edgar_hq/filing_documents/CIK0001853868/000162828026035311/fervo-8xkmay2026.htm,48201,Harris County,1.0,811 MAIN STREET SUITE 1700|HOUSTON|TX|77002
high,same city/state/ZIP reuse but street number or street text differs,operator_spot_check_before_source_promotion,sec_pit_0391,GABELLI UTILITY TRUST,GUT,2010-01-22,8-K,0000950123-10-004562,One Corporate Center,Rye,NY,10580-1422,1 CORPORATE CENTER,RYE,NY,10580,36119,Westchester County,data/raw/sec_edgar_hq/filing_documents/CIK0001080720/000095012310004562/y81636ce8vk.htm,36119,Westchester County,1.0,ONE CORPORATE CENTER|RYE|NY|10580-1422
high,same city/state/ZIP reuse but street number or street text differs,operator_spot_check_before_source_promotion,sec_pit_0392,GABELLI UTILITY TRUST,GUT,2010-03-31,8-K,0000950123-10-030855,One Corporate Center,Rye,NY,10580-1422,1 CORPORATE CENTER,RYE,NY,10580,36119,Westchester County,data/raw/sec_edgar_hq/filing_documents/CIK0001080720/000095012310030855/y83655e8vk.htm,36119,Westchester County,1.0,ONE CORPORATE CENTER|RYE|NY|10580-1422
high,same city/state/ZIP reuse but street number or street text differs,operator_spot_check_before_source_promotion,sec_pit_0393,GABELLI UTILITY TRUST,GUT,2010-09-21,8-K,0000950123-10-087785,One Corporate Center,Rye,NY,10580-1422,1 CORPORATE CENTER,RYE,NY,10580,36119,Westchester County,data/raw/sec_edgar_hq/filing_documents/CIK0001080720/000095012310087785/y86692e8vk.htm,36119,Westchester County,1.0,ONE CORPORATE CENTER|RYE|NY|10580-1422
high,same city/state/ZIP reuse but street number or street text differs,operator_spot_check_before_source_promotion,sec_pit_0394,GABELLI UTILITY TRUST,GUT,2026-05-07,8-K,0001829126-26-004787,One Corporate Center,Rye,NY,10580,1 CORPORATE CENTER,RYE,NY,10580,36119,Westchester County,data/raw/sec_edgar_hq/filing_documents/CIK0001080720/000182912626004787/gut_8k.htm,36119,Westchester County,1.0,ONE CORPORATE CENTER|RYE|NY|10580
high,same city/state/ZIP reuse but street number or street text differs,operator_spot_check_before_source_promotion,sec_pit_0397,GENESIS ENERGY LP,GEL,2012-05-04,10-Q,0001193125-12-211623,"919 Milam, Suite 2100",HOUSTON,TX,77002,"811 LOUISIANA ST, SUITE 1200",HOUSTON,TX,77002,48201,Harris County,data/raw/sec_edgar_hq/filing_documents/CIK0001022321/000119312512211623/d327935d10q.htm,48201,Harris County,1.0,"919 MILAM, SUITE 2100|HOUSTON|TX|77002"
high,same city/state/ZIP reuse but street number or street text differs,operator_spot_check_before_source_promotion,sec_pit_0188,GENESIS ENERGY LP,GEL,2013-02-26,10-K,0001022321-13-000017,"919 Milam, Suite 2100",HOUSTON,TX,77002,"811 LOUISIANA ST, SUITE 1200",HOUSTON,TX,77002,48201,Harris County,data/raw/sec_edgar_hq/filing_documents/CIK0001022321/000102232113000017/gel1231201210-k.htm,48201,Harris County,1.0,"919 MILAM, SUITE 2100|HOUSTON|TX|77002"
high,same city/state/ZIP reuse but street number or street text differs,operator_spot_check_before_source_promotion,sec_pit_0405,TRACTOR SUPPLY CO /DE/,TSCO,2013-05-06,10-Q,0000916365-13-000016,200 Powell Place,Brentwood,TN,37027,5401 VIRGINIA WAY,BRENTWOOD,TN,37027,47187,Williamson County,data/raw/sec_edgar_hq/filing_documents/CIK0000916365/000091636513000016/a2013q1form10-q.htm,47187,Williamson County,1.0,200 POWELL PLACE|BRENTWOOD|TN|37027
high,same city/state/ZIP reuse but street number or street text differs,operator_spot_check_before_source_promotion,sec_pit_0196,TRACTOR SUPPLY CO /DE/,TSCO,2014-02-19,10-K,0000916365-14-000056,200 Powell Place,Brentwood,TN,37027,5401 VIRGINIA WAY,BRENTWOOD,TN,37027,47187,Williamson County,data/raw/sec_edgar_hq/filing_documents/CIK0000916365/000091636514000056/a2013form10-k.htm,47187,Williamson County,1.0,200 POWELL PLACE|BRENTWOOD|TN|37027
high,same city/state/ZIP reuse but street number or street text differs,operator_spot_check_before_source_promotion,sec_pit_0202,"Tesla, Inc.",TSLA,2026-04-30,10-K/A,0001104659-26-053166,"34756 Tesla, Inc. Texas 91-2197729 1 Tesla Road",Austin,TX,78725,1 TESLA ROAD,AUSTIN,TX,78725,48453,Travis County,data/raw/sec_edgar_hq/filing_documents/CIK0001318605/000110465926053166/tm2611837d1_10ka.htm,48453,Travis County,0.95,"34756 TESLA, INC. TEXAS 91-2197729 1 TESLA ROAD|AUSTIN|TX|78725"
low,parsed street normalizes to current snapshot street,operator_spot_check_before_source_promotion,sec_pit_0008,AIR INDUSTRIES GROUP,AIRI,2026-03-27,10-K,0001213900-26-035731,1460 Fifth Avenue,Bay Shore,NY,11706,1460 FIFTH AVENUE,BAY SHORE,NY,11706,36103,Suffolk County,data/raw/sec_edgar_hq/filing_documents/CIK0001009891/000121390026035731/ea0282298-10k_airindustries.htm,36103,Suffolk County,1.0,1460 FIFTH AVENUE|BAY SHORE|NY|11706
low,parsed street normalizes to current snapshot street,operator_spot_check_before_source_promotion,sec_pit_0209,AIR INDUSTRIES GROUP,AIRI,2026-05-13,10-Q,0001213900-26-055772,1460 Fifth Avenue,Bay Shore,NY,11706,1460 FIFTH AVENUE,BAY SHORE,NY,11706,36103,Suffolk County,data/raw/sec_edgar_hq/filing_documents/CIK0001009891/000121390026055772/ea0289575-10q_airindus.htm,36103,Suffolk County,1.0,1460 FIFTH AVENUE|BAY SHORE|NY|11706
low,parsed street normalizes to current snapshot street,operator_spot_check_before_source_promotion,sec_pit_0010,AIR T INC,AIRT,2025-08-12,10-K/A,0000353184-25-000069,"11020 David Taylor Drive, Suite 305",Charlotte,NC,28262,11020 DAVID TAYLOR DRIVE SUITE 305,CHARLOTTE,NC,28262,37119,Mecklenburg County,data/raw/sec_edgar_hq/filing_documents/CIK0000353184/000035318425000069/airt-20250331.htm,37119,Mecklenburg County,1.0,"11020 DAVID TAYLOR DRIVE, SUITE 305|CHARLOTTE|NC|28262"
low,parsed street normalizes to current snapshot street,operator_spot_check_before_source_promotion,sec_pit_0211,AIR T INC,AIRT,2026-02-13,10-Q,0000353184-26-000016,"11020 David Taylor Drive, Suite 305",Charlotte,NC,28262,11020 DAVID TAYLOR DRIVE SUITE 305,CHARLOTTE,NC,28262,37119,Mecklenburg County,data/raw/sec_edgar_hq/filing_documents/CIK0000353184/000035318426000016/airt-20251231.htm,37119,Mecklenburg County,1.0,"11020 DAVID TAYLOR DRIVE, SUITE 305|CHARLOTTE|NC|28262"
low,parsed street normalizes to current snapshot street,operator_spot_check_before_source_promotion,sec_pit_0212,"ALASKA AIR GROUP, INC.",ALK,2016-05-09,10-Q,0000766421-16-000077,19300 INTERNATIONAL BOULEVARD,SEATTLE,WA,98188,19300 INTERNATIONAL BOULEVARD,SEATTLE,WA,98188,53033,King County,data/raw/sec_edgar_hq/filing_documents/CIK0000766421/000076642116000077/alk10-q12016.htm,53033,King County,0.95,19300 INTERNATIONAL BOULEVARD|SEATTLE|WA|98188
low,parsed street normalizes to current snapshot street,operator_spot_check_before_source_promotion,sec_pit_0011,"ALASKA AIR GROUP, INC.",ALK,2017-02-28,10-K,0000766421-17-000016,19300 INTERNATIONAL BOULEVARD,SEATTLE,WA,98188,19300 INTERNATIONAL BOULEVARD,SEATTLE,WA,98188,53033,King County,data/raw/sec_edgar_hq/filing_documents/CIK0000766421/000076642117000016/alk10-k123116.htm,53033,King County,0.95,19300 INTERNATIONAL BOULEVARD|SEATTLE|WA|98188
low,parsed street normalizes to current snapshot street,operator_spot_check_before_source_promotion,sec_pit_0012,"ALASKA AIR GROUP, INC.",ALK,2026-02-12,10-K,0000766421-26-000010,19300 INTERNATIONAL BOULEVARD,SEATTLE,WA,98188,19300 INTERNATIONAL BOULEVARD,SEATTLE,WA,98188,53033,King County,data/raw/sec_edgar_hq/filing_documents/CIK0000766421/000076642126000010/alk-20251231.htm,53033,King County,0.95,19300 INTERNATIONAL BOULEVARD|SEATTLE|WA|98188
low,parsed street normalizes to current snapshot street,operator_spot_check_before_source_promotion,sec_pit_0213,"ALASKA AIR GROUP, INC.",ALK,2026-05-07,10-Q,0000766421-26-000021,19300 INTERNATIONAL BOULEVARD,SEATTLE,WA,98188,19300 INTERNATIONAL BOULEVARD,SEATTLE,WA,98188,53033,King County,data/raw/sec_edgar_hq/filing_documents/CIK0000766421/000076642126000021/alk-20260331.htm,53033,King County,0.95,19300 INTERNATIONAL BOULEVARD|SEATTLE|WA|98188
low,parsed street normalizes to current snapshot street,operator_spot_check_before_source_promotion,sec_pit_0015,ALPHA & OMEGA SEMICONDUCTOR Ltd,AOSL,2010-09-02,20-F,0001193125-10-203833,475 OAKMEAD PARKWAY,SUNNYVALE,CA,94085,475 OAKMEAD PARKWAY,SUNNYVALE,CA,94085,06085,Santa Clara County,data/raw/sec_edgar_hq/filing_documents/CIK0001387467/000119312510203833/d20f.htm,06085,Santa Clara County,1.0,475 OAKMEAD PARKWAY|SUNNYVALE|CA|94085
low,parsed street normalizes to current snapshot street,operator_spot_check_before_source_promotion,sec_pit_0016,ALPHA & OMEGA SEMICONDUCTOR Ltd,AOSL,2025-08-28,10-K,0001628280-25-041297,475 OAKMEAD PARKWAY,SUNNYVALE,CA,94085,475 OAKMEAD PARKWAY,SUNNYVALE,CA,94085,06085,Santa Clara County,data/raw/sec_edgar_hq/filing_documents/CIK0001387467/000162828025041297/aosl-20250630.htm,06085,Santa Clara County,1.0,475 OAKMEAD PARKWAY|SUNNYVALE|CA|94085
low,parsed street normalizes to current snapshot street,operator_spot_check_before_source_promotion,sec_pit_0218,AMAZON COM INC,AMZN,2020-05-01,10-Q,0001018724-20-000010,410 Terry Avenue North,Seattle,WA,98109-5210,410 TERRY AVENUE NORTH,SEATTLE,WA,98109,53033,King County,data/raw/sec_edgar_hq/filing_documents/CIK0001018724/000101872420000010/amzn-20200331x10q.htm,53033,King County,1.0,410 TERRY AVENUE NORTH|SEATTLE|WA|98109-5210
low,parsed street normalizes to current snapshot street,operator_spot_check_before_source_promotion,sec_pit_0017,AMAZON COM INC,AMZN,2021-02-03,10-K,0001018724-21-000004,410 Terry Avenue North,Seattle,WA,98109-5210,410 TERRY AVENUE NORTH,SEATTLE,WA,98109,53033,King County,data/raw/sec_edgar_hq/filing_documents/CIK0001018724/000101872421000004/amzn-20201231.htm,53033,King County,1.0,410 TERRY AVENUE NORTH|SEATTLE|WA|98109-5210
low,parsed street normalizes to current snapshot street,operator_spot_check_before_source_promotion,sec_pit_0018,AMAZON COM INC,AMZN,2026-02-06,10-K,0001018724-26-000004,410 Terry Avenue North,Seattle,WA,98109-5210,410 TERRY AVENUE NORTH,SEATTLE,WA,98109,53033,King County,data/raw/sec_edgar_hq/filing_documents/CIK0001018724/000101872426000004/amzn-20251231.htm,53033,King County,1.0,410 TERRY AVENUE NORTH|SEATTLE|WA|98109-5210
low,parsed street normalizes to current snapshot street,operator_spot_check_before_source_promotion,sec_pit_0219,AMAZON COM INC,AMZN,2026-04-30,10-Q,0001018724-26-000014,410 Terry Avenue North,Seattle,WA,98109-5210,410 TERRY AVENUE NORTH,SEATTLE,WA,98109,53033,King County,data/raw/sec_edgar_hq/filing_documents/CIK0001018724/000101872426000014/amzn-20260331.htm,53033,King County,1.0,410 TERRY AVENUE NORTH|SEATTLE|WA|98109-5210
low,parsed street normalizes to current snapshot street,operator_spot_check_before_source_promotion,sec_pit_0029,"Air Products & Chemicals, Inc.",APD,2025-11-20,10-K,0000002969-25-000055,1940 Air Products Boulevard,Allentown,PA,18106-5500,1940 AIR PRODUCTS BLVD.,ALLENTOWN,PA,18106-5500,42077,Lehigh County,data/raw/sec_edgar_hq/filing_documents/CIK0000002969/000000296925000055/apd-20250930.htm,42077,Lehigh County,0.95,1940 AIR PRODUCTS BOULEVARD|ALLENTOWN|PA|18106-5500
low,parsed street normalizes to current snapshot street,operator_spot_check_before_source_promotion,sec_pit_0228,"Air Products & Chemicals, Inc.",APD,2026-04-30,10-Q,0000002969-26-000020,1940 Air Products Boulevard,Allentown,PA,18106-5500,1940 AIR PRODUCTS BLVD.,ALLENTOWN,PA,18106-5500,42077,Lehigh County,data/raw/sec_edgar_hq/filing_documents/CIK0000002969/000000296926000020/apd-20260331.htm,42077,Lehigh County,0.95,1940 AIR PRODUCTS BOULEVARD|ALLENTOWN|PA|18106-5500
low,parsed street normalizes to current snapshot street,operator_spot_check_before_source_promotion,sec_pit_0031,Amplify Energy Corp.,AMPY,2026-03-09,10-K,0001104659-26-025299,"500 Dallas Street , Suite 1700",Houston,TX,77002,500 DALLAS STREET SUITE 1700,HOUSTON,TX,77002,48201,Harris County,data/raw/sec_edgar_hq/filing_documents/CIK0001533924/000110465926025299/ampy-20251231x10k.htm,48201,Harris County,1.0,"500 DALLAS STREET , SUITE 1700|HOUSTON|TX|77002"
low,parsed street normalizes to current snapshot street,operator_spot_check_before_source_promotion,sec_pit_0230,Amplify Energy Corp.,AMPY,2026-05-11,10-Q,0001104659-26-058661,"500 Dallas Street , Suite 1700",HOUSTON,TX,77002,500 DALLAS STREET SUITE 1700,HOUSTON,TX,77002,48201,Harris County,data/raw/sec_edgar_hq/filing_documents/CIK0001533924/000110465926058661/ampy-20260331x10q.htm,48201,Harris County,1.0,"500 DALLAS STREET , SUITE 1700|HOUSTON|TX|77002"
low,parsed street normalizes to current snapshot street,operator_spot_check_before_source_promotion,sec_pit_0038,"B&G Foods, Inc.",BGS,2026-03-03,10-K,0001104659-26-022961,8 Sylvan Way,Parsippany,NJ,07054,8 SYLVAN WAY,PARSIPPANY,NJ,07054,34027,Morris County,data/raw/sec_edgar_hq/filing_documents/CIK0001278027/000110465926022961/bgs-20260103x10k.htm,34027,Morris County,1.0,8 SYLVAN WAY|PARSIPPANY|NJ|07054
low,parsed street normalizes to current snapshot street,operator_spot_check_before_source_promotion,sec_pit_0235,"B&G Foods, Inc.",BGS,2026-05-13,10-Q,0001104659-26-060227,8 Sylvan Way,PARSIPPANY,NJ,07054,8 SYLVAN WAY,PARSIPPANY,NJ,07054,34027,Morris County,data/raw/sec_edgar_hq/filing_documents/CIK0001278027/000110465926060227/bgs-20260404x10q.htm,34027,Morris County,1.0,8 SYLVAN WAY|PARSIPPANY|NJ|07054
low,parsed street normalizes to current snapshot street,operator_spot_check_before_source_promotion,sec_pit_0237,BARFRESH FOOD GROUP INC.,BRFH,2026-05-14,10-Q,0001493152-26-023106,"12100 Wilshire Blvd. , 8th Floor",Los Angeles,CA,90025,"12100 WILSHIRE BOULEVARD, 8TH FLOOR,",LOS ANGELES,CA,90025,06037,Los Angeles County,data/raw/sec_edgar_hq/filing_documents/CIK0001487197/000149315226023106/form10-q.htm,06037,Los Angeles County,1.0,"12100 WILSHIRE BLVD. , 8TH FLOOR|LOS ANGELES|CA|90025"
low,parsed street normalizes to current snapshot street,operator_spot_check_before_source_promotion,sec_pit_0053,"Beyond Air, Inc.",XAIR,2025-06-20,10-K,0001641172-25-015750,"900 Stewart Avenue , Suite 301",Garden City,NY,11530,900 STEWART AVENUE SUITE 301,GARDEN CITY,NY,11530,36059,Nassau County,data/raw/sec_edgar_hq/filing_documents/CIK0001641631/000164117225015750/form10-k.htm,36059,Nassau County,1.0,"900 STEWART AVENUE , SUITE 301|GARDEN CITY|NY|11530"
low,parsed street normalizes to current snapshot street,operator_spot_check_before_source_promotion,sec_pit_0248,"Beyond Air, Inc.",XAIR,2026-02-13,10-Q,0001493152-26-006688,"900 Stewart Avenue , Suite 301",Garden City,NY,11530,900 STEWART AVENUE SUITE 301,GARDEN CITY,NY,11530,36059,Nassau County,data/raw/sec_edgar_hq/filing_documents/CIK0001641631/000149315226006688/form10-q.htm,36059,Nassau County,1.0,"900 STEWART AVENUE , SUITE 301|GARDEN CITY|NY|11530"
low,parsed street normalizes to current snapshot street,operator_spot_check_before_source_promotion,sec_pit_0055,"Big Digital Energy, Inc.",BGDE,2026-03-31,10-K,0001213900-26-037417,950 Railroad Avenue,Midland,PA,15059,950 RAILROAD AVE,MIDLAND,PA,15059,42007,Beaver County,data/raw/sec_edgar_hq/filing_documents/CIK0001218683/000121390026037417/ea0281617-10k_mawson.htm,42007,Beaver County,1.0,950 RAILROAD AVENUE|MIDLAND|PA|15059
low,parsed street normalizes to current snapshot street,operator_spot_check_before_source_promotion,sec_pit_0250,"Big Digital Energy, Inc.",BGDE,2026-05-14,10-Q,0001213900-26-056680,950 Railroad Avenue,Midland,PA,15059,950 RAILROAD AVE,MIDLAND,PA,15059,42007,Beaver County,data/raw/sec_edgar_hq/filing_documents/CIK0001218683/000121390026056680/ea0289951-10q_bigdigital.htm,42007,Beaver County,1.0,950 RAILROAD AVENUE|MIDLAND|PA|15059
low,parsed street normalizes to current snapshot street,operator_spot_check_before_source_promotion,sec_pit_0057,Bimergen Energy Corp,BESS,2026-03-31,10-K,0001493152-26-014356,"895 Dove Street , Suite 300",Newport Beach,CA,92660,895 DOVE STREET SUITE 300,NEWPORT BEACH,CA,92660,06059,Orange County,data/raw/sec_edgar_hq/filing_documents/CIK0001066764/000149315226014356/form10-k.htm,06059,Orange County,1.0,"895 DOVE STREET , SUITE 300|NEWPORT BEACH|CA|92660"
low,parsed street normalizes to current snapshot street,operator_spot_check_before_source_promotion,sec_pit_0252,Bimergen Energy Corp,BESS,2026-05-15,10-Q,0001493152-26-023798,"895 Dove Street , Suite 300",Newport Beach,CA,92660,895 DOVE STREET SUITE 300,NEWPORT BEACH,CA,92660,06059,Orange County,data/raw/sec_edgar_hq/filing_documents/CIK0001066764/000149315226023798/form10-q.htm,06059,Orange County,1.0,"895 DOVE STREET , SUITE 300|NEWPORT BEACH|CA|92660"
low,parsed street normalizes to current snapshot street,operator_spot_check_before_source_promotion,sec_pit_0058,Bloom Energy Corp,BE,2019-03-22,10-K,0001664703-19-000008,4353 North First Street,San Jose,CA,95134,4353 NORTH FIRST STREET,SAN JOSE,CA,95134,06085,Santa Clara County,data/raw/sec_edgar_hq/filing_documents/CIK0001664703/000166470319000008/a2018q410kbloomenergycorp.htm,06085,Santa Clara County,1.0,4353 NORTH FIRST STREET|SAN JOSE|CA|95134
low,parsed street normalizes to current snapshot street,operator_spot_check_before_source_promotion,sec_pit_0059,Bloom Energy Corp,BE,2026-02-09,10-K,0001628280-26-006516,4353 North First Street,San Jose,CA,95134,4353 NORTH FIRST STREET,SAN JOSE,CA,95134,06085,Santa Clara County,data/raw/sec_edgar_hq/filing_documents/CIK0001664703/000162828026006516/be-20251231.htm,06085,Santa Clara County,1.0,4353 NORTH FIRST STREET|SAN JOSE|CA|95134
low,parsed street normalizes to current snapshot street,operator_spot_check_before_source_promotion,sec_pit_0258,Bloom Energy Corp,BE,2026-04-29,10-Q,0001628280-26-028021,4353 North First Street,San Jose,CA,95134,4353 NORTH FIRST STREET,SAN JOSE,CA,95134,06085,Santa Clara County,data/raw/sec_edgar_hq/filing_documents/CIK0001664703/000162828026028021/be-20260331.htm,06085,Santa Clara County,1.0,4353 NORTH FIRST STREET|SAN JOSE|CA|95134
low,parsed street normalizes to current snapshot street,operator_spot_check_before_source_promotion,sec_pit_0063,BranchOut Food Inc.,BOF,2024-04-01,10-K,0001493152-24-012492,"205 SE Davis Ave., Suite C",Bend,OR,97702,"205 SE DAVIS AVENUE, SUITE C",BEND,OR,97702,41017,Deschutes County,data/raw/sec_edgar_hq/filing_documents/CIK0001962481/000149315224012492/form10-k.htm,41017,Deschutes County,1.0,"205 SE DAVIS AVE., SUITE C|BEND|OR|97702"
low,parsed street normalizes to current snapshot street,operator_spot_check_before_source_promotion,sec_pit_0066,CAL-MAINE FOODS INC,CALM,2025-07-22,10-K,0001562762-25-000170,"1052 Highland Colony Pkwy , Suite 200",Ridgeland,MS,39157,1052 HIGHLAND COLONY PKWY SUITE 200,RIDGELAND,MS,39157,28089,Madison County,data/raw/sec_edgar_hq/filing_documents/CIK0000016160/000156276225000170/calm2025053110K.htm,28089,Madison County,1.0,"1052 HIGHLAND COLONY PKWY , SUITE 200|RIDGELAND|MS|39157"
low,parsed street normalizes to current snapshot street,operator_spot_check_before_source_promotion,sec_pit_0263,CAL-MAINE FOODS INC,CALM,2026-04-01,10-Q,0001562762-26-000046,"1052 Highland Colony Pkwy , Suite 200",Ridgeland,MS,39157,1052 HIGHLAND COLONY PKWY SUITE 200,RIDGELAND,MS,39157,28089,Madison County,data/raw/sec_edgar_hq/filing_documents/CIK0000016160/000156276226000046/calm-20260228.htm,28089,Madison County,1.0,"1052 HIGHLAND COLONY PKWY , SUITE 200|RIDGELAND|MS|39157"
low,parsed street normalizes to current snapshot street,operator_spot_check_before_source_promotion,sec_pit_0266,CENTERPOINT ENERGY INC,CNP,2026-05-15,424B5,0001104659-26-062746,1111 Louisiana Street,HOUSTON,TX,77002,1111 LOUISIANA ST.,HOUSTON,TX,77002,48201,Harris County,data/raw/sec_edgar_hq/filing_documents/CIK0001130310/000110465926062746/tm2614151-4_424b5.htm,48201,Harris County,1.0,1111 LOUISIANA STREET|HOUSTON|TX|77002
low,parsed street normalizes to current snapshot street,operator_spot_check_before_source_promotion,sec_pit_0075,CHEETAH NET SUPPLY CHAIN SERVICE INC.,CTNT,2026-03-20,10-K,0001104659-26-032699,8707 Research Drive,IRVINE,CA,92618,8707 RESEARCH DRIVE,IRVINE,CA,92618,06059,Orange County,data/raw/sec_edgar_hq/filing_documents/CIK0001951667/000110465926032699/ctnt-20251231x10k.htm,06059,Orange County,1.0,8707 RESEARCH DRIVE|IRVINE|CA|92618
low,parsed street normalizes to current snapshot street,operator_spot_check_before_source_promotion,sec_pit_0270,CHEETAH NET SUPPLY CHAIN SERVICE INC.,CTNT,2026-05-14,10-Q,0001104659-26-060534,8707 Research Drive,Irvine,CA,92618,8707 RESEARCH DRIVE,IRVINE,CA,92618,06059,Orange County,data/raw/sec_edgar_hq/filing_documents/CIK0001951667/000110465926060534/ctnt-20260331x10q.htm,06059,Orange County,1.0,8707 RESEARCH DRIVE|IRVINE|CA|92618
low,parsed street normalizes to current snapshot street,operator_spot_check_before_source_promotion,sec_pit_0076,CMS ENERGY CORP,CMS,2015-02-05,10-K,0001104659-15-006843,ONE ENERGY PLAZA,JACKSON,MI,49201,ONE ENERGY PLAZA,JACKSON,MI,49201,26075,Jackson County,data/raw/sec_edgar_hq/filing_documents/CIK0000811156/000110465915006843/a15-1932_110k.htm,26075,Jackson County,0.98,ONE ENERGY PLAZA|JACKSON|MI|49201
low,parsed street normalizes to current snapshot street,operator_spot_check_before_source_promotion,sec_pit_0077,CMS ENERGY CORP,CMS,2026-02-10,10-K,0000811156-26-000004,ONE ENERGY PLAZA,JACKSON,MI,49201,ONE ENERGY PLAZA,JACKSON,MI,49201,26075,Jackson County,data/raw/sec_edgar_hq/filing_documents/CIK0000811156/000081115626000004/cms-20251231.htm,26075,Jackson County,0.98,ONE ENERGY PLAZA|JACKSON|MI|49201
low,parsed street normalizes to current snapshot street,operator_spot_check_before_source_promotion,sec_pit_0271,CMS ENERGY CORP,CMS,2026-04-28,10-Q,0000811156-26-000024,ONE ENERGY PLAZA,JACKSON,MI,49201,ONE ENERGY PLAZA,JACKSON,MI,49201,26075,Jackson County,data/raw/sec_edgar_hq/filing_documents/CIK0000811156/000081115626000024/cms-20260331.htm,26075,Jackson County,0.98,ONE ENERGY PLAZA|JACKSON|MI|49201
low,parsed street normalizes to current snapshot street,operator_spot_check_before_source_promotion,sec_pit_0272,CMS ENERGY CORP,CMS,2026-05-13,8-K,0001104659-26-060230,ONE ENERGY PLAZA,JACKSON,MI,49201,ONE ENERGY PLAZA,JACKSON,MI,49201,26075,Jackson County,data/raw/sec_edgar_hq/filing_documents/CIK0000811156/000110465926060230/tm2614313d1_8k.htm,26075,Jackson County,0.98,ONE ENERGY PLAZA|JACKSON|MI|49201
low,parsed street normalizes to current snapshot street,operator_spot_check_before_source_promotion,sec_pit_0273,CO2 Energy Transition Corp.,NOEM,2024-12-27,10-Q,0001213900-24-113137,"1334 Brittmoore Rd, Suite 190",Houston,TX,77043,"1334 BRITTMOORE RD, SUITE 190",HOUSTON,TX,77043,48201,Harris County,data/raw/sec_edgar_hq/filing_documents/CIK0001956648/000121390024113137/ea0225652-10q_co2energy.htm,48201,Harris County,1.0,"1334 BRITTMOORE RD, SUITE 190|HOUSTON|TX|77043"
low,parsed street normalizes to current snapshot street,operator_spot_check_before_source_promotion,sec_pit_0078,CO2 Energy Transition Corp.,NOEM,2025-03-31,10-K,0001013762-25-004368,"1334 Brittmoore Rd, Suite 190",Houston,TX,77043,"1334 BRITTMOORE RD, SUITE 190",HOUSTON,TX,77043,48201,Harris County,data/raw/sec_edgar_hq/filing_documents/CIK0001956648/000101376225004368/ea0234870-10k_co2energy.htm,48201,Harris County,1.0,"1334 BRITTMOORE RD, SUITE 190|HOUSTON|TX|77043"
low,parsed street normalizes to current snapshot street,operator_spot_check_before_source_promotion,sec_pit_0079,CO2 Energy Transition Corp.,NOEM,2026-03-16,10-K,0001213900-26-027784,"1334 Brittmoore Rd , Suite 190",Houston,TX,77043,"1334 BRITTMOORE RD, SUITE 190",HOUSTON,TX,77043,48201,Harris County,data/raw/sec_edgar_hq/filing_documents/CIK0001956648/000121390026027784/ea0279184-10k_co2energy.htm,48201,Harris County,1.0,"1334 BRITTMOORE RD , SUITE 190|HOUSTON|TX|77043"
low,parsed street normalizes to current snapshot street,operator_spot_check_before_source_promotion,sec_pit_0274,CO2 Energy Transition Corp.,NOEM,2026-05-15,10-Q,0001213900-26-056909,"1334 Brittmoore Rd , Suite 190",Houston,TX,77043,"1334 BRITTMOORE RD, SUITE 190",HOUSTON,TX,77043,48201,Harris County,data/raw/sec_edgar_hq/filing_documents/CIK0001956648/000121390026056909/ea0288756-10q_co2energy.htm,48201,Harris County,1.0,"1334 BRITTMOORE RD , SUITE 190|HOUSTON|TX|77043"
low,parsed street normalizes to current snapshot street,operator_spot_check_before_source_promotion,sec_pit_0081,CONSUMERS ENERGY CO,CMS-PB,2026-02-10,10-K,0000811156-26-000004,ONE ENERGY PLAZA,JACKSON,MI,49201,ONE ENERGY PLAZA,JACKSON,MI,49201,26075,Jackson County,data/raw/sec_edgar_hq/filing_documents/CIK0000201533/000081115626000004/cms-20251231.htm,26075,Jackson County,0.98,ONE ENERGY PLAZA|JACKSON|MI|49201
low,parsed street normalizes to current snapshot street,operator_spot_check_before_source_promotion,sec_pit_0276,CONSUMERS ENERGY CO,CMS-PB,2026-04-28,10-Q,0000811156-26-000024,ONE ENERGY PLAZA,JACKSON,MI,49201,ONE ENERGY PLAZA,JACKSON,MI,49201,26075,Jackson County,data/raw/sec_edgar_hq/filing_documents/CIK0000201533/000081115626000024/cms-20260331.htm,26075,Jackson County,0.98,ONE ENERGY PLAZA|JACKSON|MI|49201
low,parsed street normalizes to current snapshot street,operator_spot_check_before_source_promotion,sec_pit_0084,CVR ENERGY INC,CVI,2009-03-13,10-K,0000950123-09-004595,"2277 Plaza Drive, Suite 500",Sugar Land,TX,77479,2277 PLAZA DRIVE SUITE 500,SUGAR LAND,TX,77479,48157,Fort Bend County,data/raw/sec_edgar_hq/filing_documents/CIK0001376139/000095012309004595/y75140e10vk.htm,48157,Fort Bend County,1.0,"2277 PLAZA DRIVE, SUITE 500|SUGAR LAND|TX|77479"
low,parsed street normalizes to current snapshot street,operator_spot_check_before_source_promotion,sec_pit_0085,CVR ENERGY INC,CVI,2026-02-18,10-K,0001376139-26-000014,"2277 Plaza Drive, Suite 500",Sugar Land,TX,77479,2277 PLAZA DRIVE SUITE 500,SUGAR LAND,TX,77479,48157,Fort Bend County,data/raw/sec_edgar_hq/filing_documents/CIK0001376139/000137613926000014/cvi-20251231.htm,48157,Fort Bend County,1.0,"2277 PLAZA DRIVE, SUITE 500|SUGAR LAND|TX|77479"
low,parsed street normalizes to current snapshot street,operator_spot_check_before_source_promotion,sec_pit_0279,CVR ENERGY INC,CVI,2026-04-29,10-Q,0001376139-26-000028,"2277 Plaza Drive, Suite 500",Sugar Land,TX,77479,2277 PLAZA DRIVE SUITE 500,SUGAR LAND,TX,77479,48157,Fort Bend County,data/raw/sec_edgar_hq/filing_documents/CIK0001376139/000137613926000028/cvi-20260331.htm,48157,Fort Bend County,1.0,"2277 PLAZA DRIVE, SUITE 500|SUGAR LAND|TX|77479"
low,parsed street normalizes to current snapshot street,operator_spot_check_before_source_promotion,sec_pit_0280,CVR ENERGY INC,CVI,2026-05-12,8-K,0001376139-26-000030,"2277 Plaza Drive, Suite 500",Sugar Land,TX,77479,2277 PLAZA DRIVE SUITE 500,SUGAR LAND,TX,77479,48157,Fort Bend County,data/raw/sec_edgar_hq/filing_documents/CIK0001376139/000137613926000030/cvi-20260512.htm,48157,Fort Bend County,1.0,"2277 PLAZA DRIVE, SUITE 500|SUGAR LAND|TX|77479"
low,parsed street normalizes to current snapshot street,operator_spot_check_before_source_promotion,sec_pit_0087,"Capstone Energy Plus, Inc.",CGEH,2025-06-27,10-K,0001558370-25-008930,"16640 Stagg Street , ​ ​",VAN NUYS,CA,91406,16640 STAGG STREET,VAN NUYS,CA,91406,06037,Los Angeles County,data/raw/sec_edgar_hq/filing_documents/CIK0001009759/000155837025008930/cgeh-20250331x10k.htm,06037,Los Angeles County,1.0,"16640 STAGG STREET ,|VAN NUYS|CA|91406"
low,parsed street normalizes to current snapshot street,operator_spot_check_before_source_promotion,sec_pit_0282,"Capstone Energy Plus, Inc.",CGEH,2026-02-12,10-Q,0001104659-26-014292,16640 STAGG STREET,VAN NUYS,CA,91406,16640 STAGG STREET,VAN NUYS,CA,91406,06037,Los Angeles County,data/raw/sec_edgar_hq/filing_documents/CIK0001009759/000110465926014292/cgeh-20251231x10q.htm,06037,Los Angeles County,1.0,16640 STAGG STREET|VAN NUYS|CA|91406
low,parsed street normalizes to current snapshot street,operator_spot_check_before_source_promotion,sec_pit_0089,"Chefs' Warehouse, Inc.",CHEF,2026-02-24,10-K,0001517175-26-000005,100 East Ridge Road,RIDGEFIELD,CT,06877,100 EAST RIDGE ROAD,RIDGEFIELD,CT,06877,09190,Western Connecticut Planning Region,data/raw/sec_edgar_hq/filing_documents/CIK0001517175/000151717526000005/chef-20251226.htm,09190,Western Connecticut Planning Region,1.0,100 EAST RIDGE ROAD|RIDGEFIELD|CT|06877
low,parsed street normalizes to current snapshot street,operator_spot_check_before_source_promotion,sec_pit_0284,"Chefs' Warehouse, Inc.",CHEF,2026-04-29,10-Q,0001517175-26-000023,100 East Ridge Road,Ridgefield,CT,06877,100 EAST RIDGE ROAD,RIDGEFIELD,CT,06877,09190,Western Connecticut Planning Region,data/raw/sec_edgar_hq/filing_documents/CIK0001517175/000151717526000023/chef-20260327.htm,09190,Western Connecticut Planning Region,1.0,100 EAST RIDGE ROAD|RIDGEFIELD|CT|06877
low,parsed street normalizes to current snapshot street,operator_spot_check_before_source_promotion,sec_pit_0091,"Cheniere Energy Partners, L.P.",CQP,2026-02-26,10-K,0001383650-26-000005,"845 Texas Avenue , Suite 1250",Houston,TX,77002,845 TEXAS AVENUE SUITE 1250,HOUSTON,TX,77002,48201,Harris County,data/raw/sec_edgar_hq/filing_documents/CIK0001383650/000138365026000005/cqp-20251231.htm,48201,Harris County,1.0,"845 TEXAS AVENUE , SUITE 1250|HOUSTON|TX|77002"
low,parsed street normalizes to current snapshot street,operator_spot_check_before_source_promotion,sec_pit_0286,"Cheniere Energy Partners, L.P.",CQP,2026-05-07,10-Q,0001383650-26-000014,"845 Texas Avenue , Suite 1250",Houston,TX,77002,845 TEXAS AVENUE SUITE 1250,HOUSTON,TX,77002,48201,Harris County,data/raw/sec_edgar_hq/filing_documents/CIK0001383650/000138365026000014/cqp-20260331.htm,48201,Harris County,1.0,"845 TEXAS AVENUE , SUITE 1250|HOUSTON|TX|77002"
low,parsed street normalizes to current snapshot street,operator_spot_check_before_source_promotion,sec_pit_0093,"Cheniere Energy, Inc.",LNG,2026-02-26,10-K,0000003570-26-000005,"845 Texas Avenue , Suite 1250",Houston,TX,77002,845 TEXAS AVENUE SUITE 1250,HOUSTON,TX,77002,48201,Harris County,data/raw/sec_edgar_hq/filing_documents/CIK0000003570/000000357026000005/lng-20251231.htm,48201,Harris County,1.0,"845 TEXAS AVENUE , SUITE 1250|HOUSTON|TX|77002"
low,parsed street normalizes to current snapshot street,operator_spot_check_before_source_promotion,sec_pit_0288,"Cheniere Energy, Inc.",LNG,2026-05-07,10-Q,0000003570-26-000014,"845 Texas Avenue , Suite 1250",Houston,TX,77002,845 TEXAS AVENUE SUITE 1250,HOUSTON,TX,77002,48201,Harris County,data/raw/sec_edgar_hq/filing_documents/CIK0000003570/000000357026000014/lng-20260331.htm,48201,Harris County,1.0,"845 TEXAS AVENUE , SUITE 1250|HOUSTON|TX|77002"
low,parsed street normalizes to current snapshot street,operator_spot_check_before_source_promotion,sec_pit_0094,Chord Energy Corp,CHRD,2013-03-01,10-K,0001193125-13-087568,"1001 Fannin Street, Suite 1500",Houston,TX,77002,1001 FANNIN STREET SUITE 1500,HOUSTON,TX,77002,48201,Harris County,data/raw/sec_edgar_hq/filing_documents/CIK0001486159/000119312513087568/d456381d10k.htm,48201,Harris County,1.0,"1001 FANNIN STREET, SUITE 1500|HOUSTON|TX|77002"
low,parsed street normalizes to current snapshot street,operator_spot_check_before_source_promotion,sec_pit_0095,Chord Energy Corp,CHRD,2014-02-27,10-K,0001486159-14-000011,"1001 Fannin Street, Suite 1500",Houston,TX,77002,1001 FANNIN STREET SUITE 1500,HOUSTON,TX,77002,48201,Harris County,data/raw/sec_edgar_hq/filing_documents/CIK0001486159/000148615914000011/oas-12312013x10k.htm,48201,Harris County,1.0,"1001 FANNIN STREET, SUITE 1500|HOUSTON|TX|77002"
low,parsed street normalizes to current snapshot street,operator_spot_check_before_source_promotion,sec_pit_0096,Chord Energy Corp,CHRD,2026-02-26,10-K,0001486159-26-000005,"1001 Fannin Street , Suite 1500",Houston,TX,77002,1001 FANNIN STREET SUITE 1500,HOUSTON,TX,77002,48201,Harris County,data/raw/sec_edgar_hq/filing_documents/CIK0001486159/000148615926000005/chrd-20251231.htm,48201,Harris County,1.0,"1001 FANNIN STREET , SUITE 1500|HOUSTON|TX|77002"
low,parsed street normalizes to current snapshot street,operator_spot_check_before_source_promotion,sec_pit_0289,Chord Energy Corp,CHRD,2026-05-07,10-Q,0001486159-26-000023,"1001 Fannin Street , Suite 1500",Houston,TX,77002,1001 FANNIN STREET SUITE 1500,HOUSTON,TX,77002,48201,Harris County,data/raw/sec_edgar_hq/filing_documents/CIK0001486159/000148615926000023/chrd-20260331.htm,48201,Harris County,1.0,"1001 FANNIN STREET , SUITE 1500|HOUSTON|TX|77002"
low,parsed street normalizes to current snapshot street,operator_spot_check_before_source_promotion,sec_pit_0100,Clean Energy Fuels Corp.,CLNE,2026-02-24,10-K,0001104659-26-019215,"4675 MacArthur Court , Suite 800",Newport Beach,CA,92660,"4675 MACARTHUR COURT, SUITE 800",NEWPORT BEACH,CA,92660,06059,Orange County,data/raw/sec_edgar_hq/filing_documents/CIK0001368265/000110465926019215/clne-20251231x10k.htm,06059,Orange County,1.0,"4675 MACARTHUR COURT , SUITE 800|NEWPORT BEACH|CA|92660"
low,parsed street normalizes to current snapshot street,operator_spot_check_before_source_promotion,sec_pit_0293,Clean Energy Fuels Corp.,CLNE,2026-05-07,10-Q,0001104659-26-057194,"4675 MacArthur Court , Suite 800",Newport Beach,CA,92660,"4675 MACARTHUR COURT, SUITE 800",NEWPORT BEACH,CA,92660,06059,Orange County,data/raw/sec_edgar_hq/filing_documents/CIK0001368265/000110465926057194/clne-20260331x10q.htm,06059,Orange County,1.0,"4675 MACARTHUR COURT , SUITE 800|NEWPORT BEACH|CA|92660"
low,parsed street normalizes to current snapshot street,operator_spot_check_before_source_promotion,sec_pit_0104,"Clearway Energy, Inc.",CWEN,2026-02-24,10-K,0001628280-26-010952,"300 Carnegie Center, Suite 300",Princeton,NJ,08540,"300 CARNEGIE CENTER, SUITE 300",PRINCETON,NJ,08540,34021,Mercer County,data/raw/sec_edgar_hq/filing_documents/CIK0001567683/000162828026010952/cwen-20251231.htm,34021,Mercer County,1.0,"300 CARNEGIE CENTER, SUITE 300|PRINCETON|NJ|08540"
low,parsed street normalizes to current snapshot street,operator_spot_check_before_source_promotion,sec_pit_0301,"Clearway Energy, Inc.",CWEN,2026-05-08,10-Q,0001628280-26-032385,"300 Carnegie Center, Suite 300",Princeton,NJ,08540,"300 CARNEGIE CENTER, SUITE 300",PRINCETON,NJ,08540,34021,Mercer County,data/raw/sec_edgar_hq/filing_documents/CIK0001567683/000162828026032385/cwen-20260331.htm,34021,Mercer County,1.0,"300 CARNEGIE CENTER, SUITE 300|PRINCETON|NJ|08540"
low,parsed street normalizes to current snapshot street,operator_spot_check_before_source_promotion,sec_pit_0107,Constellation Energy Corp,CEG,2022-02-25,10-K,0001868275-22-000020,1310 Point Street,BALTIMORE,MD,21231,1310 POINT STREET,BALTIMORE,MD,21231,24510,Baltimore city,data/raw/sec_edgar_hq/filing_documents/CIK0001868275/000186827522000020/ceg-20211231.htm,24510,Baltimore city,0.95,1310 POINT STREET|BALTIMORE|MD|21231
low,parsed street normalizes to current snapshot street,operator_spot_check_before_source_promotion,sec_pit_0108,Constellation Energy Corp,CEG,2026-02-24,10-K,0001868275-26-000032,1310 Point Street,BALTIMORE,MD,21231,1310 POINT STREET,BALTIMORE,MD,21231,24510,Baltimore city,data/raw/sec_edgar_hq/filing_documents/CIK0001868275/000186827526000032/ceg-20251231.htm,24510,Baltimore city,0.95,1310 POINT STREET|BALTIMORE|MD|21231
low,parsed street normalizes to current snapshot street,operator_spot_check_before_source_promotion,sec_pit_0305,Constellation Energy Corp,CEG,2026-05-11,8-K,0001868275-26-000063,1310 Point Street,BALTIMORE,MD,21231,1310 POINT STREET,BALTIMORE,MD,21231,24510,Baltimore city,data/raw/sec_edgar_hq/filing_documents/CIK0001868275/000186827526000063/ceg-20260511.htm,24510,Baltimore city,0.95,1310 POINT STREET|BALTIMORE|MD|21231
low,parsed street normalizes to current snapshot street,operator_spot_check_before_source_promotion,sec_pit_0304,Constellation Energy Corp,CEG,2026-05-11,10-Q,0001868275-26-000067,1310 Point Street,BALTIMORE,MD,21231,1310 POINT STREET,BALTIMORE,MD,21231,24510,Baltimore city,data/raw/sec_edgar_hq/filing_documents/CIK0001868275/000186827526000067/ceg-20260331.htm,24510,Baltimore city,0.95,1310 POINT STREET|BALTIMORE|MD|21231
low,parsed street normalizes to current snapshot street,operator_spot_check_before_source_promotion,sec_pit_0306,"Construction Partners, Inc.",ROAD,2018-06-04,10-Q,0001193125-18-183327,"290 Healthwest Drive, Suite 2",Dothan,AL,36303,290 HEALTHWEST DR. SUITE 2,DOTHAN,AL,36303,01069,Houston County,data/raw/sec_edgar_hq/filing_documents/CIK0001718227/000119312518183327/d570427d10q.htm,01069,Houston County,1.0,"290 HEALTHWEST DRIVE, SUITE 2|DOTHAN|AL|36303"
low,parsed street normalizes to current snapshot street,operator_spot_check_before_source_promotion,sec_pit_0109,"Construction Partners, Inc.",ROAD,2018-12-14,10-K,0001718227-18-000014,"290 Healthwest Drive, Suite 2",Dothan,AL,36303,290 HEALTHWEST DR. SUITE 2,DOTHAN,AL,36303,01069,Houston County,data/raw/sec_edgar_hq/filing_documents/CIK0001718227/000171822718000014/road-09302018x10k.htm,01069,Houston County,1.0,"290 HEALTHWEST DRIVE, SUITE 2|DOTHAN|AL|36303"
low,parsed street normalizes to current snapshot street,operator_spot_check_before_source_promotion,sec_pit_0110,"Construction Partners, Inc.",ROAD,2025-11-25,10-K,0001628280-25-053871,"290 Healthwest Drive, Suite 2",Dothan,AL,36303,290 HEALTHWEST DR. SUITE 2,DOTHAN,AL,36303,01069,Houston County,data/raw/sec_edgar_hq/filing_documents/CIK0001718227/000162828025053871/road-20250930.htm,01069,Houston County,1.0,"290 HEALTHWEST DRIVE, SUITE 2|DOTHAN|AL|36303"
low,parsed street normalizes to current snapshot street,operator_spot_check_before_source_promotion,sec_pit_0307,"Construction Partners, Inc.",ROAD,2026-05-08,10-Q,0001628280-26-032643,"290 Healthwest Drive, Suite 2",Dothan,AL,36303,290 HEALTHWEST DR. SUITE 2,DOTHAN,AL,36303,01069,Houston County,data/raw/sec_edgar_hq/filing_documents/CIK0001718227/000162828026032643/road-20260331.htm,01069,Houston County,1.0,"290 HEALTHWEST DRIVE, SUITE 2|DOTHAN|AL|36303"
low,parsed street normalizes to current snapshot street,operator_spot_check_before_source_promotion,sec_pit_0111,Crescent Energy Co,CRGY,2022-03-10,10-K,0001866175-22-000007,"600 Travis Street , Suite 7200",Houston,TX,77002,600 TRAVIS STREET SUITE 7200,HOUSTON,TX,77002,48201,Harris County,data/raw/sec_edgar_hq/filing_documents/CIK0001866175/000186617522000007/crgy-20211231.htm,48201,Harris County,1.0,"600 TRAVIS STREET , SUITE 7200|HOUSTON|TX|77002"
low,parsed street normalizes to current snapshot street,operator_spot_check_before_source_promotion,sec_pit_0112,Crescent Energy Co,CRGY,2026-02-25,10-K,0001866175-26-000026,"600 Travis Street , Suite 7200",Houston,TX,77002,600 TRAVIS STREET SUITE 7200,HOUSTON,TX,77002,48201,Harris County,data/raw/sec_edgar_hq/filing_documents/CIK0001866175/000186617526000026/crgy-20251231.htm,48201,Harris County,1.0,"600 TRAVIS STREET , SUITE 7200|HOUSTON|TX|77002"
low,parsed street normalizes to current snapshot street,operator_spot_check_before_source_promotion,sec_pit_0308,Crescent Energy Co,CRGY,2026-05-04,10-Q,0001866175-26-000090,"600 Travis Street , Suite 7200",Houston,TX,77002,600 TRAVIS STREET SUITE 7200,HOUSTON,TX,77002,48201,Harris County,data/raw/sec_edgar_hq/filing_documents/CIK0001866175/000186617526000090/crgy-20260331.htm,48201,Harris County,1.0,"600 TRAVIS STREET , SUITE 7200|HOUSTON|TX|77002"
low,parsed street normalizes to current snapshot street,operator_spot_check_before_source_promotion,sec_pit_0309,Crescent Energy Co,CRGY,2026-05-22,8-K,0001866175-26-000095,"600 Travis Street , Suite 7200",Houston,TX,77002,600 TRAVIS STREET SUITE 7200,HOUSTON,TX,77002,48201,Harris County,data/raw/sec_edgar_hq/filing_documents/CIK0001866175/000186617526000095/crgy-20260518.htm,48201,Harris County,1.0,"600 TRAVIS STREET , SUITE 7200|HOUSTON|TX|77002"
low,parsed street normalizes to current snapshot street,operator_spot_check_before_source_promotion,sec_pit_0114,"Custom Truck One Source, Inc.",CTOS,2026-03-10,10-K,0001709682-26-000008,7701 Independence Ave,Kansas City,MO,64125,7701 INDEPENDENCE AVENUE,KANSAS CITY,MO,64125,29095,Jackson County,data/raw/sec_edgar_hq/filing_documents/CIK0001709682/000170968226000008/ctos-20251231.htm,29095,Jackson County,1.0,7701 INDEPENDENCE AVE|KANSAS CITY|MO|64125
low,parsed street normalizes to current snapshot street,operator_spot_check_before_source_promotion,sec_pit_0311,"Custom Truck One Source, Inc.",CTOS,2026-04-27,10-Q,0001709682-26-000018,7701 Independence Ave,Kansas City,MO,64125,7701 INDEPENDENCE AVENUE,KANSAS CITY,MO,64125,29095,Jackson County,data/raw/sec_edgar_hq/filing_documents/CIK0001709682/000170968226000018/ctos-20260331.htm,29095,Jackson County,1.0,7701 INDEPENDENCE AVE|KANSAS CITY|MO|64125
low,parsed street normalizes to current snapshot street,operator_spot_check_before_source_promotion,sec_pit_0116,DATA I/O CORP,DAIO,2026-04-30,10-K/A,0001654954-26-004184,"6645 185TH AVE NE, SUITE 100",REDMOND,WA,98052,"6645 185TH AVE NE, SUITE 100",REDMOND,WA,98052,53033,King County,data/raw/sec_edgar_hq/filing_documents/CIK0000351998/000165495426004184/daio_10ka.htm,53033,King County,1.0,"6645 185TH AVE NE, SUITE 100|REDMOND|WA|98052"
low,parsed street normalizes to current snapshot street,operator_spot_check_before_source_promotion,sec_pit_0121,DOLLAR GENERAL CORP,DG,2014-03-20,10-K,0001047469-14-002721,100 MISSION RIDGE,GOODLETTSVILLE,TN,37072,100 MISSION RIDGE,GOODLETTSVILLE,TN,37072,47037,Davidson County,data/raw/sec_edgar_hq/filing_documents/CIK0000029534/000104746914002721/a2218572z10-k.htm,47037,Davidson County,1.0,100 MISSION RIDGE|GOODLETTSVILLE|TN|37072
low,parsed street normalizes to current snapshot street,operator_spot_check_before_source_promotion,sec_pit_0122,DOLLAR GENERAL CORP,DG,2015-03-20,10-K,0001047469-15-002540,100 MISSION RIDGE,GOODLETTSVILLE,TN,37072,100 MISSION RIDGE,GOODLETTSVILLE,TN,37072,47037,Davidson County,data/raw/sec_edgar_hq/filing_documents/CIK0000029534/000104746915002540/a2223543z10-k.htm,47037,Davidson County,1.0,100 MISSION RIDGE|GOODLETTSVILLE|TN|37072
low,parsed street normalizes to current snapshot street,operator_spot_check_before_source_promotion,sec_pit_0123,DOLLAR GENERAL CORP,DG,2026-03-20,10-K,0001104659-26-032325,100 MISSION RIDGE,GOODLETTSVILLE,TN,37072,100 MISSION RIDGE,GOODLETTSVILLE,TN,37072,47037,Davidson County,data/raw/sec_edgar_hq/filing_documents/CIK0000029534/000110465926032325/dg-20260130x10k.htm,47037,Davidson County,1.0,100 MISSION RIDGE|GOODLETTSVILLE|TN|37072
low,parsed street normalizes to current snapshot street,operator_spot_check_before_source_promotion,sec_pit_0320,"DOMINION ENERGY, INC",D,2026-05-01,10-Q,0001193125-26-200275,600 East Canal Street,RICHMOND,VA,23219,600 EAST CANAL STREET,RICHMOND,VA,23219,51760,Richmond city,data/raw/sec_edgar_hq/filing_documents/CIK0000715957/000119312526200275/d-20260331.htm,51760,Richmond city,1.0,600 EAST CANAL STREET|RICHMOND|VA|23219
low,parsed street normalizes to current snapshot street,operator_spot_check_before_source_promotion,sec_pit_0127,DT Cloud Star Acquisition Corp,DTSQ,2026-03-25,10-K,0001493152-26-012695,"OFFICE 51, 10 FL, 31 HUDSON YARDS",NEW YORK,NY,10001,"OFFICE 51, 10 FL, 31 HUDSON YARDS",NEW YORK,NY,10001,36061,New York County,data/raw/sec_edgar_hq/filing_documents/CIK0002017950/000149315226012695/form10-k.htm,36061,New York County,0.95,"OFFICE 51, 10 FL, 31 HUDSON YARDS|NEW YORK|NY|10001"
low,parsed street normalizes to current snapshot street,operator_spot_check_before_source_promotion,sec_pit_0128,DTE ENERGY CO,DTE,2018-02-16,10-K,0000936340-18-000082,ONE ENERGY PLAZA,DETROIT,MI,48226,ONE ENERGY PLAZA,DETROIT,MI,48226,26163,Wayne County,data/raw/sec_edgar_hq/filing_documents/CIK0000936340/000093634018000082/dteenergy2017123110k.htm,26163,Wayne County,0.98,ONE ENERGY PLAZA|DETROIT|MI|48226
low,parsed street normalizes to current snapshot street,operator_spot_check_before_source_promotion,sec_pit_0129,DTE ENERGY CO,DTE,2026-02-17,10-K,0000936340-26-000054,One Energy Plaza,Detroit,MI,48226-1221,ONE ENERGY PLAZA,DETROIT,MI,48226,26163,Wayne County,data/raw/sec_edgar_hq/filing_documents/CIK0000936340/000093634026000054/dte-20251231.htm,26163,Wayne County,0.98,ONE ENERGY PLAZA|DETROIT|MI|48226-1221
low,parsed street normalizes to current snapshot street,operator_spot_check_before_source_promotion,sec_pit_0323,DTE ENERGY CO,DTE,2026-04-30,10-Q,0000936340-26-000081,One Energy Plaza,Detroit,MI,48226-1221,ONE ENERGY PLAZA,DETROIT,MI,48226,26163,Wayne County,data/raw/sec_edgar_hq/filing_documents/CIK0000936340/000093634026000081/dte-20260331.htm,26163,Wayne County,0.98,ONE ENERGY PLAZA|DETROIT|MI|48226-1221
low,parsed street normalizes to current snapshot street,operator_spot_check_before_source_promotion,sec_pit_0324,DTE ENERGY CO,DTE,2026-05-15,8-K,0000936340-26-000119,One Energy Plaza,Detroit,MI,48226-1221,ONE ENERGY PLAZA,DETROIT,MI,48226,26163,Wayne County,data/raw/sec_edgar_hq/filing_documents/CIK0000936340/000093634026000119/dte-20260515.htm,26163,Wayne County,0.98,ONE ENERGY PLAZA|DETROIT|MI|48226-1221
low,parsed street normalizes to current snapshot street,operator_spot_check_before_source_promotion,sec_pit_0133,"Delek Logistics Partners, LP",DKL,2026-02-27,10-K,0001628280-26-012666,"310 Seven Springs Way, Suite 500",Brentwood,TN,37027,310 SEVEN SPRINGS WAY SUITE 500,BRENTWOOD,TN,37027,47037,Davidson County,data/raw/sec_edgar_hq/filing_documents/CIK0001552797/000162828026012666/dkl-20251231.htm,47037,Davidson County,1.0,"310 SEVEN SPRINGS WAY, SUITE 500|BRENTWOOD|TN|37027"
low,parsed street normalizes to current snapshot street,operator_spot_check_before_source_promotion,sec_pit_0328,"Delek Logistics Partners, LP",DKL,2026-04-29,10-Q,0001628280-26-028277,"310 Seven Springs Way , Suite 500",Brentwood,TN,37027,310 SEVEN SPRINGS WAY SUITE 500,BRENTWOOD,TN,37027,47037,Davidson County,data/raw/sec_edgar_hq/filing_documents/CIK0001552797/000162828026028277/dkl-20260331.htm,47037,Davidson County,1.0,"310 SEVEN SPRINGS WAY , SUITE 500|BRENTWOOD|TN|37027"
low,parsed street normalizes to current snapshot street,operator_spot_check_before_source_promotion,sec_pit_0135,"Diamondback Energy, Inc.",FANG,2026-02-25,10-K,0001539838-26-000010,"500 West Texas Ave., Suite 100",Midland,TX,79701,500 WEST TEXAS AVENUE SUITE 100,MIDLAND,TX,79701,48329,Midland County,data/raw/sec_edgar_hq/filing_documents/CIK0001539838/000153983826000010/fang-20251231.htm,48329,Midland County,1.0,"500 WEST TEXAS AVE., SUITE 100|MIDLAND|TX|79701"
low,parsed street normalizes to current snapshot street,operator_spot_check_before_source_promotion,sec_pit_0330,"Diamondback Energy, Inc.",FANG,2026-05-06,10-Q,0001539838-26-000077,"500 West Texas Ave., Suite 100",Midland,TX,79701,500 WEST TEXAS AVENUE SUITE 100,MIDLAND,TX,79701,48329,Midland County,data/raw/sec_edgar_hq/filing_documents/CIK0001539838/000153983826000077/fang-20260331.htm,48329,Midland County,1.0,"500 WEST TEXAS AVE., SUITE 100|MIDLAND|TX|79701"
low,parsed street normalizes to current snapshot street,operator_spot_check_before_source_promotion,sec_pit_0332,Diversified Energy Co,DEC,2026-05-21,8-K,0001922446-26-000053,1600 Corporate Drive,BIRMINGHAM,AL,35242,1600 CORPORATE DRIVE,BIRMINGHAM,AL,35242,01117,Shelby County,data/raw/sec_edgar_hq/filing_documents/CIK0001922446/000192244626000053/dec-20260520.htm,01117,Shelby County,1.0,1600 CORPORATE DRIVE|BIRMINGHAM|AL|35242
low,parsed street normalizes to current snapshot street,operator_spot_check_before_source_promotion,sec_pit_0141,Duke Energy CORP,DUK,2026-02-26,10-K,0001326160-26-000014,525 South Tryon Street,CHARLOTTE,NC,28202,525 SOUTH TRYON STREET,CHARLOTTE,NC,28202-1803,37119,Mecklenburg County,data/raw/sec_edgar_hq/filing_documents/CIK0001326160/000132616026000014/duk-20251231.htm,37119,Mecklenburg County,1.0,525 SOUTH TRYON STREET|CHARLOTTE|NC|28202
low,parsed street normalizes to current snapshot street,operator_spot_check_before_source_promotion,sec_pit_0335,Duke Energy CORP,DUK,2026-05-05,10-Q,0001326160-26-000026,525 South Tryon Street,CHARLOTTE,NC,28202,525 SOUTH TRYON STREET,CHARLOTTE,NC,28202-1803,37119,Mecklenburg County,data/raw/sec_edgar_hq/filing_documents/CIK0001326160/000132616026000026/duk-20260331.htm,37119,Mecklenburg County,1.0,525 SOUTH TRYON STREET|CHARLOTTE|NC|28202
low,parsed street normalizes to current snapshot street,operator_spot_check_before_source_promotion,sec_pit_0336,Duke Energy CORP,DUK,2026-05-13,8-K,0001104659-26-060251,525 South Tryon Street,CHARLOTTE,NC,28202,525 SOUTH TRYON STREET,CHARLOTTE,NC,28202-1803,37119,Mecklenburg County,data/raw/sec_edgar_hq/filing_documents/CIK0001326160/000110465926060251/tm2614506d1_8k.htm,37119,Mecklenburg County,1.0,525 SOUTH TRYON STREET|CHARLOTTE|NC|28202
low,parsed street normalizes to current snapshot street,operator_spot_check_before_source_promotion,sec_pit_0143,"ENERGY FOCUS, INC/DE",EFOI,2026-03-24,10-K,0001628280-26-020697,"32000 Aurora Road , Suite B",Solon,OH,44139,32000 AURORA ROAD SUITE B,SOLON,OH,44139,39035,Cuyahoga County,data/raw/sec_edgar_hq/filing_documents/CIK0000924168/000162828026020697/efoi-20251231.htm,39035,Cuyahoga County,1.0,"32000 AURORA ROAD , SUITE B|SOLON|OH|44139"
low,parsed street normalizes to current snapshot street,operator_spot_check_before_source_promotion,sec_pit_0144,ENERGY FUELS INC,UUUU,2014-03-31,40-F,0001062993-14-001698,"225 Union Blvd., Suite 600",Lakewood,CO,80228,"225 UNION BLVD., SUITE 600",LAKEWOOD,CO,80228,08059,Jefferson County,data/raw/sec_edgar_hq/filing_documents/CIK0001385849/000106299314001698/form40f.htm,08059,Jefferson County,1.0,"225 UNION BLVD., SUITE 600|LAKEWOOD|CO|80228"
low,parsed street normalizes to current snapshot street,operator_spot_check_before_source_promotion,sec_pit_0145,ENERGY FUELS INC,UUUU,2026-02-26,10-K,0001385849-26-000009,"225 Union Blvd., Suite 600",Lakewood,CO,80228,"225 UNION BLVD., SUITE 600",LAKEWOOD,CO,80228,08059,Jefferson County,data/raw/sec_edgar_hq/filing_documents/CIK0001385849/000138584926000009/efr-20251231.htm,08059,Jefferson County,1.0,"225 UNION BLVD., SUITE 600|LAKEWOOD|CO|80228"
low,parsed street normalizes to current snapshot street,operator_spot_check_before_source_promotion,sec_pit_0339,ENERGY FUELS INC,UUUU,2026-05-06,10-Q,0001385849-26-000021,"225 Union Blvd., Suite 600",Lakewood,CO,80228,"225 UNION BLVD., SUITE 600",LAKEWOOD,CO,80228,08059,Jefferson County,data/raw/sec_edgar_hq/filing_documents/CIK0001385849/000138584926000021/efr-20260331.htm,08059,Jefferson County,1.0,"225 UNION BLVD., SUITE 600|LAKEWOOD|CO|80228"
low,parsed street normalizes to current snapshot street,operator_spot_check_before_source_promotion,sec_pit_0340,ENERGY FUELS INC,UUUU,2026-05-15,8-K,0001062993-26-002713,"225 UNION BLVD., SUITE 600",LAKEWOOD,CO,80228,"225 UNION BLVD., SUITE 600",LAKEWOOD,CO,80228,08059,Jefferson County,data/raw/sec_edgar_hq/filing_documents/CIK0001385849/000106299326002713/form8k.htm,08059,Jefferson County,1.0,"225 UNION BLVD., SUITE 600|LAKEWOOD|CO|80228"
low,parsed street normalizes to current snapshot street,operator_spot_check_before_source_promotion,sec_pit_0341,EVERSOURCE ENERGY,ES,2014-11-07,10-Q,0000072741-14-000064,300 CADWELL DRIVE,SPRINGFIELD,MA,01104,300 CADWELL DRIVE,SPRINGFIELD,MA,01104,25013,Hampden County,data/raw/sec_edgar_hq/filing_documents/CIK0000072741/000007274114000064/september302014form10qedgar.htm,25013,Hampden County,1.0,300 CADWELL DRIVE|SPRINGFIELD|MA|01104
low,parsed street normalizes to current snapshot street,operator_spot_check_before_source_promotion,sec_pit_0146,EVERSOURCE ENERGY,ES,2015-02-25,10-K,0000072741-15-000013,300 CADWELL DRIVE,SPRINGFIELD,MA,01104,300 CADWELL DRIVE,SPRINGFIELD,MA,01104,25013,Hampden County,data/raw/sec_edgar_hq/filing_documents/CIK0000072741/000007274115000013/f2014form10kedgar.htm,25013,Hampden County,1.0,300 CADWELL DRIVE|SPRINGFIELD|MA|01104
low,parsed street normalizes to current snapshot street,operator_spot_check_before_source_promotion,sec_pit_0147,EVERSOURCE ENERGY,ES,2026-02-17,10-K,0001628280-26-008461,300 CADWELL DRIVE,SPRINGFIELD,MA,01104,300 CADWELL DRIVE,SPRINGFIELD,MA,01104,25013,Hampden County,data/raw/sec_edgar_hq/filing_documents/CIK0000072741/000162828026008461/es-20251231.htm,25013,Hampden County,1.0,300 CADWELL DRIVE|SPRINGFIELD|MA|01104
low,parsed street normalizes to current snapshot street,operator_spot_check_before_source_promotion,sec_pit_0342,EVERSOURCE ENERGY,ES,2026-05-07,10-Q,0001628280-26-032278,300 CADWELL DRIVE,SPRINGFIELD,MA,01104,300 CADWELL DRIVE,SPRINGFIELD,MA,01104,25013,Hampden County,data/raw/sec_edgar_hq/filing_documents/CIK0000072741/000162828026032278/es-20260331.htm,25013,Hampden County,1.0,300 CADWELL DRIVE|SPRINGFIELD|MA|01104
low,parsed street normalizes to current snapshot street,operator_spot_check_before_source_promotion,sec_pit_0343,EXPAND ENERGY Corp,EXE,2026-04-28,10-Q,0000895126-26-000028,10000 Energy Drive,Spring,TX,77389,10000 ENERGY DRIVE,SPRING,TX,77389,48201,Harris County,data/raw/sec_edgar_hq/filing_documents/CIK0000895126/000089512626000028/exe-20260331.htm,48201,Harris County,1.0,10000 ENERGY DRIVE|SPRING|TX|77389
low,parsed street normalizes to current snapshot street,operator_spot_check_before_source_promotion,sec_pit_0150,"Energy Recovery, Inc.",ERII,2012-03-14,10-K,0001437749-12-002253,1717 Doolittle Drive,San Leandro,CA,94577,1717 DOOLITTLE DRIVE,SAN LEANDRO,CA,94577,06001,Alameda County,data/raw/sec_edgar_hq/filing_documents/CIK0001421517/000143774912002253/eri_10k-123111.htm,06001,Alameda County,1.0,1717 DOOLITTLE DRIVE|SAN LEANDRO|CA|94577
low,parsed street normalizes to current snapshot street,operator_spot_check_before_source_promotion,sec_pit_0350,"Energy Recovery, Inc.",ERII,2026-05-06,10-Q,0001421517-26-000041,1717 Doolittle Drive,San Leandro,CA,94577,1717 DOOLITTLE DRIVE,SAN LEANDRO,CA,94577,06001,Alameda County,data/raw/sec_edgar_hq/filing_documents/CIK0001421517/000142151726000041/erii-20260331.htm,06001,Alameda County,1.0,1717 DOOLITTLE DRIVE|SAN LEANDRO|CA|94577
low,parsed street normalizes to current snapshot street,operator_spot_check_before_source_promotion,sec_pit_0153,Energy Services of America CORP,ESOA,2025-12-15,10-K,0001104659-25-121185,75 West 3rd Ave,HUNTINGTON,WV,25701,75 WEST 3RD AVE.,HUNTINGTON,WV,25701,54011,Cabell County,data/raw/sec_edgar_hq/filing_documents/CIK0001357971/000110465925121185/esoa-20250930x10k.htm,54011,Cabell County,1.0,75 WEST 3RD AVE|HUNTINGTON|WV|25701
low,parsed street normalizes to current snapshot street,operator_spot_check_before_source_promotion,sec_pit_0351,Energy Services of America CORP,ESOA,2026-05-11,10-Q,0001104659-26-058681,75 West 3rd Ave,HUNTINGTON,WV,25701,75 WEST 3RD AVE.,HUNTINGTON,WV,25701,54011,Cabell County,data/raw/sec_edgar_hq/filing_documents/CIK0001357971/000110465926058681/esoa-20260331x10q.htm,54011,Cabell County,1.0,75 WEST 3RD AVE|HUNTINGTON|WV|25701
low,parsed street normalizes to current snapshot street,operator_spot_check_before_source_promotion,sec_pit_0352,Energy Services of America CORP,ESOA,2026-05-21,8-K,0001104659-26-065181,75 West 3rd Ave.,Huntington,WV,25701,75 WEST 3RD AVE.,HUNTINGTON,WV,25701,54011,Cabell County,data/raw/sec_edgar_hq/filing_documents/CIK0001357971/000110465926065181/tm2615351d1_8k.htm,54011,Cabell County,1.0,75 WEST 3RD AVE.|HUNTINGTON|WV|25701
low,parsed street normalizes to current snapshot street,operator_spot_check_before_source_promotion,sec_pit_0155,Energy Transfer LP,ET,2026-02-19,10-K,0001276187-26-000013,"8111 Westchester Drive , Suite 600",Dallas,TX,75225,8111 WESTCHESTER DRIVE SUITE 600,DALLAS,TX,75225,48113,Dallas County,data/raw/sec_edgar_hq/filing_documents/CIK0001276187/000127618726000013/et-20251231.htm,48113,Dallas County,1.0,"8111 WESTCHESTER DRIVE , SUITE 600|DALLAS|TX|75225"
low,parsed street normalizes to current snapshot street,operator_spot_check_before_source_promotion,sec_pit_0354,Energy Transfer LP,ET,2026-05-07,10-Q,0001276187-26-000026,"8111 Westchester Drive , Suite 600",Dallas,TX,75225,8111 WESTCHESTER DRIVE SUITE 600,DALLAS,TX,75225,48113,Dallas County,data/raw/sec_edgar_hq/filing_documents/CIK0001276187/000127618726000026/et-20260331.htm,48113,Dallas County,1.0,"8111 WESTCHESTER DRIVE , SUITE 600|DALLAS|TX|75225"
low,parsed street normalizes to current snapshot street,operator_spot_check_before_source_promotion,sec_pit_0355,Energy Transition Special Opportunities,ETSS,2026-05-19,8-K,0001213900-26-059124,"71 Orchard Pl , Unit 1",Greenwich,CT,06830,"71 ORCHARD PL, UNIT 1",GREENWICH,CT,06830,09190,Western Connecticut Planning Region,data/raw/sec_edgar_hq/filing_documents/CIK0002085932/000121390026059124/ea0291384-8k_energy.htm,09190,Western Connecticut Planning Region,1.0,"71 ORCHARD PL , UNIT 1|GREENWICH|CT|06830"
low,parsed street normalizes to current snapshot street,operator_spot_check_before_source_promotion,sec_pit_0356,Energy Transition Special Opportunities,ETSS,2026-05-22,8-K,0001213900-26-060623,"71 Orchard Pl , Unit 1",Greenwich,CT,06830,"71 ORCHARD PL, UNIT 1",GREENWICH,CT,06830,09190,Western Connecticut Planning Region,data/raw/sec_edgar_hq/filing_documents/CIK0002085932/000121390026060623/ea0291879-8k_energy.htm,09190,Western Connecticut Planning Region,1.0,"71 ORCHARD PL , UNIT 1|GREENWICH|CT|06830"
low,parsed street normalizes to current snapshot street,operator_spot_check_before_source_promotion,sec_pit_0160,"Enphase Energy, Inc.",ENPH,2026-02-17,10-K,0001463101-26-000013,47281 Bayside Parkway,Fremont,CA,94538,47281 BAYSIDE PARKWAY,FREMONT,CA,94538,06001,Alameda County,data/raw/sec_edgar_hq/filing_documents/CIK0001463101/000146310126000013/enph-20251231.htm,06001,Alameda County,1.0,47281 BAYSIDE PARKWAY|FREMONT|CA|94538
low,parsed street normalizes to current snapshot street,operator_spot_check_before_source_promotion,sec_pit_0361,"Enphase Energy, Inc.",ENPH,2026-04-28,10-Q,0001463101-26-000047,47281 Bayside Parkway,Fremont,CA,94538,47281 BAYSIDE PARKWAY,FREMONT,CA,94538,06001,Alameda County,data/raw/sec_edgar_hq/filing_documents/CIK0001463101/000146310126000047/enph-20260331.htm,06001,Alameda County,1.0,47281 BAYSIDE PARKWAY|FREMONT|CA|94538
low,parsed street normalizes to current snapshot street,operator_spot_check_before_source_promotion,sec_pit_0161,"Eos Energy Enterprises, Inc.",EOSE,2021-02-26,10-K,0001628280-21-003349,3920 Park Avenue,Edison,NJ,08820,3920 PARK AVENUE,EDISON,NJ,08820,34023,Middlesex County,data/raw/sec_edgar_hq/filing_documents/CIK0001805077/000162828021003349/eose-20201231.htm,34023,Middlesex County,1.0,3920 PARK AVENUE|EDISON|NJ|08820
low,parsed street normalizes to current snapshot street,operator_spot_check_before_source_promotion,sec_pit_0162,"Eos Energy Enterprises, Inc.",EOSE,2026-02-26,10-K,0001628280-26-011961,3920 Park Avenue,Edison,NJ,08820,3920 PARK AVENUE,EDISON,NJ,08820,34023,Middlesex County,data/raw/sec_edgar_hq/filing_documents/CIK0001805077/000162828026011961/eose-20251231.htm,34023,Middlesex County,1.0,3920 PARK AVENUE|EDISON|NJ|08820
low,parsed street normalizes to current snapshot street,operator_spot_check_before_source_promotion,sec_pit_0164,Epsilon Energy Ltd.,EPSN,2026-03-27,10-K,0001104659-26-035794,"500 Dallas Street , Suite 1250",Houston,TX,77002,500 DALLAS STREET SUITE 1250,HOUSTON,TX,77002,48201,Harris County,data/raw/sec_edgar_hq/filing_documents/CIK0001726126/000110465926035794/epsn-20251231x10k.htm,48201,Harris County,1.0,"500 DALLAS STREET , SUITE 1250|HOUSTON|TX|77002"
low,parsed street normalizes to current snapshot street,operator_spot_check_before_source_promotion,sec_pit_0364,Epsilon Energy Ltd.,EPSN,2026-05-13,10-Q,0001104659-26-060245,"500 Dallas Street , Suite 1250",Houston,TX,77002,500 DALLAS STREET SUITE 1250,HOUSTON,TX,77002,48201,Harris County,data/raw/sec_edgar_hq/filing_documents/CIK0001726126/000110465926060245/epsn-20260331x10q.htm,48201,Harris County,1.0,"500 DALLAS STREET , SUITE 1250|HOUSTON|TX|77002"
low,parsed street normalizes to current snapshot street,operator_spot_check_before_source_promotion,sec_pit_0365,Epsilon Energy Ltd.,EPSN,2026-05-20,8-K,0001104659-26-064438,"500 Dallas St. , Suite 1250",Houston,TX,77002,500 DALLAS STREET SUITE 1250,HOUSTON,TX,77002,48201,Harris County,data/raw/sec_edgar_hq/filing_documents/CIK0001726126/000110465926064438/epsn-20260520x8k.htm,48201,Harris County,1.0,"500 DALLAS ST. , SUITE 1250|HOUSTON|TX|77002"
low,parsed street normalizes to current snapshot street,operator_spot_check_before_source_promotion,sec_pit_0368,"Excelerate Energy, Inc.",EE,2022-05-26,10-Q,0000950170-22-010683,"2445 Technology Forest Blvd ., Level 6",The Woodlands,TX,77381,2445 TECHNOLOGY FOREST BLVD. LEVEL 6,THE WOODLANDS,TX,77381,48339,Montgomery County,data/raw/sec_edgar_hq/filing_documents/CIK0001888447/000095017022010683/ee-20220331.htm,48339,Montgomery County,1.0,"2445 TECHNOLOGY FOREST BLVD ., LEVEL 6|THE WOODLANDS|TX|77381"
low,parsed street normalizes to current snapshot street,operator_spot_check_before_source_promotion,sec_pit_0167,"Excelerate Energy, Inc.",EE,2023-03-29,10-K,0000950170-23-010373,"2445 Technology Forest Blvd ., Level 6",The Woodlands,TX,77381,2445 TECHNOLOGY FOREST BLVD. LEVEL 6,THE WOODLANDS,TX,77381,48339,Montgomery County,data/raw/sec_edgar_hq/filing_documents/CIK0001888447/000095017023010373/ee-20221231.htm,48339,Montgomery County,1.0,"2445 TECHNOLOGY FOREST BLVD ., LEVEL 6|THE WOODLANDS|TX|77381"
low,parsed street normalizes to current snapshot street,operator_spot_check_before_source_promotion,sec_pit_0168,"Excelerate Energy, Inc.",EE,2026-02-27,10-K,0001193125-26-078407,"2445 Technology Forest Blvd ., Level 6",The Woodlands,TX,77381,2445 TECHNOLOGY FOREST BLVD. LEVEL 6,THE WOODLANDS,TX,77381,48339,Montgomery County,data/raw/sec_edgar_hq/filing_documents/CIK0001888447/000119312526078407/ee-20251231.htm,48339,Montgomery County,1.0,"2445 TECHNOLOGY FOREST BLVD ., LEVEL 6|THE WOODLANDS|TX|77381"
low,parsed street normalizes to current snapshot street,operator_spot_check_before_source_promotion,sec_pit_0369,"Excelerate Energy, Inc.",EE,2026-05-07,10-Q,0001193125-26-212193,"2445 Technology Forest Blvd ., Level 6",The Woodlands,TX,77381,2445 TECHNOLOGY FOREST BLVD. LEVEL 6,THE WOODLANDS,TX,77381,48339,Montgomery County,data/raw/sec_edgar_hq/filing_documents/CIK0001888447/000119312526212193/ee-20260331.htm,48339,Montgomery County,1.0,"2445 TECHNOLOGY FOREST BLVD ., LEVEL 6|THE WOODLANDS|TX|77381"
low,parsed street normalizes to current snapshot street,operator_spot_check_before_source_promotion,sec_pit_0169,FEDEX CORP,FDX,2015-07-14,10-K,0001193125-15-252494,942 South Shady Grove Road,Memphis,TN,38120,942 SOUTH SHADY GROVE ROAD,MEMPHIS,TN,38120-,47157,Shelby County,data/raw/sec_edgar_hq/filing_documents/CIK0001048911/000119312515252494/d48165d10k.htm,47157,Shelby County,1.0,942 SOUTH SHADY GROVE ROAD|MEMPHIS|TN|38120
low,parsed street normalizes to current snapshot street,operator_spot_check_before_source_promotion,sec_pit_0170,FEDEX CORP,FDX,2025-07-21,10-K,0001048911-25-000011,942 South Shady Grove Road,Memphis,TN,38120,942 SOUTH SHADY GROVE ROAD,MEMPHIS,TN,38120-,47157,Shelby County,data/raw/sec_edgar_hq/filing_documents/CIK0001048911/000104891125000011/fdx-20250531.htm,47157,Shelby County,1.0,942 SOUTH SHADY GROVE ROAD|MEMPHIS|TN|38120
low,parsed street normalizes to current snapshot street,operator_spot_check_before_source_promotion,sec_pit_0371,FEDEX CORP,FDX,2026-03-19,10-Q,0001048911-26-000011,942 South Shady Grove Road,Memphis,TN,38120,942 SOUTH SHADY GROVE ROAD,MEMPHIS,TN,38120-,47157,Shelby County,data/raw/sec_edgar_hq/filing_documents/CIK0001048911/000104891126000011/fdx-20260228.htm,47157,Shelby County,1.0,942 SOUTH SHADY GROVE ROAD|MEMPHIS|TN|38120
low,parsed street normalizes to current snapshot street,operator_spot_check_before_source_promotion,sec_pit_0372,FLOWERS FOODS INC,FLO,2013-08-13,10-Q,0001193125-13-331720,1919 FLOWERS CIRCLE,THOMASVILLE,GA,31757,1919 FLOWERS CIRCLE,THOMASVILLE,GA,31757,13275,Thomas County,data/raw/sec_edgar_hq/filing_documents/CIK0001128928/000119312513331720/d542498d10q.htm,13275,Thomas County,1.0,1919 FLOWERS CIRCLE|THOMASVILLE|GA|31757
low,parsed street normalizes to current snapshot street,operator_spot_check_before_source_promotion,sec_pit_0171,FLOWERS FOODS INC,FLO,2014-02-19,10-K,0001193125-14-058624,1919 Flowers Circle,Thomasville,GA,31757,1919 FLOWERS CIRCLE,THOMASVILLE,GA,31757,13275,Thomas County,data/raw/sec_edgar_hq/filing_documents/CIK0001128928/000119312514058624/d634175d10k.htm,13275,Thomas County,1.0,1919 FLOWERS CIRCLE|THOMASVILLE|GA|31757
low,parsed street normalizes to current snapshot street,operator_spot_check_before_source_promotion,sec_pit_0172,FLOWERS FOODS INC,FLO,2026-02-25,10-K,0001193125-26-071441,1919 Flowers Circle,Thomasville,GA,31757,1919 FLOWERS CIRCLE,THOMASVILLE,GA,31757,13275,Thomas County,data/raw/sec_edgar_hq/filing_documents/CIK0001128928/000119312526071441/flo-20260103.htm,13275,Thomas County,1.0,1919 FLOWERS CIRCLE|THOMASVILLE|GA|31757
low,parsed street normalizes to current snapshot street,operator_spot_check_before_source_promotion,sec_pit_0373,FLOWERS FOODS INC,FLO,2026-05-21,10-Q,0001193125-26-234437,1919 FLOWERS CIRCLE,THOMASVILLE,GA,31757,1919 FLOWERS CIRCLE,THOMASVILLE,GA,31757,13275,Thomas County,data/raw/sec_edgar_hq/filing_documents/CIK0001128928/000119312526234437/flo-20260425.htm,13275,Thomas County,1.0,1919 FLOWERS CIRCLE|THOMASVILLE|GA|31757
low,parsed street normalizes to current snapshot street,operator_spot_check_before_source_promotion,sec_pit_0174,"FORUM ENERGY TECHNOLOGIES, INC.",FET,2026-02-27,10-K,0001401257-26-000015,10344 Sam Houston Park Drive Suite 300,Houston,TX,77064,10344 SAM HOUSTON PARK DRIVE SUITE 300,HOUSTON,TX,77064,48201,Harris County,data/raw/sec_edgar_hq/filing_documents/CIK0001401257/000140125726000015/fet-20251231.htm,48201,Harris County,1.0,10344 SAM HOUSTON PARK DRIVE SUITE 300|HOUSTON|TX|77064
low,parsed street normalizes to current snapshot street,operator_spot_check_before_source_promotion,sec_pit_0375,"FORUM ENERGY TECHNOLOGIES, INC.",FET,2026-05-01,10-Q,0001401257-26-000034,10344 Sam Houston Park Drive Suite 300,Houston,TX,77064,10344 SAM HOUSTON PARK DRIVE SUITE 300,HOUSTON,TX,77064,48201,Harris County,data/raw/sec_edgar_hq/filing_documents/CIK0001401257/000140125726000034/fet-20260331.htm,48201,Harris County,1.0,10344 SAM HOUSTON PARK DRIVE SUITE 300|HOUSTON|TX|77064
low,parsed street normalizes to current snapshot street,operator_spot_check_before_source_promotion,sec_pit_0177,FORWARD AIR CORP,FWRD,2026-03-11,10-K,0001628280-26-016793,3200 Olympus Boulevard Suite 300,Dallas,TX,75019,3200 OLYMPUS BOULEVARD SUITE 300,DALLAS,TX,75019,48113,Dallas County,data/raw/sec_edgar_hq/filing_documents/CIK0000912728/000162828026016793/fwrd-20251231.htm,48113,Dallas County,0.9,3200 OLYMPUS BOULEVARD SUITE 300|DALLAS|TX|75019
low,parsed street normalizes to current snapshot street,operator_spot_check_before_source_promotion,sec_pit_0376,FORWARD AIR CORP,FWRD,2026-05-11,10-Q,0001628280-26-033501,3200 Olympus Boulevard Suite 300,Dallas,TX,75019,3200 OLYMPUS BOULEVARD SUITE 300,DALLAS,TX,75019,48113,Dallas County,data/raw/sec_edgar_hq/filing_documents/CIK0000912728/000162828026033501/fwrd-20260331.htm,48113,Dallas County,0.9,3200 OLYMPUS BOULEVARD SUITE 300|DALLAS|TX|75019
low,parsed street normalizes to current snapshot street,operator_spot_check_before_source_promotion,sec_pit_0179,FUELCELL ENERGY INC,FCEL,2025-12-18,10-K,0001104659-25-122302,3 Great Pasture Road ​ ​,DANBURY,CT,06810,3 GREAT PASTURE ROAD,DANBURY,CT,06810,09190,Western Connecticut Planning Region,data/raw/sec_edgar_hq/filing_documents/CIK0000886128/000110465925122302/fcel-20251031x10k.htm,09190,Western Connecticut Planning Region,1.0,3 GREAT PASTURE ROAD|DANBURY|CT|06810
low,parsed street normalizes to current snapshot street,operator_spot_check_before_source_promotion,sec_pit_0377,FUELCELL ENERGY INC,FCEL,2026-03-09,10-Q,0001104659-26-024970,3 Great Pasture Road,DANBURY,CT,06810,3 GREAT PASTURE ROAD,DANBURY,CT,06810,09190,Western Connecticut Planning Region,data/raw/sec_edgar_hq/filing_documents/CIK0000886128/000110465926024970/fcel-20260131x10q.htm,09190,Western Connecticut Planning Region,1.0,3 GREAT PASTURE ROAD|DANBURY|CT|06810
low,parsed street normalizes to current snapshot street,operator_spot_check_before_source_promotion,sec_pit_0378,FUELCELL ENERGY INC,FCEL,2026-05-21,8-K,0001104659-26-064902,3 Great Pasture Road,DANBURY,CT,06810,3 GREAT PASTURE ROAD,DANBURY,CT,06810,09190,Western Connecticut Planning Region,data/raw/sec_edgar_hq/filing_documents/CIK0000886128/000110465926064902/fcel-20260519x8k.htm,09190,Western Connecticut Planning Region,1.0,3 GREAT PASTURE ROAD|DANBURY|CT|06810
low,parsed street normalizes to current snapshot street,operator_spot_check_before_source_promotion,sec_pit_0180,"Fluence Energy, Inc.",FLNC,2021-12-14,10-K,0001868941-21-000012,"4601 Fairfax Drive, Suite 600",Arlington,VA,22203,4601 FAIRFAX DRIVE SUITE 600,ARLINGTON,VA,22203,51013,Arlington County,data/raw/sec_edgar_hq/filing_documents/CIK0001868941/000186894121000012/fluenceenergyllc10-k2021.htm,51013,Arlington County,1.0,"4601 FAIRFAX DRIVE, SUITE 600|ARLINGTON|VA|22203"
low,parsed street normalizes to current snapshot street,operator_spot_check_before_source_promotion,sec_pit_0181,"Fluence Energy, Inc.",FLNC,2025-11-25,10-K,0001868941-25-000081,"4601 Fairfax Drive, Suite 600",Arlington,VA,22203,4601 FAIRFAX DRIVE SUITE 600,ARLINGTON,VA,22203,51013,Arlington County,data/raw/sec_edgar_hq/filing_documents/CIK0001868941/000186894125000081/flnc-20250930.htm,51013,Arlington County,1.0,"4601 FAIRFAX DRIVE, SUITE 600|ARLINGTON|VA|22203"
low,parsed street normalizes to current snapshot street,operator_spot_check_before_source_promotion,sec_pit_0385,"Fluence Energy, Inc.",FLNC,2026-05-06,10-Q,0001104659-26-056304,"4601 Fairfax Drive , Suite 600",Arlington,VA,22203,4601 FAIRFAX DRIVE SUITE 600,ARLINGTON,VA,22203,51013,Arlington County,data/raw/sec_edgar_hq/filing_documents/CIK0001868941/000110465926056304/flnc-20260331x10q.htm,51013,Arlington County,1.0,"4601 FAIRFAX DRIVE , SUITE 600|ARLINGTON|VA|22203"
low,parsed street normalizes to current snapshot street,operator_spot_check_before_source_promotion,sec_pit_0386,"Fluence Energy, Inc.",FLNC,2026-05-15,8-K,0001104659-26-062654,"4601 Fairfax Drive , Suite 600",Arlington,VA,22203,4601 FAIRFAX DRIVE SUITE 600,ARLINGTON,VA,22203,51013,Arlington County,data/raw/sec_edgar_hq/filing_documents/CIK0001868941/000110465926062654/tm2614667d1_8k.htm,51013,Arlington County,1.0,"4601 FAIRFAX DRIVE , SUITE 600|ARLINGTON|VA|22203"
low,parsed street normalizes to current snapshot street,operator_spot_check_before_source_promotion,sec_pit_0185,"Freight Technologies, Inc.",FRGT,2026-05-14,20-F,0001493152-26-023206,2001 TIMBERLOCH PLACE SUITE 500,THE WOODLANDS,TX,77380,2001 TIMBERLOCH PLACE SUITE 500,THE WOODLANDS,TX,77380,48339,Montgomery County,data/raw/sec_edgar_hq/filing_documents/CIK0001687542/000149315226023206/form20-f.htm,48339,Montgomery County,1.0,2001 TIMBERLOCH PLACE SUITE 500|THE WOODLANDS|TX|77380
low,parsed street normalizes to current snapshot street,operator_spot_check_before_source_promotion,sec_pit_0387,GABELLI GLOBAL UTILITY & INCOME TRUST,GLU,2010-01-22,8-K,0001341004-10-000120,One Corporate Center,Rye,NY,10580-1422,ONE CORPORATE CENTER,RYE,NY,10580,36119,Westchester County,data/raw/sec_edgar_hq/filing_documents/CIK0001282957/000134100410000120/utility.htm,36119,Westchester County,1.0,ONE CORPORATE CENTER|RYE|NY|10580-1422
low,parsed street normalizes to current snapshot street,operator_spot_check_before_source_promotion,sec_pit_0388,GABELLI GLOBAL UTILITY & INCOME TRUST,GLU,2010-03-31,8-K,0001341004-10-000619,One Corporate Center,Rye,NY,10580-1422,ONE CORPORATE CENTER,RYE,NY,10580,36119,Westchester County,data/raw/sec_edgar_hq/filing_documents/CIK0001282957/000134100410000619/utility.htm,36119,Westchester County,1.0,ONE CORPORATE CENTER|RYE|NY|10580-1422
low,parsed street normalizes to current snapshot street,operator_spot_check_before_source_promotion,sec_pit_0389,GABELLI GLOBAL UTILITY & INCOME TRUST,GLU,2010-09-21,8-K,0001341004-10-001610,One Corporate Center,Rye,NY,10580-1422,ONE CORPORATE CENTER,RYE,NY,10580,36119,Westchester County,data/raw/sec_edgar_hq/filing_documents/CIK0001282957/000134100410001610/gabelli-utility_form8k.htm,36119,Westchester County,1.0,ONE CORPORATE CENTER|RYE|NY|10580-1422
low,parsed street normalizes to current snapshot street,operator_spot_check_before_source_promotion,sec_pit_0390,GABELLI GLOBAL UTILITY & INCOME TRUST,GLU,2026-05-07,8-K,0001829126-26-004784,One Corporate Center,Rye,NY,10580,ONE CORPORATE CENTER,RYE,NY,10580,36119,Westchester County,data/raw/sec_edgar_hq/filing_documents/CIK0001282957/000182912626004784/glu_8k.htm,36119,Westchester County,1.0,ONE CORPORATE CENTER|RYE|NY|10580
low,parsed street normalizes to current snapshot street,operator_spot_check_before_source_promotion,sec_pit_0187,"GCT Semiconductor Holding, Inc.",GCTS,2026-03-25,10-K,0001193125-26-124183,"2290 North 1st Street, Suite 201",San Jose,CA,95131,2290 NORTH 1ST STREET SUITE 201,SAN JOSE,CA,95131,06085,Santa Clara County,data/raw/sec_edgar_hq/filing_documents/CIK0001851961/000119312526124183/gcts-20251231.htm,06085,Santa Clara County,1.0,"2290 NORTH 1ST STREET, SUITE 201|SAN JOSE|CA|95131"
low,parsed street normalizes to current snapshot street,operator_spot_check_before_source_promotion,sec_pit_0396,"GCT Semiconductor Holding, Inc.",GCTS,2026-05-12,10-Q,0001193125-26-219536,"2290 North 1st Street, Suite 201",San Jose,CA,95131,2290 NORTH 1ST STREET SUITE 201,SAN JOSE,CA,95131,06085,Santa Clara County,data/raw/sec_edgar_hq/filing_documents/CIK0001851961/000119312526219536/gcts-20260331.htm,06085,Santa Clara County,1.0,"2290 NORTH 1ST STREET, SUITE 201|SAN JOSE|CA|95131"
low,parsed street normalizes to current snapshot street,operator_spot_check_before_source_promotion,sec_pit_0403,NVIDIA CORP,NVDA,2020-05-21,10-Q,0001045810-20-000065,2788 San Tomas Expressway,SANTA CLARA,CA,95051,2788 SAN TOMAS EXPRESSWAY,SANTA CLARA,CA,95051,06085,Santa Clara County,data/raw/sec_edgar_hq/filing_documents/CIK0001045810/000104581020000065/nvda-20200426.htm,06085,Santa Clara County,1.0,2788 SAN TOMAS EXPRESSWAY|SANTA CLARA|CA|95051
low,parsed street normalizes to current snapshot street,operator_spot_check_before_source_promotion,sec_pit_0194,NVIDIA CORP,NVDA,2021-02-26,10-K,0001045810-21-000010,2788 San Tomas Expressway,SANTA CLARA,CA,95051,2788 SAN TOMAS EXPRESSWAY,SANTA CLARA,CA,95051,06085,Santa Clara County,data/raw/sec_edgar_hq/filing_documents/CIK0001045810/000104581021000010/nvda-20210131.htm,06085,Santa Clara County,1.0,2788 SAN TOMAS EXPRESSWAY|SANTA CLARA|CA|95051
low,parsed street normalizes to current snapshot street,operator_spot_check_before_source_promotion,sec_pit_0195,NVIDIA CORP,NVDA,2026-02-25,10-K,0001045810-26-000021,2788 San Tomas Expressway,SANTA CLARA,CA,95051,2788 SAN TOMAS EXPRESSWAY,SANTA CLARA,CA,95051,06085,Santa Clara County,data/raw/sec_edgar_hq/filing_documents/CIK0001045810/000104581026000021/nvda-20260125.htm,06085,Santa Clara County,1.0,2788 SAN TOMAS EXPRESSWAY|SANTA CLARA|CA|95051
low,parsed street normalizes to current snapshot street,operator_spot_check_before_source_promotion,sec_pit_0404,NVIDIA CORP,NVDA,2026-05-20,10-Q,0001045810-26-000052,2788 San Tomas Expressway,SANTA CLARA,CA,95051,2788 SAN TOMAS EXPRESSWAY,SANTA CLARA,CA,95051,06085,Santa Clara County,data/raw/sec_edgar_hq/filing_documents/CIK0001045810/000104581026000052/nvda-20260426.htm,06085,Santa Clara County,1.0,2788 SAN TOMAS EXPRESSWAY|SANTA CLARA|CA|95051
low,parsed street normalizes to current snapshot street,operator_spot_check_before_source_promotion,sec_pit_0197,TRACTOR SUPPLY CO /DE/,TSCO,2026-02-19,10-K,0000916365-26-000014,5401 Virginia Way,Brentwood,TN,37027,5401 VIRGINIA WAY,BRENTWOOD,TN,37027,47187,Williamson County,data/raw/sec_edgar_hq/filing_documents/CIK0000916365/000091636526000014/tsco-20251227.htm,47187,Williamson County,1.0,5401 VIRGINIA WAY|BRENTWOOD|TN|37027
low,parsed street normalizes to current snapshot street,operator_spot_check_before_source_promotion,sec_pit_0406,TRACTOR SUPPLY CO /DE/,TSCO,2026-05-07,10-Q,0000916365-26-000024,5401 Virginia Way,Brentwood,TN,37027,5401 VIRGINIA WAY,BRENTWOOD,TN,37027,47187,Williamson County,data/raw/sec_edgar_hq/filing_documents/CIK0000916365/000091636526000024/tsco-20260328.htm,47187,Williamson County,1.0,5401 VIRGINIA WAY|BRENTWOOD|TN|37027
low,parsed street normalizes to current snapshot street,operator_spot_check_before_source_promotion,sec_pit_0205,Walmart Inc.,WMT,2026-03-13,10-K,0000104169-26-000055,1 CUSTOMER DRIVE,BENTONVILLE,AR,72716,1 CUSTOMER DRIVE,BENTONVILLE,AR,72716,05007,Benton County,data/raw/sec_edgar_hq/filing_documents/CIK0000104169/000010416926000055/wmt-20260131.htm,05007,Benton County,0.98,1 CUSTOMER DRIVE|BENTONVILLE|AR|72716
low,parsed street normalizes to current snapshot street,operator_spot_check_before_source_promotion,sec_pit_0410,Walmart Inc.,WMT,2026-05-21,8-K,0000104169-26-000095,1 Customer Drive,Bentonville,AR,72716,1 CUSTOMER DRIVE,BENTONVILLE,AR,72716,05007,Benton County,data/raw/sec_edgar_hq/filing_documents/CIK0000104169/000010416926000095/wmt-20260521.htm,05007,Benton County,0.98,1 CUSTOMER DRIVE|BENTONVILLE|AR|72716
medium,street number matches but street text differs,operator_spot_check_before_source_promotion,sec_pit_0208,ADVANCED ENERGY INDUSTRIES INC,AEIS,2026-05-18,8-K,0001104659-26-063191,"1595 Wynkoop Street , Suite 800",Denver,CO,80202,"ATTN:  PAUL OLDHAM 1595 WYNKOOP ST, SUITE 800",DENVER,CO,80202,08031,Denver County,data/raw/sec_edgar_hq/filing_documents/CIK0000927003/000110465926063191/tm2612734d5_8k.htm,08031,Denver County,1.0,"1595 WYNKOOP STREET , SUITE 800|DENVER|CO|80202"
medium,street number matches but street text differs,operator_spot_check_before_source_promotion,sec_pit_0214,ALLIANT ENERGY CORP,LNT,2013-11-07,10-Q,0000352541-13-000026,4902 N. Biltmore Lane,MADISON,WI,53718,4902 NORTH BILTMORE LANE SUITE 1000,MADISON,WI,53718-2148,55025,Dane County,data/raw/sec_edgar_hq/filing_documents/CIK0000352541/000035254113000026/lnt930201310-q.htm,55025,Dane County,1.0,4902 N. BILTMORE LANE|MADISON|WI|53718
medium,street number matches but street text differs,operator_spot_check_before_source_promotion,sec_pit_0013,ALLIANT ENERGY CORP,LNT,2014-02-25,10-K,0000352541-14-000006,4902 N. Biltmore Lane,MADISON,WI,53718,4902 NORTH BILTMORE LANE SUITE 1000,MADISON,WI,53718-2148,55025,Dane County,data/raw/sec_edgar_hq/filing_documents/CIK0000352541/000035254114000006/lnt1231201310-k.htm,55025,Dane County,1.0,4902 N. BILTMORE LANE|MADISON|WI|53718
medium,street number matches but street text differs,operator_spot_check_before_source_promotion,sec_pit_0014,ALLIANT ENERGY CORP,LNT,2026-02-20,10-K,0000352541-26-000007,4902 N. Biltmore Lane,MADISON,WI,53718,4902 NORTH BILTMORE LANE SUITE 1000,MADISON,WI,53718-2148,55025,Dane County,data/raw/sec_edgar_hq/filing_documents/CIK0000352541/000035254126000007/lnt-20251231.htm,55025,Dane County,1.0,4902 N. BILTMORE LANE|MADISON|WI|53718
medium,street number matches but street text differs,operator_spot_check_before_source_promotion,sec_pit_0215,ALLIANT ENERGY CORP,LNT,2026-05-01,10-Q,0000352541-26-000033,4902 N. Biltmore Lane,MADISON,WI,53718,4902 NORTH BILTMORE LANE SUITE 1000,MADISON,WI,53718-2148,55025,Dane County,data/raw/sec_edgar_hq/filing_documents/CIK0000352541/000035254126000033/lnt-20260331.htm,55025,Dane County,1.0,4902 N. BILTMORE LANE|MADISON|WI|53718
medium,street number matches but street text differs,operator_spot_check_before_source_promotion,sec_pit_0020,ASURE SOFTWARE INC,ASUR,2026-02-26,10-K,0001628280-26-012270,"405 Colorado Street, Suite 1800",Austin,TX,78701,405 COLORADO ST #1800,AUSTIN,TX,78701,48453,Travis County,data/raw/sec_edgar_hq/filing_documents/CIK0000884144/000162828026012270/asur-20251231.htm,48453,Travis County,1.0,"405 COLORADO STREET, SUITE 1800|AUSTIN|TX|78701"
medium,street number matches but street text differs,operator_spot_check_before_source_promotion,sec_pit_0220,ASURE SOFTWARE INC,ASUR,2026-04-30,10-Q,0001628280-26-028860,"405 Colorado Street, Suite 1800",Austin,TX,78701,405 COLORADO ST #1800,AUSTIN,TX,78701,48453,Travis County,data/raw/sec_edgar_hq/filing_documents/CIK0000884144/000162828026028860/asur-20260331.htm,48453,Travis County,1.0,"405 COLORADO STREET, SUITE 1800|AUSTIN|TX|78701"
medium,street number matches but street text differs,operator_spot_check_before_source_promotion,sec_pit_0221,ASURE SOFTWARE INC,ASUR,2026-05-13,8-K,0001628280-26-034245,"405 Colorado Street, Suite 1800",Austin,TX,78701,405 COLORADO ST #1800,AUSTIN,TX,78701,48453,Travis County,data/raw/sec_edgar_hq/filing_documents/CIK0000884144/000162828026034245/asur-20260512.htm,48453,Travis County,1.0,"405 COLORADO STREET, SUITE 1800|AUSTIN|TX|78701"
medium,street number matches but street text differs,operator_spot_check_before_source_promotion,sec_pit_0223,ATMOS ENERGY CORP,ATO,2026-05-06,8-K,0000731802-26-000086,1800 Three Lincoln Centre 5430 LBJ Freeway,Dallas,TX,75240,1800 THREE LINCOLN CTR 5430 LBJ FREEWAY,DALLAS,TX,75240,48113,Dallas County,data/raw/sec_edgar_hq/filing_documents/CIK0000731802/000073180226000086/ato-20260506.htm,48113,Dallas County,1.0,1800 THREE LINCOLN CENTRE 5430 LBJ FREEWAY|DALLAS|TX|75240
medium,street number matches but street text differs,operator_spot_check_before_source_promotion,sec_pit_0222,ATMOS ENERGY CORP,ATO,2026-05-06,10-Q,0000731802-26-000089,1800 Three Lincoln Centre 5430 LBJ Freeway,Dallas,TX,75240,1800 THREE LINCOLN CTR 5430 LBJ FREEWAY,DALLAS,TX,75240,48113,Dallas County,data/raw/sec_edgar_hq/filing_documents/CIK0000731802/000073180226000089/ato-20260331.htm,48113,Dallas County,1.0,1800 THREE LINCOLN CENTRE 5430 LBJ FREEWAY|DALLAS|TX|75240
medium,street number matches but street text differs,operator_spot_check_before_source_promotion,sec_pit_0025,AUTOZONE INC,AZO,2017-10-25,10-K,0001193125-17-319357,123 South Front Street,Memphis,TN,38103,123 SOUTH FRONT ST DEPT 8074,MEMPHIS,TN,38103,47157,Shelby County,data/raw/sec_edgar_hq/filing_documents/CIK0000866787/000119312517319357/d447746d10k.htm,47157,Shelby County,1.0,123 SOUTH FRONT STREET|MEMPHIS|TN|38103
medium,street number matches but street text differs,operator_spot_check_before_source_promotion,sec_pit_0026,AUTOZONE INC,AZO,2018-10-24,10-K,0001193125-18-306452,123 South Front Street,Memphis,TN,38103,123 SOUTH FRONT ST DEPT 8074,MEMPHIS,TN,38103,47157,Shelby County,data/raw/sec_edgar_hq/filing_documents/CIK0000866787/000119312518306452/d597971d10k.htm,47157,Shelby County,1.0,123 SOUTH FRONT STREET|MEMPHIS|TN|38103
medium,street number matches but street text differs,operator_spot_check_before_source_promotion,sec_pit_0027,AUTOZONE INC,AZO,2025-10-27,10-K,0001104659-25-102611,123 South Front Street,Memphis,TN,38103,123 SOUTH FRONT ST DEPT 8074,MEMPHIS,TN,38103,47157,Shelby County,data/raw/sec_edgar_hq/filing_documents/CIK0000866787/000110465925102611/azo-20250830x10k.htm,47157,Shelby County,1.0,123 SOUTH FRONT STREET|MEMPHIS|TN|38103
medium,street number matches but street text differs,operator_spot_check_before_source_promotion,sec_pit_0226,AUTOZONE INC,AZO,2026-03-20,10-Q,0001104659-26-032757,123 South Front Street,Memphis,TN,38103,123 SOUTH FRONT ST DEPT 8074,MEMPHIS,TN,38103,47157,Shelby County,data/raw/sec_edgar_hq/filing_documents/CIK0000866787/000110465926032757/azo-20260214x10q.htm,47157,Shelby County,1.0,123 SOUTH FRONT STREET|MEMPHIS|TN|38103
medium,street number matches but street text differs,operator_spot_check_before_source_promotion,sec_pit_0233,Atlas Energy Solutions Inc.,AESI,2023-10-31,10-Q,0000950170-23-056532,"5918 W. Courtyard Drive , Suite 500",Austin,TX,78730,5918 WEST COURTYARD DRIVE SUITE 500,AUSTIN,TX,78730,48453,Travis County,data/raw/sec_edgar_hq/filing_documents/CIK0001984060/000095017023056532/aesi-20230930.htm,48453,Travis County,1.0,"5918 W. COURTYARD DRIVE , SUITE 500|AUSTIN|TX|78730"
medium,street number matches but street text differs,operator_spot_check_before_source_promotion,sec_pit_0034,Atlas Energy Solutions Inc.,AESI,2024-02-27,10-K,0000950170-24-021342,"5918 W. Courtyard Drive, Suite 500",Austin,TX,78730,5918 WEST COURTYARD DRIVE SUITE 500,AUSTIN,TX,78730,48453,Travis County,data/raw/sec_edgar_hq/filing_documents/CIK0001984060/000095017024021342/aesi-20231231.htm,48453,Travis County,1.0,"5918 W. COURTYARD DRIVE, SUITE 500|AUSTIN|TX|78730"
medium,street number matches but street text differs,operator_spot_check_before_source_promotion,sec_pit_0035,Atlas Energy Solutions Inc.,AESI,2026-02-24,10-K,0001193125-26-067145,"5918 W. Courtyard Drive, Suite 500",Austin,TX,78730,5918 WEST COURTYARD DRIVE SUITE 500,AUSTIN,TX,78730,48453,Travis County,data/raw/sec_edgar_hq/filing_documents/CIK0001984060/000119312526067145/aesi-20251231.htm,48453,Travis County,1.0,"5918 W. COURTYARD DRIVE, SUITE 500|AUSTIN|TX|78730"
medium,street number matches but street text differs,operator_spot_check_before_source_promotion,sec_pit_0234,Atlas Energy Solutions Inc.,AESI,2026-05-05,10-Q,0001193125-26-206587,"5918 W. Courtyard Drive , Suite 500",Austin,TX,78730,5918 WEST COURTYARD DRIVE SUITE 500,AUSTIN,TX,78730,48453,Travis County,data/raw/sec_edgar_hq/filing_documents/CIK0001984060/000119312526206587/aesi-20260331.htm,48453,Travis County,1.0,"5918 W. COURTYARD DRIVE , SUITE 500|AUSTIN|TX|78730"
medium,street number matches but street text differs,operator_spot_check_before_source_promotion,sec_pit_0040,BARFRESH FOOD GROUP INC.,BRFH,2026-04-15,10-K,0001493152-26-016807,12100 Wilshire Boulevard,Los Angeles,CA,90025,"12100 WILSHIRE BOULEVARD, 8TH FLOOR,",LOS ANGELES,CA,90025,06037,Los Angeles County,data/raw/sec_edgar_hq/filing_documents/CIK0001487197/000149315226016807/form10-k.htm,06037,Los Angeles County,1.0,12100 WILSHIRE BOULEVARD|LOS ANGELES|CA|90025
medium,street number matches but street text differs,operator_spot_check_before_source_promotion,sec_pit_0041,BLUE DOLPHIN ENERGY CO,BDCO,2009-03-13,10-K,0000950134-09-005313,"801 Travis Street, Suite 2100",Houston,TX,77002,801 TRAVIS SUITE 2100,HOUSTON,TX,77002-5729,48201,Harris County,data/raw/sec_edgar_hq/filing_documents/CIK0000793306/000095013409005313/h66126e10vk.htm,48201,Harris County,1.0,"801 TRAVIS STREET, SUITE 2100|HOUSTON|TX|77002"
medium,street number matches but street text differs,operator_spot_check_before_source_promotion,sec_pit_0042,BLUE DOLPHIN ENERGY CO,BDCO,2026-03-31,10-K,0001437749-26-010712,"801 Travis Street, Suite 2100",Houston,TX,77002,801 TRAVIS SUITE 2100,HOUSTON,TX,77002-5729,48201,Harris County,data/raw/sec_edgar_hq/filing_documents/CIK0000793306/000143774926010712/bdco20251231_10k.htm,48201,Harris County,1.0,"801 TRAVIS STREET, SUITE 2100|HOUSTON|TX|77002"
medium,street number matches but street text differs,operator_spot_check_before_source_promotion,sec_pit_0239,BLUE DOLPHIN ENERGY CO,BDCO,2026-05-15,10-Q,0001437749-26-017402,"801 Travis Street, Suite 2100",Houston,TX,77002,801 TRAVIS SUITE 2100,HOUSTON,TX,77002-5729,48201,Harris County,data/raw/sec_edgar_hq/filing_documents/CIK0000793306/000143774926017402/bdco20260331_10q.htm,48201,Harris County,1.0,"801 TRAVIS STREET, SUITE 2100|HOUSTON|TX|77002"
medium,street number matches but street text differs,operator_spot_check_before_source_promotion,sec_pit_0044,BRIDGFORD FOODS CORP,BRID,2003-01-28,10-K,0000892569-03-000210,1308 North Patt Street,Anaheim,CA,92801,1308 N PATT ST P O BOX 3773,ANAHEIM,CA,92801,06059,Orange County,data/raw/sec_edgar_hq/filing_documents/CIK0000014177/000089256903000210/a87175e10vk.htm,06059,Orange County,1.0,1308 NORTH PATT STREET|ANAHEIM|CA|92801
medium,street number matches but street text differs,operator_spot_check_before_source_promotion,sec_pit_0260,BranchOut Food Inc.,BOF,2023-08-21,10-Q,0001493152-23-029558,205 SE Davis Avenue,Bend,OR,97702,"205 SE DAVIS AVENUE, SUITE C",BEND,OR,97702,41017,Deschutes County,data/raw/sec_edgar_hq/filing_documents/CIK0001962481/000149315223029558/form10-q.htm,41017,Deschutes County,1.0,205 SE DAVIS AVENUE|BEND|OR|97702
medium,street number matches but street text differs,operator_spot_check_before_source_promotion,sec_pit_0261,BranchOut Food Inc.,BOF,2026-05-14,10-Q,0001493152-26-023046,205 SE Davis Avenue,Bend,OR,97702,"205 SE DAVIS AVENUE, SUITE C",BEND,OR,97702,41017,Deschutes County,data/raw/sec_edgar_hq/filing_documents/CIK0001962481/000149315226023046/form10-q.htm,41017,Deschutes County,1.0,205 SE DAVIS AVENUE|BEND|OR|97702
medium,street number matches but street text differs,operator_spot_check_before_source_promotion,sec_pit_0070,CENTERPOINT ENERGY INC,CNP,2015-02-26,10-K,0001130310-15-000008,1111 Louisiana,HOUSTON,TX,77002,1111 LOUISIANA ST.,HOUSTON,TX,77002,48201,Harris County,data/raw/sec_edgar_hq/filing_documents/CIK0001130310/000113031015000008/cnp_10kx12312014.htm,48201,Harris County,1.0,1111 LOUISIANA|HOUSTON|TX|77002
medium,street number matches but street text differs,operator_spot_check_before_source_promotion,sec_pit_0071,CENTERPOINT ENERGY INC,CNP,2026-02-19,10-K,0001130310-26-000008,1111 Louisiana,HOUSTON,TX,77002,1111 LOUISIANA ST.,HOUSTON,TX,77002,48201,Harris County,data/raw/sec_edgar_hq/filing_documents/CIK0001130310/000113031026000008/cnp-20251231.htm,48201,Harris County,1.0,1111 LOUISIANA|HOUSTON|TX|77002
medium,street number matches but street text differs,operator_spot_check_before_source_promotion,sec_pit_0265,CENTERPOINT ENERGY INC,CNP,2026-04-23,10-Q,0001130310-26-000028,1111 Louisiana,HOUSTON,TX,77002,1111 LOUISIANA ST.,HOUSTON,TX,77002,48201,Harris County,data/raw/sec_edgar_hq/filing_documents/CIK0001130310/000113031026000028/cnp-20260331.htm,48201,Harris County,1.0,1111 LOUISIANA|HOUSTON|TX|77002
medium,street number matches but street text differs,operator_spot_check_before_source_promotion,sec_pit_0102,"Clean Energy Technologies, Inc.",CETY,2025-06-09,10-K/A,0001641172-25-014187,1340 Reynolds Avenue Unit 120,Irvine,CA,92614,"1340 REYNOLDS AVE #120, IRVINE",IRVINE,CA,92614,06059,Orange County,data/raw/sec_edgar_hq/filing_documents/CIK0001329606/000164117225014187/form10-ka.htm,06059,Orange County,1.0,1340 REYNOLDS AVENUE UNIT 120|IRVINE|CA|92614
medium,street number matches but street text differs,operator_spot_check_before_source_promotion,sec_pit_0295,"Clean Energy Technologies, Inc.",CETY,2025-11-19,10-Q,0001493152-25-024235,1340 Reynolds Avenue Unit 120,Irvine,CA,92614,"1340 REYNOLDS AVE #120, IRVINE",IRVINE,CA,92614,06059,Orange County,data/raw/sec_edgar_hq/filing_documents/CIK0001329606/000149315225024235/form10-q.htm,06059,Orange County,1.0,1340 REYNOLDS AVENUE UNIT 120|IRVINE|CA|92614
medium,street number matches but street text differs,operator_spot_check_before_source_promotion,sec_pit_0296,ClearBridge Energy Midstream Opportunity Fund Inc.,EMO,2013-01-28,8-K,0001104659-13-005124,620 Eighth Avenue,New York,NY,10018,620 EIGHTH AVENUE 47TH FLOOR,NEW YORK,NY,10018,36061,New York County,data/raw/sec_edgar_hq/filing_documents/CIK0001517518/000110465913005124/a13-3764_28k.htm,36061,New York County,1.0,620 EIGHTH AVENUE|NEW YORK|NY|10018
medium,street number matches but street text differs,operator_spot_check_before_source_promotion,sec_pit_0297,ClearBridge Energy Midstream Opportunity Fund Inc.,EMO,2013-06-14,8-K,0001104659-13-049348,620 Eighth Avenue,New York,NY,10018,620 EIGHTH AVENUE 47TH FLOOR,NEW YORK,NY,10018,36061,New York County,data/raw/sec_edgar_hq/filing_documents/CIK0001517518/000110465913049348/a13-14930_28k.htm,36061,New York County,1.0,620 EIGHTH AVENUE|NEW YORK|NY|10018
medium,street number matches but street text differs,operator_spot_check_before_source_promotion,sec_pit_0298,ClearBridge Energy Midstream Opportunity Fund Inc.,EMO,2014-05-29,8-K,0001193125-14-217123,620 Eighth Avenue,New York,NY,10018,620 EIGHTH AVENUE 47TH FLOOR,NEW YORK,NY,10018,36061,New York County,data/raw/sec_edgar_hq/filing_documents/CIK0001517518/000119312514217123/d733873d8k.htm,36061,New York County,1.0,620 EIGHTH AVENUE|NEW YORK|NY|10018
medium,street number matches but street text differs,operator_spot_check_before_source_promotion,sec_pit_0302,"Consensus Cloud Solutions, Inc.",CCSI,2021-11-15,10-Q,0001866633-21-000004,"700 S. Flower Street , 15th Floor",Los Angeles,CA,90017,700 S. FLOWER STREET LEGAL DEPT - 15TH FLOOR,LOS ANGELES,CA,90017,06037,Los Angeles County,data/raw/sec_edgar_hq/filing_documents/CIK0001866633/000186663321000004/ccs-20210930.htm,06037,Los Angeles County,1.0,"700 S. FLOWER STREET , 15TH FLOOR|LOS ANGELES|CA|90017"
medium,street number matches but street text differs,operator_spot_check_before_source_promotion,sec_pit_0105,"Consensus Cloud Solutions, Inc.",CCSI,2022-04-15,10-K,0001866633-22-000021,"700 S. Flower Street , 15th Floor",Los Angeles,CA,90017,700 S. FLOWER STREET LEGAL DEPT - 15TH FLOOR,LOS ANGELES,CA,90017,06037,Los Angeles County,data/raw/sec_edgar_hq/filing_documents/CIK0001866633/000186663322000021/ccs-20211231.htm,06037,Los Angeles County,1.0,"700 S. FLOWER STREET , 15TH FLOOR|LOS ANGELES|CA|90017"
medium,street number matches but street text differs,operator_spot_check_before_source_promotion,sec_pit_0106,"Consensus Cloud Solutions, Inc.",CCSI,2026-02-13,10-K,0001866633-26-000004,"700 S. Flower Street , 15th Floor",Los Angeles,CA,90017,700 S. FLOWER STREET LEGAL DEPT - 15TH FLOOR,LOS ANGELES,CA,90017,06037,Los Angeles County,data/raw/sec_edgar_hq/filing_documents/CIK0001866633/000186663326000004/ccs-20251231.htm,06037,Los Angeles County,1.0,"700 S. FLOWER STREET , 15TH FLOOR|LOS ANGELES|CA|90017"
medium,street number matches but street text differs,operator_spot_check_before_source_promotion,sec_pit_0303,"Consensus Cloud Solutions, Inc.",CCSI,2026-05-08,10-Q,0001866633-26-000011,"700 S. Flower Street , 15th Floor",Los Angeles,CA,90017,700 S. FLOWER STREET LEGAL DEPT - 15TH FLOOR,LOS ANGELES,CA,90017,06037,Los Angeles County,data/raw/sec_edgar_hq/filing_documents/CIK0001866633/000186663326000011/ccs-20260331.htm,06037,Los Angeles County,1.0,"700 S. FLOWER STREET , 15TH FLOOR|LOS ANGELES|CA|90017"
medium,street number matches but street text differs,operator_spot_check_before_source_promotion,sec_pit_0313,DATA I/O CORP,DAIO,2026-05-19,8-K,0001654954-26-005124,"6645 185th Ave. N.E. , Suite 100",Redmond,WA,98052,"6645 185TH AVE NE, SUITE 100",REDMOND,WA,98052,53033,King County,data/raw/sec_edgar_hq/filing_documents/CIK0000351998/000165495426005124/daio_8k.htm,53033,King County,1.0,"6645 185TH AVE. N.E. , SUITE 100|REDMOND|WA|98052"
medium,street number matches but street text differs,operator_spot_check_before_source_promotion,sec_pit_0317,DEVON ENERGY CORP/DE,DVN,2026-05-22,8-K,0001193125-26-235632,"840 GESSNER ROAD , SUITE 1400",HOUSTON,TX,77024,"THREE MEMORIAL CITY PLAZA 840 GESSNER ROAD, SUITE 1400",HOUSTON,TX,77024,48201,Harris County,data/raw/sec_edgar_hq/filing_documents/CIK0001090012/000119312526235632/d55276d8k.htm,48201,Harris County,0.95,"840 GESSNER ROAD , SUITE 1400|HOUSTON|TX|77024"
medium,street number matches but street text differs,operator_spot_check_before_source_promotion,sec_pit_0329,"Diamondback Energy, Inc.",FANG,2016-05-05,10-Q,0001539838-16-000171,"500 West Texas, Suite 1200",MIDLAND,TX,79701,500 WEST TEXAS AVENUE SUITE 100,MIDLAND,TX,79701,48329,Midland County,data/raw/sec_edgar_hq/filing_documents/CIK0001539838/000153983816000171/q12016diamondback10-q.htm,48329,Midland County,1.0,"500 WEST TEXAS, SUITE 1200|MIDLAND|TX|79701"
medium,street number matches but street text differs,operator_spot_check_before_source_promotion,sec_pit_0134,"Diamondback Energy, Inc.",FANG,2017-02-15,10-K,0001539838-17-000009,"500 West Texas, Suite 1200",MIDLAND,TX,79701,500 WEST TEXAS AVENUE SUITE 100,MIDLAND,TX,79701,48329,Midland County,data/raw/sec_edgar_hq/filing_documents/CIK0001539838/000153983817000009/diamondback201610-k.htm,48329,Midland County,1.0,"500 WEST TEXAS, SUITE 1200|MIDLAND|TX|79701"
medium,street number matches but street text differs,operator_spot_check_before_source_promotion,sec_pit_0337,"ENERGY FOCUS, INC/DE",EFOI,2006-08-11,10-Q,0001144204-06-032348,32000 Aurora Rd.,Solon,OH,44139,32000 AURORA ROAD SUITE B,SOLON,OH,44139,39035,Cuyahoga County,data/raw/sec_edgar_hq/filing_documents/CIK0000924168/000114420406032348/v049345_10q.htm,39035,Cuyahoga County,1.0,32000 AURORA RD.|SOLON|OH|44139
medium,street number matches but street text differs,operator_spot_check_before_source_promotion,sec_pit_0142,"ENERGY FOCUS, INC/DE",EFOI,2007-03-16,10-K,0001144204-07-013156,32000 Aurora Road,Solon,OH,44139,32000 AURORA ROAD SUITE B,SOLON,OH,44139,39035,Cuyahoga County,data/raw/sec_edgar_hq/filing_documents/CIK0000924168/000114420407013156/v068294_10-k.htm,39035,Cuyahoga County,1.0,32000 AURORA ROAD|SOLON|OH|44139
medium,street number matches but street text differs,operator_spot_check_before_source_promotion,sec_pit_0349,"Energy Recovery, Inc.",ERII,2011-11-08,10-Q,0001437749-11-008181,1717 Doolittle Drive 94577,San Leandro,CA,94577,1717 DOOLITTLE DRIVE,SAN LEANDRO,CA,94577,06001,Alameda County,data/raw/sec_edgar_hq/filing_documents/CIK0001421517/000143774911008181/erii_10q-093011.htm,06001,Alameda County,1.0,1717 DOOLITTLE DRIVE 94577|SAN LEANDRO|CA|94577
medium,street number matches but street text differs,operator_spot_check_before_source_promotion,sec_pit_0189,GENESIS ENERGY LP,GEL,2026-02-18,10-K,0001022321-26-000008,"811 Louisiana, Suite 1200",HOUSTON,TX,77002,"811 LOUISIANA ST, SUITE 1200",HOUSTON,TX,77002,48201,Harris County,data/raw/sec_edgar_hq/filing_documents/CIK0001022321/000102232126000008/gel-20251231.htm,48201,Harris County,1.0,"811 LOUISIANA, SUITE 1200|HOUSTON|TX|77002"
medium,street number matches but street text differs,operator_spot_check_before_source_promotion,sec_pit_0398,GENESIS ENERGY LP,GEL,2026-05-07,10-Q,0001022321-26-000017,"811 Louisiana, Suite 1200",HOUSTON,TX,77002,"811 LOUISIANA ST, SUITE 1200",HOUSTON,TX,77002,48201,Harris County,data/raw/sec_edgar_hq/filing_documents/CIK0001022321/000102232126000017/gel-20260331.htm,48201,Harris County,1.0,"811 LOUISIANA, SUITE 1200|HOUSTON|TX|77002"
medium,street number matches but street text differs,operator_spot_check_before_source_promotion,sec_pit_0399,HUNT J B TRANSPORT SERVICES INC,JBHT,2017-07-28,10-Q,0001437749-17-013293,615 J.B. Hunt Corporate Drive,Lowell,AR,72745,615 JB HUNT CORPORATE DR PO BOX 130,LOWELL,AR,72745,05007,Benton County,data/raw/sec_edgar_hq/filing_documents/CIK0000728535/000143774917013293/jbht20170630_10q.htm,05007,Benton County,1.0,615 J.B. HUNT CORPORATE DRIVE|LOWELL|AR|72745
medium,street number matches but street text differs,operator_spot_check_before_source_promotion,sec_pit_0400,HUNT J B TRANSPORT SERVICES INC,JBHT,2026-04-24,10-Q,0001437749-26-013300,615 J.B. Hunt Corporate Drive,Lowell,AR,72745,615 JB HUNT CORPORATE DR PO BOX 130,LOWELL,AR,72745,05007,Benton County,data/raw/sec_edgar_hq/filing_documents/CIK0000728535/000143774926013300/jbht20260331_10q.htm,05007,Benton County,1.0,615 J.B. HUNT CORPORATE DRIVE|LOWELL|AR|72745
medium,street number matches but street text differs,operator_spot_check_before_source_promotion,sec_pit_0401,MICRON TECHNOLOGY INC,MU,2017-06-30,10-Q,0000723125-17-000085,8000 S. Federal Way,Boise,ID,83716-9632,8000 S FEDERAL WAY PO BOX 6,BOISE,ID,83716-9632,16001,Ada County,data/raw/sec_edgar_hq/filing_documents/CIK0000723125/000072312517000085/a2017q3.htm,16001,Ada County,1.0,8000 S. FEDERAL WAY|BOISE|ID|83716-9632
medium,street number matches but street text differs,operator_spot_check_before_source_promotion,sec_pit_0192,MICRON TECHNOLOGY INC,MU,2017-10-26,10-K,0000723125-17-000131,8000 S. Federal Way,Boise,ID,83716-9632,8000 S FEDERAL WAY PO BOX 6,BOISE,ID,83716-9632,16001,Ada County,data/raw/sec_edgar_hq/filing_documents/CIK0000723125/000072312517000131/a2017q4.htm,16001,Ada County,1.0,8000 S. FEDERAL WAY|BOISE|ID|83716-9632
medium,street number matches but street text differs,operator_spot_check_before_source_promotion,sec_pit_0193,MICRON TECHNOLOGY INC,MU,2025-10-03,10-K,0000723125-25-000028,8000 S. Federal Way,Boise,ID,83716,8000 S FEDERAL WAY PO BOX 6,BOISE,ID,83716-9632,16001,Ada County,data/raw/sec_edgar_hq/filing_documents/CIK0000723125/000072312525000028/mu-20250828.htm,16001,Ada County,1.0,8000 S. FEDERAL WAY|BOISE|ID|83716
medium,street number matches but street text differs,operator_spot_check_before_source_promotion,sec_pit_0402,MICRON TECHNOLOGY INC,MU,2026-03-19,10-Q,0000723125-26-000006,8000 S. Federal Way,Boise,ID,83716,8000 S FEDERAL WAY PO BOX 6,BOISE,ID,83716-9632,16001,Ada County,data/raw/sec_edgar_hq/filing_documents/CIK0000723125/000072312526000006/mu-20260226.htm,16001,Ada County,1.0,8000 S. FEDERAL WAY|BOISE|ID|83716
