fips,county_name,state,overall_rank,source_confidence_score,source_confidence_band,source_confidence_price_history,source_confidence_labor_income,source_confidence_migration,source_confidence_affordability,source_confidence_land_supply,source_confidence_hazard_fragility,source_confidence_anchor_logistics,source_confidence_institutional
51580,"Covington city, Virginia",VA,1,62.933333333333344,medium,66.66666666666667,66.66666666666667,0.0,100.0,100.0,66.66666666666667,66.66666666666667,33.333333333333336
39081,"Jefferson County, Ohio",OH,2,77.06666666666668,high,100.0,100.0,0.0,100.0,100.0,100.0,66.66666666666667,33.333333333333336
17163,"St. Clair County, Illinois",IL,3,73.33333333333334,high,100.0,100.0,0.0,100.0,100.0,66.66666666666667,66.66666666666667,33.333333333333336
51690,"Martinsville city, Virginia",VA,4,68.26666666666668,medium,100.0,66.66666666666667,0.0,100.0,100.0,66.66666666666667,66.66666666666667,33.333333333333336
18103,"Miami County, Indiana",IN,5,77.06666666666668,high,100.0,100.0,0.0,100.0,100.0,100.0,66.66666666666667,33.333333333333336
51530,"Buena Vista city, Virginia",VA,6,64.53333333333333,medium,100.0,66.66666666666667,0.0,100.0,66.66666666666667,66.66666666666667,66.66666666666667,33.333333333333336
51105,"Lee County, Virginia",VA,7,66.66666666666667,medium,66.66666666666667,66.66666666666667,0.0,100.0,100.0,100.0,66.66666666666667,33.333333333333336
26053,"Gogebic County, Michigan",MI,8,73.33333333333334,high,100.0,100.0,0.0,100.0,100.0,66.66666666666667,66.66666666666667,33.333333333333336
17027,"Clinton County, Illinois",IL,9,77.06666666666668,high,100.0,100.0,0.0,100.0,100.0,100.0,66.66666666666667,33.333333333333336
26163,"Wayne County, Michigan",MI,10,77.06666666666668,high,100.0,100.0,0.0,100.0,100.0,100.0,66.66666666666667,33.333333333333336
17183,"Vermilion County, Illinois",IL,11,77.06666666666668,high,100.0,100.0,0.0,100.0,100.0,100.0,66.66666666666667,33.333333333333336
26071,"Iron County, Michigan",MI,12,73.33333333333334,high,100.0,100.0,0.0,100.0,100.0,66.66666666666667,66.66666666666667,33.333333333333336
17119,"Madison County, Illinois",IL,13,73.33333333333334,high,100.0,100.0,0.0,100.0,100.0,66.66666666666667,66.66666666666667,33.333333333333336
18035,"Delaware County, Indiana",IN,14,77.06666666666668,high,100.0,100.0,0.0,100.0,100.0,100.0,66.66666666666667,33.333333333333336
18177,"Wayne County, Indiana",IN,15,77.06666666666668,high,100.0,100.0,0.0,100.0,100.0,100.0,66.66666666666667,33.333333333333336
18165,"Vermillion County, Indiana",IN,16,77.06666666666668,high,100.0,100.0,0.0,100.0,100.0,100.0,66.66666666666667,33.333333333333336
18095,"Madison County, Indiana",IN,17,77.06666666666668,high,100.0,100.0,0.0,100.0,100.0,100.0,66.66666666666667,33.333333333333336
42107,"Schuylkill County, Pennsylvania",PA,18,77.06666666666668,high,100.0,100.0,0.0,100.0,100.0,100.0,66.66666666666667,33.333333333333336
39095,"Lucas County, Ohio",OH,19,77.06666666666668,high,100.0,100.0,0.0,100.0,100.0,100.0,66.66666666666667,33.333333333333336
18135,"Randolph County, Indiana",IN,20,77.06666666666668,high,100.0,100.0,0.0,100.0,100.0,100.0,66.66666666666667,33.333333333333336
17179,"Tazewell County, Illinois",IL,21,77.06666666666668,high,100.0,100.0,0.0,100.0,100.0,100.0,66.66666666666667,33.333333333333336
42021,"Cambria County, Pennsylvania",PA,22,77.06666666666668,high,100.0,100.0,0.0,100.0,100.0,100.0,66.66666666666667,33.333333333333336
17041,"Douglas County, Illinois",IL,23,77.06666666666668,high,100.0,100.0,0.0,100.0,100.0,100.0,66.66666666666667,33.333333333333336
39039,"Defiance County, Ohio",OH,24,77.06666666666668,high,100.0,100.0,0.0,100.0,100.0,100.0,66.66666666666667,33.333333333333336
17199,"Williamson County, Illinois",IL,25,77.06666666666668,high,100.0,100.0,0.0,100.0,100.0,100.0,66.66666666666667,33.333333333333336
36015,"Chemung County, New York",NY,26,73.33333333333334,high,100.0,100.0,0.0,100.0,100.0,66.66666666666667,66.66666666666667,33.333333333333336
20079,"Harvey County, Kansas",KS,27,77.06666666666668,high,100.0,100.0,0.0,100.0,100.0,100.0,66.66666666666667,33.333333333333336
39151,"Stark County, Ohio",OH,28,77.06666666666668,high,100.0,100.0,0.0,100.0,100.0,100.0,66.66666666666667,33.333333333333336
55037,"Florence County, Wisconsin",WI,29,68.26666666666668,medium,100.0,66.66666666666667,0.0,100.0,100.0,66.66666666666667,66.66666666666667,33.333333333333336
26145,"Saginaw County, Michigan",MI,30,73.33333333333334,high,100.0,100.0,0.0,100.0,100.0,66.66666666666667,66.66666666666667,33.333333333333336
17115,"Macon County, Illinois",IL,31,77.06666666666668,high,100.0,100.0,0.0,100.0,100.0,100.0,66.66666666666667,33.333333333333336
55067,"Langlade County, Wisconsin",WI,32,68.26666666666668,medium,100.0,66.66666666666667,0.0,100.0,100.0,66.66666666666667,66.66666666666667,33.333333333333336
09015,"Windham County, Connecticut",CT,33,29.86666666666667,low,66.66666666666667,33.333333333333336,0.0,0.0,66.66666666666667,33.333333333333336,33.333333333333336,0.0
18041,"Fayette County, Indiana",IN,34,77.06666666666668,high,100.0,100.0,0.0,100.0,100.0,100.0,66.66666666666667,33.333333333333336
18161,"Union County, Indiana",IN,35,77.06666666666668,high,100.0,100.0,0.0,100.0,100.0,100.0,66.66666666666667,33.333333333333336
24001,"Allegany County, Maryland",MD,36,77.06666666666668,high,100.0,100.0,0.0,100.0,100.0,100.0,66.66666666666667,33.333333333333336
21089,"Greenup County, Kentucky",KY,37,77.06666666666668,high,100.0,100.0,0.0,100.0,100.0,100.0,66.66666666666667,33.333333333333336
17083,"Jersey County, Illinois",IL,38,77.06666666666668,high,100.0,100.0,0.0,100.0,100.0,100.0,66.66666666666667,33.333333333333336
36003,"Allegany County, New York",NY,39,73.33333333333334,high,100.0,100.0,0.0,100.0,100.0,66.66666666666667,66.66666666666667,33.333333333333336
51195,"Wise County, Virginia",VA,40,72.00000000000001,high,100.0,66.66666666666667,0.0,100.0,100.0,100.0,66.66666666666667,33.333333333333336
18167,"Vigo County, Indiana",IN,41,77.06666666666668,high,100.0,100.0,0.0,100.0,100.0,100.0,66.66666666666667,33.333333333333336
39035,"Cuyahoga County, Ohio",OH,42,77.06666666666668,high,100.0,100.0,0.0,100.0,100.0,100.0,66.66666666666667,33.333333333333336
55141,"Wood County, Wisconsin",WI,43,72.00000000000001,high,100.0,66.66666666666667,0.0,100.0,100.0,100.0,66.66666666666667,33.333333333333336
36007,"Broome County, New York",NY,44,73.33333333333334,high,100.0,100.0,0.0,100.0,100.0,66.66666666666667,66.66666666666667,33.333333333333336
39099,"Mahoning County, Ohio",OH,45,77.06666666666668,high,100.0,100.0,0.0,100.0,100.0,100.0,66.66666666666667,33.333333333333336
39155,"Trumbull County, Ohio",OH,46,77.06666666666668,high,100.0,100.0,0.0,100.0,100.0,100.0,66.66666666666667,33.333333333333336
51111,"Lunenburg County, Virginia",VA,47,68.26666666666668,medium,100.0,66.66666666666667,0.0,100.0,100.0,66.66666666666667,66.66666666666667,33.333333333333336
39023,"Clark County, Ohio",OH,48,77.06666666666668,high,100.0,100.0,0.0,100.0,100.0,100.0,66.66666666666667,33.333333333333336
36017,"Chenango County, New York",NY,49,77.06666666666668,high,100.0,100.0,0.0,100.0,100.0,100.0,66.66666666666667,33.333333333333336
42097,"Northumberland County, Pennsylvania",PA,50,77.06666666666668,high,100.0,100.0,0.0,100.0,100.0,100.0,66.66666666666667,33.333333333333336
18117,"Orange County, Indiana",IN,51,77.06666666666668,high,100.0,100.0,0.0,100.0,100.0,100.0,66.66666666666667,33.333333333333336
18163,"Vanderburgh County, Indiana",IN,52,77.06666666666668,high,100.0,100.0,0.0,100.0,100.0,100.0,66.66666666666667,33.333333333333336
54049,"Marion County, West Virginia",WV,53,72.00000000000001,high,100.0,66.66666666666667,0.0,100.0,100.0,100.0,66.66666666666667,33.333333333333336
20049,"Elk County, Kansas",KS,54,64.26666666666667,medium,66.66666666666667,100.0,0.0,100.0,66.66666666666667,66.66666666666667,66.66666666666667,33.333333333333336
18055,"Greene County, Indiana",IN,55,73.33333333333334,high,100.0,100.0,0.0,100.0,66.66666666666667,100.0,66.66666666666667,33.333333333333336
17105,"Livingston County, Illinois",IL,56,77.06666666666668,high,100.0,100.0,0.0,100.0,100.0,100.0,66.66666666666667,33.333333333333336
51590,"Danville city, Virginia",VA,57,68.26666666666668,medium,100.0,66.66666666666667,0.0,100.0,100.0,66.66666666666667,66.66666666666667,33.333333333333336
39113,"Montgomery County, Ohio",OH,58,77.06666666666668,high,100.0,100.0,0.0,100.0,100.0,100.0,66.66666666666667,33.333333333333336
26025,"Calhoun County, Michigan",MI,59,77.06666666666668,high,100.0,100.0,0.0,100.0,100.0,100.0,66.66666666666667,33.333333333333336
20001,"Allen County, Kansas",KS,60,77.06666666666668,high,100.0,100.0,0.0,100.0,100.0,100.0,66.66666666666667,33.333333333333336
17021,"Christian County, Illinois",IL,61,77.06666666666668,high,100.0,100.0,0.0,100.0,100.0,100.0,66.66666666666667,33.333333333333336
18175,"Washington County, Indiana",IN,62,77.06666666666668,high,100.0,100.0,0.0,100.0,100.0,100.0,66.66666666666667,33.333333333333336
40111,"Okmulgee County, Oklahoma",OK,63,77.06666666666668,high,100.0,100.0,0.0,100.0,100.0,100.0,66.66666666666667,33.333333333333336
17005,"Bond County, Illinois",IL,64,73.33333333333334,high,100.0,100.0,0.0,100.0,100.0,66.66666666666667,66.66666666666667,33.333333333333336
01031,"Coffee County, Alabama",AL,65,77.06666666666668,high,100.0,100.0,0.0,100.0,100.0,100.0,66.66666666666667,33.333333333333336
17095,"Knox County, Illinois",IL,66,77.06666666666668,high,100.0,100.0,0.0,100.0,100.0,100.0,66.66666666666667,33.333333333333336
17143,"Peoria County, Illinois",IL,67,73.33333333333334,high,100.0,100.0,0.0,100.0,100.0,66.66666666666667,66.66666666666667,33.333333333333336
42073,"Lawrence County, Pennsylvania",PA,68,77.06666666666668,high,100.0,100.0,0.0,100.0,100.0,100.0,66.66666666666667,33.333333333333336
17195,"Whiteside County, Illinois",IL,69,77.06666666666668,high,100.0,100.0,0.0,100.0,100.0,100.0,66.66666666666667,33.333333333333336
37169,"Stokes County, North Carolina",NC,70,77.06666666666668,high,100.0,100.0,0.0,100.0,100.0,100.0,66.66666666666667,33.333333333333336
37191,"Wayne County, North Carolina",NC,71,77.06666666666668,high,100.0,100.0,0.0,100.0,100.0,100.0,66.66666666666667,33.333333333333336
18067,"Howard County, Indiana",IN,72,77.06666666666668,high,100.0,100.0,0.0,100.0,100.0,100.0,66.66666666666667,33.333333333333336
18125,"Pike County, Indiana",IN,73,77.06666666666668,high,100.0,100.0,0.0,100.0,100.0,100.0,66.66666666666667,33.333333333333336
29115,"Linn County, Missouri",MO,74,77.06666666666668,high,100.0,100.0,0.0,100.0,100.0,100.0,66.66666666666667,33.333333333333336
15005,"Kalawao County, Hawaii",HI,75,22.133333333333336,low,0.0,33.333333333333336,0.0,0.0,66.66666666666667,33.333333333333336,66.66666666666667,0.0
39077,"Huron County, Ohio",OH,76,77.06666666666668,high,100.0,100.0,0.0,100.0,100.0,100.0,66.66666666666667,33.333333333333336
39009,"Athens County, Ohio",OH,77,77.06666666666668,high,100.0,100.0,0.0,100.0,100.0,100.0,66.66666666666667,33.333333333333336
17117,"Macoupin County, Illinois",IL,78,73.33333333333334,high,100.0,100.0,0.0,100.0,100.0,66.66666666666667,66.66666666666667,33.333333333333336
17167,"Sangamon County, Illinois",IL,79,77.06666666666668,high,100.0,100.0,0.0,100.0,100.0,100.0,66.66666666666667,33.333333333333336
18083,"Knox County, Indiana",IN,80,73.33333333333334,high,100.0,100.0,0.0,100.0,100.0,66.66666666666667,66.66666666666667,33.333333333333336
51169,"Scott County, Virginia",VA,81,72.00000000000001,high,100.0,66.66666666666667,0.0,100.0,100.0,100.0,66.66666666666667,33.333333333333336
54055,"Mercer County, West Virginia",WV,82,72.00000000000001,high,100.0,66.66666666666667,0.0,100.0,100.0,100.0,66.66666666666667,33.333333333333336
17161,"Rock Island County, Illinois",IL,83,77.06666666666668,high,100.0,100.0,0.0,100.0,100.0,100.0,66.66666666666667,33.333333333333336
17187,"Warren County, Illinois",IL,84,73.33333333333334,high,100.0,100.0,0.0,100.0,100.0,66.66666666666667,66.66666666666667,33.333333333333336
39071,"Highland County, Ohio",OH,85,77.06666666666668,high,100.0,100.0,0.0,100.0,100.0,100.0,66.66666666666667,33.333333333333336
26129,"Ogemaw County, Michigan",MI,86,73.33333333333334,high,100.0,100.0,0.0,100.0,100.0,66.66666666666667,66.66666666666667,33.333333333333336
19179,"Wapello County, Iowa",IA,87,77.06666666666668,high,100.0,100.0,0.0,100.0,100.0,100.0,66.66666666666667,33.333333333333336
18121,"Parke County, Indiana",IN,88,77.06666666666668,high,100.0,100.0,0.0,100.0,100.0,100.0,66.66666666666667,33.333333333333336
26135,"Oscoda County, Michigan",MI,89,73.33333333333334,high,100.0,100.0,0.0,100.0,100.0,66.66666666666667,66.66666666666667,33.333333333333336
39139,"Richland County, Ohio",OH,90,77.06666666666668,high,100.0,100.0,0.0,100.0,100.0,100.0,66.66666666666667,33.333333333333336
36063,"Niagara County, New York",NY,91,77.06666666666668,high,100.0,100.0,0.0,100.0,100.0,100.0,66.66666666666667,33.333333333333336
09013,"Tolland County, Connecticut",CT,92,29.86666666666667,low,66.66666666666667,33.333333333333336,0.0,0.0,66.66666666666667,33.333333333333336,33.333333333333336,0.0
18141,"St. Joseph County, Indiana",IN,93,77.06666666666668,high,100.0,100.0,0.0,100.0,100.0,100.0,66.66666666666667,33.333333333333336
36075,"Oswego County, New York",NY,94,77.06666666666668,high,100.0,100.0,0.0,100.0,100.0,100.0,66.66666666666667,33.333333333333336
13215,"Muscogee County, Georgia",GA,95,73.33333333333334,high,100.0,100.0,0.0,100.0,100.0,66.66666666666667,66.66666666666667,33.333333333333336
42129,"Westmoreland County, Pennsylvania",PA,96,77.06666666666668,high,100.0,100.0,0.0,100.0,100.0,100.0,66.66666666666667,33.333333333333336
18053,"Grant County, Indiana",IN,97,77.06666666666668,high,100.0,100.0,0.0,100.0,100.0,100.0,66.66666666666667,33.333333333333336
26039,"Crawford County, Michigan",MI,98,77.06666666666668,high,100.0,100.0,0.0,100.0,100.0,100.0,66.66666666666667,33.333333333333336
01127,"Walker County, Alabama",AL,99,77.06666666666668,high,100.0,100.0,0.0,100.0,100.0,100.0,66.66666666666667,33.333333333333336
26001,"Alcona County, Michigan",MI,100,77.06666666666668,high,100.0,100.0,0.0,100.0,100.0,100.0,66.66666666666667,33.333333333333336
18089,"Lake County, Indiana",IN,101,77.06666666666668,high,100.0,100.0,0.0,100.0,100.0,100.0,66.66666666666667,33.333333333333336
18093,"Lawrence County, Indiana",IN,102,77.06666666666668,high,100.0,100.0,0.0,100.0,100.0,100.0,66.66666666666667,33.333333333333336
37157,"Rockingham County, North Carolina",NC,103,77.06666666666668,high,100.0,100.0,0.0,100.0,100.0,100.0,66.66666666666667,33.333333333333336
26051,"Gladwin County, Michigan",MI,104,77.06666666666668,high,100.0,100.0,0.0,100.0,100.0,100.0,66.66666666666667,33.333333333333336
36041,"Hamilton County, New York",NY,105,68.00000000000001,medium,66.66666666666667,100.0,0.0,100.0,100.0,66.66666666666667,66.66666666666667,33.333333333333336
40147,"Washington County, Oklahoma",OK,106,77.06666666666668,high,100.0,100.0,0.0,100.0,100.0,100.0,66.66666666666667,33.333333333333336
37051,"Cumberland County, North Carolina",NC,107,77.06666666666668,high,100.0,100.0,0.0,100.0,100.0,100.0,66.66666666666667,33.333333333333336
39085,"Lake County, Ohio",OH,108,77.06666666666668,high,100.0,100.0,0.0,100.0,100.0,100.0,66.66666666666667,33.333333333333336
18009,"Blackford County, Indiana",IN,109,77.06666666666668,high,100.0,100.0,0.0,100.0,100.0,100.0,66.66666666666667,33.333333333333336
18131,"Pulaski County, Indiana",IN,110,77.06666666666668,high,100.0,100.0,0.0,100.0,100.0,100.0,66.66666666666667,33.333333333333336
34011,"Cumberland County, New Jersey",NJ,111,77.06666666666668,high,100.0,100.0,0.0,100.0,100.0,100.0,66.66666666666667,33.333333333333336
39145,"Scioto County, Ohio",OH,112,77.06666666666668,high,100.0,100.0,0.0,100.0,100.0,100.0,66.66666666666667,33.333333333333336
26085,"Lake County, Michigan",MI,113,73.33333333333334,high,100.0,100.0,0.0,100.0,100.0,66.66666666666667,66.66666666666667,33.333333333333336
17039,"De Witt County, Illinois",IL,114,77.06666666666668,high,100.0,100.0,0.0,100.0,100.0,100.0,66.66666666666667,33.333333333333336
54077,"Preston County, West Virginia",WV,115,72.00000000000001,high,100.0,66.66666666666667,0.0,100.0,100.0,100.0,66.66666666666667,33.333333333333336
36043,"Herkimer County, New York",NY,116,73.33333333333334,high,100.0,100.0,0.0,100.0,100.0,66.66666666666667,66.66666666666667,33.333333333333336
29081,"Harrison County, Missouri",MO,117,73.33333333333334,high,100.0,100.0,0.0,100.0,100.0,66.66666666666667,66.66666666666667,33.333333333333336
20035,"Cowley County, Kansas",KS,118,77.06666666666668,high,100.0,100.0,0.0,100.0,100.0,100.0,66.66666666666667,33.333333333333336
37065,"Edgecombe County, North Carolina",NC,119,77.06666666666668,high,100.0,100.0,0.0,100.0,100.0,100.0,66.66666666666667,33.333333333333336
17029,"Coles County, Illinois",IL,120,77.06666666666668,high,100.0,100.0,0.0,100.0,100.0,100.0,66.66666666666667,33.333333333333336
26065,"Ingham County, Michigan",MI,121,77.06666666666668,high,100.0,100.0,0.0,100.0,100.0,100.0,66.66666666666667,33.333333333333336
26049,"Genesee County, Michigan",MI,122,77.06666666666668,high,100.0,100.0,0.0,100.0,100.0,100.0,66.66666666666667,33.333333333333336
18021,"Clay County, Indiana",IN,123,77.06666666666668,high,100.0,100.0,0.0,100.0,100.0,100.0,66.66666666666667,33.333333333333336
39153,"Summit County, Ohio",OH,124,77.06666666666668,high,100.0,100.0,0.0,100.0,100.0,100.0,66.66666666666667,33.333333333333336
51620,"Franklin city, Virginia",VA,125,64.53333333333333,medium,100.0,66.66666666666667,0.0,100.0,66.66666666666667,66.66666666666667,66.66666666666667,33.333333333333336
55057,"Juneau County, Wisconsin",WI,126,72.00000000000001,high,100.0,66.66666666666667,0.0,100.0,100.0,100.0,66.66666666666667,33.333333333333336
18143,"Scott County, Indiana",IN,127,77.06666666666668,high,100.0,100.0,0.0,100.0,100.0,100.0,66.66666666666667,33.333333333333336
26103,"Marquette County, Michigan",MI,128,77.06666666666668,high,100.0,100.0,0.0,100.0,100.0,100.0,66.66666666666667,33.333333333333336
20073,"Greenwood County, Kansas",KS,129,68.00000000000001,medium,66.66666666666667,100.0,0.0,100.0,100.0,66.66666666666667,66.66666666666667,33.333333333333336
42007,"Beaver County, Pennsylvania",PA,130,77.06666666666668,high,100.0,100.0,0.0,100.0,100.0,100.0,66.66666666666667,33.333333333333336
01055,"Etowah County, Alabama",AL,131,77.06666666666668,high,100.0,100.0,0.0,100.0,100.0,100.0,66.66666666666667,33.333333333333336
42121,"Venango County, Pennsylvania",PA,132,77.06666666666668,high,100.0,100.0,0.0,100.0,100.0,100.0,66.66666666666667,33.333333333333336
51089,"Henry County, Virginia",VA,133,72.00000000000001,high,100.0,66.66666666666667,0.0,100.0,100.0,100.0,66.66666666666667,33.333333333333336
55031,"Douglas County, Wisconsin",WI,134,72.00000000000001,high,100.0,66.66666666666667,0.0,100.0,100.0,100.0,66.66666666666667,33.333333333333336
18065,"Henry County, Indiana",IN,135,77.06666666666668,high,100.0,100.0,0.0,100.0,100.0,100.0,66.66666666666667,33.333333333333336
39007,"Ashtabula County, Ohio",OH,136,77.06666666666668,high,100.0,100.0,0.0,100.0,100.0,100.0,66.66666666666667,33.333333333333336
42047,"Elk County, Pennsylvania",PA,137,77.06666666666668,high,100.0,100.0,0.0,100.0,100.0,100.0,66.66666666666667,33.333333333333336
20011,"Bourbon County, Kansas",KS,138,77.06666666666668,high,100.0,100.0,0.0,100.0,100.0,100.0,66.66666666666667,33.333333333333336
55075,"Marinette County, Wisconsin",WI,139,68.26666666666668,medium,100.0,66.66666666666667,0.0,100.0,100.0,66.66666666666667,66.66666666666667,33.333333333333336
26017,"Bay County, Michigan",MI,140,77.06666666666668,high,100.0,100.0,0.0,100.0,100.0,100.0,66.66666666666667,33.333333333333336
20099,"Labette County, Kansas",KS,141,77.06666666666668,high,100.0,100.0,0.0,100.0,100.0,100.0,66.66666666666667,33.333333333333336
18169,"Wabash County, Indiana",IN,142,77.06666666666668,high,100.0,100.0,0.0,100.0,100.0,100.0,66.66666666666667,33.333333333333336
17125,"Mason County, Illinois",IL,143,77.06666666666668,high,100.0,100.0,0.0,100.0,100.0,100.0,66.66666666666667,33.333333333333336
13273,"Terrell County, Georgia",GA,144,77.06666666666668,high,100.0,100.0,0.0,100.0,100.0,100.0,66.66666666666667,33.333333333333336
36065,"Oneida County, New York",NY,145,77.06666666666668,high,100.0,100.0,0.0,100.0,100.0,100.0,66.66666666666667,33.333333333333336
39061,"Hamilton County, Ohio",OH,146,77.06666666666668,high,100.0,100.0,0.0,100.0,100.0,100.0,66.66666666666667,33.333333333333336
20009,"Barton County, Kansas",KS,147,77.06666666666668,high,100.0,100.0,0.0,100.0,100.0,100.0,66.66666666666667,33.333333333333336
29187,"St. Francois County, Missouri",MO,148,77.06666666666668,high,100.0,100.0,0.0,100.0,100.0,100.0,66.66666666666667,33.333333333333336
09003,"Hartford County, Connecticut",CT,149,29.86666666666667,low,66.66666666666667,33.333333333333336,0.0,0.0,66.66666666666667,33.333333333333336,33.333333333333336,0.0
17077,"Jackson County, Illinois",IL,150,77.06666666666668,high,100.0,100.0,0.0,100.0,100.0,100.0,66.66666666666667,33.333333333333336
26033,"Chippewa County, Michigan",MI,151,77.06666666666668,high,100.0,100.0,0.0,100.0,100.0,100.0,66.66666666666667,33.333333333333336
55069,"Lincoln County, Wisconsin",WI,152,72.00000000000001,high,100.0,66.66666666666667,0.0,100.0,100.0,100.0,66.66666666666667,33.333333333333336
24510,"Baltimore city, Maryland",MD,153,73.33333333333334,high,100.0,100.0,0.0,100.0,100.0,66.66666666666667,66.66666666666667,33.333333333333336
21049,"Clark County, Kentucky",KY,154,77.06666666666668,high,100.0,100.0,0.0,100.0,100.0,100.0,66.66666666666667,33.333333333333336
21105,"Hickman County, Kentucky",KY,155,68.00000000000001,medium,66.66666666666667,100.0,0.0,100.0,66.66666666666667,100.0,66.66666666666667,33.333333333333336
47033,"Crockett County, Tennessee",TN,156,77.06666666666668,high,100.0,100.0,0.0,100.0,100.0,100.0,66.66666666666667,33.333333333333336
39125,"Paulding County, Ohio",OH,157,73.33333333333334,high,100.0,100.0,0.0,100.0,100.0,66.66666666666667,66.66666666666667,33.333333333333336
37061,"Duplin County, North Carolina",NC,158,77.06666666666668,high,100.0,100.0,0.0,100.0,100.0,100.0,66.66666666666667,33.333333333333336
51117,"Mecklenburg County, Virginia",VA,159,72.00000000000001,high,100.0,66.66666666666667,0.0,100.0,100.0,100.0,66.66666666666667,33.333333333333336
26075,"Jackson County, Michigan",MI,160,77.06666666666668,high,100.0,100.0,0.0,100.0,100.0,100.0,66.66666666666667,33.333333333333336
55101,"Racine County, Wisconsin",WI,161,72.00000000000001,high,100.0,66.66666666666667,0.0,100.0,100.0,100.0,66.66666666666667,33.333333333333336
39069,"Henry County, Ohio",OH,162,73.33333333333334,high,100.0,100.0,0.0,100.0,100.0,66.66666666666667,66.66666666666667,33.333333333333336
26111,"Midland County, Michigan",MI,163,77.06666666666668,high,100.0,100.0,0.0,100.0,100.0,100.0,66.66666666666667,33.333333333333336
39003,"Allen County, Ohio",OH,164,77.06666666666668,high,100.0,100.0,0.0,100.0,100.0,100.0,66.66666666666667,33.333333333333336
40031,"Comanche County, Oklahoma",OK,165,77.06666666666668,high,100.0,100.0,0.0,100.0,100.0,100.0,66.66666666666667,33.333333333333336
17091,"Kankakee County, Illinois",IL,166,77.06666666666668,high,100.0,100.0,0.0,100.0,100.0,100.0,66.66666666666667,33.333333333333336
26041,"Delta County, Michigan",MI,167,73.33333333333334,high,100.0,100.0,0.0,100.0,100.0,66.66666666666667,66.66666666666667,33.333333333333336
17015,"Carroll County, Illinois",IL,168,77.06666666666668,high,100.0,100.0,0.0,100.0,100.0,100.0,66.66666666666667,33.333333333333336
13095,"Dougherty County, Georgia",GA,169,77.06666666666668,high,100.0,100.0,0.0,100.0,100.0,100.0,66.66666666666667,33.333333333333336
39093,"Lorain County, Ohio",OH,170,77.06666666666668,high,100.0,100.0,0.0,100.0,100.0,100.0,66.66666666666667,33.333333333333336
18019,"Clark County, Indiana",IN,171,77.06666666666668,high,100.0,100.0,0.0,100.0,100.0,100.0,66.66666666666667,33.333333333333336
13293,"Upson County, Georgia",GA,172,77.06666666666668,high,100.0,100.0,0.0,100.0,100.0,100.0,66.66666666666667,33.333333333333336
55053,"Jackson County, Wisconsin",WI,173,72.00000000000001,high,100.0,66.66666666666667,0.0,100.0,100.0,100.0,66.66666666666667,33.333333333333336
36013,"Chautauqua County, New York",NY,174,73.33333333333334,high,100.0,100.0,0.0,100.0,100.0,66.66666666666667,66.66666666666667,33.333333333333336
55051,"Iron County, Wisconsin",WI,175,68.26666666666668,medium,100.0,66.66666666666667,0.0,100.0,100.0,66.66666666666667,66.66666666666667,33.333333333333336
37083,"Halifax County, North Carolina",NC,176,77.06666666666668,high,100.0,100.0,0.0,100.0,100.0,100.0,66.66666666666667,33.333333333333336
39119,"Muskingum County, Ohio",OH,177,77.06666666666668,high,100.0,100.0,0.0,100.0,100.0,100.0,66.66666666666667,33.333333333333336
18017,"Cass County, Indiana",IN,178,77.06666666666668,high,100.0,100.0,0.0,100.0,100.0,100.0,66.66666666666667,33.333333333333336
47183,"Weakley County, Tennessee",TN,179,77.06666666666668,high,100.0,100.0,0.0,100.0,100.0,100.0,66.66666666666667,33.333333333333336
42031,"Clarion County, Pennsylvania",PA,180,77.06666666666668,high,100.0,100.0,0.0,100.0,100.0,100.0,66.66666666666667,33.333333333333336
39033,"Crawford County, Ohio",OH,181,77.06666666666668,high,100.0,100.0,0.0,100.0,100.0,100.0,66.66666666666667,33.333333333333336
51115,"Mathews County, Virginia",VA,182,72.00000000000001,high,100.0,66.66666666666667,0.0,100.0,100.0,100.0,66.66666666666667,33.333333333333336
01015,"Calhoun County, Alabama",AL,183,77.06666666666668,high,100.0,100.0,0.0,100.0,100.0,100.0,66.66666666666667,33.333333333333336
51103,"Lancaster County, Virginia",VA,184,72.00000000000001,high,100.0,66.66666666666667,0.0,100.0,100.0,100.0,66.66666666666667,33.333333333333336
36117,"Wayne County, New York",NY,185,73.33333333333334,high,100.0,100.0,0.0,100.0,100.0,66.66666666666667,66.66666666666667,33.333333333333336
18145,"Shelby County, Indiana",IN,186,77.06666666666668,high,100.0,100.0,0.0,100.0,100.0,100.0,66.66666666666667,33.333333333333336
20183,"Smith County, Kansas",KS,187,68.00000000000001,medium,66.66666666666667,100.0,0.0,100.0,100.0,66.66666666666667,66.66666666666667,33.333333333333336
26061,"Houghton County, Michigan",MI,188,73.33333333333334,high,100.0,100.0,0.0,100.0,100.0,66.66666666666667,66.66666666666667,33.333333333333336
39161,"Van Wert County, Ohio",OH,189,73.33333333333334,high,100.0,100.0,0.0,100.0,100.0,66.66666666666667,66.66666666666667,33.333333333333336
42013,"Blair County, Pennsylvania",PA,190,77.06666666666668,high,100.0,100.0,0.0,100.0,100.0,100.0,66.66666666666667,33.333333333333336
10001,"Kent County, Delaware",DE,191,77.06666666666668,high,100.0,100.0,0.0,100.0,100.0,100.0,66.66666666666667,33.333333333333336
37139,"Pasquotank County, North Carolina",NC,192,77.06666666666668,high,100.0,100.0,0.0,100.0,100.0,100.0,66.66666666666667,33.333333333333336
36089,"St. Lawrence County, New York",NY,193,73.33333333333334,high,100.0,100.0,0.0,100.0,100.0,66.66666666666667,66.66666666666667,33.333333333333336
51185,"Tazewell County, Virginia",VA,194,72.00000000000001,high,100.0,66.66666666666667,0.0,100.0,100.0,100.0,66.66666666666667,33.333333333333336
29021,"Buchanan County, Missouri",MO,195,73.33333333333334,high,100.0,100.0,0.0,100.0,100.0,66.66666666666667,66.66666666666667,33.333333333333336
26043,"Dickinson County, Michigan",MI,196,77.06666666666668,high,100.0,100.0,0.0,100.0,100.0,100.0,66.66666666666667,33.333333333333336
01113,"Russell County, Alabama",AL,197,77.06666666666668,high,100.0,100.0,0.0,100.0,100.0,100.0,66.66666666666667,33.333333333333336
21183,"Ohio County, Kentucky",KY,198,77.06666666666668,high,100.0,100.0,0.0,100.0,100.0,100.0,66.66666666666667,33.333333333333336
18025,"Crawford County, Indiana",IN,199,77.06666666666668,high,100.0,100.0,0.0,100.0,100.0,100.0,66.66666666666667,33.333333333333336
20155,"Reno County, Kansas",KS,200,77.06666666666668,high,100.0,100.0,0.0,100.0,100.0,100.0,66.66666666666667,33.333333333333336
42079,"Luzerne County, Pennsylvania",PA,201,77.06666666666668,high,100.0,100.0,0.0,100.0,100.0,100.0,66.66666666666667,33.333333333333336
13153,"Houston County, Georgia",GA,202,77.06666666666668,high,100.0,100.0,0.0,100.0,100.0,100.0,66.66666666666667,33.333333333333336
21117,"Kenton County, Kentucky",KY,203,77.06666666666668,high,100.0,100.0,0.0,100.0,100.0,100.0,66.66666666666667,33.333333333333336
36105,"Sullivan County, New York",NY,204,77.06666666666668,high,100.0,100.0,0.0,100.0,100.0,100.0,66.66666666666667,33.333333333333336
29107,"Lafayette County, Missouri",MO,205,77.06666666666668,high,100.0,100.0,0.0,100.0,100.0,100.0,66.66666666666667,33.333333333333336
01101,"Montgomery County, Alabama",AL,206,77.06666666666668,high,100.0,100.0,0.0,100.0,100.0,100.0,66.66666666666667,33.333333333333336
05113,"Polk County, Arkansas",AR,207,73.33333333333334,high,100.0,100.0,0.0,100.0,100.0,66.66666666666667,66.66666666666667,33.333333333333336
55059,"Kenosha County, Wisconsin",WI,208,72.00000000000001,high,100.0,66.66666666666667,0.0,100.0,100.0,100.0,66.66666666666667,33.333333333333336
55029,"Door County, Wisconsin",WI,209,72.00000000000001,high,100.0,66.66666666666667,0.0,100.0,100.0,100.0,66.66666666666667,33.333333333333336
54081,"Raleigh County, West Virginia",WV,210,72.00000000000001,high,100.0,66.66666666666667,0.0,100.0,100.0,100.0,66.66666666666667,33.333333333333336
21101,"Henderson County, Kentucky",KY,211,77.06666666666668,high,100.0,100.0,0.0,100.0,100.0,100.0,66.66666666666667,33.333333333333336
54029,"Hancock County, West Virginia",WV,212,72.00000000000001,high,100.0,66.66666666666667,0.0,100.0,100.0,100.0,66.66666666666667,33.333333333333336
17135,"Montgomery County, Illinois",IL,213,73.33333333333334,high,100.0,100.0,0.0,100.0,100.0,66.66666666666667,66.66666666666667,33.333333333333336
20191,"Sumner County, Kansas",KS,214,77.06666666666668,high,100.0,100.0,0.0,100.0,100.0,100.0,66.66666666666667,33.333333333333336
18091,"LaPorte County, Indiana",IN,215,77.06666666666668,high,100.0,100.0,0.0,100.0,100.0,100.0,66.66666666666667,33.333333333333336
51083,"Halifax County, Virginia",VA,216,72.00000000000001,high,100.0,66.66666666666667,0.0,100.0,100.0,100.0,66.66666666666667,33.333333333333336
18061,"Harrison County, Indiana",IN,217,77.06666666666668,high,100.0,100.0,0.0,100.0,100.0,100.0,66.66666666666667,33.333333333333336
42083,"McKean County, Pennsylvania",PA,218,77.06666666666668,high,100.0,100.0,0.0,100.0,100.0,100.0,66.66666666666667,33.333333333333336
18051,"Gibson County, Indiana",IN,219,77.06666666666668,high,100.0,100.0,0.0,100.0,100.0,100.0,66.66666666666667,33.333333333333336
39101,"Marion County, Ohio",OH,220,77.06666666666668,high,100.0,100.0,0.0,100.0,100.0,100.0,66.66666666666667,33.333333333333336
39147,"Seneca County, Ohio",OH,221,77.06666666666668,high,100.0,100.0,0.0,100.0,100.0,100.0,66.66666666666667,33.333333333333336
13021,"Bibb County, Georgia",GA,222,77.06666666666668,high,100.0,100.0,0.0,100.0,100.0,100.0,66.66666666666667,33.333333333333336
36055,"Monroe County, New York",NY,223,77.06666666666668,high,100.0,100.0,0.0,100.0,100.0,100.0,66.66666666666667,33.333333333333336
20133,"Neosho County, Kansas",KS,224,77.06666666666668,high,100.0,100.0,0.0,100.0,100.0,100.0,66.66666666666667,33.333333333333336
51001,"Accomack County, Virginia",VA,225,77.06666666666668,high,100.0,100.0,0.0,100.0,100.0,100.0,66.66666666666667,33.333333333333336
20037,"Crawford County, Kansas",KS,226,77.06666666666668,high,100.0,100.0,0.0,100.0,100.0,100.0,66.66666666666667,33.333333333333336
51095,"James City County, Virginia",VA,227,72.00000000000001,high,100.0,66.66666666666667,0.0,100.0,100.0,100.0,66.66666666666667,33.333333333333336
13305,"Wayne County, Georgia",GA,228,77.06666666666668,high,100.0,100.0,0.0,100.0,100.0,100.0,66.66666666666667,33.333333333333336
17101,"Lawrence County, Illinois",IL,229,77.06666666666668,high,100.0,100.0,0.0,100.0,100.0,100.0,66.66666666666667,33.333333333333336
27043,"Faribault County, Minnesota",MN,230,73.33333333333334,high,100.0,100.0,0.0,100.0,100.0,66.66666666666667,66.66666666666667,33.333333333333336
37107,"Lenoir County, North Carolina",NC,231,77.06666666666668,high,100.0,100.0,0.0,100.0,100.0,100.0,66.66666666666667,33.333333333333336
20033,"Comanche County, Kansas",KS,232,68.00000000000001,medium,66.66666666666667,100.0,0.0,100.0,100.0,66.66666666666667,66.66666666666667,33.333333333333336
01121,"Talladega County, Alabama",AL,233,77.06666666666668,high,100.0,100.0,0.0,100.0,100.0,100.0,66.66666666666667,33.333333333333336
37147,"Pitt County, North Carolina",NC,234,77.06666666666668,high,100.0,100.0,0.0,100.0,100.0,100.0,66.66666666666667,33.333333333333336
39031,"Coshocton County, Ohio",OH,235,77.06666666666668,high,100.0,100.0,0.0,100.0,100.0,100.0,66.66666666666667,33.333333333333336
55043,"Grant County, Wisconsin",WI,236,72.00000000000001,high,100.0,66.66666666666667,0.0,100.0,100.0,100.0,66.66666666666667,33.333333333333336
21107,"Hopkins County, Kentucky",KY,237,77.06666666666668,high,100.0,100.0,0.0,100.0,100.0,100.0,66.66666666666667,33.333333333333336
18045,"Fountain County, Indiana",IN,238,77.06666666666668,high,100.0,100.0,0.0,100.0,100.0,100.0,66.66666666666667,33.333333333333336
21111,"Jefferson County, Kentucky",KY,239,77.06666666666668,high,100.0,100.0,0.0,100.0,100.0,100.0,66.66666666666667,33.333333333333336
51131,"Northampton County, Virginia",VA,240,72.00000000000001,high,100.0,66.66666666666667,0.0,100.0,100.0,100.0,66.66666666666667,33.333333333333336
42049,"Erie County, Pennsylvania",PA,241,77.06666666666668,high,100.0,100.0,0.0,100.0,100.0,100.0,66.66666666666667,33.333333333333336
37197,"Yadkin County, North Carolina",NC,242,77.06666666666668,high,100.0,100.0,0.0,100.0,100.0,100.0,66.66666666666667,33.333333333333336
51640,"Galax city, Virginia",VA,243,64.53333333333333,medium,100.0,66.66666666666667,0.0,100.0,66.66666666666667,66.66666666666667,66.66666666666667,33.333333333333336
26097,"Mackinac County, Michigan",MI,244,73.33333333333334,high,100.0,100.0,0.0,100.0,100.0,66.66666666666667,66.66666666666667,33.333333333333336
39133,"Portage County, Ohio",OH,245,77.06666666666668,high,100.0,100.0,0.0,100.0,100.0,100.0,66.66666666666667,33.333333333333336
47045,"Dyer County, Tennessee",TN,246,77.06666666666668,high,100.0,100.0,0.0,100.0,100.0,100.0,66.66666666666667,33.333333333333336
21099,"Hart County, Kentucky",KY,247,77.06666666666668,high,100.0,100.0,0.0,100.0,100.0,100.0,66.66666666666667,33.333333333333336
13313,"Whitfield County, Georgia",GA,248,77.06666666666668,high,100.0,100.0,0.0,100.0,100.0,100.0,66.66666666666667,33.333333333333336
26143,"Roscommon County, Michigan",MI,249,77.06666666666668,high,100.0,100.0,0.0,100.0,100.0,100.0,66.66666666666667,33.333333333333336
18097,"Marion County, Indiana",IN,250,77.06666666666668,high,100.0,100.0,0.0,100.0,100.0,100.0,66.66666666666667,33.333333333333336
21113,"Jessamine County, Kentucky",KY,251,77.06666666666668,high,100.0,100.0,0.0,100.0,100.0,100.0,66.66666666666667,33.333333333333336
37149,"Polk County, North Carolina",NC,252,77.06666666666668,high,100.0,100.0,0.0,100.0,100.0,100.0,66.66666666666667,33.333333333333336
39017,"Butler County, Ohio",OH,253,77.06666666666668,high,100.0,100.0,0.0,100.0,100.0,100.0,66.66666666666667,33.333333333333336
39029,"Columbiana County, Ohio",OH,254,77.06666666666668,high,100.0,100.0,0.0,100.0,100.0,100.0,66.66666666666667,33.333333333333336
13275,"Thomas County, Georgia",GA,255,77.06666666666668,high,100.0,100.0,0.0,100.0,100.0,100.0,66.66666666666667,33.333333333333336
39019,"Carroll County, Ohio",OH,256,77.06666666666668,high,100.0,100.0,0.0,100.0,100.0,100.0,66.66666666666667,33.333333333333336
55085,"Oneida County, Wisconsin",WI,257,72.00000000000001,high,100.0,66.66666666666667,0.0,100.0,100.0,100.0,66.66666666666667,33.333333333333336
39173,"Wood County, Ohio",OH,258,77.06666666666668,high,100.0,100.0,0.0,100.0,100.0,100.0,66.66666666666667,33.333333333333336
37057,"Davidson County, North Carolina",NC,259,77.06666666666668,high,100.0,100.0,0.0,100.0,100.0,100.0,66.66666666666667,33.333333333333336
54039,"Kanawha County, West Virginia",WV,260,72.00000000000001,high,100.0,66.66666666666667,0.0,100.0,100.0,100.0,66.66666666666667,33.333333333333336
17061,"Greene County, Illinois",IL,261,77.06666666666668,high,100.0,100.0,0.0,100.0,100.0,100.0,66.66666666666667,33.333333333333336
18069,"Huntington County, Indiana",IN,262,77.06666666666668,high,100.0,100.0,0.0,100.0,100.0,100.0,66.66666666666667,33.333333333333336
17121,"Marion County, Illinois",IL,263,77.06666666666668,high,100.0,100.0,0.0,100.0,100.0,100.0,66.66666666666667,33.333333333333336
39065,"Hardin County, Ohio",OH,264,73.33333333333334,high,100.0,100.0,0.0,100.0,100.0,66.66666666666667,66.66666666666667,33.333333333333336
21233,"Webster County, Kentucky",KY,265,77.06666666666668,high,100.0,100.0,0.0,100.0,100.0,100.0,66.66666666666667,33.333333333333336
39001,"Adams County, Ohio",OH,266,77.06666666666668,high,100.0,100.0,0.0,100.0,100.0,100.0,66.66666666666667,33.333333333333336
27137,"St. Louis County, Minnesota",MN,267,73.33333333333334,high,100.0,100.0,0.0,100.0,100.0,66.66666666666667,66.66666666666667,33.333333333333336
20205,"Wilson County, Kansas",KS,268,77.06666666666668,high,100.0,100.0,0.0,100.0,100.0,100.0,66.66666666666667,33.333333333333336
21009,"Barren County, Kentucky",KY,269,77.06666666666668,high,100.0,100.0,0.0,100.0,100.0,100.0,66.66666666666667,33.333333333333336
26069,"Iosco County, Michigan",MI,270,77.06666666666668,high,100.0,100.0,0.0,100.0,100.0,100.0,66.66666666666667,33.333333333333336
36011,"Cayuga County, New York",NY,271,77.06666666666668,high,100.0,100.0,0.0,100.0,100.0,100.0,66.66666666666667,33.333333333333336
55139,"Winnebago County, Wisconsin",WI,272,72.00000000000001,high,100.0,66.66666666666667,0.0,100.0,100.0,100.0,66.66666666666667,33.333333333333336
54097,"Upshur County, West Virginia",WV,273,72.00000000000001,high,100.0,66.66666666666667,0.0,100.0,100.0,100.0,66.66666666666667,33.333333333333336
39123,"Ottawa County, Ohio",OH,274,77.06666666666668,high,100.0,100.0,0.0,100.0,100.0,100.0,66.66666666666667,33.333333333333336
39087,"Lawrence County, Ohio",OH,275,77.06666666666668,high,100.0,100.0,0.0,100.0,100.0,100.0,66.66666666666667,33.333333333333336
18153,"Sullivan County, Indiana",IN,276,73.33333333333334,high,100.0,100.0,0.0,100.0,100.0,66.66666666666667,66.66666666666667,33.333333333333336
36023,"Cortland County, New York",NY,277,77.06666666666668,high,100.0,100.0,0.0,100.0,100.0,100.0,66.66666666666667,33.333333333333336
17099,"LaSalle County, Illinois",IL,278,77.06666666666668,high,100.0,100.0,0.0,100.0,100.0,100.0,66.66666666666667,33.333333333333336
51770,"Roanoke city, Virginia",VA,279,68.26666666666668,medium,100.0,66.66666666666667,0.0,100.0,100.0,66.66666666666667,66.66666666666667,33.333333333333336
18075,"Jay County, Indiana",IN,280,77.06666666666668,high,100.0,100.0,0.0,100.0,100.0,100.0,66.66666666666667,33.333333333333336
13115,"Floyd County, Georgia",GA,281,77.06666666666668,high,100.0,100.0,0.0,100.0,100.0,100.0,66.66666666666667,33.333333333333336
51101,"King William County, Virginia",VA,282,72.00000000000001,high,100.0,66.66666666666667,0.0,100.0,100.0,100.0,66.66666666666667,33.333333333333336
18077,"Jefferson County, Indiana",IN,283,77.06666666666668,high,100.0,100.0,0.0,100.0,100.0,100.0,66.66666666666667,33.333333333333336
42069,"Lackawanna County, Pennsylvania",PA,284,77.06666666666668,high,100.0,100.0,0.0,100.0,100.0,100.0,66.66666666666667,33.333333333333336
20159,"Rice County, Kansas",KS,285,73.33333333333334,high,100.0,100.0,0.0,100.0,100.0,66.66666666666667,66.66666666666667,33.333333333333336
18123,"Perry County, Indiana",IN,286,77.06666666666668,high,100.0,100.0,0.0,100.0,100.0,100.0,66.66666666666667,33.333333333333336
51097,"King and Queen County, Virginia",VA,287,72.00000000000001,high,100.0,66.66666666666667,0.0,100.0,100.0,100.0,66.66666666666667,33.333333333333336
37003,"Alexander County, North Carolina",NC,288,77.06666666666668,high,100.0,100.0,0.0,100.0,100.0,100.0,66.66666666666667,33.333333333333336
26099,"Macomb County, Michigan",MI,289,77.06666666666668,high,100.0,100.0,0.0,100.0,100.0,100.0,66.66666666666667,33.333333333333336
26011,"Arenac County, Michigan",MI,290,77.06666666666668,high,100.0,100.0,0.0,100.0,100.0,100.0,66.66666666666667,33.333333333333336
18003,"Allen County, Indiana",IN,291,77.06666666666668,high,100.0,100.0,0.0,100.0,100.0,100.0,66.66666666666667,33.333333333333336
21007,"Ballard County, Kentucky",KY,292,73.33333333333334,high,100.0,100.0,0.0,100.0,66.66666666666667,100.0,66.66666666666667,33.333333333333336
05021,"Clay County, Arkansas",AR,293,77.06666666666668,high,100.0,100.0,0.0,100.0,100.0,100.0,66.66666666666667,33.333333333333336
51143,"Pittsylvania County, Virginia",VA,294,72.00000000000001,high,100.0,66.66666666666667,0.0,100.0,100.0,100.0,66.66666666666667,33.333333333333336
01069,"Houston County, Alabama",AL,295,77.06666666666668,high,100.0,100.0,0.0,100.0,100.0,100.0,66.66666666666667,33.333333333333336
47175,"Van Buren County, Tennessee",TN,296,77.06666666666668,high,100.0,100.0,0.0,100.0,100.0,100.0,66.66666666666667,33.333333333333336
20019,"Chautauqua County, Kansas",KS,297,68.00000000000001,medium,66.66666666666667,100.0,0.0,100.0,100.0,66.66666666666667,66.66666666666667,33.333333333333336
42101,"Philadelphia County, Pennsylvania",PA,298,73.33333333333334,high,100.0,100.0,0.0,100.0,100.0,66.66666666666667,66.66666666666667,33.333333333333336
36093,"Schenectady County, New York",NY,299,77.06666666666668,high,100.0,100.0,0.0,100.0,100.0,100.0,66.66666666666667,33.333333333333336
13185,"Lowndes County, Georgia",GA,300,77.06666666666668,high,100.0,100.0,0.0,100.0,100.0,100.0,66.66666666666667,33.333333333333336
36101,"Steuben County, New York",NY,301,73.33333333333334,high,100.0,100.0,0.0,100.0,100.0,66.66666666666667,66.66666666666667,33.333333333333336
26157,"Tuscola County, Michigan",MI,302,77.06666666666668,high,100.0,100.0,0.0,100.0,100.0,100.0,66.66666666666667,33.333333333333336
17177,"Stephenson County, Illinois",IL,303,77.06666666666668,high,100.0,100.0,0.0,100.0,100.0,100.0,66.66666666666667,33.333333333333336
20177,"Shawnee County, Kansas",KS,304,77.06666666666668,high,100.0,100.0,0.0,100.0,100.0,100.0,66.66666666666667,33.333333333333336
17011,"Bureau County, Illinois",IL,305,77.06666666666668,high,100.0,100.0,0.0,100.0,100.0,100.0,66.66666666666667,33.333333333333336
54005,"Boone County, West Virginia",WV,306,72.00000000000001,high,100.0,66.66666666666667,0.0,100.0,100.0,100.0,66.66666666666667,33.333333333333336
55105,"Rock County, Wisconsin",WI,307,72.00000000000001,high,100.0,66.66666666666667,0.0,100.0,100.0,100.0,66.66666666666667,33.333333333333336
37137,"Pamlico County, North Carolina",NC,308,77.06666666666668,high,100.0,100.0,0.0,100.0,100.0,100.0,66.66666666666667,33.333333333333336
21137,"Lincoln County, Kentucky",KY,309,77.06666666666668,high,100.0,100.0,0.0,100.0,100.0,100.0,66.66666666666667,33.333333333333336
26095,"Luce County, Michigan",MI,310,73.33333333333334,high,100.0,100.0,0.0,100.0,100.0,66.66666666666667,66.66666666666667,33.333333333333336
17109,"McDonough County, Illinois",IL,311,73.33333333333334,high,100.0,100.0,0.0,100.0,100.0,66.66666666666667,66.66666666666667,33.333333333333336
13245,"Richmond County, Georgia",GA,312,77.06666666666668,high,100.0,100.0,0.0,100.0,100.0,100.0,66.66666666666667,33.333333333333336
36053,"Madison County, New York",NY,313,73.33333333333334,high,100.0,100.0,0.0,100.0,100.0,66.66666666666667,66.66666666666667,33.333333333333336
13107,"Emanuel County, Georgia",GA,314,77.06666666666668,high,100.0,100.0,0.0,100.0,100.0,100.0,66.66666666666667,33.333333333333336
21073,"Franklin County, Kentucky",KY,315,77.06666666666668,high,100.0,100.0,0.0,100.0,100.0,100.0,66.66666666666667,33.333333333333336
36049,"Lewis County, New York",NY,316,68.00000000000001,medium,66.66666666666667,100.0,0.0,100.0,100.0,66.66666666666667,66.66666666666667,33.333333333333336
13169,"Jones County, Georgia",GA,317,77.06666666666668,high,100.0,100.0,0.0,100.0,100.0,100.0,66.66666666666667,33.333333333333336
54103,"Wetzel County, West Virginia",WV,318,72.00000000000001,high,100.0,66.66666666666667,0.0,100.0,100.0,100.0,66.66666666666667,33.333333333333336
36009,"Cattaraugus County, New York",NY,319,73.33333333333334,high,100.0,100.0,0.0,100.0,100.0,66.66666666666667,66.66666666666667,33.333333333333336
17201,"Winnebago County, Illinois",IL,320,77.06666666666668,high,100.0,100.0,0.0,100.0,100.0,100.0,66.66666666666667,33.333333333333336
40125,"Pottawatomie County, Oklahoma",OK,321,77.06666666666668,high,100.0,100.0,0.0,100.0,100.0,100.0,66.66666666666667,33.333333333333336
13009,"Baldwin County, Georgia",GA,322,77.06666666666668,high,100.0,100.0,0.0,100.0,100.0,100.0,66.66666666666667,33.333333333333336
39013,"Belmont County, Ohio",OH,323,77.06666666666668,high,100.0,100.0,0.0,100.0,100.0,100.0,66.66666666666667,33.333333333333336
21039,"Carlisle County, Kentucky",KY,324,68.00000000000001,medium,66.66666666666667,100.0,0.0,100.0,66.66666666666667,100.0,66.66666666666667,33.333333333333336
26109,"Menominee County, Michigan",MI,325,77.06666666666668,high,100.0,100.0,0.0,100.0,100.0,100.0,66.66666666666667,33.333333333333336
55027,"Dodge County, Wisconsin",WI,326,72.00000000000001,high,100.0,66.66666666666667,0.0,100.0,100.0,100.0,66.66666666666667,33.333333333333336
21207,"Russell County, Kentucky",KY,327,77.06666666666668,high,100.0,100.0,0.0,100.0,100.0,100.0,66.66666666666667,33.333333333333336
51005,"Alleghany County, Virginia",VA,328,77.06666666666668,high,100.0,100.0,0.0,100.0,100.0,100.0,66.66666666666667,33.333333333333336
18107,"Montgomery County, Indiana",IN,329,77.06666666666668,high,100.0,100.0,0.0,100.0,100.0,100.0,66.66666666666667,33.333333333333336
36077,"Otsego County, New York",NY,330,77.06666666666668,high,100.0,100.0,0.0,100.0,100.0,100.0,66.66666666666667,33.333333333333336
18173,"Warrick County, Indiana",IN,331,77.06666666666668,high,100.0,100.0,0.0,100.0,100.0,100.0,66.66666666666667,33.333333333333336
20077,"Harper County, Kansas",KS,332,73.33333333333334,high,100.0,100.0,0.0,100.0,100.0,66.66666666666667,66.66666666666667,33.333333333333336
40149,"Washita County, Oklahoma",OK,333,77.06666666666668,high,100.0,100.0,0.0,100.0,100.0,100.0,66.66666666666667,33.333333333333336
55081,"Monroe County, Wisconsin",WI,334,72.00000000000001,high,100.0,66.66666666666667,0.0,100.0,100.0,100.0,66.66666666666667,33.333333333333336
39171,"Williams County, Ohio",OH,335,73.33333333333334,high,100.0,100.0,0.0,100.0,100.0,66.66666666666667,66.66666666666667,33.333333333333336
51051,"Dickenson County, Virginia",VA,336,71.73333333333335,high,66.66666666666667,100.0,0.0,100.0,100.0,100.0,66.66666666666667,33.333333333333336
29075,"Gentry County, Missouri",MO,337,71.73333333333335,high,66.66666666666667,100.0,0.0,100.0,100.0,100.0,66.66666666666667,33.333333333333336
36045,"Jefferson County, New York",NY,338,77.06666666666668,high,100.0,100.0,0.0,100.0,100.0,100.0,66.66666666666667,33.333333333333336
10003,"New Castle County, Delaware",DE,339,77.06666666666668,high,100.0,100.0,0.0,100.0,100.0,100.0,66.66666666666667,33.333333333333336
18111,"Newton County, Indiana",IN,340,77.06666666666668,high,100.0,100.0,0.0,100.0,100.0,100.0,66.66666666666667,33.333333333333336
39141,"Ross County, Ohio",OH,341,77.06666666666668,high,100.0,100.0,0.0,100.0,100.0,100.0,66.66666666666667,33.333333333333336
05075,"Lawrence County, Arkansas",AR,342,77.06666666666668,high,100.0,100.0,0.0,100.0,100.0,100.0,66.66666666666667,33.333333333333336
18059,"Hancock County, Indiana",IN,343,77.06666666666668,high,100.0,100.0,0.0,100.0,100.0,100.0,66.66666666666667,33.333333333333336
01077,"Lauderdale County, Alabama",AL,344,77.06666666666668,high,100.0,100.0,0.0,100.0,100.0,100.0,66.66666666666667,33.333333333333336
55071,"Manitowoc County, Wisconsin",WI,345,72.00000000000001,high,100.0,66.66666666666667,0.0,100.0,100.0,100.0,66.66666666666667,33.333333333333336
51173,"Smyth County, Virginia",VA,346,72.00000000000001,high,100.0,66.66666666666667,0.0,100.0,100.0,100.0,66.66666666666667,33.333333333333336
20209,"Wyandotte County, Kansas",KS,347,77.06666666666668,high,100.0,100.0,0.0,100.0,100.0,100.0,66.66666666666667,33.333333333333336
18149,"Starke County, Indiana",IN,348,77.06666666666668,high,100.0,100.0,0.0,100.0,100.0,100.0,66.66666666666667,33.333333333333336
51077,"Grayson County, Virginia",VA,349,72.00000000000001,high,100.0,66.66666666666667,0.0,100.0,100.0,100.0,66.66666666666667,33.333333333333336
29175,"Randolph County, Missouri",MO,350,77.06666666666668,high,100.0,100.0,0.0,100.0,100.0,100.0,66.66666666666667,33.333333333333336
21165,"Menifee County, Kentucky",KY,351,68.00000000000001,medium,66.66666666666667,100.0,0.0,100.0,66.66666666666667,100.0,66.66666666666667,33.333333333333336
42087,"Mifflin County, Pennsylvania",PA,352,77.06666666666668,high,100.0,100.0,0.0,100.0,100.0,100.0,66.66666666666667,33.333333333333336
29079,"Grundy County, Missouri",MO,353,77.06666666666668,high,100.0,100.0,0.0,100.0,100.0,100.0,66.66666666666667,33.333333333333336
13279,"Toombs County, Georgia",GA,354,77.06666666666668,high,100.0,100.0,0.0,100.0,100.0,100.0,66.66666666666667,33.333333333333336
17103,"Lee County, Illinois",IL,355,77.06666666666668,high,100.0,100.0,0.0,100.0,100.0,100.0,66.66666666666667,33.333333333333336
42035,"Clinton County, Pennsylvania",PA,356,77.06666666666668,high,100.0,100.0,0.0,100.0,100.0,100.0,66.66666666666667,33.333333333333336
20125,"Montgomery County, Kansas",KS,357,77.06666666666668,high,100.0,100.0,0.0,100.0,100.0,100.0,66.66666666666667,33.333333333333336
55039,"Fond du Lac County, Wisconsin",WI,358,72.00000000000001,high,100.0,66.66666666666667,0.0,100.0,100.0,100.0,66.66666666666667,33.333333333333336
37015,"Bertie County, North Carolina",NC,359,77.06666666666668,high,100.0,100.0,0.0,100.0,100.0,100.0,66.66666666666667,33.333333333333336
17107,"Logan County, Illinois",IL,360,77.06666666666668,high,100.0,100.0,0.0,100.0,100.0,100.0,66.66666666666667,33.333333333333336
17165,"Saline County, Illinois",IL,361,77.06666666666668,high,100.0,100.0,0.0,100.0,100.0,100.0,66.66666666666667,33.333333333333336
55089,"Ozaukee County, Wisconsin",WI,362,72.00000000000001,high,100.0,66.66666666666667,0.0,100.0,100.0,100.0,66.66666666666667,33.333333333333336
23021,"Piscataquis County, Maine",ME,363,73.33333333333334,high,100.0,100.0,0.0,100.0,100.0,66.66666666666667,66.66666666666667,33.333333333333336
17139,"Moultrie County, Illinois",IL,364,77.06666666666668,high,100.0,100.0,0.0,100.0,100.0,100.0,66.66666666666667,33.333333333333336
21055,"Crittenden County, Kentucky",KY,365,77.06666666666668,high,100.0,100.0,0.0,100.0,100.0,100.0,66.66666666666667,33.333333333333336
54027,"Hampshire County, West Virginia",WV,366,72.00000000000001,high,100.0,66.66666666666667,0.0,100.0,100.0,100.0,66.66666666666667,33.333333333333336
21059,"Daviess County, Kentucky",KY,367,77.06666666666668,high,100.0,100.0,0.0,100.0,100.0,100.0,66.66666666666667,33.333333333333336
20043,"Doniphan County, Kansas",KS,368,73.33333333333334,high,100.0,100.0,0.0,100.0,100.0,66.66666666666667,66.66666666666667,33.333333333333336
13053,"Chattahoochee County, Georgia",GA,369,68.00000000000001,medium,66.66666666666667,100.0,0.0,100.0,100.0,66.66666666666667,66.66666666666667,33.333333333333336
36035,"Fulton County, New York",NY,370,73.33333333333334,high,100.0,100.0,0.0,100.0,100.0,66.66666666666667,66.66666666666667,33.333333333333336
17053,"Ford County, Illinois",IL,371,73.33333333333334,high,100.0,100.0,0.0,100.0,100.0,66.66666666666667,66.66666666666667,33.333333333333336
18071,"Jackson County, Indiana",IN,372,77.06666666666668,high,100.0,100.0,0.0,100.0,100.0,100.0,66.66666666666667,33.333333333333336
36067,"Onondaga County, New York",NY,373,77.06666666666668,high,100.0,100.0,0.0,100.0,100.0,100.0,66.66666666666667,33.333333333333336
40137,"Stephens County, Oklahoma",OK,374,77.06666666666668,high,100.0,100.0,0.0,100.0,100.0,100.0,66.66666666666667,33.333333333333336
21177,"Muhlenberg County, Kentucky",KY,375,77.06666666666668,high,100.0,100.0,0.0,100.0,100.0,100.0,66.66666666666667,33.333333333333336
54009,"Brooke County, West Virginia",WV,376,72.00000000000001,high,100.0,66.66666666666667,0.0,100.0,100.0,100.0,66.66666666666667,33.333333333333336
37113,"Macon County, North Carolina",NC,377,77.06666666666668,high,100.0,100.0,0.0,100.0,100.0,100.0,66.66666666666667,33.333333333333336
36095,"Schoharie County, New York",NY,378,77.06666666666668,high,100.0,100.0,0.0,100.0,100.0,100.0,66.66666666666667,33.333333333333336
18147,"Spencer County, Indiana",IN,379,77.06666666666668,high,100.0,100.0,0.0,100.0,100.0,100.0,66.66666666666667,33.333333333333336
09005,"Litchfield County, Connecticut",CT,380,29.86666666666667,low,66.66666666666667,33.333333333333336,0.0,0.0,66.66666666666667,33.333333333333336,33.333333333333336,0.0
01045,"Dale County, Alabama",AL,381,77.06666666666668,high,100.0,100.0,0.0,100.0,100.0,100.0,66.66666666666667,33.333333333333336
37005,"Alleghany County, North Carolina",NC,382,77.06666666666668,high,100.0,100.0,0.0,100.0,100.0,100.0,66.66666666666667,33.333333333333336
36073,"Orleans County, New York",NY,383,73.33333333333334,high,100.0,100.0,0.0,100.0,100.0,66.66666666666667,66.66666666666667,33.333333333333336
18023,"Clinton County, Indiana",IN,384,77.06666666666668,high,100.0,100.0,0.0,100.0,100.0,100.0,66.66666666666667,33.333333333333336
05145,"White County, Arkansas",AR,385,77.06666666666668,high,100.0,100.0,0.0,100.0,100.0,100.0,66.66666666666667,33.333333333333336
18181,"White County, Indiana",IN,386,77.06666666666668,high,100.0,100.0,0.0,100.0,100.0,100.0,66.66666666666667,33.333333333333336
17171,"Scott County, Illinois",IL,387,68.00000000000001,medium,66.66666666666667,100.0,0.0,100.0,66.66666666666667,100.0,66.66666666666667,33.333333333333336
42063,"Indiana County, Pennsylvania",PA,388,77.06666666666668,high,100.0,100.0,0.0,100.0,100.0,100.0,66.66666666666667,33.333333333333336
39063,"Hancock County, Ohio",OH,389,77.06666666666668,high,100.0,100.0,0.0,100.0,100.0,100.0,66.66666666666667,33.333333333333336
05105,"Perry County, Arkansas",AR,390,73.33333333333334,high,100.0,100.0,0.0,100.0,100.0,66.66666666666667,66.66666666666667,33.333333333333336
05083,"Logan County, Arkansas",AR,391,77.06666666666668,high,100.0,100.0,0.0,100.0,100.0,100.0,66.66666666666667,33.333333333333336
34015,"Gloucester County, New Jersey",NJ,392,77.06666666666668,high,100.0,100.0,0.0,100.0,100.0,100.0,66.66666666666667,33.333333333333336
51730,"Petersburg city, Virginia",VA,393,68.26666666666668,medium,100.0,66.66666666666667,0.0,100.0,100.0,66.66666666666667,66.66666666666667,33.333333333333336
17129,"Menard County, Illinois",IL,394,77.06666666666668,high,100.0,100.0,0.0,100.0,100.0,100.0,66.66666666666667,33.333333333333336
51740,"Portsmouth city, Virginia",VA,395,68.26666666666668,medium,100.0,66.66666666666667,0.0,100.0,100.0,66.66666666666667,66.66666666666667,33.333333333333336
39127,"Perry County, Ohio",OH,396,77.06666666666668,high,100.0,100.0,0.0,100.0,100.0,100.0,66.66666666666667,33.333333333333336
54069,"Ohio County, West Virginia",WV,397,72.00000000000001,high,100.0,66.66666666666667,0.0,100.0,100.0,100.0,66.66666666666667,33.333333333333336
01097,"Mobile County, Alabama",AL,398,77.06666666666668,high,100.0,100.0,0.0,100.0,100.0,100.0,66.66666666666667,33.333333333333336
40081,"Lincoln County, Oklahoma",OK,399,77.06666666666668,high,100.0,100.0,0.0,100.0,100.0,100.0,66.66666666666667,33.333333333333336
33007,"Coos County, New Hampshire",NH,400,77.06666666666668,high,100.0,100.0,0.0,100.0,100.0,100.0,66.66666666666667,33.333333333333336
54033,"Harrison County, West Virginia",WV,401,72.00000000000001,high,100.0,66.66666666666667,0.0,100.0,100.0,100.0,66.66666666666667,33.333333333333336
54025,"Greenbrier County, West Virginia",WV,402,72.00000000000001,high,100.0,66.66666666666667,0.0,100.0,100.0,100.0,66.66666666666667,33.333333333333336
37093,"Hoke County, North Carolina",NC,403,77.06666666666668,high,100.0,100.0,0.0,100.0,100.0,100.0,66.66666666666667,33.333333333333336
46129,"Walworth County, South Dakota",SD,404,73.33333333333334,high,100.0,100.0,0.0,100.0,100.0,66.66666666666667,66.66666666666667,33.333333333333336
36037,"Genesee County, New York",NY,405,73.33333333333334,high,100.0,100.0,0.0,100.0,100.0,66.66666666666667,66.66666666666667,33.333333333333336
13207,"Monroe County, Georgia",GA,406,77.06666666666668,high,100.0,100.0,0.0,100.0,100.0,100.0,66.66666666666667,33.333333333333336
29189,"St. Louis County, Missouri",MO,407,77.06666666666668,high,100.0,100.0,0.0,100.0,100.0,100.0,66.66666666666667,33.333333333333336
55079,"Milwaukee County, Wisconsin",WI,408,72.00000000000001,high,100.0,66.66666666666667,0.0,100.0,100.0,100.0,66.66666666666667,33.333333333333336
21061,"Edmonson County, Kentucky",KY,409,73.33333333333334,high,100.0,100.0,0.0,100.0,66.66666666666667,100.0,66.66666666666667,33.333333333333336
20207,"Woodson County, Kansas",KS,410,68.00000000000001,medium,66.66666666666667,100.0,0.0,100.0,100.0,66.66666666666667,66.66666666666667,33.333333333333336
26077,"Kalamazoo County, Michigan",MI,411,77.06666666666668,high,100.0,100.0,0.0,100.0,100.0,100.0,66.66666666666667,33.333333333333336
47139,"Polk County, Tennessee",TN,412,77.06666666666668,high,100.0,100.0,0.0,100.0,100.0,100.0,66.66666666666667,33.333333333333336
55117,"Sheboygan County, Wisconsin",WI,413,72.00000000000001,high,100.0,66.66666666666667,0.0,100.0,100.0,100.0,66.66666666666667,33.333333333333336
34033,"Salem County, New Jersey",NJ,414,77.06666666666668,high,100.0,100.0,0.0,100.0,100.0,100.0,66.66666666666667,33.333333333333336
21005,"Anderson County, Kentucky",KY,415,77.06666666666668,high,100.0,100.0,0.0,100.0,100.0,100.0,66.66666666666667,33.333333333333336
40047,"Garfield County, Oklahoma",OK,416,77.06666666666668,high,100.0,100.0,0.0,100.0,100.0,100.0,66.66666666666667,33.333333333333336
24045,"Wicomico County, Maryland",MD,417,77.06666666666668,high,100.0,100.0,0.0,100.0,100.0,100.0,66.66666666666667,33.333333333333336
27075,"Lake County, Minnesota",MN,418,73.33333333333334,high,100.0,100.0,0.0,100.0,100.0,66.66666666666667,66.66666666666667,33.333333333333336
39057,"Greene County, Ohio",OH,419,77.06666666666668,high,100.0,100.0,0.0,100.0,100.0,100.0,66.66666666666667,33.333333333333336
37067,"Forsyth County, North Carolina",NC,420,77.06666666666668,high,100.0,100.0,0.0,100.0,100.0,100.0,66.66666666666667,33.333333333333336
54107,"Wood County, West Virginia",WV,421,72.00000000000001,high,100.0,66.66666666666667,0.0,100.0,100.0,100.0,66.66666666666667,33.333333333333336
17137,"Morgan County, Illinois",IL,422,77.06666666666668,high,100.0,100.0,0.0,100.0,100.0,100.0,66.66666666666667,33.333333333333336
37049,"Craven County, North Carolina",NC,423,77.06666666666668,high,100.0,100.0,0.0,100.0,100.0,100.0,66.66666666666667,33.333333333333336
18139,"Rush County, Indiana",IN,424,77.06666666666668,high,100.0,100.0,0.0,100.0,100.0,100.0,66.66666666666667,33.333333333333336
26125,"Oakland County, Michigan",MI,425,77.06666666666668,high,100.0,100.0,0.0,100.0,100.0,100.0,66.66666666666667,33.333333333333336
21167,"Mercer County, Kentucky",KY,426,77.06666666666668,high,100.0,100.0,0.0,100.0,100.0,100.0,66.66666666666667,33.333333333333336
13105,"Elbert County, Georgia",GA,427,77.06666666666668,high,100.0,100.0,0.0,100.0,100.0,100.0,66.66666666666667,33.333333333333336
39037,"Darke County, Ohio",OH,428,77.06666666666668,high,100.0,100.0,0.0,100.0,100.0,100.0,66.66666666666667,33.333333333333336
21115,"Johnson County, Kentucky",KY,429,73.33333333333334,high,100.0,100.0,0.0,100.0,66.66666666666667,100.0,66.66666666666667,33.333333333333336
27071,"Koochiching County, Minnesota",MN,430,73.33333333333334,high,100.0,100.0,0.0,100.0,100.0,66.66666666666667,66.66666666666667,33.333333333333336
18119,"Owen County, Indiana",IN,431,77.06666666666668,high,100.0,100.0,0.0,100.0,100.0,100.0,66.66666666666667,33.333333333333336
55115,"Shawano County, Wisconsin",WI,432,68.26666666666668,medium,100.0,66.66666666666667,0.0,100.0,100.0,66.66666666666667,66.66666666666667,33.333333333333336
39049,"Franklin County, Ohio",OH,433,77.06666666666668,high,100.0,100.0,0.0,100.0,100.0,100.0,66.66666666666667,33.333333333333336
21231,"Wayne County, Kentucky",KY,434,73.33333333333334,high,100.0,100.0,0.0,100.0,66.66666666666667,100.0,66.66666666666667,33.333333333333336
21097,"Harrison County, Kentucky",KY,435,77.06666666666668,high,100.0,100.0,0.0,100.0,100.0,100.0,66.66666666666667,33.333333333333336
51680,"Lynchburg city, Virginia",VA,436,68.26666666666668,medium,100.0,66.66666666666667,0.0,100.0,100.0,66.66666666666667,66.66666666666667,33.333333333333336
37013,"Beaufort County, North Carolina",NC,437,77.06666666666668,high,100.0,100.0,0.0,100.0,100.0,100.0,66.66666666666667,33.333333333333336
05045,"Faulkner County, Arkansas",AR,438,77.06666666666668,high,100.0,100.0,0.0,100.0,100.0,100.0,66.66666666666667,33.333333333333336
29109,"Lawrence County, Missouri",MO,439,77.06666666666668,high,100.0,100.0,0.0,100.0,100.0,100.0,66.66666666666667,33.333333333333336
36029,"Erie County, New York",NY,440,77.06666666666668,high,100.0,100.0,0.0,100.0,100.0,100.0,66.66666666666667,33.333333333333336
39149,"Shelby County, Ohio",OH,441,77.06666666666668,high,100.0,100.0,0.0,100.0,100.0,100.0,66.66666666666667,33.333333333333336
36107,"Tioga County, New York",NY,442,77.06666666666668,high,100.0,100.0,0.0,100.0,100.0,100.0,66.66666666666667,33.333333333333336
36083,"Rensselaer County, New York",NY,443,77.06666666666668,high,100.0,100.0,0.0,100.0,100.0,100.0,66.66666666666667,33.333333333333336
17123,"Marshall County, Illinois",IL,444,77.06666666666668,high,100.0,100.0,0.0,100.0,100.0,100.0,66.66666666666667,33.333333333333336
54079,"Putnam County, West Virginia",WV,445,72.00000000000001,high,100.0,66.66666666666667,0.0,100.0,100.0,100.0,66.66666666666667,33.333333333333336
17097,"Lake County, Illinois",IL,446,77.06666666666668,high,100.0,100.0,0.0,100.0,100.0,100.0,66.66666666666667,33.333333333333336
51191,"Washington County, Virginia",VA,447,72.00000000000001,high,100.0,66.66666666666667,0.0,100.0,100.0,100.0,66.66666666666667,33.333333333333336
17189,"Washington County, Illinois",IL,448,73.33333333333334,high,100.0,100.0,0.0,100.0,100.0,66.66666666666667,66.66666666666667,33.333333333333336
20029,"Cloud County, Kansas",KS,449,77.06666666666668,high,100.0,100.0,0.0,100.0,100.0,100.0,66.66666666666667,33.333333333333336
55135,"Waupaca County, Wisconsin",WI,450,72.00000000000001,high,100.0,66.66666666666667,0.0,100.0,100.0,100.0,66.66666666666667,33.333333333333336
27165,"Watonwan County, Minnesota",MN,451,73.33333333333334,high,100.0,100.0,0.0,100.0,100.0,66.66666666666667,66.66666666666667,33.333333333333336
23025,"Somerset County, Maine",ME,452,73.33333333333334,high,100.0,100.0,0.0,100.0,100.0,66.66666666666667,66.66666666666667,33.333333333333336
09011,"New London County, Connecticut",CT,453,29.86666666666667,low,66.66666666666667,33.333333333333336,0.0,0.0,66.66666666666667,33.333333333333336,33.333333333333336,0.0
20021,"Cherokee County, Kansas",KS,454,77.06666666666668,high,100.0,100.0,0.0,100.0,100.0,100.0,66.66666666666667,33.333333333333336
42051,"Fayette County, Pennsylvania",PA,455,77.06666666666668,high,100.0,100.0,0.0,100.0,100.0,100.0,66.66666666666667,33.333333333333336
40063,"Hughes County, Oklahoma",OK,456,71.73333333333335,high,66.66666666666667,100.0,0.0,100.0,100.0,100.0,66.66666666666667,33.333333333333336
40121,"Pittsburg County, Oklahoma",OK,457,77.06666666666668,high,100.0,100.0,0.0,100.0,100.0,100.0,66.66666666666667,33.333333333333336
26035,"Clare County, Michigan",MI,458,77.06666666666668,high,100.0,100.0,0.0,100.0,100.0,100.0,66.66666666666667,33.333333333333336
55083,"Oconto County, Wisconsin",WI,459,72.00000000000001,high,100.0,66.66666666666667,0.0,100.0,100.0,100.0,66.66666666666667,33.333333333333336
39083,"Knox County, Ohio",OH,460,77.06666666666668,high,100.0,100.0,0.0,100.0,100.0,100.0,66.66666666666667,33.333333333333336
55001,"Adams County, Wisconsin",WI,461,72.00000000000001,high,100.0,66.66666666666667,0.0,100.0,100.0,100.0,66.66666666666667,33.333333333333336
39109,"Miami County, Ohio",OH,462,77.06666666666668,high,100.0,100.0,0.0,100.0,100.0,100.0,66.66666666666667,33.333333333333336
51193,"Westmoreland County, Virginia",VA,463,72.00000000000001,high,100.0,66.66666666666667,0.0,100.0,100.0,100.0,66.66666666666667,33.333333333333336
18007,"Benton County, Indiana",IN,464,73.33333333333334,high,100.0,100.0,0.0,100.0,100.0,66.66666666666667,66.66666666666667,33.333333333333336
17149,"Pike County, Illinois",IL,465,77.06666666666668,high,100.0,100.0,0.0,100.0,100.0,100.0,66.66666666666667,33.333333333333336
34007,"Camden County, New Jersey",NJ,466,77.06666666666668,high,100.0,100.0,0.0,100.0,100.0,100.0,66.66666666666667,33.333333333333336
51161,"Roanoke County, Virginia",VA,467,72.00000000000001,high,100.0,66.66666666666667,0.0,100.0,100.0,100.0,66.66666666666667,33.333333333333336
05119,"Pulaski County, Arkansas",AR,468,77.06666666666668,high,100.0,100.0,0.0,100.0,100.0,100.0,66.66666666666667,33.333333333333336
20115,"Marion County, Kansas",KS,469,77.06666666666668,high,100.0,100.0,0.0,100.0,100.0,100.0,66.66666666666667,33.333333333333336
55019,"Clark County, Wisconsin",WI,470,72.00000000000001,high,100.0,66.66666666666667,0.0,100.0,100.0,100.0,66.66666666666667,33.333333333333336
13285,"Troup County, Georgia",GA,471,77.06666666666668,high,100.0,100.0,0.0,100.0,100.0,100.0,66.66666666666667,33.333333333333336
39025,"Clermont County, Ohio",OH,472,77.06666666666668,high,100.0,100.0,0.0,100.0,100.0,100.0,66.66666666666667,33.333333333333336
20151,"Pratt County, Kansas",KS,473,73.33333333333334,high,100.0,100.0,0.0,100.0,100.0,66.66666666666667,66.66666666666667,33.333333333333336
18129,"Posey County, Indiana",IN,474,77.06666666666668,high,100.0,100.0,0.0,100.0,100.0,100.0,66.66666666666667,33.333333333333336
13167,"Johnson County, Georgia",GA,475,71.73333333333335,high,66.66666666666667,100.0,0.0,100.0,100.0,100.0,66.66666666666667,33.333333333333336
55061,"Kewaunee County, Wisconsin",WI,476,68.26666666666668,medium,100.0,66.66666666666667,0.0,100.0,100.0,66.66666666666667,66.66666666666667,33.333333333333336
19013,"Black Hawk County, Iowa",IA,477,77.06666666666668,high,100.0,100.0,0.0,100.0,100.0,100.0,66.66666666666667,33.333333333333336
19185,"Wayne County, Iowa",IA,478,73.33333333333334,high,100.0,100.0,0.0,100.0,100.0,66.66666666666667,66.66666666666667,33.333333333333336
37027,"Caldwell County, North Carolina",NC,479,77.06666666666668,high,100.0,100.0,0.0,100.0,100.0,100.0,66.66666666666667,33.333333333333336
37081,"Guilford County, North Carolina",NC,480,77.06666666666668,high,100.0,100.0,0.0,100.0,100.0,100.0,66.66666666666667,33.333333333333336
20165,"Rush County, Kansas",KS,481,68.00000000000001,medium,66.66666666666667,100.0,0.0,100.0,100.0,66.66666666666667,66.66666666666667,33.333333333333336
39115,"Morgan County, Ohio",OH,482,71.73333333333335,high,66.66666666666667,100.0,0.0,100.0,100.0,100.0,66.66666666666667,33.333333333333336
17067,"Hancock County, Illinois",IL,483,77.06666666666668,high,100.0,100.0,0.0,100.0,100.0,100.0,66.66666666666667,33.333333333333336
37085,"Harnett County, North Carolina",NC,484,77.06666666666668,high,100.0,100.0,0.0,100.0,100.0,100.0,66.66666666666667,33.333333333333336
13317,"Wilkes County, Georgia",GA,485,73.33333333333334,high,100.0,100.0,0.0,100.0,100.0,66.66666666666667,66.66666666666667,33.333333333333336
21119,"Knott County, Kentucky",KY,486,68.00000000000001,medium,66.66666666666667,100.0,0.0,100.0,66.66666666666667,100.0,66.66666666666667,33.333333333333336
21151,"Madison County, Kentucky",KY,487,77.06666666666668,high,100.0,100.0,0.0,100.0,100.0,100.0,66.66666666666667,33.333333333333336
29033,"Carroll County, Missouri",MO,488,77.06666666666668,high,100.0,100.0,0.0,100.0,100.0,100.0,66.66666666666667,33.333333333333336
17019,"Champaign County, Illinois",IL,489,77.06666666666668,high,100.0,100.0,0.0,100.0,100.0,100.0,66.66666666666667,33.333333333333336
21103,"Henry County, Kentucky",KY,490,77.06666666666668,high,100.0,100.0,0.0,100.0,100.0,100.0,66.66666666666667,33.333333333333336
55005,"Barron County, Wisconsin",WI,491,72.00000000000001,high,100.0,66.66666666666667,0.0,100.0,100.0,100.0,66.66666666666667,33.333333333333336
01125,"Tuscaloosa County, Alabama",AL,492,77.06666666666668,high,100.0,100.0,0.0,100.0,100.0,100.0,66.66666666666667,33.333333333333336
17033,"Crawford County, Illinois",IL,493,77.06666666666668,high,100.0,100.0,0.0,100.0,100.0,100.0,66.66666666666667,33.333333333333336
20141,"Osborne County, Kansas",KS,494,68.00000000000001,medium,66.66666666666667,100.0,0.0,100.0,100.0,66.66666666666667,66.66666666666667,33.333333333333336
42113,"Sullivan County, Pennsylvania",PA,495,77.06666666666668,high,100.0,100.0,0.0,100.0,100.0,100.0,66.66666666666667,33.333333333333336
24041,"Talbot County, Maryland",MD,496,77.06666666666668,high,100.0,100.0,0.0,100.0,100.0,100.0,66.66666666666667,33.333333333333336
40037,"Creek County, Oklahoma",OK,497,77.06666666666668,high,100.0,100.0,0.0,100.0,100.0,100.0,66.66666666666667,33.333333333333336
29089,"Howard County, Missouri",MO,498,77.06666666666668,high,100.0,100.0,0.0,100.0,100.0,100.0,66.66666666666667,33.333333333333336
20007,"Barber County, Kansas",KS,499,68.00000000000001,medium,66.66666666666667,100.0,0.0,100.0,100.0,66.66666666666667,66.66666666666667,33.333333333333336
24017,"Charles County, Maryland",MD,500,77.06666666666668,high,100.0,100.0,0.0,100.0,100.0,100.0,66.66666666666667,33.333333333333336
54057,"Mineral County, West Virginia",WV,501,72.00000000000001,high,100.0,66.66666666666667,0.0,100.0,100.0,100.0,66.66666666666667,33.333333333333336
34005,"Burlington County, New Jersey",NJ,502,77.06666666666668,high,100.0,100.0,0.0,100.0,100.0,100.0,66.66666666666667,33.333333333333336
21141,"Logan County, Kentucky",KY,503,77.06666666666668,high,100.0,100.0,0.0,100.0,100.0,100.0,66.66666666666667,33.333333333333336
18005,"Bartholomew County, Indiana",IN,504,77.06666666666668,high,100.0,100.0,0.0,100.0,100.0,100.0,66.66666666666667,33.333333333333336
47077,"Henderson County, Tennessee",TN,505,77.06666666666668,high,100.0,100.0,0.0,100.0,100.0,100.0,66.66666666666667,33.333333333333336
01033,"Colbert County, Alabama",AL,506,77.06666666666668,high,100.0,100.0,0.0,100.0,100.0,100.0,66.66666666666667,33.333333333333336
45041,"Florence County, South Carolina",SC,507,77.06666666666668,high,100.0,100.0,0.0,100.0,100.0,100.0,66.66666666666667,33.333333333333336
55047,"Green Lake County, Wisconsin",WI,508,72.00000000000001,high,100.0,66.66666666666667,0.0,100.0,100.0,100.0,66.66666666666667,33.333333333333336
42085,"Mercer County, Pennsylvania",PA,509,77.06666666666668,high,100.0,100.0,0.0,100.0,100.0,100.0,66.66666666666667,33.333333333333336
29097,"Jasper County, Missouri",MO,510,77.06666666666668,high,100.0,100.0,0.0,100.0,100.0,100.0,66.66666666666667,33.333333333333336
29221,"Washington County, Missouri",MO,511,77.06666666666668,high,100.0,100.0,0.0,100.0,100.0,100.0,66.66666666666667,33.333333333333336
19147,"Palo Alto County, Iowa",IA,512,73.33333333333334,high,100.0,100.0,0.0,100.0,100.0,66.66666666666667,66.66666666666667,33.333333333333336
51009,"Amherst County, Virginia",VA,513,77.06666666666668,high,100.0,100.0,0.0,100.0,100.0,100.0,66.66666666666667,33.333333333333336
21149,"McLean County, Kentucky",KY,514,71.73333333333335,high,66.66666666666667,100.0,0.0,100.0,100.0,100.0,66.66666666666667,33.333333333333336
47151,"Scott County, Tennessee",TN,515,77.06666666666668,high,100.0,100.0,0.0,100.0,100.0,100.0,66.66666666666667,33.333333333333336
39103,"Medina County, Ohio",OH,516,77.06666666666668,high,100.0,100.0,0.0,100.0,100.0,100.0,66.66666666666667,33.333333333333336
05009,"Boone County, Arkansas",AR,517,77.06666666666668,high,100.0,100.0,0.0,100.0,100.0,100.0,66.66666666666667,33.333333333333336
44003,"Kent County, Rhode Island",RI,518,77.06666666666668,high,100.0,100.0,0.0,100.0,100.0,100.0,66.66666666666667,33.333333333333336
20143,"Ottawa County, Kansas",KS,519,77.06666666666668,high,100.0,100.0,0.0,100.0,100.0,100.0,66.66666666666667,33.333333333333336
21093,"Hardin County, Kentucky",KY,520,77.06666666666668,high,100.0,100.0,0.0,100.0,100.0,100.0,66.66666666666667,33.333333333333336
27061,"Itasca County, Minnesota",MN,521,73.33333333333334,high,100.0,100.0,0.0,100.0,100.0,66.66666666666667,66.66666666666667,33.333333333333336
47071,"Hardin County, Tennessee",TN,522,77.06666666666668,high,100.0,100.0,0.0,100.0,100.0,100.0,66.66666666666667,33.333333333333336
51127,"New Kent County, Virginia",VA,523,72.00000000000001,high,100.0,66.66666666666667,0.0,100.0,100.0,100.0,66.66666666666667,33.333333333333336
05033,"Crawford County, Arkansas",AR,524,77.06666666666668,high,100.0,100.0,0.0,100.0,100.0,100.0,66.66666666666667,33.333333333333336
47073,"Hawkins County, Tennessee",TN,525,77.06666666666668,high,100.0,100.0,0.0,100.0,100.0,100.0,66.66666666666667,33.333333333333336
53023,"Garfield County, Washington",WA,526,68.26666666666668,medium,100.0,66.66666666666667,0.0,100.0,100.0,66.66666666666667,66.66666666666667,33.333333333333336
36025,"Delaware County, New York",NY,527,77.06666666666668,high,100.0,100.0,0.0,100.0,100.0,100.0,66.66666666666667,33.333333333333336
55073,"Marathon County, Wisconsin",WI,528,72.00000000000001,high,100.0,66.66666666666667,0.0,100.0,100.0,100.0,66.66666666666667,33.333333333333336
21043,"Carter County, Kentucky",KY,529,77.06666666666668,high,100.0,100.0,0.0,100.0,100.0,100.0,66.66666666666667,33.333333333333336
26045,"Eaton County, Michigan",MI,530,77.06666666666668,high,100.0,100.0,0.0,100.0,100.0,100.0,66.66666666666667,33.333333333333336
40143,"Tulsa County, Oklahoma",OK,531,77.06666666666668,high,100.0,100.0,0.0,100.0,100.0,100.0,66.66666666666667,33.333333333333336
39143,"Sandusky County, Ohio",OH,532,77.06666666666668,high,100.0,100.0,0.0,100.0,100.0,100.0,66.66666666666667,33.333333333333336
36099,"Seneca County, New York",NY,533,73.33333333333334,high,100.0,100.0,0.0,100.0,100.0,66.66666666666667,66.66666666666667,33.333333333333336
26133,"Osceola County, Michigan",MI,534,73.33333333333334,high,100.0,100.0,0.0,100.0,100.0,66.66666666666667,66.66666666666667,33.333333333333336
39015,"Brown County, Ohio",OH,535,77.06666666666668,high,100.0,100.0,0.0,100.0,100.0,100.0,66.66666666666667,33.333333333333336
13257,"Stephens County, Georgia",GA,536,77.06666666666668,high,100.0,100.0,0.0,100.0,100.0,100.0,66.66666666666667,33.333333333333336
18027,"Daviess County, Indiana",IN,537,73.33333333333334,high,100.0,100.0,0.0,100.0,100.0,66.66666666666667,66.66666666666667,33.333333333333336
40065,"Jackson County, Oklahoma",OK,538,77.06666666666668,high,100.0,100.0,0.0,100.0,100.0,100.0,66.66666666666667,33.333333333333336
51167,"Russell County, Virginia",VA,539,72.00000000000001,high,100.0,66.66666666666667,0.0,100.0,100.0,100.0,66.66666666666667,33.333333333333336
01001,"Autauga County, Alabama",AL,540,77.06666666666668,high,100.0,100.0,0.0,100.0,100.0,100.0,66.66666666666667,33.333333333333336
39091,"Logan County, Ohio",OH,541,73.33333333333334,high,100.0,100.0,0.0,100.0,100.0,66.66666666666667,66.66666666666667,33.333333333333336
39043,"Erie County, Ohio",OH,542,77.06666666666668,high,100.0,100.0,0.0,100.0,100.0,100.0,66.66666666666667,33.333333333333336
39059,"Guernsey County, Ohio",OH,543,77.06666666666668,high,100.0,100.0,0.0,100.0,100.0,100.0,66.66666666666667,33.333333333333336
36019,"Clinton County, New York",NY,544,77.06666666666668,high,100.0,100.0,0.0,100.0,100.0,100.0,66.66666666666667,33.333333333333336
40135,"Sequoyah County, Oklahoma",OK,545,77.06666666666668,high,100.0,100.0,0.0,100.0,100.0,100.0,66.66666666666667,33.333333333333336
51650,"Hampton city, Virginia",VA,546,68.26666666666668,medium,100.0,66.66666666666667,0.0,100.0,100.0,66.66666666666667,66.66666666666667,33.333333333333336
29207,"Stoddard County, Missouri",MO,547,73.33333333333334,high,100.0,100.0,0.0,100.0,100.0,66.66666666666667,66.66666666666667,33.333333333333336
17173,"Shelby County, Illinois",IL,548,73.33333333333334,high,100.0,100.0,0.0,100.0,100.0,66.66666666666667,66.66666666666667,33.333333333333336
55015,"Calumet County, Wisconsin",WI,549,72.00000000000001,high,100.0,66.66666666666667,0.0,100.0,100.0,100.0,66.66666666666667,33.333333333333336
01095,"Marshall County, Alabama",AL,550,77.06666666666668,high,100.0,100.0,0.0,100.0,100.0,100.0,66.66666666666667,33.333333333333336
37023,"Burke County, North Carolina",NC,551,77.06666666666668,high,100.0,100.0,0.0,100.0,100.0,100.0,66.66666666666667,33.333333333333336
54011,"Cabell County, West Virginia",WV,552,72.00000000000001,high,100.0,66.66666666666667,0.0,100.0,100.0,100.0,66.66666666666667,33.333333333333336
18049,"Fulton County, Indiana",IN,553,77.06666666666668,high,100.0,100.0,0.0,100.0,100.0,100.0,66.66666666666667,33.333333333333336
39157,"Tuscarawas County, Ohio",OH,554,77.06666666666668,high,100.0,100.0,0.0,100.0,100.0,100.0,66.66666666666667,33.333333333333336
17043,"DuPage County, Illinois",IL,555,77.06666666666668,high,100.0,100.0,0.0,100.0,100.0,100.0,66.66666666666667,33.333333333333336
17081,"Jefferson County, Illinois",IL,556,77.06666666666668,high,100.0,100.0,0.0,100.0,100.0,100.0,66.66666666666667,33.333333333333336
21083,"Graves County, Kentucky",KY,557,77.06666666666668,high,100.0,100.0,0.0,100.0,100.0,100.0,66.66666666666667,33.333333333333336
21205,"Rowan County, Kentucky",KY,558,77.06666666666668,high,100.0,100.0,0.0,100.0,100.0,100.0,66.66666666666667,33.333333333333336
21145,"McCracken County, Kentucky",KY,559,77.06666666666668,high,100.0,100.0,0.0,100.0,100.0,100.0,66.66666666666667,33.333333333333336
51177,"Spotsylvania County, Virginia",VA,560,68.26666666666668,medium,100.0,66.66666666666667,0.0,100.0,100.0,66.66666666666667,66.66666666666667,33.333333333333336
34041,"Warren County, New Jersey",NJ,561,77.06666666666668,high,100.0,100.0,0.0,100.0,100.0,100.0,66.66666666666667,33.333333333333336
55103,"Richland County, Wisconsin",WI,562,72.00000000000001,high,100.0,66.66666666666667,0.0,100.0,100.0,100.0,66.66666666666667,33.333333333333336
27099,"Mower County, Minnesota",MN,563,77.06666666666668,high,100.0,100.0,0.0,100.0,100.0,100.0,66.66666666666667,33.333333333333336
20139,"Osage County, Kansas",KS,564,77.06666666666668,high,100.0,100.0,0.0,100.0,100.0,100.0,66.66666666666667,33.333333333333336
34001,"Atlantic County, New Jersey",NJ,565,77.06666666666668,high,100.0,100.0,0.0,100.0,100.0,100.0,66.66666666666667,33.333333333333336
01051,"Elmore County, Alabama",AL,566,77.06666666666668,high,100.0,100.0,0.0,100.0,100.0,100.0,66.66666666666667,33.333333333333336
21211,"Shelby County, Kentucky",KY,567,77.06666666666668,high,100.0,100.0,0.0,100.0,100.0,100.0,66.66666666666667,33.333333333333336
27127,"Redwood County, Minnesota",MN,568,77.06666666666668,high,100.0,100.0,0.0,100.0,100.0,100.0,66.66666666666667,33.333333333333336
29065,"Dent County, Missouri",MO,569,77.06666666666668,high,100.0,100.0,0.0,100.0,100.0,100.0,66.66666666666667,33.333333333333336
31061,"Franklin County, Nebraska",NE,570,71.73333333333335,high,66.66666666666667,100.0,0.0,100.0,100.0,100.0,66.66666666666667,33.333333333333336
39135,"Preble County, Ohio",OH,571,77.06666666666668,high,100.0,100.0,0.0,100.0,100.0,100.0,66.66666666666667,33.333333333333336
34037,"Sussex County, New Jersey",NJ,572,77.06666666666668,high,100.0,100.0,0.0,100.0,100.0,100.0,66.66666666666667,33.333333333333336
40101,"Muskogee County, Oklahoma",OK,573,77.06666666666668,high,100.0,100.0,0.0,100.0,100.0,100.0,66.66666666666667,33.333333333333336
13267,"Tattnall County, Georgia",GA,574,77.06666666666668,high,100.0,100.0,0.0,100.0,100.0,100.0,66.66666666666667,33.333333333333336
54051,"Marshall County, West Virginia",WV,575,72.00000000000001,high,100.0,66.66666666666667,0.0,100.0,100.0,100.0,66.66666666666667,33.333333333333336
21187,"Owen County, Kentucky",KY,576,71.73333333333335,high,66.66666666666667,100.0,0.0,100.0,100.0,100.0,66.66666666666667,33.333333333333336
05055,"Greene County, Arkansas",AR,577,77.06666666666668,high,100.0,100.0,0.0,100.0,100.0,100.0,66.66666666666667,33.333333333333336
18157,"Tippecanoe County, Indiana",IN,578,77.06666666666668,high,100.0,100.0,0.0,100.0,100.0,100.0,66.66666666666667,33.333333333333336
17111,"McHenry County, Illinois",IL,579,77.06666666666668,high,100.0,100.0,0.0,100.0,100.0,100.0,66.66666666666667,33.333333333333336
26059,"Hillsdale County, Michigan",MI,580,77.06666666666668,high,100.0,100.0,0.0,100.0,100.0,100.0,66.66666666666667,33.333333333333336
54017,"Doddridge County, West Virginia",WV,581,62.933333333333344,medium,66.66666666666667,66.66666666666667,0.0,100.0,66.66666666666667,100.0,66.66666666666667,33.333333333333336
19111,"Lee County, Iowa",IA,582,77.06666666666668,high,100.0,100.0,0.0,100.0,100.0,100.0,66.66666666666667,33.333333333333336
26021,"Berrien County, Michigan",MI,583,77.06666666666668,high,100.0,100.0,0.0,100.0,100.0,100.0,66.66666666666667,33.333333333333336
51145,"Powhatan County, Virginia",VA,584,72.00000000000001,high,100.0,66.66666666666667,0.0,100.0,100.0,100.0,66.66666666666667,33.333333333333336
05131,"Sebastian County, Arkansas",AR,585,77.06666666666668,high,100.0,100.0,0.0,100.0,100.0,100.0,66.66666666666667,33.333333333333336
39105,"Meigs County, Ohio",OH,586,77.06666666666668,high,100.0,100.0,0.0,100.0,100.0,100.0,66.66666666666667,33.333333333333336
51735,"Poquoson city, Virginia",VA,587,64.53333333333333,medium,100.0,66.66666666666667,0.0,100.0,100.0,33.333333333333336,66.66666666666667,33.333333333333336
26003,"Alger County, Michigan",MI,588,73.33333333333334,high,100.0,100.0,0.0,100.0,100.0,66.66666666666667,66.66666666666667,33.333333333333336
55137,"Waushara County, Wisconsin",WI,589,72.00000000000001,high,100.0,66.66666666666667,0.0,100.0,100.0,100.0,66.66666666666667,33.333333333333336
55003,"Ashland County, Wisconsin",WI,590,68.26666666666668,medium,100.0,66.66666666666667,0.0,100.0,100.0,66.66666666666667,66.66666666666667,33.333333333333336
13213,"Murray County, Georgia",GA,591,77.06666666666668,high,100.0,100.0,0.0,100.0,100.0,100.0,66.66666666666667,33.333333333333336
05065,"Izard County, Arkansas",AR,592,73.33333333333334,high,100.0,100.0,0.0,100.0,100.0,66.66666666666667,66.66666666666667,33.333333333333336
01017,"Chambers County, Alabama",AL,593,77.06666666666668,high,100.0,100.0,0.0,100.0,100.0,100.0,66.66666666666667,33.333333333333336
45047,"Greenwood County, South Carolina",SC,594,77.06666666666668,high,100.0,100.0,0.0,100.0,100.0,100.0,66.66666666666667,33.333333333333336
05069,"Jefferson County, Arkansas",AR,595,77.06666666666668,high,100.0,100.0,0.0,100.0,100.0,100.0,66.66666666666667,33.333333333333336
13235,"Pulaski County, Georgia",GA,596,77.06666666666668,high,100.0,100.0,0.0,100.0,100.0,100.0,66.66666666666667,33.333333333333336
26029,"Charlevoix County, Michigan",MI,597,77.06666666666668,high,100.0,100.0,0.0,100.0,100.0,100.0,66.66666666666667,33.333333333333336
13233,"Polk County, Georgia",GA,598,77.06666666666668,high,100.0,100.0,0.0,100.0,100.0,100.0,66.66666666666667,33.333333333333336
17037,"DeKalb County, Illinois",IL,599,77.06666666666668,high,100.0,100.0,0.0,100.0,100.0,100.0,66.66666666666667,33.333333333333336
37103,"Jones County, North Carolina",NC,600,77.06666666666668,high,100.0,100.0,0.0,100.0,100.0,100.0,66.66666666666667,33.333333333333336
13199,"Meriwether County, Georgia",GA,601,77.06666666666668,high,100.0,100.0,0.0,100.0,100.0,100.0,66.66666666666667,33.333333333333336
13179,"Liberty County, Georgia",GA,602,77.06666666666668,high,100.0,100.0,0.0,100.0,100.0,100.0,66.66666666666667,33.333333333333336
20173,"Sedgwick County, Kansas",KS,603,77.06666666666668,high,100.0,100.0,0.0,100.0,100.0,100.0,66.66666666666667,33.333333333333336
51775,"Salem city, Virginia",VA,604,68.26666666666668,medium,100.0,66.66666666666667,0.0,100.0,100.0,66.66666666666667,66.66666666666667,33.333333333333336
39175,"Wyandot County, Ohio",OH,605,73.33333333333334,high,100.0,100.0,0.0,100.0,100.0,66.66666666666667,66.66666666666667,33.333333333333336
51700,"Newport News city, Virginia",VA,606,68.26666666666668,medium,100.0,66.66666666666667,0.0,100.0,100.0,66.66666666666667,66.66666666666667,33.333333333333336
55021,"Columbia County, Wisconsin",WI,607,72.00000000000001,high,100.0,66.66666666666667,0.0,100.0,100.0,100.0,66.66666666666667,33.333333333333336
37153,"Richmond County, North Carolina",NC,608,77.06666666666668,high,100.0,100.0,0.0,100.0,100.0,100.0,66.66666666666667,33.333333333333336
40059,"Harper County, Oklahoma",OK,609,68.00000000000001,medium,66.66666666666667,100.0,0.0,100.0,100.0,66.66666666666667,66.66666666666667,33.333333333333336
05067,"Jackson County, Arkansas",AR,610,77.06666666666668,high,100.0,100.0,0.0,100.0,100.0,100.0,66.66666666666667,33.333333333333336
51159,"Richmond County, Virginia",VA,611,72.00000000000001,high,100.0,66.66666666666667,0.0,100.0,100.0,100.0,66.66666666666667,33.333333333333336
21037,"Campbell County, Kentucky",KY,612,77.06666666666668,high,100.0,100.0,0.0,100.0,100.0,100.0,66.66666666666667,33.333333333333336
21045,"Casey County, Kentucky",KY,613,77.06666666666668,high,100.0,100.0,0.0,100.0,100.0,100.0,66.66666666666667,33.333333333333336
17197,"Will County, Illinois",IL,614,77.06666666666668,high,100.0,100.0,0.0,100.0,100.0,100.0,66.66666666666667,33.333333333333336
20065,"Graham County, Kansas",KS,615,68.00000000000001,medium,66.66666666666667,100.0,0.0,100.0,100.0,66.66666666666667,66.66666666666667,33.333333333333336
18113,"Noble County, Indiana",IN,616,77.06666666666668,high,100.0,100.0,0.0,100.0,100.0,100.0,66.66666666666667,33.333333333333336
17089,"Kane County, Illinois",IL,617,77.06666666666668,high,100.0,100.0,0.0,100.0,100.0,100.0,66.66666666666667,33.333333333333336
55077,"Marquette County, Wisconsin",WI,618,72.00000000000001,high,100.0,66.66666666666667,0.0,100.0,100.0,100.0,66.66666666666667,33.333333333333336
37131,"Northampton County, North Carolina",NC,619,77.06666666666668,high,100.0,100.0,0.0,100.0,100.0,100.0,66.66666666666667,33.333333333333336
18155,"Switzerland County, Indiana",IN,620,77.06666666666668,high,100.0,100.0,0.0,100.0,100.0,100.0,66.66666666666667,33.333333333333336
29123,"Madison County, Missouri",MO,621,77.06666666666668,high,100.0,100.0,0.0,100.0,100.0,100.0,66.66666666666667,33.333333333333336
21163,"Meade County, Kentucky",KY,622,77.06666666666668,high,100.0,100.0,0.0,100.0,100.0,100.0,66.66666666666667,33.333333333333336
26083,"Keweenaw County, Michigan",MI,623,68.00000000000001,medium,66.66666666666667,100.0,0.0,100.0,100.0,66.66666666666667,66.66666666666667,33.333333333333336
55091,"Pepin County, Wisconsin",WI,624,72.00000000000001,high,100.0,66.66666666666667,0.0,100.0,100.0,100.0,66.66666666666667,33.333333333333336
47013,"Campbell County, Tennessee",TN,625,77.06666666666668,high,100.0,100.0,0.0,100.0,100.0,100.0,66.66666666666667,33.333333333333336
26149,"St. Joseph County, Michigan",MI,626,77.06666666666668,high,100.0,100.0,0.0,100.0,100.0,100.0,66.66666666666667,33.333333333333336
54003,"Berkeley County, West Virginia",WV,627,72.00000000000001,high,100.0,66.66666666666667,0.0,100.0,100.0,100.0,66.66666666666667,33.333333333333336
37171,"Surry County, North Carolina",NC,628,77.06666666666668,high,100.0,100.0,0.0,100.0,100.0,100.0,66.66666666666667,33.333333333333336
20041,"Dickinson County, Kansas",KS,629,77.06666666666668,high,100.0,100.0,0.0,100.0,100.0,100.0,66.66666666666667,33.333333333333336
26141,"Presque Isle County, Michigan",MI,630,73.33333333333334,high,100.0,100.0,0.0,100.0,100.0,66.66666666666667,66.66666666666667,33.333333333333336
09001,"Fairfield County, Connecticut",CT,631,29.86666666666667,low,66.66666666666667,33.333333333333336,0.0,0.0,66.66666666666667,33.333333333333336,33.333333333333336,0.0
05085,"Lonoke County, Arkansas",AR,632,77.06666666666668,high,100.0,100.0,0.0,100.0,100.0,100.0,66.66666666666667,33.333333333333336
31067,"Gage County, Nebraska",NE,633,77.06666666666668,high,100.0,100.0,0.0,100.0,100.0,100.0,66.66666666666667,33.333333333333336
18081,"Johnson County, Indiana",IN,634,77.06666666666668,high,100.0,100.0,0.0,100.0,100.0,100.0,66.66666666666667,33.333333333333336
05115,"Pope County, Arkansas",AR,635,77.06666666666668,high,100.0,100.0,0.0,100.0,100.0,100.0,66.66666666666667,33.333333333333336
21161,"Mason County, Kentucky",KY,636,77.06666666666668,high,100.0,100.0,0.0,100.0,100.0,100.0,66.66666666666667,33.333333333333336
29069,"Dunklin County, Missouri",MO,637,68.00000000000001,medium,66.66666666666667,100.0,0.0,100.0,100.0,66.66666666666667,66.66666666666667,33.333333333333336
17057,"Fulton County, Illinois",IL,638,77.06666666666668,high,100.0,100.0,0.0,100.0,100.0,100.0,66.66666666666667,33.333333333333336
23019,"Penobscot County, Maine",ME,639,73.33333333333334,high,100.0,100.0,0.0,100.0,100.0,66.66666666666667,66.66666666666667,33.333333333333336
55041,"Forest County, Wisconsin",WI,640,72.00000000000001,high,100.0,66.66666666666667,0.0,100.0,100.0,100.0,66.66666666666667,33.333333333333336
55099,"Price County, Wisconsin",WI,641,68.26666666666668,medium,100.0,66.66666666666667,0.0,100.0,100.0,66.66666666666667,66.66666666666667,33.333333333333336
55121,"Trempealeau County, Wisconsin",WI,642,72.00000000000001,high,100.0,66.66666666666667,0.0,100.0,100.0,100.0,66.66666666666667,33.333333333333336
21019,"Boyd County, Kentucky",KY,643,77.06666666666668,high,100.0,100.0,0.0,100.0,100.0,100.0,66.66666666666667,33.333333333333336
05071,"Johnson County, Arkansas",AR,644,77.06666666666668,high,100.0,100.0,0.0,100.0,100.0,100.0,66.66666666666667,33.333333333333336
05031,"Craighead County, Arkansas",AR,645,73.33333333333334,high,100.0,100.0,0.0,100.0,100.0,66.66666666666667,66.66666666666667,33.333333333333336
26121,"Muskegon County, Michigan",MI,646,77.06666666666668,high,100.0,100.0,0.0,100.0,100.0,100.0,66.66666666666667,33.333333333333336
17045,"Edgar County, Illinois",IL,647,77.06666666666668,high,100.0,100.0,0.0,100.0,100.0,100.0,66.66666666666667,33.333333333333336
45073,"Oconee County, South Carolina",SC,648,77.06666666666668,high,100.0,100.0,0.0,100.0,100.0,100.0,66.66666666666667,33.333333333333336
26007,"Alpena County, Michigan",MI,649,77.06666666666668,high,100.0,100.0,0.0,100.0,100.0,100.0,66.66666666666667,33.333333333333336
54041,"Lewis County, West Virginia",WV,650,72.00000000000001,high,100.0,66.66666666666667,0.0,100.0,100.0,100.0,66.66666666666667,33.333333333333336
36069,"Ontario County, New York",NY,651,73.33333333333334,high,100.0,100.0,0.0,100.0,100.0,66.66666666666667,66.66666666666667,33.333333333333336
26137,"Otsego County, Michigan",MI,652,73.33333333333334,high,100.0,100.0,0.0,100.0,100.0,66.66666666666667,66.66666666666667,33.333333333333336
13177,"Lee County, Georgia",GA,653,77.06666666666668,high,100.0,100.0,0.0,100.0,100.0,100.0,66.66666666666667,33.333333333333336
47079,"Henry County, Tennessee",TN,654,77.06666666666668,high,100.0,100.0,0.0,100.0,100.0,100.0,66.66666666666667,33.333333333333336
37073,"Gates County, North Carolina",NC,655,77.06666666666668,high,100.0,100.0,0.0,100.0,100.0,100.0,66.66666666666667,33.333333333333336
39051,"Fulton County, Ohio",OH,656,77.06666666666668,high,100.0,100.0,0.0,100.0,100.0,100.0,66.66666666666667,33.333333333333336
36051,"Livingston County, New York",NY,657,73.33333333333334,high,100.0,100.0,0.0,100.0,100.0,66.66666666666667,66.66666666666667,33.333333333333336
28109,"Pearl River County, Mississippi",MS,658,77.06666666666668,high,100.0,100.0,0.0,100.0,100.0,100.0,66.66666666666667,33.333333333333336
13071,"Colquitt County, Georgia",GA,659,77.06666666666668,high,100.0,100.0,0.0,100.0,100.0,100.0,66.66666666666667,33.333333333333336
20135,"Ness County, Kansas",KS,660,68.00000000000001,medium,66.66666666666667,100.0,0.0,100.0,100.0,66.66666666666667,66.66666666666667,33.333333333333336
18101,"Martin County, Indiana",IN,661,77.06666666666668,high,100.0,100.0,0.0,100.0,100.0,100.0,66.66666666666667,33.333333333333336
21077,"Gallatin County, Kentucky",KY,662,77.06666666666668,high,100.0,100.0,0.0,100.0,100.0,100.0,66.66666666666667,33.333333333333336
39055,"Geauga County, Ohio",OH,663,77.06666666666668,high,100.0,100.0,0.0,100.0,100.0,100.0,66.66666666666667,33.333333333333336
27001,"Aitkin County, Minnesota",MN,664,73.33333333333334,high,100.0,100.0,0.0,100.0,100.0,66.66666666666667,66.66666666666667,33.333333333333336
18047,"Franklin County, Indiana",IN,665,77.06666666666668,high,100.0,100.0,0.0,100.0,100.0,100.0,66.66666666666667,33.333333333333336
17141,"Ogle County, Illinois",IL,666,77.06666666666668,high,100.0,100.0,0.0,100.0,100.0,100.0,66.66666666666667,33.333333333333336
17133,"Monroe County, Illinois",IL,667,73.33333333333334,high,100.0,100.0,0.0,100.0,100.0,66.66666666666667,66.66666666666667,33.333333333333336
51035,"Carroll County, Virginia",VA,668,77.06666666666668,high,100.0,100.0,0.0,100.0,100.0,100.0,66.66666666666667,33.333333333333336
40057,"Harmon County, Oklahoma",OK,669,68.00000000000001,medium,66.66666666666667,100.0,0.0,100.0,66.66666666666667,100.0,66.66666666666667,33.333333333333336
21047,"Christian County, Kentucky",KY,670,77.06666666666668,high,100.0,100.0,0.0,100.0,100.0,100.0,66.66666666666667,33.333333333333336
29127,"Marion County, Missouri",MO,671,77.06666666666668,high,100.0,100.0,0.0,100.0,100.0,100.0,66.66666666666667,33.333333333333336
54031,"Hardy County, West Virginia",WV,672,72.00000000000001,high,100.0,66.66666666666667,0.0,100.0,100.0,100.0,66.66666666666667,33.333333333333336
51079,"Greene County, Virginia",VA,673,72.00000000000001,high,100.0,66.66666666666667,0.0,100.0,100.0,100.0,66.66666666666667,33.333333333333336
55023,"Crawford County, Wisconsin",WI,674,72.00000000000001,high,100.0,66.66666666666667,0.0,100.0,100.0,100.0,66.66666666666667,33.333333333333336
05015,"Carroll County, Arkansas",AR,675,77.06666666666668,high,100.0,100.0,0.0,100.0,100.0,100.0,66.66666666666667,33.333333333333336
40027,"Cleveland County, Oklahoma",OK,676,77.06666666666668,high,100.0,100.0,0.0,100.0,100.0,100.0,66.66666666666667,33.333333333333336
37071,"Gaston County, North Carolina",NC,677,77.06666666666668,high,100.0,100.0,0.0,100.0,100.0,100.0,66.66666666666667,33.333333333333336
39053,"Gallia County, Ohio",OH,678,77.06666666666668,high,100.0,100.0,0.0,100.0,100.0,100.0,66.66666666666667,33.333333333333336
39027,"Clinton County, Ohio",OH,679,77.06666666666668,high,100.0,100.0,0.0,100.0,100.0,100.0,66.66666666666667,33.333333333333336
54067,"Nicholas County, West Virginia",WV,680,72.00000000000001,high,100.0,66.66666666666667,0.0,100.0,100.0,100.0,66.66666666666667,33.333333333333336
34019,"Hunterdon County, New Jersey",NJ,681,77.06666666666668,high,100.0,100.0,0.0,100.0,100.0,100.0,66.66666666666667,33.333333333333336
31095,"Jefferson County, Nebraska",NE,682,77.06666666666668,high,100.0,100.0,0.0,100.0,100.0,100.0,66.66666666666667,33.333333333333336
18013,"Brown County, Indiana",IN,683,77.06666666666668,high,100.0,100.0,0.0,100.0,100.0,100.0,66.66666666666667,33.333333333333336
21139,"Livingston County, Kentucky",KY,684,73.33333333333334,high,100.0,100.0,0.0,100.0,66.66666666666667,100.0,66.66666666666667,33.333333333333336
18043,"Floyd County, Indiana",IN,685,77.06666666666668,high,100.0,100.0,0.0,100.0,100.0,100.0,66.66666666666667,33.333333333333336
26131,"Ontonagon County, Michigan",MI,686,73.33333333333334,high,100.0,100.0,0.0,100.0,100.0,66.66666666666667,66.66666666666667,33.333333333333336
26155,"Shiawassee County, Michigan",MI,687,77.06666666666668,high,100.0,100.0,0.0,100.0,100.0,100.0,66.66666666666667,33.333333333333336
29217,"Vernon County, Missouri",MO,688,77.06666666666668,high,100.0,100.0,0.0,100.0,100.0,100.0,66.66666666666667,33.333333333333336
26119,"Montmorency County, Michigan",MI,689,73.33333333333334,high,100.0,100.0,0.0,100.0,100.0,66.66666666666667,66.66666666666667,33.333333333333336
54091,"Taylor County, West Virginia",WV,690,72.00000000000001,high,100.0,66.66666666666667,0.0,100.0,100.0,100.0,66.66666666666667,33.333333333333336
39163,"Vinton County, Ohio",OH,691,73.33333333333334,high,100.0,100.0,0.0,100.0,100.0,66.66666666666667,66.66666666666667,33.333333333333336
21179,"Nelson County, Kentucky",KY,692,77.06666666666668,high,100.0,100.0,0.0,100.0,100.0,100.0,66.66666666666667,33.333333333333336
26079,"Kalkaska County, Michigan",MI,693,73.33333333333334,high,100.0,100.0,0.0,100.0,100.0,66.66666666666667,66.66666666666667,33.333333333333336
20053,"Ellsworth County, Kansas",KS,694,77.06666666666668,high,100.0,100.0,0.0,100.0,100.0,100.0,66.66666666666667,33.333333333333336
20083,"Hodgeman County, Kansas",KS,695,68.00000000000001,medium,66.66666666666667,100.0,0.0,100.0,100.0,66.66666666666667,66.66666666666667,33.333333333333336
55087,"Outagamie County, Wisconsin",WI,696,72.00000000000001,high,100.0,66.66666666666667,0.0,100.0,100.0,100.0,66.66666666666667,33.333333333333336
54095,"Tyler County, West Virginia",WV,697,66.66666666666667,medium,66.66666666666667,66.66666666666667,0.0,100.0,100.0,100.0,66.66666666666667,33.333333333333336
21173,"Montgomery County, Kentucky",KY,698,77.06666666666668,high,100.0,100.0,0.0,100.0,100.0,100.0,66.66666666666667,33.333333333333336
36033,"Franklin County, New York",NY,699,73.33333333333334,high,100.0,100.0,0.0,100.0,100.0,66.66666666666667,66.66666666666667,33.333333333333336
54099,"Wayne County, West Virginia",WV,700,72.00000000000001,high,100.0,66.66666666666667,0.0,100.0,100.0,100.0,66.66666666666667,33.333333333333336
21067,"Fayette County, Kentucky",KY,701,73.33333333333334,high,100.0,100.0,0.0,100.0,100.0,66.66666666666667,66.66666666666667,33.333333333333336
51157,"Rappahannock County, Virginia",VA,702,72.00000000000001,high,100.0,66.66666666666667,0.0,100.0,100.0,100.0,66.66666666666667,33.333333333333336
51053,"Dinwiddie County, Virginia",VA,703,77.06666666666668,high,100.0,100.0,0.0,100.0,100.0,100.0,66.66666666666667,33.333333333333336
54035,"Jackson County, West Virginia",WV,704,72.00000000000001,high,100.0,66.66666666666667,0.0,100.0,100.0,100.0,66.66666666666667,33.333333333333336
37123,"Montgomery County, North Carolina",NC,705,77.06666666666668,high,100.0,100.0,0.0,100.0,100.0,100.0,66.66666666666667,33.333333333333336
56025,"Natrona County, Wyoming",WY,706,72.00000000000001,high,100.0,66.66666666666667,0.0,100.0,100.0,100.0,66.66666666666667,33.333333333333336
13127,"Glynn County, Georgia",GA,707,77.06666666666668,high,100.0,100.0,0.0,100.0,100.0,100.0,66.66666666666667,33.333333333333336
45085,"Sumter County, South Carolina",SC,708,77.06666666666668,high,100.0,100.0,0.0,100.0,100.0,100.0,66.66666666666667,33.333333333333336
54019,"Fayette County, West Virginia",WV,709,72.00000000000001,high,100.0,66.66666666666667,0.0,100.0,100.0,100.0,66.66666666666667,33.333333333333336
51750,"Radford city, Virginia",VA,710,64.53333333333333,medium,100.0,66.66666666666667,0.0,100.0,66.66666666666667,66.66666666666667,66.66666666666667,33.333333333333336
01039,"Covington County, Alabama",AL,711,77.06666666666668,high,100.0,100.0,0.0,100.0,100.0,100.0,66.66666666666667,33.333333333333336
27129,"Renville County, Minnesota",MN,712,73.33333333333334,high,100.0,100.0,0.0,100.0,100.0,66.66666666666667,66.66666666666667,33.333333333333336
17113,"McLean County, Illinois",IL,713,77.06666666666668,high,100.0,100.0,0.0,100.0,100.0,100.0,66.66666666666667,33.333333333333336
54061,"Monongalia County, West Virginia",WV,714,72.00000000000001,high,100.0,66.66666666666667,0.0,100.0,100.0,100.0,66.66666666666667,33.333333333333336
09009,"New Haven County, Connecticut",CT,715,29.86666666666667,low,66.66666666666667,33.333333333333336,0.0,0.0,66.66666666666667,33.333333333333336,33.333333333333336,0.0
27107,"Norman County, Minnesota",MN,716,77.06666666666668,high,100.0,100.0,0.0,100.0,100.0,100.0,66.66666666666667,33.333333333333336
29121,"Macon County, Missouri",MO,717,77.06666666666668,high,100.0,100.0,0.0,100.0,100.0,100.0,66.66666666666667,33.333333333333336
54101,"Webster County, West Virginia",WV,718,66.66666666666667,medium,66.66666666666667,66.66666666666667,0.0,100.0,100.0,100.0,66.66666666666667,33.333333333333336
36111,"Ulster County, New York",NY,719,77.06666666666668,high,100.0,100.0,0.0,100.0,100.0,100.0,66.66666666666667,33.333333333333336
18109,"Morgan County, Indiana",IN,720,77.06666666666668,high,100.0,100.0,0.0,100.0,100.0,100.0,66.66666666666667,33.333333333333336
36115,"Washington County, New York",NY,721,73.33333333333334,high,100.0,100.0,0.0,100.0,100.0,66.66666666666667,66.66666666666667,33.333333333333336
13241,"Rabun County, Georgia",GA,722,77.06666666666668,high,100.0,100.0,0.0,100.0,100.0,100.0,66.66666666666667,33.333333333333336
30013,"Cascade County, Montana",MT,723,77.06666666666668,high,100.0,100.0,0.0,100.0,100.0,100.0,66.66666666666667,33.333333333333336
21029,"Bullitt County, Kentucky",KY,724,77.06666666666668,high,100.0,100.0,0.0,100.0,100.0,100.0,66.66666666666667,33.333333333333336
39047,"Fayette County, Ohio",OH,725,73.33333333333334,high,100.0,100.0,0.0,100.0,100.0,66.66666666666667,66.66666666666667,33.333333333333336
20161,"Riley County, Kansas",KS,726,77.06666666666668,high,100.0,100.0,0.0,100.0,100.0,100.0,66.66666666666667,33.333333333333336
25013,"Hampden County, Massachusetts",MA,727,77.06666666666668,high,100.0,100.0,0.0,100.0,100.0,100.0,66.66666666666667,33.333333333333336
47001,"Anderson County, Tennessee",TN,728,77.06666666666668,high,100.0,100.0,0.0,100.0,100.0,100.0,66.66666666666667,33.333333333333336
29169,"Pulaski County, Missouri",MO,729,77.06666666666668,high,100.0,100.0,0.0,100.0,100.0,100.0,66.66666666666667,33.333333333333336
26101,"Manistee County, Michigan",MI,730,73.33333333333334,high,100.0,100.0,0.0,100.0,100.0,66.66666666666667,66.66666666666667,33.333333333333336
55017,"Chippewa County, Wisconsin",WI,731,72.00000000000001,high,100.0,66.66666666666667,0.0,100.0,100.0,100.0,66.66666666666667,33.333333333333336
13093,"Dooly County, Georgia",GA,732,71.73333333333335,high,66.66666666666667,100.0,0.0,100.0,100.0,100.0,66.66666666666667,33.333333333333336
39021,"Champaign County, Ohio",OH,733,77.06666666666668,high,100.0,100.0,0.0,100.0,100.0,100.0,66.66666666666667,33.333333333333336
21095,"Harlan County, Kentucky",KY,734,71.73333333333335,high,66.66666666666667,100.0,0.0,100.0,100.0,100.0,66.66666666666667,33.333333333333336
01049,"DeKalb County, Alabama",AL,735,77.06666666666668,high,100.0,100.0,0.0,100.0,100.0,100.0,66.66666666666667,33.333333333333336
51137,"Orange County, Virginia",VA,736,72.00000000000001,high,100.0,66.66666666666667,0.0,100.0,100.0,100.0,66.66666666666667,33.333333333333336
29019,"Boone County, Missouri",MO,737,77.06666666666668,high,100.0,100.0,0.0,100.0,100.0,100.0,66.66666666666667,33.333333333333336
56001,"Albany County, Wyoming",WY,738,72.00000000000001,high,100.0,66.66666666666667,0.0,100.0,100.0,100.0,66.66666666666667,33.333333333333336
29117,"Livingston County, Missouri",MO,739,73.33333333333334,high,100.0,100.0,0.0,100.0,100.0,66.66666666666667,66.66666666666667,33.333333333333336
26161,"Washtenaw County, Michigan",MI,740,77.06666666666668,high,100.0,100.0,0.0,100.0,100.0,100.0,66.66666666666667,33.333333333333336
19197,"Wright County, Iowa",IA,741,77.06666666666668,high,100.0,100.0,0.0,100.0,100.0,100.0,66.66666666666667,33.333333333333336
51073,"Gloucester County, Virginia",VA,742,72.00000000000001,high,100.0,66.66666666666667,0.0,100.0,100.0,100.0,66.66666666666667,33.333333333333336
17087,"Johnson County, Illinois",IL,743,73.33333333333334,high,100.0,100.0,0.0,100.0,100.0,66.66666666666667,66.66666666666667,33.333333333333336
18105,"Monroe County, Indiana",IN,744,77.06666666666668,high,100.0,100.0,0.0,100.0,100.0,100.0,66.66666666666667,33.333333333333336
42003,"Allegheny County, Pennsylvania",PA,745,77.06666666666668,high,100.0,100.0,0.0,100.0,100.0,100.0,66.66666666666667,33.333333333333336
21011,"Bath County, Kentucky",KY,746,77.06666666666668,high,100.0,100.0,0.0,100.0,100.0,100.0,66.66666666666667,33.333333333333336
13311,"White County, Georgia",GA,747,77.06666666666668,high,100.0,100.0,0.0,100.0,100.0,100.0,66.66666666666667,33.333333333333336
26015,"Barry County, Michigan",MI,748,77.06666666666668,high,100.0,100.0,0.0,100.0,100.0,100.0,66.66666666666667,33.333333333333336
54037,"Jefferson County, West Virginia",WV,749,72.00000000000001,high,100.0,66.66666666666667,0.0,100.0,100.0,100.0,66.66666666666667,33.333333333333336
42065,"Jefferson County, Pennsylvania",PA,750,77.06666666666668,high,100.0,100.0,0.0,100.0,100.0,100.0,66.66666666666667,33.333333333333336
26081,"Kent County, Michigan",MI,751,73.33333333333334,high,100.0,100.0,0.0,100.0,100.0,66.66666666666667,66.66666666666667,33.333333333333336
37035,"Catawba County, North Carolina",NC,752,77.06666666666668,high,100.0,100.0,0.0,100.0,100.0,100.0,66.66666666666667,33.333333333333336
21239,"Woodford County, Kentucky",KY,753,77.06666666666668,high,100.0,100.0,0.0,100.0,100.0,100.0,66.66666666666667,33.333333333333336
13253,"Seminole County, Georgia",GA,754,77.06666666666668,high,100.0,100.0,0.0,100.0,100.0,100.0,66.66666666666667,33.333333333333336
20167,"Russell County, Kansas",KS,755,68.00000000000001,medium,66.66666666666667,100.0,0.0,100.0,100.0,66.66666666666667,66.66666666666667,33.333333333333336
21027,"Breckinridge County, Kentucky",KY,756,77.06666666666668,high,100.0,100.0,0.0,100.0,100.0,100.0,66.66666666666667,33.333333333333336
39073,"Hocking County, Ohio",OH,757,77.06666666666668,high,100.0,100.0,0.0,100.0,100.0,100.0,66.66666666666667,33.333333333333336
39167,"Washington County, Ohio",OH,758,77.06666666666668,high,100.0,100.0,0.0,100.0,100.0,100.0,66.66666666666667,33.333333333333336
29161,"Phelps County, Missouri",MO,759,77.06666666666668,high,100.0,100.0,0.0,100.0,100.0,100.0,66.66666666666667,33.333333333333336
17203,"Woodford County, Illinois",IL,760,77.06666666666668,high,100.0,100.0,0.0,100.0,100.0,100.0,66.66666666666667,33.333333333333336
20169,"Saline County, Kansas",KS,761,77.06666666666668,high,100.0,100.0,0.0,100.0,100.0,100.0,66.66666666666667,33.333333333333336
21017,"Bourbon County, Kentucky",KY,762,77.06666666666668,high,100.0,100.0,0.0,100.0,100.0,100.0,66.66666666666667,33.333333333333336
18073,"Jasper County, Indiana",IN,763,77.06666666666668,high,100.0,100.0,0.0,100.0,100.0,100.0,66.66666666666667,33.333333333333336
51187,"Warren County, Virginia",VA,764,72.00000000000001,high,100.0,66.66666666666667,0.0,100.0,100.0,100.0,66.66666666666667,33.333333333333336
17127,"Massac County, Illinois",IL,765,73.33333333333334,high,100.0,100.0,0.0,100.0,100.0,66.66666666666667,66.66666666666667,33.333333333333336
17073,"Henry County, Illinois",IL,766,77.06666666666668,high,100.0,100.0,0.0,100.0,100.0,100.0,66.66666666666667,33.333333333333336
29007,"Audrain County, Missouri",MO,767,77.06666666666668,high,100.0,100.0,0.0,100.0,100.0,100.0,66.66666666666667,33.333333333333336
18127,"Porter County, Indiana",IN,768,77.06666666666668,high,100.0,100.0,0.0,100.0,100.0,100.0,66.66666666666667,33.333333333333336
36027,"Dutchess County, New York",NY,769,77.06666666666668,high,100.0,100.0,0.0,100.0,100.0,100.0,66.66666666666667,33.333333333333336
51067,"Franklin County, Virginia",VA,770,77.06666666666668,high,100.0,100.0,0.0,100.0,100.0,100.0,66.66666666666667,33.333333333333336
48485,"Wichita County, Texas",TX,771,77.06666666666668,high,100.0,100.0,0.0,100.0,100.0,100.0,66.66666666666667,33.333333333333336
37075,"Graham County, North Carolina",NC,772,77.06666666666668,high,100.0,100.0,0.0,100.0,100.0,100.0,66.66666666666667,33.333333333333336
17059,"Gallatin County, Illinois",IL,773,73.33333333333334,high,100.0,100.0,0.0,100.0,66.66666666666667,100.0,66.66666666666667,33.333333333333336
54023,"Grant County, West Virginia",WV,774,66.66666666666667,medium,66.66666666666667,66.66666666666667,0.0,100.0,100.0,100.0,66.66666666666667,33.333333333333336
47113,"Madison County, Tennessee",TN,775,77.06666666666668,high,100.0,100.0,0.0,100.0,100.0,100.0,66.66666666666667,33.333333333333336
51790,"Staunton city, Virginia",VA,776,64.53333333333333,medium,100.0,66.66666666666667,0.0,100.0,66.66666666666667,66.66666666666667,66.66666666666667,33.333333333333336
19025,"Calhoun County, Iowa",IA,777,77.06666666666668,high,100.0,100.0,0.0,100.0,100.0,100.0,66.66666666666667,33.333333333333336
29203,"Shannon County, Missouri",MO,778,73.33333333333334,high,100.0,100.0,0.0,100.0,100.0,66.66666666666667,66.66666666666667,33.333333333333336
18029,"Dearborn County, Indiana",IN,779,77.06666666666668,high,100.0,100.0,0.0,100.0,100.0,100.0,66.66666666666667,33.333333333333336
18001,"Adams County, Indiana",IN,780,77.06666666666668,high,100.0,100.0,0.0,100.0,100.0,100.0,66.66666666666667,33.333333333333336
18133,"Putnam County, Indiana",IN,781,77.06666666666668,high,100.0,100.0,0.0,100.0,100.0,100.0,66.66666666666667,33.333333333333336
55097,"Portage County, Wisconsin",WI,782,72.00000000000001,high,100.0,66.66666666666667,0.0,100.0,100.0,100.0,66.66666666666667,33.333333333333336
40025,"Cimarron County, Oklahoma",OK,783,68.00000000000001,medium,66.66666666666667,100.0,0.0,100.0,100.0,66.66666666666667,66.66666666666667,33.333333333333336
35006,"Cibola County, New Mexico",NM,784,73.33333333333334,high,100.0,100.0,0.0,100.0,66.66666666666667,100.0,66.66666666666667,33.333333333333336
29145,"Newton County, Missouri",MO,785,77.06666666666668,high,100.0,100.0,0.0,100.0,100.0,100.0,66.66666666666667,33.333333333333336
51149,"Prince George County, Virginia",VA,786,72.00000000000001,high,100.0,66.66666666666667,0.0,100.0,100.0,100.0,66.66666666666667,33.333333333333336
05063,"Independence County, Arkansas",AR,787,77.06666666666668,high,100.0,100.0,0.0,100.0,100.0,100.0,66.66666666666667,33.333333333333336
40075,"Kiowa County, Oklahoma",OK,788,71.73333333333335,high,66.66666666666667,100.0,0.0,100.0,100.0,100.0,66.66666666666667,33.333333333333336
18159,"Tipton County, Indiana",IN,789,77.06666666666668,high,100.0,100.0,0.0,100.0,100.0,100.0,66.66666666666667,33.333333333333336
13125,"Glascock County, Georgia",GA,790,64.26666666666667,medium,66.66666666666667,100.0,0.0,100.0,66.66666666666667,66.66666666666667,66.66666666666667,33.333333333333336
29201,"Scott County, Missouri",MO,791,77.06666666666668,high,100.0,100.0,0.0,100.0,100.0,100.0,66.66666666666667,33.333333333333336
51520,"Bristol city, Virginia",VA,792,68.26666666666668,medium,100.0,66.66666666666667,0.0,100.0,100.0,66.66666666666667,66.66666666666667,33.333333333333336
55011,"Buffalo County, Wisconsin",WI,793,72.00000000000001,high,100.0,66.66666666666667,0.0,100.0,100.0,100.0,66.66666666666667,33.333333333333336
51031,"Campbell County, Virginia",VA,794,77.06666666666668,high,100.0,100.0,0.0,100.0,100.0,100.0,66.66666666666667,33.333333333333336
20145,"Pawnee County, Kansas",KS,795,73.33333333333334,high,100.0,100.0,0.0,100.0,100.0,66.66666666666667,66.66666666666667,33.333333333333336
09007,"Middlesex County, Connecticut",CT,796,29.86666666666667,low,66.66666666666667,33.333333333333336,0.0,0.0,66.66666666666667,33.333333333333336,33.333333333333336,0.0
18179,"Wells County, Indiana",IN,797,77.06666666666668,high,100.0,100.0,0.0,100.0,100.0,100.0,66.66666666666667,33.333333333333336
18039,"Elkhart County, Indiana",IN,798,77.06666666666668,high,100.0,100.0,0.0,100.0,100.0,100.0,66.66666666666667,33.333333333333336
17023,"Clark County, Illinois",IL,799,77.06666666666668,high,100.0,100.0,0.0,100.0,100.0,100.0,66.66666666666667,33.333333333333336
27117,"Pipestone County, Minnesota",MN,800,73.33333333333334,high,100.0,100.0,0.0,100.0,100.0,66.66666666666667,66.66666666666667,33.333333333333336
29195,"Saline County, Missouri",MO,801,77.06666666666668,high,100.0,100.0,0.0,100.0,100.0,100.0,66.66666666666667,33.333333333333336
29510,"St. Louis city, Missouri",MO,802,69.60000000000001,medium,100.0,100.0,0.0,100.0,66.66666666666667,66.66666666666667,66.66666666666667,33.333333333333336
21143,"Lyon County, Kentucky",KY,803,77.06666666666668,high,100.0,100.0,0.0,100.0,100.0,100.0,66.66666666666667,33.333333333333336
20061,"Geary County, Kansas",KS,804,77.06666666666668,high,100.0,100.0,0.0,100.0,100.0,100.0,66.66666666666667,33.333333333333336
47049,"Fentress County, Tennessee",TN,805,77.06666666666668,high,100.0,100.0,0.0,100.0,100.0,100.0,66.66666666666667,33.333333333333336
51800,"Suffolk city, Virginia",VA,806,68.26666666666668,medium,100.0,66.66666666666667,0.0,100.0,100.0,66.66666666666667,66.66666666666667,33.333333333333336
18031,"Decatur County, Indiana",IN,807,77.06666666666668,high,100.0,100.0,0.0,100.0,100.0,100.0,66.66666666666667,33.333333333333336
51595,"Emporia city, Virginia",VA,808,62.933333333333344,medium,66.66666666666667,66.66666666666667,0.0,100.0,100.0,66.66666666666667,66.66666666666667,33.333333333333336
13045,"Carroll County, Georgia",GA,809,77.06666666666668,high,100.0,100.0,0.0,100.0,100.0,100.0,66.66666666666667,33.333333333333336
42045,"Delaware County, Pennsylvania",PA,810,77.06666666666668,high,100.0,100.0,0.0,100.0,100.0,100.0,66.66666666666667,33.333333333333336
13189,"McDuffie County, Georgia",GA,811,77.06666666666668,high,100.0,100.0,0.0,100.0,100.0,100.0,66.66666666666667,33.333333333333336
21123,"Larue County, Kentucky",KY,812,77.06666666666668,high,100.0,100.0,0.0,100.0,100.0,100.0,66.66666666666667,33.333333333333336
21021,"Boyle County, Kentucky",KY,813,77.06666666666668,high,100.0,100.0,0.0,100.0,100.0,100.0,66.66666666666667,33.333333333333336
51081,"Greensville County, Virginia",VA,814,66.66666666666667,medium,66.66666666666667,66.66666666666667,0.0,100.0,100.0,100.0,66.66666666666667,33.333333333333336
29055,"Crawford County, Missouri",MO,815,77.06666666666668,high,100.0,100.0,0.0,100.0,100.0,100.0,66.66666666666667,33.333333333333336
47053,"Gibson County, Tennessee",TN,816,77.06666666666668,high,100.0,100.0,0.0,100.0,100.0,100.0,66.66666666666667,33.333333333333336
01081,"Lee County, Alabama",AL,817,77.06666666666668,high,100.0,100.0,0.0,100.0,100.0,100.0,66.66666666666667,33.333333333333336
29163,"Pike County, Missouri",MO,818,77.06666666666668,high,100.0,100.0,0.0,100.0,100.0,100.0,66.66666666666667,33.333333333333336
17055,"Franklin County, Illinois",IL,819,77.06666666666668,high,100.0,100.0,0.0,100.0,100.0,100.0,66.66666666666667,33.333333333333336
18015,"Carroll County, Indiana",IN,820,77.06666666666668,high,100.0,100.0,0.0,100.0,100.0,100.0,66.66666666666667,33.333333333333336
35009,"Curry County, New Mexico",NM,821,77.06666666666668,high,100.0,100.0,0.0,100.0,100.0,100.0,66.66666666666667,33.333333333333336
20089,"Jewell County, Kansas",KS,822,68.00000000000001,medium,66.66666666666667,100.0,0.0,100.0,100.0,66.66666666666667,66.66666666666667,33.333333333333336
37159,"Rowan County, North Carolina",NC,823,77.06666666666668,high,100.0,100.0,0.0,100.0,100.0,100.0,66.66666666666667,33.333333333333336
17075,"Iroquois County, Illinois",IL,824,77.06666666666668,high,100.0,100.0,0.0,100.0,100.0,100.0,66.66666666666667,33.333333333333336
20005,"Atchison County, Kansas",KS,825,77.06666666666668,high,100.0,100.0,0.0,100.0,100.0,100.0,66.66666666666667,33.333333333333336
39117,"Morrow County, Ohio",OH,826,77.06666666666668,high,100.0,100.0,0.0,100.0,100.0,100.0,66.66666666666667,33.333333333333336
13015,"Bartow County, Georgia",GA,827,77.06666666666668,high,100.0,100.0,0.0,100.0,100.0,100.0,66.66666666666667,33.333333333333336
47027,"Clay County, Tennessee",TN,828,71.73333333333335,high,66.66666666666667,100.0,0.0,100.0,100.0,100.0,66.66666666666667,33.333333333333336
37151,"Randolph County, North Carolina",NC,829,77.06666666666668,high,100.0,100.0,0.0,100.0,100.0,100.0,66.66666666666667,33.333333333333336
55049,"Iowa County, Wisconsin",WI,830,72.00000000000001,high,100.0,66.66666666666667,0.0,100.0,100.0,100.0,66.66666666666667,33.333333333333336
21147,"McCreary County, Kentucky",KY,831,77.06666666666668,high,100.0,100.0,0.0,100.0,100.0,100.0,66.66666666666667,33.333333333333336
37193,"Wilkes County, North Carolina",NC,832,77.06666666666668,high,100.0,100.0,0.0,100.0,100.0,100.0,66.66666666666667,33.333333333333336
26107,"Mecosta County, Michigan",MI,833,77.06666666666668,high,100.0,100.0,0.0,100.0,100.0,100.0,66.66666666666667,33.333333333333336
29149,"Oregon County, Missouri",MO,834,77.06666666666668,high,100.0,100.0,0.0,100.0,100.0,100.0,66.66666666666667,33.333333333333336
21157,"Marshall County, Kentucky",KY,835,77.06666666666668,high,100.0,100.0,0.0,100.0,100.0,100.0,66.66666666666667,33.333333333333336
51163,"Rockbridge County, Virginia",VA,836,72.00000000000001,high,100.0,66.66666666666667,0.0,100.0,100.0,100.0,66.66666666666667,33.333333333333336
37127,"Nash County, North Carolina",NC,837,77.06666666666668,high,100.0,100.0,0.0,100.0,100.0,100.0,66.66666666666667,33.333333333333336
36079,"Putnam County, New York",NY,838,77.06666666666668,high,100.0,100.0,0.0,100.0,100.0,100.0,66.66666666666667,33.333333333333336
29025,"Caldwell County, Missouri",MO,839,77.06666666666668,high,100.0,100.0,0.0,100.0,100.0,100.0,66.66666666666667,33.333333333333336
54063,"Monroe County, West Virginia",WV,840,72.00000000000001,high,100.0,66.66666666666667,0.0,100.0,100.0,100.0,66.66666666666667,33.333333333333336
55033,"Dunn County, Wisconsin",WI,841,72.00000000000001,high,100.0,66.66666666666667,0.0,100.0,100.0,100.0,66.66666666666667,33.333333333333336
26153,"Schoolcraft County, Michigan",MI,842,73.33333333333334,high,100.0,100.0,0.0,100.0,100.0,66.66666666666667,66.66666666666667,33.333333333333336
47163,"Sullivan County, Tennessee",TN,843,77.06666666666668,high,100.0,100.0,0.0,100.0,100.0,100.0,66.66666666666667,33.333333333333336
47061,"Grundy County, Tennessee",TN,844,77.06666666666668,high,100.0,100.0,0.0,100.0,100.0,100.0,66.66666666666667,33.333333333333336
18079,"Jennings County, Indiana",IN,845,77.06666666666668,high,100.0,100.0,0.0,100.0,100.0,100.0,66.66666666666667,33.333333333333336
37001,"Alamance County, North Carolina",NC,846,77.06666666666668,high,100.0,100.0,0.0,100.0,100.0,100.0,66.66666666666667,33.333333333333336
21195,"Pike County, Kentucky",KY,847,77.06666666666668,high,100.0,100.0,0.0,100.0,100.0,100.0,66.66666666666667,33.333333333333336
18037,"Dubois County, Indiana",IN,848,77.06666666666668,high,100.0,100.0,0.0,100.0,100.0,100.0,66.66666666666667,33.333333333333336
45003,"Aiken County, South Carolina",SC,849,77.06666666666668,high,100.0,100.0,0.0,100.0,100.0,100.0,66.66666666666667,33.333333333333336
40033,"Cotton County, Oklahoma",OK,850,68.00000000000001,medium,66.66666666666667,100.0,0.0,100.0,100.0,66.66666666666667,66.66666666666667,33.333333333333336
05127,"Scott County, Arkansas",AR,851,73.33333333333334,high,100.0,100.0,0.0,100.0,100.0,66.66666666666667,66.66666666666667,33.333333333333336
21075,"Fulton County, Kentucky",KY,852,77.06666666666668,high,100.0,100.0,0.0,100.0,100.0,100.0,66.66666666666667,33.333333333333336
55007,"Bayfield County, Wisconsin",WI,853,72.00000000000001,high,100.0,66.66666666666667,0.0,100.0,100.0,100.0,66.66666666666667,33.333333333333336
23003,"Aroostook County, Maine",ME,854,77.06666666666668,high,100.0,100.0,0.0,100.0,100.0,100.0,66.66666666666667,33.333333333333336
51139,"Page County, Virginia",VA,855,72.00000000000001,high,100.0,66.66666666666667,0.0,100.0,100.0,100.0,66.66666666666667,33.333333333333336
37117,"Martin County, North Carolina",NC,856,77.06666666666668,high,100.0,100.0,0.0,100.0,100.0,100.0,66.66666666666667,33.333333333333336
24005,"Baltimore County, Maryland",MD,857,73.33333333333334,high,100.0,100.0,0.0,100.0,100.0,66.66666666666667,66.66666666666667,33.333333333333336
27067,"Kandiyohi County, Minnesota",MN,858,77.06666666666668,high,100.0,100.0,0.0,100.0,100.0,100.0,66.66666666666667,33.333333333333336
36057,"Montgomery County, New York",NY,859,77.06666666666668,high,100.0,100.0,0.0,100.0,100.0,100.0,66.66666666666667,33.333333333333336
55045,"Green County, Wisconsin",WI,860,72.00000000000001,high,100.0,66.66666666666667,0.0,100.0,100.0,100.0,66.66666666666667,33.333333333333336
20111,"Lyon County, Kansas",KS,861,77.06666666666668,high,100.0,100.0,0.0,100.0,100.0,100.0,66.66666666666667,33.333333333333336
19193,"Woodbury County, Iowa",IA,862,77.06666666666668,high,100.0,100.0,0.0,100.0,100.0,100.0,66.66666666666667,33.333333333333336
28035,"Forrest County, Mississippi",MS,863,77.06666666666668,high,100.0,100.0,0.0,100.0,100.0,100.0,66.66666666666667,33.333333333333336
20027,"Clay County, Kansas",KS,864,77.06666666666668,high,100.0,100.0,0.0,100.0,100.0,100.0,66.66666666666667,33.333333333333336
21169,"Metcalfe County, Kentucky",KY,865,73.33333333333334,high,100.0,100.0,0.0,100.0,66.66666666666667,100.0,66.66666666666667,33.333333333333336
40103,"Noble County, Oklahoma",OK,866,77.06666666666668,high,100.0,100.0,0.0,100.0,100.0,100.0,66.66666666666667,33.333333333333336
19145,"Page County, Iowa",IA,867,73.33333333333334,high,100.0,100.0,0.0,100.0,100.0,66.66666666666667,66.66666666666667,33.333333333333336
39121,"Noble County, Ohio",OH,868,77.06666666666668,high,100.0,100.0,0.0,100.0,100.0,100.0,66.66666666666667,33.333333333333336
35041,"Roosevelt County, New Mexico",NM,869,77.06666666666668,high,100.0,100.0,0.0,100.0,100.0,100.0,66.66666666666667,33.333333333333336
42043,"Dauphin County, Pennsylvania",PA,870,77.06666666666668,high,100.0,100.0,0.0,100.0,100.0,100.0,66.66666666666667,33.333333333333336
20127,"Morris County, Kansas",KS,871,68.00000000000001,medium,66.66666666666667,100.0,0.0,100.0,100.0,66.66666666666667,66.66666666666667,33.333333333333336
39165,"Warren County, Ohio",OH,872,77.06666666666668,high,100.0,100.0,0.0,100.0,100.0,100.0,66.66666666666667,33.333333333333336
51135,"Nottoway County, Virginia",VA,873,72.00000000000001,high,100.0,66.66666666666667,0.0,100.0,100.0,100.0,66.66666666666667,33.333333333333336
35005,"Chaves County, New Mexico",NM,874,77.06666666666668,high,100.0,100.0,0.0,100.0,100.0,100.0,66.66666666666667,33.333333333333336
37195,"Wilson County, North Carolina",NC,875,77.06666666666668,high,100.0,100.0,0.0,100.0,100.0,100.0,66.66666666666667,33.333333333333336
18115,"Ohio County, Indiana",IN,876,77.06666666666668,high,100.0,100.0,0.0,100.0,100.0,100.0,66.66666666666667,33.333333333333336
13037,"Calhoun County, Georgia",GA,877,71.73333333333335,high,66.66666666666667,100.0,0.0,100.0,100.0,100.0,66.66666666666667,33.333333333333336
13129,"Gordon County, Georgia",GA,878,77.06666666666668,high,100.0,100.0,0.0,100.0,100.0,100.0,66.66666666666667,33.333333333333336
51720,"Norton city, Virginia",VA,879,59.20000000000001,medium,66.66666666666667,66.66666666666667,0.0,100.0,66.66666666666667,66.66666666666667,66.66666666666667,33.333333333333336
26055,"Grand Traverse County, Michigan",MI,880,77.06666666666668,high,100.0,100.0,0.0,100.0,100.0,100.0,66.66666666666667,33.333333333333336
47131,"Obion County, Tennessee",TN,881,77.06666666666668,high,100.0,100.0,0.0,100.0,100.0,100.0,66.66666666666667,33.333333333333336
20059,"Franklin County, Kansas",KS,882,77.06666666666668,high,100.0,100.0,0.0,100.0,100.0,100.0,66.66666666666667,33.333333333333336
55009,"Brown County, Wisconsin",WI,883,72.00000000000001,high,100.0,66.66666666666667,0.0,100.0,100.0,100.0,66.66666666666667,33.333333333333336
29177,"Ray County, Missouri",MO,884,77.06666666666668,high,100.0,100.0,0.0,100.0,100.0,100.0,66.66666666666667,33.333333333333336
42133,"York County, Pennsylvania",PA,885,77.06666666666668,high,100.0,100.0,0.0,100.0,100.0,100.0,66.66666666666667,33.333333333333336
42075,"Lebanon County, Pennsylvania",PA,886,77.06666666666668,high,100.0,100.0,0.0,100.0,100.0,100.0,66.66666666666667,33.333333333333336
17147,"Piatt County, Illinois",IL,887,77.06666666666668,high,100.0,100.0,0.0,100.0,100.0,100.0,66.66666666666667,33.333333333333336
29157,"Perry County, Missouri",MO,888,77.06666666666668,high,100.0,100.0,0.0,100.0,100.0,100.0,66.66666666666667,33.333333333333336
27021,"Cass County, Minnesota",MN,889,73.33333333333334,high,100.0,100.0,0.0,100.0,100.0,66.66666666666667,66.66666666666667,33.333333333333336
20015,"Butler County, Kansas",KS,890,77.06666666666668,high,100.0,100.0,0.0,100.0,100.0,100.0,66.66666666666667,33.333333333333336
21199,"Pulaski County, Kentucky",KY,891,77.06666666666668,high,100.0,100.0,0.0,100.0,100.0,100.0,66.66666666666667,33.333333333333336
21209,"Scott County, Kentucky",KY,892,77.06666666666668,high,100.0,100.0,0.0,100.0,100.0,100.0,66.66666666666667,33.333333333333336
51550,"Chesapeake city, Virginia",VA,893,68.26666666666668,medium,100.0,66.66666666666667,0.0,100.0,100.0,66.66666666666667,66.66666666666667,33.333333333333336
13251,"Screven County, Georgia",GA,894,77.06666666666668,high,100.0,100.0,0.0,100.0,100.0,100.0,66.66666666666667,33.333333333333336
40009,"Beckham County, Oklahoma",OK,895,73.33333333333334,high,100.0,100.0,0.0,100.0,100.0,66.66666666666667,66.66666666666667,33.333333333333336
28081,"Lee County, Mississippi",MS,896,77.06666666666668,high,100.0,100.0,0.0,100.0,100.0,100.0,66.66666666666667,33.333333333333336
51071,"Giles County, Virginia",VA,897,72.00000000000001,high,100.0,66.66666666666667,0.0,100.0,100.0,100.0,66.66666666666667,33.333333333333336
54083,"Randolph County, West Virginia",WV,898,72.00000000000001,high,100.0,66.66666666666667,0.0,100.0,100.0,100.0,66.66666666666667,33.333333333333336
13031,"Bulloch County, Georgia",GA,899,77.06666666666668,high,100.0,100.0,0.0,100.0,100.0,100.0,66.66666666666667,33.333333333333336
13047,"Catoosa County, Georgia",GA,900,77.06666666666668,high,100.0,100.0,0.0,100.0,100.0,100.0,66.66666666666667,33.333333333333336
39045,"Fairfield County, Ohio",OH,901,77.06666666666668,high,100.0,100.0,0.0,100.0,100.0,100.0,66.66666666666667,33.333333333333336
19151,"Pocahontas County, Iowa",IA,902,77.06666666666668,high,100.0,100.0,0.0,100.0,100.0,100.0,66.66666666666667,33.333333333333336
37189,"Watauga County, North Carolina",NC,903,77.06666666666668,high,100.0,100.0,0.0,100.0,100.0,100.0,66.66666666666667,33.333333333333336
26005,"Allegan County, Michigan",MI,904,73.33333333333334,high,100.0,100.0,0.0,100.0,100.0,66.66666666666667,66.66666666666667,33.333333333333336
47059,"Greene County, Tennessee",TN,905,77.06666666666668,high,100.0,100.0,0.0,100.0,100.0,100.0,66.66666666666667,33.333333333333336
29005,"Atchison County, Missouri",MO,906,73.33333333333334,high,100.0,100.0,0.0,100.0,100.0,66.66666666666667,66.66666666666667,33.333333333333336
51760,"Richmond city, Virginia",VA,907,68.26666666666668,medium,100.0,66.66666666666667,0.0,100.0,100.0,66.66666666666667,66.66666666666667,33.333333333333336
29093,"Iron County, Missouri",MO,908,77.06666666666668,high,100.0,100.0,0.0,100.0,100.0,100.0,66.66666666666667,33.333333333333336
26009,"Antrim County, Michigan",MI,909,73.33333333333334,high,100.0,100.0,0.0,100.0,100.0,66.66666666666667,66.66666666666667,33.333333333333336
21069,"Fleming County, Kentucky",KY,910,71.73333333333335,high,66.66666666666667,100.0,0.0,100.0,100.0,100.0,66.66666666666667,33.333333333333336
51133,"Northumberland County, Virginia",VA,911,72.00000000000001,high,100.0,66.66666666666667,0.0,100.0,100.0,100.0,66.66666666666667,33.333333333333336
29099,"Jefferson County, Missouri",MO,912,77.06666666666668,high,100.0,100.0,0.0,100.0,100.0,100.0,66.66666666666667,33.333333333333336
51683,"Manassas city, Virginia",VA,913,64.53333333333333,medium,100.0,66.66666666666667,0.0,100.0,66.66666666666667,66.66666666666667,66.66666666666667,33.333333333333336
45055,"Kershaw County, South Carolina",SC,914,77.06666666666668,high,100.0,100.0,0.0,100.0,100.0,100.0,66.66666666666667,33.333333333333336
37033,"Caswell County, North Carolina",NC,915,77.06666666666668,high,100.0,100.0,0.0,100.0,100.0,100.0,66.66666666666667,33.333333333333336
29159,"Pettis County, Missouri",MO,916,73.33333333333334,high,100.0,100.0,0.0,100.0,100.0,66.66666666666667,66.66666666666667,33.333333333333336
47069,"Hardeman County, Tennessee",TN,917,77.06666666666668,high,100.0,100.0,0.0,100.0,100.0,100.0,66.66666666666667,33.333333333333336
24037,"St. Mary's County, Maryland",MD,918,77.06666666666668,high,100.0,100.0,0.0,100.0,100.0,100.0,66.66666666666667,33.333333333333336
24019,"Dorchester County, Maryland",MD,919,77.06666666666668,high,100.0,100.0,0.0,100.0,100.0,100.0,66.66666666666667,33.333333333333336
56027,"Niobrara County, Wyoming",WY,920,62.933333333333344,medium,66.66666666666667,66.66666666666667,0.0,100.0,100.0,66.66666666666667,66.66666666666667,33.333333333333336
26037,"Clinton County, Michigan",MI,921,77.06666666666668,high,100.0,100.0,0.0,100.0,100.0,100.0,66.66666666666667,33.333333333333336
13181,"Lincoln County, Georgia",GA,922,77.06666666666668,high,100.0,100.0,0.0,100.0,100.0,100.0,66.66666666666667,33.333333333333336
29013,"Bates County, Missouri",MO,923,77.06666666666668,high,100.0,100.0,0.0,100.0,100.0,100.0,66.66666666666667,33.333333333333336
13175,"Laurens County, Georgia",GA,924,77.06666666666668,high,100.0,100.0,0.0,100.0,100.0,100.0,66.66666666666667,33.333333333333336
42123,"Warren County, Pennsylvania",PA,925,77.06666666666668,high,100.0,100.0,0.0,100.0,100.0,100.0,66.66666666666667,33.333333333333336
45079,"Richland County, South Carolina",SC,926,77.06666666666668,high,100.0,100.0,0.0,100.0,100.0,100.0,66.66666666666667,33.333333333333336
51670,"Hopewell city, Virginia",VA,927,68.26666666666668,medium,100.0,66.66666666666667,0.0,100.0,100.0,66.66666666666667,66.66666666666667,33.333333333333336
21223,"Trimble County, Kentucky",KY,928,73.33333333333334,high,100.0,100.0,0.0,100.0,66.66666666666667,100.0,66.66666666666667,33.333333333333336
55107,"Rusk County, Wisconsin",WI,929,72.00000000000001,high,100.0,66.66666666666667,0.0,100.0,100.0,100.0,66.66666666666667,33.333333333333336
33009,"Grafton County, New Hampshire",NH,930,77.06666666666668,high,100.0,100.0,0.0,100.0,100.0,100.0,66.66666666666667,33.333333333333336
18099,"Marshall County, Indiana",IN,931,77.06666666666668,high,100.0,100.0,0.0,100.0,100.0,100.0,66.66666666666667,33.333333333333336
26159,"Van Buren County, Michigan",MI,932,77.06666666666668,high,100.0,100.0,0.0,100.0,100.0,100.0,66.66666666666667,33.333333333333336
13039,"Camden County, Georgia",GA,933,77.06666666666668,high,100.0,100.0,0.0,100.0,100.0,100.0,66.66666666666667,33.333333333333336
29091,"Howell County, Missouri",MO,934,77.06666666666668,high,100.0,100.0,0.0,100.0,100.0,100.0,66.66666666666667,33.333333333333336
42095,"Northampton County, Pennsylvania",PA,935,77.06666666666668,high,100.0,100.0,0.0,100.0,100.0,100.0,66.66666666666667,33.333333333333336
13225,"Peach County, Georgia",GA,936,77.06666666666668,high,100.0,100.0,0.0,100.0,100.0,100.0,66.66666666666667,33.333333333333336
47011,"Bradley County, Tennessee",TN,937,77.06666666666668,high,100.0,100.0,0.0,100.0,100.0,100.0,66.66666666666667,33.333333333333336
26115,"Monroe County, Michigan",MI,938,77.06666666666668,high,100.0,100.0,0.0,100.0,100.0,100.0,66.66666666666667,33.333333333333336
42127,"Wayne County, Pennsylvania",PA,939,77.06666666666668,high,100.0,100.0,0.0,100.0,100.0,100.0,66.66666666666667,33.333333333333336
39111,"Monroe County, Ohio",OH,940,71.73333333333335,high,66.66666666666667,100.0,0.0,100.0,100.0,100.0,66.66666666666667,33.333333333333336
29125,"Maries County, Missouri",MO,941,73.33333333333334,high,100.0,100.0,0.0,100.0,100.0,66.66666666666667,66.66666666666667,33.333333333333336
35035,"Otero County, New Mexico",NM,942,77.06666666666668,high,100.0,100.0,0.0,100.0,100.0,100.0,66.66666666666667,33.333333333333336
29135,"Moniteau County, Missouri",MO,943,77.06666666666668,high,100.0,100.0,0.0,100.0,100.0,100.0,66.66666666666667,33.333333333333336
51011,"Appomattox County, Virginia",VA,944,77.06666666666668,high,100.0,100.0,0.0,100.0,100.0,100.0,66.66666666666667,33.333333333333336
13295,"Walker County, Georgia",GA,945,77.06666666666668,high,100.0,100.0,0.0,100.0,100.0,100.0,66.66666666666667,33.333333333333336
51141,"Patrick County, Virginia",VA,946,72.00000000000001,high,100.0,66.66666666666667,0.0,100.0,100.0,100.0,66.66666666666667,33.333333333333336
48061,"Cameron County, Texas",TX,947,77.06666666666668,high,100.0,100.0,0.0,100.0,100.0,100.0,66.66666666666667,33.333333333333336
13083,"Dade County, Georgia",GA,948,77.06666666666668,high,100.0,100.0,0.0,100.0,100.0,100.0,66.66666666666667,33.333333333333336
05125,"Saline County, Arkansas",AR,949,77.06666666666668,high,100.0,100.0,0.0,100.0,100.0,100.0,66.66666666666667,33.333333333333336
30105,"Valley County, Montana",MT,950,73.33333333333334,high,100.0,100.0,0.0,100.0,100.0,66.66666666666667,66.66666666666667,33.333333333333336
26031,"Cheboygan County, Michigan",MI,951,77.06666666666668,high,100.0,100.0,0.0,100.0,100.0,100.0,66.66666666666667,33.333333333333336
21171,"Monroe County, Kentucky",KY,952,73.33333333333334,high,100.0,100.0,0.0,100.0,66.66666666666667,100.0,66.66666666666667,33.333333333333336
13051,"Chatham County, Georgia",GA,953,77.06666666666668,high,100.0,100.0,0.0,100.0,100.0,100.0,66.66666666666667,33.333333333333336
18183,"Whitley County, Indiana",IN,954,77.06666666666668,high,100.0,100.0,0.0,100.0,100.0,100.0,66.66666666666667,33.333333333333336
47055,"Giles County, Tennessee",TN,955,77.06666666666668,high,100.0,100.0,0.0,100.0,100.0,100.0,66.66666666666667,33.333333333333336
13147,"Hart County, Georgia",GA,956,77.06666666666668,high,100.0,100.0,0.0,100.0,100.0,100.0,66.66666666666667,33.333333333333336
19127,"Marshall County, Iowa",IA,957,77.06666666666668,high,100.0,100.0,0.0,100.0,100.0,100.0,66.66666666666667,33.333333333333336
17063,"Grundy County, Illinois",IL,958,77.06666666666668,high,100.0,100.0,0.0,100.0,100.0,100.0,66.66666666666667,33.333333333333336
37145,"Person County, North Carolina",NC,959,77.06666666666668,high,100.0,100.0,0.0,100.0,100.0,100.0,66.66666666666667,33.333333333333336
37181,"Vance County, North Carolina",NC,960,77.06666666666668,high,100.0,100.0,0.0,100.0,100.0,100.0,66.66666666666667,33.333333333333336
54045,"Logan County, West Virginia",WV,961,66.66666666666667,medium,66.66666666666667,66.66666666666667,0.0,100.0,100.0,100.0,66.66666666666667,33.333333333333336
13023,"Bleckley County, Georgia",GA,962,77.06666666666668,high,100.0,100.0,0.0,100.0,100.0,100.0,66.66666666666667,33.333333333333336
51065,"Fluvanna County, Virginia",VA,963,77.06666666666668,high,100.0,100.0,0.0,100.0,100.0,100.0,66.66666666666667,33.333333333333336
29009,"Barry County, Missouri",MO,964,77.06666666666668,high,100.0,100.0,0.0,100.0,100.0,100.0,66.66666666666667,33.333333333333336
21023,"Bracken County, Kentucky",KY,965,73.33333333333334,high,100.0,100.0,0.0,100.0,66.66666666666667,100.0,66.66666666666667,33.333333333333336
51019,"Bedford County, Virginia",VA,966,77.06666666666668,high,100.0,100.0,0.0,100.0,100.0,100.0,66.66666666666667,33.333333333333336
24035,"Queen Anne's County, Maryland",MD,967,77.06666666666668,high,100.0,100.0,0.0,100.0,100.0,100.0,66.66666666666667,33.333333333333336
51199,"York County, Virginia",VA,968,72.00000000000001,high,100.0,66.66666666666667,0.0,100.0,100.0,100.0,66.66666666666667,33.333333333333336
39079,"Jackson County, Ohio",OH,969,77.06666666666668,high,100.0,100.0,0.0,100.0,100.0,100.0,66.66666666666667,33.333333333333336
19137,"Montgomery County, Iowa",IA,970,77.06666666666668,high,100.0,100.0,0.0,100.0,100.0,100.0,66.66666666666667,33.333333333333336
01073,"Jefferson County, Alabama",AL,971,77.06666666666668,high,100.0,100.0,0.0,100.0,100.0,100.0,66.66666666666667,33.333333333333336
05023,"Cleburne County, Arkansas",AR,972,77.06666666666668,high,100.0,100.0,0.0,100.0,100.0,100.0,66.66666666666667,33.333333333333336
51810,"Virginia Beach city, Virginia",VA,973,68.26666666666668,medium,100.0,66.66666666666667,0.0,100.0,100.0,66.66666666666667,66.66666666666667,33.333333333333336
19173,"Taylor County, Iowa",IA,974,77.06666666666668,high,100.0,100.0,0.0,100.0,100.0,100.0,66.66666666666667,33.333333333333336
27011,"Big Stone County, Minnesota",MN,975,77.06666666666668,high,100.0,100.0,0.0,100.0,100.0,100.0,66.66666666666667,33.333333333333336
47173,"Union County, Tennessee",TN,976,77.06666666666668,high,100.0,100.0,0.0,100.0,100.0,100.0,66.66666666666667,33.333333333333336
47181,"Wayne County, Tennessee",TN,977,77.06666666666668,high,100.0,100.0,0.0,100.0,100.0,100.0,66.66666666666667,33.333333333333336
47171,"Unicoi County, Tennessee",TN,978,77.06666666666668,high,100.0,100.0,0.0,100.0,100.0,100.0,66.66666666666667,33.333333333333336
13019,"Berrien County, Georgia",GA,979,77.06666666666668,high,100.0,100.0,0.0,100.0,100.0,100.0,66.66666666666667,33.333333333333336
37133,"Onslow County, North Carolina",NC,980,77.06666666666668,high,100.0,100.0,0.0,100.0,100.0,100.0,66.66666666666667,33.333333333333336
26023,"Branch County, Michigan",MI,981,77.06666666666668,high,100.0,100.0,0.0,100.0,100.0,100.0,66.66666666666667,33.333333333333336
54001,"Barbour County, West Virginia",WV,982,66.66666666666667,medium,66.66666666666667,66.66666666666667,0.0,100.0,100.0,100.0,66.66666666666667,33.333333333333336
37045,"Cleveland County, North Carolina",NC,983,77.06666666666668,high,100.0,100.0,0.0,100.0,100.0,100.0,66.66666666666667,33.333333333333336
21225,"Union County, Kentucky",KY,984,77.06666666666668,high,100.0,100.0,0.0,100.0,100.0,100.0,66.66666666666667,33.333333333333336
31001,"Adams County, Nebraska",NE,985,77.06666666666668,high,100.0,100.0,0.0,100.0,100.0,100.0,66.66666666666667,33.333333333333336
24039,"Somerset County, Maryland",MD,986,77.06666666666668,high,100.0,100.0,0.0,100.0,100.0,100.0,66.66666666666667,33.333333333333336
29003,"Andrew County, Missouri",MO,987,77.06666666666668,high,100.0,100.0,0.0,100.0,100.0,100.0,66.66666666666667,33.333333333333336
39005,"Ashland County, Ohio",OH,988,77.06666666666668,high,100.0,100.0,0.0,100.0,100.0,100.0,66.66666666666667,33.333333333333336
29001,"Adair County, Missouri",MO,989,73.33333333333334,high,100.0,100.0,0.0,100.0,100.0,66.66666666666667,66.66666666666667,33.333333333333336
47109,"McNairy County, Tennessee",TN,990,77.06666666666668,high,100.0,100.0,0.0,100.0,100.0,100.0,66.66666666666667,33.333333333333336
51183,"Sussex County, Virginia",VA,991,72.00000000000001,high,100.0,66.66666666666667,0.0,100.0,100.0,100.0,66.66666666666667,33.333333333333336
20107,"Linn County, Kansas",KS,992,77.06666666666668,high,100.0,100.0,0.0,100.0,100.0,100.0,66.66666666666667,33.333333333333336
13255,"Spalding County, Georgia",GA,993,77.06666666666668,high,100.0,100.0,0.0,100.0,100.0,100.0,66.66666666666667,33.333333333333336
34021,"Mercer County, New Jersey",NJ,994,77.06666666666668,high,100.0,100.0,0.0,100.0,100.0,100.0,66.66666666666667,33.333333333333336
42025,"Carbon County, Pennsylvania",PA,995,77.06666666666668,high,100.0,100.0,0.0,100.0,100.0,100.0,66.66666666666667,33.333333333333336
18033,"DeKalb County, Indiana",IN,996,77.06666666666668,high,100.0,100.0,0.0,100.0,100.0,100.0,66.66666666666667,33.333333333333336
13201,"Miller County, Georgia",GA,997,77.06666666666668,high,100.0,100.0,0.0,100.0,100.0,100.0,66.66666666666667,33.333333333333336
51119,"Middlesex County, Virginia",VA,998,72.00000000000001,high,100.0,66.66666666666667,0.0,100.0,100.0,100.0,66.66666666666667,33.333333333333336
13187,"Lumpkin County, Georgia",GA,999,77.06666666666668,high,100.0,100.0,0.0,100.0,100.0,100.0,66.66666666666667,33.333333333333336
55065,"Lafayette County, Wisconsin",WI,1000,72.00000000000001,high,100.0,66.66666666666667,0.0,100.0,100.0,100.0,66.66666666666667,33.333333333333336
47157,"Shelby County, Tennessee",TN,1001,77.06666666666668,high,100.0,100.0,0.0,100.0,100.0,100.0,66.66666666666667,33.333333333333336
55125,"Vilas County, Wisconsin",WI,1002,72.00000000000001,high,100.0,66.66666666666667,0.0,100.0,100.0,100.0,66.66666666666667,33.333333333333336
17157,"Randolph County, Illinois",IL,1003,77.06666666666668,high,100.0,100.0,0.0,100.0,100.0,100.0,66.66666666666667,33.333333333333336
47167,"Tipton County, Tennessee",TN,1004,77.06666666666668,high,100.0,100.0,0.0,100.0,100.0,100.0,66.66666666666667,33.333333333333336
29049,"Clinton County, Missouri",MO,1005,77.06666666666668,high,100.0,100.0,0.0,100.0,100.0,100.0,66.66666666666667,33.333333333333336
39011,"Auglaize County, Ohio",OH,1006,73.33333333333334,high,100.0,100.0,0.0,100.0,100.0,66.66666666666667,66.66666666666667,33.333333333333336
37173,"Swain County, North Carolina",NC,1007,77.06666666666668,high,100.0,100.0,0.0,100.0,100.0,100.0,66.66666666666667,33.333333333333336
17145,"Perry County, Illinois",IL,1008,77.06666666666668,high,100.0,100.0,0.0,100.0,100.0,100.0,66.66666666666667,33.333333333333336
51085,"Hanover County, Virginia",VA,1009,72.00000000000001,high,100.0,66.66666666666667,0.0,100.0,100.0,100.0,66.66666666666667,33.333333333333336
54105,"Wirt County, West Virginia",WV,1010,66.66666666666667,medium,66.66666666666667,66.66666666666667,0.0,100.0,100.0,100.0,66.66666666666667,33.333333333333336
47111,"Macon County, Tennessee",TN,1011,77.06666666666668,high,100.0,100.0,0.0,100.0,100.0,100.0,66.66666666666667,33.333333333333336
31023,"Butler County, Nebraska",NE,1012,77.06666666666668,high,100.0,100.0,0.0,100.0,100.0,100.0,66.66666666666667,33.333333333333336
26067,"Ionia County, Michigan",MI,1013,77.06666666666668,high,100.0,100.0,0.0,100.0,100.0,100.0,66.66666666666667,33.333333333333336
40113,"Osage County, Oklahoma",OK,1014,77.06666666666668,high,100.0,100.0,0.0,100.0,100.0,100.0,66.66666666666667,33.333333333333336
42041,"Cumberland County, Pennsylvania",PA,1015,77.06666666666668,high,100.0,100.0,0.0,100.0,100.0,100.0,66.66666666666667,33.333333333333336
26063,"Huron County, Michigan",MI,1016,77.06666666666668,high,100.0,100.0,0.0,100.0,100.0,100.0,66.66666666666667,33.333333333333336
39137,"Putnam County, Ohio",OH,1017,77.06666666666668,high,100.0,100.0,0.0,100.0,100.0,100.0,66.66666666666667,33.333333333333336
34035,"Somerset County, New Jersey",NJ,1018,77.06666666666668,high,100.0,100.0,0.0,100.0,100.0,100.0,66.66666666666667,33.333333333333336
20045,"Douglas County, Kansas",KS,1019,77.06666666666668,high,100.0,100.0,0.0,100.0,100.0,100.0,66.66666666666667,33.333333333333336
36039,"Greene County, New York",NY,1020,77.06666666666668,high,100.0,100.0,0.0,100.0,100.0,100.0,66.66666666666667,33.333333333333336
36109,"Tompkins County, New York",NY,1021,73.33333333333334,high,100.0,100.0,0.0,100.0,100.0,66.66666666666667,66.66666666666667,33.333333333333336
29215,"Texas County, Missouri",MO,1022,73.33333333333334,high,100.0,100.0,0.0,100.0,100.0,66.66666666666667,66.66666666666667,33.333333333333336
21065,"Estill County, Kentucky",KY,1023,77.06666666666668,high,100.0,100.0,0.0,100.0,100.0,100.0,66.66666666666667,33.333333333333336
42077,"Lehigh County, Pennsylvania",PA,1024,77.06666666666668,high,100.0,100.0,0.0,100.0,100.0,100.0,66.66666666666667,33.333333333333336
31147,"Richardson County, Nebraska",NE,1025,73.33333333333334,high,100.0,100.0,0.0,100.0,100.0,66.66666666666667,66.66666666666667,33.333333333333336
54021,"Gilmer County, West Virginia",WV,1026,66.66666666666667,medium,66.66666666666667,66.66666666666667,0.0,100.0,100.0,100.0,66.66666666666667,33.333333333333336
17013,"Calhoun County, Illinois",IL,1027,71.73333333333335,high,66.66666666666667,100.0,0.0,100.0,100.0,100.0,66.66666666666667,33.333333333333336
30107,"Wheatland County, Montana",MT,1028,64.26666666666667,medium,66.66666666666667,100.0,0.0,100.0,66.66666666666667,66.66666666666667,66.66666666666667,33.333333333333336
19061,"Dubuque County, Iowa",IA,1029,77.06666666666668,high,100.0,100.0,0.0,100.0,100.0,100.0,66.66666666666667,33.333333333333336
47185,"White County, Tennessee",TN,1030,77.06666666666668,high,100.0,100.0,0.0,100.0,100.0,100.0,66.66666666666667,33.333333333333336
56029,"Park County, Wyoming",WY,1031,72.00000000000001,high,100.0,66.66666666666667,0.0,100.0,100.0,100.0,66.66666666666667,33.333333333333336
13299,"Ware County, Georgia",GA,1032,77.06666666666668,high,100.0,100.0,0.0,100.0,100.0,100.0,66.66666666666667,33.333333333333336
13183,"Long County, Georgia",GA,1033,71.73333333333335,high,66.66666666666667,100.0,0.0,100.0,100.0,100.0,66.66666666666667,33.333333333333336
48101,"Cottle County, Texas",TX,1034,62.66666666666666,medium,33.333333333333336,100.0,0.0,100.0,100.0,66.66666666666667,66.66666666666667,33.333333333333336
39131,"Pike County, Ohio",OH,1035,77.06666666666668,high,100.0,100.0,0.0,100.0,100.0,100.0,66.66666666666667,33.333333333333336
51840,"Winchester city, Virginia",VA,1036,72.00000000000001,high,100.0,66.66666666666667,0.0,100.0,100.0,100.0,66.66666666666667,33.333333333333336
21217,"Taylor County, Kentucky",KY,1037,77.06666666666668,high,100.0,100.0,0.0,100.0,100.0,100.0,66.66666666666667,33.333333333333336
37175,"Transylvania County, North Carolina",NC,1038,77.06666666666668,high,100.0,100.0,0.0,100.0,100.0,100.0,66.66666666666667,33.333333333333336
13043,"Candler County, Georgia",GA,1039,77.06666666666668,high,100.0,100.0,0.0,100.0,100.0,100.0,66.66666666666667,33.333333333333336
51109,"Louisa County, Virginia",VA,1040,68.26666666666668,medium,100.0,66.66666666666667,0.0,100.0,100.0,66.66666666666667,66.66666666666667,33.333333333333336
02090,"Fairbanks North Star Borough, Alaska",AK,1041,73.33333333333334,high,100.0,100.0,0.0,100.0,100.0,66.66666666666667,66.66666666666667,33.333333333333336
39067,"Harrison County, Ohio",OH,1042,77.06666666666668,high,100.0,100.0,0.0,100.0,100.0,100.0,66.66666666666667,33.333333333333336
13157,"Jackson County, Georgia",GA,1043,77.06666666666668,high,100.0,100.0,0.0,100.0,100.0,100.0,66.66666666666667,33.333333333333336
51171,"Shenandoah County, Virginia",VA,1044,72.00000000000001,high,100.0,66.66666666666667,0.0,100.0,100.0,100.0,66.66666666666667,33.333333333333336
51091,"Highland County, Virginia",VA,1045,66.66666666666667,medium,66.66666666666667,66.66666666666667,0.0,100.0,100.0,100.0,66.66666666666667,33.333333333333336
13281,"Towns County, Georgia",GA,1046,77.06666666666668,high,100.0,100.0,0.0,100.0,100.0,100.0,66.66666666666667,33.333333333333336
40015,"Caddo County, Oklahoma",OK,1047,77.06666666666668,high,100.0,100.0,0.0,100.0,100.0,100.0,66.66666666666667,33.333333333333336
29133,"Mississippi County, Missouri",MO,1048,68.00000000000001,medium,66.66666666666667,100.0,0.0,100.0,100.0,66.66666666666667,66.66666666666667,33.333333333333336
21181,"Nicholas County, Kentucky",KY,1049,71.73333333333335,high,66.66666666666667,100.0,0.0,100.0,100.0,100.0,66.66666666666667,33.333333333333336
29186,"Ste. Genevieve County, Missouri",MO,1050,77.06666666666668,high,100.0,100.0,0.0,100.0,100.0,100.0,66.66666666666667,33.333333333333336
42033,"Clearfield County, Pennsylvania",PA,1051,77.06666666666668,high,100.0,100.0,0.0,100.0,100.0,100.0,66.66666666666667,33.333333333333336
23029,"Washington County, Maine",ME,1052,77.06666666666668,high,100.0,100.0,0.0,100.0,100.0,100.0,66.66666666666667,33.333333333333336
27155,"Traverse County, Minnesota",MN,1053,68.00000000000001,medium,66.66666666666667,100.0,0.0,100.0,100.0,66.66666666666667,66.66666666666667,33.333333333333336
33017,"Strafford County, New Hampshire",NH,1054,77.06666666666668,high,100.0,100.0,0.0,100.0,100.0,100.0,66.66666666666667,33.333333333333336
21081,"Grant County, Kentucky",KY,1055,77.06666666666668,high,100.0,100.0,0.0,100.0,100.0,100.0,66.66666666666667,33.333333333333336
27111,"Otter Tail County, Minnesota",MN,1056,73.33333333333334,high,100.0,100.0,0.0,100.0,100.0,66.66666666666667,66.66666666666667,33.333333333333336
17155,"Putnam County, Illinois",IL,1057,77.06666666666668,high,100.0,100.0,0.0,100.0,100.0,100.0,66.66666666666667,33.333333333333336
36001,"Albany County, New York",NY,1058,77.06666666666668,high,100.0,100.0,0.0,100.0,100.0,100.0,66.66666666666667,33.333333333333336
20185,"Stafford County, Kansas",KS,1059,68.00000000000001,medium,66.66666666666667,100.0,0.0,100.0,100.0,66.66666666666667,66.66666666666667,33.333333333333336
31157,"Scotts Bluff County, Nebraska",NE,1060,73.33333333333334,high,100.0,100.0,0.0,100.0,100.0,66.66666666666667,66.66666666666667,33.333333333333336
29015,"Benton County, Missouri",MO,1061,77.06666666666668,high,100.0,100.0,0.0,100.0,100.0,100.0,66.66666666666667,33.333333333333336
27007,"Beltrami County, Minnesota",MN,1062,73.33333333333334,high,100.0,100.0,0.0,100.0,100.0,66.66666666666667,66.66666666666667,33.333333333333336
13119,"Franklin County, Georgia",GA,1063,73.33333333333334,high,100.0,100.0,0.0,100.0,100.0,66.66666666666667,66.66666666666667,33.333333333333336
29061,"Daviess County, Missouri",MO,1064,73.33333333333334,high,100.0,100.0,0.0,100.0,100.0,66.66666666666667,66.66666666666667,33.333333333333336
17017,"Cass County, Illinois",IL,1065,77.06666666666668,high,100.0,100.0,0.0,100.0,100.0,100.0,66.66666666666667,33.333333333333336
05107,"Phillips County, Arkansas",AR,1066,71.73333333333335,high,66.66666666666667,100.0,0.0,100.0,100.0,100.0,66.66666666666667,33.333333333333336
47081,"Hickman County, Tennessee",TN,1067,77.06666666666668,high,100.0,100.0,0.0,100.0,100.0,100.0,66.66666666666667,33.333333333333336
48141,"El Paso County, Texas",TX,1068,73.33333333333334,high,100.0,100.0,0.0,100.0,100.0,66.66666666666667,66.66666666666667,33.333333333333336
31143,"Polk County, Nebraska",NE,1069,77.06666666666668,high,100.0,100.0,0.0,100.0,100.0,100.0,66.66666666666667,33.333333333333336
13291,"Union County, Georgia",GA,1070,77.06666666666668,high,100.0,100.0,0.0,100.0,100.0,100.0,66.66666666666667,33.333333333333336
45077,"Pickens County, South Carolina",SC,1071,77.06666666666668,high,100.0,100.0,0.0,100.0,100.0,100.0,66.66666666666667,33.333333333333336
13073,"Columbia County, Georgia",GA,1072,77.06666666666668,high,100.0,100.0,0.0,100.0,100.0,100.0,66.66666666666667,33.333333333333336
18171,"Warren County, Indiana",IN,1073,77.06666666666668,high,100.0,100.0,0.0,100.0,100.0,100.0,66.66666666666667,33.333333333333336
51017,"Bath County, Virginia",VA,1074,71.73333333333335,high,66.66666666666667,100.0,0.0,100.0,100.0,100.0,66.66666666666667,33.333333333333336
50009,"Essex County, Vermont",VT,1075,73.33333333333334,high,100.0,100.0,0.0,100.0,100.0,66.66666666666667,66.66666666666667,33.333333333333336
17085,"Jo Daviess County, Illinois",IL,1076,77.06666666666668,high,100.0,100.0,0.0,100.0,100.0,100.0,66.66666666666667,33.333333333333336
19029,"Cass County, Iowa",IA,1077,77.06666666666668,high,100.0,100.0,0.0,100.0,100.0,100.0,66.66666666666667,33.333333333333336
05097,"Montgomery County, Arkansas",AR,1078,64.26666666666667,medium,66.66666666666667,100.0,0.0,100.0,66.66666666666667,66.66666666666667,66.66666666666667,33.333333333333336
01041,"Crenshaw County, Alabama",AL,1079,77.06666666666668,high,100.0,100.0,0.0,100.0,100.0,100.0,66.66666666666667,33.333333333333336
26013,"Baraga County, Michigan",MI,1080,73.33333333333334,high,100.0,100.0,0.0,100.0,100.0,66.66666666666667,66.66666666666667,33.333333333333336
47143,"Rhea County, Tennessee",TN,1081,77.06666666666668,high,100.0,100.0,0.0,100.0,100.0,100.0,66.66666666666667,33.333333333333336
20105,"Lincoln County, Kansas",KS,1082,68.00000000000001,medium,66.66666666666667,100.0,0.0,100.0,100.0,66.66666666666667,66.66666666666667,33.333333333333336
40021,"Cherokee County, Oklahoma",OK,1083,77.06666666666668,high,100.0,100.0,0.0,100.0,100.0,100.0,66.66666666666667,33.333333333333336
02230,"Skagway Municipality, Alaska",AK,1084,39.2,low,0.0,100.0,0.0,0.0,100.0,33.333333333333336,66.66666666666667,33.333333333333336
42103,"Pike County, Pennsylvania",PA,1085,77.06666666666668,high,100.0,100.0,0.0,100.0,100.0,100.0,66.66666666666667,33.333333333333336
38027,"Eddy County, North Dakota",ND,1086,71.73333333333335,high,66.66666666666667,100.0,0.0,100.0,100.0,100.0,66.66666666666667,33.333333333333336
51165,"Rockingham County, Virginia",VA,1087,72.00000000000001,high,100.0,66.66666666666667,0.0,100.0,100.0,100.0,66.66666666666667,33.333333333333336
42053,"Forest County, Pennsylvania",PA,1088,71.73333333333335,high,66.66666666666667,100.0,0.0,100.0,100.0,100.0,66.66666666666667,33.333333333333336
42039,"Crawford County, Pennsylvania",PA,1089,77.06666666666668,high,100.0,100.0,0.0,100.0,100.0,100.0,66.66666666666667,33.333333333333336
18137,"Ripley County, Indiana",IN,1090,77.06666666666668,high,100.0,100.0,0.0,100.0,100.0,100.0,66.66666666666667,33.333333333333336
42019,"Butler County, Pennsylvania",PA,1091,77.06666666666668,high,100.0,100.0,0.0,100.0,100.0,100.0,66.66666666666667,33.333333333333336
45083,"Spartanburg County, South Carolina",SC,1092,77.06666666666668,high,100.0,100.0,0.0,100.0,100.0,100.0,66.66666666666667,33.333333333333336
27083,"Lyon County, Minnesota",MN,1093,77.06666666666668,high,100.0,100.0,0.0,100.0,100.0,100.0,66.66666666666667,33.333333333333336
23007,"Franklin County, Maine",ME,1094,73.33333333333334,high,100.0,100.0,0.0,100.0,100.0,66.66666666666667,66.66666666666667,33.333333333333336
47153,"Sequatchie County, Tennessee",TN,1095,77.06666666666668,high,100.0,100.0,0.0,100.0,100.0,100.0,66.66666666666667,33.333333333333336
01071,"Jackson County, Alabama",AL,1096,77.06666666666668,high,100.0,100.0,0.0,100.0,100.0,100.0,66.66666666666667,33.333333333333336
40051,"Grady County, Oklahoma",OK,1097,77.06666666666668,high,100.0,100.0,0.0,100.0,100.0,100.0,66.66666666666667,33.333333333333336
19035,"Cherokee County, Iowa",IA,1098,73.33333333333334,high,100.0,100.0,0.0,100.0,100.0,66.66666666666667,66.66666666666667,33.333333333333336
05019,"Clark County, Arkansas",AR,1099,77.06666666666668,high,100.0,100.0,0.0,100.0,100.0,100.0,66.66666666666667,33.333333333333336
13229,"Pierce County, Georgia",GA,1100,77.06666666666668,high,100.0,100.0,0.0,100.0,100.0,100.0,66.66666666666667,33.333333333333336
40055,"Greer County, Oklahoma",OK,1101,71.73333333333335,high,66.66666666666667,100.0,0.0,100.0,100.0,100.0,66.66666666666667,33.333333333333336
19183,"Washington County, Iowa",IA,1102,77.06666666666668,high,100.0,100.0,0.0,100.0,100.0,100.0,66.66666666666667,33.333333333333336
29101,"Johnson County, Missouri",MO,1103,77.06666666666668,high,100.0,100.0,0.0,100.0,100.0,100.0,66.66666666666667,33.333333333333336
29143,"New Madrid County, Missouri",MO,1104,73.33333333333334,high,100.0,100.0,0.0,100.0,100.0,66.66666666666667,66.66666666666667,33.333333333333336
51087,"Henrico County, Virginia",VA,1105,72.00000000000001,high,100.0,66.66666666666667,0.0,100.0,100.0,100.0,66.66666666666667,33.333333333333336
17069,"Hardin County, Illinois",IL,1106,71.73333333333335,high,66.66666666666667,100.0,0.0,100.0,100.0,100.0,66.66666666666667,33.333333333333336
45063,"Lexington County, South Carolina",SC,1107,77.06666666666668,high,100.0,100.0,0.0,100.0,100.0,100.0,66.66666666666667,33.333333333333336
21091,"Hancock County, Kentucky",KY,1108,77.06666666666668,high,100.0,100.0,0.0,100.0,100.0,100.0,66.66666666666667,33.333333333333336
29071,"Franklin County, Missouri",MO,1109,77.06666666666668,high,100.0,100.0,0.0,100.0,100.0,100.0,66.66666666666667,33.333333333333336
28073,"Lamar County, Mississippi",MS,1110,77.06666666666668,high,100.0,100.0,0.0,100.0,100.0,100.0,66.66666666666667,33.333333333333336
51113,"Madison County, Virginia",VA,1111,72.00000000000001,high,100.0,66.66666666666667,0.0,100.0,100.0,100.0,66.66666666666667,33.333333333333336
19123,"Mahaska County, Iowa",IA,1112,77.06666666666668,high,100.0,100.0,0.0,100.0,100.0,100.0,66.66666666666667,33.333333333333336
05123,"St. Francis County, Arkansas",AR,1113,73.33333333333334,high,100.0,100.0,0.0,100.0,100.0,66.66666666666667,66.66666666666667,33.333333333333336
17185,"Wabash County, Illinois",IL,1114,77.06666666666668,high,100.0,100.0,0.0,100.0,100.0,100.0,66.66666666666667,33.333333333333336
40029,"Coal County, Oklahoma",OK,1115,68.00000000000001,medium,66.66666666666667,100.0,0.0,100.0,100.0,66.66666666666667,66.66666666666667,33.333333333333336
37163,"Sampson County, North Carolina",NC,1116,77.06666666666668,high,100.0,100.0,0.0,100.0,100.0,100.0,66.66666666666667,33.333333333333336
02170,"Matanuska-Susitna Borough, Alaska",AK,1117,73.33333333333334,high,100.0,100.0,0.0,100.0,100.0,66.66666666666667,66.66666666666667,33.333333333333336
13001,"Appling County, Georgia",GA,1118,77.06666666666668,high,100.0,100.0,0.0,100.0,100.0,100.0,66.66666666666667,33.333333333333336
51685,"Manassas Park city, Virginia",VA,1119,64.53333333333333,medium,100.0,66.66666666666667,0.0,100.0,66.66666666666667,66.66666666666667,66.66666666666667,33.333333333333336
20197,"Wabaunsee County, Kansas",KS,1120,77.06666666666668,high,100.0,100.0,0.0,100.0,100.0,100.0,66.66666666666667,33.333333333333336
19057,"Des Moines County, Iowa",IA,1121,77.06666666666668,high,100.0,100.0,0.0,100.0,100.0,100.0,66.66666666666667,33.333333333333336
46115,"Spink County, South Dakota",SD,1122,71.73333333333335,high,66.66666666666667,100.0,0.0,100.0,100.0,100.0,66.66666666666667,33.333333333333336
21197,"Powell County, Kentucky",KY,1123,77.06666666666668,high,100.0,100.0,0.0,100.0,100.0,100.0,66.66666666666667,33.333333333333336
21219,"Todd County, Kentucky",KY,1124,77.06666666666668,high,100.0,100.0,0.0,100.0,100.0,100.0,66.66666666666667,33.333333333333336
19007,"Appanoose County, Iowa",IA,1125,77.06666666666668,high,100.0,100.0,0.0,100.0,100.0,100.0,66.66666666666667,33.333333333333336
51570,"Colonial Heights city, Virginia",VA,1126,68.26666666666668,medium,100.0,66.66666666666667,0.0,100.0,100.0,66.66666666666667,66.66666666666667,33.333333333333336
18063,"Hendricks County, Indiana",IN,1127,77.06666666666668,high,100.0,100.0,0.0,100.0,100.0,100.0,66.66666666666667,33.333333333333336
15001,"Hawaii County, Hawaii",HI,1128,73.33333333333334,high,100.0,100.0,0.0,100.0,100.0,66.66666666666667,66.66666666666667,33.333333333333336
51041,"Chesterfield County, Virginia",VA,1129,77.06666666666668,high,100.0,100.0,0.0,100.0,100.0,100.0,66.66666666666667,33.333333333333336
54013,"Calhoun County, West Virginia",WV,1130,66.66666666666667,medium,66.66666666666667,66.66666666666667,0.0,100.0,100.0,100.0,66.66666666666667,33.333333333333336
17093,"Kendall County, Illinois",IL,1131,77.06666666666668,high,100.0,100.0,0.0,100.0,100.0,100.0,66.66666666666667,33.333333333333336
45075,"Orangeburg County, South Carolina",SC,1132,77.06666666666668,high,100.0,100.0,0.0,100.0,100.0,100.0,66.66666666666667,33.333333333333336
30077,"Powell County, Montana",MT,1133,73.33333333333334,high,100.0,100.0,0.0,100.0,100.0,66.66666666666667,66.66666666666667,33.333333333333336
51007,"Amelia County, Virginia",VA,1134,77.06666666666668,high,100.0,100.0,0.0,100.0,100.0,100.0,66.66666666666667,33.333333333333336
51029,"Buckingham County, Virginia",VA,1135,77.06666666666668,high,100.0,100.0,0.0,100.0,100.0,100.0,66.66666666666667,33.333333333333336
40079,"Le Flore County, Oklahoma",OK,1136,77.06666666666668,high,100.0,100.0,0.0,100.0,100.0,100.0,66.66666666666667,33.333333333333336
05149,"Yell County, Arkansas",AR,1137,77.06666666666668,high,100.0,100.0,0.0,100.0,100.0,100.0,66.66666666666667,33.333333333333336
28047,"Harrison County, Mississippi",MS,1138,77.06666666666668,high,100.0,100.0,0.0,100.0,100.0,100.0,66.66666666666667,33.333333333333336
51049,"Cumberland County, Virginia",VA,1139,73.33333333333334,high,100.0,100.0,0.0,100.0,100.0,66.66666666666667,66.66666666666667,33.333333333333336
24029,"Kent County, Maryland",MD,1140,77.06666666666668,high,100.0,100.0,0.0,100.0,100.0,100.0,66.66666666666667,33.333333333333336
18085,"Kosciusko County, Indiana",IN,1141,77.06666666666668,high,100.0,100.0,0.0,100.0,100.0,100.0,66.66666666666667,33.333333333333336
37167,"Stanly County, North Carolina",NC,1142,77.06666666666668,high,100.0,100.0,0.0,100.0,100.0,100.0,66.66666666666667,33.333333333333336
47083,"Houston County, Tennessee",TN,1143,77.06666666666668,high,100.0,100.0,0.0,100.0,100.0,100.0,66.66666666666667,33.333333333333336
19163,"Scott County, Iowa",IA,1144,77.06666666666668,high,100.0,100.0,0.0,100.0,100.0,100.0,66.66666666666667,33.333333333333336
01133,"Winston County, Alabama",AL,1145,77.06666666666668,high,100.0,100.0,0.0,100.0,100.0,100.0,66.66666666666667,33.333333333333336
29039,"Cedar County, Missouri",MO,1146,77.06666666666668,high,100.0,100.0,0.0,100.0,100.0,100.0,66.66666666666667,33.333333333333336
21191,"Pendleton County, Kentucky",KY,1147,77.06666666666668,high,100.0,100.0,0.0,100.0,100.0,100.0,66.66666666666667,33.333333333333336
20113,"McPherson County, Kansas",KS,1148,77.06666666666668,high,100.0,100.0,0.0,100.0,100.0,100.0,66.66666666666667,33.333333333333336
29027,"Callaway County, Missouri",MO,1149,77.06666666666668,high,100.0,100.0,0.0,100.0,100.0,100.0,66.66666666666667,33.333333333333336
29037,"Cass County, Missouri",MO,1150,77.06666666666668,high,100.0,100.0,0.0,100.0,100.0,100.0,66.66666666666667,33.333333333333336
37187,"Washington County, North Carolina",NC,1151,77.06666666666668,high,100.0,100.0,0.0,100.0,100.0,100.0,66.66666666666667,33.333333333333336
29131,"Miller County, Missouri",MO,1152,77.06666666666668,high,100.0,100.0,0.0,100.0,100.0,100.0,66.66666666666667,33.333333333333336
20119,"Meade County, Kansas",KS,1153,68.00000000000001,medium,66.66666666666667,100.0,0.0,100.0,100.0,66.66666666666667,66.66666666666667,33.333333333333336
32003,"Clark County, Nevada",NV,1154,77.06666666666668,high,100.0,100.0,0.0,100.0,100.0,100.0,66.66666666666667,33.333333333333336
24015,"Cecil County, Maryland",MD,1155,77.06666666666668,high,100.0,100.0,0.0,100.0,100.0,100.0,66.66666666666667,33.333333333333336
38029,"Emmons County, North Dakota",ND,1156,68.00000000000001,medium,66.66666666666667,100.0,0.0,100.0,100.0,66.66666666666667,66.66666666666667,33.333333333333336
13089,"DeKalb County, Georgia",GA,1157,77.06666666666668,high,100.0,100.0,0.0,100.0,100.0,100.0,66.66666666666667,33.333333333333336
19155,"Pottawattamie County, Iowa",IA,1158,77.06666666666668,high,100.0,100.0,0.0,100.0,100.0,100.0,66.66666666666667,33.333333333333336
30101,"Toole County, Montana",MT,1159,73.33333333333334,high,100.0,100.0,0.0,100.0,100.0,66.66666666666667,66.66666666666667,33.333333333333336
56009,"Converse County, Wyoming",WY,1160,72.00000000000001,high,100.0,66.66666666666667,0.0,100.0,100.0,100.0,66.66666666666667,33.333333333333336
21201,"Robertson County, Kentucky",KY,1161,68.00000000000001,medium,66.66666666666667,100.0,0.0,100.0,66.66666666666667,100.0,66.66666666666667,33.333333333333336
40039,"Custer County, Oklahoma",OK,1162,77.06666666666668,high,100.0,100.0,0.0,100.0,100.0,100.0,66.66666666666667,33.333333333333336
39089,"Licking County, Ohio",OH,1163,77.06666666666668,high,100.0,100.0,0.0,100.0,100.0,100.0,66.66666666666667,33.333333333333336
44001,"Bristol County, Rhode Island",RI,1164,77.06666666666668,high,100.0,100.0,0.0,100.0,100.0,100.0,66.66666666666667,33.333333333333336
27169,"Winona County, Minnesota",MN,1165,73.33333333333334,high,100.0,100.0,0.0,100.0,100.0,66.66666666666667,66.66666666666667,33.333333333333336
51197,"Wythe County, Virginia",VA,1166,72.00000000000001,high,100.0,66.66666666666667,0.0,100.0,100.0,100.0,66.66666666666667,33.333333333333336
50019,"Orleans County, Vermont",VT,1167,73.33333333333334,high,100.0,100.0,0.0,100.0,100.0,66.66666666666667,66.66666666666667,33.333333333333336
19099,"Jasper County, Iowa",IA,1168,77.06666666666668,high,100.0,100.0,0.0,100.0,100.0,100.0,66.66666666666667,33.333333333333336
39159,"Union County, Ohio",OH,1169,77.06666666666668,high,100.0,100.0,0.0,100.0,100.0,100.0,66.66666666666667,33.333333333333336
26165,"Wexford County, Michigan",MI,1170,73.33333333333334,high,100.0,100.0,0.0,100.0,100.0,66.66666666666667,66.66666666666667,33.333333333333336
56015,"Goshen County, Wyoming",WY,1171,68.26666666666668,medium,100.0,66.66666666666667,0.0,100.0,100.0,66.66666666666667,66.66666666666667,33.333333333333336
51830,"Williamsburg city, Virginia",VA,1172,68.26666666666668,medium,100.0,66.66666666666667,0.0,100.0,100.0,66.66666666666667,66.66666666666667,33.333333333333336
20025,"Clark County, Kansas",KS,1173,68.00000000000001,medium,66.66666666666667,100.0,0.0,100.0,100.0,66.66666666666667,66.66666666666667,33.333333333333336
19033,"Cerro Gordo County, Iowa",IA,1174,77.06666666666668,high,100.0,100.0,0.0,100.0,100.0,100.0,66.66666666666667,33.333333333333336
42015,"Bradford County, Pennsylvania",PA,1175,77.06666666666668,high,100.0,100.0,0.0,100.0,100.0,100.0,66.66666666666667,33.333333333333336
40119,"Payne County, Oklahoma",OK,1176,77.06666666666668,high,100.0,100.0,0.0,100.0,100.0,100.0,66.66666666666667,33.333333333333336
29011,"Barton County, Missouri",MO,1177,77.06666666666668,high,100.0,100.0,0.0,100.0,100.0,100.0,66.66666666666667,33.333333333333336
51175,"Southampton County, Virginia",VA,1178,72.00000000000001,high,100.0,66.66666666666667,0.0,100.0,100.0,100.0,66.66666666666667,33.333333333333336
29223,"Wayne County, Missouri",MO,1179,68.00000000000001,medium,66.66666666666667,100.0,0.0,100.0,66.66666666666667,100.0,66.66666666666667,33.333333333333336
29199,"Scotland County, Missouri",MO,1180,68.00000000000001,medium,66.66666666666667,100.0,0.0,100.0,100.0,66.66666666666667,66.66666666666667,33.333333333333336
51027,"Buchanan County, Virginia",VA,1181,71.73333333333335,high,66.66666666666667,100.0,0.0,100.0,100.0,100.0,66.66666666666667,33.333333333333336
01067,"Henry County, Alabama",AL,1182,77.06666666666668,high,100.0,100.0,0.0,100.0,100.0,100.0,66.66666666666667,33.333333333333336
20093,"Kearny County, Kansas",KS,1183,73.33333333333334,high,100.0,100.0,0.0,100.0,100.0,66.66666666666667,66.66666666666667,33.333333333333336
31173,"Thurston County, Nebraska",NE,1184,68.00000000000001,medium,66.66666666666667,100.0,0.0,100.0,100.0,66.66666666666667,66.66666666666667,33.333333333333336
21015,"Boone County, Kentucky",KY,1185,77.06666666666668,high,100.0,100.0,0.0,100.0,100.0,100.0,66.66666666666667,33.333333333333336
17007,"Boone County, Illinois",IL,1186,77.06666666666668,high,100.0,100.0,0.0,100.0,100.0,100.0,66.66666666666667,33.333333333333336
17047,"Edwards County, Illinois",IL,1187,64.26666666666667,medium,66.66666666666667,100.0,0.0,100.0,66.66666666666667,66.66666666666667,66.66666666666667,33.333333333333336
19079,"Hamilton County, Iowa",IA,1188,77.06666666666668,high,100.0,100.0,0.0,100.0,100.0,100.0,66.66666666666667,33.333333333333336
48269,"King County, Texas",TX,1189,39.2,low,0.0,100.0,0.0,0.0,66.66666666666667,66.66666666666667,66.66666666666667,33.333333333333336
05141,"Van Buren County, Arkansas",AR,1190,73.33333333333334,high,100.0,100.0,0.0,100.0,100.0,66.66666666666667,66.66666666666667,33.333333333333336
13261,"Sumter County, Georgia",GA,1191,77.06666666666668,high,100.0,100.0,0.0,100.0,100.0,100.0,66.66666666666667,33.333333333333336
19071,"Fremont County, Iowa",IA,1192,73.33333333333334,high,100.0,100.0,0.0,100.0,100.0,66.66666666666667,66.66666666666667,33.333333333333336
37143,"Perquimans County, North Carolina",NC,1193,77.06666666666668,high,100.0,100.0,0.0,100.0,100.0,100.0,66.66666666666667,33.333333333333336
29051,"Cole County, Missouri",MO,1194,77.06666666666668,high,100.0,100.0,0.0,100.0,100.0,100.0,66.66666666666667,33.333333333333336
51075,"Goochland County, Virginia",VA,1195,72.00000000000001,high,100.0,66.66666666666667,0.0,100.0,100.0,100.0,66.66666666666667,33.333333333333336
40109,"Oklahoma County, Oklahoma",OK,1196,77.06666666666668,high,100.0,100.0,0.0,100.0,100.0,100.0,66.66666666666667,33.333333333333336
56007,"Carbon County, Wyoming",WY,1197,68.26666666666668,medium,100.0,66.66666666666667,0.0,100.0,100.0,66.66666666666667,66.66666666666667,33.333333333333336
20067,"Grant County, Kansas",KS,1198,73.33333333333334,high,100.0,100.0,0.0,100.0,100.0,66.66666666666667,66.66666666666667,33.333333333333336
31059,"Fillmore County, Nebraska",NE,1199,77.06666666666668,high,100.0,100.0,0.0,100.0,100.0,100.0,66.66666666666667,33.333333333333336
47029,"Cocke County, Tennessee",TN,1200,77.06666666666668,high,100.0,100.0,0.0,100.0,100.0,100.0,66.66666666666667,33.333333333333336
05093,"Mississippi County, Arkansas",AR,1201,77.06666666666668,high,100.0,100.0,0.0,100.0,100.0,100.0,66.66666666666667,33.333333333333336
38089,"Stark County, North Dakota",ND,1202,77.06666666666668,high,100.0,100.0,0.0,100.0,100.0,100.0,66.66666666666667,33.333333333333336
08089,"Otero County, Colorado",CO,1203,73.33333333333334,high,100.0,100.0,0.0,100.0,100.0,66.66666666666667,66.66666666666667,33.333333333333336
13173,"Lanier County, Georgia",GA,1204,71.73333333333335,high,66.66666666666667,100.0,0.0,100.0,100.0,100.0,66.66666666666667,33.333333333333336
27063,"Jackson County, Minnesota",MN,1205,73.33333333333334,high,100.0,100.0,0.0,100.0,100.0,66.66666666666667,66.66666666666667,33.333333333333336
19039,"Clarke County, Iowa",IA,1206,73.33333333333334,high,100.0,100.0,0.0,100.0,100.0,66.66666666666667,66.66666666666667,33.333333333333336
37011,"Avery County, North Carolina",NC,1207,77.06666666666668,high,100.0,100.0,0.0,100.0,100.0,100.0,66.66666666666667,33.333333333333336
55013,"Burnett County, Wisconsin",WI,1208,72.00000000000001,high,100.0,66.66666666666667,0.0,100.0,100.0,100.0,66.66666666666667,33.333333333333336
42061,"Huntingdon County, Pennsylvania",PA,1209,77.06666666666668,high,100.0,100.0,0.0,100.0,100.0,100.0,66.66666666666667,33.333333333333336
19109,"Kossuth County, Iowa",IA,1210,73.33333333333334,high,100.0,100.0,0.0,100.0,100.0,66.66666666666667,66.66666666666667,33.333333333333336
51061,"Fauquier County, Virginia",VA,1211,77.06666666666668,high,100.0,100.0,0.0,100.0,100.0,100.0,66.66666666666667,33.333333333333336
26105,"Mason County, Michigan",MI,1212,77.06666666666668,high,100.0,100.0,0.0,100.0,100.0,100.0,66.66666666666667,33.333333333333336
47057,"Grainger County, Tennessee",TN,1213,77.06666666666668,high,100.0,100.0,0.0,100.0,100.0,100.0,66.66666666666667,33.333333333333336
17051,"Fayette County, Illinois",IL,1214,73.33333333333334,high,100.0,100.0,0.0,100.0,100.0,66.66666666666667,66.66666666666667,33.333333333333336
28075,"Lauderdale County, Mississippi",MS,1215,77.06666666666668,high,100.0,100.0,0.0,100.0,100.0,100.0,66.66666666666667,33.333333333333336
37087,"Haywood County, North Carolina",NC,1216,77.06666666666668,high,100.0,100.0,0.0,100.0,100.0,100.0,66.66666666666667,33.333333333333336
20163,"Rooks County, Kansas",KS,1217,68.00000000000001,medium,66.66666666666667,100.0,0.0,100.0,100.0,66.66666666666667,66.66666666666667,33.333333333333336
31083,"Harlan County, Nebraska",NE,1218,68.00000000000001,medium,66.66666666666667,100.0,0.0,100.0,100.0,66.66666666666667,66.66666666666667,33.333333333333336
48345,"Motley County, Texas",TX,1219,58.93333333333334,medium,33.333333333333336,100.0,0.0,100.0,66.66666666666667,66.66666666666667,66.66666666666667,33.333333333333336
40071,"Kay County, Oklahoma",OK,1220,77.06666666666668,high,100.0,100.0,0.0,100.0,100.0,100.0,66.66666666666667,33.333333333333336
21033,"Caldwell County, Kentucky",KY,1221,77.06666666666668,high,100.0,100.0,0.0,100.0,100.0,100.0,66.66666666666667,33.333333333333336
28057,"Itawamba County, Mississippi",MS,1222,77.06666666666668,high,100.0,100.0,0.0,100.0,100.0,100.0,66.66666666666667,33.333333333333336
46097,"Miner County, South Dakota",SD,1223,68.00000000000001,medium,66.66666666666667,100.0,0.0,100.0,100.0,66.66666666666667,66.66666666666667,33.333333333333336
36113,"Warren County, New York",NY,1224,73.33333333333334,high,100.0,100.0,0.0,100.0,100.0,66.66666666666667,66.66666666666667,33.333333333333336
19069,"Franklin County, Iowa",IA,1225,77.06666666666668,high,100.0,100.0,0.0,100.0,100.0,100.0,66.66666666666667,33.333333333333336
27151,"Swift County, Minnesota",MN,1226,77.06666666666668,high,100.0,100.0,0.0,100.0,100.0,100.0,66.66666666666667,33.333333333333336
13321,"Worth County, Georgia",GA,1227,77.06666666666668,high,100.0,100.0,0.0,100.0,100.0,100.0,66.66666666666667,33.333333333333336
37165,"Scotland County, North Carolina",NC,1228,77.06666666666668,high,100.0,100.0,0.0,100.0,100.0,100.0,66.66666666666667,33.333333333333336
20003,"Anderson County, Kansas",KS,1229,73.33333333333334,high,100.0,100.0,0.0,100.0,100.0,66.66666666666667,66.66666666666667,33.333333333333336
19075,"Grundy County, Iowa",IA,1230,77.06666666666668,high,100.0,100.0,0.0,100.0,100.0,100.0,66.66666666666667,33.333333333333336
54085,"Ritchie County, West Virginia",WV,1231,66.66666666666667,medium,66.66666666666667,66.66666666666667,0.0,100.0,100.0,100.0,66.66666666666667,33.333333333333336
51710,"Norfolk city, Virginia",VA,1232,68.26666666666668,medium,100.0,66.66666666666667,0.0,100.0,100.0,66.66666666666667,66.66666666666667,33.333333333333336
12055,"Highlands County, Florida",FL,1233,77.06666666666668,high,100.0,100.0,0.0,100.0,100.0,100.0,66.66666666666667,33.333333333333336
30099,"Teton County, Montana",MT,1234,73.33333333333334,high,100.0,100.0,0.0,100.0,100.0,66.66666666666667,66.66666666666667,33.333333333333336
01027,"Clay County, Alabama",AL,1235,73.33333333333334,high,100.0,100.0,0.0,100.0,100.0,66.66666666666667,66.66666666666667,33.333333333333336
02261,"Valdez-Cordova Census Area, Alaska",AK,1236,17.333333333333336,low,66.66666666666667,0.0,0.0,0.0,33.333333333333336,0.0,33.333333333333336,0.0
17071,"Henderson County, Illinois",IL,1237,77.06666666666668,high,100.0,100.0,0.0,100.0,100.0,100.0,66.66666666666667,33.333333333333336
13171,"Lamar County, Georgia",GA,1238,77.06666666666668,high,100.0,100.0,0.0,100.0,100.0,100.0,66.66666666666667,33.333333333333336
29023,"Butler County, Missouri",MO,1239,77.06666666666668,high,100.0,100.0,0.0,100.0,100.0,100.0,66.66666666666667,33.333333333333336
27031,"Cook County, Minnesota",MN,1240,73.33333333333334,high,100.0,100.0,0.0,100.0,100.0,66.66666666666667,66.66666666666667,33.333333333333336
08109,"Saguache County, Colorado",CO,1241,68.00000000000001,medium,66.66666666666667,100.0,0.0,100.0,100.0,66.66666666666667,66.66666666666667,33.333333333333336
13143,"Haralson County, Georgia",GA,1242,77.06666666666668,high,100.0,100.0,0.0,100.0,100.0,100.0,66.66666666666667,33.333333333333336
40011,"Blaine County, Oklahoma",OK,1243,73.33333333333334,high,100.0,100.0,0.0,100.0,100.0,66.66666666666667,66.66666666666667,33.333333333333336
30057,"Madison County, Montana",MT,1244,73.33333333333334,high,100.0,100.0,0.0,100.0,100.0,66.66666666666667,66.66666666666667,33.333333333333336
42125,"Washington County, Pennsylvania",PA,1245,77.06666666666668,high,100.0,100.0,0.0,100.0,100.0,100.0,66.66666666666667,33.333333333333336
36071,"Orange County, New York",NY,1246,77.06666666666668,high,100.0,100.0,0.0,100.0,100.0,100.0,66.66666666666667,33.333333333333336
26147,"St. Clair County, Michigan",MI,1247,77.06666666666668,high,100.0,100.0,0.0,100.0,100.0,100.0,66.66666666666667,33.333333333333336
13249,"Schley County, Georgia",GA,1248,68.00000000000001,medium,66.66666666666667,100.0,0.0,100.0,100.0,66.66666666666667,66.66666666666667,33.333333333333336
48131,"Duval County, Texas",TX,1249,62.66666666666666,medium,33.333333333333336,100.0,0.0,100.0,66.66666666666667,100.0,66.66666666666667,33.333333333333336
13193,"Macon County, Georgia",GA,1250,77.06666666666668,high,100.0,100.0,0.0,100.0,100.0,100.0,66.66666666666667,33.333333333333336
40099,"Murray County, Oklahoma",OK,1251,73.33333333333334,high,100.0,100.0,0.0,100.0,100.0,66.66666666666667,66.66666666666667,33.333333333333336
31033,"Cheyenne County, Nebraska",NE,1252,73.33333333333334,high,100.0,100.0,0.0,100.0,100.0,66.66666666666667,66.66666666666667,33.333333333333336
48301,"Loving County, Texas",TX,1253,36.0,low,0.0,100.0,0.0,0.0,66.66666666666667,66.66666666666667,66.66666666666667,0.0
47023,"Chester County, Tennessee",TN,1254,77.06666666666668,high,100.0,100.0,0.0,100.0,100.0,100.0,66.66666666666667,33.333333333333336
19115,"Louisa County, Iowa",IA,1255,77.06666666666668,high,100.0,100.0,0.0,100.0,100.0,100.0,66.66666666666667,33.333333333333336
19175,"Union County, Iowa",IA,1256,77.06666666666668,high,100.0,100.0,0.0,100.0,100.0,100.0,66.66666666666667,33.333333333333336
40087,"McClain County, Oklahoma",OK,1257,77.06666666666668,high,100.0,100.0,0.0,100.0,100.0,100.0,66.66666666666667,33.333333333333336
55093,"Pierce County, Wisconsin",WI,1258,72.00000000000001,high,100.0,66.66666666666667,0.0,100.0,100.0,100.0,66.66666666666667,33.333333333333336
05135,"Sharp County, Arkansas",AR,1259,77.06666666666668,high,100.0,100.0,0.0,100.0,100.0,100.0,66.66666666666667,33.333333333333336
28049,"Hinds County, Mississippi",MS,1260,77.06666666666668,high,100.0,100.0,0.0,100.0,100.0,100.0,66.66666666666667,33.333333333333336
56005,"Campbell County, Wyoming",WY,1261,72.00000000000001,high,100.0,66.66666666666667,0.0,100.0,100.0,100.0,66.66666666666667,33.333333333333336
28151,"Washington County, Mississippi",MS,1262,77.06666666666668,high,100.0,100.0,0.0,100.0,100.0,100.0,66.66666666666667,33.333333333333336
45087,"Union County, South Carolina",SC,1263,73.33333333333334,high,100.0,100.0,0.0,100.0,100.0,66.66666666666667,66.66666666666667,33.333333333333336
13099,"Early County, Georgia",GA,1264,71.73333333333335,high,66.66666666666667,100.0,0.0,100.0,100.0,100.0,66.66666666666667,33.333333333333336
40117,"Pawnee County, Oklahoma",OK,1265,73.33333333333334,high,100.0,100.0,0.0,100.0,100.0,66.66666666666667,66.66666666666667,33.333333333333336
51121,"Montgomery County, Virginia",VA,1266,72.00000000000001,high,100.0,66.66666666666667,0.0,100.0,100.0,100.0,66.66666666666667,33.333333333333336
56037,"Sweetwater County, Wyoming",WY,1267,68.26666666666668,medium,100.0,66.66666666666667,0.0,100.0,100.0,66.66666666666667,66.66666666666667,33.333333333333336
36121,"Wyoming County, New York",NY,1268,73.33333333333334,high,100.0,100.0,0.0,100.0,100.0,66.66666666666667,66.66666666666667,33.333333333333336
54093,"Tucker County, West Virginia",WV,1269,66.66666666666667,medium,66.66666666666667,66.66666666666667,0.0,100.0,100.0,100.0,66.66666666666667,33.333333333333336
40049,"Garvin County, Oklahoma",OK,1270,77.06666666666668,high,100.0,100.0,0.0,100.0,100.0,100.0,66.66666666666667,33.333333333333336
13145,"Harris County, Georgia",GA,1271,77.06666666666668,high,100.0,100.0,0.0,100.0,100.0,100.0,66.66666666666667,33.333333333333336
20137,"Norton County, Kansas",KS,1272,68.00000000000001,medium,66.66666666666667,100.0,0.0,100.0,100.0,66.66666666666667,66.66666666666667,33.333333333333336
26087,"Lapeer County, Michigan",MI,1273,77.06666666666668,high,100.0,100.0,0.0,100.0,100.0,100.0,66.66666666666667,33.333333333333336
18151,"Steuben County, Indiana",IN,1274,77.06666666666668,high,100.0,100.0,0.0,100.0,100.0,100.0,66.66666666666667,33.333333333333336
40133,"Seminole County, Oklahoma",OK,1275,77.06666666666668,high,100.0,100.0,0.0,100.0,100.0,100.0,66.66666666666667,33.333333333333336
54043,"Lincoln County, West Virginia",WV,1276,72.00000000000001,high,100.0,66.66666666666667,0.0,100.0,100.0,100.0,66.66666666666667,33.333333333333336
47063,"Hamblen County, Tennessee",TN,1277,77.06666666666668,high,100.0,100.0,0.0,100.0,100.0,100.0,66.66666666666667,33.333333333333336
05047,"Franklin County, Arkansas",AR,1278,77.06666666666668,high,100.0,100.0,0.0,100.0,100.0,100.0,66.66666666666667,33.333333333333336
13055,"Chattooga County, Georgia",GA,1279,77.06666666666668,high,100.0,100.0,0.0,100.0,100.0,100.0,66.66666666666667,33.333333333333336
17191,"Wayne County, Illinois",IL,1280,73.33333333333334,high,100.0,100.0,0.0,100.0,100.0,66.66666666666667,66.66666666666667,33.333333333333336
20047,"Edwards County, Kansas",KS,1281,71.73333333333335,high,66.66666666666667,100.0,0.0,100.0,100.0,100.0,66.66666666666667,33.333333333333336
13283,"Treutlen County, Georgia",GA,1282,71.73333333333335,high,66.66666666666667,100.0,0.0,100.0,100.0,100.0,66.66666666666667,33.333333333333336
23017,"Oxford County, Maine",ME,1283,77.06666666666668,high,100.0,100.0,0.0,100.0,100.0,100.0,66.66666666666667,33.333333333333336
47085,"Humphreys County, Tennessee",TN,1284,77.06666666666668,high,100.0,100.0,0.0,100.0,100.0,100.0,66.66666666666667,33.333333333333336
36103,"Suffolk County, New York",NY,1285,77.06666666666668,high,100.0,100.0,0.0,100.0,100.0,100.0,66.66666666666667,33.333333333333336
51125,"Nelson County, Virginia",VA,1286,72.00000000000001,high,100.0,66.66666666666667,0.0,100.0,100.0,100.0,66.66666666666667,33.333333333333336
26123,"Newaygo County, Michigan",MI,1287,77.06666666666668,high,100.0,100.0,0.0,100.0,100.0,100.0,66.66666666666667,33.333333333333336
36091,"Saratoga County, New York",NY,1288,73.33333333333334,high,100.0,100.0,0.0,100.0,100.0,66.66666666666667,66.66666666666667,33.333333333333336
19141,"O'Brien County, Iowa",IA,1289,77.06666666666668,high,100.0,100.0,0.0,100.0,100.0,100.0,66.66666666666667,33.333333333333336
13091,"Dodge County, Georgia",GA,1290,77.06666666666668,high,100.0,100.0,0.0,100.0,100.0,100.0,66.66666666666667,33.333333333333336
02020,"Anchorage Municipality, Alaska",AK,1291,73.33333333333334,high,100.0,100.0,0.0,100.0,100.0,66.66666666666667,66.66666666666667,33.333333333333336
51023,"Botetourt County, Virginia",VA,1292,77.06666666666668,high,100.0,100.0,0.0,100.0,100.0,100.0,66.66666666666667,33.333333333333336
54089,"Summers County, West Virginia",WV,1293,72.00000000000001,high,100.0,66.66666666666667,0.0,100.0,100.0,100.0,66.66666666666667,33.333333333333336
29095,"Jackson County, Missouri",MO,1294,77.06666666666668,high,100.0,100.0,0.0,100.0,100.0,100.0,66.66666666666667,33.333333333333336
49031,"Piute County, Utah",UT,1295,42.93333333333334,medium,0.0,100.0,0.0,0.0,100.0,66.66666666666667,66.66666666666667,33.333333333333336
33019,"Sullivan County, New Hampshire",NH,1296,77.06666666666668,high,100.0,100.0,0.0,100.0,100.0,100.0,66.66666666666667,33.333333333333336
47161,"Stewart County, Tennessee",TN,1297,77.06666666666668,high,100.0,100.0,0.0,100.0,100.0,100.0,66.66666666666667,33.333333333333336
37155,"Robeson County, North Carolina",NC,1298,77.06666666666668,high,100.0,100.0,0.0,100.0,100.0,100.0,66.66666666666667,33.333333333333336
26073,"Isabella County, Michigan",MI,1299,77.06666666666668,high,100.0,100.0,0.0,100.0,100.0,100.0,66.66666666666667,33.333333333333336
31021,"Burt County, Nebraska",NE,1300,77.06666666666668,high,100.0,100.0,0.0,100.0,100.0,100.0,66.66666666666667,33.333333333333336
51820,"Waynesboro city, Virginia",VA,1301,68.26666666666668,medium,100.0,66.66666666666667,0.0,100.0,100.0,66.66666666666667,66.66666666666667,33.333333333333336
24043,"Washington County, Maryland",MD,1302,77.06666666666668,high,100.0,100.0,0.0,100.0,100.0,100.0,66.66666666666667,33.333333333333336
35037,"Quay County, New Mexico",NM,1303,64.26666666666667,medium,66.66666666666667,100.0,0.0,100.0,66.66666666666667,66.66666666666667,66.66666666666667,33.333333333333336
51069,"Frederick County, Virginia",VA,1304,77.06666666666668,high,100.0,100.0,0.0,100.0,100.0,100.0,66.66666666666667,33.333333333333336
27057,"Hubbard County, Minnesota",MN,1305,73.33333333333334,high,100.0,100.0,0.0,100.0,100.0,66.66666666666667,66.66666666666667,33.333333333333336
17025,"Clay County, Illinois",IL,1306,73.33333333333334,high,100.0,100.0,0.0,100.0,100.0,66.66666666666667,66.66666666666667,33.333333333333336
17031,"Cook County, Illinois",IL,1307,77.06666666666668,high,100.0,100.0,0.0,100.0,100.0,100.0,66.66666666666667,33.333333333333336
48215,"Hidalgo County, Texas",TX,1308,73.33333333333334,high,100.0,100.0,0.0,100.0,100.0,66.66666666666667,66.66666666666667,33.333333333333336
26019,"Benzie County, Michigan",MI,1309,77.06666666666668,high,100.0,100.0,0.0,100.0,100.0,100.0,66.66666666666667,33.333333333333336
27041,"Douglas County, Minnesota",MN,1310,77.06666666666668,high,100.0,100.0,0.0,100.0,100.0,100.0,66.66666666666667,33.333333333333336
01047,"Dallas County, Alabama",AL,1311,77.06666666666668,high,100.0,100.0,0.0,100.0,100.0,100.0,66.66666666666667,33.333333333333336
42089,"Monroe County, Pennsylvania",PA,1312,77.06666666666668,high,100.0,100.0,0.0,100.0,100.0,100.0,66.66666666666667,33.333333333333336
13029,"Bryan County, Georgia",GA,1313,77.06666666666668,high,100.0,100.0,0.0,100.0,100.0,100.0,66.66666666666667,33.333333333333336
26089,"Leelanau County, Michigan",MI,1314,77.06666666666668,high,100.0,100.0,0.0,100.0,100.0,100.0,66.66666666666667,33.333333333333336
19015,"Boone County, Iowa",IA,1315,77.06666666666668,high,100.0,100.0,0.0,100.0,100.0,100.0,66.66666666666667,33.333333333333336
20039,"Decatur County, Kansas",KS,1316,68.00000000000001,medium,66.66666666666667,100.0,0.0,100.0,100.0,66.66666666666667,66.66666666666667,33.333333333333336
29219,"Warren County, Missouri",MO,1317,77.06666666666668,high,100.0,100.0,0.0,100.0,100.0,100.0,66.66666666666667,33.333333333333336
55025,"Dane County, Wisconsin",WI,1318,72.00000000000001,high,100.0,66.66666666666667,0.0,100.0,100.0,100.0,66.66666666666667,33.333333333333336
46107,"Potter County, South Dakota",SD,1319,62.66666666666666,medium,33.333333333333336,100.0,0.0,100.0,100.0,66.66666666666667,66.66666666666667,33.333333333333336
13289,"Twiggs County, Georgia",GA,1320,73.33333333333334,high,100.0,100.0,0.0,100.0,100.0,66.66666666666667,66.66666666666667,33.333333333333336
37105,"Lee County, North Carolina",NC,1321,77.06666666666668,high,100.0,100.0,0.0,100.0,100.0,100.0,66.66666666666667,33.333333333333336
37041,"Chowan County, North Carolina",NC,1322,77.06666666666668,high,100.0,100.0,0.0,100.0,100.0,100.0,66.66666666666667,33.333333333333336
55111,"Sauk County, Wisconsin",WI,1323,72.00000000000001,high,100.0,66.66666666666667,0.0,100.0,100.0,100.0,66.66666666666667,33.333333333333336
20091,"Johnson County, Kansas",KS,1324,77.06666666666668,high,100.0,100.0,0.0,100.0,100.0,100.0,66.66666666666667,33.333333333333336
55078,"Menominee County, Wisconsin",WI,1325,62.933333333333344,medium,66.66666666666667,66.66666666666667,0.0,100.0,100.0,66.66666666666667,66.66666666666667,33.333333333333336
47065,"Hamilton County, Tennessee",TN,1326,77.06666666666668,high,100.0,100.0,0.0,100.0,100.0,100.0,66.66666666666667,33.333333333333336
56033,"Sheridan County, Wyoming",WY,1327,72.00000000000001,high,100.0,66.66666666666667,0.0,100.0,100.0,100.0,66.66666666666667,33.333333333333336
13065,"Clinch County, Georgia",GA,1328,71.73333333333335,high,66.66666666666667,100.0,0.0,100.0,100.0,100.0,66.66666666666667,33.333333333333336
21131,"Leslie County, Kentucky",KY,1329,68.00000000000001,medium,66.66666666666667,100.0,0.0,100.0,66.66666666666667,100.0,66.66666666666667,33.333333333333336
40001,"Adair County, Oklahoma",OK,1330,71.73333333333335,high,66.66666666666667,100.0,0.0,100.0,100.0,100.0,66.66666666666667,33.333333333333336
54075,"Pocahontas County, West Virginia",WV,1331,66.66666666666667,medium,66.66666666666667,66.66666666666667,0.0,100.0,100.0,100.0,66.66666666666667,33.333333333333336
30035,"Glacier County, Montana",MT,1332,73.33333333333334,high,100.0,100.0,0.0,100.0,100.0,66.66666666666667,66.66666666666667,33.333333333333336
20031,"Coffey County, Kansas",KS,1333,73.33333333333334,high,100.0,100.0,0.0,100.0,100.0,66.66666666666667,66.66666666666667,33.333333333333336
42023,"Cameron County, Pennsylvania",PA,1334,71.73333333333335,high,66.66666666666667,100.0,0.0,100.0,100.0,100.0,66.66666666666667,33.333333333333336
42105,"Potter County, Pennsylvania",PA,1335,77.06666666666668,high,100.0,100.0,0.0,100.0,100.0,100.0,66.66666666666667,33.333333333333336
01103,"Morgan County, Alabama",AL,1336,77.06666666666668,high,100.0,100.0,0.0,100.0,100.0,100.0,66.66666666666667,33.333333333333336
40017,"Canadian County, Oklahoma",OK,1337,77.06666666666668,high,100.0,100.0,0.0,100.0,100.0,100.0,66.66666666666667,33.333333333333336
40019,"Carter County, Oklahoma",OK,1338,77.06666666666668,high,100.0,100.0,0.0,100.0,100.0,100.0,66.66666666666667,33.333333333333336
42009,"Bedford County, Pennsylvania",PA,1339,77.06666666666668,high,100.0,100.0,0.0,100.0,100.0,100.0,66.66666666666667,33.333333333333336
39107,"Mercer County, Ohio",OH,1340,77.06666666666668,high,100.0,100.0,0.0,100.0,100.0,100.0,66.66666666666667,33.333333333333336
29073,"Gasconade County, Missouri",MO,1341,77.06666666666668,high,100.0,100.0,0.0,100.0,100.0,100.0,66.66666666666667,33.333333333333336
20193,"Thomas County, Kansas",KS,1342,73.33333333333334,high,100.0,100.0,0.0,100.0,100.0,66.66666666666667,66.66666666666667,33.333333333333336
40013,"Bryan County, Oklahoma",OK,1343,77.06666666666668,high,100.0,100.0,0.0,100.0,100.0,100.0,66.66666666666667,33.333333333333336
05051,"Garland County, Arkansas",AR,1344,77.06666666666668,high,100.0,100.0,0.0,100.0,100.0,100.0,66.66666666666667,33.333333333333336
25027,"Worcester County, Massachusetts",MA,1345,77.06666666666668,high,100.0,100.0,0.0,100.0,100.0,100.0,66.66666666666667,33.333333333333336
27115,"Pine County, Minnesota",MN,1346,77.06666666666668,high,100.0,100.0,0.0,100.0,100.0,100.0,66.66666666666667,33.333333333333336
47019,"Carter County, Tennessee",TN,1347,77.06666666666668,high,100.0,100.0,0.0,100.0,100.0,100.0,66.66666666666667,33.333333333333336
47137,"Pickett County, Tennessee",TN,1348,73.33333333333334,high,100.0,100.0,0.0,100.0,66.66666666666667,100.0,66.66666666666667,33.333333333333336
31141,"Platte County, Nebraska",NE,1349,77.06666666666668,high,100.0,100.0,0.0,100.0,100.0,100.0,66.66666666666667,33.333333333333336
29167,"Polk County, Missouri",MO,1350,77.06666666666668,high,100.0,100.0,0.0,100.0,100.0,100.0,66.66666666666667,33.333333333333336
24025,"Harford County, Maryland",MD,1351,77.06666666666668,high,100.0,100.0,0.0,100.0,100.0,100.0,66.66666666666667,33.333333333333336
47145,"Roane County, Tennessee",TN,1352,77.06666666666668,high,100.0,100.0,0.0,100.0,100.0,100.0,66.66666666666667,33.333333333333336
21203,"Rockcastle County, Kentucky",KY,1353,73.33333333333334,high,100.0,100.0,0.0,100.0,66.66666666666667,100.0,66.66666666666667,33.333333333333336
47103,"Lincoln County, Tennessee",TN,1354,77.06666666666668,high,100.0,100.0,0.0,100.0,100.0,100.0,66.66666666666667,33.333333333333336
47005,"Benton County, Tennessee",TN,1355,77.06666666666668,high,100.0,100.0,0.0,100.0,100.0,100.0,66.66666666666667,33.333333333333336
26117,"Montcalm County, Michigan",MI,1356,73.33333333333334,high,100.0,100.0,0.0,100.0,100.0,66.66666666666667,66.66666666666667,33.333333333333336
13079,"Crawford County, Georgia",GA,1357,77.06666666666668,high,100.0,100.0,0.0,100.0,100.0,100.0,66.66666666666667,33.333333333333336
13149,"Heard County, Georgia",GA,1358,77.06666666666668,high,100.0,100.0,0.0,100.0,100.0,100.0,66.66666666666667,33.333333333333336
54109,"Wyoming County, West Virginia",WV,1359,66.66666666666667,medium,66.66666666666667,66.66666666666667,0.0,100.0,100.0,100.0,66.66666666666667,33.333333333333336
48381,"Randall County, Texas",TX,1360,77.06666666666668,high,100.0,100.0,0.0,100.0,100.0,100.0,66.66666666666667,33.333333333333336
19129,"Mills County, Iowa",IA,1361,77.06666666666668,high,100.0,100.0,0.0,100.0,100.0,100.0,66.66666666666667,33.333333333333336
37121,"Mitchell County, North Carolina",NC,1362,77.06666666666668,high,100.0,100.0,0.0,100.0,100.0,100.0,66.66666666666667,33.333333333333336
13221,"Oglethorpe County, Georgia",GA,1363,77.06666666666668,high,100.0,100.0,0.0,100.0,100.0,100.0,66.66666666666667,33.333333333333336
48461,"Upton County, Texas",TX,1364,68.00000000000001,medium,66.66666666666667,100.0,0.0,100.0,100.0,66.66666666666667,66.66666666666667,33.333333333333336
54065,"Morgan County, West Virginia",WV,1365,72.00000000000001,high,100.0,66.66666666666667,0.0,100.0,100.0,100.0,66.66666666666667,33.333333333333336
51047,"Culpeper County, Virginia",VA,1366,77.06666666666668,high,100.0,100.0,0.0,100.0,100.0,100.0,66.66666666666667,33.333333333333336
47125,"Montgomery County, Tennessee",TN,1367,77.06666666666668,high,100.0,100.0,0.0,100.0,100.0,100.0,66.66666666666667,33.333333333333336
27159,"Wadena County, Minnesota",MN,1368,73.33333333333334,high,100.0,100.0,0.0,100.0,100.0,66.66666666666667,66.66666666666667,33.333333333333336
55133,"Waukesha County, Wisconsin",WI,1369,72.00000000000001,high,100.0,66.66666666666667,0.0,100.0,100.0,100.0,66.66666666666667,33.333333333333336
30093,"Silver Bow County, Montana",MT,1370,77.06666666666668,high,100.0,100.0,0.0,100.0,100.0,100.0,66.66666666666667,33.333333333333336
20075,"Hamilton County, Kansas",KS,1371,68.00000000000001,medium,66.66666666666667,100.0,0.0,100.0,100.0,66.66666666666667,66.66666666666667,33.333333333333336
19059,"Dickinson County, Iowa",IA,1372,73.33333333333334,high,100.0,100.0,0.0,100.0,100.0,66.66666666666667,66.66666666666667,33.333333333333336
42005,"Armstrong County, Pennsylvania",PA,1373,77.06666666666668,high,100.0,100.0,0.0,100.0,100.0,100.0,66.66666666666667,33.333333333333336
25023,"Plymouth County, Massachusetts",MA,1374,77.06666666666668,high,100.0,100.0,0.0,100.0,100.0,100.0,66.66666666666667,33.333333333333336
31131,"Otoe County, Nebraska",NE,1375,77.06666666666668,high,100.0,100.0,0.0,100.0,100.0,100.0,66.66666666666667,33.333333333333336
47089,"Jefferson County, Tennessee",TN,1376,77.06666666666668,high,100.0,100.0,0.0,100.0,100.0,100.0,66.66666666666667,33.333333333333336
20013,"Brown County, Kansas",KS,1377,73.33333333333334,high,100.0,100.0,0.0,100.0,100.0,66.66666666666667,66.66666666666667,33.333333333333336
13315,"Wilcox County, Georgia",GA,1378,68.00000000000001,medium,66.66666666666667,100.0,0.0,100.0,66.66666666666667,100.0,66.66666666666667,33.333333333333336
34027,"Morris County, New Jersey",NJ,1379,73.33333333333334,high,100.0,100.0,0.0,100.0,100.0,66.66666666666667,66.66666666666667,33.333333333333336
48375,"Potter County, Texas",TX,1380,77.06666666666668,high,100.0,100.0,0.0,100.0,100.0,100.0,66.66666666666667,33.333333333333336
48421,"Sherman County, Texas",TX,1381,68.00000000000001,medium,66.66666666666667,100.0,0.0,100.0,100.0,66.66666666666667,66.66666666666667,33.333333333333336
42111,"Somerset County, Pennsylvania",PA,1382,77.06666666666668,high,100.0,100.0,0.0,100.0,100.0,100.0,66.66666666666667,33.333333333333336
44007,"Providence County, Rhode Island",RI,1383,77.06666666666668,high,100.0,100.0,0.0,100.0,100.0,100.0,66.66666666666667,33.333333333333336
28059,"Jackson County, Mississippi",MS,1384,77.06666666666668,high,100.0,100.0,0.0,100.0,100.0,100.0,66.66666666666667,33.333333333333336
51155,"Pulaski County, Virginia",VA,1385,72.00000000000001,high,100.0,66.66666666666667,0.0,100.0,100.0,100.0,66.66666666666667,33.333333333333336
36123,"Yates County, New York",NY,1386,73.33333333333334,high,100.0,100.0,0.0,100.0,100.0,66.66666666666667,66.66666666666667,33.333333333333336
13049,"Charlton County, Georgia",GA,1387,71.73333333333335,high,66.66666666666667,100.0,0.0,100.0,100.0,100.0,66.66666666666667,33.333333333333336
27073,"Lac qui Parle County, Minnesota",MN,1388,77.06666666666668,high,100.0,100.0,0.0,100.0,100.0,100.0,66.66666666666667,33.333333333333336
37007,"Anson County, North Carolina",NC,1389,77.06666666666668,high,100.0,100.0,0.0,100.0,100.0,100.0,66.66666666666667,33.333333333333336
48191,"Hall County, Texas",TX,1390,62.66666666666666,medium,33.333333333333336,100.0,0.0,100.0,100.0,66.66666666666667,66.66666666666667,33.333333333333336
51099,"King George County, Virginia",VA,1391,72.00000000000001,high,100.0,66.66666666666667,0.0,100.0,100.0,100.0,66.66666666666667,33.333333333333336
19107,"Keokuk County, Iowa",IA,1392,77.06666666666668,high,100.0,100.0,0.0,100.0,100.0,100.0,66.66666666666667,33.333333333333336
51043,"Clarke County, Virginia",VA,1393,77.06666666666668,high,100.0,100.0,0.0,100.0,100.0,100.0,66.66666666666667,33.333333333333336
51033,"Caroline County, Virginia",VA,1394,77.06666666666668,high,100.0,100.0,0.0,100.0,100.0,100.0,66.66666666666667,33.333333333333336
54053,"Mason County, West Virginia",WV,1395,72.00000000000001,high,100.0,66.66666666666667,0.0,100.0,100.0,100.0,66.66666666666667,33.333333333333336
13103,"Effingham County, Georgia",GA,1396,77.06666666666668,high,100.0,100.0,0.0,100.0,100.0,100.0,66.66666666666667,33.333333333333336
34029,"Ocean County, New Jersey",NJ,1397,77.06666666666668,high,100.0,100.0,0.0,100.0,100.0,100.0,66.66666666666667,33.333333333333336
29053,"Cooper County, Missouri",MO,1398,77.06666666666668,high,100.0,100.0,0.0,100.0,100.0,100.0,66.66666666666667,33.333333333333336
05103,"Ouachita County, Arkansas",AR,1399,77.06666666666668,high,100.0,100.0,0.0,100.0,100.0,100.0,66.66666666666667,33.333333333333336
40093,"Major County, Oklahoma",OK,1400,68.00000000000001,medium,66.66666666666667,100.0,0.0,100.0,100.0,66.66666666666667,66.66666666666667,33.333333333333336
47017,"Carroll County, Tennessee",TN,1401,77.06666666666668,high,100.0,100.0,0.0,100.0,100.0,100.0,66.66666666666667,33.333333333333336
56041,"Uinta County, Wyoming",WY,1402,72.00000000000001,high,100.0,66.66666666666667,0.0,100.0,100.0,100.0,66.66666666666667,33.333333333333336
22033,"East Baton Rouge Parish, Louisiana",LA,1403,77.06666666666668,high,100.0,100.0,0.0,100.0,100.0,100.0,66.66666666666667,33.333333333333336
32031,"Washoe County, Nevada",NV,1404,77.06666666666668,high,100.0,100.0,0.0,100.0,100.0,100.0,66.66666666666667,33.333333333333336
37029,"Camden County, North Carolina",NC,1405,77.06666666666668,high,100.0,100.0,0.0,100.0,100.0,100.0,66.66666666666667,33.333333333333336
34017,"Hudson County, New Jersey",NJ,1406,77.06666666666668,high,100.0,100.0,0.0,100.0,100.0,100.0,66.66666666666667,33.333333333333336
13137,"Habersham County, Georgia",GA,1407,77.06666666666668,high,100.0,100.0,0.0,100.0,100.0,100.0,66.66666666666667,33.333333333333336
55063,"La Crosse County, Wisconsin",WI,1408,72.00000000000001,high,100.0,66.66666666666667,0.0,100.0,100.0,100.0,66.66666666666667,33.333333333333336
27147,"Steele County, Minnesota",MN,1409,77.06666666666668,high,100.0,100.0,0.0,100.0,100.0,100.0,66.66666666666667,33.333333333333336
29113,"Lincoln County, Missouri",MO,1410,77.06666666666668,high,100.0,100.0,0.0,100.0,100.0,100.0,66.66666666666667,33.333333333333336
38055,"McLean County, North Dakota",ND,1411,73.33333333333334,high,100.0,100.0,0.0,100.0,100.0,66.66666666666667,66.66666666666667,33.333333333333336
13195,"Madison County, Georgia",GA,1412,77.06666666666668,high,100.0,100.0,0.0,100.0,100.0,100.0,66.66666666666667,33.333333333333336
51678,"Lexington city, Virginia",VA,1413,64.53333333333333,medium,100.0,66.66666666666667,0.0,100.0,66.66666666666667,66.66666666666667,66.66666666666667,33.333333333333336
21001,"Adair County, Kentucky",KY,1414,77.06666666666668,high,100.0,100.0,0.0,100.0,100.0,100.0,66.66666666666667,33.333333333333336
19189,"Winnebago County, Iowa",IA,1415,73.33333333333334,high,100.0,100.0,0.0,100.0,100.0,66.66666666666667,66.66666666666667,33.333333333333336
31151,"Saline County, Nebraska",NE,1416,77.06666666666668,high,100.0,100.0,0.0,100.0,100.0,100.0,66.66666666666667,33.333333333333336
05143,"Washington County, Arkansas",AR,1417,77.06666666666668,high,100.0,100.0,0.0,100.0,100.0,100.0,66.66666666666667,33.333333333333336
08057,"Jackson County, Colorado",CO,1418,48.266666666666666,medium,33.333333333333336,100.0,0.0,0.0,100.0,66.66666666666667,66.66666666666667,33.333333333333336
21193,"Perry County, Kentucky",KY,1419,77.06666666666668,high,100.0,100.0,0.0,100.0,100.0,100.0,66.66666666666667,33.333333333333336
29183,"St. Charles County, Missouri",MO,1420,77.06666666666668,high,100.0,100.0,0.0,100.0,100.0,100.0,66.66666666666667,33.333333333333336
26057,"Gratiot County, Michigan",MI,1421,77.06666666666668,high,100.0,100.0,0.0,100.0,100.0,100.0,66.66666666666667,33.333333333333336
37039,"Cherokee County, North Carolina",NC,1422,77.06666666666668,high,100.0,100.0,0.0,100.0,100.0,100.0,66.66666666666667,33.333333333333336
40067,"Jefferson County, Oklahoma",OK,1423,64.26666666666667,medium,66.66666666666667,100.0,0.0,100.0,66.66666666666667,66.66666666666667,66.66666666666667,33.333333333333336
17035,"Cumberland County, Illinois",IL,1424,77.06666666666668,high,100.0,100.0,0.0,100.0,100.0,100.0,66.66666666666667,33.333333333333336
13017,"Ben Hill County, Georgia",GA,1425,77.06666666666668,high,100.0,100.0,0.0,100.0,100.0,100.0,66.66666666666667,33.333333333333336
19101,"Jefferson County, Iowa",IA,1426,73.33333333333334,high,100.0,100.0,0.0,100.0,100.0,66.66666666666667,66.66666666666667,33.333333333333336
17193,"White County, Illinois",IL,1427,77.06666666666668,high,100.0,100.0,0.0,100.0,100.0,100.0,66.66666666666667,33.333333333333336
13005,"Bacon County, Georgia",GA,1428,77.06666666666668,high,100.0,100.0,0.0,100.0,100.0,100.0,66.66666666666667,33.333333333333336
42011,"Berks County, Pennsylvania",PA,1429,77.06666666666668,high,100.0,100.0,0.0,100.0,100.0,100.0,66.66666666666667,33.333333333333336
47039,"Decatur County, Tennessee",TN,1430,77.06666666666668,high,100.0,100.0,0.0,100.0,100.0,100.0,66.66666666666667,33.333333333333336
05003,"Ashley County, Arkansas",AR,1431,77.06666666666668,high,100.0,100.0,0.0,100.0,100.0,100.0,66.66666666666667,33.333333333333336
27013,"Blue Earth County, Minnesota",MN,1432,73.33333333333334,high,100.0,100.0,0.0,100.0,100.0,66.66666666666667,66.66666666666667,33.333333333333336
35059,"Union County, New Mexico",NM,1433,64.26666666666667,medium,66.66666666666667,100.0,0.0,100.0,66.66666666666667,66.66666666666667,66.66666666666667,33.333333333333336
19081,"Hancock County, Iowa",IA,1434,77.06666666666668,high,100.0,100.0,0.0,100.0,100.0,100.0,66.66666666666667,33.333333333333336
37161,"Rutherford County, North Carolina",NC,1435,77.06666666666668,high,100.0,100.0,0.0,100.0,100.0,100.0,66.66666666666667,33.333333333333336
29083,"Henry County, Missouri",MO,1436,77.06666666666668,high,100.0,100.0,0.0,100.0,100.0,100.0,66.66666666666667,33.333333333333336
40127,"Pushmataha County, Oklahoma",OK,1437,68.00000000000001,medium,66.66666666666667,100.0,0.0,100.0,100.0,66.66666666666667,66.66666666666667,33.333333333333336
31125,"Nance County, Nebraska",NE,1438,71.73333333333335,high,66.66666666666667,100.0,0.0,100.0,100.0,100.0,66.66666666666667,33.333333333333336
27167,"Wilkin County, Minnesota",MN,1439,77.06666666666668,high,100.0,100.0,0.0,100.0,100.0,100.0,66.66666666666667,33.333333333333336
20187,"Stanton County, Kansas",KS,1440,68.00000000000001,medium,66.66666666666667,100.0,0.0,100.0,100.0,66.66666666666667,66.66666666666667,33.333333333333336
37059,"Davie County, North Carolina",NC,1441,77.06666666666668,high,100.0,100.0,0.0,100.0,100.0,100.0,66.66666666666667,33.333333333333336
51003,"Albemarle County, Virginia",VA,1442,77.06666666666668,high,100.0,100.0,0.0,100.0,100.0,100.0,66.66666666666667,33.333333333333336
21127,"Lawrence County, Kentucky",KY,1443,73.33333333333334,high,100.0,100.0,0.0,100.0,66.66666666666667,100.0,66.66666666666667,33.333333333333336
02066,"Copper River Census Area, Alaska",AK,1444,31.733333333333334,low,0.0,100.0,0.0,0.0,33.333333333333336,33.333333333333336,66.66666666666667,33.333333333333336
20085,"Jackson County, Kansas",KS,1445,77.06666666666668,high,100.0,100.0,0.0,100.0,100.0,100.0,66.66666666666667,33.333333333333336
31155,"Saunders County, Nebraska",NE,1446,77.06666666666668,high,100.0,100.0,0.0,100.0,100.0,100.0,66.66666666666667,33.333333333333336
27163,"Washington County, Minnesota",MN,1447,77.06666666666668,high,100.0,100.0,0.0,100.0,100.0,100.0,66.66666666666667,33.333333333333336
37079,"Greene County, North Carolina",NC,1448,77.06666666666668,high,100.0,100.0,0.0,100.0,100.0,100.0,66.66666666666667,33.333333333333336
27103,"Nicollet County, Minnesota",MN,1449,73.33333333333334,high,100.0,100.0,0.0,100.0,100.0,66.66666666666667,66.66666666666667,33.333333333333336
30059,"Meagher County, Montana",MT,1450,64.26666666666667,medium,66.66666666666667,100.0,0.0,100.0,66.66666666666667,66.66666666666667,66.66666666666667,33.333333333333336
01057,"Fayette County, Alabama",AL,1451,77.06666666666668,high,100.0,100.0,0.0,100.0,100.0,100.0,66.66666666666667,33.333333333333336
08107,"Routt County, Colorado",CO,1452,77.06666666666668,high,100.0,100.0,0.0,100.0,100.0,100.0,66.66666666666667,33.333333333333336
13075,"Cook County, Georgia",GA,1453,77.06666666666668,high,100.0,100.0,0.0,100.0,100.0,100.0,66.66666666666667,33.333333333333336
55095,"Polk County, Wisconsin",WI,1454,72.00000000000001,high,100.0,66.66666666666667,0.0,100.0,100.0,100.0,66.66666666666667,33.333333333333336
21159,"Martin County, Kentucky",KY,1455,68.00000000000001,medium,66.66666666666667,100.0,0.0,100.0,66.66666666666667,100.0,66.66666666666667,33.333333333333336
31169,"Thayer County, Nebraska",NE,1456,71.73333333333335,high,66.66666666666667,100.0,0.0,100.0,100.0,100.0,66.66666666666667,33.333333333333336
46057,"Hamlin County, South Dakota",SD,1457,73.33333333333334,high,100.0,100.0,0.0,100.0,100.0,66.66666666666667,66.66666666666667,33.333333333333336
01115,"St. Clair County, Alabama",AL,1458,77.06666666666668,high,100.0,100.0,0.0,100.0,100.0,100.0,66.66666666666667,33.333333333333336
05111,"Poinsett County, Arkansas",AR,1459,77.06666666666668,high,100.0,100.0,0.0,100.0,100.0,100.0,66.66666666666667,33.333333333333336
13133,"Greene County, Georgia",GA,1460,77.06666666666668,high,100.0,100.0,0.0,100.0,100.0,100.0,66.66666666666667,33.333333333333336
51540,"Charlottesville city, Virginia",VA,1461,68.26666666666668,medium,100.0,66.66666666666667,0.0,100.0,100.0,66.66666666666667,66.66666666666667,33.333333333333336
19065,"Fayette County, Iowa",IA,1462,77.06666666666668,high,100.0,100.0,0.0,100.0,100.0,100.0,66.66666666666667,33.333333333333336
18011,"Boone County, Indiana",IN,1463,77.06666666666668,high,100.0,100.0,0.0,100.0,100.0,100.0,66.66666666666667,33.333333333333336
05005,"Baxter County, Arkansas",AR,1464,77.06666666666668,high,100.0,100.0,0.0,100.0,100.0,100.0,66.66666666666667,33.333333333333336
21129,"Lee County, Kentucky",KY,1465,68.00000000000001,medium,66.66666666666667,100.0,0.0,100.0,66.66666666666667,100.0,66.66666666666667,33.333333333333336
48329,"Midland County, Texas",TX,1466,73.33333333333334,high,100.0,100.0,0.0,100.0,100.0,66.66666666666667,66.66666666666667,33.333333333333336
20157,"Republic County, Kansas",KS,1467,71.73333333333335,high,66.66666666666667,100.0,0.0,100.0,100.0,100.0,66.66666666666667,33.333333333333336
19125,"Marion County, Iowa",IA,1468,77.06666666666668,high,100.0,100.0,0.0,100.0,100.0,100.0,66.66666666666667,33.333333333333336
20201,"Washington County, Kansas",KS,1469,71.73333333333335,high,66.66666666666667,100.0,0.0,100.0,100.0,100.0,66.66666666666667,33.333333333333336
42115,"Susquehanna County, Pennsylvania",PA,1470,77.06666666666668,high,100.0,100.0,0.0,100.0,100.0,100.0,66.66666666666667,33.333333333333336
25015,"Hampshire County, Massachusetts",MA,1471,73.33333333333334,high,100.0,100.0,0.0,100.0,100.0,66.66666666666667,66.66666666666667,33.333333333333336
20117,"Marshall County, Kansas",KS,1472,71.73333333333335,high,66.66666666666667,100.0,0.0,100.0,100.0,100.0,66.66666666666667,33.333333333333336
06107,"Tulare County, California",CA,1473,77.06666666666668,high,100.0,100.0,0.0,100.0,100.0,100.0,66.66666666666667,33.333333333333336
51045,"Craig County, Virginia",VA,1474,71.73333333333335,high,66.66666666666667,100.0,0.0,100.0,100.0,100.0,66.66666666666667,33.333333333333336
13205,"Mitchell County, Georgia",GA,1475,71.73333333333335,high,66.66666666666667,100.0,0.0,100.0,100.0,100.0,66.66666666666667,33.333333333333336
28121,"Rankin County, Mississippi",MS,1476,77.06666666666668,high,100.0,100.0,0.0,100.0,100.0,100.0,66.66666666666667,33.333333333333336
05049,"Fulton County, Arkansas",AR,1477,77.06666666666668,high,100.0,100.0,0.0,100.0,100.0,100.0,66.66666666666667,33.333333333333336
19133,"Monona County, Iowa",IA,1478,73.33333333333334,high,100.0,100.0,0.0,100.0,100.0,66.66666666666667,66.66666666666667,33.333333333333336
16013,"Blaine County, Idaho",ID,1479,77.06666666666668,high,100.0,100.0,0.0,100.0,100.0,100.0,66.66666666666667,33.333333333333336
40073,"Kingfisher County, Oklahoma",OK,1480,77.06666666666668,high,100.0,100.0,0.0,100.0,100.0,100.0,66.66666666666667,33.333333333333336
31129,"Nuckolls County, Nebraska",NE,1481,77.06666666666668,high,100.0,100.0,0.0,100.0,100.0,100.0,66.66666666666667,33.333333333333336
05087,"Madison County, Arkansas",AR,1482,73.33333333333334,high,100.0,100.0,0.0,100.0,100.0,66.66666666666667,66.66666666666667,33.333333333333336
48275,"Knox County, Texas",TX,1483,58.93333333333334,medium,33.333333333333336,100.0,0.0,100.0,66.66666666666667,66.66666666666667,66.66666666666667,33.333333333333336
39129,"Pickaway County, Ohio",OH,1484,77.06666666666668,high,100.0,100.0,0.0,100.0,100.0,100.0,66.66666666666667,33.333333333333336
33003,"Carroll County, New Hampshire",NH,1485,77.06666666666668,high,100.0,100.0,0.0,100.0,100.0,100.0,66.66666666666667,33.333333333333336
48441,"Taylor County, Texas",TX,1486,77.06666666666668,high,100.0,100.0,0.0,100.0,100.0,100.0,66.66666666666667,33.333333333333336
31181,"Webster County, Nebraska",NE,1487,71.73333333333335,high,66.66666666666667,100.0,0.0,100.0,100.0,100.0,66.66666666666667,33.333333333333336
19045,"Clinton County, Iowa",IA,1488,77.06666666666668,high,100.0,100.0,0.0,100.0,100.0,100.0,66.66666666666667,33.333333333333336
20097,"Kiowa County, Kansas",KS,1489,68.00000000000001,medium,66.66666666666667,100.0,0.0,100.0,100.0,66.66666666666667,66.66666666666667,33.333333333333336
26027,"Cass County, Michigan",MI,1490,77.06666666666668,high,100.0,100.0,0.0,100.0,100.0,100.0,66.66666666666667,33.333333333333336
40105,"Nowata County, Oklahoma",OK,1491,77.06666666666668,high,100.0,100.0,0.0,100.0,100.0,100.0,66.66666666666667,33.333333333333336
40115,"Ottawa County, Oklahoma",OK,1492,77.06666666666668,high,100.0,100.0,0.0,100.0,100.0,100.0,66.66666666666667,33.333333333333336
47115,"Marion County, Tennessee",TN,1493,77.06666666666668,high,100.0,100.0,0.0,100.0,100.0,100.0,66.66666666666667,33.333333333333336
37091,"Hertford County, North Carolina",NC,1494,77.06666666666668,high,100.0,100.0,0.0,100.0,100.0,100.0,66.66666666666667,33.333333333333336
40035,"Craig County, Oklahoma",OK,1495,77.06666666666668,high,100.0,100.0,0.0,100.0,100.0,100.0,66.66666666666667,33.333333333333336
55035,"Eau Claire County, Wisconsin",WI,1496,72.00000000000001,high,100.0,66.66666666666667,0.0,100.0,100.0,100.0,66.66666666666667,33.333333333333336
45007,"Anderson County, South Carolina",SC,1497,77.06666666666668,high,100.0,100.0,0.0,100.0,100.0,100.0,66.66666666666667,33.333333333333336
21031,"Butler County, Kentucky",KY,1498,77.06666666666668,high,100.0,100.0,0.0,100.0,100.0,100.0,66.66666666666667,33.333333333333336
54071,"Pendleton County, West Virginia",WV,1499,66.66666666666667,medium,66.66666666666667,66.66666666666667,0.0,100.0,100.0,100.0,66.66666666666667,33.333333333333336
20051,"Ellis County, Kansas",KS,1500,73.33333333333334,high,100.0,100.0,0.0,100.0,100.0,66.66666666666667,66.66666666666667,33.333333333333336
41043,"Linn County, Oregon",OR,1501,77.06666666666668,high,100.0,100.0,0.0,100.0,100.0,100.0,66.66666666666667,33.333333333333336
47133,"Overton County, Tennessee",TN,1502,77.06666666666668,high,100.0,100.0,0.0,100.0,100.0,100.0,66.66666666666667,33.333333333333336
51021,"Bland County, Virginia",VA,1503,71.73333333333335,high,66.66666666666667,100.0,0.0,100.0,100.0,100.0,66.66666666666667,33.333333333333336
05001,"Arkansas County, Arkansas",AR,1504,77.06666666666668,high,100.0,100.0,0.0,100.0,100.0,100.0,66.66666666666667,33.333333333333336
21135,"Lewis County, Kentucky",KY,1505,71.73333333333335,high,66.66666666666667,100.0,0.0,100.0,100.0,100.0,66.66666666666667,33.333333333333336
21071,"Floyd County, Kentucky",KY,1506,77.06666666666668,high,100.0,100.0,0.0,100.0,100.0,100.0,66.66666666666667,33.333333333333336
05059,"Hot Spring County, Arkansas",AR,1507,77.06666666666668,high,100.0,100.0,0.0,100.0,100.0,100.0,66.66666666666667,33.333333333333336
41035,"Klamath County, Oregon",OR,1508,73.33333333333334,high,100.0,100.0,0.0,100.0,100.0,66.66666666666667,66.66666666666667,33.333333333333336
51153,"Prince William County, Virginia",VA,1509,72.00000000000001,high,100.0,66.66666666666667,0.0,100.0,100.0,100.0,66.66666666666667,33.333333333333336
20149,"Pottawatomie County, Kansas",KS,1510,77.06666666666668,high,100.0,100.0,0.0,100.0,100.0,100.0,66.66666666666667,33.333333333333336
29165,"Platte County, Missouri",MO,1511,77.06666666666668,high,100.0,100.0,0.0,100.0,100.0,100.0,66.66666666666667,33.333333333333336
26127,"Oceana County, Michigan",MI,1512,77.06666666666668,high,100.0,100.0,0.0,100.0,100.0,100.0,66.66666666666667,33.333333333333336
27015,"Brown County, Minnesota",MN,1513,77.06666666666668,high,100.0,100.0,0.0,100.0,100.0,100.0,66.66666666666667,33.333333333333336
20195,"Trego County, Kansas",KS,1514,68.00000000000001,medium,66.66666666666667,100.0,0.0,100.0,100.0,66.66666666666667,66.66666666666667,33.333333333333336
26139,"Ottawa County, Michigan",MI,1515,77.06666666666668,high,100.0,100.0,0.0,100.0,100.0,100.0,66.66666666666667,33.333333333333336
21227,"Warren County, Kentucky",KY,1516,77.06666666666668,high,100.0,100.0,0.0,100.0,100.0,100.0,66.66666666666667,33.333333333333336
32011,"Eureka County, Nevada",NV,1517,68.00000000000001,medium,66.66666666666667,100.0,0.0,100.0,66.66666666666667,100.0,66.66666666666667,33.333333333333336
20203,"Wichita County, Kansas",KS,1518,68.00000000000001,medium,66.66666666666667,100.0,0.0,100.0,100.0,66.66666666666667,66.66666666666667,33.333333333333336
19031,"Cedar County, Iowa",IA,1519,77.06666666666668,high,100.0,100.0,0.0,100.0,100.0,100.0,66.66666666666667,33.333333333333336
19159,"Ringgold County, Iowa",IA,1520,73.33333333333334,high,100.0,100.0,0.0,100.0,100.0,66.66666666666667,66.66666666666667,33.333333333333336
24009,"Calvert County, Maryland",MD,1521,77.06666666666668,high,100.0,100.0,0.0,100.0,100.0,100.0,66.66666666666667,33.333333333333336
06029,"Kern County, California",CA,1522,77.06666666666668,high,100.0,100.0,0.0,100.0,100.0,100.0,66.66666666666667,33.333333333333336
23023,"Sagadahoc County, Maine",ME,1523,77.06666666666668,high,100.0,100.0,0.0,100.0,100.0,100.0,66.66666666666667,33.333333333333336
29063,"DeKalb County, Missouri",MO,1524,77.06666666666668,high,100.0,100.0,0.0,100.0,100.0,100.0,66.66666666666667,33.333333333333336
31159,"Seward County, Nebraska",NE,1525,77.06666666666668,high,100.0,100.0,0.0,100.0,100.0,100.0,66.66666666666667,33.333333333333336
20095,"Kingman County, Kansas",KS,1526,73.33333333333334,high,100.0,100.0,0.0,100.0,100.0,66.66666666666667,66.66666666666667,33.333333333333336
55113,"Sawyer County, Wisconsin",WI,1527,68.26666666666668,medium,100.0,66.66666666666667,0.0,100.0,100.0,66.66666666666667,66.66666666666667,33.333333333333336
40003,"Alfalfa County, Oklahoma",OK,1528,68.00000000000001,medium,66.66666666666667,100.0,0.0,100.0,100.0,66.66666666666667,66.66666666666667,33.333333333333336
28027,"Coahoma County, Mississippi",MS,1529,77.06666666666668,high,100.0,100.0,0.0,100.0,100.0,100.0,66.66666666666667,33.333333333333336
05109,"Pike County, Arkansas",AR,1530,64.26666666666667,medium,66.66666666666667,100.0,0.0,100.0,66.66666666666667,66.66666666666667,66.66666666666667,33.333333333333336
33005,"Cheshire County, New Hampshire",NH,1531,77.06666666666668,high,100.0,100.0,0.0,100.0,100.0,100.0,66.66666666666667,33.333333333333336
42055,"Franklin County, Pennsylvania",PA,1532,77.06666666666668,high,100.0,100.0,0.0,100.0,100.0,100.0,66.66666666666667,33.333333333333336
48135,"Ector County, Texas",TX,1533,77.06666666666668,high,100.0,100.0,0.0,100.0,100.0,100.0,66.66666666666667,33.333333333333336
21003,"Allen County, Kentucky",KY,1534,77.06666666666668,high,100.0,100.0,0.0,100.0,100.0,100.0,66.66666666666667,33.333333333333336
27173,"Yellow Medicine County, Minnesota",MN,1535,73.33333333333334,high,100.0,100.0,0.0,100.0,100.0,66.66666666666667,66.66666666666667,33.333333333333336
38039,"Griggs County, North Dakota",ND,1536,62.66666666666666,medium,33.333333333333336,100.0,0.0,100.0,100.0,66.66666666666667,66.66666666666667,33.333333333333336
27119,"Polk County, Minnesota",MN,1537,73.33333333333334,high,100.0,100.0,0.0,100.0,100.0,66.66666666666667,66.66666666666667,33.333333333333336
13197,"Marion County, Georgia",GA,1538,71.73333333333335,high,66.66666666666667,100.0,0.0,100.0,100.0,100.0,66.66666666666667,33.333333333333336
19113,"Linn County, Iowa",IA,1539,77.06666666666668,high,100.0,100.0,0.0,100.0,100.0,100.0,66.66666666666667,33.333333333333336
55129,"Washburn County, Wisconsin",WI,1540,72.00000000000001,high,100.0,66.66666666666667,0.0,100.0,100.0,100.0,66.66666666666667,33.333333333333336
48355,"Nueces County, Texas",TX,1541,73.33333333333334,high,100.0,100.0,0.0,100.0,100.0,66.66666666666667,66.66666666666667,33.333333333333336
27027,"Clay County, Minnesota",MN,1542,77.06666666666668,high,100.0,100.0,0.0,100.0,100.0,100.0,66.66666666666667,33.333333333333336
55109,"St. Croix County, Wisconsin",WI,1543,72.00000000000001,high,100.0,66.66666666666667,0.0,100.0,100.0,100.0,66.66666666666667,33.333333333333336
36059,"Nassau County, New York",NY,1544,77.06666666666668,high,100.0,100.0,0.0,100.0,100.0,100.0,66.66666666666667,33.333333333333336
29185,"St. Clair County, Missouri",MO,1545,73.33333333333334,high,100.0,100.0,0.0,100.0,100.0,66.66666666666667,66.66666666666667,33.333333333333336
20121,"Miami County, Kansas",KS,1546,77.06666666666668,high,100.0,100.0,0.0,100.0,100.0,100.0,66.66666666666667,33.333333333333336
13287,"Turner County, Georgia",GA,1547,77.06666666666668,high,100.0,100.0,0.0,100.0,100.0,100.0,66.66666666666667,33.333333333333336
51181,"Surry County, Virginia",VA,1548,72.00000000000001,high,100.0,66.66666666666667,0.0,100.0,100.0,100.0,66.66666666666667,33.333333333333336
01013,"Butler County, Alabama",AL,1549,73.33333333333334,high,100.0,100.0,0.0,100.0,100.0,66.66666666666667,66.66666666666667,33.333333333333336
25019,"Nantucket County, Massachusetts",MA,1550,71.73333333333335,high,66.66666666666667,100.0,0.0,100.0,100.0,100.0,66.66666666666667,33.333333333333336
05121,"Randolph County, Arkansas",AR,1551,77.06666666666668,high,100.0,100.0,0.0,100.0,100.0,100.0,66.66666666666667,33.333333333333336
37099,"Jackson County, North Carolina",NC,1552,77.06666666666668,high,100.0,100.0,0.0,100.0,100.0,100.0,66.66666666666667,33.333333333333336
29181,"Ripley County, Missouri",MO,1553,71.73333333333335,high,66.66666666666667,100.0,0.0,100.0,100.0,100.0,66.66666666666667,33.333333333333336
41037,"Lake County, Oregon",OR,1554,73.33333333333334,high,100.0,100.0,0.0,100.0,100.0,66.66666666666667,66.66666666666667,33.333333333333336
05007,"Benton County, Arkansas",AR,1555,77.06666666666668,high,100.0,100.0,0.0,100.0,100.0,100.0,66.66666666666667,33.333333333333336
19027,"Carroll County, Iowa",IA,1556,77.06666666666668,high,100.0,100.0,0.0,100.0,100.0,100.0,66.66666666666667,33.333333333333336
26093,"Livingston County, Michigan",MI,1557,77.06666666666668,high,100.0,100.0,0.0,100.0,100.0,100.0,66.66666666666667,33.333333333333336
13085,"Dawson County, Georgia",GA,1558,77.06666666666668,high,100.0,100.0,0.0,100.0,100.0,100.0,66.66666666666667,33.333333333333336
31037,"Colfax County, Nebraska",NE,1559,77.06666666666668,high,100.0,100.0,0.0,100.0,100.0,100.0,66.66666666666667,33.333333333333336
28093,"Marshall County, Mississippi",MS,1560,77.06666666666668,high,100.0,100.0,0.0,100.0,100.0,100.0,66.66666666666667,33.333333333333336
17181,"Union County, Illinois",IL,1561,77.06666666666668,high,100.0,100.0,0.0,100.0,100.0,100.0,66.66666666666667,33.333333333333336
27053,"Hennepin County, Minnesota",MN,1562,77.06666666666668,high,100.0,100.0,0.0,100.0,100.0,100.0,66.66666666666667,33.333333333333336
08051,"Gunnison County, Colorado",CO,1563,77.06666666666668,high,100.0,100.0,0.0,100.0,100.0,100.0,66.66666666666667,33.333333333333336
13237,"Putnam County, Georgia",GA,1564,77.06666666666668,high,100.0,100.0,0.0,100.0,100.0,100.0,66.66666666666667,33.333333333333336
27133,"Rock County, Minnesota",MN,1565,73.33333333333334,high,100.0,100.0,0.0,100.0,100.0,66.66666666666667,66.66666666666667,33.333333333333336
29129,"Mercer County, Missouri",MO,1566,68.00000000000001,medium,66.66666666666667,100.0,0.0,100.0,100.0,66.66666666666667,66.66666666666667,33.333333333333336
48245,"Jefferson County, Texas",TX,1567,73.33333333333334,high,100.0,100.0,0.0,100.0,100.0,66.66666666666667,66.66666666666667,33.333333333333336
51093,"Isle of Wight County, Virginia",VA,1568,72.00000000000001,high,100.0,66.66666666666667,0.0,100.0,100.0,100.0,66.66666666666667,33.333333333333336
48247,"Jim Hogg County, Texas",TX,1569,64.26666666666667,medium,66.66666666666667,100.0,0.0,100.0,66.66666666666667,66.66666666666667,66.66666666666667,33.333333333333336
19139,"Muscatine County, Iowa",IA,1570,77.06666666666668,high,100.0,100.0,0.0,100.0,100.0,100.0,66.66666666666667,33.333333333333336
42027,"Centre County, Pennsylvania",PA,1571,77.06666666666668,high,100.0,100.0,0.0,100.0,100.0,100.0,66.66666666666667,33.333333333333336
13131,"Grady County, Georgia",GA,1572,77.06666666666668,high,100.0,100.0,0.0,100.0,100.0,100.0,66.66666666666667,33.333333333333336
27079,"Le Sueur County, Minnesota",MN,1573,73.33333333333334,high,100.0,100.0,0.0,100.0,100.0,66.66666666666667,66.66666666666667,33.333333333333336
05035,"Crittenden County, Arkansas",AR,1574,77.06666666666668,high,100.0,100.0,0.0,100.0,100.0,100.0,66.66666666666667,33.333333333333336
12049,"Hardee County, Florida",FL,1575,77.06666666666668,high,100.0,100.0,0.0,100.0,100.0,100.0,66.66666666666667,33.333333333333336
31123,"Morrill County, Nebraska",NE,1576,73.33333333333334,high,100.0,100.0,0.0,100.0,100.0,66.66666666666667,66.66666666666667,33.333333333333336
21185,"Oldham County, Kentucky",KY,1577,77.06666666666668,high,100.0,100.0,0.0,100.0,100.0,100.0,66.66666666666667,33.333333333333336
45037,"Edgefield County, South Carolina",SC,1578,77.06666666666668,high,100.0,100.0,0.0,100.0,100.0,100.0,66.66666666666667,33.333333333333336
24011,"Caroline County, Maryland",MD,1579,77.06666666666668,high,100.0,100.0,0.0,100.0,100.0,100.0,66.66666666666667,33.333333333333336
20057,"Ford County, Kansas",KS,1580,77.06666666666668,high,100.0,100.0,0.0,100.0,100.0,100.0,66.66666666666667,33.333333333333336
47009,"Blount County, Tennessee",TN,1581,77.06666666666668,high,100.0,100.0,0.0,100.0,100.0,100.0,66.66666666666667,33.333333333333336
21155,"Marion County, Kentucky",KY,1582,77.06666666666668,high,100.0,100.0,0.0,100.0,100.0,100.0,66.66666666666667,33.333333333333336
22017,"Caddo Parish, Louisiana",LA,1583,77.06666666666668,high,100.0,100.0,0.0,100.0,100.0,100.0,66.66666666666667,33.333333333333336
55131,"Washington County, Wisconsin",WI,1584,72.00000000000001,high,100.0,66.66666666666667,0.0,100.0,100.0,100.0,66.66666666666667,33.333333333333336
46011,"Brookings County, South Dakota",SD,1585,77.06666666666668,high,100.0,100.0,0.0,100.0,100.0,100.0,66.66666666666667,33.333333333333336
19083,"Hardin County, Iowa",IA,1586,77.06666666666668,high,100.0,100.0,0.0,100.0,100.0,100.0,66.66666666666667,33.333333333333336
48117,"Deaf Smith County, Texas",TX,1587,73.33333333333334,high,100.0,100.0,0.0,100.0,100.0,66.66666666666667,66.66666666666667,33.333333333333336
47087,"Jackson County, Tennessee",TN,1588,77.06666666666668,high,100.0,100.0,0.0,100.0,100.0,100.0,66.66666666666667,33.333333333333336
01021,"Chilton County, Alabama",AL,1589,77.06666666666668,high,100.0,100.0,0.0,100.0,100.0,100.0,66.66666666666667,33.333333333333336
13121,"Fulton County, Georgia",GA,1590,77.06666666666668,high,100.0,100.0,0.0,100.0,100.0,100.0,66.66666666666667,33.333333333333336
30073,"Pondera County, Montana",MT,1591,73.33333333333334,high,100.0,100.0,0.0,100.0,100.0,66.66666666666667,66.66666666666667,33.333333333333336
26091,"Lenawee County, Michigan",MI,1592,77.06666666666668,high,100.0,100.0,0.0,100.0,100.0,100.0,66.66666666666667,33.333333333333336
01111,"Randolph County, Alabama",AL,1593,77.06666666666668,high,100.0,100.0,0.0,100.0,100.0,100.0,66.66666666666667,33.333333333333336
13159,"Jasper County, Georgia",GA,1594,77.06666666666668,high,100.0,100.0,0.0,100.0,100.0,100.0,66.66666666666667,33.333333333333336
31139,"Pierce County, Nebraska",NE,1595,73.33333333333334,high,100.0,100.0,0.0,100.0,100.0,66.66666666666667,66.66666666666667,33.333333333333336
13155,"Irwin County, Georgia",GA,1596,77.06666666666668,high,100.0,100.0,0.0,100.0,100.0,100.0,66.66666666666667,33.333333333333336
29155,"Pemiscot County, Missouri",MO,1597,68.00000000000001,medium,66.66666666666667,100.0,0.0,100.0,100.0,66.66666666666667,66.66666666666667,33.333333333333336
13277,"Tift County, Georgia",GA,1598,77.06666666666668,high,100.0,100.0,0.0,100.0,100.0,100.0,66.66666666666667,33.333333333333336
40095,"Marshall County, Oklahoma",OK,1599,73.33333333333334,high,100.0,100.0,0.0,100.0,100.0,66.66666666666667,66.66666666666667,33.333333333333336
38067,"Pembina County, North Dakota",ND,1600,77.06666666666668,high,100.0,100.0,0.0,100.0,100.0,100.0,66.66666666666667,33.333333333333336
29197,"Schuyler County, Missouri",MO,1601,68.00000000000001,medium,66.66666666666667,100.0,0.0,100.0,100.0,66.66666666666667,66.66666666666667,33.333333333333336
19003,"Adams County, Iowa",IA,1602,71.73333333333335,high,66.66666666666667,100.0,0.0,100.0,100.0,100.0,66.66666666666667,33.333333333333336
02122,"Kenai Peninsula Borough, Alaska",AK,1603,73.33333333333334,high,100.0,100.0,0.0,100.0,100.0,66.66666666666667,66.66666666666667,33.333333333333336
47179,"Washington County, Tennessee",TN,1604,77.06666666666668,high,100.0,100.0,0.0,100.0,100.0,100.0,66.66666666666667,33.333333333333336
19117,"Lucas County, Iowa",IA,1605,73.33333333333334,high,100.0,100.0,0.0,100.0,100.0,66.66666666666667,66.66666666666667,33.333333333333336
29179,"Reynolds County, Missouri",MO,1606,68.00000000000001,medium,66.66666666666667,100.0,0.0,100.0,100.0,66.66666666666667,66.66666666666667,33.333333333333336
40123,"Pontotoc County, Oklahoma",OK,1607,77.06666666666668,high,100.0,100.0,0.0,100.0,100.0,100.0,66.66666666666667,33.333333333333336
27045,"Fillmore County, Minnesota",MN,1608,77.06666666666668,high,100.0,100.0,0.0,100.0,100.0,100.0,66.66666666666667,33.333333333333336
37111,"McDowell County, North Carolina",NC,1609,77.06666666666668,high,100.0,100.0,0.0,100.0,100.0,100.0,66.66666666666667,33.333333333333336
27081,"Lincoln County, Minnesota",MN,1610,73.33333333333334,high,100.0,100.0,0.0,100.0,100.0,66.66666666666667,66.66666666666667,33.333333333333336
40145,"Wagoner County, Oklahoma",OK,1611,77.06666666666668,high,100.0,100.0,0.0,100.0,100.0,100.0,66.66666666666667,33.333333333333336
40061,"Haskell County, Oklahoma",OK,1612,73.33333333333334,high,100.0,100.0,0.0,100.0,100.0,66.66666666666667,66.66666666666667,33.333333333333336
19011,"Benton County, Iowa",IA,1613,77.06666666666668,high,100.0,100.0,0.0,100.0,100.0,100.0,66.66666666666667,33.333333333333336
31053,"Dodge County, Nebraska",NE,1614,77.06666666666668,high,100.0,100.0,0.0,100.0,100.0,100.0,66.66666666666667,33.333333333333336
19067,"Floyd County, Iowa",IA,1615,77.06666666666668,high,100.0,100.0,0.0,100.0,100.0,100.0,66.66666666666667,33.333333333333336
13191,"McIntosh County, Georgia",GA,1616,77.06666666666668,high,100.0,100.0,0.0,100.0,100.0,100.0,66.66666666666667,33.333333333333336
46015,"Brule County, South Dakota",SD,1617,73.33333333333334,high,100.0,100.0,0.0,100.0,100.0,66.66666666666667,66.66666666666667,33.333333333333336
27093,"Meeker County, Minnesota",MN,1618,77.06666666666668,high,100.0,100.0,0.0,100.0,100.0,100.0,66.66666666666667,33.333333333333336
42099,"Perry County, Pennsylvania",PA,1619,77.06666666666668,high,100.0,100.0,0.0,100.0,100.0,100.0,66.66666666666667,33.333333333333336
13265,"Taliaferro County, Georgia",GA,1620,64.26666666666667,medium,66.66666666666667,100.0,0.0,100.0,66.66666666666667,66.66666666666667,66.66666666666667,33.333333333333336
48409,"San Patricio County, Texas",TX,1621,77.06666666666668,high,100.0,100.0,0.0,100.0,100.0,100.0,66.66666666666667,33.333333333333336
21087,"Green County, Kentucky",KY,1622,71.73333333333335,high,66.66666666666667,100.0,0.0,100.0,100.0,100.0,66.66666666666667,33.333333333333336
29085,"Hickory County, Missouri",MO,1623,69.60000000000001,medium,100.0,100.0,0.0,100.0,66.66666666666667,66.66666666666667,66.66666666666667,33.333333333333336
18057,"Hamilton County, Indiana",IN,1624,77.06666666666668,high,100.0,100.0,0.0,100.0,100.0,100.0,66.66666666666667,33.333333333333336
19063,"Emmet County, Iowa",IA,1625,73.33333333333334,high,100.0,100.0,0.0,100.0,100.0,66.66666666666667,66.66666666666667,33.333333333333336
13087,"Decatur County, Georgia",GA,1626,77.06666666666668,high,100.0,100.0,0.0,100.0,100.0,100.0,66.66666666666667,33.333333333333336
47003,"Bedford County, Tennessee",TN,1627,77.06666666666668,high,100.0,100.0,0.0,100.0,100.0,100.0,66.66666666666667,33.333333333333336
32015,"Lander County, Nevada",NV,1628,71.73333333333335,high,66.66666666666667,100.0,0.0,100.0,100.0,100.0,66.66666666666667,33.333333333333336
31035,"Clay County, Nebraska",NE,1629,77.06666666666668,high,100.0,100.0,0.0,100.0,100.0,100.0,66.66666666666667,33.333333333333336
05089,"Marion County, Arkansas",AR,1630,73.33333333333334,high,100.0,100.0,0.0,100.0,100.0,66.66666666666667,66.66666666666667,33.333333333333336
29031,"Cape Girardeau County, Missouri",MO,1631,77.06666666666668,high,100.0,100.0,0.0,100.0,100.0,100.0,66.66666666666667,33.333333333333336
05133,"Sevier County, Arkansas",AR,1632,73.33333333333334,high,100.0,100.0,0.0,100.0,100.0,66.66666666666667,66.66666666666667,33.333333333333336
31091,"Hooker County, Nebraska",NE,1633,68.00000000000001,medium,66.66666666666667,100.0,0.0,100.0,100.0,66.66666666666667,66.66666666666667,33.333333333333336
19121,"Madison County, Iowa",IA,1634,77.06666666666668,high,100.0,100.0,0.0,100.0,100.0,100.0,66.66666666666667,33.333333333333336
48107,"Crosby County, Texas",TX,1635,68.00000000000001,medium,66.66666666666667,100.0,0.0,100.0,100.0,66.66666666666667,66.66666666666667,33.333333333333336
23011,"Kennebec County, Maine",ME,1636,77.06666666666668,high,100.0,100.0,0.0,100.0,100.0,100.0,66.66666666666667,33.333333333333336
27109,"Olmsted County, Minnesota",MN,1637,77.06666666666668,high,100.0,100.0,0.0,100.0,100.0,100.0,66.66666666666667,33.333333333333336
21213,"Simpson County, Kentucky",KY,1638,77.06666666666668,high,100.0,100.0,0.0,100.0,100.0,100.0,66.66666666666667,33.333333333333336
47025,"Claiborne County, Tennessee",TN,1639,77.06666666666668,high,100.0,100.0,0.0,100.0,100.0,100.0,66.66666666666667,33.333333333333336
13069,"Coffee County, Georgia",GA,1640,77.06666666666668,high,100.0,100.0,0.0,100.0,100.0,100.0,66.66666666666667,33.333333333333336
21025,"Breathitt County, Kentucky",KY,1641,71.73333333333335,high,66.66666666666667,100.0,0.0,100.0,100.0,100.0,66.66666666666667,33.333333333333336
31179,"Wayne County, Nebraska",NE,1642,73.33333333333334,high,100.0,100.0,0.0,100.0,100.0,66.66666666666667,66.66666666666667,33.333333333333336
27157,"Wabasha County, Minnesota",MN,1643,73.33333333333334,high,100.0,100.0,0.0,100.0,100.0,66.66666666666667,66.66666666666667,33.333333333333336
17175,"Stark County, Illinois",IL,1644,68.00000000000001,medium,66.66666666666667,100.0,0.0,100.0,100.0,66.66666666666667,66.66666666666667,33.333333333333336
29047,"Clay County, Missouri",MO,1645,77.06666666666668,high,100.0,100.0,0.0,100.0,100.0,100.0,66.66666666666667,33.333333333333336
51179,"Stafford County, Virginia",VA,1646,72.00000000000001,high,100.0,66.66666666666667,0.0,100.0,100.0,100.0,66.66666666666667,33.333333333333336
38011,"Bowman County, North Dakota",ND,1647,71.73333333333335,high,66.66666666666667,100.0,0.0,100.0,100.0,100.0,66.66666666666667,33.333333333333336
23013,"Knox County, Maine",ME,1648,77.06666666666668,high,100.0,100.0,0.0,100.0,100.0,100.0,66.66666666666667,33.333333333333336
28131,"Stone County, Mississippi",MS,1649,77.06666666666668,high,100.0,100.0,0.0,100.0,100.0,100.0,66.66666666666667,33.333333333333336
46105,"Perkins County, South Dakota",SD,1650,68.00000000000001,medium,66.66666666666667,100.0,0.0,100.0,100.0,66.66666666666667,66.66666666666667,33.333333333333336
21063,"Elliott County, Kentucky",KY,1651,68.00000000000001,medium,66.66666666666667,100.0,0.0,100.0,66.66666666666667,100.0,66.66666666666667,33.333333333333336
13059,"Clarke County, Georgia",GA,1652,77.06666666666668,high,100.0,100.0,0.0,100.0,100.0,100.0,66.66666666666667,33.333333333333336
26047,"Emmet County, Michigan",MI,1653,73.33333333333334,high,100.0,100.0,0.0,100.0,100.0,66.66666666666667,66.66666666666667,33.333333333333336
39041,"Delaware County, Ohio",OH,1654,77.06666666666668,high,100.0,100.0,0.0,100.0,100.0,100.0,66.66666666666667,33.333333333333336
27097,"Morrison County, Minnesota",MN,1655,73.33333333333334,high,100.0,100.0,0.0,100.0,100.0,66.66666666666667,66.66666666666667,33.333333333333336
42001,"Adams County, Pennsylvania",PA,1656,77.06666666666668,high,100.0,100.0,0.0,100.0,100.0,100.0,66.66666666666667,33.333333333333336
51660,"Harrisonburg city, Virginia",VA,1657,64.53333333333333,medium,100.0,66.66666666666667,0.0,100.0,66.66666666666667,66.66666666666667,66.66666666666667,33.333333333333336
48151,"Fisher County, Texas",TX,1658,64.26666666666667,medium,66.66666666666667,100.0,0.0,100.0,66.66666666666667,66.66666666666667,66.66666666666667,33.333333333333336
28141,"Tishomingo County, Mississippi",MS,1659,77.06666666666668,high,100.0,100.0,0.0,100.0,100.0,100.0,66.66666666666667,33.333333333333336
35015,"Eddy County, New Mexico",NM,1660,77.06666666666668,high,100.0,100.0,0.0,100.0,100.0,100.0,66.66666666666667,33.333333333333336
19171,"Tama County, Iowa",IA,1661,77.06666666666668,high,100.0,100.0,0.0,100.0,100.0,100.0,66.66666666666667,33.333333333333336
17159,"Richland County, Illinois",IL,1662,73.33333333333334,high,100.0,100.0,0.0,100.0,100.0,66.66666666666667,66.66666666666667,33.333333333333336
02158,"Kusilvak Census Area, Alaska",AK,1663,35.46666666666667,low,0.0,100.0,0.0,0.0,66.66666666666667,33.333333333333336,66.66666666666667,33.333333333333336
24021,"Frederick County, Maryland",MD,1664,77.06666666666668,high,100.0,100.0,0.0,100.0,100.0,100.0,66.66666666666667,33.333333333333336
19103,"Johnson County, Iowa",IA,1665,77.06666666666668,high,100.0,100.0,0.0,100.0,100.0,100.0,66.66666666666667,33.333333333333336
31111,"Lincoln County, Nebraska",NE,1666,77.06666666666668,high,100.0,100.0,0.0,100.0,100.0,100.0,66.66666666666667,33.333333333333336
39097,"Madison County, Ohio",OH,1667,77.06666666666668,high,100.0,100.0,0.0,100.0,100.0,100.0,66.66666666666667,33.333333333333336
25003,"Berkshire County, Massachusetts",MA,1668,73.33333333333334,high,100.0,100.0,0.0,100.0,100.0,66.66666666666667,66.66666666666667,33.333333333333336
34003,"Bergen County, New Jersey",NJ,1669,77.06666666666668,high,100.0,100.0,0.0,100.0,100.0,100.0,66.66666666666667,33.333333333333336
28087,"Lowndes County, Mississippi",MS,1670,77.06666666666668,high,100.0,100.0,0.0,100.0,100.0,100.0,66.66666666666667,33.333333333333336
17003,"Alexander County, Illinois",IL,1671,71.73333333333335,high,66.66666666666667,100.0,0.0,100.0,100.0,100.0,66.66666666666667,33.333333333333336
25011,"Franklin County, Massachusetts",MA,1672,73.33333333333334,high,100.0,100.0,0.0,100.0,100.0,66.66666666666667,66.66666666666667,33.333333333333336
27029,"Clearwater County, Minnesota",MN,1673,73.33333333333334,high,100.0,100.0,0.0,100.0,100.0,66.66666666666667,66.66666666666667,33.333333333333336
28003,"Alcorn County, Mississippi",MS,1674,77.06666666666668,high,100.0,100.0,0.0,100.0,100.0,100.0,66.66666666666667,33.333333333333336
24023,"Garrett County, Maryland",MD,1675,77.06666666666668,high,100.0,100.0,0.0,100.0,100.0,100.0,66.66666666666667,33.333333333333336
05147,"Woodruff County, Arkansas",AR,1676,68.00000000000001,medium,66.66666666666667,100.0,0.0,100.0,100.0,66.66666666666667,66.66666666666667,33.333333333333336
35029,"Luna County, New Mexico",NM,1677,77.06666666666668,high,100.0,100.0,0.0,100.0,100.0,100.0,66.66666666666667,33.333333333333336
37025,"Cabarrus County, North Carolina",NC,1678,77.06666666666668,high,100.0,100.0,0.0,100.0,100.0,100.0,66.66666666666667,33.333333333333336
24013,"Carroll County, Maryland",MD,1679,77.06666666666668,high,100.0,100.0,0.0,100.0,100.0,100.0,66.66666666666667,33.333333333333336
17049,"Effingham County, Illinois",IL,1680,73.33333333333334,high,100.0,100.0,0.0,100.0,100.0,66.66666666666667,66.66666666666667,33.333333333333336
13109,"Evans County, Georgia",GA,1681,77.06666666666668,high,100.0,100.0,0.0,100.0,100.0,100.0,66.66666666666667,33.333333333333336
47051,"Franklin County, Tennessee",TN,1682,77.06666666666668,high,100.0,100.0,0.0,100.0,100.0,100.0,66.66666666666667,33.333333333333336
37125,"Moore County, North Carolina",NC,1683,77.06666666666668,high,100.0,100.0,0.0,100.0,100.0,100.0,66.66666666666667,33.333333333333336
31149,"Rock County, Nebraska",NE,1684,62.66666666666666,medium,33.333333333333336,100.0,0.0,100.0,100.0,66.66666666666667,66.66666666666667,33.333333333333336
27003,"Anoka County, Minnesota",MN,1685,77.06666666666668,high,100.0,100.0,0.0,100.0,100.0,100.0,66.66666666666667,33.333333333333336
26113,"Missaukee County, Michigan",MI,1686,73.33333333333334,high,100.0,100.0,0.0,100.0,100.0,66.66666666666667,66.66666666666667,33.333333333333336
19135,"Monroe County, Iowa",IA,1687,73.33333333333334,high,100.0,100.0,0.0,100.0,100.0,66.66666666666667,66.66666666666667,33.333333333333336
20103,"Leavenworth County, Kansas",KS,1688,77.06666666666668,high,100.0,100.0,0.0,100.0,100.0,100.0,66.66666666666667,33.333333333333336
42067,"Juniata County, Pennsylvania",PA,1689,77.06666666666668,high,100.0,100.0,0.0,100.0,100.0,100.0,66.66666666666667,33.333333333333336
31051,"Dixon County, Nebraska",NE,1690,73.33333333333334,high,100.0,100.0,0.0,100.0,100.0,66.66666666666667,66.66666666666667,33.333333333333336
31081,"Hamilton County, Nebraska",NE,1691,77.06666666666668,high,100.0,100.0,0.0,100.0,100.0,100.0,66.66666666666667,33.333333333333336
23027,"Waldo County, Maine",ME,1692,77.06666666666668,high,100.0,100.0,0.0,100.0,100.0,100.0,66.66666666666667,33.333333333333336
47107,"McMinn County, Tennessee",TN,1693,77.06666666666668,high,100.0,100.0,0.0,100.0,100.0,100.0,66.66666666666667,33.333333333333336
06015,"Del Norte County, California",CA,1694,77.06666666666668,high,100.0,100.0,0.0,100.0,100.0,100.0,66.66666666666667,33.333333333333336
19157,"Poweshiek County, Iowa",IA,1695,77.06666666666668,high,100.0,100.0,0.0,100.0,100.0,100.0,66.66666666666667,33.333333333333336
46077,"Kingsbury County, South Dakota",SD,1696,73.33333333333334,high,100.0,100.0,0.0,100.0,100.0,66.66666666666667,66.66666666666667,33.333333333333336
37177,"Tyrrell County, North Carolina",NC,1697,71.73333333333335,high,66.66666666666667,100.0,0.0,100.0,100.0,100.0,66.66666666666667,33.333333333333336
19187,"Webster County, Iowa",IA,1698,77.06666666666668,high,100.0,100.0,0.0,100.0,100.0,100.0,66.66666666666667,33.333333333333336
38101,"Ward County, North Dakota",ND,1699,73.33333333333334,high,100.0,100.0,0.0,100.0,100.0,66.66666666666667,66.66666666666667,33.333333333333336
51036,"Charles City County, Virginia",VA,1700,77.06666666666668,high,100.0,100.0,0.0,100.0,100.0,100.0,66.66666666666667,33.333333333333336
01099,"Monroe County, Alabama",AL,1701,77.06666666666668,high,100.0,100.0,0.0,100.0,100.0,100.0,66.66666666666667,33.333333333333336
37185,"Warren County, North Carolina",NC,1702,77.06666666666668,high,100.0,100.0,0.0,100.0,100.0,100.0,66.66666666666667,33.333333333333336
29059,"Dallas County, Missouri",MO,1703,77.06666666666668,high,100.0,100.0,0.0,100.0,100.0,100.0,66.66666666666667,33.333333333333336
08097,"Pitkin County, Colorado",CO,1704,77.06666666666668,high,100.0,100.0,0.0,100.0,100.0,100.0,66.66666666666667,33.333333333333336
34013,"Essex County, New Jersey",NJ,1705,77.06666666666668,high,100.0,100.0,0.0,100.0,100.0,100.0,66.66666666666667,33.333333333333336
56017,"Hot Springs County, Wyoming",WY,1706,68.26666666666668,medium,100.0,66.66666666666667,0.0,100.0,100.0,66.66666666666667,66.66666666666667,33.333333333333336
20087,"Jefferson County, Kansas",KS,1707,77.06666666666668,high,100.0,100.0,0.0,100.0,100.0,100.0,66.66666666666667,33.333333333333336
53073,"Whatcom County, Washington",WA,1708,72.00000000000001,high,100.0,66.66666666666667,0.0,100.0,100.0,100.0,66.66666666666667,33.333333333333336
13297,"Walton County, Georgia",GA,1709,77.06666666666668,high,100.0,100.0,0.0,100.0,100.0,100.0,66.66666666666667,33.333333333333336
42091,"Montgomery County, Pennsylvania",PA,1710,77.06666666666668,high,100.0,100.0,0.0,100.0,100.0,100.0,66.66666666666667,33.333333333333336
20101,"Lane County, Kansas",KS,1711,68.00000000000001,medium,66.66666666666667,100.0,0.0,100.0,100.0,66.66666666666667,66.66666666666667,33.333333333333336
49007,"Carbon County, Utah",UT,1712,77.06666666666668,high,100.0,100.0,0.0,100.0,100.0,100.0,66.66666666666667,33.333333333333336
45015,"Berkeley County, South Carolina",SC,1713,77.06666666666668,high,100.0,100.0,0.0,100.0,100.0,100.0,66.66666666666667,33.333333333333336
19017,"Bremer County, Iowa",IA,1714,77.06666666666668,high,100.0,100.0,0.0,100.0,100.0,100.0,66.66666666666667,33.333333333333336
34023,"Middlesex County, New Jersey",NJ,1715,77.06666666666668,high,100.0,100.0,0.0,100.0,100.0,100.0,66.66666666666667,33.333333333333336
19085,"Harrison County, Iowa",IA,1716,77.06666666666668,high,100.0,100.0,0.0,100.0,100.0,100.0,66.66666666666667,33.333333333333336
45045,"Greenville County, South Carolina",SC,1717,77.06666666666668,high,100.0,100.0,0.0,100.0,100.0,100.0,66.66666666666667,33.333333333333336
29077,"Greene County, Missouri",MO,1718,77.06666666666668,high,100.0,100.0,0.0,100.0,100.0,100.0,66.66666666666667,33.333333333333336
49043,"Summit County, Utah",UT,1719,77.06666666666668,high,100.0,100.0,0.0,100.0,100.0,100.0,66.66666666666667,33.333333333333336
55127,"Walworth County, Wisconsin",WI,1720,72.00000000000001,high,100.0,66.66666666666667,0.0,100.0,100.0,100.0,66.66666666666667,33.333333333333336
49033,"Rich County, Utah",UT,1721,68.00000000000001,medium,66.66666666666667,100.0,0.0,100.0,100.0,66.66666666666667,66.66666666666667,33.333333333333336
40131,"Rogers County, Oklahoma",OK,1722,77.06666666666668,high,100.0,100.0,0.0,100.0,100.0,100.0,66.66666666666667,33.333333333333336
51063,"Floyd County, Virginia",VA,1723,77.06666666666668,high,100.0,100.0,0.0,100.0,100.0,100.0,66.66666666666667,33.333333333333336
45043,"Georgetown County, South Carolina",SC,1724,73.33333333333334,high,100.0,100.0,0.0,100.0,100.0,66.66666666666667,66.66666666666667,33.333333333333336
37017,"Bladen County, North Carolina",NC,1725,77.06666666666668,high,100.0,100.0,0.0,100.0,100.0,100.0,66.66666666666667,33.333333333333336
21085,"Grayson County, Kentucky",KY,1726,77.06666666666668,high,100.0,100.0,0.0,100.0,100.0,100.0,66.66666666666667,33.333333333333336
38031,"Foster County, North Dakota",ND,1727,68.00000000000001,medium,66.66666666666667,100.0,0.0,100.0,100.0,66.66666666666667,66.66666666666667,33.333333333333336
02068,"Denali Borough, Alaska",AK,1728,35.46666666666667,low,0.0,100.0,0.0,0.0,66.66666666666667,33.333333333333336,66.66666666666667,33.333333333333336
42017,"Bucks County, Pennsylvania",PA,1729,77.06666666666668,high,100.0,100.0,0.0,100.0,100.0,100.0,66.66666666666667,33.333333333333336
17079,"Jasper County, Illinois",IL,1730,68.00000000000001,medium,66.66666666666667,100.0,0.0,100.0,100.0,66.66666666666667,66.66666666666667,33.333333333333336
13263,"Talbot County, Georgia",GA,1731,71.73333333333335,high,66.66666666666667,100.0,0.0,100.0,100.0,100.0,66.66666666666667,33.333333333333336
46079,"Lake County, South Dakota",SD,1732,77.06666666666668,high,100.0,100.0,0.0,100.0,100.0,100.0,66.66666666666667,33.333333333333336
27017,"Carlton County, Minnesota",MN,1733,73.33333333333334,high,100.0,100.0,0.0,100.0,100.0,66.66666666666667,66.66666666666667,33.333333333333336
34025,"Monmouth County, New Jersey",NJ,1734,77.06666666666668,high,100.0,100.0,0.0,100.0,100.0,100.0,66.66666666666667,33.333333333333336
12031,"Duval County, Florida",FL,1735,77.06666666666668,high,100.0,100.0,0.0,100.0,100.0,100.0,66.66666666666667,33.333333333333336
38003,"Barnes County, North Dakota",ND,1736,77.06666666666668,high,100.0,100.0,0.0,100.0,100.0,100.0,66.66666666666667,33.333333333333336
05053,"Grant County, Arkansas",AR,1737,77.06666666666668,high,100.0,100.0,0.0,100.0,100.0,100.0,66.66666666666667,33.333333333333336
50015,"Lamoille County, Vermont",VT,1738,73.33333333333334,high,100.0,100.0,0.0,100.0,100.0,66.66666666666667,66.66666666666667,33.333333333333336
54087,"Roane County, West Virginia",WV,1739,66.66666666666667,medium,66.66666666666667,66.66666666666667,0.0,100.0,100.0,100.0,66.66666666666667,33.333333333333336
13013,"Barrow County, Georgia",GA,1740,77.06666666666668,high,100.0,100.0,0.0,100.0,100.0,100.0,66.66666666666667,33.333333333333336
13161,"Jeff Davis County, Georgia",GA,1741,77.06666666666668,high,100.0,100.0,0.0,100.0,100.0,100.0,66.66666666666667,33.333333333333336
28041,"Greene County, Mississippi",MS,1742,71.73333333333335,high,66.66666666666667,100.0,0.0,100.0,100.0,100.0,66.66666666666667,33.333333333333336
47129,"Morgan County, Tennessee",TN,1743,77.06666666666668,high,100.0,100.0,0.0,100.0,100.0,100.0,66.66666666666667,33.333333333333336
19023,"Butler County, Iowa",IA,1744,77.06666666666668,high,100.0,100.0,0.0,100.0,100.0,100.0,66.66666666666667,33.333333333333336
13319,"Wilkinson County, Georgia",GA,1745,73.33333333333334,high,100.0,100.0,0.0,100.0,100.0,66.66666666666667,66.66666666666667,33.333333333333336
27047,"Freeborn County, Minnesota",MN,1746,77.06666666666668,high,100.0,100.0,0.0,100.0,100.0,100.0,66.66666666666667,33.333333333333336
30065,"Musselshell County, Montana",MT,1747,77.06666666666668,high,100.0,100.0,0.0,100.0,100.0,100.0,66.66666666666667,33.333333333333336
12107,"Putnam County, Florida",FL,1748,77.06666666666668,high,100.0,100.0,0.0,100.0,100.0,100.0,66.66666666666667,33.333333333333336
47135,"Perry County, Tennessee",TN,1749,71.73333333333335,high,66.66666666666667,100.0,0.0,100.0,100.0,100.0,66.66666666666667,33.333333333333336
05137,"Stone County, Arkansas",AR,1750,73.33333333333334,high,100.0,100.0,0.0,100.0,100.0,66.66666666666667,66.66666666666667,33.333333333333336
28071,"Lafayette County, Mississippi",MS,1751,77.06666666666668,high,100.0,100.0,0.0,100.0,100.0,100.0,66.66666666666667,33.333333333333336
40023,"Choctaw County, Oklahoma",OK,1752,73.33333333333334,high,100.0,100.0,0.0,100.0,100.0,66.66666666666667,66.66666666666667,33.333333333333336
54015,"Clay County, West Virginia",WV,1753,66.66666666666667,medium,66.66666666666667,66.66666666666667,0.0,100.0,100.0,100.0,66.66666666666667,33.333333333333336
40069,"Johnston County, Oklahoma",OK,1754,73.33333333333334,high,100.0,100.0,0.0,100.0,100.0,66.66666666666667,66.66666666666667,33.333333333333336
45031,"Darlington County, South Carolina",SC,1755,77.06666666666668,high,100.0,100.0,0.0,100.0,100.0,100.0,66.66666666666667,33.333333333333336
25005,"Bristol County, Massachusetts",MA,1756,77.06666666666668,high,100.0,100.0,0.0,100.0,100.0,100.0,66.66666666666667,33.333333333333336
31097,"Johnson County, Nebraska",NE,1757,71.73333333333335,high,66.66666666666667,100.0,0.0,100.0,100.0,100.0,66.66666666666667,33.333333333333336
19089,"Howard County, Iowa",IA,1758,77.06666666666668,high,100.0,100.0,0.0,100.0,100.0,100.0,66.66666666666667,33.333333333333336
01009,"Blount County, Alabama",AL,1759,77.06666666666668,high,100.0,100.0,0.0,100.0,100.0,100.0,66.66666666666667,33.333333333333336
01053,"Escambia County, Alabama",AL,1760,77.06666666666668,high,100.0,100.0,0.0,100.0,100.0,100.0,66.66666666666667,33.333333333333336
29211,"Sullivan County, Missouri",MO,1761,68.00000000000001,medium,66.66666666666667,100.0,0.0,100.0,100.0,66.66666666666667,66.66666666666667,33.333333333333336
40091,"McIntosh County, Oklahoma",OK,1762,77.06666666666668,high,100.0,100.0,0.0,100.0,100.0,100.0,66.66666666666667,33.333333333333336
21079,"Garrard County, Kentucky",KY,1763,77.06666666666668,high,100.0,100.0,0.0,100.0,100.0,100.0,66.66666666666667,33.333333333333336
29137,"Monroe County, Missouri",MO,1764,77.06666666666668,high,100.0,100.0,0.0,100.0,100.0,100.0,66.66666666666667,33.333333333333336
29041,"Chariton County, Missouri",MO,1765,77.06666666666668,high,100.0,100.0,0.0,100.0,100.0,100.0,66.66666666666667,33.333333333333336
33013,"Merrimack County, New Hampshire",NH,1766,77.06666666666668,high,100.0,100.0,0.0,100.0,100.0,100.0,66.66666666666667,33.333333333333336
13027,"Brooks County, Georgia",GA,1767,77.06666666666668,high,100.0,100.0,0.0,100.0,100.0,100.0,66.66666666666667,33.333333333333336
46075,"Jones County, South Dakota",SD,1768,42.93333333333334,medium,0.0,100.0,0.0,0.0,100.0,66.66666666666667,66.66666666666667,33.333333333333336
49013,"Duchesne County, Utah",UT,1769,73.33333333333334,high,100.0,100.0,0.0,100.0,100.0,66.66666666666667,66.66666666666667,33.333333333333336
45089,"Williamsburg County, South Carolina",SC,1770,77.06666666666668,high,100.0,100.0,0.0,100.0,100.0,100.0,66.66666666666667,33.333333333333336
33001,"Belknap County, New Hampshire",NH,1771,73.33333333333334,high,100.0,100.0,0.0,100.0,100.0,66.66666666666667,66.66666666666667,33.333333333333336
48451,"Tom Green County, Texas",TX,1772,77.06666666666668,high,100.0,100.0,0.0,100.0,100.0,100.0,66.66666666666667,33.333333333333336
08105,"Rio Grande County, Colorado",CO,1773,77.06666666666668,high,100.0,100.0,0.0,100.0,100.0,100.0,66.66666666666667,33.333333333333336
46013,"Brown County, South Dakota",SD,1774,77.06666666666668,high,100.0,100.0,0.0,100.0,100.0,100.0,66.66666666666667,33.333333333333336
31025,"Cass County, Nebraska",NE,1775,77.06666666666668,high,100.0,100.0,0.0,100.0,100.0,100.0,66.66666666666667,33.333333333333336
53027,"Grays Harbor County, Washington",WA,1776,72.00000000000001,high,100.0,66.66666666666667,0.0,100.0,100.0,100.0,66.66666666666667,33.333333333333336
27085,"McLeod County, Minnesota",MN,1777,77.06666666666668,high,100.0,100.0,0.0,100.0,100.0,100.0,66.66666666666667,33.333333333333336
42071,"Lancaster County, Pennsylvania",PA,1778,77.06666666666668,high,100.0,100.0,0.0,100.0,100.0,100.0,66.66666666666667,33.333333333333336
30079,"Prairie County, Montana",MT,1779,64.26666666666667,medium,66.66666666666667,100.0,0.0,100.0,66.66666666666667,66.66666666666667,66.66666666666667,33.333333333333336
47123,"Monroe County, Tennessee",TN,1780,77.06666666666668,high,100.0,100.0,0.0,100.0,100.0,100.0,66.66666666666667,33.333333333333336
33015,"Rockingham County, New Hampshire",NH,1781,77.06666666666668,high,100.0,100.0,0.0,100.0,100.0,100.0,66.66666666666667,33.333333333333336
37021,"Buncombe County, North Carolina",NC,1782,77.06666666666668,high,100.0,100.0,0.0,100.0,100.0,100.0,66.66666666666667,33.333333333333336
49017,"Garfield County, Utah",UT,1783,73.33333333333334,high,100.0,100.0,0.0,100.0,100.0,66.66666666666667,66.66666666666667,33.333333333333336
16023,"Butte County, Idaho",ID,1784,48.266666666666666,medium,33.333333333333336,100.0,0.0,0.0,100.0,66.66666666666667,66.66666666666667,33.333333333333336
44009,"Washington County, Rhode Island",RI,1785,77.06666666666668,high,100.0,100.0,0.0,100.0,100.0,100.0,66.66666666666667,33.333333333333336
27009,"Benton County, Minnesota",MN,1786,77.06666666666668,high,100.0,100.0,0.0,100.0,100.0,100.0,66.66666666666667,33.333333333333336
24003,"Anne Arundel County, Maryland",MD,1787,77.06666666666668,high,100.0,100.0,0.0,100.0,100.0,100.0,66.66666666666667,33.333333333333336
31175,"Valley County, Nebraska",NE,1788,71.73333333333335,high,66.66666666666667,100.0,0.0,100.0,100.0,100.0,66.66666666666667,33.333333333333336
28117,"Prentiss County, Mississippi",MS,1789,77.06666666666668,high,100.0,100.0,0.0,100.0,100.0,100.0,66.66666666666667,33.333333333333336
47031,"Coffee County, Tennessee",TN,1790,77.06666666666668,high,100.0,100.0,0.0,100.0,100.0,100.0,66.66666666666667,33.333333333333336
50021,"Rutland County, Vermont",VT,1791,77.06666666666668,high,100.0,100.0,0.0,100.0,100.0,100.0,66.66666666666667,33.333333333333336
01061,"Geneva County, Alabama",AL,1792,77.06666666666668,high,100.0,100.0,0.0,100.0,100.0,100.0,66.66666666666667,33.333333333333336
12033,"Escambia County, Florida",FL,1793,77.06666666666668,high,100.0,100.0,0.0,100.0,100.0,100.0,66.66666666666667,33.333333333333336
53053,"Pierce County, Washington",WA,1794,68.26666666666668,medium,100.0,66.66666666666667,0.0,100.0,100.0,66.66666666666667,66.66666666666667,33.333333333333336
19091,"Humboldt County, Iowa",IA,1795,77.06666666666668,high,100.0,100.0,0.0,100.0,100.0,100.0,66.66666666666667,33.333333333333336
12113,"Santa Rosa County, Florida",FL,1796,77.06666666666668,high,100.0,100.0,0.0,100.0,100.0,100.0,66.66666666666667,33.333333333333336
16081,"Teton County, Idaho",ID,1797,73.33333333333334,high,100.0,100.0,0.0,100.0,100.0,66.66666666666667,66.66666666666667,33.333333333333336
02105,"Hoonah-Angoon Census Area, Alaska",AK,1798,39.2,low,0.0,100.0,0.0,0.0,100.0,33.333333333333336,66.66666666666667,33.333333333333336
01093,"Marion County, Alabama",AL,1799,77.06666666666668,high,100.0,100.0,0.0,100.0,100.0,100.0,66.66666666666667,33.333333333333336
37119,"Mecklenburg County, North Carolina",NC,1800,77.06666666666668,high,100.0,100.0,0.0,100.0,100.0,100.0,66.66666666666667,33.333333333333336
38105,"Williams County, North Dakota",ND,1801,73.33333333333334,high,100.0,100.0,0.0,100.0,100.0,66.66666666666667,66.66666666666667,33.333333333333336
40043,"Dewey County, Oklahoma",OK,1802,68.00000000000001,medium,66.66666666666667,100.0,0.0,100.0,100.0,66.66666666666667,66.66666666666667,33.333333333333336
30051,"Liberty County, Montana",MT,1803,64.26666666666667,medium,66.66666666666667,100.0,0.0,100.0,66.66666666666667,66.66666666666667,66.66666666666667,33.333333333333336
01003,"Baldwin County, Alabama",AL,1804,77.06666666666668,high,100.0,100.0,0.0,100.0,100.0,100.0,66.66666666666667,33.333333333333336
30049,"Lewis and Clark County, Montana",MT,1805,77.06666666666668,high,100.0,100.0,0.0,100.0,100.0,100.0,66.66666666666667,33.333333333333336
42117,"Tioga County, Pennsylvania",PA,1806,77.06666666666668,high,100.0,100.0,0.0,100.0,100.0,100.0,66.66666666666667,33.333333333333336
27145,"Stearns County, Minnesota",MN,1807,77.06666666666668,high,100.0,100.0,0.0,100.0,100.0,100.0,66.66666666666667,33.333333333333336
31055,"Douglas County, Nebraska",NE,1808,77.06666666666668,high,100.0,100.0,0.0,100.0,100.0,100.0,66.66666666666667,33.333333333333336
53035,"Kitsap County, Washington",WA,1809,72.00000000000001,high,100.0,66.66666666666667,0.0,100.0,100.0,100.0,66.66666666666667,33.333333333333336
13217,"Newton County, Georgia",GA,1810,77.06666666666668,high,100.0,100.0,0.0,100.0,100.0,100.0,66.66666666666667,33.333333333333336
12073,"Leon County, Florida",FL,1811,77.06666666666668,high,100.0,100.0,0.0,100.0,100.0,100.0,66.66666666666667,33.333333333333336
19161,"Sac County, Iowa",IA,1812,73.33333333333334,high,100.0,100.0,0.0,100.0,100.0,66.66666666666667,66.66666666666667,33.333333333333336
05095,"Monroe County, Arkansas",AR,1813,68.00000000000001,medium,66.66666666666667,100.0,0.0,100.0,100.0,66.66666666666667,66.66666666666667,33.333333333333336
35043,"Sandoval County, New Mexico",NM,1814,77.06666666666668,high,100.0,100.0,0.0,100.0,100.0,100.0,66.66666666666667,33.333333333333336
51015,"Augusta County, Virginia",VA,1815,77.06666666666668,high,100.0,100.0,0.0,100.0,100.0,100.0,66.66666666666667,33.333333333333336
20175,"Seward County, Kansas",KS,1816,77.06666666666668,high,100.0,100.0,0.0,100.0,100.0,100.0,66.66666666666667,33.333333333333336
53069,"Wahkiakum County, Washington",WA,1817,68.26666666666668,medium,100.0,66.66666666666667,0.0,100.0,100.0,66.66666666666667,66.66666666666667,33.333333333333336
08103,"Rio Blanco County, Colorado",CO,1818,73.33333333333334,high,100.0,100.0,0.0,100.0,100.0,66.66666666666667,66.66666666666667,33.333333333333336
29153,"Ozark County, Missouri",MO,1819,77.06666666666668,high,100.0,100.0,0.0,100.0,100.0,100.0,66.66666666666667,33.333333333333336
34009,"Cape May County, New Jersey",NJ,1820,77.06666666666668,high,100.0,100.0,0.0,100.0,100.0,100.0,66.66666666666667,33.333333333333336
13101,"Echols County, Georgia",GA,1821,68.00000000000001,medium,66.66666666666667,100.0,0.0,100.0,100.0,66.66666666666667,66.66666666666667,33.333333333333336
20123,"Mitchell County, Kansas",KS,1822,73.33333333333334,high,100.0,100.0,0.0,100.0,100.0,66.66666666666667,66.66666666666667,33.333333333333336
29173,"Ralls County, Missouri",MO,1823,77.06666666666668,high,100.0,100.0,0.0,100.0,100.0,100.0,66.66666666666667,33.333333333333336
20189,"Stevens County, Kansas",KS,1824,73.33333333333334,high,100.0,100.0,0.0,100.0,100.0,66.66666666666667,66.66666666666667,33.333333333333336
38041,"Hettinger County, North Dakota",ND,1825,71.73333333333335,high,66.66666666666667,100.0,0.0,100.0,100.0,100.0,66.66666666666667,33.333333333333336
56023,"Lincoln County, Wyoming",WY,1826,72.00000000000001,high,100.0,66.66666666666667,0.0,100.0,100.0,100.0,66.66666666666667,33.333333333333336
05079,"Lincoln County, Arkansas",AR,1827,71.73333333333335,high,66.66666666666667,100.0,0.0,100.0,100.0,100.0,66.66666666666667,33.333333333333336
13011,"Banks County, Georgia",GA,1828,77.06666666666668,high,100.0,100.0,0.0,100.0,100.0,100.0,66.66666666666667,33.333333333333336
25021,"Norfolk County, Massachusetts",MA,1829,77.06666666666668,high,100.0,100.0,0.0,100.0,100.0,100.0,66.66666666666667,33.333333333333336
48303,"Lubbock County, Texas",TX,1830,77.06666666666668,high,100.0,100.0,0.0,100.0,100.0,100.0,66.66666666666667,33.333333333333336
37115,"Madison County, North Carolina",NC,1831,77.06666666666668,high,100.0,100.0,0.0,100.0,100.0,100.0,66.66666666666667,33.333333333333336
15003,"Honolulu County, Hawaii",HI,1832,77.06666666666668,high,100.0,100.0,0.0,100.0,100.0,100.0,66.66666666666667,33.333333333333336
27039,"Dodge County, Minnesota",MN,1833,73.33333333333334,high,100.0,100.0,0.0,100.0,100.0,66.66666666666667,66.66666666666667,33.333333333333336
31121,"Merrick County, Nebraska",NE,1834,77.06666666666668,high,100.0,100.0,0.0,100.0,100.0,100.0,66.66666666666667,33.333333333333336
19019,"Buchanan County, Iowa",IA,1835,77.06666666666668,high,100.0,100.0,0.0,100.0,100.0,100.0,66.66666666666667,33.333333333333336
31019,"Buffalo County, Nebraska",NE,1836,77.06666666666668,high,100.0,100.0,0.0,100.0,100.0,100.0,66.66666666666667,33.333333333333336
22045,"Iberia Parish, Louisiana",LA,1837,77.06666666666668,high,100.0,100.0,0.0,100.0,100.0,100.0,66.66666666666667,33.333333333333336
31103,"Keya Paha County, Nebraska",NE,1838,68.00000000000001,medium,66.66666666666667,100.0,0.0,100.0,100.0,66.66666666666667,66.66666666666667,33.333333333333336
19119,"Lyon County, Iowa",IA,1839,73.33333333333334,high,100.0,100.0,0.0,100.0,100.0,66.66666666666667,66.66666666666667,33.333333333333336
36031,"Essex County, New York",NY,1840,73.33333333333334,high,100.0,100.0,0.0,100.0,100.0,66.66666666666667,66.66666666666667,33.333333333333336
31079,"Hall County, Nebraska",NE,1841,77.06666666666668,high,100.0,100.0,0.0,100.0,100.0,100.0,66.66666666666667,33.333333333333336
40041,"Delaware County, Oklahoma",OK,1842,77.06666666666668,high,100.0,100.0,0.0,100.0,100.0,100.0,66.66666666666667,33.333333333333336
38077,"Richland County, North Dakota",ND,1843,77.06666666666668,high,100.0,100.0,0.0,100.0,100.0,100.0,66.66666666666667,33.333333333333336
40141,"Tillman County, Oklahoma",OK,1844,68.00000000000001,medium,66.66666666666667,100.0,0.0,100.0,100.0,66.66666666666667,66.66666666666667,33.333333333333336
47093,"Knox County, Tennessee",TN,1845,77.06666666666668,high,100.0,100.0,0.0,100.0,100.0,100.0,66.66666666666667,33.333333333333336
27091,"Martin County, Minnesota",MN,1846,73.33333333333334,high,100.0,100.0,0.0,100.0,100.0,66.66666666666667,66.66666666666667,33.333333333333336
23009,"Hancock County, Maine",ME,1847,77.06666666666668,high,100.0,100.0,0.0,100.0,100.0,100.0,66.66666666666667,33.333333333333336
49029,"Morgan County, Utah",UT,1848,77.06666666666668,high,100.0,100.0,0.0,100.0,100.0,100.0,66.66666666666667,33.333333333333336
21125,"Laurel County, Kentucky",KY,1849,77.06666666666668,high,100.0,100.0,0.0,100.0,100.0,100.0,66.66666666666667,33.333333333333336
49023,"Juab County, Utah",UT,1850,73.33333333333334,high,100.0,100.0,0.0,100.0,100.0,66.66666666666667,66.66666666666667,33.333333333333336
37179,"Union County, North Carolina",NC,1851,77.06666666666668,high,100.0,100.0,0.0,100.0,100.0,100.0,66.66666666666667,33.333333333333336
31101,"Keith County, Nebraska",NE,1852,77.06666666666668,high,100.0,100.0,0.0,100.0,100.0,100.0,66.66666666666667,33.333333333333336
19131,"Mitchell County, Iowa",IA,1853,77.06666666666668,high,100.0,100.0,0.0,100.0,100.0,100.0,66.66666666666667,33.333333333333336
27171,"Wright County, Minnesota",MN,1854,73.33333333333334,high,100.0,100.0,0.0,100.0,100.0,66.66666666666667,66.66666666666667,33.333333333333336
27123,"Ramsey County, Minnesota",MN,1855,77.06666666666668,high,100.0,100.0,0.0,100.0,100.0,100.0,66.66666666666667,33.333333333333336
21121,"Knox County, Kentucky",KY,1856,77.06666666666668,high,100.0,100.0,0.0,100.0,100.0,100.0,66.66666666666667,33.333333333333336
46025,"Clark County, South Dakota",SD,1857,68.00000000000001,medium,66.66666666666667,100.0,0.0,100.0,100.0,66.66666666666667,66.66666666666667,33.333333333333336
27101,"Murray County, Minnesota",MN,1858,73.33333333333334,high,100.0,100.0,0.0,100.0,100.0,66.66666666666667,66.66666666666667,33.333333333333336
41051,"Multnomah County, Oregon",OR,1859,77.06666666666668,high,100.0,100.0,0.0,100.0,100.0,100.0,66.66666666666667,33.333333333333336
22079,"Rapides Parish, Louisiana",LA,1860,73.33333333333334,high,100.0,100.0,0.0,100.0,100.0,66.66666666666667,66.66666666666667,33.333333333333336
19047,"Crawford County, Iowa",IA,1861,73.33333333333334,high,100.0,100.0,0.0,100.0,100.0,66.66666666666667,66.66666666666667,33.333333333333336
37047,"Columbus County, North Carolina",NC,1862,77.06666666666668,high,100.0,100.0,0.0,100.0,100.0,100.0,66.66666666666667,33.333333333333336
29171,"Putnam County, Missouri",MO,1863,68.00000000000001,medium,66.66666666666667,100.0,0.0,100.0,100.0,66.66666666666667,66.66666666666667,33.333333333333336
37037,"Chatham County, North Carolina",NC,1864,77.06666666666668,high,100.0,100.0,0.0,100.0,100.0,100.0,66.66666666666667,33.333333333333336
48179,"Gray County, Texas",TX,1865,73.33333333333334,high,100.0,100.0,0.0,100.0,100.0,66.66666666666667,66.66666666666667,33.333333333333336
48183,"Gregg County, Texas",TX,1866,77.06666666666668,high,100.0,100.0,0.0,100.0,100.0,100.0,66.66666666666667,33.333333333333336
05061,"Howard County, Arkansas",AR,1867,77.06666666666668,high,100.0,100.0,0.0,100.0,100.0,100.0,66.66666666666667,33.333333333333336
51630,"Fredericksburg city, Virginia",VA,1868,68.26666666666668,medium,100.0,66.66666666666667,0.0,100.0,100.0,66.66666666666667,66.66666666666667,33.333333333333336
29151,"Osage County, Missouri",MO,1869,77.06666666666668,high,100.0,100.0,0.0,100.0,100.0,100.0,66.66666666666667,33.333333333333336
53049,"Pacific County, Washington",WA,1870,72.00000000000001,high,100.0,66.66666666666667,0.0,100.0,100.0,100.0,66.66666666666667,33.333333333333336
28115,"Pontotoc County, Mississippi",MS,1871,77.06666666666668,high,100.0,100.0,0.0,100.0,100.0,100.0,66.66666666666667,33.333333333333336
51025,"Brunswick County, Virginia",VA,1872,77.06666666666668,high,100.0,100.0,0.0,100.0,100.0,100.0,66.66666666666667,33.333333333333336
08099,"Prowers County, Colorado",CO,1873,77.06666666666668,high,100.0,100.0,0.0,100.0,100.0,100.0,66.66666666666667,33.333333333333336
47007,"Bledsoe County, Tennessee",TN,1874,77.06666666666668,high,100.0,100.0,0.0,100.0,100.0,100.0,66.66666666666667,33.333333333333336
50011,"Franklin County, Vermont",VT,1875,73.33333333333334,high,100.0,100.0,0.0,100.0,100.0,66.66666666666667,66.66666666666667,33.333333333333336
01035,"Conecuh County, Alabama",AL,1876,71.73333333333335,high,66.66666666666667,100.0,0.0,100.0,100.0,100.0,66.66666666666667,33.333333333333336
36005,"Bronx County, New York",NY,1877,73.33333333333334,high,100.0,100.0,0.0,100.0,100.0,66.66666666666667,66.66666666666667,33.333333333333336
56045,"Weston County, Wyoming",WY,1878,68.26666666666668,medium,100.0,66.66666666666667,0.0,100.0,100.0,66.66666666666667,66.66666666666667,33.333333333333336
19093,"Ida County, Iowa",IA,1879,73.33333333333334,high,100.0,100.0,0.0,100.0,100.0,66.66666666666667,66.66666666666667,33.333333333333336
56003,"Big Horn County, Wyoming",WY,1880,72.00000000000001,high,100.0,66.66666666666667,0.0,100.0,100.0,100.0,66.66666666666667,33.333333333333336
13271,"Telfair County, Georgia",GA,1881,71.73333333333335,high,66.66666666666667,100.0,0.0,100.0,100.0,100.0,66.66666666666667,33.333333333333336
28067,"Jones County, Mississippi",MS,1882,77.06666666666668,high,100.0,100.0,0.0,100.0,100.0,100.0,66.66666666666667,33.333333333333336
46065,"Hughes County, South Dakota",SD,1883,77.06666666666668,high,100.0,100.0,0.0,100.0,100.0,100.0,66.66666666666667,33.333333333333336
29067,"Douglas County, Missouri",MO,1884,73.33333333333334,high,100.0,100.0,0.0,100.0,100.0,66.66666666666667,66.66666666666667,33.333333333333336
51600,"Fairfax city, Virginia",VA,1885,68.26666666666668,medium,100.0,66.66666666666667,0.0,100.0,100.0,66.66666666666667,66.66666666666667,33.333333333333336
42081,"Lycoming County, Pennsylvania",PA,1886,77.06666666666668,high,100.0,100.0,0.0,100.0,100.0,100.0,66.66666666666667,33.333333333333336
45001,"Abbeville County, South Carolina",SC,1887,77.06666666666668,high,100.0,100.0,0.0,100.0,100.0,100.0,66.66666666666667,33.333333333333336
20109,"Logan County, Kansas",KS,1888,68.00000000000001,medium,66.66666666666667,100.0,0.0,100.0,100.0,66.66666666666667,66.66666666666667,33.333333333333336
29057,"Dade County, Missouri",MO,1889,73.33333333333334,high,100.0,100.0,0.0,100.0,100.0,66.66666666666667,66.66666666666667,33.333333333333336
28089,"Madison County, Mississippi",MS,1890,77.06666666666668,high,100.0,100.0,0.0,100.0,100.0,100.0,66.66666666666667,33.333333333333336
50027,"Windsor County, Vermont",VT,1891,77.06666666666668,high,100.0,100.0,0.0,100.0,100.0,100.0,66.66666666666667,33.333333333333336
37109,"Lincoln County, North Carolina",NC,1892,77.06666666666668,high,100.0,100.0,0.0,100.0,100.0,100.0,66.66666666666667,33.333333333333336
13231,"Pike County, Georgia",GA,1893,77.06666666666668,high,100.0,100.0,0.0,100.0,100.0,100.0,66.66666666666667,33.333333333333336
13067,"Cobb County, Georgia",GA,1894,77.06666666666668,high,100.0,100.0,0.0,100.0,100.0,100.0,66.66666666666667,33.333333333333336
20081,"Haskell County, Kansas",KS,1895,68.00000000000001,medium,66.66666666666667,100.0,0.0,100.0,100.0,66.66666666666667,66.66666666666667,33.333333333333336
47099,"Lawrence County, Tennessee",TN,1896,77.06666666666668,high,100.0,100.0,0.0,100.0,100.0,100.0,66.66666666666667,33.333333333333336
13247,"Rockdale County, Georgia",GA,1897,77.06666666666668,high,100.0,100.0,0.0,100.0,100.0,100.0,66.66666666666667,33.333333333333336
46045,"Edmunds County, South Dakota",SD,1898,73.33333333333334,high,100.0,100.0,0.0,100.0,100.0,66.66666666666667,66.66666666666667,33.333333333333336
37199,"Yancey County, North Carolina",NC,1899,77.06666666666668,high,100.0,100.0,0.0,100.0,100.0,100.0,66.66666666666667,33.333333333333336
19001,"Adair County, Iowa",IA,1900,73.33333333333334,high,100.0,100.0,0.0,100.0,100.0,66.66666666666667,66.66666666666667,33.333333333333336
30053,"Lincoln County, Montana",MT,1901,73.33333333333334,high,100.0,100.0,0.0,100.0,100.0,66.66666666666667,66.66666666666667,33.333333333333336
19055,"Delaware County, Iowa",IA,1902,77.06666666666668,high,100.0,100.0,0.0,100.0,100.0,100.0,66.66666666666667,33.333333333333336
37089,"Henderson County, North Carolina",NC,1903,77.06666666666668,high,100.0,100.0,0.0,100.0,100.0,100.0,66.66666666666667,33.333333333333336
13081,"Crisp County, Georgia",GA,1904,77.06666666666668,high,100.0,100.0,0.0,100.0,100.0,100.0,66.66666666666667,33.333333333333336
48017,"Bailey County, Texas",TX,1905,68.00000000000001,medium,66.66666666666667,100.0,0.0,100.0,100.0,66.66666666666667,66.66666666666667,33.333333333333336
28139,"Tippah County, Mississippi",MS,1906,77.06666666666668,high,100.0,100.0,0.0,100.0,100.0,100.0,66.66666666666667,33.333333333333336
27077,"Lake of the Woods County, Minnesota",MN,1907,73.33333333333334,high,100.0,100.0,0.0,100.0,100.0,66.66666666666667,66.66666666666667,33.333333333333336
47091,"Johnson County, Tennessee",TN,1908,77.06666666666668,high,100.0,100.0,0.0,100.0,100.0,100.0,66.66666666666667,33.333333333333336
41005,"Clackamas County, Oregon",OR,1909,77.06666666666668,high,100.0,100.0,0.0,100.0,100.0,100.0,66.66666666666667,33.333333333333336
13309,"Wheeler County, Georgia",GA,1910,71.73333333333335,high,66.66666666666667,100.0,0.0,100.0,100.0,100.0,66.66666666666667,33.333333333333336
53021,"Franklin County, Washington",WA,1911,68.26666666666668,medium,100.0,66.66666666666667,0.0,100.0,100.0,66.66666666666667,66.66666666666667,33.333333333333336
01083,"Limestone County, Alabama",AL,1912,77.06666666666668,high,100.0,100.0,0.0,100.0,100.0,100.0,66.66666666666667,33.333333333333336
06033,"Lake County, California",CA,1913,77.06666666666668,high,100.0,100.0,0.0,100.0,100.0,100.0,66.66666666666667,33.333333333333336
19037,"Chickasaw County, Iowa",IA,1914,77.06666666666668,high,100.0,100.0,0.0,100.0,100.0,100.0,66.66666666666667,33.333333333333336
01123,"Tallapoosa County, Alabama",AL,1915,77.06666666666668,high,100.0,100.0,0.0,100.0,100.0,100.0,66.66666666666667,33.333333333333336
30071,"Phillips County, Montana",MT,1916,73.33333333333334,high,100.0,100.0,0.0,100.0,100.0,66.66666666666667,66.66666666666667,33.333333333333336
47043,"Dickson County, Tennessee",TN,1917,77.06666666666668,high,100.0,100.0,0.0,100.0,100.0,100.0,66.66666666666667,33.333333333333336
36021,"Columbia County, New York",NY,1918,73.33333333333334,high,100.0,100.0,0.0,100.0,100.0,66.66666666666667,66.66666666666667,33.333333333333336
48433,"Stonewall County, Texas",TX,1919,58.93333333333334,medium,33.333333333333336,100.0,0.0,100.0,66.66666666666667,66.66666666666667,66.66666666666667,33.333333333333336
21215,"Spencer County, Kentucky",KY,1920,77.06666666666668,high,100.0,100.0,0.0,100.0,100.0,100.0,66.66666666666667,33.333333333333336
13239,"Quitman County, Georgia",GA,1921,68.00000000000001,medium,66.66666666666667,100.0,0.0,100.0,100.0,66.66666666666667,66.66666666666667,33.333333333333336
19073,"Greene County, Iowa",IA,1922,73.33333333333334,high,100.0,100.0,0.0,100.0,100.0,66.66666666666667,66.66666666666667,33.333333333333336
30039,"Granite County, Montana",MT,1923,73.33333333333334,high,100.0,100.0,0.0,100.0,66.66666666666667,100.0,66.66666666666667,33.333333333333336
53061,"Snohomish County, Washington",WA,1924,72.00000000000001,high,100.0,66.66666666666667,0.0,100.0,100.0,100.0,66.66666666666667,33.333333333333336
41029,"Jackson County, Oregon",OR,1925,77.06666666666668,high,100.0,100.0,0.0,100.0,100.0,100.0,66.66666666666667,33.333333333333336
29139,"Montgomery County, Missouri",MO,1926,77.06666666666668,high,100.0,100.0,0.0,100.0,100.0,100.0,66.66666666666667,33.333333333333336
20147,"Phillips County, Kansas",KS,1927,68.00000000000001,medium,66.66666666666667,100.0,0.0,100.0,100.0,66.66666666666667,66.66666666666667,33.333333333333336
48479,"Webb County, Texas",TX,1928,77.06666666666668,high,100.0,100.0,0.0,100.0,100.0,100.0,66.66666666666667,33.333333333333336
53067,"Thurston County, Washington",WA,1929,72.00000000000001,high,100.0,66.66666666666667,0.0,100.0,100.0,100.0,66.66666666666667,33.333333333333336
13301,"Warren County, Georgia",GA,1930,68.00000000000001,medium,66.66666666666667,100.0,0.0,100.0,100.0,66.66666666666667,66.66666666666667,33.333333333333336
34031,"Passaic County, New Jersey",NJ,1931,77.06666666666668,high,100.0,100.0,0.0,100.0,100.0,100.0,66.66666666666667,33.333333333333336
47097,"Lauderdale County, Tennessee",TN,1932,77.06666666666668,high,100.0,100.0,0.0,100.0,100.0,100.0,66.66666666666667,33.333333333333336
20181,"Sherman County, Kansas",KS,1933,73.33333333333334,high,100.0,100.0,0.0,100.0,100.0,66.66666666666667,66.66666666666667,33.333333333333336
31177,"Washington County, Nebraska",NE,1934,77.06666666666668,high,100.0,100.0,0.0,100.0,100.0,100.0,66.66666666666667,33.333333333333336
19153,"Polk County, Iowa",IA,1935,77.06666666666668,high,100.0,100.0,0.0,100.0,100.0,100.0,66.66666666666667,33.333333333333336
37043,"Clay County, North Carolina",NC,1936,77.06666666666668,high,100.0,100.0,0.0,100.0,100.0,100.0,66.66666666666667,33.333333333333336
37077,"Granville County, North Carolina",NC,1937,77.06666666666668,high,100.0,100.0,0.0,100.0,100.0,100.0,66.66666666666667,33.333333333333336
19105,"Jones County, Iowa",IA,1938,77.06666666666668,high,100.0,100.0,0.0,100.0,100.0,100.0,66.66666666666667,33.333333333333336
35049,"Santa Fe County, New Mexico",NM,1939,77.06666666666668,high,100.0,100.0,0.0,100.0,100.0,100.0,66.66666666666667,33.333333333333336
53033,"King County, Washington",WA,1940,72.00000000000001,high,100.0,66.66666666666667,0.0,100.0,100.0,100.0,66.66666666666667,33.333333333333336
02198,"Prince of Wales-Hyder Census Area, Alaska",AK,1941,35.46666666666667,low,0.0,100.0,0.0,0.0,66.66666666666667,33.333333333333336,66.66666666666667,33.333333333333336
13139,"Hall County, Georgia",GA,1942,77.06666666666668,high,100.0,100.0,0.0,100.0,100.0,100.0,66.66666666666667,33.333333333333336
12103,"Pinellas County, Florida",FL,1943,77.06666666666668,high,100.0,100.0,0.0,100.0,100.0,100.0,66.66666666666667,33.333333333333336
27161,"Waseca County, Minnesota",MN,1944,73.33333333333334,high,100.0,100.0,0.0,100.0,100.0,66.66666666666667,66.66666666666667,33.333333333333336
27055,"Houston County, Minnesota",MN,1945,77.06666666666668,high,100.0,100.0,0.0,100.0,100.0,100.0,66.66666666666667,33.333333333333336
35028,"Los Alamos County, New Mexico",NM,1946,77.06666666666668,high,100.0,100.0,0.0,100.0,100.0,100.0,66.66666666666667,33.333333333333336
13303,"Washington County, Georgia",GA,1947,77.06666666666668,high,100.0,100.0,0.0,100.0,100.0,100.0,66.66666666666667,33.333333333333336
05091,"Miller County, Arkansas",AR,1948,77.06666666666668,high,100.0,100.0,0.0,100.0,100.0,100.0,66.66666666666667,33.333333333333336
28033,"DeSoto County, Mississippi",MS,1949,77.06666666666668,high,100.0,100.0,0.0,100.0,100.0,100.0,66.66666666666667,33.333333333333336
18087,"LaGrange County, Indiana",IN,1950,77.06666666666668,high,100.0,100.0,0.0,100.0,100.0,100.0,66.66666666666667,33.333333333333336
05037,"Cross County, Arkansas",AR,1951,73.33333333333334,high,100.0,100.0,0.0,100.0,100.0,66.66666666666667,66.66666666666667,33.333333333333336
05057,"Hempstead County, Arkansas",AR,1952,77.06666666666668,high,100.0,100.0,0.0,100.0,100.0,100.0,66.66666666666667,33.333333333333336
48465,"Val Verde County, Texas",TX,1953,77.06666666666668,high,100.0,100.0,0.0,100.0,100.0,100.0,66.66666666666667,33.333333333333336
31109,"Lancaster County, Nebraska",NE,1954,77.06666666666668,high,100.0,100.0,0.0,100.0,100.0,100.0,66.66666666666667,33.333333333333336
40153,"Woodward County, Oklahoma",OK,1955,77.06666666666668,high,100.0,100.0,0.0,100.0,100.0,100.0,66.66666666666667,33.333333333333336
19165,"Shelby County, Iowa",IA,1956,77.06666666666668,high,100.0,100.0,0.0,100.0,100.0,100.0,66.66666666666667,33.333333333333336
55123,"Vernon County, Wisconsin",WI,1957,72.00000000000001,high,100.0,66.66666666666667,0.0,100.0,100.0,100.0,66.66666666666667,33.333333333333336
02180,"Nome Census Area, Alaska",AK,1958,39.2,low,0.0,100.0,0.0,0.0,100.0,33.333333333333336,66.66666666666667,33.333333333333336
56031,"Platte County, Wyoming",WY,1959,68.26666666666668,medium,100.0,66.66666666666667,0.0,100.0,100.0,66.66666666666667,66.66666666666667,33.333333333333336
01089,"Madison County, Alabama",AL,1960,77.06666666666668,high,100.0,100.0,0.0,100.0,100.0,100.0,66.66666666666667,33.333333333333336
27037,"Dakota County, Minnesota",MN,1961,77.06666666666668,high,100.0,100.0,0.0,100.0,100.0,100.0,66.66666666666667,33.333333333333336
08027,"Custer County, Colorado",CO,1962,73.33333333333334,high,100.0,100.0,0.0,100.0,100.0,66.66666666666667,66.66666666666667,33.333333333333336
48197,"Hardeman County, Texas",TX,1963,62.66666666666666,medium,33.333333333333336,100.0,0.0,100.0,100.0,66.66666666666667,66.66666666666667,33.333333333333336
13219,"Oconee County, Georgia",GA,1964,77.06666666666668,high,100.0,100.0,0.0,100.0,100.0,100.0,66.66666666666667,33.333333333333336
38019,"Cavalier County, North Dakota",ND,1965,68.00000000000001,medium,66.66666666666667,100.0,0.0,100.0,100.0,66.66666666666667,66.66666666666667,33.333333333333336
48487,"Wilbarger County, Texas",TX,1966,73.33333333333334,high,100.0,100.0,0.0,100.0,100.0,66.66666666666667,66.66666666666667,33.333333333333336
37009,"Ashe County, North Carolina",NC,1967,77.06666666666668,high,100.0,100.0,0.0,100.0,100.0,100.0,66.66666666666667,33.333333333333336
38035,"Grand Forks County, North Dakota",ND,1968,77.06666666666668,high,100.0,100.0,0.0,100.0,100.0,100.0,66.66666666666667,33.333333333333336
19021,"Buena Vista County, Iowa",IA,1969,73.33333333333334,high,100.0,100.0,0.0,100.0,100.0,66.66666666666667,66.66666666666667,33.333333333333336
47015,"Cannon County, Tennessee",TN,1970,77.06666666666668,high,100.0,100.0,0.0,100.0,100.0,100.0,66.66666666666667,33.333333333333336
45033,"Dillon County, South Carolina",SC,1971,77.06666666666668,high,100.0,100.0,0.0,100.0,100.0,100.0,66.66666666666667,33.333333333333336
13025,"Brantley County, Georgia",GA,1972,77.06666666666668,high,100.0,100.0,0.0,100.0,100.0,100.0,66.66666666666667,33.333333333333336
21153,"Magoffin County, Kentucky",KY,1973,68.00000000000001,medium,66.66666666666667,100.0,0.0,100.0,66.66666666666667,100.0,66.66666666666667,33.333333333333336
27023,"Chippewa County, Minnesota",MN,1974,73.33333333333334,high,100.0,100.0,0.0,100.0,100.0,66.66666666666667,66.66666666666667,33.333333333333336
31119,"Madison County, Nebraska",NE,1975,77.06666666666668,high,100.0,100.0,0.0,100.0,100.0,100.0,66.66666666666667,33.333333333333336
31153,"Sarpy County, Nebraska",NE,1976,77.06666666666668,high,100.0,100.0,0.0,100.0,100.0,100.0,66.66666666666667,33.333333333333336
05117,"Prairie County, Arkansas",AR,1977,68.00000000000001,medium,66.66666666666667,100.0,0.0,100.0,100.0,66.66666666666667,66.66666666666667,33.333333333333336
12019,"Clay County, Florida",FL,1978,77.06666666666668,high,100.0,100.0,0.0,100.0,100.0,100.0,66.66666666666667,33.333333333333336
13163,"Jefferson County, Georgia",GA,1979,77.06666666666668,high,100.0,100.0,0.0,100.0,100.0,100.0,66.66666666666667,33.333333333333336
28029,"Copiah County, Mississippi",MS,1980,77.06666666666668,high,100.0,100.0,0.0,100.0,100.0,100.0,66.66666666666667,33.333333333333336
37031,"Carteret County, North Carolina",NC,1981,77.06666666666668,high,100.0,100.0,0.0,100.0,100.0,100.0,66.66666666666667,33.333333333333336
31005,"Arthur County, Nebraska",NE,1982,42.93333333333334,medium,0.0,100.0,0.0,0.0,100.0,66.66666666666667,66.66666666666667,33.333333333333336
47127,"Moore County, Tennessee",TN,1983,77.06666666666668,high,100.0,100.0,0.0,100.0,100.0,100.0,66.66666666666667,33.333333333333336
21035,"Calloway County, Kentucky",KY,1984,77.06666666666668,high,100.0,100.0,0.0,100.0,100.0,100.0,66.66666666666667,33.333333333333336
01043,"Cullman County, Alabama",AL,1985,77.06666666666668,high,100.0,100.0,0.0,100.0,100.0,100.0,66.66666666666667,33.333333333333336
11001,"District of Columbia, District of Columbia",,1986,68.53333333333335,medium,100.0,100.0,0.0,66.66666666666667,100.0,66.66666666666667,66.66666666666667,33.333333333333336
13113,"Fayette County, Georgia",GA,1987,77.06666666666668,high,100.0,100.0,0.0,100.0,100.0,100.0,66.66666666666667,33.333333333333336
13007,"Baker County, Georgia",GA,1988,66.39999999999999,medium,33.333333333333336,100.0,0.0,100.0,100.0,100.0,66.66666666666667,33.333333333333336
48207,"Haskell County, Texas",TX,1989,68.00000000000001,medium,66.66666666666667,100.0,0.0,100.0,100.0,66.66666666666667,66.66666666666667,33.333333333333336
42131,"Wyoming County, Pennsylvania",PA,1990,77.06666666666668,high,100.0,100.0,0.0,100.0,100.0,100.0,66.66666666666667,33.333333333333336
30005,"Blaine County, Montana",MT,1991,71.73333333333335,high,66.66666666666667,100.0,0.0,100.0,100.0,100.0,66.66666666666667,33.333333333333336
46125,"Turner County, South Dakota",SD,1992,73.33333333333334,high,100.0,100.0,0.0,100.0,100.0,66.66666666666667,66.66666666666667,33.333333333333336
19143,"Osceola County, Iowa",IA,1993,73.33333333333334,high,100.0,100.0,0.0,100.0,100.0,66.66666666666667,66.66666666666667,33.333333333333336
27005,"Becker County, Minnesota",MN,1994,73.33333333333334,high,100.0,100.0,0.0,100.0,100.0,66.66666666666667,66.66666666666667,33.333333333333336
33011,"Hillsborough County, New Hampshire",NH,1995,77.06666666666668,high,100.0,100.0,0.0,100.0,100.0,100.0,66.66666666666667,33.333333333333336
48195,"Hansford County, Texas",TX,1996,73.33333333333334,high,100.0,100.0,0.0,100.0,100.0,66.66666666666667,66.66666666666667,33.333333333333336
46081,"Lawrence County, South Dakota",SD,1997,77.06666666666668,high,100.0,100.0,0.0,100.0,100.0,100.0,66.66666666666667,33.333333333333336
48357,"Ochiltree County, Texas",TX,1998,73.33333333333334,high,100.0,100.0,0.0,100.0,100.0,66.66666666666667,66.66666666666667,33.333333333333336
23015,"Lincoln County, Maine",ME,1999,77.06666666666668,high,100.0,100.0,0.0,100.0,100.0,100.0,66.66666666666667,33.333333333333336
08023,"Costilla County, Colorado",CO,2000,68.00000000000001,medium,66.66666666666667,100.0,0.0,100.0,100.0,66.66666666666667,66.66666666666667,33.333333333333336
01117,"Shelby County, Alabama",AL,2001,77.06666666666668,high,100.0,100.0,0.0,100.0,100.0,100.0,66.66666666666667,33.333333333333336
21133,"Letcher County, Kentucky",KY,2002,71.73333333333335,high,66.66666666666667,100.0,0.0,100.0,100.0,100.0,66.66666666666667,33.333333333333336
28013,"Calhoun County, Mississippi",MS,2003,71.73333333333335,high,66.66666666666667,100.0,0.0,100.0,100.0,100.0,66.66666666666667,33.333333333333336
48483,"Wheeler County, Texas",TX,2004,68.00000000000001,medium,66.66666666666667,100.0,0.0,100.0,100.0,66.66666666666667,66.66666666666667,33.333333333333336
37097,"Iredell County, North Carolina",NC,2005,77.06666666666668,high,100.0,100.0,0.0,100.0,100.0,100.0,66.66666666666667,33.333333333333336
31043,"Dakota County, Nebraska",NE,2006,77.06666666666668,high,100.0,100.0,0.0,100.0,100.0,100.0,66.66666666666667,33.333333333333336
28105,"Oktibbeha County, Mississippi",MS,2007,77.06666666666668,high,100.0,100.0,0.0,100.0,100.0,100.0,66.66666666666667,33.333333333333336
46061,"Hanson County, South Dakota",SD,2008,46.666666666666664,medium,0.0,100.0,0.0,0.0,100.0,100.0,66.66666666666667,33.333333333333336
19167,"Sioux County, Iowa",IA,2009,73.33333333333334,high,100.0,100.0,0.0,100.0,100.0,66.66666666666667,66.66666666666667,33.333333333333336
16037,"Custer County, Idaho",ID,2010,68.00000000000001,medium,66.66666666666667,100.0,0.0,100.0,100.0,66.66666666666667,66.66666666666667,33.333333333333336
28045,"Hancock County, Mississippi",MS,2011,77.06666666666668,high,100.0,100.0,0.0,100.0,100.0,100.0,66.66666666666667,33.333333333333336
37063,"Durham County, North Carolina",NC,2012,77.06666666666668,high,100.0,100.0,0.0,100.0,100.0,100.0,66.66666666666667,33.333333333333336
42029,"Chester County, Pennsylvania",PA,2013,77.06666666666668,high,100.0,100.0,0.0,100.0,100.0,100.0,66.66666666666667,33.333333333333336
06049,"Modoc County, California",CA,2014,77.06666666666668,high,100.0,100.0,0.0,100.0,100.0,100.0,66.66666666666667,33.333333333333336
02282,"Yakutat City and Borough, Alaska",AK,2015,39.2,low,0.0,100.0,0.0,0.0,100.0,33.333333333333336,66.66666666666667,33.333333333333336
19005,"Allamakee County, Iowa",IA,2016,77.06666666666668,high,100.0,100.0,0.0,100.0,100.0,100.0,66.66666666666667,33.333333333333336
48273,"Kleberg County, Texas",TX,2017,77.06666666666668,high,100.0,100.0,0.0,100.0,100.0,100.0,66.66666666666667,33.333333333333336
12039,"Gadsden County, Florida",FL,2018,77.06666666666668,high,100.0,100.0,0.0,100.0,100.0,100.0,66.66666666666667,33.333333333333336
24027,"Howard County, Maryland",MD,2019,77.06666666666668,high,100.0,100.0,0.0,100.0,100.0,100.0,66.66666666666667,33.333333333333336
22005,"Ascension Parish, Louisiana",LA,2020,77.06666666666668,high,100.0,100.0,0.0,100.0,100.0,100.0,66.66666666666667,33.333333333333336
02110,"Juneau City and Borough, Alaska",AK,2021,69.60000000000001,medium,100.0,100.0,0.0,100.0,66.66666666666667,66.66666666666667,66.66666666666667,33.333333333333336
36097,"Schuyler County, New York",NY,2022,73.33333333333334,high,100.0,100.0,0.0,100.0,100.0,66.66666666666667,66.66666666666667,33.333333333333336
31027,"Cedar County, Nebraska",NE,2023,73.33333333333334,high,100.0,100.0,0.0,100.0,100.0,66.66666666666667,66.66666666666667,33.333333333333336
28113,"Pike County, Mississippi",MS,2024,77.06666666666668,high,100.0,100.0,0.0,100.0,100.0,100.0,66.66666666666667,33.333333333333336
27141,"Sherburne County, Minnesota",MN,2025,77.06666666666668,high,100.0,100.0,0.0,100.0,100.0,100.0,66.66666666666667,33.333333333333336
04003,"Cochise County, Arizona",AZ,2026,77.06666666666668,high,100.0,100.0,0.0,100.0,100.0,100.0,66.66666666666667,33.333333333333336
13097,"Douglas County, Georgia",GA,2027,77.06666666666668,high,100.0,100.0,0.0,100.0,100.0,100.0,66.66666666666667,33.333333333333336
06031,"Kings County, California",CA,2028,77.06666666666668,high,100.0,100.0,0.0,100.0,100.0,100.0,66.66666666666667,33.333333333333336
31013,"Box Butte County, Nebraska",NE,2029,73.33333333333334,high,100.0,100.0,0.0,100.0,100.0,66.66666666666667,66.66666666666667,33.333333333333336
40085,"Love County, Oklahoma",OK,2030,73.33333333333334,high,100.0,100.0,0.0,100.0,100.0,66.66666666666667,66.66666666666667,33.333333333333336
27131,"Rice County, Minnesota",MN,2031,77.06666666666668,high,100.0,100.0,0.0,100.0,100.0,100.0,66.66666666666667,33.333333333333336
31047,"Dawson County, Nebraska",NE,2032,77.06666666666668,high,100.0,100.0,0.0,100.0,100.0,100.0,66.66666666666667,33.333333333333336
29111,"Lewis County, Missouri",MO,2033,71.73333333333335,high,66.66666666666667,100.0,0.0,100.0,100.0,100.0,66.66666666666667,33.333333333333336
47067,"Hancock County, Tennessee",TN,2034,71.73333333333335,high,66.66666666666667,100.0,0.0,100.0,100.0,100.0,66.66666666666667,33.333333333333336
30007,"Broadwater County, Montana",MT,2035,77.06666666666668,high,100.0,100.0,0.0,100.0,100.0,100.0,66.66666666666667,33.333333333333336
05025,"Cleveland County, Arkansas",AR,2036,73.33333333333334,high,100.0,100.0,0.0,100.0,100.0,66.66666666666667,66.66666666666667,33.333333333333336
31089,"Holt County, Nebraska",NE,2037,73.33333333333334,high,100.0,100.0,0.0,100.0,100.0,66.66666666666667,66.66666666666667,33.333333333333336
45013,"Beaufort County, South Carolina",SC,2038,77.06666666666668,high,100.0,100.0,0.0,100.0,100.0,100.0,66.66666666666667,33.333333333333336
46121,"Todd County, South Dakota",SD,2039,42.93333333333334,medium,0.0,100.0,0.0,0.0,100.0,66.66666666666667,66.66666666666667,33.333333333333336
51037,"Charlotte County, Virginia",VA,2040,73.33333333333334,high,100.0,100.0,0.0,100.0,100.0,66.66666666666667,66.66666666666667,33.333333333333336
08021,"Conejos County, Colorado",CO,2041,68.00000000000001,medium,66.66666666666667,100.0,0.0,100.0,100.0,66.66666666666667,66.66666666666667,33.333333333333336
55055,"Jefferson County, Wisconsin",WI,2042,72.00000000000001,high,100.0,66.66666666666667,0.0,100.0,100.0,100.0,66.66666666666667,33.333333333333336
38099,"Walsh County, North Dakota",ND,2043,77.06666666666668,high,100.0,100.0,0.0,100.0,100.0,100.0,66.66666666666667,33.333333333333336
13033,"Burke County, Georgia",GA,2044,77.06666666666668,high,100.0,100.0,0.0,100.0,100.0,100.0,66.66666666666667,33.333333333333336
34039,"Union County, New Jersey",NJ,2045,77.06666666666668,high,100.0,100.0,0.0,100.0,100.0,100.0,66.66666666666667,33.333333333333336
47075,"Haywood County, Tennessee",TN,2046,77.06666666666668,high,100.0,100.0,0.0,100.0,100.0,100.0,66.66666666666667,33.333333333333336
49045,"Tooele County, Utah",UT,2047,77.06666666666668,high,100.0,100.0,0.0,100.0,100.0,100.0,66.66666666666667,33.333333333333336
13209,"Montgomery County, Georgia",GA,2048,71.73333333333335,high,66.66666666666667,100.0,0.0,100.0,100.0,100.0,66.66666666666667,33.333333333333336
47095,"Lake County, Tennessee",TN,2049,71.73333333333335,high,66.66666666666667,100.0,0.0,100.0,100.0,100.0,66.66666666666667,33.333333333333336
30085,"Roosevelt County, Montana",MT,2050,68.00000000000001,medium,66.66666666666667,100.0,0.0,100.0,100.0,66.66666666666667,66.66666666666667,33.333333333333336
45091,"York County, South Carolina",SC,2051,77.06666666666668,high,100.0,100.0,0.0,100.0,100.0,100.0,66.66666666666667,33.333333333333336
45029,"Colleton County, South Carolina",SC,2052,77.06666666666668,high,100.0,100.0,0.0,100.0,100.0,100.0,66.66666666666667,33.333333333333336
49051,"Wasatch County, Utah",UT,2053,77.06666666666668,high,100.0,100.0,0.0,100.0,100.0,100.0,66.66666666666667,33.333333333333336
48349,"Navarro County, Texas",TX,2054,77.06666666666668,high,100.0,100.0,0.0,100.0,100.0,100.0,66.66666666666667,33.333333333333336
13111,"Fannin County, Georgia",GA,2055,77.06666666666668,high,100.0,100.0,0.0,100.0,100.0,100.0,66.66666666666667,33.333333333333336
04019,"Pima County, Arizona",AZ,2056,77.06666666666668,high,100.0,100.0,0.0,100.0,100.0,100.0,66.66666666666667,33.333333333333336
19095,"Iowa County, Iowa",IA,2057,77.06666666666668,high,100.0,100.0,0.0,100.0,100.0,100.0,66.66666666666667,33.333333333333336
12001,"Alachua County, Florida",FL,2058,77.06666666666668,high,100.0,100.0,0.0,100.0,100.0,100.0,66.66666666666667,33.333333333333336
27019,"Carver County, Minnesota",MN,2059,77.06666666666668,high,100.0,100.0,0.0,100.0,100.0,100.0,66.66666666666667,33.333333333333336
12127,"Volusia County, Florida",FL,2060,77.06666666666668,high,100.0,100.0,0.0,100.0,100.0,100.0,66.66666666666667,33.333333333333336
13211,"Morgan County, Georgia",GA,2061,77.06666666666668,high,100.0,100.0,0.0,100.0,100.0,100.0,66.66666666666667,33.333333333333336
29103,"Knox County, Missouri",MO,2062,68.00000000000001,medium,66.66666666666667,100.0,0.0,100.0,100.0,66.66666666666667,66.66666666666667,33.333333333333336
23001,"Androscoggin County, Maine",ME,2063,77.06666666666668,high,100.0,100.0,0.0,100.0,100.0,100.0,66.66666666666667,33.333333333333336
29229,"Wright County, Missouri",MO,2064,77.06666666666668,high,100.0,100.0,0.0,100.0,100.0,100.0,66.66666666666667,33.333333333333336
27143,"Sibley County, Minnesota",MN,2065,73.33333333333334,high,100.0,100.0,0.0,100.0,100.0,66.66666666666667,66.66666666666667,33.333333333333336
02016,"Aleutians West Census Area, Alaska",AK,2066,35.46666666666667,low,0.0,100.0,0.0,0.0,100.0,0.0,66.66666666666667,33.333333333333336
45067,"Marion County, South Carolina",SC,2067,77.06666666666668,high,100.0,100.0,0.0,100.0,100.0,100.0,66.66666666666667,33.333333333333336
42109,"Snyder County, Pennsylvania",PA,2068,77.06666666666668,high,100.0,100.0,0.0,100.0,100.0,100.0,66.66666666666667,33.333333333333336
30009,"Carbon County, Montana",MT,2069,77.06666666666668,high,100.0,100.0,0.0,100.0,100.0,100.0,66.66666666666667,33.333333333333336
21041,"Carroll County, Kentucky",KY,2070,77.06666666666668,high,100.0,100.0,0.0,100.0,100.0,100.0,66.66666666666667,33.333333333333336
46087,"McCook County, South Dakota",SD,2071,77.06666666666668,high,100.0,100.0,0.0,100.0,100.0,100.0,66.66666666666667,33.333333333333336
02063,"Chugach Census Area, Alaska",AK,2072,35.46666666666667,low,0.0,100.0,0.0,0.0,66.66666666666667,33.333333333333336,66.66666666666667,33.333333333333336
51107,"Loudoun County, Virginia",VA,2073,72.00000000000001,high,100.0,66.66666666666667,0.0,100.0,100.0,100.0,66.66666666666667,33.333333333333336
30043,"Jefferson County, Montana",MT,2074,73.33333333333334,high,100.0,100.0,0.0,100.0,100.0,66.66666666666667,66.66666666666667,33.333333333333336
13223,"Paulding County, Georgia",GA,2075,77.06666666666668,high,100.0,100.0,0.0,100.0,100.0,100.0,66.66666666666667,33.333333333333336
41021,"Gilliam County, Oregon",OR,2076,64.26666666666667,medium,66.66666666666667,100.0,0.0,100.0,66.66666666666667,66.66666666666667,66.66666666666667,33.333333333333336
08079,"Mineral County, Colorado",CO,2077,64.26666666666667,medium,66.66666666666667,100.0,0.0,100.0,66.66666666666667,66.66666666666667,66.66666666666667,33.333333333333336
10005,"Sussex County, Delaware",DE,2078,77.06666666666668,high,100.0,100.0,0.0,100.0,100.0,100.0,66.66666666666667,33.333333333333336
22057,"Lafourche Parish, Louisiana",LA,2079,73.33333333333334,high,100.0,100.0,0.0,100.0,100.0,66.66666666666667,66.66666666666667,33.333333333333336
55119,"Taylor County, Wisconsin",WI,2080,68.26666666666668,medium,100.0,66.66666666666667,0.0,100.0,100.0,66.66666666666667,66.66666666666667,33.333333333333336
20069,"Gray County, Kansas",KS,2081,68.00000000000001,medium,66.66666666666667,100.0,0.0,100.0,100.0,66.66666666666667,66.66666666666667,33.333333333333336
50007,"Chittenden County, Vermont",VT,2082,77.06666666666668,high,100.0,100.0,0.0,100.0,100.0,100.0,66.66666666666667,33.333333333333336
22015,"Bossier Parish, Louisiana",LA,2083,77.06666666666668,high,100.0,100.0,0.0,100.0,100.0,100.0,66.66666666666667,33.333333333333336
12133,"Washington County, Florida",FL,2084,77.06666666666668,high,100.0,100.0,0.0,100.0,100.0,100.0,66.66666666666667,33.333333333333336
13259,"Stewart County, Georgia",GA,2085,68.00000000000001,medium,66.66666666666667,100.0,0.0,100.0,100.0,66.66666666666667,66.66666666666667,33.333333333333336
30063,"Missoula County, Montana",MT,2086,77.06666666666668,high,100.0,100.0,0.0,100.0,100.0,100.0,66.66666666666667,33.333333333333336
29029,"Camden County, Missouri",MO,2087,77.06666666666668,high,100.0,100.0,0.0,100.0,100.0,100.0,66.66666666666667,33.333333333333336
29119,"McDonald County, Missouri",MO,2088,77.06666666666668,high,100.0,100.0,0.0,100.0,100.0,100.0,66.66666666666667,33.333333333333336
37129,"New Hanover County, North Carolina",NC,2089,77.06666666666668,high,100.0,100.0,0.0,100.0,100.0,100.0,66.66666666666667,33.333333333333336
31163,"Sherman County, Nebraska",NE,2090,71.73333333333335,high,66.66666666666667,100.0,0.0,100.0,100.0,100.0,66.66666666666667,33.333333333333336
38071,"Ramsey County, North Dakota",ND,2091,73.33333333333334,high,100.0,100.0,0.0,100.0,100.0,66.66666666666667,66.66666666666667,33.333333333333336
40107,"Okfuskee County, Oklahoma",OK,2092,68.00000000000001,medium,66.66666666666667,100.0,0.0,100.0,100.0,66.66666666666667,66.66666666666667,33.333333333333336
13151,"Henry County, Georgia",GA,2093,77.06666666666668,high,100.0,100.0,0.0,100.0,100.0,100.0,66.66666666666667,33.333333333333336
41067,"Washington County, Oregon",OR,2094,77.06666666666668,high,100.0,100.0,0.0,100.0,100.0,100.0,66.66666666666667,33.333333333333336
27153,"Todd County, Minnesota",MN,2095,77.06666666666668,high,100.0,100.0,0.0,100.0,100.0,100.0,66.66666666666667,33.333333333333336
46049,"Faulk County, South Dakota",SD,2096,42.93333333333334,medium,0.0,100.0,0.0,0.0,100.0,66.66666666666667,66.66666666666667,33.333333333333336
29045,"Clark County, Missouri",MO,2097,71.73333333333335,high,66.66666666666667,100.0,0.0,100.0,100.0,100.0,66.66666666666667,33.333333333333336
01059,"Franklin County, Alabama",AL,2098,77.06666666666668,high,100.0,100.0,0.0,100.0,100.0,100.0,66.66666666666667,33.333333333333336
30081,"Ravalli County, Montana",MT,2099,77.06666666666668,high,100.0,100.0,0.0,100.0,100.0,100.0,66.66666666666667,33.333333333333336
46037,"Day County, South Dakota",SD,2100,68.00000000000001,medium,66.66666666666667,100.0,0.0,100.0,100.0,66.66666666666667,66.66666666666667,33.333333333333336
56019,"Johnson County, Wyoming",WY,2101,68.26666666666668,medium,100.0,66.66666666666667,0.0,100.0,100.0,66.66666666666667,66.66666666666667,33.333333333333336
13035,"Butts County, Georgia",GA,2102,77.06666666666668,high,100.0,100.0,0.0,100.0,100.0,100.0,66.66666666666667,33.333333333333336
17169,"Schuyler County, Illinois",IL,2103,71.73333333333335,high,66.66666666666667,100.0,0.0,100.0,100.0,100.0,66.66666666666667,33.333333333333336
38025,"Dunn County, North Dakota",ND,2104,73.33333333333334,high,100.0,100.0,0.0,100.0,100.0,66.66666666666667,66.66666666666667,33.333333333333336
31183,"Wheeler County, Nebraska",NE,2105,68.00000000000001,medium,66.66666666666667,100.0,0.0,100.0,100.0,66.66666666666667,66.66666666666667,33.333333333333336
08077,"Mesa County, Colorado",CO,2106,77.06666666666668,high,100.0,100.0,0.0,100.0,100.0,100.0,66.66666666666667,33.333333333333336
31185,"York County, Nebraska",NE,2107,77.06666666666668,high,100.0,100.0,0.0,100.0,100.0,100.0,66.66666666666667,33.333333333333336
31003,"Antelope County, Nebraska",NE,2108,68.00000000000001,medium,66.66666666666667,100.0,0.0,100.0,100.0,66.66666666666667,66.66666666666667,33.333333333333336
12023,"Columbia County, Florida",FL,2109,77.06666666666668,high,100.0,100.0,0.0,100.0,100.0,100.0,66.66666666666667,33.333333333333336
13227,"Pickens County, Georgia",GA,2110,77.06666666666668,high,100.0,100.0,0.0,100.0,100.0,100.0,66.66666666666667,33.333333333333336
35045,"San Juan County, New Mexico",NM,2111,77.06666666666668,high,100.0,100.0,0.0,100.0,100.0,100.0,66.66666666666667,33.333333333333336
30095,"Stillwater County, Montana",MT,2112,77.06666666666668,high,100.0,100.0,0.0,100.0,100.0,100.0,66.66666666666667,33.333333333333336
27087,"Mahnomen County, Minnesota",MN,2113,68.00000000000001,medium,66.66666666666667,100.0,0.0,100.0,100.0,66.66666666666667,66.66666666666667,33.333333333333336
01019,"Cherokee County, Alabama",AL,2114,77.06666666666668,high,100.0,100.0,0.0,100.0,100.0,100.0,66.66666666666667,33.333333333333336
45081,"Saluda County, South Carolina",SC,2115,77.06666666666668,high,100.0,100.0,0.0,100.0,100.0,100.0,66.66666666666667,33.333333333333336
08017,"Cheyenne County, Colorado",CO,2116,68.00000000000001,medium,66.66666666666667,100.0,0.0,100.0,100.0,66.66666666666667,66.66666666666667,33.333333333333336
36119,"Westchester County, New York",NY,2117,77.06666666666668,high,100.0,100.0,0.0,100.0,100.0,100.0,66.66666666666667,33.333333333333336
46027,"Clay County, South Dakota",SD,2118,77.06666666666668,high,100.0,100.0,0.0,100.0,100.0,100.0,66.66666666666667,33.333333333333336
48153,"Floyd County, Texas",TX,2119,68.00000000000001,medium,66.66666666666667,100.0,0.0,100.0,100.0,66.66666666666667,66.66666666666667,33.333333333333336
47041,"DeKalb County, Tennessee",TN,2120,77.06666666666668,high,100.0,100.0,0.0,100.0,100.0,100.0,66.66666666666667,33.333333333333336
40151,"Woods County, Oklahoma",OK,2121,73.33333333333334,high,100.0,100.0,0.0,100.0,100.0,66.66666666666667,66.66666666666667,33.333333333333336
27065,"Kanabec County, Minnesota",MN,2122,73.33333333333334,high,100.0,100.0,0.0,100.0,100.0,66.66666666666667,66.66666666666667,33.333333333333336
45021,"Cherokee County, South Carolina",SC,2123,77.06666666666668,high,100.0,100.0,0.0,100.0,100.0,100.0,66.66666666666667,33.333333333333336
08007,"Archuleta County, Colorado",CO,2124,77.06666666666668,high,100.0,100.0,0.0,100.0,100.0,100.0,66.66666666666667,33.333333333333336
42119,"Union County, Pennsylvania",PA,2125,77.06666666666668,high,100.0,100.0,0.0,100.0,100.0,100.0,66.66666666666667,33.333333333333336
51013,"Arlington County, Virginia",VA,2126,77.06666666666668,high,100.0,100.0,0.0,100.0,100.0,100.0,66.66666666666667,33.333333333333336
27025,"Chisago County, Minnesota",MN,2127,77.06666666666668,high,100.0,100.0,0.0,100.0,100.0,100.0,66.66666666666667,33.333333333333336
48339,"Montgomery County, Texas",TX,2128,77.06666666666668,high,100.0,100.0,0.0,100.0,100.0,100.0,66.66666666666667,33.333333333333336
36047,"Kings County, New York",NY,2129,73.33333333333334,high,100.0,100.0,0.0,100.0,100.0,66.66666666666667,66.66666666666667,33.333333333333336
21053,"Clinton County, Kentucky",KY,2130,71.73333333333335,high,66.66666666666667,100.0,0.0,100.0,100.0,100.0,66.66666666666667,33.333333333333336
38017,"Cass County, North Dakota",ND,2131,77.06666666666668,high,100.0,100.0,0.0,100.0,100.0,100.0,66.66666666666667,33.333333333333336
22115,"Vernon Parish, Louisiana",LA,2132,77.06666666666668,high,100.0,100.0,0.0,100.0,100.0,100.0,66.66666666666667,33.333333333333336
01079,"Lawrence County, Alabama",AL,2133,77.06666666666668,high,100.0,100.0,0.0,100.0,100.0,100.0,66.66666666666667,33.333333333333336
50025,"Windham County, Vermont",VT,2134,77.06666666666668,high,100.0,100.0,0.0,100.0,100.0,100.0,66.66666666666667,33.333333333333336
56039,"Teton County, Wyoming",WY,2135,66.66666666666667,medium,66.66666666666667,66.66666666666667,0.0,100.0,100.0,100.0,66.66666666666667,33.333333333333336
47159,"Smith County, Tennessee",TN,2136,77.06666666666668,high,100.0,100.0,0.0,100.0,100.0,100.0,66.66666666666667,33.333333333333336
21237,"Wolfe County, Kentucky",KY,2137,64.26666666666667,medium,66.66666666666667,100.0,0.0,100.0,66.66666666666667,66.66666666666667,66.66666666666667,33.333333333333336
48143,"Erath County, Texas",TX,2138,77.06666666666668,high,100.0,100.0,0.0,100.0,100.0,100.0,66.66666666666667,33.333333333333336
35001,"Bernalillo County, New Mexico",NM,2139,77.06666666666668,high,100.0,100.0,0.0,100.0,100.0,100.0,66.66666666666667,33.333333333333336
35061,"Valencia County, New Mexico",NM,2140,77.06666666666668,high,100.0,100.0,0.0,100.0,100.0,100.0,66.66666666666667,33.333333333333336
29043,"Christian County, Missouri",MO,2141,77.06666666666668,high,100.0,100.0,0.0,100.0,100.0,100.0,66.66666666666667,33.333333333333336
53051,"Pend Oreille County, Washington",WA,2142,68.26666666666668,medium,100.0,66.66666666666667,0.0,100.0,100.0,66.66666666666667,66.66666666666667,33.333333333333336
22101,"St. Mary Parish, Louisiana",LA,2143,77.06666666666668,high,100.0,100.0,0.0,100.0,100.0,100.0,66.66666666666667,33.333333333333336
06019,"Fresno County, California",CA,2144,77.06666666666668,high,100.0,100.0,0.0,100.0,100.0,100.0,66.66666666666667,33.333333333333336
13135,"Gwinnett County, Georgia",GA,2145,77.06666666666668,high,100.0,100.0,0.0,100.0,100.0,100.0,66.66666666666667,33.333333333333336
08025,"Crowley County, Colorado",CO,2146,73.33333333333334,high,100.0,100.0,0.0,100.0,100.0,66.66666666666667,66.66666666666667,33.333333333333336
12085,"Martin County, Florida",FL,2147,77.06666666666668,high,100.0,100.0,0.0,100.0,100.0,100.0,66.66666666666667,33.333333333333336
41001,"Baker County, Oregon",OR,2148,73.33333333333334,high,100.0,100.0,0.0,100.0,100.0,66.66666666666667,66.66666666666667,33.333333333333336
02185,"North Slope Borough, Alaska",AK,2149,68.00000000000001,medium,66.66666666666667,100.0,0.0,100.0,100.0,66.66666666666667,66.66666666666667,33.333333333333336
20071,"Greeley County, Kansas",KS,2150,68.00000000000001,medium,66.66666666666667,100.0,0.0,100.0,100.0,66.66666666666667,66.66666666666667,33.333333333333336
29213,"Taney County, Missouri",MO,2151,77.06666666666668,high,100.0,100.0,0.0,100.0,100.0,100.0,66.66666666666667,33.333333333333336
40097,"Mayes County, Oklahoma",OK,2152,77.06666666666668,high,100.0,100.0,0.0,100.0,100.0,100.0,66.66666666666667,33.333333333333336
46051,"Grant County, South Dakota",SD,2153,77.06666666666668,high,100.0,100.0,0.0,100.0,100.0,100.0,66.66666666666667,33.333333333333336
44005,"Newport County, Rhode Island",RI,2154,77.06666666666668,high,100.0,100.0,0.0,100.0,100.0,100.0,66.66666666666667,33.333333333333336
41049,"Morrow County, Oregon",OR,2155,77.06666666666668,high,100.0,100.0,0.0,100.0,100.0,100.0,66.66666666666667,33.333333333333336
38091,"Steele County, North Dakota",ND,2156,42.93333333333334,medium,0.0,100.0,0.0,0.0,100.0,66.66666666666667,66.66666666666667,33.333333333333336
12083,"Marion County, Florida",FL,2157,77.06666666666668,high,100.0,100.0,0.0,100.0,100.0,100.0,66.66666666666667,33.333333333333336
31031,"Cherry County, Nebraska",NE,2158,73.33333333333334,high,100.0,100.0,0.0,100.0,100.0,66.66666666666667,66.66666666666667,33.333333333333336
20131,"Nemaha County, Kansas",KS,2159,73.33333333333334,high,100.0,100.0,0.0,100.0,100.0,66.66666666666667,66.66666666666667,33.333333333333336
49027,"Millard County, Utah",UT,2160,73.33333333333334,high,100.0,100.0,0.0,100.0,100.0,66.66666666666667,66.66666666666667,33.333333333333336
13057,"Cherokee County, Georgia",GA,2161,77.06666666666668,high,100.0,100.0,0.0,100.0,100.0,100.0,66.66666666666667,33.333333333333336
28149,"Warren County, Mississippi",MS,2162,77.06666666666668,high,100.0,100.0,0.0,100.0,100.0,100.0,66.66666666666667,33.333333333333336
41017,"Deschutes County, Oregon",OR,2163,77.06666666666668,high,100.0,100.0,0.0,100.0,100.0,100.0,66.66666666666667,33.333333333333336
02130,"Ketchikan Gateway Borough, Alaska",AK,2164,65.86666666666667,medium,100.0,100.0,0.0,100.0,66.66666666666667,33.333333333333336,66.66666666666667,33.333333333333336
19191,"Winneshiek County, Iowa",IA,2165,73.33333333333334,high,100.0,100.0,0.0,100.0,100.0,66.66666666666667,66.66666666666667,33.333333333333336
06051,"Mono County, California",CA,2166,77.06666666666668,high,100.0,100.0,0.0,100.0,100.0,100.0,66.66666666666667,33.333333333333336
51057,"Essex County, Virginia",VA,2167,77.06666666666668,high,100.0,100.0,0.0,100.0,100.0,100.0,66.66666666666667,33.333333333333336
28079,"Leake County, Mississippi",MS,2168,77.06666666666668,high,100.0,100.0,0.0,100.0,100.0,100.0,66.66666666666667,33.333333333333336
37101,"Johnston County, North Carolina",NC,2169,77.06666666666668,high,100.0,100.0,0.0,100.0,100.0,100.0,66.66666666666667,33.333333333333336
46089,"McPherson County, South Dakota",SD,2170,42.93333333333334,medium,0.0,100.0,0.0,0.0,100.0,66.66666666666667,66.66666666666667,33.333333333333336
50005,"Caledonia County, Vermont",VT,2171,73.33333333333334,high,100.0,100.0,0.0,100.0,100.0,66.66666666666667,66.66666666666667,33.333333333333336
47177,"Warren County, Tennessee",TN,2172,77.06666666666668,high,100.0,100.0,0.0,100.0,100.0,100.0,66.66666666666667,33.333333333333336
13063,"Clayton County, Georgia",GA,2173,77.06666666666668,high,100.0,100.0,0.0,100.0,100.0,100.0,66.66666666666667,33.333333333333336
16019,"Bonneville County, Idaho",ID,2174,73.33333333333334,high,100.0,100.0,0.0,100.0,100.0,66.66666666666667,66.66666666666667,33.333333333333336
23031,"York County, Maine",ME,2175,73.33333333333334,high,100.0,100.0,0.0,100.0,100.0,66.66666666666667,66.66666666666667,33.333333333333336
19181,"Warren County, Iowa",IA,2176,77.06666666666668,high,100.0,100.0,0.0,100.0,100.0,100.0,66.66666666666667,33.333333333333336
48271,"Kinney County, Texas",TX,2177,68.00000000000001,medium,66.66666666666667,100.0,0.0,100.0,100.0,66.66666666666667,66.66666666666667,33.333333333333336
02275,"Wrangell City and Borough, Alaska",AK,2178,55.2,medium,33.333333333333336,100.0,0.0,100.0,66.66666666666667,33.333333333333336,66.66666666666667,33.333333333333336
47147,"Robertson County, Tennessee",TN,2179,77.06666666666668,high,100.0,100.0,0.0,100.0,100.0,100.0,66.66666666666667,33.333333333333336
46017,"Buffalo County, South Dakota",SD,2180,36.0,low,0.0,100.0,0.0,0.0,66.66666666666667,66.66666666666667,66.66666666666667,0.0
06039,"Madera County, California",CA,2181,77.06666666666668,high,100.0,100.0,0.0,100.0,100.0,100.0,66.66666666666667,33.333333333333336
54059,"Mingo County, West Virginia",WV,2182,66.66666666666667,medium,66.66666666666667,66.66666666666667,0.0,100.0,100.0,100.0,66.66666666666667,33.333333333333336
24033,"Prince George's County, Maryland",MD,2183,73.33333333333334,high,100.0,100.0,0.0,100.0,66.66666666666667,100.0,66.66666666666667,33.333333333333336
30023,"Deer Lodge County, Montana",MT,2184,73.33333333333334,high,100.0,100.0,0.0,100.0,100.0,66.66666666666667,66.66666666666667,33.333333333333336
06115,"Yuba County, California",CA,2185,77.06666666666668,high,100.0,100.0,0.0,100.0,100.0,100.0,66.66666666666667,33.333333333333336
39075,"Holmes County, Ohio",OH,2186,77.06666666666668,high,100.0,100.0,0.0,100.0,100.0,100.0,66.66666666666667,33.333333333333336
13077,"Coweta County, Georgia",GA,2187,77.06666666666668,high,100.0,100.0,0.0,100.0,100.0,100.0,66.66666666666667,33.333333333333336
48157,"Fort Bend County, Texas",TX,2188,77.06666666666668,high,100.0,100.0,0.0,100.0,100.0,100.0,66.66666666666667,33.333333333333336
29225,"Webster County, Missouri",MO,2189,77.06666666666668,high,100.0,100.0,0.0,100.0,100.0,100.0,66.66666666666667,33.333333333333336
31039,"Cuming County, Nebraska",NE,2190,73.33333333333334,high,100.0,100.0,0.0,100.0,100.0,66.66666666666667,66.66666666666667,33.333333333333336
48423,"Smith County, Texas",TX,2191,77.06666666666668,high,100.0,100.0,0.0,100.0,100.0,100.0,66.66666666666667,33.333333333333336
37135,"Orange County, North Carolina",NC,2192,77.06666666666668,high,100.0,100.0,0.0,100.0,100.0,100.0,66.66666666666667,33.333333333333336
45035,"Dorchester County, South Carolina",SC,2193,77.06666666666668,high,100.0,100.0,0.0,100.0,100.0,100.0,66.66666666666667,33.333333333333336
48199,"Hardin County, Texas",TX,2194,77.06666666666668,high,100.0,100.0,0.0,100.0,100.0,100.0,66.66666666666667,33.333333333333336
13061,"Clay County, Georgia",GA,2195,68.00000000000001,medium,66.66666666666667,100.0,0.0,100.0,100.0,66.66666666666667,66.66666666666667,33.333333333333336
28053,"Humphreys County, Mississippi",MS,2196,71.73333333333335,high,66.66666666666667,100.0,0.0,100.0,100.0,100.0,66.66666666666667,33.333333333333336
12091,"Okaloosa County, Florida",FL,2197,77.06666666666668,high,100.0,100.0,0.0,100.0,100.0,100.0,66.66666666666667,33.333333333333336
53059,"Skamania County, Washington",WA,2198,68.26666666666668,medium,100.0,66.66666666666667,0.0,100.0,100.0,66.66666666666667,66.66666666666667,33.333333333333336
48253,"Jones County, Texas",TX,2199,77.06666666666668,high,100.0,100.0,0.0,100.0,100.0,100.0,66.66666666666667,33.333333333333336
31041,"Custer County, Nebraska",NE,2200,73.33333333333334,high,100.0,100.0,0.0,100.0,100.0,66.66666666666667,66.66666666666667,33.333333333333336
17065,"Hamilton County, Illinois",IL,2201,69.60000000000001,medium,100.0,100.0,0.0,100.0,66.66666666666667,66.66666666666667,66.66666666666667,33.333333333333336
38057,"Mercer County, North Dakota",ND,2202,77.06666666666668,high,100.0,100.0,0.0,100.0,100.0,100.0,66.66666666666667,33.333333333333336
41009,"Columbia County, Oregon",OR,2203,77.06666666666668,high,100.0,100.0,0.0,100.0,100.0,100.0,66.66666666666667,33.333333333333336
38053,"McKenzie County, North Dakota",ND,2204,77.06666666666668,high,100.0,100.0,0.0,100.0,100.0,100.0,66.66666666666667,33.333333333333336
22025,"Catahoula Parish, Louisiana",LA,2205,68.00000000000001,medium,66.66666666666667,100.0,0.0,100.0,100.0,66.66666666666667,66.66666666666667,33.333333333333336
56035,"Sublette County, Wyoming",WY,2206,68.26666666666668,medium,100.0,66.66666666666667,0.0,100.0,100.0,66.66666666666667,66.66666666666667,33.333333333333336
40139,"Texas County, Oklahoma",OK,2207,77.06666666666668,high,100.0,100.0,0.0,100.0,100.0,100.0,66.66666666666667,33.333333333333336
48437,"Swisher County, Texas",TX,2208,73.33333333333334,high,100.0,100.0,0.0,100.0,100.0,66.66666666666667,66.66666666666667,33.333333333333336
47047,"Fayette County, Tennessee",TN,2209,77.06666666666668,high,100.0,100.0,0.0,100.0,100.0,100.0,66.66666666666667,33.333333333333336
30069,"Petroleum County, Montana",MT,2210,68.00000000000001,medium,66.66666666666667,100.0,0.0,100.0,66.66666666666667,100.0,66.66666666666667,33.333333333333336
48049,"Brown County, Texas",TX,2211,77.06666666666668,high,100.0,100.0,0.0,100.0,100.0,100.0,66.66666666666667,33.333333333333336
50023,"Washington County, Vermont",VT,2212,77.06666666666668,high,100.0,100.0,0.0,100.0,100.0,100.0,66.66666666666667,33.333333333333336
12017,"Citrus County, Florida",FL,2213,77.06666666666668,high,100.0,100.0,0.0,100.0,100.0,100.0,66.66666666666667,33.333333333333336
35025,"Lea County, New Mexico",NM,2214,77.06666666666668,high,100.0,100.0,0.0,100.0,100.0,100.0,66.66666666666667,33.333333333333336
53007,"Chelan County, Washington",WA,2215,68.26666666666668,medium,100.0,66.66666666666667,0.0,100.0,100.0,66.66666666666667,66.66666666666667,33.333333333333336
51147,"Prince Edward County, Virginia",VA,2216,72.00000000000001,high,100.0,66.66666666666667,0.0,100.0,100.0,100.0,66.66666666666667,33.333333333333336
36087,"Rockland County, New York",NY,2217,77.06666666666668,high,100.0,100.0,0.0,100.0,100.0,100.0,66.66666666666667,33.333333333333336
17001,"Adams County, Illinois",IL,2218,77.06666666666668,high,100.0,100.0,0.0,100.0,100.0,100.0,66.66666666666667,33.333333333333336
31093,"Howard County, Nebraska",NE,2219,77.06666666666668,high,100.0,100.0,0.0,100.0,100.0,100.0,66.66666666666667,33.333333333333336
30001,"Beaverhead County, Montana",MT,2220,73.33333333333334,high,100.0,100.0,0.0,100.0,100.0,66.66666666666667,66.66666666666667,33.333333333333336
41003,"Benton County, Oregon",OR,2221,77.06666666666668,high,100.0,100.0,0.0,100.0,100.0,100.0,66.66666666666667,33.333333333333336
27135,"Roseau County, Minnesota",MN,2222,77.06666666666668,high,100.0,100.0,0.0,100.0,100.0,100.0,66.66666666666667,33.333333333333336
27105,"Nobles County, Minnesota",MN,2223,77.06666666666668,high,100.0,100.0,0.0,100.0,100.0,100.0,66.66666666666667,33.333333333333336
27059,"Isanti County, Minnesota",MN,2224,77.06666666666668,high,100.0,100.0,0.0,100.0,100.0,100.0,66.66666666666667,33.333333333333336
41071,"Yamhill County, Oregon",OR,2225,73.33333333333334,high,100.0,100.0,0.0,100.0,66.66666666666667,100.0,66.66666666666667,33.333333333333336
54047,"McDowell County, West Virginia",WV,2226,66.66666666666667,medium,66.66666666666667,66.66666666666667,0.0,100.0,100.0,100.0,66.66666666666667,33.333333333333336
19049,"Dallas County, Iowa",IA,2227,77.06666666666668,high,100.0,100.0,0.0,100.0,100.0,100.0,66.66666666666667,33.333333333333336
16039,"Elmore County, Idaho",ID,2228,73.33333333333334,high,100.0,100.0,0.0,100.0,100.0,66.66666666666667,66.66666666666667,33.333333333333336
49057,"Weber County, Utah",UT,2229,77.06666666666668,high,100.0,100.0,0.0,100.0,100.0,100.0,66.66666666666667,33.333333333333336
48321,"Matagorda County, Texas",TX,2230,77.06666666666668,high,100.0,100.0,0.0,100.0,100.0,100.0,66.66666666666667,33.333333333333336
12099,"Palm Beach County, Florida",FL,2231,77.06666666666668,high,100.0,100.0,0.0,100.0,100.0,100.0,66.66666666666667,33.333333333333336
08043,"Fremont County, Colorado",CO,2232,77.06666666666668,high,100.0,100.0,0.0,100.0,100.0,100.0,66.66666666666667,33.333333333333336
17131,"Mercer County, Illinois",IL,2233,77.06666666666668,high,100.0,100.0,0.0,100.0,100.0,100.0,66.66666666666667,33.333333333333336
20055,"Finney County, Kansas",KS,2234,73.33333333333334,high,100.0,100.0,0.0,100.0,100.0,66.66666666666667,66.66666666666667,33.333333333333336
38049,"McHenry County, North Dakota",ND,2235,71.73333333333335,high,66.66666666666667,100.0,0.0,100.0,100.0,100.0,66.66666666666667,33.333333333333336
21235,"Whitley County, Kentucky",KY,2236,77.06666666666668,high,100.0,100.0,0.0,100.0,100.0,100.0,66.66666666666667,33.333333333333336
48361,"Orange County, Texas",TX,2237,73.33333333333334,high,100.0,100.0,0.0,100.0,100.0,66.66666666666667,66.66666666666667,33.333333333333336
22021,"Caldwell Parish, Louisiana",LA,2238,77.06666666666668,high,100.0,100.0,0.0,100.0,100.0,100.0,66.66666666666667,33.333333333333336
41039,"Lane County, Oregon",OR,2239,77.06666666666668,high,100.0,100.0,0.0,100.0,100.0,100.0,66.66666666666667,33.333333333333336
19087,"Henry County, Iowa",IA,2240,73.33333333333334,high,100.0,100.0,0.0,100.0,100.0,66.66666666666667,66.66666666666667,33.333333333333336
19077,"Guthrie County, Iowa",IA,2241,77.06666666666668,high,100.0,100.0,0.0,100.0,100.0,100.0,66.66666666666667,33.333333333333336
38073,"Ransom County, North Dakota",ND,2242,77.06666666666668,high,100.0,100.0,0.0,100.0,100.0,100.0,66.66666666666667,33.333333333333336
01029,"Cleburne County, Alabama",AL,2243,77.06666666666668,high,100.0,100.0,0.0,100.0,100.0,100.0,66.66666666666667,33.333333333333336
16017,"Bonner County, Idaho",ID,2244,77.06666666666668,high,100.0,100.0,0.0,100.0,100.0,100.0,66.66666666666667,33.333333333333336
16007,"Bear Lake County, Idaho",ID,2245,73.33333333333334,high,100.0,100.0,0.0,100.0,100.0,66.66666666666667,66.66666666666667,33.333333333333336
30003,"Big Horn County, Montana",MT,2246,68.00000000000001,medium,66.66666666666667,100.0,0.0,100.0,100.0,66.66666666666667,66.66666666666667,33.333333333333336
27149,"Stevens County, Minnesota",MN,2247,73.33333333333334,high,100.0,100.0,0.0,100.0,100.0,66.66666666666667,66.66666666666667,33.333333333333336
48079,"Cochran County, Texas",TX,2248,62.66666666666666,medium,33.333333333333336,100.0,0.0,100.0,100.0,66.66666666666667,66.66666666666667,33.333333333333336
35051,"Sierra County, New Mexico",NM,2249,69.60000000000001,medium,100.0,100.0,0.0,100.0,66.66666666666667,66.66666666666667,66.66666666666667,33.333333333333336
21229,"Washington County, Kentucky",KY,2250,77.06666666666668,high,100.0,100.0,0.0,100.0,100.0,100.0,66.66666666666667,33.333333333333336
02060,"Bristol Bay Borough, Alaska",AK,2251,35.46666666666667,low,0.0,100.0,0.0,0.0,66.66666666666667,33.333333333333336,66.66666666666667,33.333333333333336
51510,"Alexandria city, Virginia",VA,2252,68.26666666666668,medium,100.0,66.66666666666667,0.0,100.0,100.0,66.66666666666667,66.66666666666667,33.333333333333336
22073,"Ouachita Parish, Louisiana",LA,2253,77.06666666666668,high,100.0,100.0,0.0,100.0,100.0,100.0,66.66666666666667,33.333333333333336
45071,"Newberry County, South Carolina",SC,2254,77.06666666666668,high,100.0,100.0,0.0,100.0,100.0,100.0,66.66666666666667,33.333333333333336
19051,"Davis County, Iowa",IA,2255,73.33333333333334,high,100.0,100.0,0.0,100.0,100.0,66.66666666666667,66.66666666666667,33.333333333333336
31049,"Deuel County, Nebraska",NE,2256,68.00000000000001,medium,66.66666666666667,100.0,0.0,100.0,100.0,66.66666666666667,66.66666666666667,33.333333333333336
31167,"Stanton County, Nebraska",NE,2257,77.06666666666668,high,100.0,100.0,0.0,100.0,100.0,100.0,66.66666666666667,33.333333333333336
46035,"Davison County, South Dakota",SD,2258,77.06666666666668,high,100.0,100.0,0.0,100.0,100.0,100.0,66.66666666666667,33.333333333333336
22063,"Livingston Parish, Louisiana",LA,2259,77.06666666666668,high,100.0,100.0,0.0,100.0,100.0,100.0,66.66666666666667,33.333333333333336
27139,"Scott County, Minnesota",MN,2260,77.06666666666668,high,100.0,100.0,0.0,100.0,100.0,100.0,66.66666666666667,33.333333333333336
46099,"Minnehaha County, South Dakota",SD,2261,77.06666666666668,high,100.0,100.0,0.0,100.0,100.0,100.0,66.66666666666667,33.333333333333336
28161,"Yalobusha County, Mississippi",MS,2262,77.06666666666668,high,100.0,100.0,0.0,100.0,100.0,100.0,66.66666666666667,33.333333333333336
17153,"Pulaski County, Illinois",IL,2263,68.00000000000001,medium,66.66666666666667,100.0,0.0,100.0,100.0,66.66666666666667,66.66666666666667,33.333333333333336
53011,"Clark County, Washington",WA,2264,72.00000000000001,high,100.0,66.66666666666667,0.0,100.0,100.0,100.0,66.66666666666667,33.333333333333336
45049,"Hampton County, South Carolina",SC,2265,77.06666666666668,high,100.0,100.0,0.0,100.0,100.0,100.0,66.66666666666667,33.333333333333336
28163,"Yazoo County, Mississippi",MS,2266,77.06666666666668,high,100.0,100.0,0.0,100.0,100.0,100.0,66.66666666666667,33.333333333333336
47141,"Putnam County, Tennessee",TN,2267,77.06666666666668,high,100.0,100.0,0.0,100.0,100.0,100.0,66.66666666666667,33.333333333333336
48507,"Zavala County, Texas",TX,2268,68.00000000000001,medium,66.66666666666667,100.0,0.0,100.0,100.0,66.66666666666667,66.66666666666667,33.333333333333336
46053,"Gregory County, South Dakota",SD,2269,42.93333333333334,medium,0.0,100.0,0.0,0.0,100.0,66.66666666666667,66.66666666666667,33.333333333333336
45023,"Chester County, South Carolina",SC,2270,77.06666666666668,high,100.0,100.0,0.0,100.0,100.0,100.0,66.66666666666667,33.333333333333336
25007,"Dukes County, Massachusetts",MA,2271,77.06666666666668,high,100.0,100.0,0.0,100.0,100.0,100.0,66.66666666666667,33.333333333333336
04027,"Yuma County, Arizona",AZ,2272,77.06666666666668,high,100.0,100.0,0.0,100.0,100.0,100.0,66.66666666666667,33.333333333333336
28039,"George County, Mississippi",MS,2273,77.06666666666668,high,100.0,100.0,0.0,100.0,100.0,100.0,66.66666666666667,33.333333333333336
12095,"Orange County, Florida",FL,2274,77.06666666666668,high,100.0,100.0,0.0,100.0,100.0,100.0,66.66666666666667,33.333333333333336
28065,"Jefferson Davis County, Mississippi",MS,2275,71.73333333333335,high,66.66666666666667,100.0,0.0,100.0,100.0,100.0,66.66666666666667,33.333333333333336
27113,"Pennington County, Minnesota",MN,2276,73.33333333333334,high,100.0,100.0,0.0,100.0,100.0,66.66666666666667,66.66666666666667,33.333333333333336
53047,"Okanogan County, Washington",WA,2277,68.26666666666668,medium,100.0,66.66666666666667,0.0,100.0,100.0,66.66666666666667,66.66666666666667,33.333333333333336
21221,"Trigg County, Kentucky",KY,2278,77.06666666666668,high,100.0,100.0,0.0,100.0,100.0,100.0,66.66666666666667,33.333333333333336
49053,"Washington County, Utah",UT,2279,77.06666666666668,high,100.0,100.0,0.0,100.0,100.0,100.0,66.66666666666667,33.333333333333336
47037,"Davidson County, Tennessee",TN,2280,77.06666666666668,high,100.0,100.0,0.0,100.0,100.0,100.0,66.66666666666667,33.333333333333336
28137,"Tate County, Mississippi",MS,2281,77.06666666666668,high,100.0,100.0,0.0,100.0,100.0,100.0,66.66666666666667,33.333333333333336
38081,"Sargent County, North Dakota",ND,2282,73.33333333333334,high,100.0,100.0,0.0,100.0,100.0,66.66666666666667,66.66666666666667,33.333333333333336
22059,"LaSalle Parish, Louisiana",LA,2283,73.33333333333334,high,100.0,100.0,0.0,100.0,100.0,66.66666666666667,66.66666666666667,33.333333333333336
31009,"Blaine County, Nebraska",NE,2284,39.2,low,0.0,100.0,0.0,0.0,66.66666666666667,66.66666666666667,66.66666666666667,33.333333333333336
48401,"Rusk County, Texas",TX,2285,77.06666666666668,high,100.0,100.0,0.0,100.0,100.0,100.0,66.66666666666667,33.333333333333336
38063,"Nelson County, North Dakota",ND,2286,68.00000000000001,medium,66.66666666666667,100.0,0.0,100.0,100.0,66.66666666666667,66.66666666666667,33.333333333333336
47117,"Marshall County, Tennessee",TN,2287,77.06666666666668,high,100.0,100.0,0.0,100.0,100.0,100.0,66.66666666666667,33.333333333333336
42093,"Montour County, Pennsylvania",PA,2288,77.06666666666668,high,100.0,100.0,0.0,100.0,100.0,100.0,66.66666666666667,33.333333333333336
27035,"Crow Wing County, Minnesota",MN,2289,77.06666666666668,high,100.0,100.0,0.0,100.0,100.0,100.0,66.66666666666667,33.333333333333336
35019,"Guadalupe County, New Mexico",NM,2290,39.2,low,0.0,100.0,0.0,0.0,66.66666666666667,66.66666666666667,66.66666666666667,33.333333333333336
53057,"Skagit County, Washington",WA,2291,68.26666666666668,medium,100.0,66.66666666666667,0.0,100.0,100.0,66.66666666666667,66.66666666666667,33.333333333333336
46043,"Douglas County, South Dakota",SD,2292,42.93333333333334,medium,0.0,100.0,0.0,0.0,100.0,66.66666666666667,66.66666666666667,33.333333333333336
48115,"Dawson County, Texas",TX,2293,77.06666666666668,high,100.0,100.0,0.0,100.0,100.0,100.0,66.66666666666667,33.333333333333336
48495,"Winkler County, Texas",TX,2294,68.00000000000001,medium,66.66666666666667,100.0,0.0,100.0,100.0,66.66666666666667,66.66666666666667,33.333333333333336
41019,"Douglas County, Oregon",OR,2295,77.06666666666668,high,100.0,100.0,0.0,100.0,100.0,100.0,66.66666666666667,33.333333333333336
53013,"Columbia County, Washington",WA,2296,68.26666666666668,medium,100.0,66.66666666666667,0.0,100.0,100.0,66.66666666666667,66.66666666666667,33.333333333333336
48181,"Grayson County, Texas",TX,2297,77.06666666666668,high,100.0,100.0,0.0,100.0,100.0,100.0,66.66666666666667,33.333333333333336
30011,"Carter County, Montana",MT,2298,68.00000000000001,medium,66.66666666666667,100.0,0.0,100.0,100.0,66.66666666666667,66.66666666666667,33.333333333333336
12079,"Madison County, Florida",FL,2299,77.06666666666668,high,100.0,100.0,0.0,100.0,100.0,100.0,66.66666666666667,33.333333333333336
12086,"Miami-Dade County, Florida",FL,2300,77.06666666666668,high,100.0,100.0,0.0,100.0,100.0,100.0,66.66666666666667,33.333333333333336
45025,"Chesterfield County, South Carolina",SC,2301,77.06666666666668,high,100.0,100.0,0.0,100.0,100.0,100.0,66.66666666666667,33.333333333333336
48311,"McMullen County, Texas",TX,2302,39.2,low,0.0,100.0,0.0,0.0,66.66666666666667,66.66666666666667,66.66666666666667,33.333333333333336
08091,"Ouray County, Colorado",CO,2303,73.33333333333334,high,100.0,100.0,0.0,100.0,100.0,66.66666666666667,66.66666666666667,33.333333333333336
19097,"Jackson County, Iowa",IA,2304,77.06666666666668,high,100.0,100.0,0.0,100.0,100.0,100.0,66.66666666666667,33.333333333333336
16085,"Valley County, Idaho",ID,2305,77.06666666666668,high,100.0,100.0,0.0,100.0,100.0,100.0,66.66666666666667,33.333333333333336
25001,"Barnstable County, Massachusetts",MA,2306,77.06666666666668,high,100.0,100.0,0.0,100.0,100.0,100.0,66.66666666666667,33.333333333333336
20153,"Rawlins County, Kansas",KS,2307,68.00000000000001,medium,66.66666666666667,100.0,0.0,100.0,100.0,66.66666666666667,66.66666666666667,33.333333333333336
27095,"Mille Lacs County, Minnesota",MN,2308,77.06666666666668,high,100.0,100.0,0.0,100.0,100.0,100.0,66.66666666666667,33.333333333333336
16057,"Latah County, Idaho",ID,2309,73.33333333333334,high,100.0,100.0,0.0,100.0,100.0,66.66666666666667,66.66666666666667,33.333333333333336
38007,"Billings County, North Dakota",ND,2310,42.93333333333334,medium,0.0,100.0,0.0,0.0,100.0,66.66666666666667,66.66666666666667,33.333333333333336
08029,"Delta County, Colorado",CO,2311,77.06666666666668,high,100.0,100.0,0.0,100.0,100.0,100.0,66.66666666666667,33.333333333333336
50013,"Grand Isle County, Vermont",VT,2312,73.33333333333334,high,100.0,100.0,0.0,100.0,100.0,66.66666666666667,66.66666666666667,33.333333333333336
13117,"Forsyth County, Georgia",GA,2313,77.06666666666668,high,100.0,100.0,0.0,100.0,100.0,100.0,66.66666666666667,33.333333333333336
31063,"Frontier County, Nebraska",NE,2314,68.00000000000001,medium,66.66666666666667,100.0,0.0,100.0,100.0,66.66666666666667,66.66666666666667,33.333333333333336
48167,"Galveston County, Texas",TX,2315,77.06666666666668,high,100.0,100.0,0.0,100.0,100.0,100.0,66.66666666666667,33.333333333333336
48097,"Cooke County, Texas",TX,2316,77.06666666666668,high,100.0,100.0,0.0,100.0,100.0,100.0,66.66666666666667,33.333333333333336
30061,"Mineral County, Montana",MT,2317,73.33333333333334,high,100.0,100.0,0.0,100.0,100.0,66.66666666666667,66.66666666666667,33.333333333333336
45027,"Clarendon County, South Carolina",SC,2318,77.06666666666668,high,100.0,100.0,0.0,100.0,100.0,100.0,66.66666666666667,33.333333333333336
31105,"Kimball County, Nebraska",NE,2319,73.33333333333334,high,100.0,100.0,0.0,100.0,100.0,66.66666666666667,66.66666666666667,33.333333333333336
30097,"Sweet Grass County, Montana",MT,2320,71.73333333333335,high,66.66666666666667,100.0,0.0,100.0,100.0,100.0,66.66666666666667,33.333333333333336
08119,"Teller County, Colorado",CO,2321,77.06666666666668,high,100.0,100.0,0.0,100.0,100.0,100.0,66.66666666666667,33.333333333333336
05077,"Lee County, Arkansas",AR,2322,68.00000000000001,medium,66.66666666666667,100.0,0.0,100.0,100.0,66.66666666666667,66.66666666666667,33.333333333333336
38001,"Adams County, North Dakota",ND,2323,68.00000000000001,medium,66.66666666666667,100.0,0.0,100.0,100.0,66.66666666666667,66.66666666666667,33.333333333333336
22011,"Beauregard Parish, Louisiana",LA,2324,77.06666666666668,high,100.0,100.0,0.0,100.0,100.0,100.0,66.66666666666667,33.333333333333336
45065,"McCormick County, South Carolina",SC,2325,71.73333333333335,high,66.66666666666667,100.0,0.0,100.0,100.0,100.0,66.66666666666667,33.333333333333336
13165,"Jenkins County, Georgia",GA,2326,77.06666666666668,high,100.0,100.0,0.0,100.0,100.0,100.0,66.66666666666667,33.333333333333336
19043,"Clayton County, Iowa",IA,2327,77.06666666666668,high,100.0,100.0,0.0,100.0,100.0,100.0,66.66666666666667,33.333333333333336
48027,"Bell County, Texas",TX,2328,77.06666666666668,high,100.0,100.0,0.0,100.0,100.0,100.0,66.66666666666667,33.333333333333336
08081,"Moffat County, Colorado",CO,2329,73.33333333333334,high,100.0,100.0,0.0,100.0,100.0,66.66666666666667,66.66666666666667,33.333333333333336
13269,"Taylor County, Georgia",GA,2330,71.73333333333335,high,66.66666666666667,100.0,0.0,100.0,100.0,100.0,66.66666666666667,33.333333333333336
41061,"Union County, Oregon",OR,2331,73.33333333333334,high,100.0,100.0,0.0,100.0,100.0,66.66666666666667,66.66666666666667,33.333333333333336
41007,"Clatsop County, Oregon",OR,2332,77.06666666666668,high,100.0,100.0,0.0,100.0,100.0,100.0,66.66666666666667,33.333333333333336
12007,"Bradford County, Florida",FL,2333,77.06666666666668,high,100.0,100.0,0.0,100.0,100.0,100.0,66.66666666666667,33.333333333333336
04009,"Graham County, Arizona",AZ,2334,77.06666666666668,high,100.0,100.0,0.0,100.0,100.0,100.0,66.66666666666667,33.333333333333336
12011,"Broward County, Florida",FL,2335,77.06666666666668,high,100.0,100.0,0.0,100.0,100.0,100.0,66.66666666666667,33.333333333333336
32007,"Elko County, Nevada",NV,2336,77.06666666666668,high,100.0,100.0,0.0,100.0,100.0,100.0,66.66666666666667,33.333333333333336
31045,"Dawes County, Nebraska",NE,2337,77.06666666666668,high,100.0,100.0,0.0,100.0,100.0,100.0,66.66666666666667,33.333333333333336
05029,"Conway County, Arkansas",AR,2338,77.06666666666668,high,100.0,100.0,0.0,100.0,100.0,100.0,66.66666666666667,33.333333333333336
08101,"Pueblo County, Colorado",CO,2339,77.06666666666668,high,100.0,100.0,0.0,100.0,100.0,100.0,66.66666666666667,33.333333333333336
53005,"Benton County, Washington",WA,2340,68.26666666666668,medium,100.0,66.66666666666667,0.0,100.0,100.0,66.66666666666667,66.66666666666667,33.333333333333336
46103,"Pennington County, South Dakota",SD,2341,77.06666666666668,high,100.0,100.0,0.0,100.0,100.0,100.0,66.66666666666667,33.333333333333336
46009,"Bon Homme County, South Dakota",SD,2342,73.33333333333334,high,100.0,100.0,0.0,100.0,100.0,66.66666666666667,66.66666666666667,33.333333333333336
20017,"Chase County, Kansas",KS,2343,68.00000000000001,medium,66.66666666666667,100.0,0.0,100.0,100.0,66.66666666666667,66.66666666666667,33.333333333333336
27049,"Goodhue County, Minnesota",MN,2344,77.06666666666668,high,100.0,100.0,0.0,100.0,100.0,100.0,66.66666666666667,33.333333333333336
41011,"Coos County, Oregon",OR,2345,77.06666666666668,high,100.0,100.0,0.0,100.0,100.0,100.0,66.66666666666667,33.333333333333336
22003,"Allen Parish, Louisiana",LA,2346,77.06666666666668,high,100.0,100.0,0.0,100.0,100.0,100.0,66.66666666666667,33.333333333333336
47021,"Cheatham County, Tennessee",TN,2347,77.06666666666668,high,100.0,100.0,0.0,100.0,100.0,100.0,66.66666666666667,33.333333333333336
28043,"Grenada County, Mississippi",MS,2348,77.06666666666668,high,100.0,100.0,0.0,100.0,100.0,100.0,66.66666666666667,33.333333333333336
27033,"Cottonwood County, Minnesota",MN,2349,73.33333333333334,high,100.0,100.0,0.0,100.0,100.0,66.66666666666667,66.66666666666667,33.333333333333336
01129,"Washington County, Alabama",AL,2350,71.73333333333335,high,66.66666666666667,100.0,0.0,100.0,100.0,100.0,66.66666666666667,33.333333333333336
20171,"Scott County, Kansas",KS,2351,73.33333333333334,high,100.0,100.0,0.0,100.0,100.0,66.66666666666667,66.66666666666667,33.333333333333336
41027,"Hood River County, Oregon",OR,2352,73.33333333333334,high,100.0,100.0,0.0,100.0,100.0,66.66666666666667,66.66666666666667,33.333333333333336
45009,"Bamberg County, South Carolina",SC,2353,71.73333333333335,high,66.66666666666667,100.0,0.0,100.0,100.0,100.0,66.66666666666667,33.333333333333336
40053,"Grant County, Oklahoma",OK,2354,68.00000000000001,medium,66.66666666666667,100.0,0.0,100.0,100.0,66.66666666666667,66.66666666666667,33.333333333333336
53015,"Cowlitz County, Washington",WA,2355,72.00000000000001,high,100.0,66.66666666666667,0.0,100.0,100.0,100.0,66.66666666666667,33.333333333333336
27121,"Pope County, Minnesota",MN,2356,73.33333333333334,high,100.0,100.0,0.0,100.0,100.0,66.66666666666667,66.66666666666667,33.333333333333336
22065,"Madison Parish, Louisiana",LA,2357,66.39999999999999,medium,33.333333333333336,100.0,0.0,100.0,100.0,100.0,66.66666666666667,33.333333333333336
46137,"Ziebach County, South Dakota",SD,2358,39.2,low,0.0,100.0,0.0,0.0,66.66666666666667,66.66666666666667,66.66666666666667,33.333333333333336
48201,"Harris County, Texas",TX,2359,77.06666666666668,high,100.0,100.0,0.0,100.0,100.0,100.0,66.66666666666667,33.333333333333336
41055,"Sherman County, Oregon",OR,2360,64.26666666666667,medium,66.66666666666667,100.0,0.0,100.0,66.66666666666667,66.66666666666667,66.66666666666667,33.333333333333336
53009,"Clallam County, Washington",WA,2361,68.26666666666668,medium,100.0,66.66666666666667,0.0,100.0,100.0,66.66666666666667,66.66666666666667,33.333333333333336
08049,"Grand County, Colorado",CO,2362,77.06666666666668,high,100.0,100.0,0.0,100.0,100.0,100.0,66.66666666666667,33.333333333333336
19149,"Plymouth County, Iowa",IA,2363,73.33333333333334,high,100.0,100.0,0.0,100.0,100.0,66.66666666666667,66.66666666666667,33.333333333333336
45017,"Calhoun County, South Carolina",SC,2364,77.06666666666668,high,100.0,100.0,0.0,100.0,100.0,100.0,66.66666666666667,33.333333333333336
22039,"Evangeline Parish, Louisiana",LA,2365,77.06666666666668,high,100.0,100.0,0.0,100.0,100.0,100.0,66.66666666666667,33.333333333333336
37183,"Wake County, North Carolina",NC,2366,77.06666666666668,high,100.0,100.0,0.0,100.0,100.0,100.0,66.66666666666667,33.333333333333336
31135,"Perkins County, Nebraska",NE,2367,68.00000000000001,medium,66.66666666666667,100.0,0.0,100.0,100.0,66.66666666666667,66.66666666666667,33.333333333333336
06025,"Imperial County, California",CA,2368,77.06666666666668,high,100.0,100.0,0.0,100.0,100.0,100.0,66.66666666666667,33.333333333333336
15007,"Kauai County, Hawaii",HI,2369,73.33333333333334,high,100.0,100.0,0.0,100.0,100.0,66.66666666666667,66.66666666666667,33.333333333333336
12093,"Okeechobee County, Florida",FL,2370,77.06666666666668,high,100.0,100.0,0.0,100.0,100.0,100.0,66.66666666666667,33.333333333333336
02050,"Bethel Census Area, Alaska",AK,2371,39.2,low,0.0,100.0,0.0,0.0,100.0,33.333333333333336,66.66666666666667,33.333333333333336
35017,"Grant County, New Mexico",NM,2372,73.33333333333334,high,100.0,100.0,0.0,100.0,66.66666666666667,100.0,66.66666666666667,33.333333333333336
37019,"Brunswick County, North Carolina",NC,2373,77.06666666666668,high,100.0,100.0,0.0,100.0,100.0,100.0,66.66666666666667,33.333333333333336
48003,"Andrews County, Texas",TX,2374,73.33333333333334,high,100.0,100.0,0.0,100.0,100.0,66.66666666666667,66.66666666666667,33.333333333333336
12063,"Jackson County, Florida",FL,2375,77.06666666666668,high,100.0,100.0,0.0,100.0,100.0,100.0,66.66666666666667,33.333333333333336
31017,"Brown County, Nebraska",NE,2376,68.00000000000001,medium,66.66666666666667,100.0,0.0,100.0,100.0,66.66666666666667,66.66666666666667,33.333333333333336
13141,"Hancock County, Georgia",GA,2377,77.06666666666668,high,100.0,100.0,0.0,100.0,100.0,100.0,66.66666666666667,33.333333333333336
32021,"Mineral County, Nevada",NV,2378,77.06666666666668,high,100.0,100.0,0.0,100.0,100.0,100.0,66.66666666666667,33.333333333333336
04005,"Coconino County, Arizona",AZ,2379,77.06666666666668,high,100.0,100.0,0.0,100.0,100.0,100.0,66.66666666666667,33.333333333333336
29205,"Shelby County, Missouri",MO,2380,71.73333333333335,high,66.66666666666667,100.0,0.0,100.0,100.0,100.0,66.66666666666667,33.333333333333336
17151,"Pope County, Illinois",IL,2381,68.00000000000001,medium,66.66666666666667,100.0,0.0,100.0,100.0,66.66666666666667,66.66666666666667,33.333333333333336
28095,"Monroe County, Mississippi",MS,2382,77.06666666666668,high,100.0,100.0,0.0,100.0,100.0,100.0,66.66666666666667,33.333333333333336
25009,"Essex County, Massachusetts",MA,2383,77.06666666666668,high,100.0,100.0,0.0,100.0,100.0,100.0,66.66666666666667,33.333333333333336
13243,"Randolph County, Georgia",GA,2384,68.00000000000001,medium,66.66666666666667,100.0,0.0,100.0,100.0,66.66666666666667,66.66666666666667,33.333333333333336
41041,"Lincoln County, Oregon",OR,2385,77.06666666666668,high,100.0,100.0,0.0,100.0,100.0,100.0,66.66666666666667,33.333333333333336
53029,"Island County, Washington",WA,2386,68.26666666666668,medium,100.0,66.66666666666667,0.0,100.0,100.0,66.66666666666667,66.66666666666667,33.333333333333336
56043,"Washakie County, Wyoming",WY,2387,72.00000000000001,high,100.0,66.66666666666667,0.0,100.0,100.0,100.0,66.66666666666667,33.333333333333336
29147,"Nodaway County, Missouri",MO,2388,77.06666666666668,high,100.0,100.0,0.0,100.0,100.0,100.0,66.66666666666667,33.333333333333336
41059,"Umatilla County, Oregon",OR,2389,77.06666666666668,high,100.0,100.0,0.0,100.0,100.0,100.0,66.66666666666667,33.333333333333336
46005,"Beadle County, South Dakota",SD,2390,77.06666666666668,high,100.0,100.0,0.0,100.0,100.0,100.0,66.66666666666667,33.333333333333336
29141,"Morgan County, Missouri",MO,2391,77.06666666666668,high,100.0,100.0,0.0,100.0,100.0,100.0,66.66666666666667,33.333333333333336
48005,"Angelina County, Texas",TX,2392,77.06666666666668,high,100.0,100.0,0.0,100.0,100.0,100.0,66.66666666666667,33.333333333333336
30031,"Gallatin County, Montana",MT,2393,77.06666666666668,high,100.0,100.0,0.0,100.0,100.0,100.0,66.66666666666667,33.333333333333336
08067,"La Plata County, Colorado",CO,2394,77.06666666666668,high,100.0,100.0,0.0,100.0,100.0,100.0,66.66666666666667,33.333333333333336
51059,"Fairfax County, Virginia",VA,2395,77.06666666666668,high,100.0,100.0,0.0,100.0,100.0,100.0,66.66666666666667,33.333333333333336
54007,"Braxton County, West Virginia",WV,2396,66.66666666666667,medium,66.66666666666667,66.66666666666667,0.0,100.0,100.0,100.0,66.66666666666667,33.333333333333336
48111,"Dallam County, Texas",TX,2397,73.33333333333334,high,100.0,100.0,0.0,100.0,100.0,66.66666666666667,66.66666666666667,33.333333333333336
48233,"Hutchinson County, Texas",TX,2398,73.33333333333334,high,100.0,100.0,0.0,100.0,100.0,66.66666666666667,66.66666666666667,33.333333333333336
12129,"Wakulla County, Florida",FL,2399,77.06666666666668,high,100.0,100.0,0.0,100.0,100.0,100.0,66.66666666666667,33.333333333333336
37069,"Franklin County, North Carolina",NC,2400,77.06666666666668,high,100.0,100.0,0.0,100.0,100.0,100.0,66.66666666666667,33.333333333333336
22019,"Calcasieu Parish, Louisiana",LA,2401,77.06666666666668,high,100.0,100.0,0.0,100.0,100.0,100.0,66.66666666666667,33.333333333333336
53001,"Adams County, Washington",WA,2402,72.00000000000001,high,100.0,66.66666666666667,0.0,100.0,100.0,100.0,66.66666666666667,33.333333333333336
28023,"Clarke County, Mississippi",MS,2403,77.06666666666668,high,100.0,100.0,0.0,100.0,100.0,100.0,66.66666666666667,33.333333333333336
41047,"Marion County, Oregon",OR,2404,77.06666666666668,high,100.0,100.0,0.0,100.0,100.0,100.0,66.66666666666667,33.333333333333336
04025,"Yavapai County, Arizona",AZ,2405,77.06666666666668,high,100.0,100.0,0.0,100.0,100.0,100.0,66.66666666666667,33.333333333333336
32013,"Humboldt County, Nevada",NV,2406,77.06666666666668,high,100.0,100.0,0.0,100.0,100.0,100.0,66.66666666666667,33.333333333333336
31145,"Red Willow County, Nebraska",NE,2407,77.06666666666668,high,100.0,100.0,0.0,100.0,100.0,100.0,66.66666666666667,33.333333333333336
12053,"Hernando County, Florida",FL,2408,77.06666666666668,high,100.0,100.0,0.0,100.0,100.0,100.0,66.66666666666667,33.333333333333336
23005,"Cumberland County, Maine",ME,2409,73.33333333333334,high,100.0,100.0,0.0,100.0,100.0,66.66666666666667,66.66666666666667,33.333333333333336
30111,"Yellowstone County, Montana",MT,2410,77.06666666666668,high,100.0,100.0,0.0,100.0,100.0,100.0,66.66666666666667,33.333333333333336
30025,"Fallon County, Montana",MT,2411,68.00000000000001,medium,66.66666666666667,100.0,0.0,100.0,100.0,66.66666666666667,66.66666666666667,33.333333333333336
08065,"Lake County, Colorado",CO,2412,73.33333333333334,high,100.0,100.0,0.0,100.0,100.0,66.66666666666667,66.66666666666667,33.333333333333336
06095,"Solano County, California",CA,2413,77.06666666666668,high,100.0,100.0,0.0,100.0,100.0,100.0,66.66666666666667,33.333333333333336
02164,"Lake and Peninsula Borough, Alaska",AK,2414,35.46666666666667,low,0.0,100.0,0.0,0.0,66.66666666666667,33.333333333333336,66.66666666666667,33.333333333333336
31133,"Pawnee County, Nebraska",NE,2415,68.00000000000001,medium,66.66666666666667,100.0,0.0,100.0,100.0,66.66666666666667,66.66666666666667,33.333333333333336
46041,"Dewey County, South Dakota",SD,2416,42.93333333333334,medium,0.0,100.0,0.0,0.0,100.0,66.66666666666667,66.66666666666667,33.333333333333336
49041,"Sevier County, Utah",UT,2417,77.06666666666668,high,100.0,100.0,0.0,100.0,100.0,100.0,66.66666666666667,33.333333333333336
16005,"Bannock County, Idaho",ID,2418,77.06666666666668,high,100.0,100.0,0.0,100.0,100.0,100.0,66.66666666666667,33.333333333333336
28127,"Simpson County, Mississippi",MS,2419,77.06666666666668,high,100.0,100.0,0.0,100.0,100.0,100.0,66.66666666666667,33.333333333333336
53045,"Mason County, Washington",WA,2420,72.00000000000001,high,100.0,66.66666666666667,0.0,100.0,100.0,100.0,66.66666666666667,33.333333333333336
24031,"Montgomery County, Maryland",MD,2421,77.06666666666668,high,100.0,100.0,0.0,100.0,100.0,100.0,66.66666666666667,33.333333333333336
48029,"Bexar County, Texas",TX,2422,77.06666666666668,high,100.0,100.0,0.0,100.0,100.0,100.0,66.66666666666667,33.333333333333336
31075,"Grant County, Nebraska",NE,2423,39.2,low,0.0,100.0,0.0,0.0,66.66666666666667,66.66666666666667,66.66666666666667,33.333333333333336
08113,"San Miguel County, Colorado",CO,2424,68.00000000000001,medium,66.66666666666667,100.0,0.0,100.0,100.0,66.66666666666667,66.66666666666667,33.333333333333336
21051,"Clay County, Kentucky",KY,2425,77.06666666666668,high,100.0,100.0,0.0,100.0,100.0,100.0,66.66666666666667,33.333333333333336
30027,"Fergus County, Montana",MT,2426,77.06666666666668,high,100.0,100.0,0.0,100.0,100.0,100.0,66.66666666666667,33.333333333333336
01011,"Bullock County, Alabama",AL,2427,71.73333333333335,high,66.66666666666667,100.0,0.0,100.0,100.0,100.0,66.66666666666667,33.333333333333336
48217,"Hill County, Texas",TX,2428,77.06666666666668,high,100.0,100.0,0.0,100.0,100.0,100.0,66.66666666666667,33.333333333333336
35007,"Colfax County, New Mexico",NM,2429,73.33333333333334,high,100.0,100.0,0.0,100.0,66.66666666666667,100.0,66.66666666666667,33.333333333333336
41063,"Wallowa County, Oregon",OR,2430,73.33333333333334,high,100.0,100.0,0.0,100.0,100.0,66.66666666666667,66.66666666666667,33.333333333333336
37053,"Currituck County, North Carolina",NC,2431,77.06666666666668,high,100.0,100.0,0.0,100.0,100.0,100.0,66.66666666666667,33.333333333333336
35039,"Rio Arriba County, New Mexico",NM,2432,73.33333333333334,high,100.0,100.0,0.0,100.0,66.66666666666667,100.0,66.66666666666667,33.333333333333336
06061,"Placer County, California",CA,2433,77.06666666666668,high,100.0,100.0,0.0,100.0,100.0,100.0,66.66666666666667,33.333333333333336
32009,"Esmeralda County, Nevada",NV,2434,39.2,low,0.0,100.0,0.0,0.0,66.66666666666667,66.66666666666667,66.66666666666667,33.333333333333336
32510,"Carson City, Nevada",NV,2435,73.33333333333334,high,100.0,100.0,0.0,100.0,100.0,66.66666666666667,66.66666666666667,33.333333333333336
47105,"Loudon County, Tennessee",TN,2436,77.06666666666668,high,100.0,100.0,0.0,100.0,100.0,100.0,66.66666666666667,33.333333333333336
46127,"Union County, South Dakota",SD,2437,77.06666666666668,high,100.0,100.0,0.0,100.0,100.0,100.0,66.66666666666667,33.333333333333336
31107,"Knox County, Nebraska",NE,2438,77.06666666666668,high,100.0,100.0,0.0,100.0,100.0,100.0,66.66666666666667,33.333333333333336
49047,"Uintah County, Utah",UT,2439,77.06666666666668,high,100.0,100.0,0.0,100.0,100.0,100.0,66.66666666666667,33.333333333333336
53041,"Lewis County, Washington",WA,2440,68.26666666666668,medium,100.0,66.66666666666667,0.0,100.0,100.0,66.66666666666667,66.66666666666667,33.333333333333336
38085,"Sioux County, North Dakota",ND,2441,42.93333333333334,medium,0.0,100.0,0.0,0.0,100.0,66.66666666666667,66.66666666666667,33.333333333333336
02100,"Haines Borough, Alaska",AK,2442,64.26666666666667,medium,66.66666666666667,100.0,0.0,100.0,100.0,33.333333333333336,66.66666666666667,33.333333333333336
32033,"White Pine County, Nevada",NV,2443,77.06666666666668,high,100.0,100.0,0.0,100.0,100.0,100.0,66.66666666666667,33.333333333333336
45019,"Charleston County, South Carolina",SC,2444,77.06666666666668,high,100.0,100.0,0.0,100.0,100.0,100.0,66.66666666666667,33.333333333333336
48087,"Collingsworth County, Texas",TX,2445,68.00000000000001,medium,66.66666666666667,100.0,0.0,100.0,100.0,66.66666666666667,66.66666666666667,33.333333333333336
48335,"Mitchell County, Texas",TX,2446,68.00000000000001,medium,66.66666666666667,100.0,0.0,100.0,100.0,66.66666666666667,66.66666666666667,33.333333333333336
38059,"Morton County, North Dakota",ND,2447,77.06666666666668,high,100.0,100.0,0.0,100.0,100.0,100.0,66.66666666666667,33.333333333333336
35013,"Doña Ana County, New Mexico",NM,2448,77.06666666666668,high,100.0,100.0,0.0,100.0,100.0,100.0,66.66666666666667,33.333333333333336
48093,"Comanche County, Texas",TX,2449,73.33333333333334,high,100.0,100.0,0.0,100.0,100.0,66.66666666666667,66.66666666666667,33.333333333333336
47121,"Meigs County, Tennessee",TN,2450,77.06666666666668,high,100.0,100.0,0.0,100.0,100.0,100.0,66.66666666666667,33.333333333333336
48203,"Harrison County, Texas",TX,2451,77.06666666666668,high,100.0,100.0,0.0,100.0,100.0,100.0,66.66666666666667,33.333333333333336
48109,"Culberson County, Texas",TX,2452,62.66666666666666,medium,33.333333333333336,100.0,0.0,100.0,100.0,66.66666666666667,66.66666666666667,33.333333333333336
28009,"Benton County, Mississippi",MS,2453,71.73333333333335,high,66.66666666666667,100.0,0.0,100.0,100.0,100.0,66.66666666666667,33.333333333333336
16033,"Clark County, Idaho",ID,2454,68.00000000000001,medium,66.66666666666667,100.0,0.0,100.0,100.0,66.66666666666667,66.66666666666667,33.333333333333336
56021,"Laramie County, Wyoming",WY,2455,72.00000000000001,high,100.0,66.66666666666667,0.0,100.0,100.0,100.0,66.66666666666667,33.333333333333336
06097,"Sonoma County, California",CA,2456,77.06666666666668,high,100.0,100.0,0.0,100.0,100.0,100.0,66.66666666666667,33.333333333333336
32001,"Churchill County, Nevada",NV,2457,77.06666666666668,high,100.0,100.0,0.0,100.0,100.0,100.0,66.66666666666667,33.333333333333336
46101,"Moody County, South Dakota",SD,2458,77.06666666666668,high,100.0,100.0,0.0,100.0,100.0,100.0,66.66666666666667,33.333333333333336
12059,"Holmes County, Florida",FL,2459,77.06666666666668,high,100.0,100.0,0.0,100.0,100.0,100.0,66.66666666666667,33.333333333333336
19041,"Clay County, Iowa",IA,2460,73.33333333333334,high,100.0,100.0,0.0,100.0,100.0,66.66666666666667,66.66666666666667,33.333333333333336
48113,"Dallas County, Texas",TX,2461,77.06666666666668,high,100.0,100.0,0.0,100.0,100.0,100.0,66.66666666666667,33.333333333333336
53025,"Grant County, Washington",WA,2462,72.00000000000001,high,100.0,66.66666666666667,0.0,100.0,100.0,100.0,66.66666666666667,33.333333333333336
16071,"Oneida County, Idaho",ID,2463,73.33333333333334,high,100.0,100.0,0.0,100.0,100.0,66.66666666666667,66.66666666666667,33.333333333333336
02013,"Aleutians East Borough, Alaska",AK,2464,35.46666666666667,low,0.0,100.0,0.0,0.0,66.66666666666667,33.333333333333336,66.66666666666667,33.333333333333336
06017,"El Dorado County, California",CA,2465,77.06666666666668,high,100.0,100.0,0.0,100.0,100.0,100.0,66.66666666666667,33.333333333333336
12109,"St. Johns County, Florida",FL,2466,77.06666666666668,high,100.0,100.0,0.0,100.0,100.0,100.0,66.66666666666667,33.333333333333336
38015,"Burleigh County, North Dakota",ND,2467,77.06666666666668,high,100.0,100.0,0.0,100.0,100.0,100.0,66.66666666666667,33.333333333333336
48425,"Somervell County, Texas",TX,2468,73.33333333333334,high,100.0,100.0,0.0,100.0,100.0,66.66666666666667,66.66666666666667,33.333333333333336
49011,"Davis County, Utah",UT,2469,77.06666666666668,high,100.0,100.0,0.0,100.0,100.0,100.0,66.66666666666667,33.333333333333336
13123,"Gilmer County, Georgia",GA,2470,77.06666666666668,high,100.0,100.0,0.0,100.0,100.0,100.0,66.66666666666667,33.333333333333336
08069,"Larimer County, Colorado",CO,2471,77.06666666666668,high,100.0,100.0,0.0,100.0,100.0,100.0,66.66666666666667,33.333333333333336
38021,"Dickey County, North Dakota",ND,2472,68.00000000000001,medium,66.66666666666667,100.0,0.0,100.0,100.0,66.66666666666667,66.66666666666667,33.333333333333336
19009,"Audubon County, Iowa",IA,2473,73.33333333333334,high,100.0,100.0,0.0,100.0,100.0,66.66666666666667,66.66666666666667,33.333333333333336
27069,"Kittson County, Minnesota",MN,2474,77.06666666666668,high,100.0,100.0,0.0,100.0,100.0,100.0,66.66666666666667,33.333333333333336
29105,"Laclede County, Missouri",MO,2475,77.06666666666668,high,100.0,100.0,0.0,100.0,100.0,100.0,66.66666666666667,33.333333333333336
12057,"Hillsborough County, Florida",FL,2476,77.06666666666668,high,100.0,100.0,0.0,100.0,100.0,100.0,66.66666666666667,33.333333333333336
40045,"Ellis County, Oklahoma",OK,2477,68.00000000000001,medium,66.66666666666667,100.0,0.0,100.0,100.0,66.66666666666667,66.66666666666667,33.333333333333336
27089,"Marshall County, Minnesota",MN,2478,77.06666666666668,high,100.0,100.0,0.0,100.0,100.0,100.0,66.66666666666667,33.333333333333336
04015,"Mohave County, Arizona",AZ,2479,77.06666666666668,high,100.0,100.0,0.0,100.0,100.0,100.0,66.66666666666667,33.333333333333336
38013,"Burke County, North Dakota",ND,2480,62.66666666666666,medium,33.333333333333336,100.0,0.0,100.0,100.0,66.66666666666667,66.66666666666667,33.333333333333336
19053,"Decatur County, Iowa",IA,2481,73.33333333333334,high,100.0,100.0,0.0,100.0,100.0,66.66666666666667,66.66666666666667,33.333333333333336
01109,"Pike County, Alabama",AL,2482,77.06666666666668,high,100.0,100.0,0.0,100.0,100.0,100.0,66.66666666666667,33.333333333333336
46119,"Sully County, South Dakota",SD,2483,57.333333333333336,medium,0.0,100.0,0.0,100.0,100.0,66.66666666666667,66.66666666666667,33.333333333333336
36081,"Queens County, New York",NY,2484,73.33333333333334,high,100.0,100.0,0.0,100.0,100.0,66.66666666666667,66.66666666666667,33.333333333333336
08075,"Logan County, Colorado",CO,2485,77.06666666666668,high,100.0,100.0,0.0,100.0,100.0,100.0,66.66666666666667,33.333333333333336
48323,"Maverick County, Texas",TX,2486,77.06666666666668,high,100.0,100.0,0.0,100.0,100.0,100.0,66.66666666666667,33.333333333333336
08087,"Morgan County, Colorado",CO,2487,77.06666666666668,high,100.0,100.0,0.0,100.0,100.0,100.0,66.66666666666667,33.333333333333336
01005,"Barbour County, Alabama",AL,2488,77.06666666666668,high,100.0,100.0,0.0,100.0,100.0,100.0,66.66666666666667,33.333333333333336
53031,"Jefferson County, Washington",WA,2489,72.00000000000001,high,100.0,66.66666666666667,0.0,100.0,100.0,100.0,66.66666666666667,33.333333333333336
06065,"Riverside County, California",CA,2490,77.06666666666668,high,100.0,100.0,0.0,100.0,100.0,100.0,66.66666666666667,33.333333333333336
19195,"Worth County, Iowa",IA,2491,77.06666666666668,high,100.0,100.0,0.0,100.0,100.0,100.0,66.66666666666667,33.333333333333336
21189,"Owsley County, Kentucky",KY,2492,68.00000000000001,medium,66.66666666666667,100.0,0.0,100.0,66.66666666666667,100.0,66.66666666666667,33.333333333333336
08063,"Kit Carson County, Colorado",CO,2493,73.33333333333334,high,100.0,100.0,0.0,100.0,100.0,66.66666666666667,66.66666666666667,33.333333333333336
46095,"Mellette County, South Dakota",SD,2494,42.93333333333334,medium,0.0,100.0,0.0,0.0,100.0,66.66666666666667,66.66666666666667,33.333333333333336
25025,"Suffolk County, Massachusetts",MA,2495,77.06666666666668,high,100.0,100.0,0.0,100.0,100.0,100.0,66.66666666666667,33.333333333333336
48261,"Kenedy County, Texas",TX,2496,35.46666666666667,low,0.0,100.0,0.0,0.0,66.66666666666667,33.333333333333336,66.66666666666667,33.333333333333336
05101,"Newton County, Arkansas",AR,2497,68.00000000000001,medium,66.66666666666667,100.0,0.0,100.0,100.0,66.66666666666667,66.66666666666667,33.333333333333336
06089,"Shasta County, California",CA,2498,77.06666666666668,high,100.0,100.0,0.0,100.0,100.0,100.0,66.66666666666667,33.333333333333336
08015,"Chaffee County, Colorado",CO,2499,77.06666666666668,high,100.0,100.0,0.0,100.0,100.0,100.0,66.66666666666667,33.333333333333336
53077,"Yakima County, Washington",WA,2500,72.00000000000001,high,100.0,66.66666666666667,0.0,100.0,100.0,100.0,66.66666666666667,33.333333333333336
30067,"Park County, Montana",MT,2501,77.06666666666668,high,100.0,100.0,0.0,100.0,100.0,100.0,66.66666666666667,33.333333333333336
12003,"Baker County, Florida",FL,2502,77.06666666666668,high,100.0,100.0,0.0,100.0,100.0,100.0,66.66666666666667,33.333333333333336
48373,"Polk County, Texas",TX,2503,77.06666666666668,high,100.0,100.0,0.0,100.0,100.0,100.0,66.66666666666667,33.333333333333336
12071,"Lee County, Florida",FL,2504,77.06666666666668,high,100.0,100.0,0.0,100.0,100.0,100.0,66.66666666666667,33.333333333333336
12037,"Franklin County, Florida",FL,2505,77.06666666666668,high,100.0,100.0,0.0,100.0,100.0,100.0,66.66666666666667,33.333333333333336
47035,"Cumberland County, Tennessee",TN,2506,77.06666666666668,high,100.0,100.0,0.0,100.0,100.0,100.0,66.66666666666667,33.333333333333336
49049,"Utah County, Utah",UT,2507,77.06666666666668,high,100.0,100.0,0.0,100.0,100.0,100.0,66.66666666666667,33.333333333333336
30029,"Flathead County, Montana",MT,2508,77.06666666666668,high,100.0,100.0,0.0,100.0,100.0,100.0,66.66666666666667,33.333333333333336
46083,"Lincoln County, South Dakota",SD,2509,77.06666666666668,high,100.0,100.0,0.0,100.0,100.0,100.0,66.66666666666667,33.333333333333336
48075,"Childress County, Texas",TX,2510,68.00000000000001,medium,66.66666666666667,100.0,0.0,100.0,100.0,66.66666666666667,66.66666666666667,33.333333333333336
40083,"Logan County, Oklahoma",OK,2511,77.06666666666668,high,100.0,100.0,0.0,100.0,100.0,100.0,66.66666666666667,33.333333333333336
01107,"Pickens County, Alabama",AL,2512,77.06666666666668,high,100.0,100.0,0.0,100.0,100.0,100.0,66.66666666666667,33.333333333333336
16031,"Cassia County, Idaho",ID,2513,73.33333333333334,high,100.0,100.0,0.0,100.0,100.0,66.66666666666667,66.66666666666667,33.333333333333336
08045,"Garfield County, Colorado",CO,2514,73.33333333333334,high,100.0,100.0,0.0,100.0,100.0,66.66666666666667,66.66666666666667,33.333333333333336
06035,"Lassen County, California",CA,2515,77.06666666666668,high,100.0,100.0,0.0,100.0,100.0,100.0,66.66666666666667,33.333333333333336
26151,"Sanilac County, Michigan",MI,2516,77.06666666666668,high,100.0,100.0,0.0,100.0,100.0,100.0,66.66666666666667,33.333333333333336
28097,"Montgomery County, Mississippi",MS,2517,77.06666666666668,high,100.0,100.0,0.0,100.0,100.0,100.0,66.66666666666667,33.333333333333336
37055,"Dare County, North Carolina",NC,2518,77.06666666666668,high,100.0,100.0,0.0,100.0,100.0,100.0,66.66666666666667,33.333333333333336
46055,"Haakon County, South Dakota",SD,2519,42.93333333333334,medium,0.0,100.0,0.0,0.0,100.0,66.66666666666667,66.66666666666667,33.333333333333336
28145,"Union County, Mississippi",MS,2520,77.06666666666668,high,100.0,100.0,0.0,100.0,100.0,100.0,66.66666666666667,33.333333333333336
12121,"Suwannee County, Florida",FL,2521,77.06666666666668,high,100.0,100.0,0.0,100.0,100.0,100.0,66.66666666666667,33.333333333333336
24047,"Worcester County, Maryland",MD,2522,77.06666666666668,high,100.0,100.0,0.0,100.0,100.0,100.0,66.66666666666667,33.333333333333336
05129,"Searcy County, Arkansas",AR,2523,73.33333333333334,high,100.0,100.0,0.0,100.0,100.0,66.66666666666667,66.66666666666667,33.333333333333336
47165,"Sumner County, Tennessee",TN,2524,77.06666666666668,high,100.0,100.0,0.0,100.0,100.0,100.0,66.66666666666667,33.333333333333336
36085,"Richmond County, New York",NY,2525,73.33333333333334,high,100.0,100.0,0.0,100.0,100.0,66.66666666666667,66.66666666666667,33.333333333333336
50017,"Orange County, Vermont",VT,2526,73.33333333333334,high,100.0,100.0,0.0,100.0,100.0,66.66666666666667,66.66666666666667,33.333333333333336
50003,"Bennington County, Vermont",VT,2527,77.06666666666668,high,100.0,100.0,0.0,100.0,100.0,100.0,66.66666666666667,33.333333333333336
25017,"Middlesex County, Massachusetts",MA,2528,77.06666666666668,high,100.0,100.0,0.0,100.0,100.0,100.0,66.66666666666667,33.333333333333336
22095,"St. John the Baptist Parish, Louisiana",LA,2529,77.06666666666668,high,100.0,100.0,0.0,100.0,100.0,100.0,66.66666666666667,33.333333333333336
20199,"Wallace County, Kansas",KS,2530,68.00000000000001,medium,66.66666666666667,100.0,0.0,100.0,100.0,66.66666666666667,66.66666666666667,33.333333333333336
31161,"Sheridan County, Nebraska",NE,2531,68.00000000000001,medium,66.66666666666667,100.0,0.0,100.0,100.0,66.66666666666667,66.66666666666667,33.333333333333336
06079,"San Luis Obispo County, California",CA,2532,77.06666666666668,high,100.0,100.0,0.0,100.0,100.0,100.0,66.66666666666667,33.333333333333336
47149,"Rutherford County, Tennessee",TN,2533,77.06666666666668,high,100.0,100.0,0.0,100.0,100.0,100.0,66.66666666666667,33.333333333333336
01087,"Macon County, Alabama",AL,2534,77.06666666666668,high,100.0,100.0,0.0,100.0,100.0,100.0,66.66666666666667,33.333333333333336
48309,"McLennan County, Texas",TX,2535,77.06666666666668,high,100.0,100.0,0.0,100.0,100.0,100.0,66.66666666666667,33.333333333333336
21109,"Jackson County, Kentucky",KY,2536,71.73333333333335,high,66.66666666666667,100.0,0.0,100.0,100.0,100.0,66.66666666666667,33.333333333333336
12077,"Liberty County, Florida",FL,2537,77.06666666666668,high,100.0,100.0,0.0,100.0,100.0,100.0,66.66666666666667,33.333333333333336
31087,"Hitchcock County, Nebraska",NE,2538,68.00000000000001,medium,66.66666666666667,100.0,0.0,100.0,100.0,66.66666666666667,66.66666666666667,33.333333333333336
08093,"Park County, Colorado",CO,2539,77.06666666666668,high,100.0,100.0,0.0,100.0,100.0,100.0,66.66666666666667,33.333333333333336
12117,"Seminole County, Florida",FL,2540,77.06666666666668,high,100.0,100.0,0.0,100.0,100.0,100.0,66.66666666666667,33.333333333333336
28001,"Adams County, Mississippi",MS,2541,77.06666666666668,high,100.0,100.0,0.0,100.0,100.0,100.0,66.66666666666667,33.333333333333336
08009,"Baca County, Colorado",CO,2542,42.93333333333334,medium,0.0,100.0,0.0,0.0,100.0,66.66666666666667,66.66666666666667,33.333333333333336
16063,"Lincoln County, Idaho",ID,2543,73.33333333333334,high,100.0,100.0,0.0,100.0,100.0,66.66666666666667,66.66666666666667,33.333333333333336
04023,"Santa Cruz County, Arizona",AZ,2544,73.33333333333334,high,100.0,100.0,0.0,100.0,66.66666666666667,100.0,66.66666666666667,33.333333333333336
29087,"Holt County, Missouri",MO,2545,42.93333333333334,medium,0.0,100.0,0.0,0.0,100.0,66.66666666666667,66.66666666666667,33.333333333333336
04021,"Pinal County, Arizona",AZ,2546,77.06666666666668,high,100.0,100.0,0.0,100.0,100.0,100.0,66.66666666666667,33.333333333333336
48071,"Chambers County, Texas",TX,2547,77.06666666666668,high,100.0,100.0,0.0,100.0,100.0,100.0,66.66666666666667,33.333333333333336
28091,"Marion County, Mississippi",MS,2548,77.06666666666668,high,100.0,100.0,0.0,100.0,100.0,100.0,66.66666666666667,33.333333333333336
48439,"Tarrant County, Texas",TX,2549,77.06666666666668,high,100.0,100.0,0.0,100.0,100.0,100.0,66.66666666666667,33.333333333333336
40005,"Atoka County, Oklahoma",OK,2550,68.00000000000001,medium,66.66666666666667,100.0,0.0,100.0,100.0,66.66666666666667,66.66666666666667,33.333333333333336
46069,"Hyde County, South Dakota",SD,2551,42.93333333333334,medium,0.0,100.0,0.0,0.0,100.0,66.66666666666667,66.66666666666667,33.333333333333336
48037,"Bowie County, Texas",TX,2552,77.06666666666668,high,100.0,100.0,0.0,100.0,100.0,100.0,66.66666666666667,33.333333333333336
49025,"Kane County, Utah",UT,2553,73.33333333333334,high,100.0,100.0,0.0,100.0,100.0,66.66666666666667,66.66666666666667,33.333333333333336
46123,"Tripp County, South Dakota",SD,2554,68.00000000000001,medium,66.66666666666667,100.0,0.0,100.0,100.0,66.66666666666667,66.66666666666667,33.333333333333336
45061,"Lee County, South Carolina",SC,2555,77.06666666666668,high,100.0,100.0,0.0,100.0,100.0,100.0,66.66666666666667,33.333333333333336
16029,"Caribou County, Idaho",ID,2556,73.33333333333334,high,100.0,100.0,0.0,100.0,100.0,66.66666666666667,66.66666666666667,33.333333333333336
38047,"Logan County, North Dakota",ND,2557,42.93333333333334,medium,0.0,100.0,0.0,0.0,100.0,66.66666666666667,66.66666666666667,33.333333333333336
46135,"Yankton County, South Dakota",SD,2558,77.06666666666668,high,100.0,100.0,0.0,100.0,100.0,100.0,66.66666666666667,33.333333333333336
16067,"Minidoka County, Idaho",ID,2559,73.33333333333334,high,100.0,100.0,0.0,100.0,100.0,66.66666666666667,66.66666666666667,33.333333333333336
35003,"Catron County, New Mexico",NM,2560,64.26666666666667,medium,66.66666666666667,100.0,0.0,100.0,66.66666666666667,66.66666666666667,66.66666666666667,33.333333333333336
06111,"Ventura County, California",CA,2561,77.06666666666668,high,100.0,100.0,0.0,100.0,100.0,100.0,66.66666666666667,33.333333333333336
17009,"Brown County, Illinois",IL,2562,77.06666666666668,high,100.0,100.0,0.0,100.0,100.0,100.0,66.66666666666667,33.333333333333336
28155,"Webster County, Mississippi",MS,2563,77.06666666666668,high,100.0,100.0,0.0,100.0,100.0,100.0,66.66666666666667,33.333333333333336
22117,"Washington Parish, Louisiana",LA,2564,77.06666666666668,high,100.0,100.0,0.0,100.0,100.0,100.0,66.66666666666667,33.333333333333336
20023,"Cheyenne County, Kansas",KS,2565,68.00000000000001,medium,66.66666666666667,100.0,0.0,100.0,100.0,66.66666666666667,66.66666666666667,33.333333333333336
48455,"Trinity County, Texas",TX,2566,73.33333333333334,high,100.0,100.0,0.0,100.0,100.0,66.66666666666667,66.66666666666667,33.333333333333336
19169,"Story County, Iowa",IA,2567,77.06666666666668,high,100.0,100.0,0.0,100.0,100.0,100.0,66.66666666666667,33.333333333333336
27051,"Grant County, Minnesota",MN,2568,73.33333333333334,high,100.0,100.0,0.0,100.0,100.0,66.66666666666667,66.66666666666667,33.333333333333336
28153,"Wayne County, Mississippi",MS,2569,77.06666666666668,high,100.0,100.0,0.0,100.0,100.0,100.0,66.66666666666667,33.333333333333336
12061,"Indian River County, Florida",FL,2570,77.06666666666668,high,100.0,100.0,0.0,100.0,100.0,100.0,66.66666666666667,33.333333333333336
38095,"Towner County, North Dakota",ND,2571,68.00000000000001,medium,66.66666666666667,100.0,0.0,100.0,100.0,66.66666666666667,66.66666666666667,33.333333333333336
12035,"Flagler County, Florida",FL,2572,77.06666666666668,high,100.0,100.0,0.0,100.0,100.0,100.0,66.66666666666667,33.333333333333336
46031,"Corson County, South Dakota",SD,2573,68.00000000000001,medium,66.66666666666667,100.0,0.0,100.0,100.0,66.66666666666667,66.66666666666667,33.333333333333336
22105,"Tangipahoa Parish, Louisiana",LA,2574,77.06666666666668,high,100.0,100.0,0.0,100.0,100.0,100.0,66.66666666666667,33.333333333333336
08047,"Gilpin County, Colorado",CO,2575,69.60000000000001,medium,100.0,100.0,0.0,100.0,100.0,33.333333333333336,66.66666666666667,33.333333333333336
22055,"Lafayette Parish, Louisiana",LA,2576,77.06666666666668,high,100.0,100.0,0.0,100.0,100.0,100.0,66.66666666666667,33.333333333333336
28147,"Walthall County, Mississippi",MS,2577,77.06666666666668,high,100.0,100.0,0.0,100.0,100.0,100.0,66.66666666666667,33.333333333333336
46093,"Meade County, South Dakota",SD,2578,77.06666666666668,high,100.0,100.0,0.0,100.0,100.0,100.0,66.66666666666667,33.333333333333336
22051,"Jefferson Parish, Louisiana",LA,2579,77.06666666666668,high,100.0,100.0,0.0,100.0,100.0,100.0,66.66666666666667,33.333333333333336
01037,"Coosa County, Alabama",AL,2580,71.73333333333335,high,66.66666666666667,100.0,0.0,100.0,100.0,100.0,66.66666666666667,33.333333333333336
06105,"Trinity County, California",CA,2581,77.06666666666668,high,100.0,100.0,0.0,100.0,100.0,100.0,66.66666666666667,33.333333333333336
45059,"Laurens County, South Carolina",SC,2582,77.06666666666668,high,100.0,100.0,0.0,100.0,100.0,100.0,66.66666666666667,33.333333333333336
48227,"Howard County, Texas",TX,2583,77.06666666666668,high,100.0,100.0,0.0,100.0,100.0,100.0,66.66666666666667,33.333333333333336
53017,"Douglas County, Washington",WA,2584,68.26666666666668,medium,100.0,66.66666666666667,0.0,100.0,100.0,66.66666666666667,66.66666666666667,33.333333333333336
48041,"Brazos County, Texas",TX,2585,77.06666666666668,high,100.0,100.0,0.0,100.0,100.0,100.0,66.66666666666667,33.333333333333336
08095,"Phillips County, Colorado",CO,2586,73.33333333333334,high,100.0,100.0,0.0,100.0,100.0,66.66666666666667,66.66666666666667,33.333333333333336
29017,"Bollinger County, Missouri",MO,2587,73.33333333333334,high,100.0,100.0,0.0,100.0,100.0,66.66666666666667,66.66666666666667,33.333333333333336
15009,"Maui County, Hawaii",HI,2588,73.33333333333334,high,100.0,100.0,0.0,100.0,100.0,66.66666666666667,66.66666666666667,33.333333333333336
08055,"Huerfano County, Colorado",CO,2589,73.33333333333334,high,100.0,100.0,0.0,100.0,100.0,66.66666666666667,66.66666666666667,33.333333333333336
47189,"Wilson County, Tennessee",TN,2590,77.06666666666668,high,100.0,100.0,0.0,100.0,100.0,100.0,66.66666666666667,33.333333333333336
48415,"Scurry County, Texas",TX,2591,73.33333333333334,high,100.0,100.0,0.0,100.0,100.0,66.66666666666667,66.66666666666667,33.333333333333336
29227,"Worth County, Missouri",MO,2592,42.93333333333334,medium,0.0,100.0,0.0,0.0,100.0,66.66666666666667,66.66666666666667,33.333333333333336
35021,"Harding County, New Mexico",NM,2593,39.2,low,0.0,100.0,0.0,0.0,66.66666666666667,66.66666666666667,66.66666666666667,33.333333333333336
16001,"Ada County, Idaho",ID,2594,77.06666666666668,high,100.0,100.0,0.0,100.0,100.0,100.0,66.66666666666667,33.333333333333336
12045,"Gulf County, Florida",FL,2595,77.06666666666668,high,100.0,100.0,0.0,100.0,100.0,100.0,66.66666666666667,33.333333333333336
02150,"Kodiak Island Borough, Alaska",AK,2596,69.60000000000001,medium,100.0,100.0,0.0,100.0,100.0,33.333333333333336,66.66666666666667,33.333333333333336
35023,"Hidalgo County, New Mexico",NM,2597,58.93333333333334,medium,33.333333333333336,100.0,0.0,100.0,66.66666666666667,66.66666666666667,66.66666666666667,33.333333333333336
22087,"St. Bernard Parish, Louisiana",LA,2598,77.06666666666668,high,100.0,100.0,0.0,100.0,100.0,100.0,66.66666666666667,33.333333333333336
53037,"Kittitas County, Washington",WA,2599,68.26666666666668,medium,100.0,66.66666666666667,0.0,100.0,100.0,66.66666666666667,66.66666666666667,33.333333333333336
38075,"Renville County, North Dakota",ND,2600,68.00000000000001,medium,66.66666666666667,100.0,0.0,100.0,100.0,66.66666666666667,66.66666666666667,33.333333333333336
39169,"Wayne County, Ohio",OH,2601,77.06666666666668,high,100.0,100.0,0.0,100.0,100.0,100.0,66.66666666666667,33.333333333333336
48091,"Comal County, Texas",TX,2602,77.06666666666668,high,100.0,100.0,0.0,100.0,100.0,100.0,66.66666666666667,33.333333333333336
28051,"Holmes County, Mississippi",MS,2603,71.73333333333335,high,66.66666666666667,100.0,0.0,100.0,100.0,100.0,66.66666666666667,33.333333333333336
12009,"Brevard County, Florida",FL,2604,77.06666666666668,high,100.0,100.0,0.0,100.0,100.0,100.0,66.66666666666667,33.333333333333336
48291,"Liberty County, Texas",TX,2605,77.06666666666668,high,100.0,100.0,0.0,100.0,100.0,100.0,66.66666666666667,33.333333333333336
49001,"Beaver County, Utah",UT,2606,73.33333333333334,high,100.0,100.0,0.0,100.0,100.0,66.66666666666667,66.66666666666667,33.333333333333336
16047,"Gooding County, Idaho",ID,2607,73.33333333333334,high,100.0,100.0,0.0,100.0,100.0,66.66666666666667,66.66666666666667,33.333333333333336
22113,"Vermilion Parish, Louisiana",LA,2608,77.06666666666668,high,100.0,100.0,0.0,100.0,100.0,100.0,66.66666666666667,33.333333333333336
12097,"Osceola County, Florida",FL,2609,77.06666666666668,high,100.0,100.0,0.0,100.0,100.0,100.0,66.66666666666667,33.333333333333336
48165,"Gaines County, Texas",TX,2610,73.33333333333334,high,100.0,100.0,0.0,100.0,100.0,66.66666666666667,66.66666666666667,33.333333333333336
54073,"Pleasants County, West Virginia",WV,2611,66.66666666666667,medium,66.66666666666667,66.66666666666667,0.0,100.0,100.0,100.0,66.66666666666667,33.333333333333336
20129,"Morton County, Kansas",KS,2612,68.00000000000001,medium,66.66666666666667,100.0,0.0,100.0,100.0,66.66666666666667,66.66666666666667,33.333333333333336
48059,"Callahan County, Texas",TX,2613,73.33333333333334,high,100.0,100.0,0.0,100.0,100.0,66.66666666666667,66.66666666666667,33.333333333333336
12005,"Bay County, Florida",FL,2614,77.06666666666668,high,100.0,100.0,0.0,100.0,100.0,100.0,66.66666666666667,33.333333333333336
46033,"Custer County, South Dakota",SD,2615,77.06666666666668,high,100.0,100.0,0.0,100.0,100.0,100.0,66.66666666666667,33.333333333333336
41053,"Polk County, Oregon",OR,2616,77.06666666666668,high,100.0,100.0,0.0,100.0,100.0,100.0,66.66666666666667,33.333333333333336
13003,"Atkinson County, Georgia",GA,2617,71.73333333333335,high,66.66666666666667,100.0,0.0,100.0,100.0,100.0,66.66666666666667,33.333333333333336
04013,"Maricopa County, Arizona",AZ,2618,77.06666666666668,high,100.0,100.0,0.0,100.0,100.0,100.0,66.66666666666667,33.333333333333336
20063,"Gove County, Kansas",KS,2619,68.00000000000001,medium,66.66666666666667,100.0,0.0,100.0,100.0,66.66666666666667,66.66666666666667,33.333333333333336
08013,"Boulder County, Colorado",CO,2620,77.06666666666668,high,100.0,100.0,0.0,100.0,100.0,100.0,66.66666666666667,33.333333333333336
05081,"Little River County, Arkansas",AR,2621,73.33333333333334,high,100.0,100.0,0.0,100.0,100.0,66.66666666666667,66.66666666666667,33.333333333333336
12105,"Polk County, Florida",FL,2622,77.06666666666668,high,100.0,100.0,0.0,100.0,100.0,100.0,66.66666666666667,33.333333333333336
48315,"Marion County, Texas",TX,2623,73.33333333333334,high,100.0,100.0,0.0,100.0,100.0,66.66666666666667,66.66666666666667,33.333333333333336
30037,"Golden Valley County, Montana",MT,2624,64.26666666666667,medium,66.66666666666667,100.0,0.0,100.0,66.66666666666667,66.66666666666667,66.66666666666667,33.333333333333336
12119,"Sumter County, Florida",FL,2625,77.06666666666668,high,100.0,100.0,0.0,100.0,100.0,100.0,66.66666666666667,33.333333333333336
28123,"Scott County, Mississippi",MS,2626,77.06666666666668,high,100.0,100.0,0.0,100.0,100.0,100.0,66.66666666666667,33.333333333333336
53071,"Walla Walla County, Washington",WA,2627,68.26666666666668,medium,100.0,66.66666666666667,0.0,100.0,100.0,66.66666666666667,66.66666666666667,33.333333333333336
48125,"Dickens County, Texas",TX,2628,58.93333333333334,medium,33.333333333333336,100.0,0.0,100.0,66.66666666666667,66.66666666666667,66.66666666666667,33.333333333333336
49005,"Cache County, Utah",UT,2629,77.06666666666668,high,100.0,100.0,0.0,100.0,100.0,100.0,66.66666666666667,33.333333333333336
41025,"Harney County, Oregon",OR,2630,73.33333333333334,high,100.0,100.0,0.0,100.0,100.0,66.66666666666667,66.66666666666667,33.333333333333336
08111,"San Juan County, Colorado",CO,2631,68.00000000000001,medium,66.66666666666667,100.0,0.0,100.0,100.0,66.66666666666667,66.66666666666667,33.333333333333336
08037,"Eagle County, Colorado",CO,2632,77.06666666666668,high,100.0,100.0,0.0,100.0,100.0,100.0,66.66666666666667,33.333333333333336
38093,"Stutsman County, North Dakota",ND,2633,77.06666666666668,high,100.0,100.0,0.0,100.0,100.0,100.0,66.66666666666667,33.333333333333336
05073,"Lafayette County, Arkansas",AR,2634,68.00000000000001,medium,66.66666666666667,100.0,0.0,100.0,100.0,66.66666666666667,66.66666666666667,33.333333333333336
30055,"McCone County, Montana",MT,2635,68.00000000000001,medium,66.66666666666667,100.0,0.0,100.0,100.0,66.66666666666667,66.66666666666667,33.333333333333336
31137,"Phelps County, Nebraska",NE,2636,77.06666666666668,high,100.0,100.0,0.0,100.0,100.0,100.0,66.66666666666667,33.333333333333336
48065,"Carson County, Texas",TX,2637,73.33333333333334,high,100.0,100.0,0.0,100.0,100.0,66.66666666666667,66.66666666666667,33.333333333333336
32029,"Storey County, Nevada",NV,2638,77.06666666666668,high,100.0,100.0,0.0,100.0,100.0,100.0,66.66666666666667,33.333333333333336
12131,"Walton County, Florida",FL,2639,77.06666666666668,high,100.0,100.0,0.0,100.0,100.0,100.0,66.66666666666667,33.333333333333336
31099,"Kearney County, Nebraska",NE,2640,77.06666666666668,high,100.0,100.0,0.0,100.0,100.0,100.0,66.66666666666667,33.333333333333336
28159,"Winston County, Mississippi",MS,2641,77.06666666666668,high,100.0,100.0,0.0,100.0,100.0,100.0,66.66666666666667,33.333333333333336
48189,"Hale County, Texas",TX,2642,77.06666666666668,high,100.0,100.0,0.0,100.0,100.0,100.0,66.66666666666667,33.333333333333336
48023,"Baylor County, Texas",TX,2643,68.00000000000001,medium,66.66666666666667,100.0,0.0,100.0,100.0,66.66666666666667,66.66666666666667,33.333333333333336
56011,"Crook County, Wyoming",WY,2644,68.26666666666668,medium,100.0,66.66666666666667,0.0,100.0,100.0,66.66666666666667,66.66666666666667,33.333333333333336
48155,"Foard County, Texas",TX,2645,58.93333333333334,medium,33.333333333333336,100.0,0.0,100.0,66.66666666666667,66.66666666666667,66.66666666666667,33.333333333333336
56013,"Fremont County, Wyoming",WY,2646,72.00000000000001,high,100.0,66.66666666666667,0.0,100.0,100.0,100.0,66.66666666666667,33.333333333333336
47155,"Sevier County, Tennessee",TN,2647,77.06666666666668,high,100.0,100.0,0.0,100.0,100.0,100.0,66.66666666666667,33.333333333333336
48459,"Upshur County, Texas",TX,2648,77.06666666666668,high,100.0,100.0,0.0,100.0,100.0,100.0,66.66666666666667,33.333333333333336
12115,"Sarasota County, Florida",FL,2649,77.06666666666668,high,100.0,100.0,0.0,100.0,100.0,100.0,66.66666666666667,33.333333333333336
50001,"Addison County, Vermont",VT,2650,73.33333333333334,high,100.0,100.0,0.0,100.0,100.0,66.66666666666667,66.66666666666667,33.333333333333336
04011,"Greenlee County, Arizona",AZ,2651,71.73333333333335,high,66.66666666666667,100.0,0.0,100.0,100.0,100.0,66.66666666666667,33.333333333333336
49003,"Box Elder County, Utah",UT,2652,77.06666666666668,high,100.0,100.0,0.0,100.0,100.0,100.0,66.66666666666667,33.333333333333336
48477,"Washington County, Texas",TX,2653,77.06666666666668,high,100.0,100.0,0.0,100.0,100.0,100.0,66.66666666666667,33.333333333333336
06057,"Nevada County, California",CA,2654,77.06666666666668,high,100.0,100.0,0.0,100.0,100.0,100.0,66.66666666666667,33.333333333333336
06071,"San Bernardino County, California",CA,2655,77.06666666666668,high,100.0,100.0,0.0,100.0,100.0,100.0,66.66666666666667,33.333333333333336
48039,"Brazoria County, Texas",TX,2656,77.06666666666668,high,100.0,100.0,0.0,100.0,100.0,100.0,66.66666666666667,33.333333333333336
35033,"Mora County, New Mexico",NM,2657,39.2,low,0.0,100.0,0.0,0.0,66.66666666666667,66.66666666666667,66.66666666666667,33.333333333333336
21057,"Cumberland County, Kentucky",KY,2658,68.00000000000001,medium,66.66666666666667,100.0,0.0,100.0,100.0,66.66666666666667,66.66666666666667,33.333333333333336
06075,"San Francisco County, California",CA,2659,73.33333333333334,high,100.0,100.0,0.0,100.0,100.0,66.66666666666667,66.66666666666667,33.333333333333336
22099,"St. Martin Parish, Louisiana",LA,2660,77.06666666666668,high,100.0,100.0,0.0,100.0,100.0,100.0,66.66666666666667,33.333333333333336
48369,"Parmer County, Texas",TX,2661,68.00000000000001,medium,66.66666666666667,100.0,0.0,100.0,100.0,66.66666666666667,66.66666666666667,33.333333333333336
12041,"Gilchrist County, Florida",FL,2662,77.06666666666668,high,100.0,100.0,0.0,100.0,100.0,100.0,66.66666666666667,33.333333333333336
45051,"Horry County, South Carolina",SC,2663,73.33333333333334,high,100.0,100.0,0.0,100.0,100.0,66.66666666666667,66.66666666666667,33.333333333333336
41057,"Tillamook County, Oregon",OR,2664,77.06666666666668,high,100.0,100.0,0.0,100.0,100.0,100.0,66.66666666666667,33.333333333333336
16069,"Nez Perce County, Idaho",ID,2665,73.33333333333334,high,100.0,100.0,0.0,100.0,100.0,66.66666666666667,66.66666666666667,33.333333333333336
40007,"Beaver County, Oklahoma",OK,2666,68.00000000000001,medium,66.66666666666667,100.0,0.0,100.0,100.0,66.66666666666667,66.66666666666667,33.333333333333336
37095,"Hyde County, North Carolina",NC,2667,71.73333333333335,high,66.66666666666667,100.0,0.0,100.0,100.0,100.0,66.66666666666667,33.333333333333336
49055,"Wayne County, Utah",UT,2668,62.66666666666666,medium,33.333333333333336,100.0,0.0,100.0,100.0,66.66666666666667,66.66666666666667,33.333333333333336
48033,"Borden County, Texas",TX,2669,39.2,low,0.0,100.0,0.0,0.0,66.66666666666667,66.66666666666667,66.66666666666667,33.333333333333336
47119,"Maury County, Tennessee",TN,2670,77.06666666666668,high,100.0,100.0,0.0,100.0,100.0,100.0,66.66666666666667,33.333333333333336
48009,"Archer County, Texas",TX,2671,77.06666666666668,high,100.0,100.0,0.0,100.0,100.0,100.0,66.66666666666667,33.333333333333336
48211,"Hemphill County, Texas",TX,2672,68.00000000000001,medium,66.66666666666667,100.0,0.0,100.0,100.0,66.66666666666667,66.66666666666667,33.333333333333336
53003,"Asotin County, Washington",WA,2673,68.26666666666668,medium,100.0,66.66666666666667,0.0,100.0,100.0,66.66666666666667,66.66666666666667,33.333333333333336
48121,"Denton County, Texas",TX,2674,77.06666666666668,high,100.0,100.0,0.0,100.0,100.0,100.0,66.66666666666667,33.333333333333336
06099,"Stanislaus County, California",CA,2675,77.06666666666668,high,100.0,100.0,0.0,100.0,100.0,100.0,66.66666666666667,33.333333333333336
08019,"Clear Creek County, Colorado",CO,2676,77.06666666666668,high,100.0,100.0,0.0,100.0,100.0,100.0,66.66666666666667,33.333333333333336
06013,"Contra Costa County, California",CA,2677,77.06666666666668,high,100.0,100.0,0.0,100.0,100.0,100.0,66.66666666666667,33.333333333333336
38061,"Mountrail County, North Dakota",ND,2678,68.00000000000001,medium,66.66666666666667,100.0,0.0,100.0,100.0,66.66666666666667,66.66666666666667,33.333333333333336
16049,"Idaho County, Idaho",ID,2679,73.33333333333334,high,100.0,100.0,0.0,100.0,100.0,66.66666666666667,66.66666666666667,33.333333333333336
22097,"St. Landry Parish, Louisiana",LA,2680,77.06666666666668,high,100.0,100.0,0.0,100.0,100.0,100.0,66.66666666666667,33.333333333333336
12123,"Taylor County, Florida",FL,2681,77.06666666666668,high,100.0,100.0,0.0,100.0,100.0,100.0,66.66666666666667,33.333333333333336
16055,"Kootenai County, Idaho",ID,2682,77.06666666666668,high,100.0,100.0,0.0,100.0,100.0,100.0,66.66666666666667,33.333333333333336
45005,"Allendale County, South Carolina",SC,2683,71.73333333333335,high,66.66666666666667,100.0,0.0,100.0,100.0,100.0,66.66666666666667,33.333333333333336
06081,"San Mateo County, California",CA,2684,77.06666666666668,high,100.0,100.0,0.0,100.0,100.0,100.0,66.66666666666667,33.333333333333336
46003,"Aurora County, South Dakota",SD,2685,46.666666666666664,medium,0.0,100.0,0.0,0.0,100.0,100.0,66.66666666666667,33.333333333333336
48499,"Wood County, Texas",TX,2686,77.06666666666668,high,100.0,100.0,0.0,100.0,100.0,100.0,66.66666666666667,33.333333333333336
48317,"Martin County, Texas",TX,2687,62.66666666666666,medium,33.333333333333336,100.0,0.0,100.0,100.0,66.66666666666667,66.66666666666667,33.333333333333336
12047,"Hamilton County, Florida",FL,2688,77.06666666666668,high,100.0,100.0,0.0,100.0,100.0,100.0,66.66666666666667,33.333333333333336
16087,"Washington County, Idaho",ID,2689,77.06666666666668,high,100.0,100.0,0.0,100.0,100.0,100.0,66.66666666666667,33.333333333333336
04017,"Navajo County, Arizona",AZ,2690,77.06666666666668,high,100.0,100.0,0.0,100.0,100.0,100.0,66.66666666666667,33.333333333333336
28085,"Lincoln County, Mississippi",MS,2691,77.06666666666668,high,100.0,100.0,0.0,100.0,100.0,100.0,66.66666666666667,33.333333333333336
48077,"Clay County, Texas",TX,2692,73.33333333333334,high,100.0,100.0,0.0,100.0,100.0,66.66666666666667,66.66666666666667,33.333333333333336
31057,"Dundy County, Nebraska",NE,2693,62.66666666666666,medium,33.333333333333336,100.0,0.0,100.0,100.0,66.66666666666667,66.66666666666667,33.333333333333336
35011,"De Baca County, New Mexico",NM,2694,58.93333333333334,medium,33.333333333333336,100.0,0.0,100.0,66.66666666666667,66.66666666666667,66.66666666666667,33.333333333333336
42057,"Fulton County, Pennsylvania",PA,2695,77.06666666666668,high,100.0,100.0,0.0,100.0,100.0,100.0,66.66666666666667,33.333333333333336
06067,"Sacramento County, California",CA,2696,77.06666666666668,high,100.0,100.0,0.0,100.0,100.0,100.0,66.66666666666667,33.333333333333336
49035,"Salt Lake County, Utah",UT,2697,77.06666666666668,high,100.0,100.0,0.0,100.0,100.0,100.0,66.66666666666667,33.333333333333336
01085,"Lowndes County, Alabama",AL,2698,71.73333333333335,high,66.66666666666667,100.0,0.0,100.0,100.0,100.0,66.66666666666667,33.333333333333336
48503,"Young County, Texas",TX,2699,77.06666666666668,high,100.0,100.0,0.0,100.0,100.0,100.0,66.66666666666667,33.333333333333336
48057,"Calhoun County, Texas",TX,2700,77.06666666666668,high,100.0,100.0,0.0,100.0,100.0,100.0,66.66666666666667,33.333333333333336
02290,"Yukon-Koyukuk Census Area, Alaska",AK,2701,39.2,low,0.0,100.0,0.0,0.0,100.0,33.333333333333336,66.66666666666667,33.333333333333336
47169,"Trousdale County, Tennessee",TN,2702,77.06666666666668,high,100.0,100.0,0.0,100.0,100.0,100.0,66.66666666666667,33.333333333333336
48435,"Sutton County, Texas",TX,2703,68.00000000000001,medium,66.66666666666667,100.0,0.0,100.0,100.0,66.66666666666667,66.66666666666667,33.333333333333336
48449,"Titus County, Texas",TX,2704,77.06666666666668,high,100.0,100.0,0.0,100.0,100.0,100.0,66.66666666666667,33.333333333333336
28025,"Clay County, Mississippi",MS,2705,71.73333333333335,high,66.66666666666667,100.0,0.0,100.0,100.0,100.0,66.66666666666667,33.333333333333336
08039,"Elbert County, Colorado",CO,2706,77.06666666666668,high,100.0,100.0,0.0,100.0,100.0,100.0,66.66666666666667,33.333333333333336
32027,"Pershing County, Nevada",NV,2707,68.00000000000001,medium,66.66666666666667,100.0,0.0,100.0,100.0,66.66666666666667,66.66666666666667,33.333333333333336
02188,"Northwest Arctic Borough, Alaska",AK,2708,39.2,low,0.0,100.0,0.0,0.0,100.0,33.333333333333336,66.66666666666667,33.333333333333336
46029,"Codington County, South Dakota",SD,2709,77.06666666666668,high,100.0,100.0,0.0,100.0,100.0,100.0,66.66666666666667,33.333333333333336
42037,"Columbia County, Pennsylvania",PA,2710,77.06666666666668,high,100.0,100.0,0.0,100.0,100.0,100.0,66.66666666666667,33.333333333333336
12067,"Lafayette County, Florida",FL,2711,71.73333333333335,high,66.66666666666667,100.0,0.0,100.0,100.0,100.0,66.66666666666667,33.333333333333336
41013,"Crook County, Oregon",OR,2712,77.06666666666668,high,100.0,100.0,0.0,100.0,100.0,100.0,66.66666666666667,33.333333333333336
16027,"Canyon County, Idaho",ID,2713,77.06666666666668,high,100.0,100.0,0.0,100.0,100.0,100.0,66.66666666666667,33.333333333333336
30021,"Dawson County, Montana",MT,2714,73.33333333333334,high,100.0,100.0,0.0,100.0,100.0,66.66666666666667,66.66666666666667,33.333333333333336
46067,"Hutchinson County, South Dakota",SD,2715,77.06666666666668,high,100.0,100.0,0.0,100.0,100.0,100.0,66.66666666666667,33.333333333333336
47187,"Williamson County, Tennessee",TN,2716,77.06666666666668,high,100.0,100.0,0.0,100.0,100.0,100.0,66.66666666666667,33.333333333333336
48129,"Donley County, Texas",TX,2717,62.66666666666666,medium,33.333333333333336,100.0,0.0,100.0,100.0,66.66666666666667,66.66666666666667,33.333333333333336
48279,"Lamb County, Texas",TX,2718,73.33333333333334,high,100.0,100.0,0.0,100.0,100.0,66.66666666666667,66.66666666666667,33.333333333333336
06085,"Santa Clara County, California",CA,2719,77.06666666666668,high,100.0,100.0,0.0,100.0,100.0,100.0,66.66666666666667,33.333333333333336
27125,"Red Lake County, Minnesota",MN,2720,68.00000000000001,medium,66.66666666666667,100.0,0.0,100.0,100.0,66.66666666666667,66.66666666666667,33.333333333333336
06005,"Amador County, California",CA,2721,77.06666666666668,high,100.0,100.0,0.0,100.0,100.0,100.0,66.66666666666667,33.333333333333336
38051,"McIntosh County, North Dakota",ND,2722,42.93333333333334,medium,0.0,100.0,0.0,0.0,100.0,66.66666666666667,66.66666666666667,33.333333333333336
06007,"Butte County, California",CA,2723,77.06666666666668,high,100.0,100.0,0.0,100.0,100.0,100.0,66.66666666666667,33.333333333333336
28077,"Lawrence County, Mississippi",MS,2724,71.73333333333335,high,66.66666666666667,100.0,0.0,100.0,100.0,100.0,66.66666666666667,33.333333333333336
42059,"Greene County, Pennsylvania",PA,2725,77.06666666666668,high,100.0,100.0,0.0,100.0,100.0,100.0,66.66666666666667,33.333333333333336
02070,"Dillingham Census Area, Alaska",AK,2726,39.2,low,0.0,100.0,0.0,0.0,100.0,33.333333333333336,66.66666666666667,33.333333333333336
28107,"Panola County, Mississippi",MS,2727,77.06666666666668,high,100.0,100.0,0.0,100.0,100.0,100.0,66.66666666666667,33.333333333333336
29035,"Carter County, Missouri",MO,2728,68.00000000000001,medium,66.66666666666667,100.0,0.0,100.0,100.0,66.66666666666667,66.66666666666667,33.333333333333336
31077,"Greeley County, Nebraska",NE,2729,68.00000000000001,medium,66.66666666666667,100.0,0.0,100.0,100.0,66.66666666666667,66.66666666666667,33.333333333333336
06047,"Merced County, California",CA,2730,77.06666666666668,high,100.0,100.0,0.0,100.0,100.0,100.0,66.66666666666667,33.333333333333336
12015,"Charlotte County, Florida",FL,2731,77.06666666666668,high,100.0,100.0,0.0,100.0,100.0,100.0,66.66666666666667,33.333333333333336
46102,"Oglala Lakota County, South Dakota",SD,2732,39.2,low,0.0,100.0,0.0,0.0,66.66666666666667,66.66666666666667,66.66666666666667,33.333333333333336
48353,"Nolan County, Texas",TX,2733,73.33333333333334,high,100.0,100.0,0.0,100.0,100.0,66.66666666666667,66.66666666666667,33.333333333333336
29209,"Stone County, Missouri",MO,2734,77.06666666666668,high,100.0,100.0,0.0,100.0,100.0,100.0,66.66666666666667,33.333333333333336
49039,"Sanpete County, Utah",UT,2735,77.06666666666668,high,100.0,100.0,0.0,100.0,100.0,100.0,66.66666666666667,33.333333333333336
32023,"Nye County, Nevada",NV,2736,73.33333333333334,high,100.0,100.0,0.0,100.0,66.66666666666667,100.0,66.66666666666667,33.333333333333336
48035,"Bosque County, Texas",TX,2737,77.06666666666668,high,100.0,100.0,0.0,100.0,100.0,100.0,66.66666666666667,33.333333333333336
06077,"San Joaquin County, California",CA,2738,77.06666666666668,high,100.0,100.0,0.0,100.0,100.0,100.0,66.66666666666667,33.333333333333336
05039,"Dallas County, Arkansas",AR,2739,71.73333333333335,high,66.66666666666667,100.0,0.0,100.0,100.0,100.0,66.66666666666667,33.333333333333336
48463,"Uvalde County, Texas",TX,2740,77.06666666666668,high,100.0,100.0,0.0,100.0,100.0,100.0,66.66666666666667,33.333333333333336
08041,"El Paso County, Colorado",CO,2741,77.06666666666668,high,100.0,100.0,0.0,100.0,100.0,100.0,66.66666666666667,33.333333333333336
05041,"Desha County, Arkansas",AR,2742,71.73333333333335,high,66.66666666666667,100.0,0.0,100.0,100.0,100.0,66.66666666666667,33.333333333333336
49015,"Emery County, Utah",UT,2743,68.00000000000001,medium,66.66666666666667,100.0,0.0,100.0,100.0,66.66666666666667,66.66666666666667,33.333333333333336
28133,"Sunflower County, Mississippi",MS,2744,77.06666666666668,high,100.0,100.0,0.0,100.0,100.0,100.0,66.66666666666667,33.333333333333336
22053,"Jefferson Davis Parish, Louisiana",LA,2745,77.06666666666668,high,100.0,100.0,0.0,100.0,100.0,100.0,66.66666666666667,33.333333333333336
51610,"Falls Church city, Virginia",VA,2746,68.26666666666668,medium,100.0,66.66666666666667,0.0,100.0,100.0,66.66666666666667,66.66666666666667,33.333333333333336
16075,"Payette County, Idaho",ID,2747,73.33333333333334,high,100.0,100.0,0.0,100.0,100.0,66.66666666666667,66.66666666666667,33.333333333333336
06041,"Marin County, California",CA,2748,77.06666666666668,high,100.0,100.0,0.0,100.0,100.0,100.0,66.66666666666667,33.333333333333336
12013,"Calhoun County, Florida",FL,2749,77.06666666666668,high,100.0,100.0,0.0,100.0,100.0,100.0,66.66666666666667,33.333333333333336
31073,"Gosper County, Nebraska",NE,2750,71.73333333333335,high,66.66666666666667,100.0,0.0,100.0,100.0,100.0,66.66666666666667,33.333333333333336
30019,"Daniels County, Montana",MT,2751,68.00000000000001,medium,66.66666666666667,100.0,0.0,100.0,100.0,66.66666666666667,66.66666666666667,33.333333333333336
22103,"St. Tammany Parish, Louisiana",LA,2752,73.33333333333334,high,100.0,100.0,0.0,100.0,100.0,66.66666666666667,66.66666666666667,33.333333333333336
48347,"Nacogdoches County, Texas",TX,2753,77.06666666666668,high,100.0,100.0,0.0,100.0,100.0,100.0,66.66666666666667,33.333333333333336
48047,"Brooks County, Texas",TX,2754,66.39999999999999,medium,33.333333333333336,100.0,0.0,100.0,100.0,100.0,66.66666666666667,33.333333333333336
47101,"Lewis County, Tennessee",TN,2755,77.06666666666668,high,100.0,100.0,0.0,100.0,100.0,100.0,66.66666666666667,33.333333333333336
08085,"Montrose County, Colorado",CO,2756,77.06666666666668,high,100.0,100.0,0.0,100.0,100.0,100.0,66.66666666666667,33.333333333333336
06103,"Tehama County, California",CA,2757,77.06666666666668,high,100.0,100.0,0.0,100.0,100.0,100.0,66.66666666666667,33.333333333333336
48133,"Eastland County, Texas",TX,2758,77.06666666666668,high,100.0,100.0,0.0,100.0,100.0,100.0,66.66666666666667,33.333333333333336
53065,"Stevens County, Washington",WA,2759,68.26666666666668,medium,100.0,66.66666666666667,0.0,100.0,100.0,66.66666666666667,66.66666666666667,33.333333333333336
30091,"Sheridan County, Montana",MT,2760,68.00000000000001,medium,66.66666666666667,100.0,0.0,100.0,100.0,66.66666666666667,66.66666666666667,33.333333333333336
41015,"Curry County, Oregon",OR,2761,77.06666666666668,high,100.0,100.0,0.0,100.0,100.0,100.0,66.66666666666667,33.333333333333336
08035,"Douglas County, Colorado",CO,2762,77.06666666666668,high,100.0,100.0,0.0,100.0,100.0,100.0,66.66666666666667,33.333333333333336
48493,"Wilson County, Texas",TX,2763,77.06666666666668,high,100.0,100.0,0.0,100.0,100.0,100.0,66.66666666666667,33.333333333333336
46085,"Lyman County, South Dakota",SD,2764,42.93333333333334,medium,0.0,100.0,0.0,0.0,100.0,66.66666666666667,66.66666666666667,33.333333333333336
16035,"Clearwater County, Idaho",ID,2765,73.33333333333334,high,100.0,100.0,0.0,100.0,100.0,66.66666666666667,66.66666666666667,33.333333333333336
05139,"Union County, Arkansas",AR,2766,77.06666666666668,high,100.0,100.0,0.0,100.0,100.0,100.0,66.66666666666667,33.333333333333336
16053,"Jerome County, Idaho",ID,2767,73.33333333333334,high,100.0,100.0,0.0,100.0,100.0,66.66666666666667,66.66666666666667,33.333333333333336
21013,"Bell County, Kentucky",KY,2768,77.06666666666668,high,100.0,100.0,0.0,100.0,100.0,100.0,66.66666666666667,33.333333333333336
46063,"Harding County, South Dakota",SD,2769,62.66666666666666,medium,33.333333333333336,100.0,0.0,100.0,100.0,66.66666666666667,66.66666666666667,33.333333333333336
22007,"Assumption Parish, Louisiana",LA,2770,77.06666666666668,high,100.0,100.0,0.0,100.0,100.0,100.0,66.66666666666667,33.333333333333336
22121,"West Baton Rouge Parish, Louisiana",LA,2771,77.06666666666668,high,100.0,100.0,0.0,100.0,100.0,100.0,66.66666666666667,33.333333333333336
22109,"Terrebonne Parish, Louisiana",LA,2772,73.33333333333334,high,100.0,100.0,0.0,100.0,100.0,66.66666666666667,66.66666666666667,33.333333333333336
08083,"Montezuma County, Colorado",CO,2773,77.06666666666668,high,100.0,100.0,0.0,100.0,100.0,100.0,66.66666666666667,33.333333333333336
35047,"San Miguel County, New Mexico",NM,2774,77.06666666666668,high,100.0,100.0,0.0,100.0,100.0,100.0,66.66666666666667,33.333333333333336
16051,"Jefferson County, Idaho",ID,2775,77.06666666666668,high,100.0,100.0,0.0,100.0,100.0,100.0,66.66666666666667,33.333333333333336
53075,"Whitman County, Washington",WA,2776,68.26666666666668,medium,100.0,66.66666666666667,0.0,100.0,100.0,66.66666666666667,66.66666666666667,33.333333333333336
31127,"Nemaha County, Nebraska",NE,2777,73.33333333333334,high,100.0,100.0,0.0,100.0,100.0,66.66666666666667,66.66666666666667,33.333333333333336
53019,"Ferry County, Washington",WA,2778,72.00000000000001,high,100.0,66.66666666666667,0.0,100.0,100.0,100.0,66.66666666666667,33.333333333333336
38087,"Slope County, North Dakota",ND,2779,42.93333333333334,medium,0.0,100.0,0.0,0.0,100.0,66.66666666666667,66.66666666666667,33.333333333333336
06063,"Plumas County, California",CA,2780,77.06666666666668,high,100.0,100.0,0.0,100.0,100.0,100.0,66.66666666666667,33.333333333333336
46091,"Marshall County, South Dakota",SD,2781,73.33333333333334,high,100.0,100.0,0.0,100.0,100.0,66.66666666666667,66.66666666666667,33.333333333333336
28031,"Covington County, Mississippi",MS,2782,77.06666666666668,high,100.0,100.0,0.0,100.0,100.0,100.0,66.66666666666667,33.333333333333336
30015,"Chouteau County, Montana",MT,2783,68.00000000000001,medium,66.66666666666667,100.0,0.0,100.0,100.0,66.66666666666667,66.66666666666667,33.333333333333336
40077,"Latimer County, Oklahoma",OK,2784,68.00000000000001,medium,66.66666666666667,100.0,0.0,100.0,100.0,66.66666666666667,66.66666666666667,33.333333333333336
05027,"Columbia County, Arkansas",AR,2785,77.06666666666668,high,100.0,100.0,0.0,100.0,100.0,100.0,66.66666666666667,33.333333333333336
28111,"Perry County, Mississippi",MS,2786,71.73333333333335,high,66.66666666666667,100.0,0.0,100.0,100.0,100.0,66.66666666666667,33.333333333333336
48469,"Victoria County, Texas",TX,2787,73.33333333333334,high,100.0,100.0,0.0,100.0,100.0,66.66666666666667,66.66666666666667,33.333333333333336
53063,"Spokane County, Washington",WA,2788,68.26666666666668,medium,100.0,66.66666666666667,0.0,100.0,66.66666666666667,100.0,66.66666666666667,33.333333333333336
06055,"Napa County, California",CA,2789,77.06666666666668,high,100.0,100.0,0.0,100.0,100.0,100.0,66.66666666666667,33.333333333333336
01025,"Clarke County, Alabama",AL,2790,77.06666666666668,high,100.0,100.0,0.0,100.0,100.0,100.0,66.66666666666667,33.333333333333336
45057,"Lancaster County, South Carolina",SC,2791,77.06666666666668,high,100.0,100.0,0.0,100.0,100.0,100.0,66.66666666666667,33.333333333333336
28099,"Neshoba County, Mississippi",MS,2792,77.06666666666668,high,100.0,100.0,0.0,100.0,100.0,100.0,66.66666666666667,33.333333333333336
12021,"Collier County, Florida",FL,2793,77.06666666666668,high,100.0,100.0,0.0,100.0,100.0,100.0,66.66666666666667,33.333333333333336
37141,"Pender County, North Carolina",NC,2794,77.06666666666668,high,100.0,100.0,0.0,100.0,100.0,100.0,66.66666666666667,33.333333333333336
30045,"Judith Basin County, Montana",MT,2795,64.26666666666667,medium,66.66666666666667,100.0,0.0,100.0,66.66666666666667,66.66666666666667,66.66666666666667,33.333333333333336
48497,"Wise County, Texas",TX,2796,77.06666666666668,high,100.0,100.0,0.0,100.0,100.0,100.0,66.66666666666667,33.333333333333336
12089,"Nassau County, Florida",FL,2797,77.06666666666668,high,100.0,100.0,0.0,100.0,100.0,100.0,66.66666666666667,33.333333333333336
22061,"Lincoln Parish, Louisiana",LA,2798,77.06666666666668,high,100.0,100.0,0.0,100.0,100.0,100.0,66.66666666666667,33.333333333333336
38009,"Bottineau County, North Dakota",ND,2799,71.73333333333335,high,66.66666666666667,100.0,0.0,100.0,100.0,100.0,66.66666666666667,33.333333333333336
13307,"Webster County, Georgia",GA,2800,71.73333333333335,high,66.66666666666667,100.0,0.0,100.0,100.0,100.0,66.66666666666667,33.333333333333336
41031,"Jefferson County, Oregon",OR,2801,73.33333333333334,high,100.0,100.0,0.0,100.0,100.0,66.66666666666667,66.66666666666667,33.333333333333336
30017,"Custer County, Montana",MT,2802,77.06666666666668,high,100.0,100.0,0.0,100.0,100.0,100.0,66.66666666666667,33.333333333333336
48187,"Guadalupe County, Texas",TX,2803,77.06666666666668,high,100.0,100.0,0.0,100.0,100.0,100.0,66.66666666666667,33.333333333333336
46023,"Charles Mix County, South Dakota",SD,2804,71.73333333333335,high,66.66666666666667,100.0,0.0,100.0,100.0,100.0,66.66666666666667,33.333333333333336
53055,"San Juan County, Washington",WA,2805,72.00000000000001,high,100.0,66.66666666666667,0.0,100.0,100.0,100.0,66.66666666666667,33.333333333333336
08001,"Adams County, Colorado",CO,2806,77.06666666666668,high,100.0,100.0,0.0,100.0,100.0,100.0,66.66666666666667,33.333333333333336
31029,"Chase County, Nebraska",NE,2807,68.00000000000001,medium,66.66666666666667,100.0,0.0,100.0,100.0,66.66666666666667,66.66666666666667,33.333333333333336
08117,"Summit County, Colorado",CO,2808,77.06666666666668,high,100.0,100.0,0.0,100.0,100.0,100.0,66.66666666666667,33.333333333333336
48417,"Shackelford County, Texas",TX,2809,64.26666666666667,medium,66.66666666666667,100.0,0.0,100.0,66.66666666666667,66.66666666666667,66.66666666666667,33.333333333333336
02195,"Petersburg Borough, Alaska",AK,2810,60.53333333333334,medium,66.66666666666667,100.0,0.0,100.0,66.66666666666667,33.333333333333336,66.66666666666667,33.333333333333336
06011,"Colusa County, California",CA,2811,77.06666666666668,high,100.0,100.0,0.0,100.0,100.0,100.0,66.66666666666667,33.333333333333336
46047,"Fall River County, South Dakota",SD,2812,77.06666666666668,high,100.0,100.0,0.0,100.0,100.0,100.0,66.66666666666667,33.333333333333336
48105,"Crockett County, Texas",TX,2813,58.93333333333334,medium,33.333333333333336,100.0,0.0,100.0,66.66666666666667,66.66666666666667,66.66666666666667,33.333333333333336
48367,"Parker County, Texas",TX,2814,77.06666666666668,high,100.0,100.0,0.0,100.0,100.0,100.0,66.66666666666667,33.333333333333336
48185,"Grimes County, Texas",TX,2815,77.06666666666668,high,100.0,100.0,0.0,100.0,100.0,100.0,66.66666666666667,33.333333333333336
32019,"Lyon County, Nevada",NV,2816,77.06666666666668,high,100.0,100.0,0.0,100.0,100.0,100.0,66.66666666666667,33.333333333333336
48251,"Johnson County, Texas",TX,2817,77.06666666666668,high,100.0,100.0,0.0,100.0,100.0,100.0,66.66666666666667,33.333333333333336
20179,"Sheridan County, Kansas",KS,2818,64.26666666666667,medium,66.66666666666667,100.0,0.0,100.0,66.66666666666667,66.66666666666667,66.66666666666667,33.333333333333336
48341,"Moore County, Texas",TX,2819,73.33333333333334,high,100.0,100.0,0.0,100.0,100.0,66.66666666666667,66.66666666666667,33.333333333333336
16059,"Lemhi County, Idaho",ID,2820,73.33333333333334,high,100.0,100.0,0.0,100.0,100.0,66.66666666666667,66.66666666666667,33.333333333333336
31069,"Garden County, Nebraska",NE,2821,71.73333333333335,high,66.66666666666667,100.0,0.0,100.0,100.0,100.0,66.66666666666667,33.333333333333336
48095,"Concho County, Texas",TX,2822,68.00000000000001,medium,66.66666666666667,100.0,0.0,100.0,100.0,66.66666666666667,66.66666666666667,33.333333333333336
48237,"Jack County, Texas",TX,2823,77.06666666666668,high,100.0,100.0,0.0,100.0,100.0,100.0,66.66666666666667,33.333333333333336
31011,"Boone County, Nebraska",NE,2824,73.33333333333334,high,100.0,100.0,0.0,100.0,100.0,66.66666666666667,66.66666666666667,33.333333333333336
16079,"Shoshone County, Idaho",ID,2825,77.06666666666668,high,100.0,100.0,0.0,100.0,100.0,100.0,66.66666666666667,33.333333333333336
16015,"Boise County, Idaho",ID,2826,73.33333333333334,high,100.0,100.0,0.0,100.0,100.0,66.66666666666667,66.66666666666667,33.333333333333336
48013,"Atascosa County, Texas",TX,2827,77.06666666666668,high,100.0,100.0,0.0,100.0,100.0,100.0,66.66666666666667,33.333333333333336
38079,"Rolette County, North Dakota",ND,2828,46.666666666666664,medium,0.0,100.0,0.0,0.0,100.0,100.0,66.66666666666667,33.333333333333336
48325,"Medina County, Texas",TX,2829,77.06666666666668,high,100.0,100.0,0.0,100.0,100.0,100.0,66.66666666666667,33.333333333333336
32005,"Douglas County, Nevada",NV,2830,77.06666666666668,high,100.0,100.0,0.0,100.0,100.0,100.0,66.66666666666667,33.333333333333336
30047,"Lake County, Montana",MT,2831,77.06666666666668,high,100.0,100.0,0.0,100.0,100.0,100.0,66.66666666666667,33.333333333333336
28101,"Newton County, Mississippi",MS,2832,77.06666666666668,high,100.0,100.0,0.0,100.0,100.0,100.0,66.66666666666667,33.333333333333336
48085,"Collin County, Texas",TX,2833,77.06666666666668,high,100.0,100.0,0.0,100.0,100.0,100.0,66.66666666666667,33.333333333333336
06001,"Alameda County, California",CA,2834,77.06666666666668,high,100.0,100.0,0.0,100.0,100.0,100.0,66.66666666666667,33.333333333333336
08059,"Jefferson County, Colorado",CO,2835,77.06666666666668,high,100.0,100.0,0.0,100.0,100.0,100.0,66.66666666666667,33.333333333333336
41023,"Grant County, Oregon",OR,2836,77.06666666666668,high,100.0,100.0,0.0,100.0,100.0,100.0,66.66666666666667,33.333333333333336
38005,"Benson County, North Dakota",ND,2837,71.73333333333335,high,66.66666666666667,100.0,0.0,100.0,100.0,100.0,66.66666666666667,33.333333333333336
28083,"Leflore County, Mississippi",MS,2838,77.06666666666668,high,100.0,100.0,0.0,100.0,100.0,100.0,66.66666666666667,33.333333333333336
41033,"Josephine County, Oregon",OR,2839,73.33333333333334,high,100.0,100.0,0.0,100.0,100.0,66.66666666666667,66.66666666666667,33.333333333333336
48473,"Waller County, Texas",TX,2840,77.06666666666668,high,100.0,100.0,0.0,100.0,100.0,100.0,66.66666666666667,33.333333333333336
12069,"Lake County, Florida",FL,2841,77.06666666666668,high,100.0,100.0,0.0,100.0,100.0,100.0,66.66666666666667,33.333333333333336
08053,"Hinsdale County, Colorado",CO,2842,68.00000000000001,medium,66.66666666666667,100.0,0.0,100.0,100.0,66.66666666666667,66.66666666666667,33.333333333333336
19177,"Van Buren County, Iowa",IA,2843,71.73333333333335,high,66.66666666666667,100.0,0.0,100.0,100.0,100.0,66.66666666666667,33.333333333333336
48277,"Lamar County, Texas",TX,2844,77.06666666666668,high,100.0,100.0,0.0,100.0,100.0,100.0,66.66666666666667,33.333333333333336
28019,"Choctaw County, Mississippi",MS,2845,71.73333333333335,high,66.66666666666667,100.0,0.0,100.0,100.0,100.0,66.66666666666667,33.333333333333336
48281,"Lampasas County, Texas",TX,2846,73.33333333333334,high,100.0,100.0,0.0,100.0,100.0,66.66666666666667,66.66666666666667,33.333333333333336
28055,"Issaquena County, Mississippi",MS,2847,39.73333333333333,low,0.0,100.0,0.0,0.0,66.66666666666667,100.0,66.66666666666667,0.0
22009,"Avoyelles Parish, Louisiana",LA,2848,73.33333333333334,high,100.0,100.0,0.0,100.0,100.0,66.66666666666667,66.66666666666667,33.333333333333336
08011,"Bent County, Colorado",CO,2849,68.00000000000001,medium,66.66666666666667,100.0,0.0,100.0,100.0,66.66666666666667,66.66666666666667,33.333333333333336
45039,"Fairfield County, South Carolina",SC,2850,77.06666666666668,high,100.0,100.0,0.0,100.0,100.0,100.0,66.66666666666667,33.333333333333336
05043,"Drew County, Arkansas",AR,2851,77.06666666666668,high,100.0,100.0,0.0,100.0,100.0,100.0,66.66666666666667,33.333333333333336
48475,"Ward County, Texas",TX,2852,73.33333333333334,high,100.0,100.0,0.0,100.0,100.0,66.66666666666667,66.66666666666667,33.333333333333336
12027,"DeSoto County, Florida",FL,2853,77.06666666666668,high,100.0,100.0,0.0,100.0,100.0,100.0,66.66666666666667,33.333333333333336
48397,"Rockwall County, Texas",TX,2854,77.06666666666668,high,100.0,100.0,0.0,100.0,100.0,100.0,66.66666666666667,33.333333333333336
16083,"Twin Falls County, Idaho",ID,2855,77.06666666666668,high,100.0,100.0,0.0,100.0,100.0,100.0,66.66666666666667,33.333333333333336
48069,"Castro County, Texas",TX,2856,68.00000000000001,medium,66.66666666666667,100.0,0.0,100.0,100.0,66.66666666666667,66.66666666666667,33.333333333333336
48007,"Aransas County, Texas",TX,2857,77.06666666666668,high,100.0,100.0,0.0,100.0,100.0,100.0,66.66666666666667,33.333333333333336
45011,"Barnwell County, South Carolina",SC,2858,77.06666666666668,high,100.0,100.0,0.0,100.0,100.0,100.0,66.66666666666667,33.333333333333336
30109,"Wibaux County, Montana",MT,2859,68.00000000000001,medium,66.66666666666667,100.0,0.0,100.0,100.0,66.66666666666667,66.66666666666667,33.333333333333336
35053,"Socorro County, New Mexico",NM,2860,73.33333333333334,high,100.0,100.0,0.0,100.0,66.66666666666667,100.0,66.66666666666667,33.333333333333336
30089,"Sanders County, Montana",MT,2861,73.33333333333334,high,100.0,100.0,0.0,100.0,66.66666666666667,100.0,66.66666666666667,33.333333333333336
22031,"De Soto Parish, Louisiana",LA,2862,77.06666666666668,high,100.0,100.0,0.0,100.0,100.0,100.0,66.66666666666667,33.333333333333336
49019,"Grand County, Utah",UT,2863,77.06666666666668,high,100.0,100.0,0.0,100.0,100.0,100.0,66.66666666666667,33.333333333333336
22111,"Union Parish, Louisiana",LA,2864,77.06666666666668,high,100.0,100.0,0.0,100.0,100.0,100.0,66.66666666666667,33.333333333333336
06059,"Orange County, California",CA,2865,77.06666666666668,high,100.0,100.0,0.0,100.0,100.0,100.0,66.66666666666667,33.333333333333336
48213,"Henderson County, Texas",TX,2866,77.06666666666668,high,100.0,100.0,0.0,100.0,100.0,100.0,66.66666666666667,33.333333333333336
30103,"Treasure County, Montana",MT,2867,64.26666666666667,medium,66.66666666666667,100.0,0.0,100.0,66.66666666666667,66.66666666666667,66.66666666666667,33.333333333333336
01119,"Sumter County, Alabama",AL,2868,71.73333333333335,high,66.66666666666667,100.0,0.0,100.0,100.0,100.0,66.66666666666667,33.333333333333336
45069,"Marlboro County, South Carolina",SC,2869,77.06666666666668,high,100.0,100.0,0.0,100.0,100.0,100.0,66.66666666666667,33.333333333333336
06021,"Glenn County, California",CA,2870,77.06666666666668,high,100.0,100.0,0.0,100.0,100.0,100.0,66.66666666666667,33.333333333333336
04007,"Gila County, Arizona",AZ,2871,77.06666666666668,high,100.0,100.0,0.0,100.0,100.0,100.0,66.66666666666667,33.333333333333336
38043,"Kidder County, North Dakota",ND,2872,68.00000000000001,medium,66.66666666666667,100.0,0.0,100.0,100.0,66.66666666666667,66.66666666666667,33.333333333333336
28017,"Chickasaw County, Mississippi",MS,2873,71.73333333333335,high,66.66666666666667,100.0,0.0,100.0,100.0,100.0,66.66666666666667,33.333333333333336
49021,"Iron County, Utah",UT,2874,73.33333333333334,high,100.0,100.0,0.0,100.0,100.0,66.66666666666667,66.66666666666667,33.333333333333336
48399,"Runnels County, Texas",TX,2875,73.33333333333334,high,100.0,100.0,0.0,100.0,100.0,66.66666666666667,66.66666666666667,33.333333333333336
06053,"Monterey County, California",CA,2876,77.06666666666668,high,100.0,100.0,0.0,100.0,100.0,100.0,66.66666666666667,33.333333333333336
48363,"Palo Pinto County, Texas",TX,2877,77.06666666666668,high,100.0,100.0,0.0,100.0,100.0,100.0,66.66666666666667,33.333333333333336
31117,"McPherson County, Nebraska",NE,2878,68.00000000000001,medium,66.66666666666667,100.0,0.0,100.0,100.0,66.66666666666667,66.66666666666667,33.333333333333336
48221,"Hood County, Texas",TX,2879,77.06666666666668,high,100.0,100.0,0.0,100.0,100.0,100.0,66.66666666666667,33.333333333333336
12081,"Manatee County, Florida",FL,2880,77.06666666666668,high,100.0,100.0,0.0,100.0,100.0,100.0,66.66666666666667,33.333333333333336
48001,"Anderson County, Texas",TX,2881,77.06666666666668,high,100.0,100.0,0.0,100.0,100.0,100.0,66.66666666666667,33.333333333333336
38069,"Pierce County, North Dakota",ND,2882,42.93333333333334,medium,0.0,100.0,0.0,0.0,100.0,66.66666666666667,66.66666666666667,33.333333333333336
48343,"Morris County, Texas",TX,2883,73.33333333333334,high,100.0,100.0,0.0,100.0,100.0,66.66666666666667,66.66666666666667,33.333333333333336
28011,"Bolivar County, Mississippi",MS,2884,77.06666666666668,high,100.0,100.0,0.0,100.0,100.0,100.0,66.66666666666667,33.333333333333336
48265,"Kerr County, Texas",TX,2885,77.06666666666668,high,100.0,100.0,0.0,100.0,100.0,100.0,66.66666666666667,33.333333333333336
36061,"New York County, New York",NY,2886,68.00000000000001,medium,66.66666666666667,100.0,0.0,100.0,100.0,66.66666666666667,66.66666666666667,33.333333333333336
48429,"Stephens County, Texas",TX,2887,77.06666666666668,high,100.0,100.0,0.0,100.0,100.0,100.0,66.66666666666667,33.333333333333336
08031,"Denver County, Colorado",CO,2888,73.33333333333334,high,100.0,100.0,0.0,100.0,100.0,66.66666666666667,66.66666666666667,33.333333333333336
16043,"Fremont County, Idaho",ID,2889,73.33333333333334,high,100.0,100.0,0.0,100.0,100.0,66.66666666666667,66.66666666666667,33.333333333333336
12087,"Monroe County, Florida",FL,2890,77.06666666666668,high,100.0,100.0,0.0,100.0,100.0,100.0,66.66666666666667,33.333333333333336
28007,"Attala County, Mississippi",MS,2891,77.06666666666668,high,100.0,100.0,0.0,100.0,100.0,100.0,66.66666666666667,33.333333333333336
35027,"Lincoln County, New Mexico",NM,2892,77.06666666666668,high,100.0,100.0,0.0,100.0,100.0,100.0,66.66666666666667,33.333333333333336
22077,"Pointe Coupee Parish, Louisiana",LA,2893,73.33333333333334,high,100.0,100.0,0.0,100.0,100.0,66.66666666666667,66.66666666666667,33.333333333333336
01065,"Hale County, Alabama",AL,2894,77.06666666666668,high,100.0,100.0,0.0,100.0,100.0,100.0,66.66666666666667,33.333333333333336
48137,"Edwards County, Texas",TX,2895,39.2,low,0.0,100.0,0.0,0.0,66.66666666666667,66.66666666666667,66.66666666666667,33.333333333333336
22071,"Orleans Parish, Louisiana",LA,2896,77.06666666666668,high,100.0,100.0,0.0,100.0,100.0,100.0,66.66666666666667,33.333333333333336
31115,"Loup County, Nebraska",NE,2897,62.66666666666666,medium,33.333333333333336,100.0,0.0,100.0,100.0,66.66666666666667,66.66666666666667,33.333333333333336
06003,"Alpine County, California",CA,2898,68.00000000000001,medium,66.66666666666667,100.0,0.0,100.0,100.0,66.66666666666667,66.66666666666667,33.333333333333336
46039,"Deuel County, South Dakota",SD,2899,68.00000000000001,medium,66.66666666666667,100.0,0.0,100.0,100.0,66.66666666666667,66.66666666666667,33.333333333333336
28069,"Kemper County, Mississippi",MS,2900,68.00000000000001,medium,66.66666666666667,100.0,0.0,100.0,66.66666666666667,100.0,66.66666666666667,33.333333333333336
48501,"Yoakum County, Texas",TX,2901,68.00000000000001,medium,66.66666666666667,100.0,0.0,100.0,100.0,66.66666666666667,66.66666666666667,33.333333333333336
08014,"Broomfield County, Colorado",CO,2902,73.33333333333334,high,100.0,100.0,0.0,100.0,100.0,66.66666666666667,66.66666666666667,33.333333333333336
40089,"McCurtain County, Oklahoma",OK,2903,77.06666666666668,high,100.0,100.0,0.0,100.0,100.0,100.0,66.66666666666667,33.333333333333336
06109,"Tuolumne County, California",CA,2904,73.33333333333334,high,100.0,100.0,0.0,100.0,66.66666666666667,100.0,66.66666666666667,33.333333333333336
30075,"Powder River County, Montana",MT,2905,64.26666666666667,medium,66.66666666666667,100.0,0.0,100.0,66.66666666666667,66.66666666666667,66.66666666666667,33.333333333333336
21175,"Morgan County, Kentucky",KY,2906,71.73333333333335,high,66.66666666666667,100.0,0.0,100.0,100.0,100.0,66.66666666666667,33.333333333333336
48067,"Cass County, Texas",TX,2907,77.06666666666668,high,100.0,100.0,0.0,100.0,100.0,100.0,66.66666666666667,33.333333333333336
22123,"West Carroll Parish, Louisiana",LA,2908,71.73333333333335,high,66.66666666666667,100.0,0.0,100.0,100.0,100.0,66.66666666666667,33.333333333333336
06093,"Siskiyou County, California",CA,2909,77.06666666666668,high,100.0,100.0,0.0,100.0,100.0,100.0,66.66666666666667,33.333333333333336
22049,"Jackson Parish, Louisiana",LA,2910,77.06666666666668,high,100.0,100.0,0.0,100.0,100.0,100.0,66.66666666666667,33.333333333333336
08115,"Sedgwick County, Colorado",CO,2911,68.00000000000001,medium,66.66666666666667,100.0,0.0,100.0,100.0,66.66666666666667,66.66666666666667,33.333333333333336
40129,"Roger Mills County, Oklahoma",OK,2912,68.00000000000001,medium,66.66666666666667,100.0,0.0,100.0,100.0,66.66666666666667,66.66666666666667,33.333333333333336
01063,"Greene County, Alabama",AL,2913,71.73333333333335,high,66.66666666666667,100.0,0.0,100.0,100.0,100.0,66.66666666666667,33.333333333333336
22001,"Acadia Parish, Louisiana",LA,2914,77.06666666666668,high,100.0,100.0,0.0,100.0,100.0,100.0,66.66666666666667,33.333333333333336
48319,"Mason County, Texas",TX,2915,68.00000000000001,medium,66.66666666666667,100.0,0.0,100.0,100.0,66.66666666666667,66.66666666666667,33.333333333333336
08005,"Arapahoe County, Colorado",CO,2916,77.06666666666668,high,100.0,100.0,0.0,100.0,100.0,100.0,66.66666666666667,33.333333333333336
28103,"Noxubee County, Mississippi",MS,2917,71.73333333333335,high,66.66666666666667,100.0,0.0,100.0,100.0,100.0,66.66666666666667,33.333333333333336
01131,"Wilcox County, Alabama",AL,2918,71.73333333333335,high,66.66666666666667,100.0,0.0,100.0,100.0,100.0,66.66666666666667,33.333333333333336
12043,"Glades County, Florida",FL,2919,71.73333333333335,high,66.66666666666667,100.0,0.0,100.0,100.0,100.0,66.66666666666667,33.333333333333336
02240,"Southeast Fairbanks Census Area, Alaska",AK,2920,60.53333333333334,medium,66.66666666666667,100.0,0.0,100.0,66.66666666666667,33.333333333333336,66.66666666666667,33.333333333333336
48359,"Oldham County, Texas",TX,2921,42.93333333333334,medium,0.0,100.0,0.0,0.0,100.0,66.66666666666667,66.66666666666667,33.333333333333336
16021,"Boundary County, Idaho",ID,2922,73.33333333333334,high,100.0,100.0,0.0,100.0,100.0,66.66666666666667,66.66666666666667,33.333333333333336
16045,"Gem County, Idaho",ID,2923,73.33333333333334,high,100.0,100.0,0.0,100.0,100.0,66.66666666666667,66.66666666666667,33.333333333333336
48139,"Ellis County, Texas",TX,2924,77.06666666666668,high,100.0,100.0,0.0,100.0,100.0,100.0,66.66666666666667,33.333333333333336
48259,"Kendall County, Texas",TX,2925,77.06666666666668,high,100.0,100.0,0.0,100.0,100.0,100.0,66.66666666666667,33.333333333333336
48099,"Coryell County, Texas",TX,2926,77.06666666666668,high,100.0,100.0,0.0,100.0,100.0,100.0,66.66666666666667,33.333333333333336
48293,"Limestone County, Texas",TX,2927,77.06666666666668,high,100.0,100.0,0.0,100.0,100.0,100.0,66.66666666666667,33.333333333333336
22047,"Iberville Parish, Louisiana",LA,2928,77.06666666666668,high,100.0,100.0,0.0,100.0,100.0,100.0,66.66666666666667,33.333333333333336
22067,"Morehouse Parish, Louisiana",LA,2929,77.06666666666668,high,100.0,100.0,0.0,100.0,100.0,100.0,66.66666666666667,33.333333333333336
06083,"Santa Barbara County, California",CA,2930,77.06666666666668,high,100.0,100.0,0.0,100.0,100.0,100.0,66.66666666666667,33.333333333333336
16025,"Camas County, Idaho",ID,2931,68.00000000000001,medium,66.66666666666667,100.0,0.0,100.0,100.0,66.66666666666667,66.66666666666667,33.333333333333336
48283,"La Salle County, Texas",TX,2932,62.66666666666666,medium,33.333333333333336,100.0,0.0,100.0,100.0,66.66666666666667,66.66666666666667,33.333333333333336
06101,"Sutter County, California",CA,2933,73.33333333333334,high,100.0,100.0,0.0,100.0,100.0,66.66666666666667,66.66666666666667,33.333333333333336
48481,"Wharton County, Texas",TX,2934,77.06666666666668,high,100.0,100.0,0.0,100.0,100.0,100.0,66.66666666666667,33.333333333333336
08071,"Las Animas County, Colorado",CO,2935,77.06666666666668,high,100.0,100.0,0.0,100.0,100.0,100.0,66.66666666666667,33.333333333333336
06113,"Yolo County, California",CA,2936,77.06666666666668,high,100.0,100.0,0.0,100.0,100.0,100.0,66.66666666666667,33.333333333333336
06087,"Santa Cruz County, California",CA,2937,77.06666666666668,high,100.0,100.0,0.0,100.0,100.0,100.0,66.66666666666667,33.333333333333336
12065,"Jefferson County, Florida",FL,2938,77.06666666666668,high,100.0,100.0,0.0,100.0,100.0,100.0,66.66666666666667,33.333333333333336
48219,"Hockley County, Texas",TX,2939,73.33333333333334,high,100.0,100.0,0.0,100.0,100.0,66.66666666666667,66.66666666666667,33.333333333333336
01023,"Choctaw County, Alabama",AL,2940,66.39999999999999,medium,33.333333333333336,100.0,0.0,100.0,100.0,100.0,66.66666666666667,33.333333333333336
48019,"Bandera County, Texas",TX,2941,77.06666666666668,high,100.0,100.0,0.0,100.0,100.0,100.0,66.66666666666667,33.333333333333336
08125,"Yuma County, Colorado",CO,2942,73.33333333333334,high,100.0,100.0,0.0,100.0,100.0,66.66666666666667,66.66666666666667,33.333333333333336
02220,"Sitka City and Borough, Alaska",AK,2943,73.33333333333334,high,100.0,100.0,0.0,100.0,66.66666666666667,100.0,66.66666666666667,33.333333333333336
48073,"Cherokee County, Texas",TX,2944,77.06666666666668,high,100.0,100.0,0.0,100.0,100.0,100.0,66.66666666666667,33.333333333333336
16061,"Lewis County, Idaho",ID,2945,68.00000000000001,medium,66.66666666666667,100.0,0.0,100.0,100.0,66.66666666666667,66.66666666666667,33.333333333333336
08061,"Kiowa County, Colorado",CO,2946,68.00000000000001,medium,66.66666666666667,100.0,0.0,100.0,100.0,66.66666666666667,66.66666666666667,33.333333333333336
22083,"Richland Parish, Louisiana",LA,2947,77.06666666666668,high,100.0,100.0,0.0,100.0,100.0,100.0,66.66666666666667,33.333333333333336
48391,"Refugio County, Texas",TX,2948,71.73333333333335,high,66.66666666666667,100.0,0.0,100.0,100.0,100.0,66.66666666666667,33.333333333333336
06037,"Los Angeles County, California",CA,2949,77.06666666666668,high,100.0,100.0,0.0,100.0,100.0,100.0,66.66666666666667,33.333333333333336
06069,"San Benito County, California",CA,2950,77.06666666666668,high,100.0,100.0,0.0,100.0,100.0,100.0,66.66666666666667,33.333333333333336
31065,"Furnas County, Nebraska",NE,2951,77.06666666666668,high,100.0,100.0,0.0,100.0,100.0,100.0,66.66666666666667,33.333333333333336
48177,"Gonzales County, Texas",TX,2952,77.06666666666668,high,100.0,100.0,0.0,100.0,100.0,100.0,66.66666666666667,33.333333333333336
30033,"Garfield County, Montana",MT,2953,68.00000000000001,medium,66.66666666666667,100.0,0.0,100.0,100.0,66.66666666666667,66.66666666666667,33.333333333333336
30041,"Hill County, Montana",MT,2954,73.33333333333334,high,100.0,100.0,0.0,100.0,100.0,66.66666666666667,66.66666666666667,33.333333333333336
48337,"Montague County, Texas",TX,2955,77.06666666666668,high,100.0,100.0,0.0,100.0,100.0,100.0,66.66666666666667,33.333333333333336
48145,"Falls County, Texas",TX,2956,73.33333333333334,high,100.0,100.0,0.0,100.0,100.0,66.66666666666667,66.66666666666667,33.333333333333336
01075,"Lamar County, Alabama",AL,2957,71.73333333333335,high,66.66666666666667,100.0,0.0,100.0,100.0,100.0,66.66666666666667,33.333333333333336
48453,"Travis County, Texas",TX,2958,77.06666666666668,high,100.0,100.0,0.0,100.0,100.0,100.0,66.66666666666667,33.333333333333336
48365,"Panola County, Texas",TX,2959,73.33333333333334,high,100.0,100.0,0.0,100.0,100.0,66.66666666666667,66.66666666666667,33.333333333333336
38037,"Grant County, North Dakota",ND,2960,42.93333333333334,medium,0.0,100.0,0.0,0.0,100.0,66.66666666666667,66.66666666666667,33.333333333333336
08123,"Weld County, Colorado",CO,2961,77.06666666666668,high,100.0,100.0,0.0,100.0,100.0,100.0,66.66666666666667,33.333333333333336
48147,"Fannin County, Texas",TX,2962,77.06666666666668,high,100.0,100.0,0.0,100.0,100.0,100.0,66.66666666666667,33.333333333333336
48173,"Glasscock County, Texas",TX,2963,58.93333333333334,medium,33.333333333333336,100.0,0.0,100.0,66.66666666666667,66.66666666666667,66.66666666666667,33.333333333333336
06091,"Sierra County, California",CA,2964,77.06666666666668,high,100.0,100.0,0.0,100.0,100.0,100.0,66.66666666666667,33.333333333333336
48305,"Lynn County, Texas",TX,2965,68.00000000000001,medium,66.66666666666667,100.0,0.0,100.0,100.0,66.66666666666667,66.66666666666667,33.333333333333336
48407,"San Jacinto County, Texas",TX,2966,77.06666666666668,high,100.0,100.0,0.0,100.0,100.0,100.0,66.66666666666667,33.333333333333336
48171,"Gillespie County, Texas",TX,2967,73.33333333333334,high,100.0,100.0,0.0,100.0,100.0,66.66666666666667,66.66666666666667,33.333333333333336
30087,"Rosebud County, Montana",MT,2968,77.06666666666668,high,100.0,100.0,0.0,100.0,100.0,100.0,66.66666666666667,33.333333333333336
45053,"Jasper County, South Carolina",SC,2969,77.06666666666668,high,100.0,100.0,0.0,100.0,100.0,100.0,66.66666666666667,33.333333333333336
53043,"Lincoln County, Washington",WA,2970,68.26666666666668,medium,100.0,66.66666666666667,0.0,100.0,100.0,66.66666666666667,66.66666666666667,33.333333333333336
22043,"Grant Parish, Louisiana",LA,2971,77.06666666666668,high,100.0,100.0,0.0,100.0,100.0,100.0,66.66666666666667,33.333333333333336
53039,"Klickitat County, Washington",WA,2972,68.26666666666668,medium,100.0,66.66666666666667,0.0,100.0,100.0,66.66666666666667,66.66666666666667,33.333333333333336
48457,"Tyler County, Texas",TX,2973,77.06666666666668,high,100.0,100.0,0.0,100.0,100.0,100.0,66.66666666666667,33.333333333333336
48299,"Llano County, Texas",TX,2974,77.06666666666668,high,100.0,100.0,0.0,100.0,100.0,100.0,66.66666666666667,33.333333333333336
16003,"Adams County, Idaho",ID,2975,73.33333333333334,high,100.0,100.0,0.0,100.0,100.0,66.66666666666667,66.66666666666667,33.333333333333336
08003,"Alamosa County, Colorado",CO,2976,73.33333333333334,high,100.0,100.0,0.0,100.0,100.0,66.66666666666667,66.66666666666667,33.333333333333336
12075,"Levy County, Florida",FL,2977,77.06666666666668,high,100.0,100.0,0.0,100.0,100.0,100.0,66.66666666666667,33.333333333333336
22037,"East Feliciana Parish, Louisiana",LA,2978,77.06666666666668,high,100.0,100.0,0.0,100.0,100.0,100.0,66.66666666666667,33.333333333333336
05013,"Calhoun County, Arkansas",AR,2979,68.00000000000001,medium,66.66666666666667,100.0,0.0,100.0,100.0,66.66666666666667,66.66666666666667,33.333333333333336
22093,"St. James Parish, Louisiana",LA,2980,77.06666666666668,high,100.0,100.0,0.0,100.0,100.0,100.0,66.66666666666667,33.333333333333336
05099,"Nevada County, Arkansas",AR,2981,42.93333333333334,medium,0.0,100.0,0.0,0.0,100.0,66.66666666666667,66.66666666666667,33.333333333333336
22075,"Plaquemines Parish, Louisiana",LA,2982,77.06666666666668,high,100.0,100.0,0.0,100.0,100.0,100.0,66.66666666666667,33.333333333333336
22119,"Webster Parish, Louisiana",LA,2983,77.06666666666668,high,100.0,100.0,0.0,100.0,100.0,100.0,66.66666666666667,33.333333333333336
31171,"Thomas County, Nebraska",NE,2984,62.66666666666666,medium,33.333333333333336,100.0,0.0,100.0,100.0,66.66666666666667,66.66666666666667,33.333333333333336
35031,"McKinley County, New Mexico",NM,2985,77.06666666666668,high,100.0,100.0,0.0,100.0,100.0,100.0,66.66666666666667,33.333333333333336
12101,"Pasco County, Florida",FL,2986,77.06666666666668,high,100.0,100.0,0.0,100.0,100.0,100.0,66.66666666666667,33.333333333333336
12111,"St. Lucie County, Florida",FL,2987,77.06666666666668,high,100.0,100.0,0.0,100.0,100.0,100.0,66.66666666666667,33.333333333333336
48119,"Delta County, Texas",TX,2988,68.00000000000001,medium,66.66666666666667,100.0,0.0,100.0,100.0,66.66666666666667,66.66666666666667,33.333333333333336
28061,"Jasper County, Mississippi",MS,2989,77.06666666666668,high,100.0,100.0,0.0,100.0,100.0,100.0,66.66666666666667,33.333333333333336
22035,"East Carroll Parish, Louisiana",LA,2990,62.66666666666666,medium,33.333333333333336,100.0,0.0,100.0,100.0,66.66666666666667,66.66666666666667,33.333333333333336
48389,"Reeves County, Texas",TX,2991,68.00000000000001,medium,66.66666666666667,100.0,0.0,100.0,100.0,66.66666666666667,66.66666666666667,33.333333333333336
05011,"Bradley County, Arkansas",AR,2992,68.00000000000001,medium,66.66666666666667,100.0,0.0,100.0,100.0,66.66666666666667,66.66666666666667,33.333333333333336
06043,"Mariposa County, California",CA,2993,73.33333333333334,high,100.0,100.0,0.0,100.0,100.0,66.66666666666667,66.66666666666667,33.333333333333336
22023,"Cameron Parish, Louisiana",LA,2994,71.73333333333335,high,66.66666666666667,100.0,0.0,100.0,100.0,100.0,66.66666666666667,33.333333333333336
08073,"Lincoln County, Colorado",CO,2995,73.33333333333334,high,100.0,100.0,0.0,100.0,100.0,66.66666666666667,66.66666666666667,33.333333333333336
08121,"Washington County, Colorado",CO,2996,68.00000000000001,medium,66.66666666666667,100.0,0.0,100.0,100.0,66.66666666666667,66.66666666666667,33.333333333333336
41065,"Wasco County, Oregon",OR,2997,73.33333333333334,high,100.0,100.0,0.0,100.0,100.0,66.66666666666667,66.66666666666667,33.333333333333336
28005,"Amite County, Mississippi",MS,2998,77.06666666666668,high,100.0,100.0,0.0,100.0,100.0,100.0,66.66666666666667,33.333333333333336
12029,"Dixie County, Florida",FL,2999,71.73333333333335,high,66.66666666666667,100.0,0.0,100.0,100.0,100.0,66.66666666666667,33.333333333333336
48393,"Roberts County, Texas",TX,3000,39.2,low,0.0,100.0,0.0,0.0,66.66666666666667,66.66666666666667,66.66666666666667,33.333333333333336
48297,"Live Oak County, Texas",TX,3001,73.33333333333334,high,100.0,100.0,0.0,100.0,100.0,66.66666666666667,66.66666666666667,33.333333333333336
31071,"Garfield County, Nebraska",NE,3002,68.00000000000001,medium,66.66666666666667,100.0,0.0,100.0,100.0,66.66666666666667,66.66666666666667,33.333333333333336
28143,"Tunica County, Mississippi",MS,3003,71.73333333333335,high,66.66666666666667,100.0,0.0,100.0,100.0,100.0,66.66666666666667,33.333333333333336
38045,"LaMoure County, North Dakota",ND,3004,68.00000000000001,medium,66.66666666666667,100.0,0.0,100.0,100.0,66.66666666666667,66.66666666666667,33.333333333333336
38033,"Golden Valley County, North Dakota",ND,3005,62.66666666666666,medium,33.333333333333336,100.0,0.0,100.0,100.0,66.66666666666667,66.66666666666667,33.333333333333336
16065,"Madison County, Idaho",ID,3006,73.33333333333334,high,100.0,100.0,0.0,100.0,100.0,66.66666666666667,66.66666666666667,33.333333333333336
06073,"San Diego County, California",CA,3007,77.06666666666668,high,100.0,100.0,0.0,100.0,100.0,100.0,66.66666666666667,33.333333333333336
48015,"Austin County, Texas",TX,3008,77.06666666666668,high,100.0,100.0,0.0,100.0,100.0,100.0,66.66666666666667,33.333333333333336
01091,"Marengo County, Alabama",AL,3009,77.06666666666668,high,100.0,100.0,0.0,100.0,100.0,100.0,66.66666666666667,33.333333333333336
48431,"Sterling County, Texas",TX,3010,58.93333333333334,medium,33.333333333333336,100.0,0.0,100.0,66.66666666666667,66.66666666666667,66.66666666666667,33.333333333333336
48229,"Hudspeth County, Texas",TX,3011,39.2,low,0.0,100.0,0.0,0.0,66.66666666666667,66.66666666666667,66.66666666666667,33.333333333333336
48491,"Williamson County, Texas",TX,3012,77.06666666666668,high,100.0,100.0,0.0,100.0,100.0,100.0,66.66666666666667,33.333333333333336
48169,"Garza County, Texas",TX,3013,68.00000000000001,medium,66.66666666666667,100.0,0.0,100.0,100.0,66.66666666666667,66.66666666666667,33.333333333333336
31085,"Hayes County, Nebraska",NE,3014,71.73333333333335,high,66.66666666666667,100.0,0.0,100.0,100.0,100.0,66.66666666666667,33.333333333333336
48083,"Coleman County, Texas",TX,3015,68.00000000000001,medium,66.66666666666667,100.0,0.0,100.0,100.0,66.66666666666667,66.66666666666667,33.333333333333336
41045,"Malheur County, Oregon",OR,3016,73.33333333333334,high,100.0,100.0,0.0,100.0,100.0,66.66666666666667,66.66666666666667,33.333333333333336
48103,"Crane County, Texas",TX,3017,68.00000000000001,medium,66.66666666666667,100.0,0.0,100.0,100.0,66.66666666666667,66.66666666666667,33.333333333333336
48445,"Terry County, Texas",TX,3018,68.00000000000001,medium,66.66666666666667,100.0,0.0,100.0,100.0,66.66666666666667,66.66666666666667,33.333333333333336
16011,"Bingham County, Idaho",ID,3019,73.33333333333334,high,100.0,100.0,0.0,100.0,100.0,66.66666666666667,66.66666666666667,33.333333333333336
48149,"Fayette County, Texas",TX,3020,77.06666666666668,high,100.0,100.0,0.0,100.0,100.0,100.0,66.66666666666667,33.333333333333336
16077,"Power County, Idaho",ID,3021,73.33333333333334,high,100.0,100.0,0.0,100.0,100.0,66.66666666666667,66.66666666666667,33.333333333333336
38023,"Divide County, North Dakota",ND,3022,42.93333333333334,medium,0.0,100.0,0.0,0.0,100.0,66.66666666666667,66.66666666666667,33.333333333333336
48471,"Walker County, Texas",TX,3023,77.06666666666668,high,100.0,100.0,0.0,100.0,100.0,100.0,66.66666666666667,33.333333333333336
41069,"Wheeler County, Oregon",OR,3024,64.26666666666667,medium,66.66666666666667,100.0,0.0,100.0,66.66666666666667,66.66666666666667,66.66666666666667,33.333333333333336
48205,"Hartley County, Texas",TX,3025,69.60000000000001,medium,100.0,100.0,0.0,100.0,66.66666666666667,66.66666666666667,66.66666666666667,33.333333333333336
05017,"Chicot County, Arkansas",AR,3026,71.73333333333335,high,66.66666666666667,100.0,0.0,100.0,100.0,100.0,66.66666666666667,33.333333333333336
48351,"Newton County, Texas",TX,3027,68.00000000000001,medium,66.66666666666667,100.0,0.0,100.0,66.66666666666667,100.0,66.66666666666667,33.333333333333336
48427,"Starr County, Texas",TX,3028,77.06666666666668,high,100.0,100.0,0.0,100.0,100.0,100.0,66.66666666666667,33.333333333333336
38083,"Sheridan County, North Dakota",ND,3029,68.00000000000001,medium,66.66666666666667,100.0,0.0,100.0,100.0,66.66666666666667,66.66666666666667,33.333333333333336
46019,"Butte County, South Dakota",SD,3030,77.06666666666668,high,100.0,100.0,0.0,100.0,100.0,100.0,66.66666666666667,33.333333333333336
16041,"Franklin County, Idaho",ID,3031,73.33333333333334,high,100.0,100.0,0.0,100.0,100.0,66.66666666666667,66.66666666666667,33.333333333333336
28119,"Quitman County, Mississippi",MS,3032,46.666666666666664,medium,0.0,100.0,0.0,0.0,100.0,100.0,66.66666666666667,33.333333333333336
28157,"Wilkinson County, Mississippi",MS,3033,71.73333333333335,high,66.66666666666667,100.0,0.0,100.0,100.0,100.0,66.66666666666667,33.333333333333336
48053,"Burnet County, Texas",TX,3034,77.06666666666668,high,100.0,100.0,0.0,100.0,100.0,100.0,66.66666666666667,33.333333333333336
06009,"Calaveras County, California",CA,3035,77.06666666666668,high,100.0,100.0,0.0,100.0,100.0,100.0,66.66666666666667,33.333333333333336
16009,"Benewah County, Idaho",ID,3036,77.06666666666668,high,100.0,100.0,0.0,100.0,100.0,100.0,66.66666666666667,33.333333333333336
48313,"Madison County, Texas",TX,3037,73.33333333333334,high,100.0,100.0,0.0,100.0,100.0,66.66666666666667,66.66666666666667,33.333333333333336
48159,"Franklin County, Texas",TX,3038,73.33333333333334,high,100.0,100.0,0.0,100.0,100.0,66.66666666666667,66.66666666666667,33.333333333333336
04012,"La Paz County, Arizona",AZ,3039,77.06666666666668,high,100.0,100.0,0.0,100.0,100.0,100.0,66.66666666666667,33.333333333333336
48235,"Irion County, Texas",TX,3040,64.26666666666667,medium,66.66666666666667,100.0,0.0,100.0,66.66666666666667,66.66666666666667,66.66666666666667,33.333333333333336
48025,"Bee County, Texas",TX,3041,77.06666666666668,high,100.0,100.0,0.0,100.0,100.0,100.0,66.66666666666667,33.333333333333336
48263,"Kent County, Texas",TX,3042,39.2,low,0.0,100.0,0.0,0.0,66.66666666666667,66.66666666666667,66.66666666666667,33.333333333333336
48467,"Van Zandt County, Texas",TX,3043,77.06666666666668,high,100.0,100.0,0.0,100.0,100.0,100.0,66.66666666666667,33.333333333333336
48443,"Terrell County, Texas",TX,3044,64.26666666666667,medium,66.66666666666667,100.0,0.0,100.0,66.66666666666667,66.66666666666667,66.66666666666667,33.333333333333336
48403,"Sabine County, Texas",TX,3045,73.33333333333334,high,100.0,100.0,0.0,100.0,100.0,66.66666666666667,66.66666666666667,33.333333333333336
48231,"Hunt County, Texas",TX,3046,77.06666666666668,high,100.0,100.0,0.0,100.0,100.0,100.0,66.66666666666667,33.333333333333336
22029,"Concordia Parish, Louisiana",LA,3047,73.33333333333334,high,100.0,100.0,0.0,100.0,100.0,66.66666666666667,66.66666666666667,33.333333333333336
48209,"Hays County, Texas",TX,3048,77.06666666666668,high,100.0,100.0,0.0,100.0,100.0,100.0,66.66666666666667,33.333333333333336
48249,"Jim Wells County, Texas",TX,3049,77.06666666666668,high,100.0,100.0,0.0,100.0,100.0,100.0,66.66666666666667,33.333333333333336
31015,"Boyd County, Nebraska",NE,3050,71.73333333333335,high,66.66666666666667,100.0,0.0,100.0,100.0,100.0,66.66666666666667,33.333333333333336
46109,"Roberts County, South Dakota",SD,3051,77.06666666666668,high,100.0,100.0,0.0,100.0,100.0,100.0,66.66666666666667,33.333333333333336
48163,"Frio County, Texas",TX,3052,68.00000000000001,medium,66.66666666666667,100.0,0.0,100.0,100.0,66.66666666666667,66.66666666666667,33.333333333333336
22027,"Claiborne Parish, Louisiana",LA,3053,73.33333333333334,high,100.0,100.0,0.0,100.0,100.0,66.66666666666667,66.66666666666667,33.333333333333336
35055,"Taos County, New Mexico",NM,3054,77.06666666666668,high,100.0,100.0,0.0,100.0,100.0,100.0,66.66666666666667,33.333333333333336
48089,"Colorado County, Texas",TX,3055,77.06666666666668,high,100.0,100.0,0.0,100.0,100.0,100.0,66.66666666666667,33.333333333333336
46117,"Stanley County, South Dakota",SD,3056,71.73333333333335,high,66.66666666666667,100.0,0.0,100.0,100.0,100.0,66.66666666666667,33.333333333333336
48031,"Blanco County, Texas",TX,3057,73.33333333333334,high,100.0,100.0,0.0,100.0,100.0,66.66666666666667,66.66666666666667,33.333333333333336
16073,"Owyhee County, Idaho",ID,3058,73.33333333333334,high,100.0,100.0,0.0,100.0,100.0,66.66666666666667,66.66666666666667,33.333333333333336
48161,"Freestone County, Texas",TX,3059,73.33333333333334,high,100.0,100.0,0.0,100.0,100.0,66.66666666666667,66.66666666666667,33.333333333333336
48379,"Rains County, Texas",TX,3060,77.06666666666668,high,100.0,100.0,0.0,100.0,100.0,100.0,66.66666666666667,33.333333333333336
22089,"St. Charles Parish, Louisiana",LA,3061,73.33333333333334,high,100.0,100.0,0.0,100.0,100.0,66.66666666666667,66.66666666666667,33.333333333333336
48295,"Lipscomb County, Texas",TX,3062,62.66666666666666,medium,33.333333333333336,100.0,0.0,100.0,100.0,66.66666666666667,66.66666666666667,33.333333333333336
48505,"Zapata County, Texas",TX,3063,68.00000000000001,medium,66.66666666666667,100.0,0.0,100.0,66.66666666666667,100.0,66.66666666666667,33.333333333333336
12051,"Hendry County, Florida",FL,3064,77.06666666666668,high,100.0,100.0,0.0,100.0,100.0,100.0,66.66666666666667,33.333333333333336
48081,"Coke County, Texas",TX,3065,68.00000000000001,medium,66.66666666666667,100.0,0.0,100.0,100.0,66.66666666666667,66.66666666666667,33.333333333333336
46111,"Sanborn County, South Dakota",SD,3066,71.73333333333335,high,66.66666666666667,100.0,0.0,100.0,100.0,100.0,66.66666666666667,33.333333333333336
08033,"Dolores County, Colorado",CO,3067,68.00000000000001,medium,66.66666666666667,100.0,0.0,100.0,100.0,66.66666666666667,66.66666666666667,33.333333333333336
06045,"Mendocino County, California",CA,3068,77.06666666666668,high,100.0,100.0,0.0,100.0,100.0,100.0,66.66666666666667,33.333333333333336
48175,"Goliad County, Texas",TX,3069,77.06666666666668,high,100.0,100.0,0.0,100.0,100.0,100.0,66.66666666666667,33.333333333333336
49009,"Daggett County, Utah",UT,3070,62.66666666666666,medium,33.333333333333336,100.0,0.0,100.0,100.0,66.66666666666667,66.66666666666667,33.333333333333336
48193,"Hamilton County, Texas",TX,3071,73.33333333333334,high,100.0,100.0,0.0,100.0,100.0,66.66666666666667,66.66666666666667,33.333333333333336
46071,"Jackson County, South Dakota",SD,3072,62.66666666666666,medium,33.333333333333336,100.0,0.0,100.0,100.0,66.66666666666667,66.66666666666667,33.333333333333336
38097,"Traill County, North Dakota",ND,3073,77.06666666666668,high,100.0,100.0,0.0,100.0,100.0,100.0,66.66666666666667,33.333333333333336
48239,"Jackson County, Texas",TX,3074,77.06666666666668,high,100.0,100.0,0.0,100.0,100.0,100.0,66.66666666666667,33.333333333333336
48123,"DeWitt County, Texas",TX,3075,77.06666666666668,high,100.0,100.0,0.0,100.0,100.0,100.0,66.66666666666667,33.333333333333336
31113,"Logan County, Nebraska",NE,3076,62.66666666666666,medium,33.333333333333336,100.0,0.0,100.0,100.0,66.66666666666667,66.66666666666667,33.333333333333336
01007,"Bibb County, Alabama",AL,3077,77.06666666666668,high,100.0,100.0,0.0,100.0,100.0,100.0,66.66666666666667,33.333333333333336
48285,"Lavaca County, Texas",TX,3078,77.06666666666668,high,100.0,100.0,0.0,100.0,100.0,100.0,66.66666666666667,33.333333333333336
22127,"Winn Parish, Louisiana",LA,3079,71.73333333333335,high,66.66666666666667,100.0,0.0,100.0,100.0,100.0,66.66666666666667,33.333333333333336
48447,"Throckmorton County, Texas",TX,3080,58.93333333333334,medium,33.333333333333336,100.0,0.0,100.0,66.66666666666667,66.66666666666667,66.66666666666667,33.333333333333336
22125,"West Feliciana Parish, Louisiana",LA,3081,73.33333333333334,high,100.0,100.0,0.0,100.0,100.0,66.66666666666667,66.66666666666667,33.333333333333336
06023,"Humboldt County, California",CA,3082,77.06666666666668,high,100.0,100.0,0.0,100.0,100.0,100.0,66.66666666666667,33.333333333333336
49037,"San Juan County, Utah",UT,3083,73.33333333333334,high,100.0,100.0,0.0,100.0,100.0,66.66666666666667,66.66666666666667,33.333333333333336
22069,"Natchitoches Parish, Louisiana",LA,3084,77.06666666666668,high,100.0,100.0,0.0,100.0,100.0,100.0,66.66666666666667,33.333333333333336
22081,"Red River Parish, Louisiana",LA,3085,68.00000000000001,medium,66.66666666666667,100.0,0.0,100.0,100.0,66.66666666666667,66.66666666666667,33.333333333333336
48395,"Robertson County, Texas",TX,3086,77.06666666666668,high,100.0,100.0,0.0,100.0,100.0,100.0,66.66666666666667,33.333333333333336
12125,"Union County, Florida",FL,3087,71.73333333333335,high,66.66666666666667,100.0,0.0,100.0,100.0,100.0,66.66666666666667,33.333333333333336
48257,"Kaufman County, Texas",TX,3088,77.06666666666668,high,100.0,100.0,0.0,100.0,100.0,100.0,66.66666666666667,33.333333333333336
35057,"Torrance County, New Mexico",NM,3089,69.60000000000001,medium,100.0,100.0,0.0,100.0,66.66666666666667,66.66666666666667,66.66666666666667,33.333333333333336
22041,"Franklin Parish, Louisiana",LA,3090,77.06666666666668,high,100.0,100.0,0.0,100.0,100.0,100.0,66.66666666666667,33.333333333333336
32017,"Lincoln County, Nevada",NV,3091,71.73333333333335,high,66.66666666666667,100.0,0.0,100.0,100.0,100.0,66.66666666666667,33.333333333333336
48063,"Camp County, Texas",TX,3092,73.33333333333334,high,100.0,100.0,0.0,100.0,100.0,66.66666666666667,66.66666666666667,33.333333333333336
48383,"Reagan County, Texas",TX,3093,62.66666666666666,medium,33.333333333333336,100.0,0.0,100.0,100.0,66.66666666666667,66.66666666666667,33.333333333333336
22013,"Bienville Parish, Louisiana",LA,3094,71.73333333333335,high,66.66666666666667,100.0,0.0,100.0,100.0,100.0,66.66666666666667,33.333333333333336
48241,"Jasper County, Texas",TX,3095,77.06666666666668,high,100.0,100.0,0.0,100.0,100.0,100.0,66.66666666666667,33.333333333333336
48489,"Willacy County, Texas",TX,3096,71.73333333333335,high,66.66666666666667,100.0,0.0,100.0,100.0,100.0,66.66666666666667,33.333333333333336
04001,"Apache County, Arizona",AZ,3097,77.06666666666668,high,100.0,100.0,0.0,100.0,100.0,100.0,66.66666666666667,33.333333333333336
28129,"Smith County, Mississippi",MS,3098,71.73333333333335,high,66.66666666666667,100.0,0.0,100.0,100.0,100.0,66.66666666666667,33.333333333333336
48371,"Pecos County, Texas",TX,3099,73.33333333333334,high,100.0,100.0,0.0,100.0,100.0,66.66666666666667,66.66666666666667,33.333333333333336
48413,"Schleicher County, Texas",TX,3100,42.93333333333334,medium,0.0,100.0,0.0,0.0,100.0,66.66666666666667,66.66666666666667,33.333333333333336
48127,"Dimmit County, Texas",TX,3101,68.00000000000001,medium,66.66666666666667,100.0,0.0,100.0,100.0,66.66666666666667,66.66666666666667,33.333333333333336
22091,"St. Helena Parish, Louisiana",LA,3102,66.39999999999999,medium,33.333333333333336,100.0,0.0,100.0,100.0,100.0,66.66666666666667,33.333333333333336
46073,"Jerauld County, South Dakota",SD,3103,68.00000000000001,medium,66.66666666666667,100.0,0.0,100.0,100.0,66.66666666666667,66.66666666666667,33.333333333333336
46021,"Campbell County, South Dakota",SD,3104,62.66666666666666,medium,33.333333333333336,100.0,0.0,100.0,100.0,66.66666666666667,66.66666666666667,33.333333333333336
48255,"Karnes County, Texas",TX,3105,71.73333333333335,high,66.66666666666667,100.0,0.0,100.0,100.0,100.0,66.66666666666667,33.333333333333336
48043,"Brewster County, Texas",TX,3106,73.33333333333334,high,100.0,100.0,0.0,100.0,100.0,66.66666666666667,66.66666666666667,33.333333333333336
28135,"Tallahatchie County, Mississippi",MS,3107,71.73333333333335,high,66.66666666666667,100.0,0.0,100.0,100.0,100.0,66.66666666666667,33.333333333333336
30083,"Richland County, Montana",MT,3108,77.06666666666668,high,100.0,100.0,0.0,100.0,100.0,100.0,66.66666666666667,33.333333333333336
48051,"Burleson County, Texas",TX,3109,77.06666666666668,high,100.0,100.0,0.0,100.0,100.0,100.0,66.66666666666667,33.333333333333336
46059,"Hand County, South Dakota",SD,3110,68.00000000000001,medium,66.66666666666667,100.0,0.0,100.0,100.0,66.66666666666667,66.66666666666667,33.333333333333336
31007,"Banner County, Nebraska",NE,3111,64.26666666666667,medium,66.66666666666667,100.0,0.0,100.0,66.66666666666667,66.66666666666667,66.66666666666667,33.333333333333336
48021,"Bastrop County, Texas",TX,3112,77.06666666666668,high,100.0,100.0,0.0,100.0,100.0,100.0,66.66666666666667,33.333333333333336
48307,"McCulloch County, Texas",TX,3113,73.33333333333334,high,100.0,100.0,0.0,100.0,100.0,66.66666666666667,66.66666666666667,33.333333333333336
48287,"Lee County, Texas",TX,3114,77.06666666666668,high,100.0,100.0,0.0,100.0,100.0,100.0,66.66666666666667,33.333333333333336
48267,"Kimble County, Texas",TX,3115,68.00000000000001,medium,66.66666666666667,100.0,0.0,100.0,100.0,66.66666666666667,66.66666666666667,33.333333333333336
48225,"Houston County, Texas",TX,3116,77.06666666666668,high,100.0,100.0,0.0,100.0,100.0,100.0,66.66666666666667,33.333333333333336
28015,"Carroll County, Mississippi",MS,3117,68.00000000000001,medium,66.66666666666667,100.0,0.0,100.0,66.66666666666667,100.0,66.66666666666667,33.333333333333336
48011,"Armstrong County, Texas",TX,3118,68.00000000000001,medium,66.66666666666667,100.0,0.0,100.0,100.0,66.66666666666667,66.66666666666667,33.333333333333336
22085,"Sabine Parish, Louisiana",LA,3119,73.33333333333334,high,100.0,100.0,0.0,100.0,100.0,66.66666666666667,66.66666666666667,33.333333333333336
48385,"Real County, Texas",TX,3120,68.00000000000001,medium,66.66666666666667,100.0,0.0,100.0,100.0,66.66666666666667,66.66666666666667,33.333333333333336
01105,"Perry County, Alabama",AL,3121,71.73333333333335,high,66.66666666666667,100.0,0.0,100.0,100.0,100.0,66.66666666666667,33.333333333333336
28021,"Claiborne County, Mississippi",MS,3122,71.73333333333335,high,66.66666666666667,100.0,0.0,100.0,100.0,100.0,66.66666666666667,33.333333333333336
48223,"Hopkins County, Texas",TX,3123,77.06666666666668,high,100.0,100.0,0.0,100.0,100.0,100.0,66.66666666666667,33.333333333333336
48045,"Briscoe County, Texas",TX,3124,58.93333333333334,medium,33.333333333333336,100.0,0.0,100.0,66.66666666666667,66.66666666666667,66.66666666666667,33.333333333333336
48331,"Milam County, Texas",TX,3125,73.33333333333334,high,100.0,100.0,0.0,100.0,100.0,66.66666666666667,66.66666666666667,33.333333333333336
48055,"Caldwell County, Texas",TX,3126,77.06666666666668,high,100.0,100.0,0.0,100.0,100.0,100.0,66.66666666666667,33.333333333333336
48387,"Red River County, Texas",TX,3127,68.00000000000001,medium,66.66666666666667,100.0,0.0,100.0,100.0,66.66666666666667,66.66666666666667,33.333333333333336
31165,"Sioux County, Nebraska",NE,3128,68.00000000000001,medium,66.66666666666667,100.0,0.0,100.0,100.0,66.66666666666667,66.66666666666667,33.333333333333336
48333,"Mills County, Texas",TX,3129,64.26666666666667,medium,66.66666666666667,100.0,0.0,100.0,66.66666666666667,66.66666666666667,66.66666666666667,33.333333333333336
38065,"Oliver County, North Dakota",ND,3130,68.00000000000001,medium,66.66666666666667,100.0,0.0,100.0,100.0,66.66666666666667,66.66666666666667,33.333333333333336
28125,"Sharkey County, Mississippi",MS,3131,66.39999999999999,medium,33.333333333333336,100.0,0.0,100.0,100.0,100.0,66.66666666666667,33.333333333333336
06027,"Inyo County, California",CA,3132,77.06666666666668,high,100.0,100.0,0.0,100.0,100.0,100.0,66.66666666666667,33.333333333333336
48405,"San Augustine County, Texas",TX,3133,68.00000000000001,medium,66.66666666666667,100.0,0.0,100.0,100.0,66.66666666666667,66.66666666666667,33.333333333333336
48419,"Shelby County, Texas",TX,3134,73.33333333333334,high,100.0,100.0,0.0,100.0,100.0,66.66666666666667,66.66666666666667,33.333333333333336
28063,"Jefferson County, Mississippi",MS,3135,71.73333333333335,high,66.66666666666667,100.0,0.0,100.0,100.0,100.0,66.66666666666667,33.333333333333336
48411,"San Saba County, Texas",TX,3136,68.00000000000001,medium,66.66666666666667,100.0,0.0,100.0,100.0,66.66666666666667,66.66666666666667,33.333333333333336
28037,"Franklin County, Mississippi",MS,3137,68.00000000000001,medium,66.66666666666667,100.0,0.0,100.0,66.66666666666667,100.0,66.66666666666667,33.333333333333336
46007,"Bennett County, South Dakota",SD,3138,57.333333333333336,medium,0.0,100.0,0.0,100.0,100.0,66.66666666666667,66.66666666666667,33.333333333333336
38103,"Wells County, North Dakota",ND,3139,68.00000000000001,medium,66.66666666666667,100.0,0.0,100.0,100.0,66.66666666666667,66.66666666666667,33.333333333333336
48289,"Leon County, Texas",TX,3140,77.06666666666668,high,100.0,100.0,0.0,100.0,100.0,100.0,66.66666666666667,33.333333333333336
48377,"Presidio County, Texas",TX,3141,68.00000000000001,medium,66.66666666666667,100.0,0.0,100.0,100.0,66.66666666666667,66.66666666666667,33.333333333333336
48327,"Menard County, Texas",TX,3142,58.93333333333334,medium,33.333333333333336,100.0,0.0,100.0,66.66666666666667,66.66666666666667,66.66666666666667,33.333333333333336
48243,"Jeff Davis County, Texas",TX,3143,64.26666666666667,medium,66.66666666666667,100.0,0.0,100.0,66.66666666666667,66.66666666666667,66.66666666666667,33.333333333333336
22107,"Tensas Parish, Louisiana",LA,3144,62.66666666666666,medium,33.333333333333336,100.0,0.0,100.0,100.0,66.66666666666667,66.66666666666667,33.333333333333336
