fips,year,state_abbr,s2_state_rank_pct,s2_mom_rank_pct,s2_score,quiet,universe_B,has_feb_price,s2_eligible,s2_rank_quiet_B,s2_quintile_quiet_B,s2_pct_quiet_B,s2_as_of
01001,2025,AL,0.28013029315960913,0.6069684141973298,0.4435493536784695,True,True,True,True,732.0,2.0,0.624935864545921,2026-02-28
01003,2025,AL,0.28013029315960913,0.2878541191794204,0.28399220616951476,True,True,True,True,1248.0,4.0,0.36018471010774755,2026-02-28
01005,2025,AL,0.28013029315960913,0.11396939107782482,0.19704984211871698,True,True,True,True,1492.0,4.0,0.23499230374551053,2026-02-28
01007,2025,AL,0.28013029315960913,0.16183653533051123,0.22098341424506018,True,True,True,True,1419.0,4.0,0.27244740892765523,2026-02-28
01009,2025,AL,0.28013029315960913,0.2637577336372517,0.27194401339843044,True,True,True,True,1275.0,4.0,0.34633145202668036,2026-02-28
01011,2025,AL,0.28013029315960913,0.29794855096059913,0.28903942206010413,True,True,True,True,1236.0,4.0,0.366341713699333,2026-02-28
01013,2025,AL,0.28013029315960913,0.1126668837512211,0.1963985884554151,True,True,True,True,1494.0,4.0,0.23396613648024628,2026-02-28
01015,2025,AL,0.28013029315960913,0.40833604689026376,0.3442331700249365,True,True,True,True,1059.0,3.0,0.45715751667521803,2026-02-28
01017,2025,AL,0.28013029315960913,0.3901009443178118,0.33511561873871043,True,True,True,True,1096.0,3.0,0.4381734222678297,2026-02-28
01019,2025,AL,0.28013029315960913,0.3428850537284272,0.3115076734440182,True,True,True,True,1169.0,3.0,0.40071831708568495,2026-02-28
01021,2025,AL,0.28013029315960913,0.3181374145229567,0.2991338538412829,True,True,True,True,1208.0,4.0,0.3807080554130323,2026-02-28
01023,2025,AL,0.28013029315960913,0.053728427222403126,0.16692936019100613,True,True,True,True,1580.0,5.0,0.18984094407388405,2026-02-28
01025,2025,AL,0.28013029315960913,0.04493650276782807,0.1625333979637186,True,True,True,True,1598.0,5.0,0.1806054386865059,2026-02-28
01027,2025,AL,0.28013029315960913,0.7027027027027027,0.49141649793115594,False,True,True,False,,,,2026-02-28
01029,2025,AL,0.28013029315960913,0.5698469553891241,0.4249886242743666,True,True,True,True,800.0,3.0,0.5900461775269369,2026-02-28
01031,2025,AL,0.28013029315960913,0.497557798762618,0.38884404596111355,True,True,True,True,921.0,3.0,0.5279630579784504,2026-02-28
01033,2025,AL,0.28013029315960913,0.6392054705307717,0.4596678818451904,True,True,True,True,680.0,2.0,0.6516162134427912,2026-02-28
01035,2025,AL,0.28013029315960913,0.14164767176815368,0.2108889824638814,True,True,True,True,1459.0,4.0,0.25192406362237046,2026-02-28
01037,2025,AL,0.28013029315960913,0.13643764246173884,0.208283967810674,True,True,True,True,1461.0,4.0,0.2508978963571062,2026-02-28
01039,2025,AL,0.28013029315960913,0.384565288179746,0.33234779066967757,True,True,True,True,1106.0,3.0,0.43304258594150846,2026-02-28
01041,2025,AL,0.28013029315960913,0.4018235102572452,0.3409769017084272,True,True,True,True,1072.0,3.0,0.4504874294510005,2026-02-28
01043,2025,AL,0.28013029315960913,0.3874959296646044,0.3338131114121068,True,True,True,True,1100.0,3.0,0.4361210877373012,2026-02-28
01045,2025,AL,0.28013029315960913,0.5392380332139368,0.409684163186773,True,True,True,True,862.0,3.0,0.5582349923037455,2026-02-28
01047,2025,AL,0.28013029315960913,0.07521979811136438,0.17767504563548675,True,True,True,True,1548.0,4.0,0.20625962031811185,2026-02-28
01049,2025,AL,0.28013029315960913,0.602084011722566,0.44110715244108756,True,True,True,True,745.0,2.0,0.6182657773217034,2026-02-28
01051,2025,AL,0.28013029315960913,0.6447411266688375,0.46243570991422334,True,True,True,True,668.0,2.0,0.6577732170343766,2026-02-28
01053,2025,AL,0.28013029315960913,0.22272875284923477,0.25142952300442195,True,True,True,True,1345.0,4.0,0.310415597742432,2026-02-28
01055,2025,AL,0.28013029315960913,0.610875936177141,0.44550311466837506,True,True,True,True,724.0,2.0,0.629040533606978,2026-02-28
01057,2025,AL,0.28013029315960913,0.33702377075871054,0.30857703195915986,True,True,True,True,1177.0,4.0,0.396613648024628,2026-02-28
01059,2025,AL,0.28013029315960913,0.44871377401497886,0.36442203358729397,True,True,True,True,992.0,3.0,0.49153412006157005,2026-02-28
01061,2025,AL,0.28013029315960913,0.14620644741126668,0.2131683702854379,True,True,True,True,1446.0,4.0,0.258594150846588,2026-02-28
01063,2025,AL,0.28013029315960913,0.07391729078476067,0.1770237919721849,True,True,True,True,1550.0,4.0,0.20523345305284763,2026-02-28
01065,2025,AL,0.28013029315960913,0.25724519700423315,0.26868774508192117,True,True,True,True,1289.0,4.0,0.3391482811698307,2026-02-28
01067,2025,AL,0.28013029315960913,0.34809508303484205,0.3141126880972256,True,True,True,True,1162.0,3.0,0.4043099025141098,2026-02-28
01069,2025,AL,0.28013029315960913,0.7127971344838815,0.4964637138217453,False,True,True,False,,,,2026-02-28
01071,2025,AL,0.28013029315960913,0.402800390752198,0.34146534195590356,True,True,True,True,1069.0,3.0,0.45202668034889687,2026-02-28
01073,2025,AL,0.28013029315960913,0.20579615760338651,0.24296322538149784,True,True,True,True,1364.0,4.0,0.30066700872242175,2026-02-28
01075,2025,AL,0.28013029315960913,0.03842396613480951,0.15927712964720933,True,True,True,True,1606.0,5.0,0.17650076962544894,2026-02-28
01077,2025,AL,0.28013029315960913,0.41322044936502766,0.3466753712623184,True,True,True,True,1052.0,3.0,0.4607491021036429,2026-02-28
01079,2025,AL,0.28013029315960913,0.40377727124715074,0.3419537822033799,True,True,True,True,1068.0,3.0,0.452539763981529,2026-02-28
01081,2025,AL,0.28013029315960913,0.7114946271572777,0.49581246015844344,False,True,True,False,,,,2026-02-28
01083,2025,AL,0.28013029315960913,0.36307391729078475,0.32160210522519694,True,True,True,True,1142.0,3.0,0.4145715751667522,2026-02-28
01085,2025,AL,0.28013029315960913,0.1823510257245197,0.2312406594420644,True,True,True,True,1396.0,4.0,0.2842483324781939,2026-02-28
01087,2025,AL,0.28013029315960913,0.20416802344513188,0.2421491583023705,True,True,True,True,1369.0,4.0,0.29810159055926116,2026-02-28
01089,2025,AL,0.28013029315960913,0.22989254314555518,0.25501141815258216,True,True,True,True,1324.0,4.0,0.3211903540277065,2026-02-28
01091,2025,AL,0.28013029315960913,0.04982090524259199,0.16497559920110055,True,True,True,True,1588.0,5.0,0.18573627501282708,2026-02-28
01093,2025,AL,0.28013029315960913,0.22924128948225334,0.2546857913209312,True,True,True,True,1326.0,4.0,0.3201641867624423,2026-02-28
01095,2025,AL,0.28013029315960913,0.4529469228264409,0.366538607993025,True,True,True,True,985.0,3.0,0.49512570548999485,2026-02-28
01097,2025,AL,0.28013029315960913,0.3741452295669163,0.3271377613632627,True,True,True,True,1122.0,3.0,0.4248332478193946,2026-02-28
01099,2025,AL,0.28013029315960913,0.14555519374796483,0.21284274345378698,True,True,True,True,1450.0,4.0,0.2565418163160595,2026-02-28
01101,2025,AL,0.28013029315960913,0.3542819928362097,0.3172061429979094,True,True,True,True,1153.0,3.0,0.4089276552077989,2026-02-28
01103,2025,AL,0.28013029315960913,0.4832302181699772,0.38168025566479313,True,True,True,True,942.0,3.0,0.517188301693176,2026-02-28
01105,2025,AL,0.28013029315960913,0.05828720286551612,0.16920874801256264,True,True,True,True,1575.0,5.0,0.19240636223704463,2026-02-28
01107,2025,AL,0.28013029315960913,0.2009117551286226,0.24052102414411586,True,True,True,True,1374.0,4.0,0.2955361723961006,2026-02-28
01109,2025,AL,0.28013029315960913,0.13415825464018236,0.20714427389989576,True,True,True,True,1466.0,4.0,0.2483324781939456,2026-02-28
01111,2025,AL,0.28013029315960913,0.2696190166069684,0.27487465488328877,True,True,True,True,1267.0,4.0,0.3504361210877373,2026-02-28
01113,2025,AL,0.28013029315960913,0.6307391729078476,0.4554347330337284,True,True,True,True,689.0,2.0,0.6469984607491021,2026-02-28
01115,2025,AL,0.28013029315960913,0.20156300879192446,0.2408466509757668,True,True,True,True,1371.0,4.0,0.29707542329399694,2026-02-28
01117,2025,AL,0.28013029315960913,0.3282318463041355,0.3041810697318723,True,True,True,True,1189.0,4.0,0.39045664443304257,2026-02-28
01119,2025,AL,0.28013029315960913,0.045913383262780855,0.16302183821119498,True,True,True,True,1594.0,5.0,0.18265777321703439,2026-02-28
01121,2025,AL,0.28013029315960913,0.47183327906219474,0.37598178611090194,True,True,True,True,964.0,3.0,0.5059004617752694,2026-02-28
01123,2025,AL,0.28013029315960913,0.3953109736242266,0.3377206333919179,True,True,True,True,1090.0,3.0,0.44125192406362235,2026-02-28
01125,2025,AL,0.28013029315960913,0.3471182025398893,0.3136242478497492,True,True,True,True,1164.0,3.0,0.4032837352488456,2026-02-28
01127,2025,AL,0.28013029315960913,0.13090198632367306,0.2055161397416411,True,True,True,True,1469.0,4.0,0.24679322729604924,2026-02-28
01129,2025,AL,0.28013029315960913,0.4623901009443178,0.37126019705196345,True,True,True,True,976.0,3.0,0.49974345818368393,2026-02-28
01131,2025,AL,0.28013029315960913,0.185607294041029,0.23286879360031906,True,True,True,True,1391.0,4.0,0.28681375064135456,2026-02-28
01133,2025,AL,0.28013029315960913,0.3415825464018235,0.3108564197807163,True,True,True,True,1173.0,4.0,0.3986659825551565,2026-02-28
02020,2025,AK,0.6684039087947883,0.5835232823184631,0.6259635955566256,True,True,True,True,216.0,1.0,0.8896870189840944,2026-02-28
02090,2025,AK,0.6684039087947883,0.19798111364376425,0.43319251121927627,True,True,True,True,771.0,2.0,0.6049256028732684,2026-02-28
02100,2025,AK,0.6684039087947883,0.21784435037447086,0.44312412958462954,True,True,True,True,734.0,2.0,0.6239096972806567,2026-02-28
02110,2025,AK,0.6684039087947883,0.4457831325301205,0.5570935206624543,True,True,True,True,374.0,1.0,0.8086198050282196,2026-02-28
02122,2025,AK,0.6684039087947883,0.3096711169000326,0.4890375128474104,True,True,True,True,586.0,2.0,0.6998460749102103,2026-02-28
02130,2025,AK,0.6684039087947883,0.4311299251058287,0.5497669169503085,True,True,True,True,391.0,2.0,0.7998973832734736,2026-02-28
02150,2025,AK,0.6684039087947883,0.22500814067079128,0.44670602473278975,True,True,True,True,719.0,2.0,0.6316059517701386,2026-02-28
02170,2025,AK,0.6684039087947883,0.7206121784435038,0.694508043619146,False,True,True,False,,,,2026-02-28
02185,2025,AK,0.6684039087947883,0.5265385867795507,0.5974712477871695,True,True,True,True,274.0,1.0,0.8599281682914315,2026-02-28
02195,2025,AK,0.6684039087947883,0.32432432432432434,0.4963641165595563,True,True,True,True,558.0,2.0,0.7142124166239097,2026-02-28
02220,2025,AK,0.6684039087947883,0.07684793226961902,0.37262592053220367,True,False,True,False,,,,2026-02-28
02240,2025,AK,0.6684039087947883,0.0615434711820254,0.36497368998840685,True,True,True,True,991.0,3.0,0.49204720369420213,2026-02-28
02275,2025,AK,0.6684039087947883,0.4281992836209704,0.5483015962078793,True,False,True,False,,,,2026-02-28
04001,2025,AZ,0.15765472312703582,0.38261152718984043,0.2701331251584381,True,True,True,True,1282.0,4.0,0.3427398665982555,2026-02-28
04003,2025,AZ,0.15765472312703582,0.34972321719309674,0.2536889701600663,True,True,True,True,1332.0,4.0,0.3170856849666496,2026-02-28
04005,2025,AZ,0.15765472312703582,0.524910452621296,0.3412825878741659,True,True,True,True,1070.0,3.0,0.45151359671626473,2026-02-28
04007,2025,AZ,0.15765472312703582,0.26929338977531747,0.21347405645117665,True,True,True,True,1445.0,4.0,0.2591072344792201,2026-02-28
04009,2025,AZ,0.15765472312703582,0.633344187561055,0.3954994553440454,True,True,True,True,896.0,3.0,0.5407901487942535,2026-02-28
04011,2025,AZ,0.15765472312703582,0.017258222077499184,0.08745647260226751,True,True,True,True,1808.0,5.0,0.0728578758337609,2026-02-28
04012,2025,AZ,0.15765472312703582,0.393682839465972,0.2756687812965039,True,True,True,True,1262.0,4.0,0.3530015392508979,2026-02-28
04013,2025,AZ,0.15765472312703582,0.15630087919244545,0.15697780115974064,True,False,True,False,,,,2026-02-28
04015,2025,AZ,0.15765472312703582,0.1869098013676327,0.17228226224733426,True,True,True,True,1566.0,5.0,0.1970241149307337,2026-02-28
04017,2025,AZ,0.15765472312703582,0.31227613155323997,0.2349654273401379,True,True,True,True,1387.0,4.0,0.288866085171883,2026-02-28
04019,2025,AZ,0.15765472312703582,0.190166069684142,0.17391039640558892,True,False,True,False,,,,2026-02-28
04021,2025,AZ,0.15765472312703582,0.08987300553565614,0.12376386433134598,True,True,True,True,1708.0,5.0,0.1241662390969728,2026-02-28
04023,2025,AZ,0.15765472312703582,0.3357212634321068,0.2466879932795713,True,True,True,True,1353.0,4.0,0.30631092868137505,2026-02-28
04025,2025,AZ,0.15765472312703582,0.2787365678931944,0.2181956455101151,True,True,True,True,1428.0,4.0,0.26782965623396615,2026-02-28
04027,2025,AZ,0.15765472312703582,0.43992184956040375,0.2987882863437198,True,True,True,True,1209.0,4.0,0.3801949717804002,2026-02-28
05001,2025,AR,0.46074918566775247,0.12015630087919245,0.2904527432734725,True,True,True,True,1228.0,4.0,0.37044638276038994,2026-02-28
05003,2025,AR,0.46074918566775247,0.051123412569195704,0.2559362991184741,True,True,True,True,1321.0,4.0,0.3227296049256029,2026-02-28
05005,2025,AR,0.46074918566775247,0.5385867795506349,0.4996679826091937,True,True,True,True,553.0,2.0,0.7167778347870702,2026-02-28
05007,2025,AR,0.46074918566775247,0.6626506024096386,0.5616998940386955,True,True,True,True,357.0,1.0,0.8173422267829656,2026-02-28
05009,2025,AR,0.46074918566775247,0.7144252686421361,0.5875872271549443,False,True,True,False,,,,2026-02-28
05011,2025,AR,0.46074918566775247,0.05698469553891241,0.25886694060333243,True,True,True,True,1314.0,4.0,0.3263211903540277,2026-02-28
05013,2025,AR,0.46074918566775247,0.2507326603712146,0.35574092301948357,True,True,True,True,1022.0,3.0,0.47614161108260644,2026-02-28
05015,2025,AR,0.46074918566775247,0.561055030934549,0.5109021083011507,True,True,True,True,519.0,2.0,0.7342226782965623,2026-02-28
05017,2025,AR,0.46074918566775247,0.08140670791273201,0.2710779467902422,True,True,True,True,1279.0,4.0,0.34427911749615187,2026-02-28
05019,2025,AR,0.46074918566775247,0.506675350048844,0.48371226785829824,True,True,True,True,600.0,2.0,0.6926629040533607,2026-02-28
05021,2025,AR,0.46074918566775247,0.32790621947248455,0.3943277025701185,True,True,True,True,899.0,3.0,0.539250897896357,2026-02-28
05023,2025,AR,0.46074918566775247,0.6593943340931293,0.5600717598804409,True,True,True,True,363.0,1.0,0.8142637249871729,2026-02-28
05025,2025,AR,0.46074918566775247,0.2149137088896125,0.3378314472786825,True,True,True,True,1089.0,3.0,0.4417650076962545,2026-02-28
05027,2025,AR,0.46074918566775247,0.04233148811462065,0.25154033689118654,True,True,True,True,1344.0,4.0,0.31092868137506413,2026-02-28
05029,2025,AR,0.46074918566775247,0.5011396939107783,0.4809444397892654,True,True,True,True,605.0,2.0,0.6900974858902001,2026-02-28
05031,2025,AR,0.46074918566775247,0.36860957342885053,0.4146793795483015,True,True,True,True,844.0,3.0,0.5674704976911237,2026-02-28
05033,2025,AR,0.46074918566775247,0.7655486812113318,0.6131489334395421,False,True,True,False,,,,2026-02-28
05035,2025,AR,0.46074918566775247,0.21621621621621623,0.33848270094198435,True,True,True,True,1085.0,3.0,0.443817342226783,2026-02-28
05037,2025,AR,0.46074918566775247,0.12113318137414524,0.29094118352094883,True,True,True,True,1227.0,4.0,0.3709594663930221,2026-02-28
05039,2025,AR,0.46074918566775247,0.013025073266037121,0.2368871294668948,True,True,True,True,1385.0,4.0,0.2898922524371473,2026-02-28
05041,2025,AR,0.46074918566775247,0.045587756431129924,0.2531684710494412,True,True,True,True,1337.0,4.0,0.314520266803489,2026-02-28
05043,2025,AR,0.46074918566775247,0.2767828069032888,0.36876599628552065,True,True,True,True,981.0,3.0,0.49717804002052335,2026-02-28
05045,2025,AR,0.46074918566775247,0.5887333116248779,0.5247412486463152,True,True,True,True,471.0,2.0,0.7588506926629041,2026-02-28
05047,2025,AR,0.46074918566775247,0.57896450667535,0.5198568461715513,True,True,True,True,488.0,2.0,0.750128270908158,2026-02-28
05049,2025,AR,0.46074918566775247,0.5271898404428524,0.49396951305530246,True,True,True,True,571.0,2.0,0.7075423293996922,2026-02-28
05051,2025,AR,0.46074918566775247,0.39693910778248126,0.42884414672511684,True,True,True,True,786.0,3.0,0.5972293483837866,2026-02-28
05053,2025,AR,0.46074918566775247,0.6183653533051123,0.5395572694864323,True,True,True,True,414.0,2.0,0.7880964597229349,2026-02-28
05055,2025,AR,0.46074918566775247,0.35330511234125694,0.4070271490045047,True,True,True,True,870.0,3.0,0.5541303232426885,2026-02-28
05057,2025,AR,0.46074918566775247,0.2403126017583849,0.35053089371306867,True,True,True,True,1036.0,3.0,0.4689584402257568,2026-02-28
05059,2025,AR,0.46074918566775247,0.3197655486812113,0.3902573671744819,True,True,True,True,917.0,3.0,0.530015392508979,2026-02-28
05061,2025,AR,0.46074918566775247,0.4135460761966786,0.43714763093221554,True,True,True,True,758.0,2.0,0.6115956900974859,2026-02-28
05063,2025,AR,0.46074918566775247,0.36991208075545423,0.41533063321160335,True,True,True,True,840.0,3.0,0.5695228322216521,2026-02-28
05065,2025,AR,0.46074918566775247,0.5402149137088896,0.5004820496883211,True,True,True,True,549.0,2.0,0.7188301693175988,2026-02-28
05067,2025,AR,0.46074918566775247,0.09215239335721263,0.27645078951248253,True,True,True,True,1259.0,4.0,0.35454079014879425,2026-02-28
05069,2025,AR,0.46074918566775247,0.20742429176164115,0.3340867387146968,True,True,True,True,1099.0,3.0,0.4366341713699333,2026-02-28
05071,2025,AR,0.46074918566775247,0.3914034516444155,0.426076318656084,True,True,True,True,798.0,3.0,0.5910723447922012,2026-02-28
05073,2025,AR,0.46074918566775247,0.07326603712145881,0.26700761139460566,True,True,True,True,1295.0,4.0,0.336069779374038,2026-02-28
05075,2025,AR,0.46074918566775247,0.3028329534353631,0.3817910695515578,True,True,True,True,940.0,3.0,0.5182144689584403,2026-02-28
05077,2025,AR,0.46074918566775247,0.046890263757733634,0.25381972471274306,True,True,True,True,1331.0,4.0,0.31759876859928166,2026-02-28
05079,2025,AR,0.46074918566775247,0.1439270595897102,0.30233812262873133,True,True,True,True,1195.0,4.0,0.38737814263724984,2026-02-28
05081,2025,AR,0.46074918566775247,0.52979485509606,0.4952720203819062,True,True,True,True,563.0,2.0,0.7116469984607491,2026-02-28
05083,2025,AR,0.46074918566775247,0.6053402800390753,0.5330447328534138,True,True,True,True,436.0,2.0,0.7768086198050282,2026-02-28
05085,2025,AR,0.46074918566775247,0.5512862259850212,0.5060177058263868,True,True,True,True,533.0,2.0,0.7270395074397127,2026-02-28
05087,2025,AR,0.46074918566775247,0.6362748290459134,0.5485120073568329,True,True,True,True,397.0,2.0,0.7968188814776809,2026-02-28
05089,2025,AR,0.46074918566775247,0.2943666558124389,0.3775579207400957,True,True,True,True,959.0,3.0,0.50846587993843,2026-02-28
05091,2025,AR,0.46074918566775247,0.1777922500814067,0.3192707178745796,True,True,True,True,1146.0,3.0,0.4125192406362237,2026-02-28
05093,2025,AR,0.46074918566775247,0.2999023119505047,0.3803257488091286,True,True,True,True,950.0,3.0,0.513083632632119,2026-02-28
05095,2025,AR,0.46074918566775247,0.025398892868772387,0.24307403926826243,True,True,True,True,1363.0,4.0,0.3011800923550539,2026-02-28
05097,2025,AR,0.46074918566775247,0.9996743731683491,0.7302117794180507,False,True,True,False,,,,2026-02-28
05101,2025,AR,0.46074918566775247,0.656463692608271,0.5586064391380117,True,True,True,True,368.0,1.0,0.8116983068240123,2026-02-28
05103,2025,AR,0.46074918566775247,0.08270921523933572,0.2717292004535441,True,True,True,True,1277.0,4.0,0.3453052847614161,2026-02-28
05105,2025,AR,0.46074918566775247,0.8984044285249104,0.6795768070963315,False,True,True,False,,,,2026-02-28
05107,2025,AR,0.46074918566775247,0.06317160534028005,0.2619603955040163,True,True,True,True,1306.0,4.0,0.3304258594150847,2026-02-28
05109,2025,AR,0.46074918566775247,0.5307717355910126,0.49576046062938256,True,True,True,True,560.0,2.0,0.7131862493586455,2026-02-28
05111,2025,AR,0.46074918566775247,0.253337675024422,0.3570434303460872,True,True,True,True,1014.0,3.0,0.48024628014366344,2026-02-28
05113,2025,AR,0.46074918566775247,0.6776294366655813,0.5691893111666668,False,True,True,False,,,,2026-02-28
05115,2025,AR,0.46074918566775247,0.5613806577661999,0.5110649217169763,True,True,True,True,516.0,2.0,0.7357619291944587,2026-02-28
05117,2025,AR,0.46074918566775247,0.54737870400521,0.5040639448364812,True,True,True,True,541.0,2.0,0.7229348383786557,2026-02-28
05119,2025,AR,0.46074918566775247,0.39400846629762293,0.4273788259826877,True,True,True,True,795.0,3.0,0.5926115956900975,2026-02-28
05121,2025,AR,0.46074918566775247,0.1162487788993813,0.2884989822835669,True,True,True,True,1239.0,4.0,0.36480246280143663,2026-02-28
05123,2025,AR,0.46074918566775247,0.11917942038423966,0.2899643030259961,True,True,True,True,1233.0,4.0,0.36788096459722935,2026-02-28
05125,2025,AR,0.46074918566775247,0.36046890263757736,0.4106090441526649,True,True,True,True,858.0,3.0,0.560287326834274,2026-02-28
05127,2025,AR,0.46074918566775247,0.3054379680885705,0.3830935768781615,True,True,True,True,937.0,3.0,0.5197537198563366,2026-02-28
05129,2025,AR,0.46074918566775247,0.4415499837186584,0.45114958469320543,True,True,True,True,699.0,2.0,0.6418676244227809,2026-02-28
05131,2025,AR,0.46074918566775247,0.49886030608922177,0.4798047458784871,True,True,True,True,611.0,2.0,0.6870189840944074,2026-02-28
05133,2025,AR,0.46074918566775247,0.5799413871703029,0.5203452864190277,True,True,True,True,484.0,2.0,0.7521806054386865,2026-02-28
05135,2025,AR,0.46074918566775247,0.17030283295343537,0.31552600931059394,True,True,True,True,1159.0,3.0,0.40584915341200617,2026-02-28
05137,2025,AR,0.46074918566775247,0.2539889286877239,0.35736905717773815,True,True,True,True,1013.0,3.0,0.4807593637762955,2026-02-28
05139,2025,AR,0.46074918566775247,0.17714099641810485,0.3189450910429287,True,True,True,True,1147.0,3.0,0.4120061570035916,2026-02-28
05141,2025,AR,0.46074918566775247,0.3692608270921524,0.4150050063799524,True,True,True,True,841.0,3.0,0.56900974858902,2026-02-28
05143,2025,AR,0.46074918566775247,0.6714425268642136,0.566095856265983,False,True,True,False,,,,2026-02-28
05145,2025,AR,0.46074918566775247,0.8248127645718007,0.6427809751197766,False,True,True,False,,,,2026-02-28
05147,2025,AR,0.46074918566775247,0.02377075871051775,0.24225997218913511,True,True,True,True,1368.0,4.0,0.2986146741918933,2026-02-28
05149,2025,AR,0.46074918566775247,0.1556496255291436,0.30819940559844805,True,True,True,True,1178.0,4.0,0.39610056439199587,2026-02-28
06001,2025,CA,0.16954397394136808,0.2113318137414523,0.1904378938414102,True,False,True,False,,,,2026-02-28
06003,2025,CA,0.16954397394136808,0.18300227938782157,0.17627312666459483,True,True,True,True,1553.0,4.0,0.20369420215495126,2026-02-28
06005,2025,CA,0.16954397394136808,0.13513513513513514,0.1523395545382516,True,True,True,True,1623.0,5.0,0.16777834787070292,2026-02-28
06007,2025,CA,0.16954397394136808,0.15858026701400196,0.16406212047768504,True,True,True,True,1589.0,5.0,0.18522319138019497,2026-02-28
06009,2025,CA,0.16954397394136808,0.12373819602735266,0.14664108498436038,True,True,True,True,1640.0,5.0,0.1590559261159569,2026-02-28
06011,2025,CA,0.16954397394136808,0.35688700748941715,0.26321549071539263,True,True,True,True,1304.0,4.0,0.3314520266803489,2026-02-28
06013,2025,CA,0.16954397394136808,0.13969391077824814,0.1546189423598081,True,False,True,False,,,,2026-02-28
06015,2025,CA,0.16954397394136808,0.4203842396613481,0.2949641068013581,True,True,True,True,1218.0,4.0,0.37557721908671116,2026-02-28
06017,2025,CA,0.16954397394136808,0.2285900358189515,0.19906700488015977,True,True,True,True,1486.0,4.0,0.23807080554130322,2026-02-28
06019,2025,CA,0.16954397394136808,0.3894496906545099,0.279496832297939,True,False,True,False,,,,2026-02-28
06021,2025,CA,0.16954397394136808,0.31162487788993815,0.2405844259156531,True,True,True,True,1373.0,4.0,0.29604925602873267,2026-02-28
06023,2025,CA,0.16954397394136808,0.05796157603386519,0.11375277498761663,True,True,True,True,1736.0,5.0,0.10979989738327348,2026-02-28
06025,2025,CA,0.16954397394136808,0.9573428850537284,0.5634434294975482,False,True,True,False,,,,2026-02-28
06027,2025,CA,0.16954397394136808,0.40475415174210355,0.2871490628417358,True,True,True,True,1240.0,4.0,0.3642893791688045,2026-02-28
06029,2025,CA,0.16954397394136808,0.5183979159882774,0.3439709449648228,True,True,True,True,1062.0,3.0,0.45561826577732173,2026-02-28
06031,2025,CA,0.16954397394136808,0.574731357863888,0.37213766590262803,True,True,True,True,972.0,3.0,0.5017957927142124,2026-02-28
06033,2025,CA,0.16954397394136808,0.07815043959622273,0.1238472067687954,True,True,True,True,1707.0,5.0,0.12467932272960493,2026-02-28
06035,2025,CA,0.16954397394136808,0.21328557473135787,0.19141477433636298,True,True,True,True,1511.0,4.0,0.22524371472550025,2026-02-28
06037,2025,CA,0.16954397394136808,0.380332139368284,0.274938056654826,True,False,True,False,,,,2026-02-28
06039,2025,CA,0.16954397394136808,0.43275805926408334,0.3011510166027257,True,True,True,True,1200.0,4.0,0.38481272447408926,2026-02-28
06041,2025,CA,0.16954397394136808,0.21068056007815045,0.19011226700975925,True,True,True,True,1516.0,4.0,0.22267829656233967,2026-02-28
06043,2025,CA,0.16954397394136808,0.131227613155324,0.15038579354834603,True,True,True,True,1632.0,5.0,0.16316059517701384,2026-02-28
06045,2025,CA,0.16954397394136808,0.04819277108433735,0.10886837251285272,True,True,True,True,1752.0,5.0,0.10159055926115956,2026-02-28
06047,2025,CA,0.16954397394136808,0.26994464343861935,0.21974430868999373,True,True,True,True,1421.0,4.0,0.27142124166239096,2026-02-28
06049,2025,CA,0.16954397394136808,0.5219798111364377,0.3457618925389029,True,True,True,True,1057.0,3.0,0.4581836839404823,2026-02-28
06051,2025,CA,0.16954397394136808,0.2552914360143276,0.21241770497784784,True,True,True,True,1451.0,4.0,0.2560287326834274,2026-02-28
06053,2025,CA,0.16954397394136808,0.3760989905568219,0.27282148224909497,True,True,True,True,1273.0,4.0,0.3473576192919446,2026-02-28
06055,2025,CA,0.16954397394136808,0.18723542819928363,0.17838970107032587,True,True,True,True,1545.0,4.0,0.2077988712160082,2026-02-28
06057,2025,CA,0.16954397394136808,0.15727775968739824,0.16341086681438316,True,True,True,True,1592.0,5.0,0.1836839404822986,2026-02-28
06059,2025,CA,0.16954397394136808,0.8606317160534028,0.5150878449973855,False,False,True,False,,,,2026-02-28
06061,2025,CA,0.16954397394136808,0.20286551611852816,0.1862047450299481,True,True,True,True,1525.0,4.0,0.2180605438686506,2026-02-28
06063,2025,CA,0.16954397394136808,0.14457831325301204,0.15706114359719006,True,True,True,True,1612.0,5.0,0.17342226782965622,2026-02-28
06065,2025,CA,0.16954397394136808,0.29892543145555195,0.23423470269846003,True,False,True,False,,,,2026-02-28
06067,2025,CA,0.16954397394136808,0.19439921849560404,0.18197159621848608,True,False,True,False,,,,2026-02-28
06069,2025,CA,0.16954397394136808,0.1605340280039075,0.1650390009726378,True,True,True,True,1587.0,5.0,0.18624935864545922,2026-02-28
06071,2025,CA,0.16954397394136808,0.3321393682839466,0.2508416711126573,True,False,True,False,,,,2026-02-28
06073,2025,CA,0.16954397394136808,0.5467274503419082,0.35813571214163814,True,False,True,False,,,,2026-02-28
06075,2025,CA,0.16954397394136808,0.17518723542819928,0.17236560468478368,True,False,True,False,,,,2026-02-28
06077,2025,CA,0.16954397394136808,0.1774666232497558,0.17350529859556194,True,True,True,True,1562.0,5.0,0.19907644946126218,2026-02-28
06079,2025,CA,0.16954397394136808,0.5242591989579941,0.3469015864496811,True,True,True,True,1051.0,3.0,0.46126218573627503,2026-02-28
06081,2025,CA,0.16954397394136808,0.28492347769456206,0.22723372581796508,True,False,True,False,,,,2026-02-28
06083,2025,CA,0.16954397394136808,0.5893845652881797,0.3794642696147739,True,True,True,True,954.0,3.0,0.5110312981015905,2026-02-28
06085,2025,CA,0.16954397394136808,0.6720937805275154,0.4208188772344418,False,False,True,False,,,,2026-02-28
06087,2025,CA,0.16954397394136808,0.2618039726473461,0.2156739732943571,True,True,True,True,1437.0,4.0,0.26321190354027707,2026-02-28
06089,2025,CA,0.16954397394136808,0.21523933572126344,0.19239165483131576,True,True,True,True,1505.0,4.0,0.22832221652129298,2026-02-28
06091,2025,CA,0.16954397394136808,0.2673396287854119,0.21844180136338998,True,True,True,True,1426.0,4.0,0.2688558234992304,2026-02-28
06093,2025,CA,0.16954397394136808,0.11722565939433409,0.14338481666785108,True,True,True,True,1645.0,5.0,0.15649050795279631,2026-02-28
06095,2025,CA,0.16954397394136808,0.18332790621947248,0.1764359400804203,True,True,True,True,1552.0,4.0,0.20420728578758338,2026-02-28
06097,2025,CA,0.16954397394136808,0.22598502116574407,0.19776449755355607,True,True,True,True,1490.0,4.0,0.23601847101077475,2026-02-28
06099,2025,CA,0.16954397394136808,0.33409312927385215,0.25181855160761013,True,True,True,True,1343.0,4.0,0.31144176500769627,2026-02-28
06101,2025,CA,0.16954397394136808,0.2461738847281016,0.20785892933473482,True,True,True,True,1464.0,4.0,0.24935864545920985,2026-02-28
06103,2025,CA,0.16954397394136808,0.18886356235753826,0.17920376814945316,True,True,True,True,1543.0,4.0,0.20882503848127246,2026-02-28
06105,2025,CA,0.16954397394136808,0.027352653858677956,0.09844831390002302,True,True,True,True,1782.0,5.0,0.086198050282196,2026-02-28
06107,2025,CA,0.16954397394136808,0.4213611201563009,0.2954525470488345,True,True,True,True,1216.0,4.0,0.3766033863519754,2026-02-28
06109,2025,CA,0.16954397394136808,0.11559752523607945,0.14257074958872376,True,True,True,True,1649.0,5.0,0.15443817342226782,2026-02-28
06111,2025,CA,0.16954397394136808,0.4304786714425269,0.30001132269194747,True,True,True,True,1205.0,4.0,0.3822473063109287,2026-02-28
06113,2025,CA,0.16954397394136808,0.22696190166069685,0.19825293780103248,True,True,True,True,1488.0,4.0,0.237044638276039,2026-02-28
06115,2025,CA,0.16954397394136808,0.24096385542168675,0.20525391468152743,True,True,True,True,1470.0,4.0,0.24628014366341713,2026-02-28
08001,2025,CO,0.01026058631921824,0.15304461087593618,0.08165259859757722,True,True,True,True,1827.0,5.0,0.06310928681375064,2026-02-28
08003,2025,CO,0.01026058631921824,0.5945945945945946,0.3024275904569064,True,True,True,True,1194.0,4.0,0.387891226269882,2026-02-28
08005,2025,CO,0.01026058631921824,0.15402149137088897,0.08214103884505361,True,True,True,True,1826.0,5.0,0.06362237044638276,2026-02-28
08007,2025,CO,0.01026058631921824,0.2868772386844676,0.1485689125018429,True,True,True,True,1636.0,5.0,0.16110826064648537,2026-02-28
08011,2025,CO,0.01026058631921824,0.012699446434386193,0.011480016376802217,True,True,True,True,1949.0,5.0,0.000513083632632119,2026-02-28
08013,2025,CO,0.01026058631921824,0.14588082057961577,0.07807070344941701,True,True,True,True,1836.0,5.0,0.05849153412006157,2026-02-28
08014,2025,CO,0.01026058631921824,0.2031911429501791,0.10672586463469867,True,False,True,False,,,,2026-02-28
08015,2025,CO,0.01026058631921824,0.33962878541191793,0.17494468586556808,True,True,True,True,1557.0,4.0,0.2016418676244228,2026-02-28
08017,2025,CO,0.01026058631921824,0.6580918267665256,0.3341762065428719,True,True,True,True,1098.0,3.0,0.4371472550025654,2026-02-28
08019,2025,CO,0.01026058631921824,0.2230543796808857,0.11665748300005198,True,True,True,True,1728.0,5.0,0.11390456644433043,2026-02-28
08021,2025,CO,0.01026058631921824,0.19570172582220774,0.102981156070713,True,True,True,True,1766.0,5.0,0.0944073884043099,2026-02-28
08023,2025,CO,0.01026058631921824,0.04949527841094106,0.02987793236507965,True,True,True,True,1948.0,5.0,0.001026167265264238,2026-02-28
08025,2025,CO,0.01026058631921824,0.07261478345815696,0.0414376848886876,True,True,True,True,1923.0,5.0,0.013853258081067214,2026-02-28
08027,2025,CO,0.01026058631921824,0.42298925431455553,0.21662492031688688,True,True,True,True,1433.0,4.0,0.2652642380708055,2026-02-28
08029,2025,CO,0.01026058631921824,0.45327254965809183,0.23176656798865503,True,True,True,True,1395.0,4.0,0.28476141611082606,2026-02-28
08031,2025,CO,0.01026058631921824,0.1103874959296646,0.06032404112444142,True,False,True,False,,,,2026-02-28
08033,2025,CO,0.01026058631921824,0.1660696841419733,0.08816513523059577,True,True,True,True,1806.0,5.0,0.07388404309902515,2026-02-28
08035,2025,CO,0.01026058631921824,0.1882123086942364,0.09923644750672733,True,True,True,True,1776.0,5.0,0.08927655207798871,2026-02-28
08037,2025,CO,0.01026058631921824,0.7235428199283621,0.36690170312379017,False,True,True,False,,,,2026-02-28
08039,2025,CO,0.01026058631921824,0.24682513839140346,0.12854286235531084,True,True,True,True,1690.0,5.0,0.13340174448435094,2026-02-28
08041,2025,CO,0.01026058631921824,0.176489742754803,0.09337516453701063,True,True,True,True,1790.0,5.0,0.08209338122113904,2026-02-28
08043,2025,CO,0.01026058631921824,0.39205470530771735,0.2011576458134678,True,True,True,True,1478.0,4.0,0.2421754746023602,2026-02-28
08045,2025,CO,0.01026058631921824,0.8713774014978835,0.44081899390855084,False,True,True,False,,,,2026-02-28
08047,2025,CO,0.01026058631921824,0.2774340605665907,0.14384732344290446,True,True,True,True,1644.0,5.0,0.15700359158542843,2026-02-28
08049,2025,CO,0.01026058631921824,0.17127971344838816,0.0907701498838032,True,True,True,True,1799.0,5.0,0.07747562852744998,2026-02-28
08051,2025,CO,0.01026058631921824,0.35949202214262455,0.18487630423092138,True,True,True,True,1530.0,4.0,0.21549512570548998,2026-02-28
08053,2025,CO,0.01026058631921824,0.3067404754151742,0.1585005308671962,True,True,True,True,1609.0,5.0,0.17496151872755258,2026-02-28
08055,2025,CO,0.01026058631921824,0.14360143275805926,0.07693100953863875,True,True,True,True,1841.0,5.0,0.055926115956900974,2026-02-28
08059,2025,CO,0.01026058631921824,0.22142624552263107,0.11584341592092466,True,False,True,False,,,,2026-02-28
08061,2025,CO,0.01026058631921824,0.09150113969391079,0.05088086300656451,True,True,True,True,1901.0,5.0,0.025141097998973832,2026-02-28
08063,2025,CO,0.01026058631921824,0.4643438619342234,0.2373022241267208,True,True,True,True,1383.0,4.0,0.2909184197024115,2026-02-28
08065,2025,CO,0.01026058631921824,0.3738196027352654,0.1920400945272418,True,True,True,True,1507.0,4.0,0.22729604925602873,2026-02-28
08067,2025,CO,0.01026058631921824,0.5369586453923804,0.2736096158557993,True,True,True,True,1270.0,4.0,0.34889687018984095,2026-02-28
08069,2025,CO,0.01026058631921824,0.20807554542494303,0.10916806587208064,True,True,True,True,1751.0,5.0,0.10210364289379169,2026-02-28
08071,2025,CO,0.01026058631921824,0.19179420384239662,0.10102739508080744,True,True,True,True,1772.0,5.0,0.09132888660851719,2026-02-28
08073,2025,CO,0.01026058631921824,0.22728752849234776,0.118774057405783,True,True,True,True,1723.0,5.0,0.11646998460749101,2026-02-28
08075,2025,CO,0.01026058631921824,0.38977531748616084,0.20001795190268953,True,True,True,True,1482.0,4.0,0.24012314007183172,2026-02-28
08077,2025,CO,0.01026058631921824,0.6121784435037447,0.3112195149114815,True,True,True,True,1170.0,3.0,0.40020523345305287,2026-02-28
08079,2025,CO,0.01026058631921824,0.5363073917290785,0.27328398902414835,True,True,True,True,1271.0,4.0,0.3483837865572088,2026-02-28
08081,2025,CO,0.01026058631921824,0.7469879518072289,0.37862426906322355,False,True,True,False,,,,2026-02-28
08083,2025,CO,0.01026058631921824,0.2950179094757408,0.1526392478974795,True,True,True,True,1621.0,5.0,0.16880451513596717,2026-02-28
08085,2025,CO,0.01026058631921824,0.5437968088570498,0.27702869758813403,True,True,True,True,1258.0,4.0,0.3550538737814264,2026-02-28
08087,2025,CO,0.01026058631921824,0.22207749918593292,0.11616904275257559,True,True,True,True,1732.0,5.0,0.11185223191380195,2026-02-28
08089,2025,CO,0.01026058631921824,0.09475740801042006,0.052508997164819146,True,True,True,True,1897.0,5.0,0.02719343252950231,2026-02-28
08091,2025,CO,0.01026058631921824,0.36405079778573757,0.1871556920524779,True,True,True,True,1522.0,4.0,0.21959979476654695,2026-02-28
08093,2025,CO,0.01026058631921824,0.26766525561706284,0.13896292096814053,True,True,True,True,1657.0,5.0,0.15033350436121087,2026-02-28
08095,2025,CO,0.01026058631921824,0.5262129599478997,0.268236773133559,True,True,True,True,1291.0,4.0,0.3381221139045664,2026-02-28
08097,2025,CO,0.01026058631921824,0.7951807228915663,0.40272065460539225,False,True,True,False,,,,2026-02-28
08099,2025,CO,0.01026058631921824,0.3288830999674373,0.16957184314332777,True,True,True,True,1574.0,5.0,0.19291944586967677,2026-02-28
08101,2025,CO,0.01026058631921824,0.1566265060240964,0.08344354617165732,True,True,True,True,1821.0,5.0,0.06618778860954336,2026-02-28
08103,2025,CO,0.01026058631921824,0.5669163139042657,0.28858845011174195,True,True,True,True,1238.0,4.0,0.36531554643406877,2026-02-28
08105,2025,CO,0.01026058631921824,0.8339303158580267,0.42209545108862245,False,True,True,False,,,,2026-02-28
08107,2025,CO,0.01026058631921824,0.6372517095408662,0.3237561479300422,True,True,True,True,1131.0,3.0,0.4202154951257055,2026-02-28
08109,2025,CO,0.01026058631921824,0.14034516444154999,0.07530287538038412,True,True,True,True,1845.0,5.0,0.053873781426372495,2026-02-28
08111,2025,CO,0.01026058631921824,0.6343210680560079,0.32229082718761304,True,True,True,True,1139.0,3.0,0.41611082606464855,2026-02-28
08113,2025,CO,0.01026058631921824,0.2370563334418756,0.12365845988054693,True,True,True,True,1710.0,5.0,0.12314007183170857,2026-02-28
08115,2025,CO,0.01026058631921824,0.17225659394334092,0.09125859013127958,True,True,True,True,1797.0,5.0,0.07850179579271421,2026-02-28
08117,2025,CO,0.01026058631921824,0.0928036470205145,0.05153211666986637,True,True,True,True,1899.0,5.0,0.02616726526423807,2026-02-28
08119,2025,CO,0.01026058631921824,0.26506024096385544,0.13766041364153683,True,True,True,True,1661.0,5.0,0.1482811698306824,2026-02-28
08121,2025,CO,0.01026058631921824,0.7482904591338326,0.3792755227265254,False,True,True,False,,,,2026-02-28
08123,2025,CO,0.01026058631921824,0.1650928036470205,0.08767669498311938,True,True,True,True,1807.0,5.0,0.07337095946639302,2026-02-28
08125,2025,CO,0.01026058631921824,0.7189840442852491,0.36462231530223366,False,True,True,False,,,,2026-02-28
09001,2025,CT,0.9903908794788273,0.9342233800065125,0.96230712974267,False,False,True,False,,,,2026-02-28
09003,2025,CT,0.9903908794788273,0.9915337023770758,0.9909622909279516,False,False,True,False,,,,2026-02-28
09005,2025,CT,0.9903908794788273,0.9534353630739173,0.9719131212763723,False,False,True,False,,,,2026-02-28
09007,2025,CT,0.9903908794788273,0.9703679583197655,0.9803794188992965,False,False,True,False,,,,2026-02-28
09009,2025,CT,0.9903908794788273,0.9667860631716053,0.9785884713252163,False,False,True,False,,,,2026-02-28
09011,2025,CT,0.9903908794788273,0.9827417779225008,0.9865663287006641,False,False,True,False,,,,2026-02-28
09013,2025,CT,0.9903908794788273,0.9830674047541518,0.9867291421164895,False,False,True,False,,,,2026-02-28
09015,2025,CT,0.9903908794788273,0.9602735265385868,0.975332203008707,False,False,True,False,,,,2026-02-28
10001,2025,DE,0.6478827361563518,0.7202865516118528,0.6840846438841024,False,True,True,False,,,,2026-02-28
10003,2025,DE,0.6478827361563518,0.7362422663627483,0.69206250125955,False,False,True,False,,,,2026-02-28
10005,2025,DE,0.6478827361563518,0.2504070335395637,0.4491448848479578,True,True,True,True,707.0,2.0,0.637762955361724,2026-02-28
11001,2025,,,0.0986649299902312,0.0986649299902312,True,False,True,False,,,,2026-02-28
12001,2025,FL,0.14299674267100979,0.26864213611201565,0.2058194393915127,True,True,True,True,1468.0,4.0,0.24730631092868138,2026-02-28
12003,2025,FL,0.14299674267100979,0.29176164115923153,0.21737919191512067,True,True,True,True,1430.0,4.0,0.2668034889687019,2026-02-28
12005,2025,FL,0.14299674267100979,0.11331813741452296,0.12815744004276636,True,True,True,True,1691.0,5.0,0.13288866085171883,2026-02-28
12007,2025,FL,0.14299674267100979,0.36177140996418106,0.2523840763175954,True,True,True,True,1340.0,4.0,0.31298101590559263,2026-02-28
12009,2025,FL,0.14299674267100979,0.12145880820579616,0.13222777543840297,True,True,True,True,1682.0,5.0,0.1375064135454079,2026-02-28
12011,2025,FL,0.14299674267100979,0.25496580918267664,0.19898127592684323,True,False,True,False,,,,2026-02-28
12013,2025,FL,0.14299674267100979,0.14783458156952134,0.14541566212026558,True,True,True,True,1641.0,5.0,0.1585428424833248,2026-02-28
12015,2025,FL,0.14299674267100979,0.01660696841419733,0.07980185554260355,True,True,True,True,1832.0,5.0,0.06054386865059005,2026-02-28
12017,2025,FL,0.14299674267100979,0.12406382285900358,0.13353028276500667,True,True,True,True,1678.0,5.0,0.13955874807593638,2026-02-28
12019,2025,FL,0.14299674267100979,0.13220449365027678,0.13760061816064328,True,True,True,True,1662.0,5.0,0.1477680861980503,2026-02-28
12021,2025,FL,0.14299674267100979,0.08205796157603387,0.11252735212352183,True,True,True,True,1739.0,5.0,0.10826064648537712,2026-02-28
12023,2025,FL,0.14299674267100979,0.3676326929338978,0.2553147178024538,True,True,True,True,1323.0,4.0,0.32170343766033865,2026-02-28
12027,2025,FL,0.14299674267100979,0.10973624226636275,0.12636649246868625,True,True,True,True,1698.0,5.0,0.129297075423294,2026-02-28
12029,2025,FL,0.14299674267100979,0.4578313253012048,0.3004140339861073,True,True,True,True,1204.0,4.0,0.3827603899435608,2026-02-28
12031,2025,FL,0.14299674267100979,0.10126994464343862,0.1221333436572242,True,False,True,False,,,,2026-02-28
12033,2025,FL,0.14299674267100979,0.23282318463041354,0.18790996365071166,True,True,True,True,1520.0,4.0,0.22062596203181117,2026-02-28
12035,2025,FL,0.14299674267100979,0.059915337023770755,0.10145603984739027,True,True,True,True,1770.0,5.0,0.09235505387378143,2026-02-28
12037,2025,FL,0.14299674267100979,0.12048192771084337,0.13173933519092657,True,True,True,True,1683.0,5.0,0.13699332991277577,2026-02-28
12039,2025,FL,0.14299674267100979,0.3910778248127646,0.2670372837418872,True,True,True,True,1294.0,4.0,0.33658286300667006,2026-02-28
12041,2025,FL,0.14299674267100979,0.6304135460761967,0.38670514437360326,True,True,True,True,929.0,3.0,0.5238583889173936,2026-02-28
12043,2025,FL,0.14299674267100979,0.46629762292412896,0.30464718279756936,True,True,True,True,1188.0,4.0,0.3909697280656747,2026-02-28
12045,2025,FL,0.14299674267100979,0.20840117225659394,0.17569895746380187,True,True,True,True,1554.0,4.0,0.20318111852231913,2026-02-28
12047,2025,FL,0.14299674267100979,0.3764246173884728,0.2597106800297413,True,True,True,True,1313.0,4.0,0.3268342739866598,2026-02-28
12049,2025,FL,0.14299674267100979,0.7857375447736894,0.4643671437223496,False,True,True,False,,,,2026-02-28
12051,2025,FL,0.14299674267100979,0.47932269619016604,0.3111597194305879,True,True,True,True,1171.0,4.0,0.39969214982042073,2026-02-28
12053,2025,FL,0.14299674267100979,0.13676326929338978,0.1398800059821998,True,True,True,True,1654.0,5.0,0.15187275525910723,2026-02-28
12055,2025,FL,0.14299674267100979,0.28752849234776945,0.21526261750938963,True,True,True,True,1441.0,4.0,0.26115956900974857,2026-02-28
12057,2025,FL,0.14299674267100979,0.13057635949202215,0.13678655108151597,True,False,True,False,,,,2026-02-28
12059,2025,FL,0.14299674267100979,0.19960924780201889,0.17130299523651432,True,True,True,True,1568.0,5.0,0.19599794766546946,2026-02-28
12061,2025,FL,0.14299674267100979,0.10289807880169326,0.12294741073635151,True,True,True,True,1711.0,5.0,0.12262698819907646,2026-02-28
12063,2025,FL,0.14299674267100979,0.21751872354281993,0.18025773310691484,True,True,True,True,1541.0,4.0,0.20985120574653668,2026-02-28
12065,2025,FL,0.14299674267100979,0.4588082057961576,0.3009024742335837,True,True,True,True,1201.0,4.0,0.3842996408414572,2026-02-28
12067,2025,FL,0.14299674267100979,0.8349071963529795,0.48895196951199466,False,True,True,False,,,,2026-02-28
12069,2025,FL,0.14299674267100979,0.15825464018235103,0.15062569142668042,True,True,True,True,1631.0,5.0,0.16367367880964598,2026-02-28
12071,2025,FL,0.14299674267100979,0.03744708563985672,0.09022191415543325,True,True,True,True,1801.0,5.0,0.07644946126218574,2026-02-28
12073,2025,FL,0.14299674267100979,0.3949853467925757,0.26899104473179275,True,True,True,True,1286.0,4.0,0.34068753206772706,2026-02-28
12075,2025,FL,0.14299674267100979,0.38489091501139694,0.2639438288412034,True,True,True,True,1301.0,4.0,0.33299127757824526,2026-02-28
12077,2025,FL,0.14299674267100979,0.6825138391403451,0.4127552909056775,False,True,True,False,,,,2026-02-28
12079,2025,FL,0.14299674267100979,0.4503419081732335,0.29666932542212165,True,True,True,True,1214.0,4.0,0.3776295536172396,2026-02-28
12081,2025,FL,0.14299674267100979,0.05275154672745034,0.09787414469923006,True,True,True,True,1783.0,5.0,0.08568496664956388,2026-02-28
12083,2025,FL,0.14299674267100979,0.1263432106805601,0.13466997667578495,True,True,True,True,1671.0,5.0,0.1431503335043612,2026-02-28
12085,2025,FL,0.14299674267100979,0.1243894496906545,0.13369309618083214,True,True,True,True,1677.0,5.0,0.1400718317085685,2026-02-28
12086,2025,FL,0.14299674267100979,0.5053728427222404,0.3241847926966251,True,False,True,False,,,,2026-02-28
12087,2025,FL,0.14299674267100979,0.1533702377075871,0.14818349018929844,True,False,True,False,,,,2026-02-28
12089,2025,FL,0.14299674267100979,0.18984044285249105,0.16641859276175042,True,True,True,True,1581.0,5.0,0.1893278604412519,2026-02-28
12091,2025,FL,0.14299674267100979,0.13318137414522957,0.1380890584081197,True,True,True,True,1659.0,5.0,0.14930733709594665,2026-02-28
12093,2025,FL,0.14299674267100979,0.6385542168674698,0.3907754797692398,True,True,True,True,912.0,3.0,0.5325808106721396,2026-02-28
12095,2025,FL,0.14299674267100979,0.22110061869098013,0.18204868068099495,True,False,True,False,,,,2026-02-28
12097,2025,FL,0.14299674267100979,0.11299251058287203,0.12799462662694092,True,True,True,True,1692.0,5.0,0.13237557721908672,2026-02-28
12099,2025,FL,0.14299674267100979,0.17095408661673722,0.1569754146438735,True,False,True,False,,,,2026-02-28
12101,2025,FL,0.14299674267100979,0.09833930315858026,0.12066802291479503,True,True,True,True,1716.0,5.0,0.12006157003591586,2026-02-28
12103,2025,FL,0.14299674267100979,0.09312927385216542,0.11806300826158761,True,False,True,False,,,,2026-02-28
12105,2025,FL,0.14299674267100979,0.11169000325626832,0.12734337296363907,True,True,True,True,1695.0,5.0,0.13083632632119035,2026-02-28
12107,2025,FL,0.14299674267100979,0.24356887007489417,0.19328280637295198,True,True,True,True,1500.0,4.0,0.23088763468445356,2026-02-28
12109,2025,FL,0.14299674267100979,0.11787691305763595,0.13043682786432287,True,True,True,True,1684.0,5.0,0.13648024628014366,2026-02-28
12111,2025,FL,0.14299674267100979,0.14001953760989905,0.14150814014045443,True,True,True,True,1652.0,5.0,0.15289892252437148,2026-02-28
12113,2025,FL,0.14299674267100979,0.20709866492999024,0.1750477038005,True,True,True,True,1556.0,4.0,0.2021549512570549,2026-02-28
12115,2025,FL,0.14299674267100979,0.03809833930315858,0.09054754098708419,True,True,True,True,1800.0,5.0,0.07696254489481785,2026-02-28
12117,2025,FL,0.14299674267100979,0.23412569195701727,0.18856121731401354,True,False,True,False,,,,2026-02-28
12119,2025,FL,0.14299674267100979,0.11657440573103224,0.12978557420102102,True,True,True,True,1685.0,5.0,0.13596716264751155,2026-02-28
12121,2025,FL,0.14299674267100979,0.5998046239010094,0.3714006832860096,True,True,True,True,975.0,3.0,0.5002565418163161,2026-02-28
12123,2025,FL,0.14299674267100979,0.1986323673070661,0.17081455498903794,True,True,True,True,1571.0,5.0,0.1944586967675731,2026-02-28
12125,2025,FL,0.14299674267100979,0.7847606642787366,0.4638787034748732,False,True,True,False,,,,2026-02-28
12127,2025,FL,0.14299674267100979,0.11592315206773038,0.12945994736937008,True,True,True,True,1687.0,5.0,0.1349409953822473,2026-02-28
12129,2025,FL,0.14299674267100979,0.3520026050146532,0.2474996738428315,True,True,True,True,1351.0,4.0,0.3073370959466393,2026-02-28
12131,2025,FL,0.14299674267100979,0.06186909801367633,0.10243292034234305,True,True,True,True,1767.0,5.0,0.09389430477167779,2026-02-28
12133,2025,FL,0.14299674267100979,0.3194399218495604,0.2312183322602851,True,True,True,True,1397.0,4.0,0.28373524884556184,2026-02-28
13001,2025,GA,0.5084690553745929,0.43080429827417777,0.4696366768243853,True,True,True,True,642.0,2.0,0.6711133914828117,2026-02-28
13003,2025,GA,0.5084690553745929,0.1276457180071638,0.31805738669087835,True,True,True,True,1151.0,3.0,0.4099538224730631,2026-02-28
13005,2025,GA,0.5084690553745929,0.9010094431781179,0.7047392492763553,False,True,True,False,,,,2026-02-28
13007,2025,GA,0.5084690553745929,0.19928362097036795,0.35387633817248043,True,True,True,True,1029.0,3.0,0.47255002565418164,2026-02-28
13009,2025,GA,0.5084690553745929,0.5457505698469554,0.527109812610774,True,True,True,True,463.0,2.0,0.7629553617239611,2026-02-28
13011,2025,GA,0.5084690553745929,0.7886681862585477,0.6485686208165703,False,True,True,False,,,,2026-02-28
13013,2025,GA,0.5084690553745929,0.4763920547053077,0.49243055503995026,True,True,True,True,578.0,2.0,0.7039507439712673,2026-02-28
13015,2025,GA,0.5084690553745929,0.3487463366981439,0.4286076960363684,True,True,True,True,788.0,3.0,0.5962031811185223,2026-02-28
13017,2025,GA,0.5084690553745929,0.16672093780527517,0.337594996589934,True,True,True,True,1092.0,3.0,0.4402257567983581,2026-02-28
13019,2025,GA,0.5084690553745929,0.5574731357863888,0.5329710955804908,True,True,True,True,437.0,2.0,0.7762955361723961,2026-02-28
13021,2025,GA,0.5084690553745929,0.40605665906870725,0.45726285722165005,True,True,True,True,686.0,2.0,0.6485377116469985,2026-02-28
13023,2025,GA,0.5084690553745929,0.5652881797460111,0.536878617560302,True,True,True,True,421.0,2.0,0.78450487429451,2026-02-28
13025,2025,GA,0.5084690553745929,0.21263432106805602,0.36055168822132444,True,True,True,True,998.0,3.0,0.4884556182657773,2026-02-28
13027,2025,GA,0.5084690553745929,0.42657114946271574,0.46752010241865427,True,True,True,True,650.0,2.0,0.6670087224217548,2026-02-28
13029,2025,GA,0.5084690553745929,0.696841419732986,0.6026552375537895,False,True,True,False,,,,2026-02-28
13031,2025,GA,0.5084690553745929,0.9583197655486813,0.733394410461637,False,True,True,False,,,,2026-02-28
13033,2025,GA,0.5084690553745929,0.3656789319439922,0.43707399365929256,True,True,True,True,760.0,2.0,0.6105695228322217,2026-02-28
13035,2025,GA,0.5084690553745929,0.3923803321393683,0.4504246937569806,True,True,True,True,701.0,2.0,0.6408414571575167,2026-02-28
13037,2025,GA,0.5084690553745929,0.04168023445131879,0.2750746449129558,True,True,True,True,1266.0,4.0,0.35094920472036945,2026-02-28
13039,2025,GA,0.5084690553745929,0.651579290133507,0.5800241727540499,True,True,True,True,312.0,1.0,0.840430990251411,2026-02-28
13043,2025,GA,0.5084690553745929,0.9886030608922175,0.7485360581334052,False,True,True,False,,,,2026-02-28
13045,2025,GA,0.5084690553745929,0.3360468902637577,0.4222579728191753,True,True,True,True,816.0,3.0,0.581836839404823,2026-02-28
13047,2025,GA,0.5084690553745929,0.6268316509280365,0.5676503531513146,True,True,True,True,343.0,1.0,0.8245253976398152,2026-02-28
13049,2025,GA,0.5084690553745929,0.6854444806252035,0.5969567679998982,False,True,True,False,,,,2026-02-28
13051,2025,GA,0.5084690553745929,0.5535656138065776,0.5310173345905853,True,True,True,True,446.0,2.0,0.7716777834787071,2026-02-28
13053,2025,GA,0.5084690553745929,0.6261803972647346,0.5673247263196637,True,True,True,True,344.0,1.0,0.8240123140071832,2026-02-28
13055,2025,GA,0.5084690553745929,0.2634321068056008,0.38595058109009683,True,True,True,True,930.0,3.0,0.5233453052847614,2026-02-28
13057,2025,GA,0.5084690553745929,0.4317811787691306,0.4701251170718617,True,True,True,True,639.0,2.0,0.6726526423807081,2026-02-28
13059,2025,GA,0.5084690553745929,0.7075871051774666,0.6080280802760297,False,False,True,False,,,,2026-02-28
13061,2025,GA,0.5084690553745929,0.23086942364050797,0.36966923950755043,True,True,True,True,978.0,3.0,0.4987172909184197,2026-02-28
13063,2025,GA,0.5084690553745929,0.11006186909801367,0.30926546223630325,True,False,True,False,,,,2026-02-28
13065,2025,GA,0.5084690553745929,0.4926733962878541,0.5005712258312235,True,True,True,True,548.0,2.0,0.7193432529502309,2026-02-28
13067,2025,GA,0.5084690553745929,0.27254965809182674,0.3905093567332098,True,False,True,False,,,,2026-02-28
13069,2025,GA,0.5084690553745929,0.21230869423640508,0.36038887480549897,True,True,True,True,1000.0,3.0,0.4874294510005131,2026-02-28
13071,2025,GA,0.5084690553745929,0.7303809833930316,0.6194250193838122,False,True,True,False,,,,2026-02-28
13073,2025,GA,0.5084690553745929,0.3858677955063497,0.4471684254404713,True,True,True,True,718.0,2.0,0.6321190354027707,2026-02-28
13075,2025,GA,0.5084690553745929,0.37805275154672746,0.44326090346066016,True,True,True,True,733.0,2.0,0.6244227809132888,2026-02-28
13077,2025,GA,0.5084690553745929,0.37349397590361444,0.44098151563910365,True,True,True,True,746.0,2.0,0.6177526936890713,2026-02-28
13079,2025,GA,0.5084690553745929,0.44903940084662974,0.4787542281106113,True,True,True,True,613.0,2.0,0.6859928168291431,2026-02-28
13081,2025,GA,0.5084690553745929,0.19081732334744383,0.34964318936101835,True,True,True,True,1040.0,3.0,0.46690610569522834,2026-02-28
13083,2025,GA,0.5084690553745929,0.5675675675675675,0.5380183114710801,True,True,True,True,417.0,2.0,0.7865572088250384,2026-02-28
13085,2025,GA,0.5084690553745929,0.4776945620319114,0.49308180870325213,True,True,True,True,572.0,2.0,0.70702924576706,2026-02-28
13087,2025,GA,0.5084690553745929,0.30869423640507976,0.4085816458898363,True,True,True,True,863.0,3.0,0.5577219086711134,2026-02-28
13089,2025,GA,0.5084690553745929,0.13187886681862585,0.32017396109660934,True,False,True,False,,,,2026-02-28
13091,2025,GA,0.5084690553745929,0.15271898404428524,0.330594019709439,True,True,True,True,1114.0,3.0,0.4289379168804515,2026-02-28
13093,2025,GA,0.5084690553745929,0.5001628134158255,0.5043159343952092,True,True,True,True,538.0,2.0,0.7244740892765521,2026-02-28
13095,2025,GA,0.5084690553745929,0.2575708238358841,0.3830199396052385,True,True,True,True,938.0,3.0,0.5192406362237044,2026-02-28
13097,2025,GA,0.5084690553745929,0.1393682839465972,0.323918669660595,True,True,True,True,1130.0,3.0,0.42072857875833763,2026-02-28
13099,2025,GA,0.5084690553745929,0.2836209703679583,0.3960450128712756,True,True,True,True,894.0,3.0,0.5418163160595177,2026-02-28
13101,2025,GA,0.5084690553745929,0.3507000976880495,0.4295845765313212,True,True,True,True,785.0,3.0,0.5977424320164186,2026-02-28
13103,2025,GA,0.5084690553745929,0.818951481602084,0.6637102684883385,False,True,True,False,,,,2026-02-28
13105,2025,GA,0.5084690553745929,0.9270595897101921,0.7177643225423924,False,True,True,False,,,,2026-02-28
13107,2025,GA,0.5084690553745929,0.732660371214588,0.6205647132945904,False,True,True,False,,,,2026-02-28
13109,2025,GA,0.5084690553745929,0.27971344838814716,0.39409125188137,True,True,True,True,901.0,3.0,0.5382247306310929,2026-02-28
13111,2025,GA,0.5084690553745929,0.2289156626506024,0.3686923590125976,True,True,True,True,982.0,3.0,0.4966649563878912,2026-02-28
13113,2025,GA,0.5084690553745929,0.5004884402474764,0.5044787478110346,True,True,True,True,537.0,2.0,0.7249871729091842,2026-02-28
13115,2025,GA,0.5084690553745929,0.5193747964832303,0.5139219259289116,True,True,True,True,508.0,2.0,0.7398665982555156,2026-02-28
13117,2025,GA,0.5084690553745929,0.49527841094106156,0.5018737331578272,True,True,True,True,545.0,2.0,0.7208825038481272,2026-02-28
13119,2025,GA,0.5084690553745929,0.6733962878541192,0.590932671614356,False,True,True,False,,,,2026-02-28
13121,2025,GA,0.5084690553745929,0.18169977206121785,0.3450844137179053,True,False,True,False,,,,2026-02-28
13123,2025,GA,0.5084690553745929,0.3070661022468251,0.407767578810709,True,True,True,True,867.0,3.0,0.5556695741405849,2026-02-28
13125,2025,GA,0.5084690553745929,0.29762292412894825,0.40304598975177053,True,True,True,True,881.0,3.0,0.5484864032837352,2026-02-28
13127,2025,GA,0.5084690553745929,0.38163464669488767,0.44505185103474026,True,True,True,True,727.0,2.0,0.6275012827090816,2026-02-28
13129,2025,GA,0.5084690553745929,0.7795506349723217,0.6440098451734573,False,True,True,False,,,,2026-02-28
13131,2025,GA,0.5084690553745929,0.21165744057310323,0.36006324797384803,True,True,True,True,1004.0,3.0,0.4853771164699846,2026-02-28
13133,2025,GA,0.5084690553745929,0.5105828720286552,0.5095259637016241,True,True,True,True,527.0,2.0,0.7301180092355054,2026-02-28
13135,2025,GA,0.5084690553745929,0.2438944969065451,0.37618177614056897,True,False,True,False,,,,2026-02-28
13137,2025,GA,0.5084690553745929,0.8313253012048193,0.6698971782897061,False,True,True,False,,,,2026-02-28
13139,2025,GA,0.5084690553745929,0.37544773689352,0.4419583961340564,True,True,True,True,740.0,2.0,0.620831195484864,2026-02-28
13141,2025,GA,0.5084690553745929,0.4496906545099316,0.47907985494226224,True,True,True,True,612.0,2.0,0.6865059004617753,2026-02-28
13143,2025,GA,0.5084690553745929,0.6092478020188864,0.5588584286967396,True,True,True,True,367.0,1.0,0.8122113904566445,2026-02-28
13145,2025,GA,0.5084690553745929,0.6685118853793552,0.588490470376974,False,True,True,False,,,,2026-02-28
13147,2025,GA,0.5084690553745929,0.511559752523608,0.5100144039491004,True,True,True,True,522.0,2.0,0.732683427398666,2026-02-28
13149,2025,GA,0.5084690553745929,0.7030283295343537,0.6057486924544733,False,True,True,False,,,,2026-02-28
13151,2025,GA,0.5084690553745929,0.14132204493650277,0.32489555015554783,True,True,True,True,1127.0,3.0,0.42226782965623394,2026-02-28
13153,2025,GA,0.5084690553745929,0.7271247150765223,0.6177968852255575,False,True,True,False,,,,2026-02-28
13155,2025,GA,0.5084690553745929,0.20449365027678282,0.3564813528256878,True,True,True,True,1018.0,3.0,0.47819394561313494,2026-02-28
13157,2025,GA,0.5084690553745929,0.4594594594594595,0.4839642574170262,True,True,True,True,599.0,2.0,0.6931759876859929,2026-02-28
13159,2025,GA,0.5084690553745929,0.7036795831976554,0.6060743192861242,False,True,True,False,,,,2026-02-28
13161,2025,GA,0.5084690553745929,0.5278410941061543,0.5181550747403736,True,True,True,True,496.0,2.0,0.746023601847101,2026-02-28
13163,2025,GA,0.5084690553745929,0.135786388798437,0.3221277220865149,True,True,True,True,1140.0,3.0,0.4155977424320164,2026-02-28
13165,2025,GA,0.5084690553745929,0.7772712471507652,0.6428701512626791,False,True,True,False,,,,2026-02-28
13167,2025,GA,0.5084690553745929,0.7359166395310973,0.6221928474528451,False,True,True,False,,,,2026-02-28
13169,2025,GA,0.5084690553745929,0.5418430478671442,0.5251560516208685,True,True,True,True,468.0,2.0,0.7603899435608004,2026-02-28
13171,2025,GA,0.5084690553745929,0.6492999023119504,0.5788844788432717,True,True,True,True,315.0,1.0,0.8388917393535146,2026-02-28
13173,2025,GA,0.5084690553745929,0.7564311299251059,0.6324500926498493,False,True,True,False,,,,2026-02-28
13175,2025,GA,0.5084690553745929,0.24422012373819602,0.37634458955639444,True,True,True,True,963.0,3.0,0.5064135454079015,2026-02-28
13177,2025,GA,0.5084690553745929,0.5962227287528492,0.552345892063721,True,True,True,True,387.0,1.0,0.801949717804002,2026-02-28
13179,2025,GA,0.5084690553745929,0.805600781504396,0.6570349184394944,False,True,True,False,,,,2026-02-28
13181,2025,GA,0.5084690553745929,0.6255291436014327,0.5669990994880127,True,True,True,True,345.0,1.0,0.8234992303745511,2026-02-28
13183,2025,GA,0.5084690553745929,0.7385216541843048,0.6234953547794488,False,True,True,False,,,,2026-02-28
13185,2025,GA,0.5084690553745929,0.7020514490394009,0.6052602522069969,False,True,True,False,,,,2026-02-28
13187,2025,GA,0.5084690553745929,0.7854119179420385,0.6469404866583157,False,True,True,False,,,,2026-02-28
13189,2025,GA,0.5084690553745929,0.547704330836861,0.5280866931057269,True,True,True,True,460.0,2.0,0.7644946126218574,2026-02-28
13191,2025,GA,0.5084690553745929,0.7811787691305764,0.6448239122525846,False,True,True,False,,,,2026-02-28
13193,2025,GA,0.5084690553745929,0.8765874308042982,0.6925282430894455,False,True,True,False,,,,2026-02-28
13195,2025,GA,0.5084690553745929,0.8671442526864214,0.6878066540305071,False,True,True,False,,,,2026-02-28
13197,2025,GA,0.5084690553745929,0.5600781504395962,0.5342736029070945,True,True,True,True,431.0,2.0,0.7793740379681888,2026-02-28
13199,2025,GA,0.5084690553745929,0.44545750569846954,0.4769632805365312,True,True,True,True,620.0,2.0,0.6824012314007183,2026-02-28
13201,2025,GA,0.5084690553745929,0.9563660045587756,0.7324175299666842,False,True,True,False,,,,2026-02-28
13205,2025,GA,0.5084690553745929,0.9075219798111365,0.7079955175928647,False,True,True,False,,,,2026-02-28
13207,2025,GA,0.5084690553745929,0.5858026701400195,0.5471358627573062,True,True,True,True,401.0,2.0,0.7947665469471524,2026-02-28
13209,2025,GA,0.5084690553745929,0.2914360143275806,0.3999525348510867,True,True,True,True,885.0,3.0,0.5464340687532068,2026-02-28
13211,2025,GA,0.5084690553745929,0.6538586779550635,0.5811638666648282,True,True,True,True,308.0,1.0,0.8424833247819394,2026-02-28
13213,2025,GA,0.5084690553745929,0.574405731032237,0.5414373932034149,True,True,True,True,411.0,2.0,0.7896357106208312,2026-02-28
13215,2025,GA,0.5084690553745929,0.6987951807228916,0.6036321180487423,False,True,True,False,,,,2026-02-28
13217,2025,GA,0.5084690553745929,0.16997720612178444,0.33922313074818866,True,True,True,True,1081.0,3.0,0.44586967675731143,2026-02-28
13219,2025,GA,0.5084690553745929,0.597199609247802,0.5528343323111975,True,True,True,True,386.0,1.0,0.8024628014366342,2026-02-28
13221,2025,GA,0.5084690553745929,0.769130576359492,0.6387998158670425,False,True,True,False,,,,2026-02-28
13223,2025,GA,0.5084690553745929,0.1729078476066428,0.3406884514906178,True,True,True,True,1074.0,3.0,0.4494612621857363,2026-02-28
13225,2025,GA,0.5084690553745929,0.5545424943015305,0.5315057748380616,True,True,True,True,443.0,2.0,0.7732170343766034,2026-02-28
13227,2025,GA,0.5084690553745929,0.5558450016281341,0.5321570285013635,True,True,True,True,441.0,2.0,0.7742432016418677,2026-02-28
13229,2025,GA,0.5084690553745929,0.8847281015955715,0.6965985784850821,False,True,True,False,,,,2026-02-28
13231,2025,GA,0.5084690553745929,0.6916313904265712,0.600050222900582,False,True,True,False,,,,2026-02-28
13233,2025,GA,0.5084690553745929,0.45197004233148813,0.4802195488530405,True,True,True,True,610.0,2.0,0.6875320677270395,2026-02-28
13235,2025,GA,0.5084690553745929,0.7033539563660045,0.6059115058702986,False,True,True,False,,,,2026-02-28
13237,2025,GA,0.5084690553745929,0.48029957668511886,0.4943843160298559,True,True,True,True,568.0,2.0,0.7090815802975885,2026-02-28
13239,2025,GA,0.5084690553745929,0.19700423314881146,0.35273664426170215,True,True,True,True,1032.0,3.0,0.4710107747562853,2026-02-28
13241,2025,GA,0.5084690553745929,0.5981764897427548,0.5533227725586738,True,True,True,True,384.0,1.0,0.8034889687018985,2026-02-28
13243,2025,GA,0.5084690553745929,0.3435363073917291,0.426002681383161,True,True,True,True,799.0,3.0,0.590559261159569,2026-02-28
13245,2025,GA,0.5084690553745929,0.352979485509606,0.43072427044209943,True,True,True,True,778.0,2.0,0.6013340174448435,2026-02-28
13247,2025,GA,0.5084690553745929,0.16118528166720938,0.3348271685209011,True,True,True,True,1097.0,3.0,0.43766033863519754,2026-02-28
13249,2025,GA,0.5084690553745929,0.5301204819277109,0.5192947686511519,True,True,True,True,490.0,2.0,0.7491021036428938,2026-02-28
13251,2025,GA,0.5084690553745929,0.48225333767502443,0.49536119652480864,True,True,True,True,562.0,2.0,0.7121600820933812,2026-02-28
13253,2025,GA,0.5084690553745929,0.23477694562031912,0.371623000497456,True,True,True,True,974.0,3.0,0.5007696254489482,2026-02-28
13255,2025,GA,0.5084690553745929,0.2793878215564963,0.3939284384655446,True,True,True,True,902.0,3.0,0.5377116469984607,2026-02-28
13257,2025,GA,0.5084690553745929,0.6727450341908173,0.5906070447827051,False,True,True,False,,,,2026-02-28
13259,2025,GA,0.5084690553745929,0.2022142624552263,0.3553416589149096,True,True,True,True,1025.0,3.0,0.4746023601847101,2026-02-28
13261,2025,GA,0.5084690553745929,0.30250732660371216,0.4054881909891525,True,True,True,True,872.0,3.0,0.5531041559774243,2026-02-28
13263,2025,GA,0.5084690553745929,0.17355910126994464,0.34101407832226877,True,True,True,True,1071.0,3.0,0.45100051308363265,2026-02-28
13265,2025,GA,0.5084690553745929,0.21198306740475414,0.3602260613896735,True,True,True,True,1002.0,3.0,0.4864032837352488,2026-02-28
13267,2025,GA,0.5084690553745929,0.8902637577336373,0.6993664065541151,False,True,True,False,,,,2026-02-28
13269,2025,GA,0.5084690553745929,0.5636600455877564,0.5360645504811746,True,True,True,True,425.0,2.0,0.7824525397639815,2026-02-28
13271,2025,GA,0.5084690553745929,0.21458808205796157,0.3615285687162772,True,True,True,True,997.0,3.0,0.48896870189840946,2026-02-28
13273,2025,GA,0.5084690553745929,0.5877564311299251,0.548112743252259,True,True,True,True,399.0,2.0,0.7957927142124166,2026-02-28
13275,2025,GA,0.5084690553745929,0.5704982090524259,0.5394836322135094,True,True,True,True,415.0,2.0,0.7875833760903027,2026-02-28
13277,2025,GA,0.5084690553745929,0.3155323998697493,0.4120007276221711,True,True,True,True,852.0,3.0,0.5633658286300667,2026-02-28
13279,2025,GA,0.5084690553745929,0.8870074894171279,0.6977382723958604,False,True,True,False,,,,2026-02-28
13281,2025,GA,0.5084690553745929,0.4438293715402149,0.4761492134574039,True,True,True,True,625.0,2.0,0.6798358132375577,2026-02-28
13283,2025,GA,0.5084690553745929,0.09247802018886356,0.3004735377817282,True,True,True,True,1203.0,4.0,0.3832734735761929,2026-02-28
13285,2025,GA,0.5084690553745929,0.8095083034842071,0.6589886794294,False,True,True,False,,,,2026-02-28
13287,2025,GA,0.5084690553745929,0.33995441224356887,0.42421173380908084,True,True,True,True,805.0,3.0,0.5874807593637763,2026-02-28
13289,2025,GA,0.5084690553745929,0.08726799088244871,0.2978685231285208,True,True,True,True,1210.0,4.0,0.3796818881477681,2026-02-28
13291,2025,GA,0.5084690553745929,0.6144578313253012,0.561463443349947,True,True,True,True,359.0,1.0,0.8163160595177014,2026-02-28
13293,2025,GA,0.5084690553745929,0.8651904916965157,0.6868297735355543,False,True,True,False,,,,2026-02-28
13295,2025,GA,0.5084690553745929,0.6151090849886031,0.561789070181598,True,True,True,True,356.0,1.0,0.8178553104155978,2026-02-28
13297,2025,GA,0.5084690553745929,0.41973298599804626,0.46410102068631953,True,True,True,True,664.0,2.0,0.6598255515649051,2026-02-28
13299,2025,GA,0.5084690553745929,0.24291761641159232,0.3756933358930926,True,True,True,True,965.0,3.0,0.5053873781426372,2026-02-28
13301,2025,GA,0.5084690553745929,0.10647997394985347,0.30747451466222314,True,True,True,True,1182.0,4.0,0.3940482298614674,2026-02-28
13303,2025,GA,0.5084690553745929,0.10224682513839141,0.30535794025649216,True,True,True,True,1186.0,4.0,0.3919958953309389,2026-02-28
13305,2025,GA,0.5084690553745929,0.7004233148811462,0.6044461851278695,False,True,True,False,,,,2026-02-28
13307,2025,GA,0.5084690553745929,0.46466948876587433,0.4865692720702336,True,True,True,True,592.0,2.0,0.6967675731144176,2026-02-28
13309,2025,GA,0.5084690553745929,0.96841419732986,0.7384416263522264,False,True,True,False,,,,2026-02-28
13311,2025,GA,0.5084690553745929,0.6913057635949202,0.5998874094847566,False,True,True,False,,,,2026-02-28
13313,2025,GA,0.5084690553745929,0.8143927059589711,0.6614308806667819,False,True,True,False,,,,2026-02-28
13315,2025,GA,0.5084690553745929,0.22240312601758386,0.36543609069608834,True,True,True,True,989.0,3.0,0.4930733709594664,2026-02-28
13317,2025,GA,0.5084690553745929,0.61055030934549,0.5595096823600414,True,True,True,True,365.0,1.0,0.8132375577219086,2026-02-28
13319,2025,GA,0.5084690553745929,0.6792575708238359,0.5938633130992144,False,True,True,False,,,,2026-02-28
13321,2025,GA,0.5084690553745929,0.4773689352002605,0.49291899528742666,True,True,True,True,573.0,2.0,0.7065161621344279,2026-02-28
15001,2025,HI,0.15456026058631922,0.181048518397916,0.16780438949211762,True,True,True,True,1578.0,5.0,0.19086711133914827,2026-02-28
15003,2025,HI,0.15456026058631922,0.1904916965157929,0.17252597855105606,True,False,True,False,,,,2026-02-28
15007,2025,HI,0.15456026058631922,0.4402474763920547,0.297403868489187,True,True,True,True,1212.0,4.0,0.3786557208825038,2026-02-28
15009,2025,HI,0.15456026058631922,0.20058612829697167,0.17757319444164543,True,True,True,True,1549.0,4.0,0.20574653668547974,2026-02-28
16001,2025,ID,0.1986970684039088,0.2679908824487138,0.2333439754263113,True,True,True,True,1390.0,4.0,0.28732683427398664,2026-02-28
16003,2025,ID,0.1986970684039088,0.2276131553239987,0.21315511186395375,True,True,True,True,1447.0,4.0,0.25808106721395585,2026-02-28
16005,2025,ID,0.1986970684039088,0.448062520351677,0.3233797943777929,True,True,True,True,1132.0,3.0,0.41970241149307336,2026-02-28
16007,2025,ID,0.1986970684039088,0.24910452621295995,0.22390079730843437,True,True,True,True,1413.0,4.0,0.2755259107234479,2026-02-28
16009,2025,ID,0.1986970684039088,0.17160534028003907,0.18515120434197394,True,True,True,True,1529.0,4.0,0.21600820933812212,2026-02-28
16011,2025,ID,0.1986970684039088,0.3464669488765874,0.2725820086402481,True,True,True,True,1274.0,4.0,0.34684453565931245,2026-02-28
16013,2025,ID,0.1986970684039088,0.9088244871377401,0.5537607777708244,False,True,True,False,,,,2026-02-28
16015,2025,ID,0.1986970684039088,0.31064799739498533,0.2546725328994471,True,True,True,True,1327.0,4.0,0.31965110312981015,2026-02-28
16017,2025,ID,0.1986970684039088,0.3318137414522957,0.26525540492810223,True,True,True,True,1299.0,4.0,0.3340174448435095,2026-02-28
16019,2025,ID,0.1986970684039088,0.2683165092803647,0.23350678884213677,True,True,True,True,1389.0,4.0,0.2878399179066188,2026-02-28
16021,2025,ID,0.1986970684039088,0.19993487463366982,0.19931597151878933,True,True,True,True,1484.0,4.0,0.23909697280656747,2026-02-28
16025,2025,ID,0.1986970684039088,0.33832627808531424,0.2685116732446115,True,True,True,True,1290.0,4.0,0.33863519753719856,2026-02-28
16027,2025,ID,0.1986970684039088,0.1787691305763595,0.18873309949013414,True,True,True,True,1518.0,4.0,0.22165212929707542,2026-02-28
16029,2025,ID,0.1986970684039088,0.4171279713448388,0.3079125198743738,True,True,True,True,1181.0,4.0,0.39456131349409956,2026-02-28
16031,2025,ID,0.1986970684039088,0.5519374796483231,0.3753172740261159,True,True,True,True,967.0,3.0,0.504361210877373,2026-02-28
16033,2025,ID,0.1986970684039088,0.45490068381634646,0.32679887611012765,True,True,True,True,1123.0,3.0,0.42432016418676244,2026-02-28
16035,2025,ID,0.1986970684039088,0.30380983393031585,0.25125345116711234,True,True,True,True,1346.0,4.0,0.3099025141097999,2026-02-28
16037,2025,ID,0.1986970684039088,0.4770433083686096,0.3378701883862592,True,True,True,True,1088.0,3.0,0.4422780913288866,2026-02-28
16039,2025,ID,0.1986970684039088,0.4347118202539889,0.31670444432894884,True,True,True,True,1155.0,3.0,0.4079014879425346,2026-02-28
16041,2025,ID,0.1986970684039088,0.2992510582872029,0.24897406334555583,True,True,True,True,1349.0,4.0,0.30836326321190355,2026-02-28
16043,2025,ID,0.1986970684039088,0.23998697492673396,0.21934202166532138,True,True,True,True,1423.0,4.0,0.27039507439712673,2026-02-28
16045,2025,ID,0.1986970684039088,0.3389775317486161,0.26883730007626244,True,True,True,True,1287.0,4.0,0.3401744484350949,2026-02-28
16047,2025,ID,0.1986970684039088,0.3226961901660697,0.26069662928498927,True,True,True,True,1311.0,4.0,0.32786044125192404,2026-02-28
16049,2025,ID,0.1986970684039088,0.5408661673721915,0.36978161788805014,True,True,True,True,977.0,3.0,0.49923037455105185,2026-02-28
16051,2025,ID,0.1986970684039088,0.34321068056007814,0.2709538744819935,True,True,True,True,1280.0,4.0,0.3437660338635197,2026-02-28
16053,2025,ID,0.1986970684039088,0.4509931618365353,0.32484511512022207,True,True,True,True,1128.0,3.0,0.42175474602360186,2026-02-28
16055,2025,ID,0.1986970684039088,0.28883099967437315,0.243764034039141,True,True,True,True,1357.0,4.0,0.3042585941508466,2026-02-28
16057,2025,ID,0.1986970684039088,0.43373493975903615,0.3162160040814725,True,True,True,True,1157.0,3.0,0.4068753206772704,2026-02-28
16059,2025,ID,0.1986970684039088,0.5929664604363399,0.39583176442012435,True,True,True,True,895.0,3.0,0.5413032324268856,2026-02-28
16061,2025,ID,0.1986970684039088,0.2653858677955063,0.23204146809970755,True,True,True,True,1394.0,4.0,0.2852744997434582,2026-02-28
16063,2025,ID,0.1986970684039088,0.4666232497557799,0.33266015907984436,True,True,True,True,1104.0,3.0,0.4340687532067727,2026-02-28
16065,2025,ID,0.1986970684039088,0.3158580267014002,0.2572775475526545,True,True,True,True,1317.0,4.0,0.3247819394561314,2026-02-28
16067,2025,ID,0.1986970684039088,0.5190491696515793,0.35887311902774405,True,True,True,True,1006.0,3.0,0.4843509492047204,2026-02-28
16069,2025,ID,0.1986970684039088,0.5131878866818625,0.35594247754288566,True,True,True,True,1021.0,3.0,0.4766546947152386,2026-02-28
16071,2025,ID,0.1986970684039088,0.4076847932269619,0.30319093081543536,True,True,True,True,1193.0,4.0,0.3884043099025141,2026-02-28
16073,2025,ID,0.1986970684039088,0.2393357212634321,0.21901639483367047,True,True,True,True,1424.0,4.0,0.2698819907644946,2026-02-28
16075,2025,ID,0.1986970684039088,0.27841094106154346,0.23855400473272614,True,True,True,True,1382.0,4.0,0.2914315033350436,2026-02-28
16077,2025,ID,0.1986970684039088,0.22338000651253664,0.2110385374582227,True,True,True,True,1457.0,4.0,0.2529502308876347,2026-02-28
16079,2025,ID,0.1986970684039088,0.1383914034516444,0.16854423592777662,True,True,True,True,1577.0,5.0,0.1913801949717804,2026-02-28
16081,2025,ID,0.1986970684039088,0.4158254640182351,0.30726126621107197,True,True,True,True,1183.0,4.0,0.3935351462288353,2026-02-28
16083,2025,ID,0.1986970684039088,0.3103223705633344,0.2545097194836216,True,True,True,True,1329.0,4.0,0.31862493586454593,2026-02-28
16085,2025,ID,0.1986970684039088,0.26147834581569523,0.23008770710980203,True,True,True,True,1399.0,4.0,0.28270908158029756,2026-02-28
16087,2025,ID,0.1986970684039088,0.3787040052100293,0.28870053680696905,True,True,True,True,1237.0,4.0,0.36582863006670086,2026-02-28
17001,2025,IL,0.864657980456026,0.2764571800716379,0.570557580263832,True,True,True,True,338.0,1.0,0.8270908158029758,2026-02-28
17003,2025,IL,0.864657980456026,0.021165744057310323,0.4429118622566682,True,True,True,True,735.0,2.0,0.6233966136480247,2026-02-28
17005,2025,IL,0.864657980456026,0.6688375122110062,0.7667477463335162,False,True,True,False,,,,2026-02-28
17007,2025,IL,0.864657980456026,0.9693910778248128,0.9170245291404194,False,True,True,False,,,,2026-02-28
17009,2025,IL,0.864657980456026,0.20188863562357537,0.5332733080398007,True,True,True,True,435.0,2.0,0.7773217034376604,2026-02-28
17011,2025,IL,0.864657980456026,0.9498534679257571,0.9072557241908916,False,True,True,False,,,,2026-02-28
17013,2025,IL,0.864657980456026,0.39759036144578314,0.6311241709509046,True,True,True,True,206.0,1.0,0.8948178553104156,2026-02-28
17015,2025,IL,0.864657980456026,0.9938130901986324,0.9292355353273292,False,True,True,False,,,,2026-02-28
17017,2025,IL,0.864657980456026,0.5874308042982742,0.7260443923771501,True,True,True,True,57.0,1.0,0.9712673165726013,2026-02-28
17019,2025,IL,0.864657980456026,0.9101269944643439,0.887392487460185,False,True,True,False,,,,2026-02-28
17021,2025,IL,0.864657980456026,0.986649299902312,0.9256536401791691,False,True,True,False,,,,2026-02-28
17023,2025,IL,0.864657980456026,0.3337675024422012,0.5992127414491136,True,True,True,True,272.0,1.0,0.8609543355566958,2026-02-28
17025,2025,IL,0.864657980456026,0.7287528492347769,0.7967054148454015,False,True,True,False,,,,2026-02-28
17027,2025,IL,0.864657980456026,0.8925431455551938,0.87860056300561,False,True,True,False,,,,2026-02-28
17029,2025,IL,0.864657980456026,0.9677629436665581,0.9162104620612921,False,True,True,False,,,,2026-02-28
17031,2025,IL,0.864657980456026,0.6857701074568544,0.7752140439564402,False,False,True,False,,,,2026-02-28
17033,2025,IL,0.864657980456026,0.15955714750895475,0.5121075639824904,True,True,True,True,515.0,2.0,0.7362750128270908,2026-02-28
17035,2025,IL,0.864657980456026,0.49788342559426896,0.6812707030251475,True,True,True,True,121.0,1.0,0.9384299640841457,2026-02-28
17037,2025,IL,0.864657980456026,0.9781830022793878,0.9214204913677069,False,True,True,False,,,,2026-02-28
17039,2025,IL,0.864657980456026,0.9732985998046239,0.918978290130325,False,True,True,False,,,,2026-02-28
17041,2025,IL,0.864657980456026,0.9859980462390101,0.9253280133475181,False,True,True,False,,,,2026-02-28
17043,2025,IL,0.864657980456026,0.9192445457505698,0.891951263103298,False,False,True,False,,,,2026-02-28
17045,2025,IL,0.864657980456026,0.14718332790621946,0.5059206541811228,True,True,True,True,534.0,2.0,0.7265264238070805,2026-02-28
17047,2025,IL,0.864657980456026,0.3614457831325301,0.613051881794278,True,True,True,True,240.0,1.0,0.8773730118009235,2026-02-28
17049,2025,IL,0.864657980456026,0.4692282644089873,0.6669431224325066,True,True,True,True,145.0,1.0,0.9261159569009748,2026-02-28
17051,2025,IL,0.864657980456026,0.20612178443503745,0.5353898824455318,True,True,True,True,429.0,2.0,0.7804002052334531,2026-02-28
17053,2025,IL,0.864657980456026,0.9436665581243895,0.9041622692902078,False,True,True,False,,,,2026-02-28
17055,2025,IL,0.864657980456026,0.02637577336372517,0.4455168769098756,True,True,True,True,723.0,2.0,0.62955361723961,2026-02-28
17057,2025,IL,0.864657980456026,0.17583848909150113,0.5202482347737636,True,True,True,True,485.0,2.0,0.7516675218060543,2026-02-28
17059,2025,IL,0.864657980456026,0.26310647997394987,0.563882230214988,True,True,True,True,352.0,1.0,0.8199076449461262,2026-02-28
17061,2025,IL,0.864657980456026,0.5236079452946922,0.6941329628753592,True,True,True,True,104.0,1.0,0.9471523858388917,2026-02-28
17063,2025,IL,0.864657980456026,0.868772386844676,0.866715183650351,False,True,True,False,,,,2026-02-28
17065,2025,IL,0.864657980456026,0.035818951481602086,0.45023846596881406,True,True,True,True,704.0,2.0,0.6393022062596203,2026-02-28
17067,2025,IL,0.864657980456026,0.6379029632041681,0.751280471830097,True,True,True,True,34.0,1.0,0.9830682401231401,2026-02-28
17069,2025,IL,0.864657980456026,0.08629111038749593,0.475474545421761,True,True,True,True,628.0,2.0,0.6782965623396614,2026-02-28
17071,2025,IL,0.864657980456026,0.3139042657114946,0.5892811230837603,True,True,True,True,290.0,1.0,0.8517188301693176,2026-02-28
17073,2025,IL,0.864657980456026,0.8140670791273201,0.8393625297916731,False,True,True,False,,,,2026-02-28
17075,2025,IL,0.864657980456026,0.5167697818300228,0.6907138811430245,True,True,True,True,111.0,1.0,0.9435608004104669,2026-02-28
17077,2025,IL,0.864657980456026,0.9312927385216542,0.8979753594888401,False,True,True,False,,,,2026-02-28
17079,2025,IL,0.864657980456026,0.986323673070661,0.9254908267633435,False,True,True,False,,,,2026-02-28
17081,2025,IL,0.864657980456026,0.40345164441549985,0.634054812435763,True,True,True,True,199.0,1.0,0.8984094407388404,2026-02-28
17083,2025,IL,0.864657980456026,0.8707261478345816,0.8676920641453039,False,True,True,False,,,,2026-02-28
17085,2025,IL,0.864657980456026,0.9156626506024096,0.8901603155292178,False,True,True,False,,,,2026-02-28
17087,2025,IL,0.864657980456026,0.8401172256593943,0.8523876030577102,False,True,True,False,,,,2026-02-28
17089,2025,IL,0.864657980456026,0.8860306089221752,0.8753442946891006,False,False,True,False,,,,2026-02-28
17091,2025,IL,0.864657980456026,0.8883099967437317,0.8764839885998789,False,True,True,False,,,,2026-02-28
17093,2025,IL,0.864657980456026,0.9622272875284924,0.9134426339922592,False,True,True,False,,,,2026-02-28
17095,2025,IL,0.864657980456026,0.8472810159557147,0.8559694982058703,False,True,True,False,,,,2026-02-28
17097,2025,IL,0.864657980456026,0.9348746336698144,0.8997663070629203,False,False,True,False,,,,2026-02-28
17099,2025,IL,0.864657980456026,0.9658091826766526,0.9152335815663393,False,True,True,False,,,,2026-02-28
17101,2025,IL,0.864657980456026,0.07456854444806252,0.46961326245204427,True,True,True,True,643.0,2.0,0.6706003078501795,2026-02-28
17103,2025,IL,0.864657980456026,0.9439921849560404,0.9043250827060332,False,True,True,False,,,,2026-02-28
17105,2025,IL,0.864657980456026,0.9895799413871703,0.9271189609215982,False,True,True,False,,,,2026-02-28
17107,2025,IL,0.864657980456026,0.8059264083360469,0.8352921943960365,False,True,True,False,,,,2026-02-28
17109,2025,IL,0.864657980456026,0.2565939433409313,0.5606259618984787,True,True,True,True,361.0,1.0,0.8152898922524372,2026-02-28
17111,2025,IL,0.864657980456026,0.93682839465972,0.9007431875578731,False,True,True,False,,,,2026-02-28
17113,2025,IL,0.864657980456026,0.8518397915988277,0.8582488860274269,False,True,True,False,,,,2026-02-28
17115,2025,IL,0.864657980456026,0.9873005535656139,0.92597926701082,False,True,True,False,,,,2026-02-28
17117,2025,IL,0.864657980456026,0.3217193096711169,0.5931886450635715,True,True,True,True,281.0,1.0,0.8563365828630066,2026-02-28
17119,2025,IL,0.864657980456026,0.791924454575057,0.8282912175155415,False,True,True,False,,,,2026-02-28
17121,2025,IL,0.864657980456026,0.4715076522305438,0.6680828163432849,True,True,True,True,143.0,1.0,0.9271421241662391,2026-02-28
17123,2025,IL,0.864657980456026,0.8570498209052426,0.8608539006806344,False,True,True,False,,,,2026-02-28
17125,2025,IL,0.864657980456026,0.5024422012373819,0.683550090846704,True,True,True,True,120.0,1.0,0.9389430477167778,2026-02-28
17127,2025,IL,0.864657980456026,0.39921849560403777,0.6319382380300319,True,True,True,True,204.0,1.0,0.8958440225756799,2026-02-28
17129,2025,IL,0.864657980456026,0.7381960273526539,0.80142700390434,False,True,True,False,,,,2026-02-28
17131,2025,IL,0.864657980456026,0.22175187235428198,0.543204926405154,True,True,True,True,406.0,2.0,0.7922011287839917,2026-02-28
17133,2025,IL,0.864657980456026,0.9254314555519375,0.8950447180039818,False,True,True,False,,,,2026-02-28
17135,2025,IL,0.864657980456026,0.5900358189514816,0.7273468997037538,True,True,True,True,54.0,1.0,0.9728065674704977,2026-02-28
17137,2025,IL,0.864657980456026,0.8935200260501466,0.8790890032530863,False,True,True,False,,,,2026-02-28
17139,2025,IL,0.864657980456026,0.9957668511885379,0.930212415822282,False,True,True,False,,,,2026-02-28
17141,2025,IL,0.864657980456026,0.8567241940735917,0.8606910872648088,False,True,True,False,,,,2026-02-28
17143,2025,IL,0.864657980456026,0.9843699120807554,0.9245139462683907,False,True,True,False,,,,2026-02-28
17145,2025,IL,0.864657980456026,0.22565939433409313,0.5451586873950596,True,True,True,True,404.0,2.0,0.793227296049256,2026-02-28
17147,2025,IL,0.864657980456026,0.7619667860631716,0.8133123832595988,False,True,True,False,,,,2026-02-28
17149,2025,IL,0.864657980456026,0.9908824487137741,0.9277702145849,False,True,True,False,,,,2026-02-28
17151,2025,IL,0.864657980456026,0.08954737870400521,0.4771026795800156,True,True,True,True,619.0,2.0,0.6829143150333504,2026-02-28
17153,2025,IL,0.864657980456026,0.010094431781178768,0.4373762061186024,True,True,True,True,757.0,2.0,0.612108773730118,2026-02-28
17155,2025,IL,0.864657980456026,0.9605991533702377,0.9126285669131319,False,True,True,False,,,,2026-02-28
17157,2025,IL,0.864657980456026,0.9495278410941062,0.907092910775066,False,True,True,False,,,,2026-02-28
17159,2025,IL,0.864657980456026,0.2751546727450342,0.5699063266005301,True,True,True,True,339.0,1.0,0.8265777321703438,2026-02-28
17161,2025,IL,0.864657980456026,0.6613480950830348,0.7630030377695305,True,True,True,True,21.0,1.0,0.9897383273473577,2026-02-28
17163,2025,IL,0.864657980456026,0.6610224682513839,0.7628402243537049,True,True,True,True,22.0,1.0,0.9892252437147255,2026-02-28
17165,2025,IL,0.864657980456026,0.1950504721589059,0.5298542263074659,True,True,True,True,453.0,2.0,0.7680861980502822,2026-02-28
17167,2025,IL,0.864657980456026,0.9335721263432106,0.8991150533996184,False,True,True,False,,,,2026-02-28
17169,2025,IL,0.864657980456026,0.19244545750569847,0.5285517189808623,True,True,True,True,458.0,2.0,0.7655207798871216,2026-02-28
17171,2025,IL,0.864657980456026,0.0185607294041029,0.4416093549300645,True,True,True,True,743.0,2.0,0.6192919445869677,2026-02-28
17173,2025,IL,0.864657980456026,0.6509280364702051,0.7577930084631156,True,True,True,True,28.0,1.0,0.9861467419189328,2026-02-28
17175,2025,IL,0.864657980456026,0.2842722240312602,0.5744651022436431,True,True,True,True,329.0,1.0,0.831708568496665,2026-02-28
17177,2025,IL,0.864657980456026,0.9928362097036796,0.9287470950798529,False,True,True,False,,,,2026-02-28
17179,2025,IL,0.864657980456026,0.9690654509931619,0.916861715724594,False,True,True,False,,,,2026-02-28
17181,2025,IL,0.864657980456026,0.6691631390426571,0.7669105597493415,False,True,True,False,,,,2026-02-28
17183,2025,IL,0.864657980456026,0.5958971019211983,0.7302775411886122,True,True,True,True,47.0,1.0,0.9763981528989225,2026-02-28
17185,2025,IL,0.864657980456026,0.09703679583197655,0.4808473881440013,True,True,True,True,607.0,2.0,0.6890713186249359,2026-02-28
17187,2025,IL,0.864657980456026,0.7684793226961901,0.8165686515761081,False,True,True,False,,,,2026-02-28
17189,2025,IL,0.864657980456026,0.8697492673396288,0.8672036238978273,False,True,True,False,,,,2026-02-28
17191,2025,IL,0.864657980456026,0.3966134809508303,0.6306357307034282,True,True,True,True,207.0,1.0,0.8943047716777834,2026-02-28
17193,2025,IL,0.864657980456026,0.05177466623249756,0.4582163233442618,True,True,True,True,685.0,2.0,0.6490507952796306,2026-02-28
17195,2025,IL,0.864657980456026,0.7997394985346793,0.8321987394953527,False,True,True,False,,,,2026-02-28
17197,2025,IL,0.864657980456026,0.8277434060566591,0.8462006932563426,False,True,True,False,,,,2026-02-28
17199,2025,IL,0.864657980456026,0.5034190817323347,0.6840385310941803,True,True,True,True,119.0,1.0,0.93945613134941,2026-02-28
17201,2025,IL,0.864657980456026,0.9993487463366981,0.932003363396362,False,True,True,False,,,,2026-02-28
17203,2025,IL,0.864657980456026,0.8629111038749593,0.8637845421654926,False,True,True,False,,,,2026-02-28
18001,2025,IN,0.7333876221498371,0.9759036144578314,0.8546456183038342,False,True,True,False,,,,2026-02-28
18003,2025,IN,0.7333876221498371,0.8492347769456203,0.7913111995477287,False,True,True,False,,,,2026-02-28
18005,2025,IN,0.7333876221498371,0.7977857375447737,0.7655866798473054,False,True,True,False,,,,2026-02-28
18007,2025,IN,0.7333876221498371,0.9892543145555194,0.8613209683526782,False,True,True,False,,,,2026-02-28
18009,2025,IN,0.7333876221498371,0.9664604363399544,0.8499240292448957,False,True,True,False,,,,2026-02-28
18011,2025,IN,0.7333876221498371,0.5851514164767176,0.6592695193132774,True,True,True,True,152.0,1.0,0.9225243714725501,2026-02-28
18013,2025,IN,0.7333876221498371,0.755779876261804,0.7445837492058205,False,True,True,False,,,,2026-02-28
18015,2025,IN,0.7333876221498371,0.9176164115923152,0.8255020168710762,False,True,True,False,,,,2026-02-28
18017,2025,IN,0.7333876221498371,0.9114295017909476,0.8224085619703924,False,True,True,False,,,,2026-02-28
18019,2025,IN,0.7333876221498371,0.642461738847281,0.687924680498559,True,True,True,True,114.0,1.0,0.9420215495125706,2026-02-28
18021,2025,IN,0.7333876221498371,0.8215564962552915,0.7774720592025643,False,True,True,False,,,,2026-02-28
18023,2025,IN,0.7333876221498371,0.9211983067404754,0.8272929644451563,False,True,True,False,,,,2026-02-28
18025,2025,IN,0.7333876221498371,0.7694562031911429,0.75142191267049,False,True,True,False,,,,2026-02-28
18027,2025,IN,0.7333876221498371,0.8075545424943015,0.7704710823220693,False,True,True,False,,,,2026-02-28
18029,2025,IN,0.7333876221498371,0.8498860306089222,0.7916368263793796,False,True,True,False,,,,2026-02-28
18031,2025,IN,0.7333876221498371,0.8169977206121785,0.7751926713810078,False,True,True,False,,,,2026-02-28
18033,2025,IN,0.7333876221498371,0.9443178117876913,0.8388527169687642,False,True,True,False,,,,2026-02-28
18035,2025,IN,0.7333876221498371,0.9198957994138717,0.8266417107818544,False,True,True,False,,,,2026-02-28
18037,2025,IN,0.7333876221498371,0.7834581569521328,0.758422889550985,False,True,True,False,,,,2026-02-28
18039,2025,IN,0.7333876221498371,0.728427222403126,0.7309074222764815,False,True,True,False,,,,2026-02-28
18041,2025,IN,0.7333876221498371,0.963855421686747,0.848621521918292,False,True,True,False,,,,2026-02-28
18043,2025,IN,0.7333876221498371,0.7180071637902963,0.7256973929700667,False,True,True,False,,,,2026-02-28
18045,2025,IN,0.7333876221498371,0.6883751221100619,0.7108813721299495,False,True,True,False,,,,2026-02-28
18047,2025,IN,0.7333876221498371,0.778573754477369,0.7559806883136031,False,True,True,False,,,,2026-02-28
18049,2025,IN,0.7333876221498371,0.7622924128948225,0.7478400175223299,False,True,True,False,,,,2026-02-28
18051,2025,IN,0.7333876221498371,0.8577010745685445,0.7955443483591909,False,True,True,False,,,,2026-02-28
18053,2025,IN,0.7333876221498371,0.8681211331813742,0.8007543776656056,False,True,True,False,,,,2026-02-28
18055,2025,IN,0.7333876221498371,0.9215239335721264,0.8274557778609817,False,True,True,False,,,,2026-02-28
18057,2025,IN,0.7333876221498371,0.5333767502442202,0.6333821861970286,True,True,True,True,200.0,1.0,0.8978963571062083,2026-02-28
18059,2025,IN,0.7333876221498371,0.5099316183653533,0.6216596202575952,True,True,True,True,227.0,1.0,0.8840430990251411,2026-02-28
18061,2025,IN,0.7333876221498371,0.8736567893194399,0.8035222057346385,False,True,True,False,,,,2026-02-28
18063,2025,IN,0.7333876221498371,0.40052100293064147,0.5669543125402393,True,True,True,True,347.0,1.0,0.8224730631092868,2026-02-28
18065,2025,IN,0.7333876221498371,0.8459785086291111,0.7896830653894741,False,True,True,False,,,,2026-02-28
18067,2025,IN,0.7333876221498371,0.9671116900032563,0.8502496560765467,False,True,True,False,,,,2026-02-28
18069,2025,IN,0.7333876221498371,0.9146857701074569,0.8240366961286469,False,True,True,False,,,,2026-02-28
18071,2025,IN,0.7333876221498371,0.8225333767502442,0.7779604994500406,False,True,True,False,,,,2026-02-28
18073,2025,IN,0.7333876221498371,0.8971019211983068,0.8152447716740719,False,True,True,False,,,,2026-02-28
18075,2025,IN,0.7333876221498371,0.6704656463692609,0.7019266342595489,False,True,True,False,,,,2026-02-28
18077,2025,IN,0.7333876221498371,0.9394334093129274,0.8364105157313823,False,True,True,False,,,,2026-02-28
18079,2025,IN,0.7333876221498371,0.8814718332790622,0.8074297277144497,False,True,True,False,,,,2026-02-28
18081,2025,IN,0.7333876221498371,0.3790296320416802,0.5562086270957587,True,True,True,True,376.0,1.0,0.8075936377629553,2026-02-28
18083,2025,IN,0.7333876221498371,0.8850537284272224,0.8092206752885298,False,True,True,False,,,,2026-02-28
18085,2025,IN,0.7333876221498371,0.6040377727124715,0.6687126974311544,True,True,True,True,141.0,1.0,0.9281682914315034,2026-02-28
18087,2025,IN,0.7333876221498371,0.7577336372517095,0.7455606297007733,False,True,True,False,,,,2026-02-28
18089,2025,IN,0.7333876221498371,0.5721263432106806,0.6527569826802588,True,True,True,True,161.0,1.0,0.9179066187788609,2026-02-28
18091,2025,IN,0.7333876221498371,0.8466297622924129,0.790008692221125,False,True,True,False,,,,2026-02-28
18093,2025,IN,0.7333876221498371,0.742103549332465,0.737745585741151,False,True,True,False,,,,2026-02-28
18095,2025,IN,0.7333876221498371,0.8212308694236405,0.7773092457867388,False,True,True,False,,,,2026-02-28
18097,2025,IN,0.7333876221498371,0.4008466297622924,0.5671171259560648,True,False,True,False,,,,2026-02-28
18099,2025,IN,0.7333876221498371,0.8795180722891566,0.8064528472194968,False,True,True,False,,,,2026-02-28
18101,2025,IN,0.7333876221498371,0.9521328557473135,0.8427602389485753,False,True,True,False,,,,2026-02-28
18103,2025,IN,0.7333876221498371,0.9508303484207099,0.8421089852852734,False,True,True,False,,,,2026-02-28
18105,2025,IN,0.7333876221498371,0.5454249430153044,0.6394062825825708,True,True,True,True,183.0,1.0,0.9066187788609543,2026-02-28
18107,2025,IN,0.7333876221498371,0.714750895473787,0.724069258811812,False,True,True,False,,,,2026-02-28
18109,2025,IN,0.7333876221498371,0.6499511559752523,0.6916693890625447,True,True,True,True,109.0,1.0,0.9445869676757311,2026-02-28
18111,2025,IN,0.7333876221498371,0.9290133507000977,0.8312004864249674,False,True,True,False,,,,2026-02-28
18113,2025,IN,0.7333876221498371,0.8720286551611853,0.8027081386555113,False,True,True,False,,,,2026-02-28
18115,2025,IN,0.7333876221498371,0.9338977531748616,0.8336426876623493,False,True,True,False,,,,2026-02-28
18117,2025,IN,0.7333876221498371,0.8173233474438294,0.7753554847968332,False,True,True,False,,,,2026-02-28
18119,2025,IN,0.7333876221498371,0.8010420058612829,0.76721481400556,False,True,True,False,,,,2026-02-28
18121,2025,IN,0.7333876221498371,0.9768804949527841,0.8551340585513105,False,True,True,False,,,,2026-02-28
18123,2025,IN,0.7333876221498371,0.7154021491370889,0.724394885643463,False,True,True,False,,,,2026-02-28
18125,2025,IN,0.7333876221498371,0.9365027678280691,0.834945194988953,False,True,True,False,,,,2026-02-28
18127,2025,IN,0.7333876221498371,0.5848257896450667,0.6591067058974519,True,True,True,True,153.0,1.0,0.9220112878399179,2026-02-28
18129,2025,IN,0.7333876221498371,0.9107782481276457,0.8220829351387414,False,True,True,False,,,,2026-02-28
18131,2025,IN,0.7333876221498371,0.9019863236730706,0.8176869729114539,False,True,True,False,,,,2026-02-28
18133,2025,IN,0.7333876221498371,0.7945294692282644,0.7639585456890507,False,True,True,False,,,,2026-02-28
18135,2025,IN,0.7333876221498371,0.8993813090198632,0.8163844655848502,False,True,True,False,,,,2026-02-28
18137,2025,IN,0.7333876221498371,0.7495929664604364,0.7414902943051367,False,True,True,False,,,,2026-02-28
18139,2025,IN,0.7333876221498371,0.9332464995115598,0.8333170608306985,False,True,True,False,,,,2026-02-28
18141,2025,IN,0.7333876221498371,0.8876587430804298,0.8105231826151335,False,True,True,False,,,,2026-02-28
18143,2025,IN,0.7333876221498371,0.8694236405079778,0.8014056313289075,False,True,True,False,,,,2026-02-28
18145,2025,IN,0.7333876221498371,0.6366004558775643,0.6849940390137007,True,True,True,True,118.0,1.0,0.9399692149820421,2026-02-28
18147,2025,IN,0.7333876221498371,0.7134483881471834,0.7234180051485102,False,True,True,False,,,,2026-02-28
18149,2025,IN,0.7333876221498371,0.9661348095083034,0.8497612158290703,False,True,True,False,,,,2026-02-28
18151,2025,IN,0.7333876221498371,0.7701074568544448,0.7517475395021409,False,True,True,False,,,,2026-02-28
18153,2025,IN,0.7333876221498371,0.7535004884402475,0.7434440552950423,False,True,True,False,,,,2026-02-28
18155,2025,IN,0.7333876221498371,0.9934874633669815,0.8634375427584093,False,True,True,False,,,,2026-02-28
18157,2025,IN,0.7333876221498371,0.8922175187235428,0.8128025704366899,False,True,True,False,,,,2026-02-28
18159,2025,IN,0.7333876221498371,0.9726473461413221,0.8530174841455795,False,True,True,False,,,,2026-02-28
18161,2025,IN,0.7333876221498371,0.6541843047867144,0.6937859634682757,True,True,True,True,105.0,1.0,0.9466393022062596,2026-02-28
18163,2025,IN,0.7333876221498371,0.7766199934874634,0.7550038078186503,False,True,True,False,,,,2026-02-28
18165,2025,IN,0.7333876221498371,0.3855421686746988,0.559464895412268,True,True,True,True,366.0,1.0,0.8127244740892765,2026-02-28
18167,2025,IN,0.7333876221498371,0.8381634646694888,0.7857755434096629,False,True,True,False,,,,2026-02-28
18169,2025,IN,0.7333876221498371,0.9358515141647672,0.8346195681573021,False,True,True,False,,,,2026-02-28
18171,2025,IN,0.7333876221498371,0.8049495278410941,0.7691685749954655,False,True,True,False,,,,2026-02-28
18173,2025,IN,0.7333876221498371,0.8205796157603387,0.7769836189550878,False,True,True,False,,,,2026-02-28
18175,2025,IN,0.7333876221498371,0.8323021816997721,0.7828449019248046,False,True,True,False,,,,2026-02-28
18177,2025,IN,0.7333876221498371,0.9293389775317487,0.8313632998407929,False,True,True,False,,,,2026-02-28
18179,2025,IN,0.7333876221498371,0.9130576359492022,0.8232226290495197,False,True,True,False,,,,2026-02-28
18181,2025,IN,0.7333876221498371,0.9452946922826441,0.8393411572162406,False,True,True,False,,,,2026-02-28
18183,2025,IN,0.7333876221498371,0.9000325626831651,0.8167100924165012,False,True,True,False,,,,2026-02-28
19001,2025,IA,0.38534201954397396,0.6730706610224683,0.5292063402832211,False,True,True,False,,,,2026-02-28
19003,2025,IA,0.38534201954397396,0.7906219472484532,0.5879819833962137,False,True,True,False,,,,2026-02-28
19005,2025,IA,0.38534201954397396,0.909475740801042,0.647408880172508,False,True,True,False,,,,2026-02-28
19007,2025,IA,0.38534201954397396,0.1185281667209378,0.2519350931324559,True,True,True,True,1342.0,4.0,0.31195484864032835,2026-02-28
19009,2025,IA,0.38534201954397396,0.7968088570498209,0.5910754382968975,False,True,True,False,,,,2026-02-28
19011,2025,IA,0.38534201954397396,0.841745359817649,0.6135436896808115,False,True,True,False,,,,2026-02-28
19013,2025,IA,0.38534201954397396,0.7899706935851514,0.5876563565645627,False,True,True,False,,,,2026-02-28
19015,2025,IA,0.38534201954397396,0.6997720612178443,0.5425570403809091,False,True,True,False,,,,2026-02-28
19017,2025,IA,0.38534201954397396,0.773689352002605,0.5795156857732895,False,True,True,False,,,,2026-02-28
19019,2025,IA,0.38534201954397396,0.7394985346792575,0.5624202771116158,False,True,True,False,,,,2026-02-28
19021,2025,IA,0.38534201954397396,0.4868121133181374,0.4360770664310557,True,True,True,True,764.0,2.0,0.6085171883016932,2026-02-28
19023,2025,IA,0.38534201954397396,0.4799739498534679,0.43265798469872097,True,True,True,True,774.0,2.0,0.6033863519753719,2026-02-28
19025,2025,IA,0.38534201954397396,0.5480299576685119,0.46668598860624294,True,True,True,True,653.0,2.0,0.6654694715238584,2026-02-28
19027,2025,IA,0.38534201954397396,0.7414522956691632,0.5633971576065686,False,True,True,False,,,,2026-02-28
19029,2025,IA,0.38534201954397396,0.7974601107131227,0.5914010651285484,False,True,True,False,,,,2026-02-28
19031,2025,IA,0.38534201954397396,0.6665581243894497,0.5259500719667118,True,True,True,True,465.0,2.0,0.7619291944586968,2026-02-28
19033,2025,IA,0.38534201954397396,0.5252360794529469,0.45528904949846044,True,True,True,True,690.0,2.0,0.64648537711647,2026-02-28
19035,2025,IA,0.38534201954397396,0.5548681211331814,0.4701050703385777,True,True,True,True,640.0,2.0,0.672139558748076,2026-02-28
19037,2025,IA,0.38534201954397396,0.706284597850863,0.5458133086974184,False,True,True,False,,,,2026-02-28
19039,2025,IA,0.38534201954397396,0.6388798436991208,0.5121109316215473,True,True,True,True,514.0,2.0,0.736788096459723,2026-02-28
19041,2025,IA,0.38534201954397396,0.6258547704330837,0.5055983949885288,True,True,True,True,535.0,2.0,0.7260133401744484,2026-02-28
19043,2025,IA,0.38534201954397396,0.9045913383262781,0.644966678935126,False,True,True,False,,,,2026-02-28
19045,2025,IA,0.38534201954397396,0.4636926082709215,0.42451731390744774,True,True,True,True,803.0,3.0,0.5885069266290406,2026-02-28
19047,2025,IA,0.38534201954397396,0.6326929338977532,0.5090174767208635,True,True,True,True,529.0,2.0,0.7290918419702411,2026-02-28
19049,2025,IA,0.38534201954397396,0.30608922175187236,0.34571562064792316,True,True,True,True,1058.0,3.0,0.4576706003078502,2026-02-28
19051,2025,IA,0.38534201954397396,0.9166395310973624,0.6509907753206682,False,True,True,False,,,,2026-02-28
19053,2025,IA,0.38534201954397396,0.095083034842071,0.24021252719302247,True,True,True,True,1376.0,4.0,0.2945100051308363,2026-02-28
19055,2025,IA,0.38534201954397396,0.3777271247150765,0.38153457212952524,True,True,True,True,944.0,3.0,0.5161621344279117,2026-02-28
19057,2025,IA,0.38534201954397396,0.3689352002605015,0.3771386099022377,True,True,True,True,961.0,3.0,0.5074397126731657,2026-02-28
19059,2025,IA,0.38534201954397396,0.5229566916313905,0.4541493555876822,True,True,True,True,691.0,2.0,0.6459722934838379,2026-02-28
19061,2025,IA,0.38534201954397396,0.8033213936828395,0.5943317066134067,False,True,True,False,,,,2026-02-28
19063,2025,IA,0.38534201954397396,0.47541517421035495,0.43037859687716445,True,True,True,True,782.0,3.0,0.599281682914315,2026-02-28
19065,2025,IA,0.38534201954397396,0.8358840768479323,0.6106130481959531,False,True,True,False,,,,2026-02-28
19067,2025,IA,0.38534201954397396,0.5092803647020514,0.4473111921230127,True,True,True,True,717.0,2.0,0.6326321190354027,2026-02-28
19069,2025,IA,0.38534201954397396,0.5284923477694562,0.4569171836567151,True,True,True,True,687.0,2.0,0.6480246280143663,2026-02-28
19071,2025,IA,0.38534201954397396,0.37577336372517095,0.3805576916345724,True,True,True,True,949.0,3.0,0.5135967162647511,2026-02-28
19073,2025,IA,0.38534201954397396,0.8388147183327906,0.6120783689383823,False,True,True,False,,,,2026-02-28
19075,2025,IA,0.38534201954397396,0.8661673721914686,0.6257546958677213,False,True,True,False,,,,2026-02-28
19077,2025,IA,0.38534201954397396,0.46987951807228917,0.42761076880813154,True,True,True,True,793.0,3.0,0.5936377629553617,2026-02-28
19079,2025,IA,0.38534201954397396,0.7212634321068055,0.5533027258253898,False,True,True,False,,,,2026-02-28
19081,2025,IA,0.38534201954397396,0.6479973949853468,0.5166697072646604,True,True,True,True,500.0,2.0,0.7439712673165726,2026-02-28
19083,2025,IA,0.38534201954397396,0.44415499837186584,0.4147485089579199,True,True,True,True,842.0,3.0,0.5684966649563878,2026-02-28
19085,2025,IA,0.38534201954397396,0.8365353305112341,0.610938675027604,False,True,True,False,,,,2026-02-28
19087,2025,IA,0.38534201954397396,0.37675024422012376,0.38104613188204883,True,True,True,True,947.0,3.0,0.5146228835300154,2026-02-28
19089,2025,IA,0.38534201954397396,0.7023770758710518,0.5438595477075129,False,True,True,False,,,,2026-02-28
19091,2025,IA,0.38534201954397396,0.6027352653858677,0.49403864246492085,True,True,True,True,570.0,2.0,0.7080554130323242,2026-02-28
19093,2025,IA,0.38534201954397396,0.6646043633995441,0.524973191471759,True,True,True,True,469.0,2.0,0.7598768599281683,2026-02-28
19095,2025,IA,0.38534201954397396,0.6961901660696841,0.540766092806829,False,True,True,False,,,,2026-02-28
19097,2025,IA,0.38534201954397396,0.5359817648974275,0.46066189222070075,True,True,True,True,675.0,2.0,0.6541816316059518,2026-02-28
19099,2025,IA,0.38534201954397396,0.6522305437968089,0.5187862816703914,True,True,True,True,493.0,2.0,0.7475628527449975,2026-02-28
19101,2025,IA,0.38534201954397396,0.44773689352002605,0.416539456532,True,True,True,True,835.0,3.0,0.5720882503848127,2026-02-28
19103,2025,IA,0.38534201954397396,0.6001302507326604,0.49273613513831716,True,True,True,True,577.0,2.0,0.7044638276038995,2026-02-28
19105,2025,IA,0.38534201954397396,0.6453923803321394,0.5153671999380567,True,True,True,True,503.0,2.0,0.7424320164186763,2026-02-28
19107,2025,IA,0.38534201954397396,0.43731683490719636,0.4113294272255852,True,True,True,True,856.0,3.0,0.5613134940995382,2026-02-28
19109,2025,IA,0.38534201954397396,0.5499837186584174,0.4676628691011957,True,True,True,True,649.0,2.0,0.6675218060543868,2026-02-28
19111,2025,IA,0.38534201954397396,0.23640507977857375,0.31087354966127384,True,True,True,True,1172.0,4.0,0.3991790661877886,2026-02-28
19113,2025,IA,0.38534201954397396,0.5955714750895473,0.49045674731676064,True,True,True,True,583.0,2.0,0.7013853258081068,2026-02-28
19115,2025,IA,0.38534201954397396,0.7453598176489743,0.5653509185964741,False,True,True,False,,,,2026-02-28
19117,2025,IA,0.38534201954397396,0.2718984044285249,0.32862021198624947,True,True,True,True,1120.0,3.0,0.4258594150846588,2026-02-28
19119,2025,IA,0.38534201954397396,0.9296646043633996,0.6575033119536868,False,True,True,False,,,,2026-02-28
19121,2025,IA,0.38534201954397396,0.6134809508303484,0.49941148518716116,True,True,True,True,554.0,2.0,0.7162647511544382,2026-02-28
19123,2025,IA,0.38534201954397396,0.8065776619993488,0.5959598407716613,False,True,True,False,,,,2026-02-28
19125,2025,IA,0.38534201954397396,0.6890263757733637,0.5371841976586689,False,True,True,False,,,,2026-02-28
19127,2025,IA,0.38534201954397396,0.65613806577662,0.520740042660297,True,True,True,True,482.0,2.0,0.7532067727039508,2026-02-28
19129,2025,IA,0.38534201954397396,0.5154672745034191,0.45040464702369654,True,True,True,True,702.0,2.0,0.6403283735248846,2026-02-28
19131,2025,IA,0.38534201954397396,0.8026701400195376,0.5940060797817558,False,True,True,False,,,,2026-02-28
19133,2025,IA,0.38534201954397396,0.3917290784760664,0.3885355490100202,True,True,True,True,922.0,3.0,0.5274499743458184,2026-02-28
19135,2025,IA,0.38534201954397396,0.43633995441224355,0.4108409869781088,True,True,True,True,857.0,3.0,0.5608004104669061,2026-02-28
19137,2025,IA,0.38534201954397396,0.7274503419081733,0.5563961807260736,False,True,True,False,,,,2026-02-28
19139,2025,IA,0.38534201954397396,0.6216216216216216,0.5034818205827978,True,True,True,True,543.0,2.0,0.7219086711133915,2026-02-28
19141,2025,IA,0.38534201954397396,0.8990556821882123,0.6421988508660932,False,True,True,False,,,,2026-02-28
19143,2025,IA,0.38534201954397396,0.7349397590361446,0.5601408892900592,False,True,True,False,,,,2026-02-28
19145,2025,IA,0.38534201954397396,0.6642787365678932,0.5248103780559336,True,True,True,True,470.0,2.0,0.7593637762955362,2026-02-28
19147,2025,IA,0.38534201954397396,0.909150113969391,0.6472460667566825,False,True,True,False,,,,2026-02-28
19149,2025,IA,0.38534201954397396,0.6323673070661022,0.5088546633050381,True,True,True,True,530.0,2.0,0.728578758337609,2026-02-28
19151,2025,IA,0.38534201954397396,0.4835558450016281,0.434448932272801,True,True,True,True,768.0,2.0,0.6064648537711647,2026-02-28
19153,2025,IA,0.38534201954397396,0.5604037772712471,0.47287289840761054,True,True,True,True,631.0,2.0,0.676757311441765,2026-02-28
19155,2025,IA,0.38534201954397396,0.8528166720937805,0.6190793458188772,False,True,True,False,,,,2026-02-28
19157,2025,IA,0.38534201954397396,0.5890589384565288,0.4872004790002514,True,True,True,True,590.0,2.0,0.6977937403796819,2026-02-28
19159,2025,IA,0.38534201954397396,0.43015304461087595,0.407747532077425,True,True,True,True,868.0,3.0,0.5551564905079528,2026-02-28
19161,2025,IA,0.38534201954397396,0.6545099316183653,0.5199259755811696,True,True,True,True,487.0,2.0,0.7506413545407902,2026-02-28
19163,2025,IA,0.38534201954397396,0.5763594920221426,0.4808507557830583,True,True,True,True,606.0,2.0,0.689584402257568,2026-02-28
19165,2025,IA,0.38534201954397396,0.8557473135786389,0.6205446665613064,False,True,True,False,,,,2026-02-28
19167,2025,IA,0.38534201954397396,0.7294041028980788,0.5573730612210264,False,True,True,False,,,,2026-02-28
19169,2025,IA,0.38534201954397396,0.4148485835232823,0.40009530153362816,True,True,True,True,883.0,3.0,0.547460236018471,2026-02-28
19171,2025,IA,0.38534201954397396,0.6984695538912407,0.5419057867176074,False,True,True,False,,,,2026-02-28
19173,2025,IA,0.38534201954397396,0.665255617062846,0.52529881830341,True,True,True,True,467.0,2.0,0.7609030271934325,2026-02-28
19175,2025,IA,0.38534201954397396,0.8016932595245848,0.5935176395342794,False,True,True,False,,,,2026-02-28
19177,2025,IA,0.38534201954397396,0.6079452946922826,0.4966436571181283,True,True,True,True,556.0,2.0,0.7152385838891739,2026-02-28
19179,2025,IA,0.38534201954397396,0.6170628459785086,0.5012024327612412,True,True,True,True,547.0,2.0,0.719856336582863,2026-02-28
19181,2025,IA,0.38534201954397396,0.4483881471833279,0.4168650833636509,True,True,True,True,834.0,3.0,0.5726013340174448,2026-02-28
19183,2025,IA,0.38534201954397396,0.7140996418104851,0.5497208306772295,False,True,True,False,,,,2026-02-28
19185,2025,IA,0.38534201954397396,0.461413220449365,0.42337761999666945,True,True,True,True,810.0,3.0,0.5849153412006157,2026-02-28
19187,2025,IA,0.38534201954397396,0.2324975577987626,0.30891978867136827,True,True,True,True,1175.0,4.0,0.39763981528989223,2026-02-28
19189,2025,IA,0.38534201954397396,0.3148811462064474,0.3501115828752107,True,True,True,True,1037.0,3.0,0.4684453565931247,2026-02-28
19191,2025,IA,0.38534201954397396,0.8114620644741126,0.5984020420090432,False,True,True,False,,,,2026-02-28
19193,2025,IA,0.38534201954397396,0.6473461413220449,0.5163440804330095,True,True,True,True,501.0,2.0,0.7434581836839405,2026-02-28
19195,2025,IA,0.38534201954397396,0.6571149462715727,0.5212284829077733,True,True,True,True,479.0,2.0,0.7547460236018471,2026-02-28
19197,2025,IA,0.38534201954397396,0.5327254965809183,0.4590337580624461,True,True,True,True,684.0,2.0,0.6495638789122627,2026-02-28
20001,2025,KS,0.8091205211726384,0.5724519700423315,0.6907862456074849,True,True,True,True,110.0,1.0,0.944073884043099,2026-02-28
20003,2025,KS,0.8091205211726384,0.7661999348746337,0.787660228023636,False,True,True,False,,,,2026-02-28
20005,2025,KS,0.8091205211726384,0.7069358515141647,0.7580281863434015,False,True,True,False,,,,2026-02-28
20007,2025,KS,0.8091205211726384,0.3380006512536633,0.5735605862131509,True,True,True,True,331.0,1.0,0.8306824012314007,2026-02-28
20009,2025,KS,0.8091205211726384,0.8980788016932595,0.853599661432949,False,True,True,False,,,,2026-02-28
20011,2025,KS,0.8091205211726384,0.5845001628134159,0.6968103419930272,True,True,True,True,100.0,1.0,0.9492047203694202,2026-02-28
20013,2025,KS,0.8091205211726384,0.9778573754477369,0.8934889483101877,False,True,True,False,,,,2026-02-28
20015,2025,KS,0.8091205211726384,0.7984369912080755,0.803778756190357,False,True,True,False,,,,2026-02-28
20017,2025,KS,0.8091205211726384,0.27482904591338325,0.5419747835430109,True,True,True,True,409.0,2.0,0.7906618778860954,2026-02-28
20019,2025,KS,0.8091205211726384,0.20970367958319766,0.5094121003779181,True,True,True,True,528.0,2.0,0.7296049256028733,2026-02-28
20021,2025,KS,0.8091205211726384,0.46532074242917615,0.6372206318009073,True,True,True,True,191.0,1.0,0.9025141097998974,2026-02-28
20023,2025,KS,0.8091205211726384,0.9912080755454249,0.9001642983590317,False,True,True,False,,,,2026-02-28
20025,2025,KS,0.8091205211726384,0.339303158580267,0.5742118398764527,True,True,True,True,330.0,1.0,0.8311954848640328,2026-02-28
20027,2025,KS,0.8091205211726384,0.6219472484532725,0.7155338848129555,True,True,True,True,70.0,1.0,0.9645972293483838,2026-02-28
20029,2025,KS,0.8091205211726384,0.9619016606968415,0.8855110909347399,False,True,True,False,,,,2026-02-28
20031,2025,KS,0.8091205211726384,0.85965483555845,0.8343876783655442,False,True,True,False,,,,2026-02-28
20033,2025,KS,0.8091205211726384,0.4412243568870075,0.625172439029823,True,True,True,True,217.0,1.0,0.8891739353514623,2026-02-28
20035,2025,KS,0.8091205211726384,0.6981439270595897,0.7536322241161141,False,True,True,False,,,,2026-02-28
20037,2025,KS,0.8091205211726384,0.5949202214262456,0.702020371299442,True,True,True,True,97.0,1.0,0.9507439712673166,2026-02-28
20039,2025,KS,0.8091205211726384,0.3718658417453598,0.5904931814589991,True,True,True,True,286.0,1.0,0.853771164699846,2026-02-28
20041,2025,KS,0.8091205211726384,0.6167372191468578,0.712928870159748,True,True,True,True,74.0,1.0,0.9625448948178553,2026-02-28
20043,2025,KS,0.8091205211726384,0.981764897427548,0.8954427093000932,False,True,True,False,,,,2026-02-28
20045,2025,KS,0.8091205211726384,0.8183002279387822,0.8137103745557104,False,True,True,False,,,,2026-02-28
20047,2025,KS,0.8091205211726384,0.2732009117551286,0.5411607164638835,True,True,True,True,412.0,2.0,0.7891226269881991,2026-02-28
20049,2025,KS,0.8091205211726384,0.940735916639531,0.8749282189060847,False,True,True,False,,,,2026-02-28
20051,2025,KS,0.8091205211726384,0.7948550960599153,0.8019878086162768,False,True,True,False,,,,2026-02-28
20053,2025,KS,0.8091205211726384,0.9762292412894823,0.8926748812310603,False,True,True,False,,,,2026-02-28
20055,2025,KS,0.8091205211726384,0.4021491370888961,0.6056348291307673,True,True,True,True,253.0,1.0,0.870702924576706,2026-02-28
20057,2025,KS,0.8091205211726384,0.9755779876261804,0.8923492543994094,False,True,True,False,,,,2026-02-28
20059,2025,KS,0.8091205211726384,0.9345490068381634,0.8718347640054009,False,True,True,False,,,,2026-02-28
20061,2025,KS,0.8091205211726384,0.7137740149788343,0.7614472680757364,False,True,True,False,,,,2026-02-28
20063,2025,KS,0.8091205211726384,0.30120481927710846,0.5551626702248734,True,True,True,True,378.0,1.0,0.8065674704976912,2026-02-28
20065,2025,KS,0.8091205211726384,0.9120807554542494,0.8606006383134439,False,True,True,False,,,,2026-02-28
20067,2025,KS,0.8091205211726384,0.4366655812438945,0.6228930512082664,True,True,True,True,225.0,1.0,0.8850692662904054,2026-02-28
20069,2025,KS,0.8091205211726384,0.9163139042657115,0.8627172127191749,False,True,True,False,,,,2026-02-28
20071,2025,KS,0.8091205211726384,0.03874959296646044,0.4239350570695494,True,True,True,True,807.0,3.0,0.586454592098512,2026-02-28
20073,2025,KS,0.8091205211726384,0.4607619667860632,0.6349412439793508,True,True,True,True,197.0,1.0,0.8994356080041047,2026-02-28
20075,2025,KS,0.8091205211726384,0.26212959947899706,0.5356250603258177,True,True,True,True,427.0,2.0,0.7814263724987173,2026-02-28
20077,2025,KS,0.8091205211726384,0.9084988603060892,0.8588096907393639,False,True,True,False,,,,2026-02-28
20079,2025,KS,0.8091205211726384,0.8218821230869424,0.8155013221297904,False,True,True,False,,,,2026-02-28
20081,2025,KS,0.8091205211726384,0.48420709866493,0.6466638099187842,True,True,True,True,171.0,1.0,0.9127757824525398,2026-02-28
20083,2025,KS,0.8091205211726384,0.900683816346467,0.8549021687595527,False,True,True,False,,,,2026-02-28
20085,2025,KS,0.8091205211726384,0.9124063822859003,0.8607634517292694,False,True,True,False,,,,2026-02-28
20087,2025,KS,0.8091205211726384,0.7837837837837838,0.7964521524782111,False,True,True,False,,,,2026-02-28
20089,2025,KS,0.8091205211726384,0.5682188212308694,0.6886696712017539,True,True,True,True,112.0,1.0,0.9430477167778348,2026-02-28
20091,2025,KS,0.8091205211726384,0.7082383588407685,0.7586794400067034,False,False,True,False,,,,2026-02-28
20093,2025,KS,0.8091205211726384,0.651904916965158,0.7305127190688983,True,True,True,True,46.0,1.0,0.9769112365315546,2026-02-28
20095,2025,KS,0.8091205211726384,0.6567893194399218,0.7329549203062802,True,True,True,True,44.0,1.0,0.9779374037968189,2026-02-28
20097,2025,KS,0.8091205211726384,0.30804298274177794,0.5585817519572082,True,True,True,True,369.0,1.0,0.8111852231913802,2026-02-28
20099,2025,KS,0.8091205211726384,0.13611201563008793,0.47261626840136317,True,True,True,True,635.0,2.0,0.6747049769112365,2026-02-28
20101,2025,KS,0.8091205211726384,0.49071963529794854,0.6499200782352935,True,True,True,True,166.0,1.0,0.9153412006157003,2026-02-28
20103,2025,KS,0.8091205211726384,0.7909475740801042,0.8000340476263713,False,True,True,False,,,,2026-02-28
20105,2025,KS,0.8091205211726384,0.7225659394334093,0.7658432303030238,False,True,True,False,,,,2026-02-28
20107,2025,KS,0.8091205211726384,0.5770107456854445,0.6930656334290415,True,True,True,True,107.0,1.0,0.9456131349409954,2026-02-28
20109,2025,KS,0.8091205211726384,0.715076522305438,0.7620985217390381,False,True,True,False,,,,2026-02-28
20111,2025,KS,0.8091205211726384,0.7372191468577011,0.7731698340151698,False,True,True,False,,,,2026-02-28
20113,2025,KS,0.8091205211726384,0.6779550634972322,0.7435377923349353,False,True,True,False,,,,2026-02-28
20115,2025,KS,0.8091205211726384,0.6795831976554868,0.7443518594140626,False,True,True,False,,,,2026-02-28
20117,2025,KS,0.8091205211726384,0.6929338977531748,0.7510272094629067,False,True,True,False,,,,2026-02-28
20119,2025,KS,0.8091205211726384,0.25170954086616737,0.5304150310194029,True,True,True,True,451.0,2.0,0.7691123653155464,2026-02-28
20121,2025,KS,0.8091205211726384,0.7111690003256268,0.7601447607491326,False,True,True,False,,,,2026-02-28
20123,2025,KS,0.8091205211726384,0.6141322044936502,0.7116263628331443,True,True,True,True,77.0,1.0,0.9610056439199589,2026-02-28
20125,2025,KS,0.8091205211726384,0.3099967437316835,0.559558632452161,True,True,True,True,364.0,1.0,0.8137506413545408,2026-02-28
20127,2025,KS,0.8091205211726384,0.6489742754802996,0.729047398326469,True,True,True,True,49.0,1.0,0.9753719856336582,2026-02-28
20129,2025,KS,0.8091205211726384,0.03451644415499837,0.4218184826638184,True,True,True,True,818.0,3.0,0.5808106721395587,2026-02-28
20131,2025,KS,0.8091205211726384,0.9052425919895799,0.8571815565811092,False,True,True,False,,,,2026-02-28
20133,2025,KS,0.8091205211726384,0.36665581243894496,0.5878881668057917,True,True,True,True,294.0,1.0,0.8496664956387892,2026-02-28
20135,2025,KS,0.8091205211726384,0.6076196678606317,0.7083700945166351,True,True,True,True,82.0,1.0,0.9584402257567983,2026-02-28
20137,2025,KS,0.8091205211726384,0.29469228264408986,0.5519064019083642,True,True,True,True,389.0,1.0,0.8009235505387378,2026-02-28
20139,2025,KS,0.8091205211726384,0.854770433083686,0.8319454771281622,False,True,True,False,,,,2026-02-28
20141,2025,KS,0.8091205211726384,0.9381309019863237,0.873625711579481,False,True,True,False,,,,2026-02-28
20143,2025,KS,0.8091205211726384,0.8889612504070336,0.8490408857898359,False,True,True,False,,,,2026-02-28
20145,2025,KS,0.8091205211726384,0.9925105828720286,0.9008155520223335,False,True,True,False,,,,2026-02-28
20147,2025,KS,0.8091205211726384,0.457180071637903,0.6331502964052707,True,True,True,True,201.0,1.0,0.8973832734735762,2026-02-28
20149,2025,KS,0.8091205211726384,0.7775968739824162,0.7933586975775273,False,True,True,False,,,,2026-02-28
20151,2025,KS,0.8091205211726384,0.39986974926733965,0.604495135219989,True,True,True,True,255.0,1.0,0.8696767573114418,2026-02-28
20153,2025,KS,0.8091205211726384,0.34386193422338,0.5764912276980092,True,True,True,True,323.0,1.0,0.8347870702924577,2026-02-28
20155,2025,KS,0.8091205211726384,0.8342559426896776,0.821688231931158,False,True,True,False,,,,2026-02-28
20157,2025,KS,0.8091205211726384,0.3650276782806903,0.5870740997266644,True,True,True,True,297.0,1.0,0.8481272447408927,2026-02-28
20159,2025,KS,0.8091205211726384,0.6512536633018561,0.7301870922372473,True,True,True,True,48.0,1.0,0.9758850692662904,2026-02-28
20161,2025,KS,0.8091205211726384,0.8156952132855747,0.8124078672291066,False,True,True,False,,,,2026-02-28
20163,2025,KS,0.8091205211726384,0.8332790621947248,0.8211997916836816,False,True,True,False,,,,2026-02-28
20165,2025,KS,0.8091205211726384,0.36079452946922824,0.5849575253209334,True,True,True,True,304.0,1.0,0.8445356593124679,2026-02-28
20167,2025,KS,0.8091205211726384,0.8407684793226962,0.8249445002476673,False,True,True,False,,,,2026-02-28
20169,2025,KS,0.8091205211726384,0.5968739824161511,0.7029972517943948,True,True,True,True,95.0,1.0,0.9517701385325809,2026-02-28
20171,2025,KS,0.8091205211726384,0.534028003907522,0.6715742625400802,True,True,True,True,135.0,1.0,0.9312467932272961,2026-02-28
20173,2025,KS,0.8091205211726384,0.7261478345815695,0.767634177877104,False,True,True,False,,,,2026-02-28
20175,2025,KS,0.8091205211726384,0.21882123086942365,0.5139708760210311,True,True,True,True,507.0,2.0,0.7403796818881477,2026-02-28
20177,2025,KS,0.8091205211726384,0.8020188863562357,0.8055697037644372,False,True,True,False,,,,2026-02-28
20179,2025,KS,0.8091205211726384,0.19114295017909474,0.5001317356758666,True,True,True,True,550.0,2.0,0.7183170856849667,2026-02-28
20181,2025,KS,0.8091205211726384,0.6024096385542169,0.7057650798634276,True,True,True,True,86.0,1.0,0.9563878912262699,2026-02-28
20183,2025,KS,0.8091205211726384,0.8791924454575057,0.8441564833150721,False,True,True,False,,,,2026-02-28
20185,2025,KS,0.8091205211726384,0.31292738521654184,0.5610239531945902,True,True,True,True,360.0,1.0,0.8158029758850692,2026-02-28
20187,2025,KS,0.8091205211726384,0.3979159882774341,0.6035182547250363,True,True,True,True,258.0,1.0,0.8681375064135454,2026-02-28
20189,2025,KS,0.8091205211726384,0.41647671768153693,0.6127986194270877,True,True,True,True,241.0,1.0,0.8768599281682914,2026-02-28
20191,2025,KS,0.8091205211726384,0.5444480625203517,0.676784291846495,True,True,True,True,130.0,1.0,0.9338122113904567,2026-02-28
20193,2025,KS,0.8091205211726384,0.6760013025073266,0.7425609118399825,False,True,True,False,,,,2026-02-28
20195,2025,KS,0.8091205211726384,0.4145229566916314,0.611821738932135,True,True,True,True,243.0,1.0,0.8758337609030272,2026-02-28
20197,2025,KS,0.8091205211726384,0.9566916313904266,0.8829060762815325,False,True,True,False,,,,2026-02-28
20199,2025,KS,0.8091205211726384,0.6763269293389775,0.742723725255808,False,True,True,False,,,,2026-02-28
20201,2025,KS,0.8091205211726384,0.882774340605666,0.8459474308891521,False,True,True,False,,,,2026-02-28
20203,2025,KS,0.8091205211726384,0.3005535656138066,0.5548370433932225,True,True,True,True,380.0,1.0,0.8055413032324269,2026-02-28
20205,2025,KS,0.8091205211726384,0.2598502116574406,0.5344853664150395,True,True,True,True,430.0,2.0,0.779887121600821,2026-02-28
20207,2025,KS,0.8091205211726384,0.48876587430804297,0.6489431977403407,True,True,True,True,168.0,1.0,0.9143150333504361,2026-02-28
20209,2025,KS,0.8091205211726384,0.8166720937805275,0.8128963074765829,False,False,True,False,,,,2026-02-28
21001,2025,KY,0.7679153094462541,0.2360794529469228,0.5019973811965884,True,True,True,True,544.0,2.0,0.7213955874807594,2026-02-28
21003,2025,KY,0.7679153094462541,0.4376424617388473,0.6027788855925507,True,True,True,True,262.0,1.0,0.8660851718830169,2026-02-28
21005,2025,KY,0.7679153094462541,0.9202214262455226,0.8440683678458883,False,True,True,False,,,,2026-02-28
21007,2025,KY,0.7679153094462541,0.2969716704656464,0.5324434899559503,True,True,True,True,440.0,2.0,0.7747562852744997,2026-02-28
21009,2025,KY,0.7679153094462541,0.7085639856724194,0.7382396475593367,False,True,True,False,,,,2026-02-28
21011,2025,KY,0.7679153094462541,0.8632367307066102,0.8155760200764322,False,True,True,False,,,,2026-02-28
21013,2025,KY,0.7679153094462541,0.011722565939433409,0.38981893769284376,True,True,True,True,918.0,3.0,0.5295023088763469,2026-02-28
21015,2025,KY,0.7679153094462541,0.4610875936177141,0.6145014515319841,True,True,True,True,235.0,1.0,0.8799384299640841,2026-02-28
21017,2025,KY,0.7679153094462541,0.5174210354933246,0.6426681724697894,True,True,True,True,174.0,1.0,0.9112365315546435,2026-02-28
21019,2025,KY,0.7679153094462541,0.07000976880494952,0.4189625391256018,True,True,True,True,827.0,3.0,0.5761929194458697,2026-02-28
21021,2025,KY,0.7679153094462541,0.7515467274503419,0.7597310184482979,False,True,True,False,,,,2026-02-28
21023,2025,KY,0.7679153094462541,0.5867795506349723,0.6773474300406133,True,True,True,True,129.0,1.0,0.9343252950230888,2026-02-28
21025,2025,KY,0.7679153094462541,0.1637902963204168,0.4658528028833354,True,True,True,True,659.0,2.0,0.6623909697280657,2026-02-28
21027,2025,KY,0.7679153094462541,0.2829697167046565,0.5254425130754553,True,True,True,True,466.0,2.0,0.7614161108260646,2026-02-28
21029,2025,KY,0.7679153094462541,0.5620319114295018,0.664973610437878,True,True,True,True,147.0,1.0,0.9250897896357106,2026-02-28
21031,2025,KY,0.7679153094462541,0.35232823184630413,0.5601217706462791,True,True,True,True,362.0,1.0,0.8147768086198051,2026-02-28
21033,2025,KY,0.7679153094462541,0.3308368609573429,0.5493760852017985,True,True,True,True,393.0,2.0,0.7988712160082093,2026-02-28
21035,2025,KY,0.7679153094462541,0.010420058612829698,0.3891676840295419,True,True,True,True,919.0,3.0,0.5289892252437147,2026-02-28
21037,2025,KY,0.7679153094462541,0.4721589058938456,0.6200371076700498,True,True,True,True,229.0,1.0,0.8830169317598768,2026-02-28
21039,2025,KY,0.7679153094462541,0.6847932269619017,0.7263542682040779,False,True,True,False,,,,2026-02-28
21041,2025,KY,0.7679153094462541,0.7632692933897753,0.7655923014180147,False,True,True,False,,,,2026-02-28
21043,2025,KY,0.7679153094462541,0.6427873656789319,0.705351337562593,True,True,True,True,88.0,1.0,0.9553617239610056,2026-02-28
21045,2025,KY,0.7679153094462541,0.8091826766525562,0.7885489930494052,False,True,True,False,,,,2026-02-28
21047,2025,KY,0.7679153094462541,0.9153370237707588,0.8416261666085064,False,True,True,False,,,,2026-02-28
21049,2025,KY,0.7679153094462541,0.9576685118853794,0.8627919106658167,False,True,True,False,,,,2026-02-28
21051,2025,KY,0.7679153094462541,0.21100618690980136,0.4894607481780277,True,True,True,True,584.0,2.0,0.7008722421754746,2026-02-28
21053,2025,KY,0.7679153094462541,0.4334093129273852,0.6006623111868197,True,True,True,True,267.0,1.0,0.8635197537198563,2026-02-28
21055,2025,KY,0.7679153094462541,0.10192119830674047,0.4349182538764973,True,True,True,True,767.0,2.0,0.6069779374037968,2026-02-28
21057,2025,KY,0.7679153094462541,0.15174210354933246,0.4598287064977933,True,True,True,True,679.0,2.0,0.6521292970754233,2026-02-28
21059,2025,KY,0.7679153094462541,0.6440898730055357,0.7060025912258949,True,True,True,True,85.0,1.0,0.956900974858902,2026-02-28
21061,2025,KY,0.7679153094462541,0.5740801042005861,0.6709977068234201,True,True,True,True,138.0,1.0,0.9297075423293997,2026-02-28
21063,2025,KY,0.7679153094462541,0.40703353956366006,0.587474424504957,True,True,True,True,295.0,1.0,0.849153412006157,2026-02-28
21065,2025,KY,0.7679153094462541,0.12699446434386194,0.447454886895058,True,True,True,True,714.0,2.0,0.6341713699332991,2026-02-28
21067,2025,KY,0.7679153094462541,0.8537935525887334,0.8108544310174937,False,False,True,False,,,,2026-02-28
21069,2025,KY,0.7679153094462541,0.982090524259199,0.8750029168527265,False,True,True,False,,,,2026-02-28
21071,2025,KY,0.7679153094462541,0.02181699772061218,0.39486615358343313,True,True,True,True,897.0,3.0,0.5402770651616213,2026-02-28
21073,2025,KY,0.7679153094462541,0.9478997069358515,0.8579075081910528,False,True,True,False,,,,2026-02-28
21075,2025,KY,0.7679153094462541,0.20026050146532073,0.4840879054557874,True,True,True,True,598.0,2.0,0.6936890713186249,2026-02-28
21077,2025,KY,0.7679153094462541,0.7342885053728427,0.7511019074095484,False,True,True,False,,,,2026-02-28
21079,2025,KY,0.7679153094462541,0.805275154672745,0.7865952320594995,False,True,True,False,,,,2026-02-28
21081,2025,KY,0.7679153094462541,0.864213611201563,0.8160644603239086,False,True,True,False,,,,2026-02-28
21083,2025,KY,0.7679153094462541,0.814718332790622,0.791316821118438,False,True,True,False,,,,2026-02-28
21085,2025,KY,0.7679153094462541,0.26896776294366653,0.5184415361949604,True,True,True,True,495.0,2.0,0.7465366854797332,2026-02-28
21087,2025,KY,0.7679153094462541,0.7404754151742103,0.7541953623102322,False,True,True,False,,,,2026-02-28
21089,2025,KY,0.7679153094462541,0.5617062845978509,0.6648107970220525,True,True,True,True,148.0,1.0,0.9245767060030785,2026-02-28
21091,2025,KY,0.7679153094462541,0.7541517421035493,0.7610335257749017,False,True,True,False,,,,2026-02-28
21093,2025,KY,0.7679153094462541,0.5122110061869098,0.640063157816582,True,True,True,True,178.0,1.0,0.9091841970241149,2026-02-28
21095,2025,KY,0.7679153094462541,0.8873331162487789,0.8276242128475164,False,True,True,False,,,,2026-02-28
21097,2025,KY,0.7679153094462541,0.9905568218821231,0.8792360656641887,False,True,True,False,,,,2026-02-28
21099,2025,KY,0.7679153094462541,0.6958645392380333,0.7318899243421437,False,True,True,False,,,,2026-02-28
21101,2025,KY,0.7679153094462541,0.7007489417127971,0.7343321255795257,False,True,True,False,,,,2026-02-28
21103,2025,KY,0.7679153094462541,0.760664278736568,0.7642897940914111,False,True,True,False,,,,2026-02-28
21105,2025,KY,0.7679153094462541,0.9531097362422664,0.8605125228442603,False,True,True,False,,,,2026-02-28
21107,2025,KY,0.7679153094462541,0.5050472158905894,0.6364812626684218,True,True,True,True,192.0,1.0,0.9020010261672653,2026-02-28
21109,2025,KY,0.7679153094462541,0.014653207424291761,0.3912842584352729,True,True,True,True,909.0,3.0,0.5341200615700359,2026-02-28
21111,2025,KY,0.7679153094462541,0.6808857049820906,0.7244005072141724,False,False,True,False,,,,2026-02-28
21113,2025,KY,0.7679153094462541,0.8534679257570824,0.8106916176016683,False,True,True,False,,,,2026-02-28
21115,2025,KY,0.7679153094462541,0.33148811462064476,0.5497017120334494,True,True,True,True,392.0,2.0,0.7993842996408415,2026-02-28
21117,2025,KY,0.7679153094462541,0.6955389124063823,0.7317271109263181,False,True,True,False,,,,2026-02-28
21119,2025,KY,0.7679153094462541,0.1510908498860306,0.45950307966614234,True,True,True,True,682.0,2.0,0.6505900461775269,2026-02-28
21121,2025,KY,0.7679153094462541,0.3774014978834256,0.5726584036648399,True,True,True,True,333.0,1.0,0.8296562339661365,2026-02-28
21123,2025,KY,0.7679153094462541,0.8951481602084012,0.8315317348273277,False,True,True,False,,,,2026-02-28
21125,2025,KY,0.7679153094462541,0.5646369260827092,0.6662761177644816,True,True,True,True,146.0,1.0,0.9256028732683428,2026-02-28
21127,2025,KY,0.7679153094462541,0.39270595897101923,0.5803106342086366,True,True,True,True,309.0,1.0,0.8419702411493073,2026-02-28
21129,2025,KY,0.7679153094462541,0.963529794855096,0.8657225521506751,False,True,True,False,,,,2026-02-28
21131,2025,KY,0.7679153094462541,0.01823510257245197,0.39307520600935303,True,True,True,True,904.0,3.0,0.5366854797331965,2026-02-28
21133,2025,KY,0.7679153094462541,0.008791924454575058,0.3883536169504146,True,True,True,True,923.0,3.0,0.5269368907131863,2026-02-28
21135,2025,KY,0.7679153094462541,0.12862259850211658,0.4482689539741853,True,True,True,True,708.0,2.0,0.6372498717290919,2026-02-28
21137,2025,KY,0.7679153094462541,0.8668186258547704,0.8173669676505122,False,True,True,False,,,,2026-02-28
21139,2025,KY,0.7679153094462541,0.479648323021817,0.6237818162340355,True,True,True,True,223.0,1.0,0.8860954335556696,2026-02-28
21141,2025,KY,0.7679153094462541,0.8290459133832628,0.7984806114147585,False,True,True,False,,,,2026-02-28
21143,2025,KY,0.7679153094462541,0.4044285249104526,0.5861719171783534,True,True,True,True,300.0,1.0,0.8465879938429964,2026-02-28
21145,2025,KY,0.7679153094462541,0.9306414848583523,0.8492783971523032,False,True,True,False,,,,2026-02-28
21147,2025,KY,0.7679153094462541,0.16085965483555845,0.46438748214090625,True,True,True,True,661.0,2.0,0.6613648024628014,2026-02-28
21149,2025,KY,0.7679153094462541,0.2406382285900358,0.5042767690181449,True,True,True,True,539.0,2.0,0.72396100564392,2026-02-28
21151,2025,KY,0.7679153094462541,0.7626180397264735,0.7652666745863638,False,True,True,False,,,,2026-02-28
21153,2025,KY,0.7679153094462541,0.8638879843699121,0.8159016469080831,False,True,True,False,,,,2026-02-28
21155,2025,KY,0.7679153094462541,0.8270921523933572,0.7975037309198056,False,True,True,False,,,,2026-02-28
21157,2025,KY,0.7679153094462541,0.9804623901009443,0.8741888497735992,False,True,True,False,,,,2026-02-28
21159,2025,KY,0.7679153094462541,0.16313904265711496,0.46552717605168453,True,True,True,True,660.0,2.0,0.6618778860954335,2026-02-28
21161,2025,KY,0.7679153094462541,0.7841094106154347,0.7760123600308444,False,True,True,False,,,,2026-02-28
21163,2025,KY,0.7679153094462541,0.941061543471182,0.854488426458718,False,True,True,False,,,,2026-02-28
21165,2025,KY,0.7679153094462541,0.719635297948551,0.7437753036974025,False,True,True,False,,,,2026-02-28
21167,2025,KY,0.7679153094462541,0.7365678931943992,0.7522416013203266,False,True,True,False,,,,2026-02-28
21169,2025,KY,0.7679153094462541,0.8905893845652881,0.8292523470057711,False,True,True,False,,,,2026-02-28
21171,2025,KY,0.7679153094462541,0.8391403451644416,0.8035278273053479,False,True,True,False,,,,2026-02-28
21173,2025,KY,0.7679153094462541,0.7521979811136438,0.7600566452799489,False,True,True,False,,,,2026-02-28
21175,2025,KY,0.7679153094462541,0.20123738196027352,0.4845763457032638,True,True,True,True,596.0,2.0,0.6947152385838892,2026-02-28
21177,2025,KY,0.7679153094462541,0.6724194073591664,0.7201673584027102,False,True,True,False,,,,2026-02-28
21179,2025,KY,0.7679153094462541,0.7710843373493976,0.7694998233978259,False,True,True,False,,,,2026-02-28
21181,2025,KY,0.7679153094462541,0.7756431129925105,0.7717792112193823,False,True,True,False,,,,2026-02-28
21183,2025,KY,0.7679153094462541,0.9716704656463693,0.8697928875463117,False,True,True,False,,,,2026-02-28
21185,2025,KY,0.7679153094462541,0.5490068381634646,0.6584610738048593,True,True,True,True,155.0,1.0,0.9209851205746536,2026-02-28
21187,2025,KY,0.7679153094462541,0.4141973298599805,0.5910563196531173,True,True,True,True,285.0,1.0,0.8542842483324782,2026-02-28
21189,2025,KY,0.7679153094462541,0.2845978508629111,0.5262565801545827,True,True,True,True,464.0,2.0,0.7624422780913289,2026-02-28
21191,2025,KY,0.7679153094462541,0.8541191794203843,0.8110172444333192,False,True,True,False,,,,2026-02-28
21193,2025,KY,0.7679153094462541,0.06121784435037447,0.4145665768983143,True,True,True,True,846.0,3.0,0.5664443304258594,2026-02-28
21195,2025,KY,0.7679153094462541,0.0429827417779225,0.4054490256120883,True,True,True,True,873.0,3.0,0.5525910723447922,2026-02-28
21197,2025,KY,0.7679153094462541,0.357538261152719,0.5627267852994865,True,True,True,True,354.0,1.0,0.818881477680862,2026-02-28
21199,2025,KY,0.7679153094462541,0.1973298599804624,0.4826225847133582,True,True,True,True,602.0,2.0,0.6916367367880965,2026-02-28
21201,2025,KY,0.7679153094462541,0.9205470530771735,0.8442311812617138,False,True,True,False,,,,2026-02-28
21203,2025,KY,0.7679153094462541,0.43243243243243246,0.6001738709393433,True,True,True,True,271.0,1.0,0.8614674191893279,2026-02-28
21205,2025,KY,0.7679153094462541,0.9537609899055682,0.8608381496759112,False,True,True,False,,,,2026-02-28
21207,2025,KY,0.7679153094462541,0.3747964832302182,0.5713558963382361,True,True,True,True,336.0,1.0,0.8281169830682401,2026-02-28
21209,2025,KY,0.7679153094462541,0.7938782155649625,0.7808967625056082,False,True,True,False,,,,2026-02-28
21211,2025,KY,0.7679153094462541,0.44285249104526214,0.6053839002457582,True,True,True,True,254.0,1.0,0.8701898409440739,2026-02-28
21213,2025,KY,0.7679153094462541,0.6369260827092152,0.7024206960777346,True,True,True,True,96.0,1.0,0.9512570548999487,2026-02-28
21215,2025,KY,0.7679153094462541,0.6945620319114295,0.7312386706788419,False,True,True,False,,,,2026-02-28
21217,2025,KY,0.7679153094462541,0.8544448062520351,0.8111800578491446,False,True,True,False,,,,2026-02-28
21219,2025,KY,0.7679153094462541,0.846304135460762,0.807109722453508,False,True,True,False,,,,2026-02-28
21221,2025,KY,0.7679153094462541,0.006838163464669489,0.3873767364554618,True,True,True,True,926.0,3.0,0.5253976398152899,2026-02-28
21223,2025,KY,0.7679153094462541,0.9645066753500489,0.8662109923981515,False,True,True,False,,,,2026-02-28
21225,2025,KY,0.7679153094462541,0.5910126994464344,0.6794640044463442,True,True,True,True,126.0,1.0,0.9358645459209851,2026-02-28
21227,2025,KY,0.7679153094462541,0.5047215890589385,0.6363184492525963,True,True,True,True,194.0,1.0,0.900974858902001,2026-02-28
21229,2025,KY,0.7679153094462541,0.7792250081406707,0.7735701587934625,False,True,True,False,,,,2026-02-28
21231,2025,KY,0.7679153094462541,0.7391729078476067,0.7535441086469303,False,True,True,False,,,,2026-02-28
21233,2025,KY,0.7679153094462541,0.6896776294366656,0.7287964694414598,False,True,True,False,,,,2026-02-28
21235,2025,KY,0.7679153094462541,0.18397915988277433,0.4759472346645142,True,True,True,True,627.0,2.0,0.6788096459722934,2026-02-28
21237,2025,KY,0.7679153094462541,0.5757082383588408,0.6718117739025474,True,True,True,True,134.0,1.0,0.9317598768599281,2026-02-28
21239,2025,KY,0.7679153094462541,0.6681862585477043,0.7180507839969792,False,True,True,False,,,,2026-02-28
22001,2025,LA,0.10993485342019543,0.06089221751872354,0.08541353546945948,True,True,True,True,1815.0,5.0,0.06926629040533606,2026-02-28
22003,2025,LA,0.10993485342019543,0.05958971019211983,0.08476228180615764,True,True,True,True,1816.0,5.0,0.06875320677270395,2026-02-28
22005,2025,LA,0.10993485342019543,0.8309996743731684,0.4704672638966819,False,True,True,False,,,,2026-02-28
22007,2025,LA,0.10993485342019543,0.475089547378704,0.2925122003994497,True,True,True,True,1224.0,4.0,0.37249871729091844,2026-02-28
22009,2025,LA,0.10993485342019543,0.025724519700423314,0.06782968656030937,True,True,True,True,1858.0,5.0,0.04720369420215495,2026-02-28
22011,2025,LA,0.10993485342019543,0.15890589384565287,0.13442037363292414,True,True,True,True,1674.0,5.0,0.14161108260646485,2026-02-28
22013,2025,LA,0.10993485342019543,0.022793878215564962,0.0663643658178802,True,True,True,True,1862.0,5.0,0.04515135967162647,2026-02-28
22015,2025,LA,0.10993485342019543,0.41256919570172584,0.26125202456096064,True,True,True,True,1308.0,4.0,0.3293996921498204,2026-02-28
22017,2025,LA,0.10993485342019543,0.23542819928362096,0.1726815263519082,True,True,True,True,1565.0,5.0,0.19753719856336582,2026-02-28
22019,2025,LA,0.10993485342019543,0.0846629762292413,0.09729891482471836,True,True,True,True,1784.0,5.0,0.08517188301693177,2026-02-28
22021,2025,LA,0.10993485342019543,0.16248778899381308,0.13621132120700424,True,True,True,True,1668.0,5.0,0.14468958440225757,2026-02-28
22023,2025,LA,0.10993485342019543,0.14229892543145556,0.1261168894258255,True,True,True,True,1700.0,5.0,0.12827090815802974,2026-02-28
22025,2025,LA,0.10993485342019543,0.08791924454575056,0.098927048982973,True,True,True,True,1777.0,5.0,0.0887634684453566,2026-02-28
22027,2025,LA,0.10993485342019543,0.002930641484858352,0.05643274745252689,True,True,True,True,1884.0,5.0,0.03386351975371986,2026-02-28
22029,2025,LA,0.10993485342019543,0.03516769781830023,0.07255127561924783,True,True,True,True,1849.0,5.0,0.051821446895844024,2026-02-28
22031,2025,LA,0.10993485342019543,0.13904265711494626,0.12448875526757085,True,True,True,True,1705.0,5.0,0.12570548999486916,2026-02-28
22033,2025,LA,0.10993485342019543,0.27352653858677956,0.1917306960034875,True,True,True,True,1509.0,4.0,0.2262698819907645,2026-02-28
22035,2025,LA,0.10993485342019543,0.0026050146532074245,0.05626993403670143,True,True,True,True,1885.0,5.0,0.033350436121087734,2026-02-28
22037,2025,LA,0.10993485342019543,0.16411592315206774,0.1370253882861316,True,True,True,True,1664.0,5.0,0.14674191893278604,2026-02-28
22039,2025,LA,0.10993485342019543,0.04428524910452621,0.07711005126236083,True,True,True,True,1838.0,5.0,0.057465366854797334,2026-02-28
22041,2025,LA,0.10993485342019543,0.10843373493975904,0.10918429417997724,True,True,True,True,1750.0,5.0,0.10261672652642381,2026-02-28
22043,2025,LA,0.10993485342019543,0.09443178117876913,0.10218331729948228,True,True,True,True,1768.0,5.0,0.09338122113904566,2026-02-28
22045,2025,LA,0.10993485342019543,0.07587105177466623,0.09290295259743084,True,True,True,True,1793.0,5.0,0.08055413032324268,2026-02-28
22047,2025,LA,0.10993485342019543,0.556170628459785,0.33305274093999027,True,True,True,True,1101.0,3.0,0.43560800410466904,2026-02-28
22049,2025,LA,0.10993485342019543,0.04363399544122436,0.0767844244307099,True,True,True,True,1843.0,5.0,0.05489994869163674,2026-02-28
22051,2025,LA,0.10993485342019543,0.0719635297948551,0.09094919160752526,True,False,True,False,,,,2026-02-28
22053,2025,LA,0.10993485342019543,0.10257245197004233,0.10625365269511888,True,True,True,True,1757.0,5.0,0.09902514109799897,2026-02-28
22055,2025,LA,0.10993485342019543,0.1602084011722566,0.13507162729622602,True,True,True,True,1670.0,5.0,0.14366341713699332,2026-02-28
22057,2025,LA,0.10993485342019543,0.08759361771409964,0.09876423556714753,True,True,True,True,1779.0,5.0,0.08773730118009236,2026-02-28
22059,2025,LA,0.10993485342019543,0.06284597850862911,0.08639041596441227,True,True,True,True,1812.0,5.0,0.07080554130323242,2026-02-28
22061,2025,LA,0.10993485342019543,0.2474763920547053,0.1787056227374504,True,True,True,True,1544.0,4.0,0.20831195484864032,2026-02-28
22063,2025,LA,0.10993485342019543,0.37154021491370887,0.24073753416695215,True,True,True,True,1372.0,4.0,0.2965623396613648,2026-02-28
22065,2025,LA,0.10993485342019543,0.057635949202214265,0.08378540131120485,True,True,True,True,1818.0,5.0,0.06772703950743972,2026-02-28
22067,2025,LA,0.10993485342019543,0.022142624552263106,0.06603873898622926,True,True,True,True,1864.0,5.0,0.044125192406362236,2026-02-28
22069,2025,LA,0.10993485342019543,0.07489417127971344,0.09241451234995443,True,True,True,True,1795.0,5.0,0.07952796305797845,2026-02-28
22071,2025,LA,0.10993485342019543,0.03972647346141322,0.07483066344080433,True,False,True,False,,,,2026-02-28
22073,2025,LA,0.10993485342019543,0.2103549332464995,0.16014489333334747,True,True,True,True,1602.0,5.0,0.17855310415597742,2026-02-28
22075,2025,LA,0.10993485342019543,0.11462064474112667,0.11227774908066104,True,True,True,True,1741.0,5.0,0.10723447922011288,2026-02-28
22077,2025,LA,0.10993485342019543,0.23021816997720612,0.17007651169870078,True,True,True,True,1572.0,5.0,0.193945613134941,2026-02-28
22079,2025,LA,0.10993485342019543,0.1937479648323022,0.15184140912624883,True,True,True,True,1626.0,5.0,0.16623909697280656,2026-02-28
22081,2025,LA,0.10993485342019543,0.126668837512211,0.11830184546620322,True,True,True,True,1724.0,5.0,0.1159569009748589,2026-02-28
22083,2025,LA,0.10993485342019543,0.12276131553239987,0.11634808447629766,True,True,True,True,1730.0,5.0,0.11287839917906618,2026-02-28
22085,2025,LA,0.10993485342019543,0.10354933246499512,0.10674209294259528,True,True,True,True,1756.0,5.0,0.09953822473063109,2026-02-28
22087,2025,LA,0.10993485342019543,0.04395962227287528,0.07694723784653536,True,True,True,True,1840.0,5.0,0.05643919958953309,2026-02-28
22089,2025,LA,0.10993485342019543,0.17388472810159558,0.1419097907608955,True,True,True,True,1650.0,5.0,0.1539250897896357,2026-02-28
22091,2025,LA,0.10993485342019543,0.07619667860631717,0.0930657660132563,True,True,True,True,1791.0,5.0,0.08158029758850692,2026-02-28
22093,2025,LA,0.10993485342019543,0.11527189840442853,0.11260337591231198,True,True,True,True,1738.0,5.0,0.10877373011800924,2026-02-28
22095,2025,LA,0.10993485342019543,0.11201563008791925,0.11097524175405735,True,True,True,True,1745.0,5.0,0.10518214468958441,2026-02-28
22097,2025,LA,0.10993485342019543,0.02832953435363074,0.06913219388691308,True,True,True,True,1856.0,5.0,0.04822986146741919,2026-02-28
22099,2025,LA,0.10993485342019543,0.2207749918593292,0.16535492263976231,True,True,True,True,1586.0,5.0,0.18676244227809133,2026-02-28
22101,2025,LA,0.10993485342019543,0.06447411266688376,0.08720448304353959,True,True,True,True,1809.0,5.0,0.07234479220112879,2026-02-28
22103,2025,LA,0.10993485342019543,0.14490394008466298,0.1274193967524292,True,True,True,True,1694.0,5.0,0.13134940995382247,2026-02-28
22105,2025,LA,0.10993485342019543,0.10875936177140996,0.1093471075958027,True,True,True,True,1749.0,5.0,0.10312981015905592,2026-02-28
22107,2025,LA,0.10993485342019543,0.00032562683165092806,0.05513024012592318,True,True,True,True,1889.0,5.0,0.03129810159055926,2026-02-28
22109,2025,LA,0.10993485342019543,0.17844350374470858,0.144189178582452,True,True,True,True,1643.0,5.0,0.15751667521806054,2026-02-28
22111,2025,LA,0.10993485342019543,0.25236079452946925,0.18114782397483234,True,True,True,True,1537.0,4.0,0.21190354027706515,2026-02-28
22113,2025,LA,0.10993485342019543,0.09736242266362748,0.10364863804191146,True,True,True,True,1764.0,5.0,0.09543355566957414,2026-02-28
22115,2025,LA,0.10993485342019543,0.12959947899706936,0.1197671662086324,True,True,True,True,1720.0,5.0,0.11800923550538737,2026-02-28
22117,2025,LA,0.10993485342019543,0.08108108108108109,0.09550796725063826,True,True,True,True,1785.0,5.0,0.08465879938429964,2026-02-28
22119,2025,LA,0.10993485342019543,0.03126017583848909,0.07059751462934226,True,True,True,True,1853.0,5.0,0.049769112365315546,2026-02-28
22121,2025,LA,0.10993485342019543,0.420709866492999,0.26532235995659725,True,True,True,True,1298.0,4.0,0.3345305284761416,2026-02-28
22123,2025,LA,0.10993485342019543,0.09931618365353305,0.10462551853686425,True,True,True,True,1762.0,5.0,0.09645972293483839,2026-02-28
22125,2025,LA,0.10993485342019543,0.8531422989254315,0.4815385761728135,False,True,True,False,,,,2026-02-28
22127,2025,LA,0.10993485342019543,0.08922175187235429,0.09957830264627486,True,True,True,True,1774.0,5.0,0.09030271934325294,2026-02-28
23001,2025,ME,0.96628664495114,0.882448713774015,0.9243676793625775,False,True,True,False,,,,2026-02-28
23003,2025,ME,0.96628664495114,0.4242917616411592,0.6952892032961496,True,True,True,True,102.0,1.0,0.948178553104156,2026-02-28
23005,2025,ME,0.96628664495114,0.664929990231195,0.8156083175911675,True,True,True,True,2.0,1.0,0.9994869163673679,2026-02-28
23007,2025,ME,0.96628664495114,0.4783458156952133,0.7223162303231767,True,True,True,True,61.0,1.0,0.9692149820420729,2026-02-28
23009,2025,ME,0.96628664495114,0.44220123738196027,0.7042439411665502,True,True,True,True,93.0,1.0,0.952796305797845,2026-02-28
23011,2025,ME,0.96628664495114,0.8241615109084989,0.8952240779298195,False,True,True,False,,,,2026-02-28
23013,2025,ME,0.96628664495114,0.46955389124063823,0.7179202680958892,True,True,True,True,67.0,1.0,0.9661364802462802,2026-02-28
23015,2025,ME,0.96628664495114,0.4900683816346467,0.7281775132928934,True,True,True,True,50.0,1.0,0.9748589020010262,2026-02-28
23017,2025,ME,0.96628664495114,0.6821882123086942,0.8242374286299171,False,True,True,False,,,,2026-02-28
23019,2025,ME,0.96628664495114,0.8042982741777922,0.8852924595644661,False,True,True,False,,,,2026-02-28
23021,2025,ME,0.96628664495114,0.7427548029957669,0.8545207239734535,False,True,True,False,,,,2026-02-28
23023,2025,ME,0.96628664495114,0.7518723542819928,0.8590794996165665,False,True,True,False,,,,2026-02-28
23025,2025,ME,0.96628664495114,0.818625854770433,0.8924562498607865,False,True,True,False,,,,2026-02-28
23027,2025,ME,0.96628664495114,0.4177792250081407,0.6920329349796404,True,True,True,True,108.0,1.0,0.9451000513083633,2026-02-28
23029,2025,ME,0.96628664495114,0.43145555193747964,0.6988710984443098,True,True,True,True,99.0,1.0,0.9497178040020523,2026-02-28
23031,2025,ME,0.96628664495114,0.7053077173559101,0.8357971811535251,False,True,True,False,,,,2026-02-28
24001,2025,MD,0.3252442996742671,0.6799088244871377,0.5025765620807024,False,True,True,False,,,,2026-02-28
24003,2025,MD,0.3252442996742671,0.4982090524259199,0.4117266760500935,True,False,True,False,,,,2026-02-28
24005,2025,MD,0.3252442996742671,0.5008140670791273,0.41302918337669725,True,False,True,False,,,,2026-02-28
24009,2025,MD,0.3252442996742671,0.5148160208401172,0.4200301602571922,True,True,True,True,824.0,3.0,0.577732170343766,2026-02-28
24011,2025,MD,0.3252442996742671,0.6281341582546401,0.47668922896445365,True,True,True,True,624.0,2.0,0.6803488968701898,2026-02-28
24013,2025,MD,0.3252442996742671,0.6300879192445458,0.47766610945940646,True,True,True,True,617.0,2.0,0.6839404822986147,2026-02-28
24015,2025,MD,0.3252442996742671,0.6756756756756757,0.5004599876749714,False,True,True,False,,,,2026-02-28
24017,2025,MD,0.3252442996742671,0.38717030283295345,0.3562073012536103,True,True,True,True,1020.0,3.0,0.4771677783478707,2026-02-28
24019,2025,MD,0.3252442996742671,0.6066427873656789,0.465943543519973,True,True,True,True,658.0,2.0,0.6629040533606978,2026-02-28
24021,2025,MD,0.3252442996742671,0.6085965483555845,0.46692042401492584,True,True,True,True,651.0,2.0,0.6664956387891227,2026-02-28
24023,2025,MD,0.3252442996742671,0.37447085639856725,0.34985757803641715,True,True,True,True,1039.0,3.0,0.4674191893278604,2026-02-28
24025,2025,MD,0.3252442996742671,0.5356561380657766,0.4304502188700219,True,True,True,True,781.0,3.0,0.5997947665469472,2026-02-28
24027,2025,MD,0.3252442996742671,0.5320742429176164,0.4286592712959417,True,False,True,False,,,,2026-02-28
24029,2025,MD,0.3252442996742671,0.6437642461738847,0.48450427292407594,True,True,True,True,597.0,2.0,0.694202154951257,2026-02-28
24031,2025,MD,0.3252442996742671,0.4552263106479974,0.39023530516113225,True,False,True,False,,,,2026-02-28
24033,2025,MD,0.3252442996742671,0.3852165418430479,0.3552304207586575,True,False,True,False,,,,2026-02-28
24035,2025,MD,0.3252442996742671,0.6887007489417128,0.50697252430799,False,True,True,False,,,,2026-02-28
24037,2025,MD,0.3252442996742671,0.5496580918267665,0.43745119575051683,True,True,True,True,756.0,2.0,0.6126218573627501,2026-02-28
24039,2025,MD,0.3252442996742671,0.6359492022142624,0.4805967509442648,True,True,True,True,608.0,2.0,0.6885582349923037,2026-02-28
24041,2025,MD,0.3252442996742671,0.5662650602409639,0.44575467995761553,True,True,True,True,722.0,2.0,0.6300667008722421,2026-02-28
24043,2025,MD,0.3252442996742671,0.6935851514164767,0.5094147255453719,False,True,True,False,,,,2026-02-28
24045,2025,MD,0.3252442996742671,0.7476392054705308,0.5364417525723989,False,True,True,False,,,,2026-02-28
24047,2025,MD,0.3252442996742671,0.3373493975903614,0.33129684863231423,True,True,True,True,1111.0,3.0,0.4304771677783479,2026-02-28
24510,2025,MD,0.3252442996742671,0.35037447085639856,0.33780938526533283,True,False,True,False,,,,2026-02-28
25001,2025,MA,0.7897394136807817,0.6229241289482254,0.7063317713145035,True,True,True,True,84.0,1.0,0.9574140584915342,2026-02-28
25003,2025,MA,0.7897394136807817,0.7808531422989254,0.7852962779898536,False,True,True,False,,,,2026-02-28
25005,2025,MA,0.7897394136807817,0.8664929990231195,0.8281162063519506,False,False,True,False,,,,2026-02-28
25007,2025,MA,0.7897394136807817,0.45001628134158256,0.6198778475111821,True,True,True,True,230.0,1.0,0.8825038481272447,2026-02-28
25009,2025,MA,0.7897394136807817,0.8222077499185932,0.8059735817996875,False,False,True,False,,,,2026-02-28
25011,2025,MA,0.7897394136807817,0.7173559101269945,0.7535476619038881,False,True,True,False,,,,2026-02-28
25013,2025,MA,0.7897394136807817,0.8476066427873656,0.8186730282340737,False,True,True,False,,,,2026-02-28
25015,2025,MA,0.7897394136807817,0.723868446760013,0.7568039302203974,False,True,True,False,,,,2026-02-28
25017,2025,MA,0.7897394136807817,0.7863887984369912,0.7880641060588864,False,False,True,False,,,,2026-02-28
25019,2025,MA,0.7897394136807817,0.48257896450667537,0.6361591890937286,True,True,True,True,196.0,1.0,0.8999486916367367,2026-02-28
25021,2025,MA,0.7897394136807817,0.7105177466623249,0.7501285801715534,False,False,True,False,,,,2026-02-28
25023,2025,MA,0.7897394136807817,0.8228590035818951,0.8062992086313384,False,True,True,False,,,,2026-02-28
25025,2025,MA,0.7897394136807817,0.45685444480625204,0.6232969292435169,True,False,True,False,,,,2026-02-28
25027,2025,MA,0.7897394136807817,0.8863562357538262,0.838047824717304,False,True,True,False,,,,2026-02-28
26001,2025,MI,0.9234527687296417,0.8397915988277435,0.8816221837786926,False,True,True,False,,,,2026-02-28
26003,2025,MI,0.9234527687296417,0.4382937154021491,0.6808732420658954,True,True,True,True,123.0,1.0,0.9374037968188815,2026-02-28
26005,2025,MI,0.9234527687296417,0.8899381309019864,0.906695449815814,False,True,True,False,,,,2026-02-28
26007,2025,MI,0.9234527687296417,0.7479648323021817,0.8357088005159117,False,True,True,False,,,,2026-02-28
26009,2025,MI,0.9234527687296417,0.48518397915988276,0.7043183739447623,True,True,True,True,92.0,1.0,0.9533093894304772,2026-02-28
26011,2025,MI,0.9234527687296417,0.6900032562683165,0.8067280124989791,False,True,True,False,,,,2026-02-28
26013,2025,MI,0.9234527687296417,0.3868446760013025,0.6551487223654721,True,True,True,True,158.0,1.0,0.9194458696767573,2026-02-28
26015,2025,MI,0.9234527687296417,0.7160534028003908,0.8197530857650162,False,True,True,False,,,,2026-02-28
26017,2025,MI,0.9234527687296417,0.9710192119830674,0.9472359903563545,False,True,True,False,,,,2026-02-28
26019,2025,MI,0.9234527687296417,0.6851188537935526,0.8042858112615971,False,True,True,False,,,,2026-02-28
26021,2025,MI,0.9234527687296417,0.6007815043959622,0.7621171365628019,True,True,True,True,24.0,1.0,0.9881990764494613,2026-02-28
26023,2025,MI,0.9234527687296417,0.4474112666883751,0.6854320177090084,True,True,True,True,117.0,1.0,0.9404822986146741,2026-02-28
26025,2025,MI,0.9234527687296417,0.8511885379355258,0.8873206533325837,False,True,True,False,,,,2026-02-28
26027,2025,MI,0.9234527687296417,0.5144903940084663,0.718971581369054,True,True,True,True,66.0,1.0,0.9666495638789122,2026-02-28
26029,2025,MI,0.9234527687296417,0.7316834907196353,0.8275681297246384,False,True,True,False,,,,2026-02-28
26031,2025,MI,0.9234527687296417,0.5056984695538912,0.7145756191417665,True,True,True,True,73.0,1.0,0.9630579784504875,2026-02-28
26033,2025,MI,0.9234527687296417,0.4122435688700749,0.6678481687998583,True,True,True,True,144.0,1.0,0.926629040533607,2026-02-28
26035,2025,MI,0.9234527687296417,0.5809182676652557,0.7521855181974486,True,True,True,True,32.0,1.0,0.9840944073884043,2026-02-28
26037,2025,MI,0.9234527687296417,0.6466948876587431,0.7850738281941924,True,True,True,True,10.0,1.0,0.995382247306311,2026-02-28
26039,2025,MI,0.9234527687296417,0.6177140996418105,0.7705834341857261,True,True,True,True,14.0,1.0,0.9933299127757824,2026-02-28
26041,2025,MI,0.9234527687296417,0.9941387170302833,0.9587957428799625,False,True,True,False,,,,2026-02-28
26043,2025,MI,0.9234527687296417,0.9462715727775969,0.9348621707536193,False,True,True,False,,,,2026-02-28
26045,2025,MI,0.9234527687296417,0.7101921198306741,0.8168224442801579,False,True,True,False,,,,2026-02-28
26047,2025,MI,0.9234527687296417,0.4630413546076197,0.6932470616686307,True,True,True,True,106.0,1.0,0.9461262185736276,2026-02-28
26049,2025,MI,0.9234527687296417,0.8586779550634972,0.8910653618965694,False,True,True,False,,,,2026-02-28
26051,2025,MI,0.9234527687296417,0.8062520351676978,0.8648524019486697,False,True,True,False,,,,2026-02-28
26053,2025,MI,0.9234527687296417,0.5994789970693585,0.7614658828995,True,True,True,True,25.0,1.0,0.9876859928168291,2026-02-28
26055,2025,MI,0.9234527687296417,0.7753174861608596,0.8493851274452506,False,True,True,False,,,,2026-02-28
26057,2025,MI,0.9234527687296417,0.502116574405731,0.7127846715676863,True,True,True,True,75.0,1.0,0.9620318111852232,2026-02-28
26059,2025,MI,0.9234527687296417,0.6411592315206773,0.7823060001251595,True,True,True,True,11.0,1.0,0.9948691636736788,2026-02-28
26061,2025,MI,0.9234527687296417,0.47802018886356235,0.700736478796602,True,True,True,True,98.0,1.0,0.9502308876346844,2026-02-28
26063,2025,MI,0.9234527687296417,0.6014327580592641,0.7624427633944528,True,True,True,True,23.0,1.0,0.9887121600820934,2026-02-28
26065,2025,MI,0.9234527687296417,0.895799413871703,0.9096260913006724,False,True,True,False,,,,2026-02-28
26067,2025,MI,0.9234527687296417,0.8404428524910452,0.8819478106103434,False,True,True,False,,,,2026-02-28
26069,2025,MI,0.9234527687296417,0.520351676978183,0.7219022228539123,True,True,True,True,62.0,1.0,0.9687018984094408,2026-02-28
26071,2025,MI,0.9234527687296417,0.959296646043634,0.9413747073866379,False,True,True,False,,,,2026-02-28
26073,2025,MI,0.9234527687296417,0.48583523282318464,0.7046440007764132,True,True,True,True,89.0,1.0,0.9548486403283736,2026-02-28
26075,2025,MI,0.9234527687296417,0.7193096711169,0.8213812199232708,False,True,True,False,,,,2026-02-28
26077,2025,MI,0.9234527687296417,0.7092152393357213,0.8163340040326814,False,True,True,False,,,,2026-02-28
26079,2025,MI,0.9234527687296417,0.41875610550309345,0.6711044371163676,True,True,True,True,137.0,1.0,0.9302206259620318,2026-02-28
26081,2025,MI,0.9234527687296417,0.8261152718984044,0.874784020314023,False,True,True,False,,,,2026-02-28
26083,2025,MI,0.9234527687296417,0.9654835558450017,0.9444681622873217,False,True,True,False,,,,2026-02-28
26085,2025,MI,0.9234527687296417,0.7000976880494952,0.8117752283895685,False,True,True,False,,,,2026-02-28
26087,2025,MI,0.9234527687296417,0.7860631716053402,0.854757970167491,False,True,True,False,,,,2026-02-28
26089,2025,MI,0.9234527687296417,0.3881471833279062,0.6557999760287739,True,True,True,True,157.0,1.0,0.9199589533093895,2026-02-28
26091,2025,MI,0.9234527687296417,0.6056659068707262,0.7645593378001839,True,True,True,True,20.0,1.0,0.9902514109799897,2026-02-28
26093,2025,MI,0.9234527687296417,0.7157277759687398,0.8195902723491908,False,True,True,False,,,,2026-02-28
26095,2025,MI,0.9234527687296417,0.10485183979159883,0.5141523042606202,True,True,True,True,506.0,2.0,0.7408927655207799,2026-02-28
26097,2025,MI,0.9234527687296417,0.9413871703028329,0.9324199695162373,False,True,True,False,,,,2026-02-28
26099,2025,MI,0.9234527687296417,0.7580592640833604,0.8407560164065011,False,False,True,False,,,,2026-02-28
26101,2025,MI,0.9234527687296417,0.5522631064799739,0.7378579376048078,True,True,True,True,40.0,1.0,0.9799897383273474,2026-02-28
26103,2025,MI,0.9234527687296417,0.8782155649625529,0.9008341668460973,False,True,True,False,,,,2026-02-28
26105,2025,MI,0.9234527687296417,0.39563660045587756,0.6595446845927596,True,True,True,True,151.0,1.0,0.9230374551051821,2026-02-28
26107,2025,MI,0.9234527687296417,0.5685444480625204,0.745998608396081,True,True,True,True,37.0,1.0,0.9815289892252437,2026-02-28
26109,2025,MI,0.9234527687296417,0.7779225008140671,0.8506876347718544,False,True,True,False,,,,2026-02-28
26111,2025,MI,0.9234527687296417,0.800716379029632,0.8620845738796368,False,True,True,False,,,,2026-02-28
26113,2025,MI,0.9234527687296417,0.493324649951156,0.7083887093403989,True,True,True,True,81.0,1.0,0.9589533093894305,2026-02-28
26115,2025,MI,0.9234527687296417,0.8072289156626506,0.8653408421961462,False,True,True,False,,,,2026-02-28
26117,2025,MI,0.9234527687296417,0.5089547378704006,0.7162037533000212,True,True,True,True,69.0,1.0,0.9651103129810159,2026-02-28
26119,2025,MI,0.9234527687296417,0.3705633344187561,0.6470080515741989,True,True,True,True,170.0,1.0,0.9132888660851719,2026-02-28
26121,2025,MI,0.9234527687296417,0.6805600781504396,0.8020064234400406,False,True,True,False,,,,2026-02-28
26123,2025,MI,0.9234527687296417,0.7320091175512863,0.827730943140464,False,True,True,False,,,,2026-02-28
26125,2025,MI,0.9234527687296417,0.678606317160534,0.8010295429450878,False,False,True,False,,,,2026-02-28
26127,2025,MI,0.9234527687296417,0.3422338000651254,0.6328432843973835,True,True,True,True,202.0,1.0,0.896870189840944,2026-02-28
26129,2025,MI,0.9234527687296417,0.823510257245197,0.8734815129874194,False,True,True,False,,,,2026-02-28
26131,2025,MI,0.9234527687296417,0.13383262780853142,0.5286426982690865,True,True,True,True,457.0,2.0,0.7660338635197537,2026-02-28
26133,2025,MI,0.9234527687296417,0.5532399869749267,0.7383463778522842,True,True,True,True,39.0,1.0,0.9805028219599795,2026-02-28
26135,2025,MI,0.9234527687296417,0.5317486160859655,0.7276006924078036,True,True,True,True,53.0,1.0,0.9733196511031298,2026-02-28
26137,2025,MI,0.9234527687296417,0.7994138717030284,0.861433320216335,False,True,True,False,,,,2026-02-28
26139,2025,MI,0.9234527687296417,0.6339954412243569,0.7787241049769993,True,True,True,True,12.0,1.0,0.9943560800410467,2026-02-28
26141,2025,MI,0.9234527687296417,0.9283620970367958,0.9259074328832188,False,True,True,False,,,,2026-02-28
26143,2025,MI,0.9234527687296417,0.6893520026050146,0.8064023856673281,False,True,True,False,,,,2026-02-28
26145,2025,MI,0.9234527687296417,0.9632041680234451,0.9433284683765434,False,True,True,False,,,,2026-02-28
26147,2025,MI,0.9234527687296417,0.6867469879518072,0.8050998783407244,False,True,True,False,,,,2026-02-28
26149,2025,MI,0.9234527687296417,0.6248778899381309,0.7741653293338863,True,True,True,True,13.0,1.0,0.9938429964084146,2026-02-28
26151,2025,MI,0.9234527687296417,0.1895148160208401,0.5564837923752409,True,True,True,True,375.0,1.0,0.8081067213955875,2026-02-28
26153,2025,MI,0.9234527687296417,0.35525887333116246,0.639355821030402,True,True,True,True,184.0,1.0,0.9061056952283222,2026-02-28
26155,2025,MI,0.9234527687296417,0.8521654184304787,0.8878090935800602,False,True,True,False,,,,2026-02-28
26157,2025,MI,0.9234527687296417,0.7889938130901987,0.8562232909099201,False,True,True,False,,,,2026-02-28
26159,2025,MI,0.9234527687296417,0.4855096059915337,0.7044811873605876,True,True,True,True,90.0,1.0,0.9543355566957414,2026-02-28
26161,2025,MI,0.9234527687296417,0.5822207749918593,0.7528367718607505,True,True,True,True,31.0,1.0,0.9846074910210364,2026-02-28
26163,2025,MI,0.9234527687296417,0.7720612178443503,0.8477569932869959,False,False,True,False,,,,2026-02-28
26165,2025,MI,0.9234527687296417,0.7821556496255292,0.8528042091775854,False,True,True,False,,,,2026-02-28
27001,2025,MN,0.24592833876221498,0.6082709215239336,0.4270996301430743,True,True,True,True,796.0,3.0,0.5920985120574653,2026-02-28
27003,2025,MN,0.24592833876221498,0.3865190491696516,0.3162236939659333,True,True,True,True,1156.0,3.0,0.40738840430990253,2026-02-28
27005,2025,MN,0.24592833876221498,0.597525236079453,0.42172678742083397,True,True,True,True,819.0,3.0,0.5802975885069266,2026-02-28
27007,2025,MN,0.24592833876221498,0.7323347443829371,0.48913154157257605,False,True,True,False,,,,2026-02-28
27009,2025,MN,0.24592833876221498,0.7401497883425594,0.4930390635523872,False,True,True,False,,,,2026-02-28
27011,2025,MN,0.24592833876221498,0.7629436665581244,0.5044360026601697,False,True,True,False,,,,2026-02-28
27013,2025,MN,0.24592833876221498,0.6548355584500163,0.45038194860611563,True,True,True,True,703.0,2.0,0.6398152898922524,2026-02-28
27015,2025,MN,0.24592833876221498,0.9316183653533051,0.58877335205776,False,True,True,False,,,,2026-02-28
27017,2025,MN,0.24592833876221498,0.8293715402149137,0.5376499394885643,False,True,True,False,,,,2026-02-28
27019,2025,MN,0.24592833876221498,0.29241289482253335,0.2691706167923742,True,True,True,True,1284.0,4.0,0.3417136993329913,2026-02-28
27021,2025,MN,0.24592833876221498,0.7759687398241615,0.5109485392931883,False,True,True,False,,,,2026-02-28
27023,2025,MN,0.24592833876221498,0.8179746011071313,0.5319514699346731,False,True,True,False,,,,2026-02-28
27025,2025,MN,0.24592833876221498,0.37023770758710517,0.3080830231746601,True,True,True,True,1179.0,4.0,0.3955874807593638,2026-02-28
27027,2025,MN,0.24592833876221498,0.5102572451970042,0.3780927919796096,True,True,True,True,957.0,3.0,0.5094920472036942,2026-02-28
27029,2025,MN,0.24592833876221498,0.9973949853467926,0.6216616620545038,False,True,True,False,,,,2026-02-28
27031,2025,MN,0.24592833876221498,0.7704330836860958,0.5081807112241554,False,True,True,False,,,,2026-02-28
27033,2025,MN,0.24592833876221498,0.4067079127320091,0.32631812574711205,True,True,True,True,1124.0,3.0,0.4238070805541303,2026-02-28
27035,2025,MN,0.24592833876221498,0.4702051449039401,0.3580667418330775,True,True,True,True,1010.0,3.0,0.4822986146741919,2026-02-28
27037,2025,MN,0.24592833876221498,0.35265385867795507,0.299291098720085,True,True,True,True,1207.0,4.0,0.38122113904566446,2026-02-28
27039,2025,MN,0.24592833876221498,0.5786388798436991,0.41228360930295704,True,True,True,True,851.0,3.0,0.5638789122626988,2026-02-28
27041,2025,MN,0.24592833876221498,0.6815369586453924,0.4637326487038037,False,True,True,False,,,,2026-02-28
27043,2025,MN,0.24592833876221498,0.8710517746662325,0.5584900567142237,False,True,True,False,,,,2026-02-28
27045,2025,MN,0.24592833876221498,0.5223054379680886,0.3841168883651518,True,True,True,True,935.0,3.0,0.5207798871216008,2026-02-28
27047,2025,MN,0.24592833876221498,0.7066102246825139,0.47626928172236443,False,True,True,False,,,,2026-02-28
27049,2025,MN,0.24592833876221498,0.5288179746011071,0.38737315668166106,True,True,True,True,927.0,3.0,0.5248845561826577,2026-02-28
27051,2025,MN,0.24592833876221498,0.6147834581569521,0.43035589845958355,True,True,True,True,783.0,3.0,0.5987685992816829,2026-02-28
27053,2025,MN,0.24592833876221498,0.35721263432106803,0.30157048654164154,True,False,True,False,,,,2026-02-28
27055,2025,MN,0.24592833876221498,0.9169651579290133,0.5814467483456142,False,True,True,False,,,,2026-02-28
27057,2025,MN,0.24592833876221498,0.5932920872679909,0.41961021301510293,True,True,True,True,825.0,3.0,0.5772190867111339,2026-02-28
27059,2025,MN,0.24592833876221498,0.4249430153044611,0.33543567703333804,True,True,True,True,1095.0,3.0,0.43868650590046177,2026-02-28
27061,2025,MN,0.24592833876221498,0.5779876261803972,0.4119579824713061,True,True,True,True,853.0,3.0,0.5628527449974345,2026-02-28
27063,2025,MN,0.24592833876221498,0.9361771409964181,0.5910527398793166,False,True,True,False,,,,2026-02-28
27065,2025,MN,0.24592833876221498,0.429827417779225,0.33787787827072,True,True,True,True,1087.0,3.0,0.4427911749615187,2026-02-28
27067,2025,MN,0.24592833876221498,0.6711169000325626,0.4585226193973888,False,True,True,False,,,,2026-02-28
27069,2025,MN,0.24592833876221498,0.2872028655161185,0.26656560213916675,True,True,True,True,1297.0,4.0,0.3350436121087737,2026-02-28
27071,2025,MN,0.24592833876221498,0.4672745034190817,0.35660142109064835,True,True,True,True,1017.0,3.0,0.4787070292457671,2026-02-28
27073,2025,MN,0.24592833876221498,0.9420384239661348,0.5939833813641748,False,True,True,False,,,,2026-02-28
27075,2025,MN,0.24592833876221498,0.7176815369586453,0.48180493786043016,False,True,True,False,,,,2026-02-28
27077,2025,MN,0.24592833876221498,0.4506675350048844,0.3482979368835497,True,True,True,True,1048.0,3.0,0.4628014366341714,2026-02-28
27079,2025,MN,0.24592833876221498,0.5346792575708238,0.3903037981665194,True,True,True,True,916.0,3.0,0.530528476141611,2026-02-28
27081,2025,MN,0.24592833876221498,0.904916965157929,0.575422651960072,False,True,True,False,,,,2026-02-28
27083,2025,MN,0.24592833876221498,0.6274829045913384,0.4367056216767767,True,True,True,True,763.0,2.0,0.6090302719343252,2026-02-28
27085,2025,MN,0.24592833876221498,0.7762943666558124,0.5111113527090136,False,True,True,False,,,,2026-02-28
27087,2025,MN,0.24592833876221498,0.4516444154998372,0.3487863771310261,True,True,True,True,1044.0,3.0,0.46485377116469984,2026-02-28
27089,2025,MN,0.24592833876221498,0.27613155323998695,0.26102994600110097,True,True,True,True,1309.0,4.0,0.3288866085171883,2026-02-28
27091,2025,MN,0.24592833876221498,0.828394659719961,0.537161499241088,False,True,True,False,,,,2026-02-28
27093,2025,MN,0.24592833876221498,0.7290784760664278,0.4875034074143214,False,True,True,False,,,,2026-02-28
27095,2025,MN,0.24592833876221498,0.538261152718984,0.3920947457405995,True,True,True,True,907.0,3.0,0.5351462288353002,2026-02-28
27097,2025,MN,0.24592833876221498,0.7844350374470856,0.5151816881046503,False,True,True,False,,,,2026-02-28
27099,2025,MN,0.24592833876221498,0.8264408987300553,0.5361846187461352,False,True,True,False,,,,2026-02-28
27101,2025,MN,0.24592833876221498,0.9469228264408988,0.5964255826015569,False,True,True,False,,,,2026-02-28
27103,2025,MN,0.24592833876221498,0.7466623249755779,0.49629533186889646,False,True,True,False,,,,2026-02-28
27105,2025,MN,0.24592833876221498,0.6431129925105828,0.4445206656363989,True,True,True,True,728.0,2.0,0.6269881990764494,2026-02-28
27107,2025,MN,0.24592833876221498,0.841419732985998,0.5436740358741066,False,True,True,False,,,,2026-02-28
27109,2025,MN,0.24592833876221498,0.5350048844024747,0.39046661158234486,True,True,True,True,914.0,3.0,0.5315546434068753,2026-02-28
27111,2025,MN,0.24592833876221498,0.7398241615109085,0.4928762501365617,False,True,True,False,,,,2026-02-28
27113,2025,MN,0.24592833876221498,0.07977857375447737,0.16285345625834619,True,True,True,True,1595.0,5.0,0.18214468958440225,2026-02-28
27115,2025,MN,0.24592833876221498,0.5141647671768154,0.3800465529695152,True,True,True,True,952.0,3.0,0.5120574653668548,2026-02-28
27117,2025,MN,0.24592833876221498,0.9378052751546727,0.5918668069584438,False,True,True,False,,,,2026-02-28
27119,2025,MN,0.24592833876221498,0.6737219146857701,0.45982512672399256,False,True,True,False,,,,2026-02-28
27121,2025,MN,0.24592833876221498,0.5750569846955389,0.41049266172887694,True,True,True,True,859.0,3.0,0.5597742432016418,2026-02-28
27123,2025,MN,0.24592833876221498,0.3627482904591338,0.3043383146106744,True,False,True,False,,,,2026-02-28
27125,2025,MN,0.24592833876221498,0.2184956040377727,0.23221197139999383,True,True,True,True,1393.0,4.0,0.2857875833760903,2026-02-28
27127,2025,MN,0.24592833876221498,0.6974926733962878,0.4717105060792514,False,True,True,False,,,,2026-02-28
27129,2025,MN,0.24592833876221498,0.732985998046239,0.489457168404227,False,True,True,False,,,,2026-02-28
27131,2025,MN,0.24592833876221498,0.6506024096385542,0.4482653742003846,True,True,True,True,709.0,2.0,0.6367367880964597,2026-02-28
27133,2025,MN,0.24592833876221498,0.9247802018886356,0.5853542703254253,False,True,True,False,,,,2026-02-28
27135,2025,MN,0.24592833876221498,0.2705958971019212,0.2582621179320681,True,True,True,True,1316.0,4.0,0.32529502308876346,2026-02-28
27137,2025,MN,0.24592833876221498,0.8319765548681212,0.5389524468151681,False,True,True,False,,,,2026-02-28
27139,2025,MN,0.24592833876221498,0.3344187561055031,0.29017354743385904,True,True,True,True,1231.0,4.0,0.3689071318624936,2026-02-28
27141,2025,MN,0.24592833876221498,0.4275480299576685,0.33673818435994174,True,True,True,True,1094.0,3.0,0.4391995895330939,2026-02-28
27143,2025,MN,0.24592833876221498,0.5493324649951156,0.3976304018786653,True,True,True,True,890.0,3.0,0.5438686505900462,2026-02-28
27145,2025,MN,0.24592833876221498,0.6971670465646369,0.47154769266342594,False,True,True,False,,,,2026-02-28
27147,2025,MN,0.24592833876221498,0.7743406056659069,0.5101344722140609,False,True,True,False,,,,2026-02-28
27149,2025,MN,0.24592833876221498,0.42005861282969714,0.33299347579595606,True,True,True,True,1102.0,3.0,0.43509492047203696,2026-02-28
27151,2025,MN,0.24592833876221498,0.8658417453598176,0.5558850420610163,False,True,True,False,,,,2026-02-28
27153,2025,MN,0.24592833876221498,0.5880820579615761,0.41700519836189553,True,True,True,True,833.0,3.0,0.573114417650077,2026-02-28
27155,2025,MN,0.24592833876221498,0.7254965809182676,0.4857124598402413,False,True,True,False,,,,2026-02-28
27157,2025,MN,0.24592833876221498,0.7460110713122762,0.4959697050372456,False,True,True,False,,,,2026-02-28
27159,2025,MN,0.24592833876221498,0.705958971019212,0.4759436548907135,False,True,True,False,,,,2026-02-28
27161,2025,MN,0.24592833876221498,0.6320416802344513,0.43898500949833313,True,True,True,True,751.0,2.0,0.6151872755259107,2026-02-28
27163,2025,MN,0.24592833876221498,0.3458156952132856,0.2958720169877503,True,True,True,True,1215.0,4.0,0.3771164699846075,2026-02-28
27165,2025,MN,0.24592833876221498,0.9967437316834907,0.6213360352228529,False,True,True,False,,,,2026-02-28
27167,2025,MN,0.24592833876221498,0.6463692608270921,0.44614879979465355,True,True,True,True,721.0,2.0,0.6305797845048743,2026-02-28
27169,2025,MN,0.24592833876221498,0.8811462064474113,0.5635372726048131,False,True,True,False,,,,2026-02-28
27171,2025,MN,0.24592833876221498,0.3946597199609248,0.3202940293615699,True,True,True,True,1145.0,3.0,0.41303232426885583,2026-02-28
27173,2025,MN,0.24592833876221498,0.42950179094757407,0.33771506485489455,True,True,True,True,1091.0,3.0,0.44073884043099026,2026-02-28
28001,2025,MS,0.21872964169381107,0.014001953760989906,0.11636579772740048,True,True,True,True,1729.0,5.0,0.11339148281169831,2026-02-28
28003,2025,MS,0.21872964169381107,0.4184304786714425,0.3185800601826268,True,True,True,True,1150.0,3.0,0.41046690610569525,2026-02-28
28005,2025,MS,0.21872964169381107,0.08303484207098664,0.15088224188239885,True,True,True,True,1629.0,5.0,0.1646998460749102,2026-02-28
28007,2025,MS,0.21872964169381107,0.016932595245848257,0.11783111846982966,True,True,True,True,1726.0,5.0,0.11493073370959467,2026-02-28
28009,2025,MS,0.21872964169381107,0.3972647346141322,0.30799718815397165,True,True,True,True,1180.0,4.0,0.39507439712673165,2026-02-28
28011,2025,MS,0.21872964169381107,0.03321393682839466,0.12597178926110286,True,True,True,True,1701.0,5.0,0.12775782452539763,2026-02-28
28013,2025,MS,0.21872964169381107,0.10387495929664604,0.16130230049522856,True,True,True,True,1599.0,5.0,0.18009235505387378,2026-02-28
28015,2025,MS,0.21872964169381107,0.04005210029306415,0.1293908709934376,True,True,True,True,1688.0,5.0,0.1344279117496152,2026-02-28
28017,2025,MS,0.21872964169381107,0.2357538261152719,0.2272417339045415,True,True,True,True,1408.0,4.0,0.27809132888660854,2026-02-28
28019,2025,MS,0.21872964169381107,0.03614457831325301,0.12743711000353203,True,True,True,True,1693.0,5.0,0.1318624935864546,2026-02-28
28021,2025,MS,0.21872964169381107,0.008466297622924128,0.1135979696583676,True,True,True,True,1737.0,5.0,0.10928681375064135,2026-02-28
28023,2025,MS,0.21872964169381107,0.06479973949853468,0.14176469059617286,True,True,True,True,1651.0,5.0,0.1534120061570036,2026-02-28
28025,2025,MS,0.21872964169381107,0.09964181048518397,0.15918572608949752,True,True,True,True,1607.0,5.0,0.17598768599281683,2026-02-28
28027,2025,MS,0.21872964169381107,0.005861282969716704,0.11229546233176388,True,True,True,True,1740.0,5.0,0.10774756285274499,2026-02-28
28029,2025,MS,0.21872964169381107,0.2588733311624878,0.2388014864281494,True,True,True,True,1381.0,4.0,0.2919445869676757,2026-02-28
28031,2025,MS,0.21872964169381107,0.24584825789645068,0.23228894979513087,True,True,True,True,1392.0,4.0,0.2863006670087224,2026-02-28
28033,2025,MS,0.21872964169381107,0.2709215239335721,0.2448255828136916,True,True,True,True,1356.0,4.0,0.3047716777834787,2026-02-28
28035,2025,MS,0.21872964169381107,0.3353956366004559,0.27706263914713347,True,True,True,True,1257.0,4.0,0.35556695741405847,2026-02-28
28037,2025,MS,0.21872964169381107,0.06056659068707262,0.13964811619044185,True,True,True,True,1655.0,5.0,0.15135967162647512,2026-02-28
28039,2025,MS,0.21872964169381107,0.46173884728101594,0.3402342444874135,True,True,True,True,1076.0,3.0,0.448435094920472,2026-02-28
28041,2025,MS,0.21872964169381107,0.873005535656138,0.5458675886749745,False,True,True,False,,,,2026-02-28
28043,2025,MS,0.21872964169381107,0.32237056333441877,0.27055010251411493,True,True,True,True,1281.0,4.0,0.34325295023088764,2026-02-28
28045,2025,MS,0.21872964169381107,0.17942038423966133,0.1990750129667362,True,True,True,True,1485.0,4.0,0.23858388917393536,2026-02-28
28047,2025,MS,0.21872964169381107,0.3171605340280039,0.2679450878609075,True,True,True,True,1293.0,4.0,0.3370959466393022,2026-02-28
28049,2025,MS,0.21872964169381107,0.05437968088570498,0.13655466128975802,True,True,True,True,1667.0,5.0,0.14520266803488968,2026-02-28
28051,2025,MS,0.21872964169381107,0.019211983067404754,0.11897081238060792,True,True,True,True,1722.0,5.0,0.11698306824012314,2026-02-28
28053,2025,MS,0.21872964169381107,0.14881146206447413,0.1837705518791426,True,True,True,True,1532.0,4.0,0.21446895844022576,2026-02-28
28057,2025,MS,0.21872964169381107,0.31878866818625856,0.26875915494003483,True,True,True,True,1288.0,4.0,0.3396613648024628,2026-02-28
28059,2025,MS,0.21872964169381107,0.4601107131227613,0.33942017740828617,True,True,True,True,1080.0,3.0,0.44638276038994357,2026-02-28
28061,2025,MS,0.21872964169381107,0.06642787365678932,0.1425787576753002,True,True,True,True,1648.0,5.0,0.15495125705489995,2026-02-28
28063,2025,MS,0.21872964169381107,0.0032562683165092803,0.11099295500516017,True,True,True,True,1744.0,5.0,0.10569522832221652,2026-02-28
28065,2025,MS,0.21872964169381107,0.08889612504070335,0.1538128833672572,True,True,True,True,1617.0,5.0,0.17085684966649564,2026-02-28
28067,2025,MS,0.21872964169381107,0.1484858352328232,0.18360773846331713,True,True,True,True,1535.0,4.0,0.2129297075423294,2026-02-28
28069,2025,MS,0.21872964169381107,0.05307717355910127,0.13590340762645617,True,True,True,True,1669.0,5.0,0.14417650076962546,2026-02-28
28071,2025,MS,0.21872964169381107,0.9990231195050472,0.6088763805994292,False,True,True,False,,,,2026-02-28
28073,2025,MS,0.21872964169381107,0.7456854444806252,0.48220754308721814,False,True,True,False,,,,2026-02-28
28075,2025,MS,0.21872964169381107,0.1299251058287203,0.17432737376126567,True,True,True,True,1559.0,4.0,0.20061570035915854,2026-02-28
28077,2025,MS,0.21872964169381107,0.03028329534353631,0.12450646851867368,True,True,True,True,1704.0,5.0,0.12621857362750127,2026-02-28
28079,2025,MS,0.21872964169381107,0.29338977531748617,0.25605970850564863,True,True,True,True,1320.0,4.0,0.323242688558235,2026-02-28
28081,2025,MS,0.21872964169381107,0.6864213611201563,0.45257550140698366,False,True,True,False,,,,2026-02-28
28083,2025,MS,0.21872964169381107,0.009443178117876913,0.11408640990584398,True,True,True,True,1734.0,5.0,0.11082606464853771,2026-02-28
28085,2025,MS,0.21872964169381107,0.15597525236079454,0.1873524470273028,True,True,True,True,1521.0,4.0,0.22011287839917906,2026-02-28
28087,2025,MS,0.21872964169381107,0.5591012699446435,0.38891545581922726,True,True,True,True,920.0,3.0,0.5284761416110826,2026-02-28
28089,2025,MS,0.21872964169381107,0.5275154672745034,0.3731225544841572,True,True,True,True,971.0,3.0,0.5023088763468445,2026-02-28
28091,2025,MS,0.21872964169381107,0.1732334744382937,0.19598155806605239,True,True,True,True,1495.0,4.0,0.23345305284761417,2026-02-28
28093,2025,MS,0.21872964169381107,0.4431781178769131,0.33095387978536206,True,True,True,True,1112.0,3.0,0.42996408414571574,2026-02-28
28095,2025,MS,0.21872964169381107,0.2780853142298925,0.2484074779618518,True,True,True,True,1350.0,4.0,0.3078501795792714,2026-02-28
28097,2025,MS,0.21872964169381107,0.07131227613155323,0.14502095891268216,True,True,True,True,1642.0,5.0,0.15802975885069268,2026-02-28
28099,2025,MS,0.21872964169381107,0.08075545424943015,0.14974254797162062,True,True,True,True,1634.0,5.0,0.16213442791174962,2026-02-28
28101,2025,MS,0.21872964169381107,0.0778248127645718,0.14827722722919143,True,True,True,True,1637.0,5.0,0.16059517701385326,2026-02-28
28103,2025,MS,0.21872964169381107,0.04884402474763921,0.13378683322072513,True,True,True,True,1676.0,5.0,0.14058491534120063,2026-02-28
28105,2025,MS,0.21872964169381107,0.737544773689352,0.4781372076915815,False,True,True,False,,,,2026-02-28
28107,2025,MS,0.21872964169381107,0.1230869423640508,0.17090829202893093,True,True,True,True,1570.0,5.0,0.19497178040020524,2026-02-28
28109,2025,MS,0.21872964169381107,0.606317160534028,0.4125234011139195,True,True,True,True,850.0,3.0,0.564391995895331,2026-02-28
28111,2025,MS,0.21872964169381107,0.1579290133507001,0.18832932752225556,True,True,True,True,1519.0,4.0,0.2211390456644433,2026-02-28
28113,2025,MS,0.21872964169381107,0.040703353956366005,0.12971649782508854,True,True,True,True,1686.0,5.0,0.13545407901487944,2026-02-28
28115,2025,MS,0.21872964169381107,0.4268967762943667,0.3228132089940889,True,True,True,True,1135.0,3.0,0.418163160595177,2026-02-28
28117,2025,MS,0.21872964169381107,0.10680560078150439,0.16276762123765773,True,True,True,True,1596.0,5.0,0.18163160595177014,2026-02-28
28121,2025,MS,0.21872964169381107,0.4812764571800716,0.3500030494369413,True,True,True,True,1038.0,3.0,0.46793227296049256,2026-02-28
28123,2025,MS,0.21872964169381107,0.23054379680885706,0.22463671925133405,True,True,True,True,1412.0,4.0,0.27603899435608004,2026-02-28
28125,2025,MS,0.21872964169381107,0.029957668511885378,0.12434365510284823,True,True,True,True,1706.0,5.0,0.12519240636223705,2026-02-28
28127,2025,MS,0.21872964169381107,0.16639531097362423,0.19256247633371765,True,True,True,True,1503.0,4.0,0.2293483837865572,2026-02-28
28129,2025,MS,0.21872964169381107,0.10029306414848584,0.15951135292114846,True,True,True,True,1604.0,5.0,0.1775269368907132,2026-02-28
28131,2025,MS,0.21872964169381107,0.4063822859003582,0.3125559637970846,True,True,True,True,1166.0,3.0,0.4022575679835813,2026-02-28
28133,2025,MS,0.21872964169381107,0.023445131878866817,0.12108738678633894,True,True,True,True,1715.0,5.0,0.12057465366854797,2026-02-28
28135,2025,MS,0.21872964169381107,0.009117551286225985,0.11392359649001853,True,True,True,True,1735.0,5.0,0.11031298101590559,2026-02-28
28137,2025,MS,0.21872964169381107,0.5135135135135135,0.36612157760366226,True,True,True,True,988.0,3.0,0.4935864545920985,2026-02-28
28139,2025,MS,0.21872964169381107,0.15434711820253988,0.18653837994817546,True,True,True,True,1524.0,4.0,0.2185736275012827,2026-02-28
28141,2025,MS,0.21872964169381107,0.49202214262455224,0.35537589215918164,True,True,True,True,1023.0,3.0,0.47562852744997436,2026-02-28
28143,2025,MS,0.21872964169381107,0.17062845978508628,0.1946790507394487,True,True,True,True,1497.0,4.0,0.23242688558234992,2026-02-28
28145,2025,MS,0.21872964169381107,0.2321719309671117,0.2254507863304614,True,True,True,True,1410.0,4.0,0.27706516162134426,2026-02-28
28147,2025,MS,0.21872964169381107,0.15043959622272876,0.1845846189582699,True,True,True,True,1531.0,4.0,0.21498204207285787,2026-02-28
28149,2025,MS,0.21872964169381107,0.19472484532725495,0.206727243510533,True,True,True,True,1467.0,4.0,0.2478193945613135,2026-02-28
28151,2025,MS,0.21872964169381107,0.0013025073266037122,0.1100160745102074,True,True,True,True,1746.0,5.0,0.10466906105695228,2026-02-28
28153,2025,MS,0.21872964169381107,0.17551286225985022,0.19712125197683064,True,True,True,True,1491.0,4.0,0.23550538737814264,2026-02-28
28155,2025,MS,0.21872964169381107,0.09573428850537284,0.15723196509959195,True,True,True,True,1610.0,5.0,0.17444843509492047,2026-02-28
28157,2025,MS,0.21872964169381107,0.07652230543796809,0.14762597356588958,True,True,True,True,1639.0,5.0,0.159569009748589,2026-02-28
28159,2025,MS,0.21872964169381107,0.14197329859980462,0.18035147014680786,True,True,True,True,1539.0,4.0,0.21087737301180093,2026-02-28
28161,2025,MS,0.21872964169381107,0.07717355910126994,0.14795160039754052,True,True,True,True,1638.0,5.0,0.16008209338122115,2026-02-28
28163,2025,MS,0.21872964169381107,0.10908498860306089,0.16390731514843598,True,True,True,True,1590.0,5.0,0.18471010774756286,2026-02-28
29001,2025,MO,0.6289902280130293,0.6655812438944969,0.6472857359537632,True,True,True,True,169.0,1.0,0.913801949717804,2026-02-28
29003,2025,MO,0.6289902280130293,0.9225008140670792,0.7757455210400542,False,True,True,False,,,,2026-02-28
29005,2025,MO,0.6289902280130293,0.43861934223380006,0.5338047851234147,True,True,True,True,433.0,2.0,0.7783478707029245,2026-02-28
29007,2025,MO,0.6289902280130293,0.9426896776294367,0.785839952821233,False,True,True,False,,,,2026-02-28
29009,2025,MO,0.6289902280130293,0.7489417127971345,0.6889659704050819,False,True,True,False,,,,2026-02-28
29011,2025,MO,0.6289902280130293,0.7639205470530772,0.6964553875330532,False,True,True,False,,,,2026-02-28
29013,2025,MO,0.6289902280130293,0.5310973624226636,0.5800437952178464,True,True,True,True,311.0,1.0,0.8409440738840431,2026-02-28
29015,2025,MO,0.6289902280130293,0.22044936502767828,0.4247197965203538,True,True,True,True,802.0,3.0,0.5890200102616726,2026-02-28
29017,2025,MO,0.6289902280130293,0.2367307066102247,0.432860467311627,True,True,True,True,773.0,2.0,0.6038994356080041,2026-02-28
29019,2025,MO,0.6289902280130293,0.6554868121133182,0.6422385200631737,True,True,True,True,175.0,1.0,0.9107234479220113,2026-02-28
29021,2025,MO,0.6289902280130293,0.877889938130902,0.7534400830719656,False,True,True,False,,,,2026-02-28
29023,2025,MO,0.6289902280130293,0.7440573103223705,0.6865237691677,False,True,True,False,,,,2026-02-28
29025,2025,MO,0.6289902280130293,0.9697167046564636,0.7993534663347465,False,True,True,False,,,,2026-02-28
29027,2025,MO,0.6289902280130293,0.5796157603386519,0.6043029941758407,True,True,True,True,256.0,1.0,0.8691636736788096,2026-02-28
29029,2025,MO,0.6289902280130293,0.25854770433083685,0.44376896617193307,True,True,True,True,731.0,2.0,0.6254489481785531,2026-02-28
29031,2025,MO,0.6289902280130293,0.6089221751872355,0.6189562016001324,True,True,True,True,232.0,1.0,0.8814776808619805,2026-02-28
29033,2025,MO,0.6289902280130293,0.8085314229892543,0.7187608255011417,False,True,True,False,,,,2026-02-28
29035,2025,MO,0.6289902280130293,0.044610875936177144,0.33680055197460324,True,True,True,True,1093.0,3.0,0.439712673165726,2026-02-28
29037,2025,MO,0.6289902280130293,0.5871051774666233,0.6080477027398263,True,True,True,True,250.0,1.0,0.8722421754746024,2026-02-28
29039,2025,MO,0.6289902280130293,0.8202539889286877,0.7246221084708585,False,True,True,False,,,,2026-02-28
29041,2025,MO,0.6289902280130293,0.005210029306414849,0.3171001286597221,True,True,True,True,1154.0,3.0,0.40841457157516675,2026-02-28
29043,2025,MO,0.6289902280130293,0.40898730055356564,0.5189887642832974,True,True,True,True,492.0,2.0,0.7480759363776296,2026-02-28
29045,2025,MO,0.6289902280130293,0.2546401823510257,0.4418152051820275,True,True,True,True,741.0,2.0,0.620318111852232,2026-02-28
29047,2025,MO,0.6289902280130293,0.5773363725170955,0.6031633002650624,True,True,True,True,259.0,1.0,0.8676244227809133,2026-02-28
29049,2025,MO,0.6289902280130293,0.8423966134809509,0.7356934207469901,False,True,True,False,,,,2026-02-28
29051,2025,MO,0.6289902280130293,0.9081732334744383,0.7685817307437338,False,True,True,False,,,,2026-02-28
29053,2025,MO,0.6289902280130293,0.29111038749592966,0.46005030775447947,True,True,True,True,678.0,2.0,0.6526423807080554,2026-02-28
29055,2025,MO,0.6289902280130293,0.556496255291436,0.5927432416522327,True,True,True,True,283.0,1.0,0.8553104155977425,2026-02-28
29057,2025,MO,0.6289902280130293,0.8355584500162814,0.7322743390146553,False,True,True,False,,,,2026-02-28
29059,2025,MO,0.6289902280130293,0.4864864864864865,0.5577383572497578,True,True,True,True,371.0,1.0,0.8101590559261159,2026-02-28
29061,2025,MO,0.6289902280130293,0.9944643438619343,0.8117272859374818,False,True,True,False,,,,2026-02-28
29063,2025,MO,0.6289902280130293,0.32692933897753174,0.4779597834952805,True,True,True,True,614.0,2.0,0.685479733196511,2026-02-28
29065,2025,MO,0.6289902280130293,0.7017258222077499,0.6653580251103897,False,True,True,False,,,,2026-02-28
29067,2025,MO,0.6289902280130293,0.647020514490394,0.6380053712517116,True,True,True,True,188.0,1.0,0.9040533606977937,2026-02-28
29069,2025,MO,0.6289902280130293,0.06805600781504396,0.3485231179140366,True,True,True,True,1047.0,3.0,0.4633145202668035,2026-02-28
29071,2025,MO,0.6289902280130293,0.6457180071637902,0.6373541175884098,True,True,True,True,190.0,1.0,0.9030271934325295,2026-02-28
29073,2025,MO,0.6289902280130293,0.6209703679583197,0.6249802979856744,True,True,True,True,218.0,1.0,0.8886608517188301,2026-02-28
29075,2025,MO,0.6289902280130293,0.6310647997394986,0.6300275138762639,True,True,True,True,209.0,1.0,0.8932786044125193,2026-02-28
29077,2025,MO,0.6289902280130293,0.5180722891566265,0.5735312585848279,True,True,True,True,332.0,1.0,0.8301693175987686,2026-02-28
29079,2025,MO,0.6289902280130293,0.9921849560403777,0.8105875920267035,False,True,True,False,,,,2026-02-28
29081,2025,MO,0.6289902280130293,0.9303158580267014,0.7796530430198654,False,True,True,False,,,,2026-02-28
29083,2025,MO,0.6289902280130293,0.4425268642136112,0.5357585461133203,True,True,True,True,426.0,2.0,0.7819394561313494,2026-02-28
29085,2025,MO,0.6289902280130293,0.5128622598502116,0.5709262439316205,True,True,True,True,337.0,1.0,0.827603899435608,2026-02-28
29089,2025,MO,0.6289902280130293,0.8772386844676001,0.7531144562403147,False,True,True,False,,,,2026-02-28
29091,2025,MO,0.6289902280130293,0.8485835232823185,0.7387868756476739,False,True,True,False,,,,2026-02-28
29093,2025,MO,0.6289902280130293,0.38619342233800064,0.5075918251755149,True,True,True,True,532.0,2.0,0.7275525910723448,2026-02-28
29095,2025,MO,0.6289902280130293,0.5818951481602084,0.6054426880866188,True,False,True,False,,,,2026-02-28
29097,2025,MO,0.6289902280130293,0.6434386193422338,0.6362144236776315,True,True,True,True,195.0,1.0,0.9004617752693689,2026-02-28
29099,2025,MO,0.6289902280130293,0.7616411592315206,0.695315693622275,False,True,True,False,,,,2026-02-28
29101,2025,MO,0.6289902280130293,0.5506349723217193,0.5898126001673742,True,True,True,True,289.0,1.0,0.8522319138019497,2026-02-28
29103,2025,MO,0.6289902280130293,0.9628785411917942,0.7959343846024117,False,True,True,False,,,,2026-02-28
29105,2025,MO,0.6289902280130293,0.6502767828069033,0.6396335054099662,True,True,True,True,180.0,1.0,0.9081580297588507,2026-02-28
29107,2025,MO,0.6289902280130293,0.9159882774340605,0.772489252723545,False,True,True,False,,,,2026-02-28
29109,2025,MO,0.6289902280130293,0.5555193747964833,0.5922548014047563,True,True,True,True,284.0,1.0,0.8547973319651103,2026-02-28
29111,2025,MO,0.6289902280130293,0.9488765874308043,0.7889334077219168,False,True,True,False,,,,2026-02-28
29113,2025,MO,0.6289902280130293,0.7411266688375122,0.6850584484252707,False,True,True,False,,,,2026-02-28
29115,2025,MO,0.6289902280130293,0.8684467600130251,0.7487184940130271,False,True,True,False,,,,2026-02-28
29117,2025,MO,0.6289902280130293,0.945620319114295,0.7873052735636621,False,True,True,False,,,,2026-02-28
29119,2025,MO,0.6289902280130293,0.5731032237056334,0.6010467258593313,True,True,True,True,266.0,1.0,0.8640328373524885,2026-02-28
29121,2025,MO,0.6289902280130293,0.7434060566590687,0.686198142336049,False,True,True,False,,,,2026-02-28
29123,2025,MO,0.6289902280130293,0.6532074242917616,0.6410988261523954,True,True,True,True,176.0,1.0,0.9102103642893792,2026-02-28
29125,2025,MO,0.6289902280130293,0.8482578964506675,0.7386240622318484,False,True,True,False,,,,2026-02-28
29127,2025,MO,0.6289902280130293,0.9374796483230218,0.7832349381680255,False,True,True,False,,,,2026-02-28
29129,2025,MO,0.6289902280130293,0.8362097036795832,0.7325999658463063,False,True,True,False,,,,2026-02-28
29131,2025,MO,0.6289902280130293,0.8316509280364702,0.7303205780247497,False,True,True,False,,,,2026-02-28
29133,2025,MO,0.6289902280130293,0.16444154998371865,0.39671588899837396,True,True,True,True,892.0,3.0,0.5428424833247819,2026-02-28
29135,2025,MO,0.6289902280130293,0.7912732009117551,0.7101317144623922,False,True,True,False,,,,2026-02-28
29137,2025,MO,0.6289902280130293,0.954737870400521,0.7918640492067752,False,True,True,False,,,,2026-02-28
29139,2025,MO,0.6289902280130293,0.30478671442526867,0.466888471219149,True,True,True,True,652.0,2.0,0.6659825551564905,2026-02-28
29141,2025,MO,0.6289902280130293,0.11494627157277759,0.37196824979290344,True,True,True,True,973.0,3.0,0.5012827090815803,2026-02-28
29143,2025,MO,0.6289902280130293,0.217193096711169,0.42309166236209916,True,True,True,True,812.0,3.0,0.5838891739353514,2026-02-28
29145,2025,MO,0.6289902280130293,0.7163790296320417,0.6726846288225354,False,True,True,False,,,,2026-02-28
29147,2025,MO,0.6289902280130293,0.47443829371540214,0.5517142608642157,True,True,True,True,390.0,1.0,0.8004104669061057,2026-02-28
29149,2025,MO,0.6289902280130293,0.2982741777922501,0.4636322029026397,True,True,True,True,666.0,2.0,0.6587993842996408,2026-02-28
29151,2025,MO,0.6289902280130293,0.7486160859654836,0.6888031569892564,False,True,True,False,,,,2026-02-28
29153,2025,MO,0.6289902280130293,0.7251709540866167,0.677080591049823,False,True,True,False,,,,2026-02-28
29155,2025,MO,0.6289902280130293,0.05665906870726148,0.34282464836014537,True,True,True,True,1065.0,3.0,0.45407901487942537,2026-02-28
29157,2025,MO,0.6289902280130293,0.8274177792250081,0.7282040036190187,False,True,True,False,,,,2026-02-28
29159,2025,MO,0.6289902280130293,0.9023119505047216,0.7656510892588755,False,True,True,False,,,,2026-02-28
29161,2025,MO,0.6289902280130293,0.7544773689352002,0.6917337984741148,False,True,True,False,,,,2026-02-28
29163,2025,MO,0.6289902280130293,0.7876913057635949,0.7083407668883122,False,True,True,False,,,,2026-02-28
29165,2025,MO,0.6289902280130293,0.524584825789645,0.5767875269013372,True,True,True,True,321.0,1.0,0.8358132375577219,2026-02-28
29167,2025,MO,0.6289902280130293,0.5988277434060567,0.613908985709543,True,True,True,True,236.0,1.0,0.879425346331452,2026-02-28
29169,2025,MO,0.6289902280130293,0.8997069358515142,0.7643485819322717,False,True,True,False,,,,2026-02-28
29171,2025,MO,0.6289902280130293,0.7121458808205796,0.6705680544168044,False,True,True,False,,,,2026-02-28
29173,2025,MO,0.6289902280130293,0.9104526212959948,0.7697214246545121,False,True,True,False,,,,2026-02-28
29175,2025,MO,0.6289902280130293,0.9062194724845327,0.767604850248781,False,True,True,False,,,,2026-02-28
29177,2025,MO,0.6289902280130293,0.8726799088244871,0.7508350684187581,False,True,True,False,,,,2026-02-28
29179,2025,MO,0.6289902280130293,0.18365353305112342,0.40632188053207635,True,True,True,True,871.0,3.0,0.5536172396100565,2026-02-28
29181,2025,MO,0.6289902280130293,0.085965483555845,0.35747785578443714,True,True,True,True,1012.0,3.0,0.48127244740892766,2026-02-28
29183,2025,MO,0.6289902280130293,0.5691957017258222,0.5990929648694258,True,True,True,True,273.0,1.0,0.8604412519240636,2026-02-28
29185,2025,MO,0.6289902280130293,0.7697818300227939,0.6993860290179116,False,True,True,False,,,,2026-02-28
29186,2025,MO,0.6289902280130293,0.9465971996092478,0.7877937138111386,False,True,True,False,,,,2026-02-28
29187,2025,MO,0.6289902280130293,0.5985021165744058,0.6137461722937175,True,True,True,True,237.0,1.0,0.87891226269882,2026-02-28
29189,2025,MO,0.6289902280130293,0.620319114295018,0.6246546711540236,True,False,True,False,,,,2026-02-28
29195,2025,MO,0.6289902280130293,0.26571149462715726,0.4473508613200933,True,True,True,True,716.0,2.0,0.6331452026680349,2026-02-28
29197,2025,MO,0.6289902280130293,0.21816997720612177,0.4235801026095755,True,True,True,True,809.0,3.0,0.5854284248332479,2026-02-28
29199,2025,MO,0.6289902280130293,0.0592640833604689,0.3441271556867491,True,True,True,True,1061.0,3.0,0.4561313494099538,2026-02-28
29201,2025,MO,0.6289902280130293,0.21686746987951808,0.4229288489462737,True,True,True,True,813.0,3.0,0.5833760903027193,2026-02-28
29203,2025,MO,0.6289902280130293,0.3904265711494627,0.509708399581246,True,True,True,True,525.0,2.0,0.7311441765007696,2026-02-28
29205,2025,MO,0.6289902280130293,0.995441224356887,0.8122157261849581,False,True,True,False,,,,2026-02-28
29207,2025,MO,0.6289902280130293,0.2745034190817323,0.4517468235473808,True,True,True,True,698.0,2.0,0.642380708055413,2026-02-28
29209,2025,MO,0.6289902280130293,0.25594268967762945,0.44246645884532937,True,True,True,True,736.0,2.0,0.6228835300153925,2026-02-28
29211,2025,MO,0.6289902280130293,0.034190817323347444,0.33159052266818834,True,True,True,True,1110.0,3.0,0.43099025141097996,2026-02-28
29213,2025,MO,0.6289902280130293,0.19667860631716053,0.4128344171650949,True,True,True,True,849.0,3.0,0.5649050795279631,2026-02-28
29215,2025,MO,0.6289902280130293,0.7245197004233149,0.676754964218172,False,True,True,False,,,,2026-02-28
29217,2025,MO,0.6289902280130293,0.9980462390100945,0.8135182335115618,False,True,True,False,,,,2026-02-28
29219,2025,MO,0.6289902280130293,0.6753500488440247,0.652170138428527,False,True,True,False,,,,2026-02-28
29221,2025,MO,0.6289902280130293,0.4939759036144578,0.5614830658137435,True,True,True,True,358.0,1.0,0.8168291431503335,2026-02-28
29223,2025,MO,0.6289902280130293,0.267014001953761,0.44800211498339515,True,True,True,True,712.0,2.0,0.6351975371985633,2026-02-28
29225,2025,MO,0.6289902280130293,0.4128948225333767,0.520942525273203,True,True,True,True,480.0,2.0,0.754232939969215,2026-02-28
29229,2025,MO,0.6289902280130293,0.15499837186584176,0.3919942999394355,True,True,True,True,908.0,3.0,0.534633145202668,2026-02-28
29510,2025,MO,0.6289902280130293,0.5060240963855421,0.5675071621992858,True,False,True,False,,,,2026-02-28
30001,2025,MT,0.4395765472312704,0.5421686746987951,0.49087261096503276,True,True,True,True,581.0,2.0,0.7024114930733709,2026-02-28
30003,2025,MT,0.4395765472312704,0.5509605991533703,0.4952685731923203,True,True,True,True,564.0,2.0,0.7111339148281169,2026-02-28
30005,2025,MT,0.4395765472312704,0.9387821556496255,0.689179351440448,False,True,True,False,,,,2026-02-28
30007,2025,MT,0.4395765472312704,0.5897101921198307,0.5146433696755506,True,True,True,True,504.0,2.0,0.7419189327860441,2026-02-28
30009,2025,MT,0.4395765472312704,0.7958319765548681,0.6177042618930693,False,True,True,False,,,,2026-02-28
30011,2025,MT,0.4395765472312704,0.9029632041680234,0.6712698756996469,False,True,True,False,,,,2026-02-28
30013,2025,MT,0.4395765472312704,0.9475740801042006,0.6935753136677355,False,True,True,False,,,,2026-02-28
30015,2025,MT,0.4395765472312704,0.972972972972973,0.7062747601021218,False,True,True,False,,,,2026-02-28
30017,2025,MT,0.4395765472312704,0.34907196352979486,0.3943242553805326,True,True,True,True,900.0,3.0,0.538737814263725,2026-02-28
30019,2025,MT,0.4395765472312704,0.09671116900032563,0.268143858115798,True,True,True,True,1292.0,4.0,0.33760903027193434,2026-02-28
30021,2025,MT,0.4395765472312704,0.36437642461738845,0.40197648592432944,True,True,True,True,882.0,3.0,0.5479733196511031,2026-02-28
30023,2025,MT,0.4395765472312704,0.8251383914034517,0.632357469317361,False,True,True,False,,,,2026-02-28
30025,2025,MT,0.4395765472312704,0.14067079127320092,0.29012366925223565,True,True,True,True,1232.0,4.0,0.3683940482298615,2026-02-28
30027,2025,MT,0.4395765472312704,0.9179420384239662,0.6787592928276183,False,True,True,False,,,,2026-02-28
30029,2025,MT,0.4395765472312704,0.2702702702702703,0.35492340875077033,True,True,True,True,1026.0,3.0,0.474089276552078,2026-02-28
30031,2025,MT,0.4395765472312704,0.31781178769130575,0.37869416746128803,True,True,True,True,956.0,3.0,0.5100051308363264,2026-02-28
30033,2025,MT,0.4395765472312704,1.0,0.7197882736156351,False,True,True,False,,,,2026-02-28
30035,2025,MT,0.4395765472312704,0.6584174535981765,0.5489970004147234,True,True,True,True,395.0,2.0,0.7978450487429452,2026-02-28
30037,2025,MT,0.4395765472312704,0.34125691957017257,0.39041673340072147,True,True,True,True,915.0,3.0,0.5310415597742432,2026-02-28
30039,2025,MT,0.4395765472312704,0.34776945620319116,0.39367300171723074,True,True,True,True,903.0,3.0,0.5371985633658286,2026-02-28
30041,2025,MT,0.4395765472312704,0.6271572777596874,0.533366912495479,True,True,True,True,434.0,2.0,0.7778347870702924,2026-02-28
30043,2025,MT,0.4395765472312704,0.7531748616085966,0.5963757044199335,False,True,True,False,,,,2026-02-28
30045,2025,MT,0.4395765472312704,0.8394659719960925,0.6395212596136814,False,True,True,False,,,,2026-02-28
30047,2025,MT,0.4395765472312704,0.36958645392380335,0.40458150057753683,True,True,True,True,875.0,3.0,0.5515649050795279,2026-02-28
30049,2025,MT,0.4395765472312704,0.5825464018235103,0.5110614745273903,True,True,True,True,517.0,2.0,0.7352488455618266,2026-02-28
30051,2025,MT,0.4395765472312704,0.7450341908173234,0.5923053690242969,False,True,True,False,,,,2026-02-28
30053,2025,MT,0.4395765472312704,0.6818625854770433,0.5607195663541569,False,True,True,False,,,,2026-02-28
30055,2025,MT,0.4395765472312704,0.9749267339628785,0.7072516405970745,False,True,True,False,,,,2026-02-28
30057,2025,MT,0.4395765472312704,0.3591663953109736,0.399371471271122,True,True,True,True,886.0,3.0,0.5459209851205746,2026-02-28
30059,2025,MT,0.4395765472312704,0.7417779225008141,0.5906772348660423,False,True,True,False,,,,2026-02-28
30061,2025,MT,0.4395765472312704,0.41745359817648975,0.42851507270388006,True,True,True,True,789.0,3.0,0.5956900974858902,2026-02-28
30063,2025,MT,0.4395765472312704,0.4969065450993162,0.4682415461652933,True,True,True,True,646.0,2.0,0.6690610569522832,2026-02-28
30065,2025,MT,0.4395765472312704,0.21979811136437644,0.3296873292978234,True,True,True,True,1116.0,3.0,0.4279117496151873,2026-02-28
30067,2025,MT,0.4395765472312704,0.25301204819277107,0.3462942977120207,True,True,True,True,1054.0,3.0,0.45972293483837867,2026-02-28
30069,2025,MT,0.4395765472312704,0.9325952458482579,0.6860858965397642,False,True,True,False,,,,2026-02-28
30071,2025,MT,0.4395765472312704,0.6577661999348746,0.5486713735830725,True,True,True,True,396.0,2.0,0.797331965110313,2026-02-28
30073,2025,MT,0.4395765472312704,0.8717030283295344,0.6556397877804023,False,True,True,False,,,,2026-02-28
30075,2025,MT,0.4395765472312704,0.9739498534679257,0.706763200349598,False,True,True,False,,,,2026-02-28
30077,2025,MT,0.4395765472312704,0.8625854770433083,0.6510810121372894,False,True,True,False,,,,2026-02-28
30079,2025,MT,0.4395765472312704,0.22435688700748943,0.3319667171193799,True,True,True,True,1108.0,3.0,0.43201641867624424,2026-02-28
30081,2025,MT,0.4395765472312704,0.32367307066102247,0.3816248089461464,True,True,True,True,943.0,3.0,0.5166752180605438,2026-02-28
30083,2025,MT,0.4395765472312704,0.08173233474438293,0.26065444098782664,True,True,True,True,1312.0,4.0,0.32734735761929196,2026-02-28
30085,2025,MT,0.4395765472312704,0.2927385216541843,0.36615753444272736,True,True,True,True,987.0,3.0,0.49409953822473063,2026-02-28
30087,2025,MT,0.4395765472312704,0.257896450667535,0.34873649894940273,True,True,True,True,1045.0,3.0,0.46434068753206775,2026-02-28
30089,2025,MT,0.4395765472312704,0.38130901986323673,0.41044278354725355,True,True,True,True,861.0,3.0,0.5587480759363777,2026-02-28
30091,2025,MT,0.4395765472312704,0.2380332139368284,0.3388048805840494,True,True,True,True,1083.0,3.0,0.4448435094920472,2026-02-28
30093,2025,MT,0.4395765472312704,0.6870726147834582,0.5633245810073643,False,True,True,False,,,,2026-02-28
30095,2025,MT,0.4395765472312704,0.7463366981439271,0.5929566226875987,False,True,True,False,,,,2026-02-28
30097,2025,MT,0.4395765472312704,0.9648323021816998,0.7022044247064851,False,True,True,False,,,,2026-02-28
30099,2025,MT,0.4395765472312704,0.8756105503093455,0.657593548770308,False,True,True,False,,,,2026-02-28
30101,2025,MT,0.4395765472312704,0.918593292087268,0.6790849196592692,False,True,True,False,,,,2026-02-28
30103,2025,MT,0.4395765472312704,0.4340605665906871,0.4368185569109787,True,True,True,True,762.0,2.0,0.6095433555669574,2026-02-28
30105,2025,MT,0.4395765472312704,0.4168023445131879,0.4281894458722291,True,True,True,True,790.0,3.0,0.595177013853258,2026-02-28
30107,2025,MT,0.4395765472312704,0.3135786388798437,0.37657759305555705,True,True,True,True,962.0,3.0,0.5069266290405336,2026-02-28
30109,2025,MT,0.4395765472312704,0.918918918918919,0.6792477330750947,False,True,True,False,,,,2026-02-28
30111,2025,MT,0.4395765472312704,0.4819277108433735,0.46075212903732193,True,True,True,True,674.0,2.0,0.6546947152385839,2026-02-28
31001,2025,NE,0.41596091205211727,0.7040052100293064,0.5599830610407118,False,True,True,False,,,,2026-02-28
31003,2025,NE,0.41596091205211727,0.6551611852816672,0.5355610486668922,True,True,True,True,428.0,2.0,0.7809132888660851,2026-02-28
31007,2025,NE,0.41596091205211727,0.9889286877238684,0.7024447998879928,False,True,True,False,,,,2026-02-28
31011,2025,NE,0.41596091205211727,0.8104851839791599,0.6132230480156386,False,True,True,False,,,,2026-02-28
31013,2025,NE,0.41596091205211727,0.5688700748941713,0.4924154934731443,True,True,True,True,579.0,2.0,0.7034376603386352,2026-02-28
31015,2025,NE,0.41596091205211727,0.015304461087593618,0.21563268656985546,True,True,True,True,1439.0,4.0,0.26218573627501285,2026-02-28
31017,2025,NE,0.41596091205211727,0.6278085314229892,0.5218847217375533,True,True,True,True,478.0,2.0,0.7552591072344792,2026-02-28
31019,2025,NE,0.41596091205211727,0.6587430804298274,0.5373519962409723,True,True,True,True,418.0,2.0,0.7860441251924064,2026-02-28
31021,2025,NE,0.41596091205211727,0.927710843373494,0.6718358777128056,False,True,True,False,,,,2026-02-28
31023,2025,NE,0.41596091205211727,0.9840442852491045,0.7000025986506109,False,True,True,False,,,,2026-02-28
31025,2025,NE,0.41596091205211727,0.5936177140996418,0.5047893130758796,True,True,True,True,536.0,2.0,0.7255002565418163,2026-02-28
31027,2025,NE,0.41596091205211727,0.7219146857701074,0.5689377989111124,False,True,True,False,,,,2026-02-28
31029,2025,NE,0.41596091205211727,0.26408336046890263,0.3400221362605099,True,True,True,True,1078.0,3.0,0.4474089276552078,2026-02-28
31031,2025,NE,0.41596091205211727,0.7447085639856724,0.5803347380188948,False,True,True,False,,,,2026-02-28
31033,2025,NE,0.41596091205211727,0.701074568544448,0.5585177402982826,False,True,True,False,,,,2026-02-28
31035,2025,NE,0.41596091205211727,0.9071963529794855,0.6615786325158014,False,True,True,False,,,,2026-02-28
31037,2025,NE,0.41596091205211727,0.9687398241615109,0.6923503681068142,False,True,True,False,,,,2026-02-28
31039,2025,NE,0.41596091205211727,0.8378378378378378,0.6268993749449776,False,True,True,False,,,,2026-02-28
31041,2025,NE,0.41596091205211727,0.28134158254640185,0.34865124729925956,True,True,True,True,1046.0,3.0,0.4638276038994356,2026-02-28
31043,2025,NE,0.41596091205211727,0.737870400521003,0.57691565628656,False,True,True,False,,,,2026-02-28
31045,2025,NE,0.41596091205211727,0.4444806252035168,0.430220768627817,True,True,True,True,784.0,3.0,0.5982555156490508,2026-02-28
31047,2025,NE,0.41596091205211727,0.6128296971670466,0.5143953046095819,True,True,True,True,505.0,2.0,0.741405849153412,2026-02-28
31049,2025,NE,0.41596091205211727,0.6313904265711494,0.5236756693116333,True,True,True,True,473.0,2.0,0.7578245253976398,2026-02-28
31051,2025,NE,0.41596091205211727,0.7209378052751547,0.568449358663636,False,True,True,False,,,,2026-02-28
31053,2025,NE,0.41596091205211727,0.7922500814067079,0.6041054967294126,False,True,True,False,,,,2026-02-28
31055,2025,NE,0.41596091205211727,0.5577987626180397,0.4868798373350785,True,False,True,False,,,,2026-02-28
31057,2025,NE,0.41596091205211727,0.24552263106479974,0.3307417715584585,True,True,True,True,1113.0,3.0,0.42945100051308366,2026-02-28
31059,2025,NE,0.41596091205211727,0.9355258873331163,0.6757433996926168,False,True,True,False,,,,2026-02-28
31061,2025,NE,0.41596091205211727,0.9869749267339629,0.7014679193930401,False,True,True,False,,,,2026-02-28
31063,2025,NE,0.41596091205211727,0.3598176489742755,0.3878892805131964,True,True,True,True,924.0,3.0,0.5264238070805541,2026-02-28
31065,2025,NE,0.41596091205211727,0.014327580592640833,0.21514424632237905,True,True,True,True,1442.0,4.0,0.2606464853771165,2026-02-28
31067,2025,NE,0.41596091205211727,0.8410941061543471,0.6285275091032322,False,True,True,False,,,,2026-02-28
31069,2025,NE,0.41596091205211727,0.2497557798762618,0.3328583459641895,True,True,True,True,1103.0,3.0,0.4345818368394048,2026-02-28
31071,2025,NE,0.41596091205211727,0.8896125040703354,0.6527867080612264,False,True,True,False,,,,2026-02-28
31073,2025,NE,0.41596091205211727,0.9791598827743406,0.697560397413229,False,True,True,False,,,,2026-02-28
31077,2025,NE,0.41596091205211727,0.16769781830022795,0.29182936517617264,True,True,True,True,1225.0,4.0,0.3719856336582863,2026-02-28
31079,2025,NE,0.41596091205211727,0.7124715076522306,0.5642162098521739,False,True,True,False,,,,2026-02-28
31081,2025,NE,0.41596091205211727,0.8964506675350049,0.6562057897935611,False,True,True,False,,,,2026-02-28
31083,2025,NE,0.41596091205211727,0.810159557147509,0.6130602345998131,False,True,True,False,,,,2026-02-28
31085,2025,NE,0.41596091205211727,0.9719960924780202,0.6939785022650687,False,True,True,False,,,,2026-02-28
31087,2025,NE,0.41596091205211727,0.6252035167697818,0.5205822144109495,True,True,True,True,483.0,2.0,0.7526936890713186,2026-02-28
31089,2025,NE,0.41596091205211727,0.30022793878215565,0.35809442541713643,True,True,True,True,1009.0,3.0,0.482811698306824,2026-02-28
31091,2025,NE,0.41596091205211727,0.28264408987300554,0.34930250096256144,True,True,True,True,1041.0,3.0,0.4663930220625962,2026-02-28
31093,2025,NE,0.41596091205211727,0.5597525236079453,0.48785671783003126,True,True,True,True,588.0,2.0,0.6988199076449462,2026-02-28
31095,2025,NE,0.41596091205211727,0.5376098990556822,0.47678540555389975,True,True,True,True,623.0,2.0,0.680861980502822,2026-02-28
31097,2025,NE,0.41596091205211727,0.4685770107456854,0.4422689613989014,True,True,True,True,737.0,2.0,0.6223704463827604,2026-02-28
31099,2025,NE,0.41596091205211727,0.774014978834256,0.5949879454431866,False,True,True,False,,,,2026-02-28
31101,2025,NE,0.41596091205211727,0.6284597850862911,0.5222103485692042,True,True,True,True,477.0,2.0,0.7557721908671113,2026-02-28
31103,2025,NE,0.41596091205211727,0.9736242266362748,0.6947925693441961,False,True,True,False,,,,2026-02-28
31105,2025,NE,0.41596091205211727,0.5210029306414848,0.46848192134680106,True,True,True,True,645.0,2.0,0.6695741405849154,2026-02-28
31107,2025,NE,0.41596091205211727,0.44643438619342235,0.4311976491227698,True,True,True,True,777.0,2.0,0.6018471010774756,2026-02-28
31109,2025,NE,0.41596091205211727,0.6476717681536959,0.5318163401029066,True,True,True,True,442.0,2.0,0.7737301180092355,2026-02-28
31111,2025,NE,0.41596091205211727,0.7746662324975578,0.5953135722748375,False,True,True,False,,,,2026-02-28
31113,2025,NE,0.41596091205211727,0.13448388147183327,0.27522239676197524,True,True,True,True,1264.0,4.0,0.35197537198563367,2026-02-28
31117,2025,NE,0.41596091205211727,0.9983718658417453,0.7071663889469313,False,True,True,False,,,,2026-02-28
31119,2025,NE,0.41596091205211727,0.8254640182351026,0.62071246514361,False,True,True,False,,,,2026-02-28
31121,2025,NE,0.41596091205211727,0.9172907847606643,0.6666258484063907,False,True,True,False,,,,2026-02-28
31123,2025,NE,0.41596091205211727,0.42168674698795183,0.41882382952003455,True,True,True,True,828.0,3.0,0.5756798358132376,2026-02-28
31125,2025,NE,0.41596091205211727,0.3930315858026701,0.40449624892739366,True,True,True,True,876.0,3.0,0.5510518214468958,2026-02-28
31127,2025,NE,0.41596091205211727,0.5086291110387496,0.46229501154543345,True,True,True,True,669.0,2.0,0.6572601334017445,2026-02-28
31129,2025,NE,0.41596091205211727,0.07847606642787365,0.24721848923999545,True,True,True,True,1352.0,4.0,0.3068240123140072,2026-02-28
31131,2025,NE,0.41596091205211727,0.7915988277434061,0.6037798698977617,False,True,True,False,,,,2026-02-28
31133,2025,NE,0.41596091205211727,0.17193096711169,0.2939459395819036,True,True,True,True,1222.0,4.0,0.37352488455618266,2026-02-28
31135,2025,NE,0.41596091205211727,0.2611527189840443,0.3385568155180808,True,True,True,True,1084.0,3.0,0.44433042585941507,2026-02-28
31137,2025,NE,0.41596091205211727,0.4649951155975252,0.4404780138248212,True,True,True,True,748.0,2.0,0.6167265264238071,2026-02-28
31139,2025,NE,0.41596091205211727,0.6098990556821882,0.5129299838671527,True,True,True,True,511.0,2.0,0.7383273473576193,2026-02-28
31141,2025,NE,0.41596091205211727,0.7981113643764246,0.6070361382142709,False,True,True,False,,,,2026-02-28
31143,2025,NE,0.41596091205211727,0.7232171930967112,0.5695890525744143,False,True,True,False,,,,2026-02-28
31145,2025,NE,0.41596091205211727,0.34679257570823835,0.38137674388017784,True,True,True,True,945.0,3.0,0.5156490507952797,2026-02-28
31147,2025,NE,0.41596091205211727,0.1475089547378704,0.28173493339499384,True,True,True,True,1252.0,4.0,0.3581323755772191,2026-02-28
31149,2025,NE,0.41596091205211727,0.3536307391729078,0.3847958256125126,True,True,True,True,933.0,3.0,0.521806054386865,2026-02-28
31151,2025,NE,0.41596091205211727,0.8231846304135461,0.6195727712328316,False,True,True,False,,,,2026-02-28
31153,2025,NE,0.41596091205211727,0.5695213285574732,0.4927411203047952,True,True,True,True,576.0,2.0,0.7049769112365315,2026-02-28
31155,2025,NE,0.41596091205211727,0.6678606317160534,0.5419107718840853,False,True,True,False,,,,2026-02-28
31157,2025,NE,0.41596091205211727,0.8287202865516119,0.6223405993018646,False,True,True,False,,,,2026-02-28
31159,2025,NE,0.41596091205211727,0.7502442201237381,0.5831025660879277,False,True,True,False,,,,2026-02-28
31161,2025,NE,0.41596091205211727,0.3474438293715402,0.3817023707118288,True,True,True,True,941.0,3.0,0.5177013853258081,2026-02-28
31163,2025,NE,0.41596091205211727,0.6619993487463367,0.538980130399227,True,True,True,True,416.0,2.0,0.7870702924576706,2026-02-28
31165,2025,NE,0.41596091205211727,0.9853467925757082,0.7006538523139128,False,True,True,False,,,,2026-02-28
31167,2025,NE,0.41596091205211727,0.7815043959622273,0.5987326540071722,False,True,True,False,,,,2026-02-28
31169,2025,NE,0.41596091205211727,0.5923152067730381,0.5041380594125777,True,True,True,True,540.0,2.0,0.7234479220112878,2026-02-28
31171,2025,NE,0.41596091205211727,0.1348095083034842,0.2753852101778007,True,True,True,True,1263.0,4.0,0.35248845561826575,2026-02-28
31173,2025,NE,0.41596091205211727,0.529469228264409,0.47271507015826314,True,True,True,True,633.0,2.0,0.6757311441765008,2026-02-28
31175,2025,NE,0.41596091205211727,0.48811462064474115,0.4520377663484292,True,True,True,True,697.0,2.0,0.6428937916880452,2026-02-28
31177,2025,NE,0.41596091205211727,0.6225985021165744,0.5192797070843458,True,True,True,True,491.0,2.0,0.7485890200102616,2026-02-28
31179,2025,NE,0.41596091205211727,0.9016606968414197,0.6588108044467684,False,True,True,False,,,,2026-02-28
31181,2025,NE,0.41596091205211727,0.33474438293715403,0.37535264749463565,True,True,True,True,966.0,3.0,0.5048742945100051,2026-02-28
31183,2025,NE,0.41596091205211727,0.438944969065451,0.42745294055878413,True,True,True,True,794.0,3.0,0.5931246793227296,2026-02-28
31185,2025,NE,0.41596091205211727,0.8078801693259524,0.6119205406890349,False,True,True,False,,,,2026-02-28
32001,2025,NV,0.5695439739413681,0.4575056984695539,0.513524836205461,True,True,True,True,510.0,2.0,0.7388404309902514,2026-02-28
32003,2025,NV,0.5695439739413681,0.28036470205144903,0.4249543379964086,True,False,True,False,,,,2026-02-28
32005,2025,NV,0.5695439739413681,0.2591989579941387,0.4143714659677534,True,True,True,True,847.0,3.0,0.5659312467932273,2026-02-28
32007,2025,NV,0.5695439739413681,0.5470530771735591,0.5582985255574636,True,True,True,True,370.0,1.0,0.8106721395587481,2026-02-28
32011,2025,NV,0.5695439739413681,0.06577661999348747,0.3176602969674278,True,True,True,True,1152.0,3.0,0.409440738840431,2026-02-28
32013,2025,NV,0.5695439739413681,0.8306740475415174,0.7001090107414427,False,True,True,False,,,,2026-02-28
32015,2025,NV,0.5695439739413681,0.6037121458808206,0.5866280599110943,True,True,True,True,299.0,1.0,0.8471010774756286,2026-02-28
32017,2025,NV,0.5695439739413681,0.27775968739824164,0.4236518306698049,True,True,True,True,808.0,3.0,0.5859415084658799,2026-02-28
32019,2025,NV,0.5695439739413681,0.25138391403451643,0.4104639439879423,True,True,True,True,860.0,3.0,0.5592611595690098,2026-02-28
32021,2025,NV,0.5695439739413681,0.011071312276131553,0.29030764310874985,True,True,True,True,1229.0,4.0,0.3699332991277578,2026-02-28
32023,2025,NV,0.5695439739413681,0.3041354607619668,0.4368397173516675,True,True,True,True,761.0,2.0,0.6100564391995895,2026-02-28
32027,2025,NV,0.5695439739413681,0.7929013350700098,0.681222654505689,False,True,True,False,,,,2026-02-28
32029,2025,NV,0.5695439739413681,0.1686746987951807,0.3691093363682744,True,True,True,True,979.0,3.0,0.49820420728578757,2026-02-28
32031,2025,NV,0.5695439739413681,0.30934549006838163,0.4394447320048749,True,True,True,True,749.0,2.0,0.616213442791175,2026-02-28
32033,2025,NV,0.5695439739413681,0.1683490719635298,0.36894652295244895,True,True,True,True,980.0,3.0,0.4976911236531555,2026-02-28
32510,2025,NV,0.5695439739413681,0.45131878866818625,0.5104313813047772,True,True,True,True,521.0,2.0,0.7331965110312981,2026-02-28
33001,2025,NH,0.9620521172638437,0.8573754477368936,0.9097137825003686,False,True,True,False,,,,2026-02-28
33003,2025,NH,0.9620521172638437,0.47118202539889287,0.7166170713313682,True,True,True,True,68.0,1.0,0.965623396613648,2026-02-28
33005,2025,NH,0.9620521172638437,0.9430153044610876,0.9525337108624656,False,True,True,False,,,,2026-02-28
33007,2025,NH,0.9620521172638437,0.6922826440898731,0.8271673806768584,False,True,True,False,,,,2026-02-28
33009,2025,NH,0.9620521172638437,0.8967762943666558,0.9294142058152497,False,True,True,False,,,,2026-02-28
33011,2025,NH,0.9620521172638437,0.9111038749592967,0.9365779961115701,False,True,True,False,,,,2026-02-28
33013,2025,NH,0.9620521172638437,0.9264083360468902,0.9442302266553669,False,True,True,False,,,,2026-02-28
33015,2025,NH,0.9620521172638437,0.8879843699120807,0.9250182435879621,False,True,True,False,,,,2026-02-28
33017,2025,NH,0.9620521172638437,0.9615760338651905,0.961814075564517,False,True,True,False,,,,2026-02-28
33019,2025,NH,0.9620521172638437,0.8938456528817975,0.9279488850728206,False,True,True,False,,,,2026-02-28
34001,2025,NJ,0.996742671009772,0.9742754802995767,0.9855090756546743,False,True,True,False,,,,2026-02-28
34003,2025,NJ,0.996742671009772,0.9524584825789645,0.9746005767943682,False,False,True,False,,,,2026-02-28
34005,2025,NJ,0.996742671009772,0.9391077824812765,0.9679252267455243,False,True,True,False,,,,2026-02-28
34007,2025,NJ,0.996742671009772,0.9833930315858027,0.9900678512977874,False,False,True,False,,,,2026-02-28
34009,2025,NJ,0.996742671009772,0.7570823835884077,0.8769125272990899,False,True,True,False,,,,2026-02-28
34011,2025,NJ,0.996742671009772,0.9267339628785412,0.9617383169441566,False,True,True,False,,,,2026-02-28
34013,2025,NJ,0.996742671009772,0.9550634972321719,0.9759030841209719,False,False,True,False,,,,2026-02-28
34015,2025,NJ,0.996742671009772,0.9518072289156626,0.9742749499627172,False,True,True,False,,,,2026-02-28
34017,2025,NJ,0.996742671009772,0.6164115923152068,0.8065771316624895,True,False,True,False,,,,2026-02-28
34019,2025,NJ,0.996742671009772,0.8821230869423641,0.939432878976068,False,True,True,False,,,,2026-02-28
34021,2025,NJ,0.996742671009772,0.9423640507977857,0.9695533609037789,False,False,True,False,,,,2026-02-28
34023,2025,NJ,0.996742671009772,0.9785086291110388,0.9876256500604054,False,False,True,False,,,,2026-02-28
34025,2025,NJ,0.996742671009772,0.896125040703354,0.946433855856563,False,False,True,False,,,,2026-02-28
34027,2025,NJ,0.996742671009772,0.9514816020840117,0.9741121365468919,False,False,True,False,,,,2026-02-28
34029,2025,NJ,0.996742671009772,0.914360143275806,0.955551407142789,False,False,True,False,,,,2026-02-28
34031,2025,NJ,0.996742671009772,0.9612504070335396,0.9789965390216557,False,False,True,False,,,,2026-02-28
34033,2025,NJ,0.996742671009772,0.8857049820905243,0.9412238265501481,False,True,True,False,,,,2026-02-28
34035,2025,NJ,0.996742671009772,0.9404102898078802,0.9685764804088262,False,False,True,False,,,,2026-02-28
34037,2025,NJ,0.996742671009772,0.9674373168349072,0.9820899939223395,False,True,True,False,,,,2026-02-28
34039,2025,NJ,0.996742671009772,0.9065450993161837,0.9516438851629778,False,False,True,False,,,,2026-02-28
34041,2025,NJ,0.996742671009772,0.8928687723868447,0.9448057216983083,False,True,True,False,,,,2026-02-28
35001,2025,NM,0.47768729641693813,0.6558124389449691,0.5667498676809536,True,True,True,True,348.0,1.0,0.8219599794766547,2026-02-28
35003,2025,NM,0.47768729641693813,0.33637251709540866,0.4070299067561734,True,True,True,True,869.0,3.0,0.5546434068753207,2026-02-28
35005,2025,NM,0.47768729641693813,0.11071312276131554,0.29420020958912685,True,True,True,True,1221.0,4.0,0.3740379681888148,2026-02-28
35006,2025,NM,0.47768729641693813,0.5109084988603061,0.4942978976386221,True,True,True,True,569.0,2.0,0.7085684966649564,2026-02-28
35007,2025,NM,0.47768729641693813,0.1647671768153696,0.3212272366161539,True,True,True,True,1143.0,3.0,0.41405849153412005,2026-02-28
35009,2025,NM,0.47768729641693813,0.09345490068381634,0.2855710985503772,True,True,True,True,1242.0,4.0,0.3632632119035403,2026-02-28
35011,2025,NM,0.47768729641693813,0.00976880494952784,0.243728050683233,True,True,True,True,1358.0,4.0,0.30374551051821447,2026-02-28
35013,2025,NM,0.47768729641693813,0.51579290133507,0.4967400988760041,True,True,True,True,555.0,2.0,0.7157516675218061,2026-02-28
35015,2025,NM,0.47768729641693813,0.16574405731032238,0.32171567686363023,True,True,True,True,1141.0,3.0,0.4150846587993843,2026-02-28
35017,2025,NM,0.47768729641693813,0.04916965157929013,0.26342847399811414,True,True,True,True,1303.0,4.0,0.33196511031298104,2026-02-28
35023,2025,NM,0.47768729641693813,0.0022793878215564964,0.23998334211924732,True,True,True,True,1377.0,4.0,0.2939969214982042,2026-02-28
35025,2025,NM,0.47768729641693813,0.07912732009117551,0.2784073082540568,True,True,True,True,1253.0,4.0,0.35761929194458697,2026-02-28
35027,2025,NM,0.47768729641693813,0.1742103549332465,0.3259488256750923,True,True,True,True,1126.0,3.0,0.4227809132888661,2026-02-28
35028,2025,NM,0.47768729641693813,0.8524910452621296,0.6650891708395339,False,False,True,False,,,,2026-02-28
35029,2025,NM,0.47768729641693813,0.16900032562683165,0.3233438110218849,True,True,True,True,1133.0,3.0,0.4191893278604413,2026-02-28
35031,2025,NM,0.47768729641693813,0.4226636274829046,0.45017546194992136,True,True,True,True,705.0,2.0,0.6387891226269882,2026-02-28
35035,2025,NM,0.47768729641693813,0.7258222077499186,0.6017547520834283,False,True,True,False,,,,2026-02-28
35037,2025,NM,0.47768729641693813,0.16802344513187886,0.3228553707744085,True,True,True,True,1134.0,3.0,0.41867624422780914,2026-02-28
35039,2025,NM,0.47768729641693813,0.6118528166720938,0.5447700565445159,True,True,True,True,405.0,2.0,0.7927142124166239,2026-02-28
35041,2025,NM,0.47768729641693813,0.23152067730380985,0.354603986860374,True,True,True,True,1027.0,3.0,0.47357619291944586,2026-02-28
35043,2025,NM,0.47768729641693813,0.5415174210354933,0.5096023587262157,True,True,True,True,526.0,2.0,0.7306310928681375,2026-02-28
35045,2025,NM,0.47768729641693813,0.7408010420058613,0.6092441692113997,False,True,True,False,,,,2026-02-28
35047,2025,NM,0.47768729641693813,0.5568218821230869,0.5172545892700126,True,True,True,True,498.0,2.0,0.7449974345818369,2026-02-28
35049,2025,NM,0.47768729641693813,0.36730706610224684,0.42249718125959246,True,True,True,True,814.0,3.0,0.5828630066700872,2026-02-28
35051,2025,NM,0.47768729641693813,0.22956691631390427,0.3536271063654212,True,True,True,True,1030.0,3.0,0.4720369420215495,2026-02-28
35053,2025,NM,0.47768729641693813,0.16704656463692608,0.3223669305269321,True,True,True,True,1138.0,3.0,0.41662390969728064,2026-02-28
35055,2025,NM,0.47768729641693813,0.05047215890589384,0.26407972766141596,True,True,True,True,1300.0,4.0,0.3335043612108774,2026-02-28
35057,2025,NM,0.47768729641693813,0.13546076196678605,0.3065740291918621,True,True,True,True,1185.0,4.0,0.39250897896357106,2026-02-28
35059,2025,NM,0.47768729641693813,0.3295343536307392,0.40361082502383866,True,True,True,True,879.0,3.0,0.5495125705489995,2026-02-28
35061,2025,NM,0.47768729641693813,0.6812113318137415,0.5794493141153398,False,True,True,False,,,,2026-02-28
36001,2025,NY,0.9789902280130293,0.8746336698143927,0.926811948913711,False,True,True,False,,,,2026-02-28
36003,2025,NY,0.9789902280130293,0.7678280690328884,0.8734091485229588,False,True,True,False,,,,2026-02-28
36005,2025,NY,0.9789902280130293,0.2240312601758385,0.6015107440944338,True,False,True,False,,,,2026-02-28
36007,2025,NY,0.9789902280130293,0.9713448388147183,0.9751675334138739,False,True,True,False,,,,2026-02-28
36009,2025,NY,0.9789902280130293,0.5952458482578965,0.7871180381354629,True,True,True,True,9.0,1.0,0.995895330938943,2026-02-28
36011,2025,NY,0.9789902280130293,0.8931943992184956,0.9360923136157624,False,True,True,False,,,,2026-02-28
36013,2025,NY,0.9789902280130293,0.8039726473461413,0.8914814376795852,False,True,True,False,,,,2026-02-28
36015,2025,NY,0.9789902280130293,0.5503093454900684,0.7646497867515488,True,True,True,True,19.0,1.0,0.9907644946126218,2026-02-28
36017,2025,NY,0.9789902280130293,0.5343536307391729,0.7566719293761011,True,True,True,True,30.0,1.0,0.9851205746536685,2026-02-28
36019,2025,NY,0.9789902280130293,0.7443829371540215,0.8616865825835254,False,True,True,False,,,,2026-02-28
36021,2025,NY,0.9789902280130293,0.6672093780527516,0.8230998030328904,False,True,True,False,,,,2026-02-28
36023,2025,NY,0.9789902280130293,0.837186584174536,0.9080884060937826,False,True,True,False,,,,2026-02-28
36025,2025,NY,0.9789902280130293,0.5525887333116248,0.7657894806623271,True,True,True,True,18.0,1.0,0.991277578245254,2026-02-28
36027,2025,NY,0.9789902280130293,0.8723542819928362,0.9256722550029327,False,True,True,False,,,,2026-02-28
36029,2025,NY,0.9789902280130293,0.8352328231846304,0.9071115255988298,False,True,True,False,,,,2026-02-28
36031,2025,NY,0.9789902280130293,0.4747639205470531,0.7268770742800412,True,True,True,True,56.0,1.0,0.9717804002052335,2026-02-28
36033,2025,NY,0.9789902280130293,0.27710843373493976,0.6280493308739845,True,True,True,True,212.0,1.0,0.8917393535146229,2026-02-28
36035,2025,NY,0.9789902280130293,0.6528817974601107,0.81593601273657,True,True,True,True,1.0,1.0,1.0,2026-02-28
36037,2025,NY,0.9789902280130293,0.7987626180397265,0.8888764230263779,False,True,True,False,,,,2026-02-28
36039,2025,NY,0.9789902280130293,0.46401823510257245,0.7215042315578009,True,True,True,True,63.0,1.0,0.9681888147768086,2026-02-28
36041,2025,NY,0.9789902280130293,0.5538912406382286,0.766440734325629,True,True,True,True,17.0,1.0,0.9917906618778861,2026-02-28
36043,2025,NY,0.9789902280130293,0.8469553891240639,0.9129728085685466,False,True,True,False,,,,2026-02-28
36045,2025,NY,0.9789902280130293,0.6418104851839792,0.8104003565985043,True,True,True,True,3.0,1.0,0.9989738327347357,2026-02-28
36047,2025,NY,0.9789902280130293,0.45555193747964834,0.7172710827463388,True,False,True,False,,,,2026-02-28
36049,2025,NY,0.9789902280130293,0.7590361445783133,0.8690131862956713,False,True,True,False,,,,2026-02-28
36051,2025,NY,0.9789902280130293,0.8853793552588733,0.9321847916359514,False,True,True,False,,,,2026-02-28
36053,2025,NY,0.9789902280130293,0.9700423314881146,0.974516279750572,False,True,True,False,,,,2026-02-28
36055,2025,NY,0.9789902280130293,0.9723217193096712,0.9756559736613502,False,False,True,False,,,,2026-02-28
36057,2025,NY,0.9789902280130293,0.6043633995441224,0.7916768137785759,True,True,True,True,7.0,1.0,0.9969214982042073,2026-02-28
36059,2025,NY,0.9789902280130293,0.855096059915337,0.9170431439641831,False,False,True,False,,,,2026-02-28
36061,2025,NY,0.9789902280130293,0.06838163464669489,0.5236859313298621,True,False,True,False,,,,2026-02-28
36063,2025,NY,0.9789902280130293,0.9068707261478346,0.9429304770804319,False,True,True,False,,,,2026-02-28
36065,2025,NY,0.9789902280130293,0.9625529143601432,0.9707715711865863,False,True,True,False,,,,2026-02-28
36067,2025,NY,0.9789902280130293,0.9977206121784435,0.9883554200957364,False,True,True,False,,,,2026-02-28
36069,2025,NY,0.9789902280130293,0.9238033213936828,0.951396774703356,False,True,True,False,,,,2026-02-28
36071,2025,NY,0.9789902280130293,0.8192771084337349,0.8991336682233821,False,True,True,False,,,,2026-02-28
36073,2025,NY,0.9789902280130293,0.8440247476392054,0.9115074878261173,False,True,True,False,,,,2026-02-28
36075,2025,NY,0.9789902280130293,0.9329208726799089,0.9559555503464691,False,True,True,False,,,,2026-02-28
36077,2025,NY,0.9789902280130293,0.48844024747639203,0.7337152377447107,True,True,True,True,43.0,1.0,0.978450487429451,2026-02-28
36079,2025,NY,0.9789902280130293,0.9137088896125041,0.9463495588127666,False,True,True,False,,,,2026-02-28
36081,2025,NY,0.9789902280130293,0.3145555193747965,0.6467728736939129,True,False,True,False,,,,2026-02-28
36083,2025,NY,0.9789902280130293,0.79648323021817,0.8877367291155996,False,True,True,False,,,,2026-02-28
36085,2025,NY,0.9789902280130293,0.5711494627157278,0.7750698453643785,True,False,True,False,,,,2026-02-28
36087,2025,NY,0.9789902280130293,0.9039400846629763,0.9414651563380028,False,False,True,False,,,,2026-02-28
36089,2025,NY,0.9789902280130293,0.628785411917942,0.8038878199654856,True,True,True,True,4.0,1.0,0.9984607491021037,2026-02-28
36091,2025,NY,0.9789902280130293,0.7798762618039726,0.8794332449085009,False,True,True,False,,,,2026-02-28
36093,2025,NY,0.9789902280130293,0.8704005210029306,0.92469537450798,False,True,True,False,,,,2026-02-28
36095,2025,NY,0.9789902280130293,0.9058938456528818,0.9424420368329556,False,True,True,False,,,,2026-02-28
36097,2025,NY,0.9789902280130293,0.44513187886681865,0.712061053439924,True,True,True,True,76.0,1.0,0.961518727552591,2026-02-28
36099,2025,NY,0.9789902280130293,0.8375122110061869,0.9082512195096081,False,True,True,False,,,,2026-02-28
36101,2025,NY,0.9789902280130293,0.3832627808531423,0.6811265044330858,True,True,True,True,122.0,1.0,0.9379168804515136,2026-02-28
36103,2025,NY,0.9789902280130293,0.8267665255617063,0.9028783767873678,False,False,True,False,,,,2026-02-28
36105,2025,NY,0.9789902280130293,0.778248127645718,0.8786191778293737,False,True,True,False,,,,2026-02-28
36107,2025,NY,0.9789902280130293,0.7300553565613807,0.854522792287205,False,True,True,False,,,,2026-02-28
36109,2025,NY,0.9789902280130293,0.832627808531423,0.9058090182722262,False,True,True,False,,,,2026-02-28
36111,2025,NY,0.9789902280130293,0.8580267014001953,0.9185084647066123,False,True,True,False,,,,2026-02-28
36113,2025,NY,0.9789902280130293,0.7925757082383589,0.8857829681256941,False,True,True,False,,,,2026-02-28
36115,2025,NY,0.9789902280130293,0.6746987951807228,0.8268445115968761,False,True,True,False,,,,2026-02-28
36117,2025,NY,0.9789902280130293,0.977206121784435,0.9780981748987321,False,True,True,False,,,,2026-02-28
36119,2025,NY,0.9789902280130293,0.8456528817974601,0.9123215549052447,False,False,True,False,,,,2026-02-28
36121,2025,NY,0.9789902280130293,0.5239335721263432,0.7514619000696863,True,True,True,True,33.0,1.0,0.9835813237557722,2026-02-28
36123,2025,NY,0.9789902280130293,0.8336046890263757,0.9062974585197026,False,True,True,False,,,,2026-02-28
37001,2025,NC,0.5506514657980456,0.5405405405405406,0.545596003169293,True,True,True,True,402.0,2.0,0.7942534633145203,2026-02-28
37003,2025,NC,0.5506514657980456,0.8974275480299577,0.7240395069140017,False,True,True,False,,,,2026-02-28
37005,2025,NC,0.5506514657980456,0.5939433409312928,0.5722974033646692,True,True,True,True,335.0,1.0,0.8286300667008722,2026-02-28
37007,2025,NC,0.5506514657980456,0.22370563334418755,0.3871785495711166,True,True,True,True,928.0,3.0,0.5243714725500257,2026-02-28
37009,2025,NC,0.5506514657980456,0.2972972972972973,0.4239743815476714,True,True,True,True,806.0,3.0,0.5869676757311442,2026-02-28
37011,2025,NC,0.5506514657980456,0.3402800390752198,0.44546575243663267,True,True,True,True,725.0,2.0,0.6285274499743458,2026-02-28
37013,2025,NC,0.5506514657980456,0.7339628785411918,0.6423071721696187,False,True,True,False,,,,2026-02-28
37015,2025,NC,0.5506514657980456,0.06707912732009118,0.30886529655906836,True,True,True,True,1176.0,4.0,0.39712673165726015,2026-02-28
37017,2025,NC,0.5506514657980456,0.39889286877238683,0.4747721672852162,True,True,True,True,629.0,2.0,0.6777834787070293,2026-02-28
37019,2025,NC,0.5506514657980456,0.30153044610875934,0.42609095595340246,True,True,True,True,797.0,3.0,0.5915854284248332,2026-02-28
37021,2025,NC,0.5506514657980456,0.3311624877889938,0.4409069767935197,True,True,True,True,747.0,2.0,0.6172396100564392,2026-02-28
37023,2025,NC,0.5506514657980456,0.6196678606317161,0.5851596632148808,True,True,True,True,302.0,1.0,0.8455618265777322,2026-02-28
37025,2025,NC,0.5506514657980456,0.2728752849234777,0.41176337536076163,True,True,True,True,854.0,3.0,0.5623396613648025,2026-02-28
37027,2025,NC,0.5506514657980456,0.4741126668837512,0.5123820663408984,True,True,True,True,512.0,2.0,0.7378142637249872,2026-02-28
37029,2025,NC,0.5506514657980456,0.9485509605991533,0.7496012131985994,False,True,True,False,,,,2026-02-28
37031,2025,NC,0.5506514657980456,0.5076522305437968,0.5291518481709212,True,True,True,True,456.0,2.0,0.7665469471523858,2026-02-28
37033,2025,NC,0.5506514657980456,0.37088896125040705,0.4607702135242263,True,True,True,True,673.0,2.0,0.655207798871216,2026-02-28
37035,2025,NC,0.5506514657980456,0.5942689677629437,0.5724602167804946,True,True,True,True,334.0,1.0,0.8291431503335044,2026-02-28
37037,2025,NC,0.5506514657980456,0.47085639856724193,0.5107539321826438,True,True,True,True,520.0,2.0,0.7337095946639303,2026-02-28
37039,2025,NC,0.5506514657980456,0.5043959622272876,0.5275237140126665,True,True,True,True,461.0,2.0,0.7639815289892252,2026-02-28
37041,2025,NC,0.5506514657980456,0.38847281015955715,0.46956213797880136,True,True,True,True,644.0,2.0,0.6700872242175474,2026-02-28
37043,2025,NC,0.5506514657980456,0.4737870400521003,0.512219252925073,True,True,True,True,513.0,2.0,0.737301180092355,2026-02-28
37045,2025,NC,0.5506514657980456,0.23445131878866818,0.3925513922933569,True,True,True,True,905.0,3.0,0.5361723961005644,2026-02-28
37047,2025,NC,0.5506514657980456,0.2855747313578639,0.41811309857795476,True,True,True,True,830.0,3.0,0.5746536685479733,2026-02-28
37049,2025,NC,0.5506514657980456,0.8196027352653859,0.6851271005317157,False,True,True,False,,,,2026-02-28
37051,2025,NC,0.5506514657980456,0.6535330511234125,0.6020922584607291,True,True,True,True,264.0,1.0,0.8650590046177526,2026-02-28
37053,2025,NC,0.5506514657980456,0.465971996092478,0.5083117309452618,True,True,True,True,531.0,2.0,0.728065674704977,2026-02-28
37055,2025,NC,0.5506514657980456,0.34418756105503095,0.4474195134265383,True,True,True,True,715.0,2.0,0.633658286300667,2026-02-28
37057,2025,NC,0.5506514657980456,0.7635949202214263,0.6571231930097359,False,True,True,False,,,,2026-02-28
37059,2025,NC,0.5506514657980456,0.4493650276782807,0.5000082467381631,True,True,True,True,551.0,2.0,0.7178040020523345,2026-02-28
37061,2025,NC,0.5506514657980456,0.7277759687398242,0.6392137172689349,False,True,True,False,,,,2026-02-28
37063,2025,NC,0.5506514657980456,0.24812764571800716,0.39938955575802637,True,False,True,False,,,,2026-02-28
37065,2025,NC,0.5506514657980456,0.31520677303809835,0.432929119418072,True,True,True,True,772.0,2.0,0.6044125192406362,2026-02-28
37067,2025,NC,0.5506514657980456,0.5063497232171931,0.5285005945076193,True,True,True,True,459.0,2.0,0.7650076962544895,2026-02-28
37069,2025,NC,0.5506514657980456,0.28524910452621294,0.4179502851621293,True,True,True,True,831.0,3.0,0.5741405849153411,2026-02-28
37071,2025,NC,0.5506514657980456,0.35395636600455876,0.45230391590130214,True,True,True,True,694.0,2.0,0.6444330425859415,2026-02-28
37073,2025,NC,0.5506514657980456,0.9970693585151417,0.7738604121565936,False,True,True,False,,,,2026-02-28
37075,2025,NC,0.5506514657980456,0.4848583523282318,0.5177549090631387,True,True,True,True,497.0,2.0,0.745510518214469,2026-02-28
37077,2025,NC,0.5506514657980456,0.4959296646043634,0.5232905652012045,True,True,True,True,474.0,2.0,0.7573114417650076,2026-02-28
37079,2025,NC,0.5506514657980456,0.24943015304461089,0.40004080942132825,True,True,True,True,884.0,3.0,0.5469471523858389,2026-02-28
37081,2025,NC,0.5506514657980456,0.4565288179746011,0.5035901418863233,True,True,True,True,542.0,2.0,0.7224217547460235,2026-02-28
37083,2025,NC,0.5506514657980456,0.23184630413546076,0.39124888496675314,True,True,True,True,910.0,3.0,0.5336069779374037,2026-02-28
37085,2025,NC,0.5506514657980456,0.5639856724194073,0.5573185691087265,True,True,True,True,373.0,1.0,0.8091328886608518,2026-02-28
37087,2025,NC,0.5506514657980456,0.43503744708563985,0.4928444564418427,True,True,True,True,574.0,2.0,0.7060030785017958,2026-02-28
37089,2025,NC,0.5506514657980456,0.3822859003581895,0.4664686830781175,True,True,True,True,655.0,2.0,0.6644433042585941,2026-02-28
37091,2025,NC,0.5506514657980456,0.1768153695864539,0.36373341769224976,True,True,True,True,993.0,3.0,0.4910210364289379,2026-02-28
37093,2025,NC,0.5506514657980456,0.7955063497232172,0.6730789077606314,False,True,True,False,,,,2026-02-28
37095,2025,NC,0.5506514657980456,0.3204168023445132,0.4355341340712794,True,True,True,True,765.0,2.0,0.6080041046690611,2026-02-28
37097,2025,NC,0.5506514657980456,0.3126017583848909,0.43162661209146824,True,True,True,True,776.0,2.0,0.6023601847101078,2026-02-28
37099,2025,NC,0.5506514657980456,0.5594268967762943,0.55503918128717,True,True,True,True,379.0,1.0,0.806054386865059,2026-02-28
37101,2025,NC,0.5506514657980456,0.20384239661348094,0.37724693120576325,True,True,True,True,960.0,3.0,0.5079527963057978,2026-02-28
37103,2025,NC,0.5506514657980456,0.21295994789970693,0.38180570684887627,True,True,True,True,939.0,3.0,0.5187275525910724,2026-02-28
37105,2025,NC,0.5506514657980456,0.601758384890915,0.5762049253444803,True,True,True,True,324.0,1.0,0.8342739866598256,2026-02-28
37107,2025,NC,0.5506514657980456,0.6050146532074243,0.577833059502735,True,True,True,True,316.0,1.0,0.8383786557208825,2026-02-28
37109,2025,NC,0.5506514657980456,0.5118853793552589,0.5312684225766522,True,True,True,True,445.0,2.0,0.7721908671113391,2026-02-28
37111,2025,NC,0.5506514657980456,0.33279062194724846,0.441721043872647,True,True,True,True,742.0,2.0,0.6198050282195998,2026-02-28
37113,2025,NC,0.5506514657980456,0.6802344513187887,0.6154429585584171,False,True,True,False,,,,2026-02-28
37115,2025,NC,0.5506514657980456,0.49853467925757083,0.5245930725278082,True,True,True,True,472.0,2.0,0.7583376090302719,2026-02-28
37117,2025,NC,0.5506514657980456,0.090524259198958,0.3205878624985018,True,True,True,True,1144.0,3.0,0.4135454079014879,2026-02-28
37119,2025,NC,0.5506514657980456,0.3112992510582872,0.43097535842816637,True,False,True,False,,,,2026-02-28
37121,2025,NC,0.5506514657980456,0.32562683165092804,0.4381391487244868,True,True,True,True,754.0,2.0,0.6136480246280144,2026-02-28
37123,2025,NC,0.5506514657980456,0.5232823184630414,0.5369668921305435,True,True,True,True,419.0,2.0,0.7855310415597743,2026-02-28
37125,2025,NC,0.5506514657980456,0.4910452621295995,0.5208483639638225,True,True,True,True,481.0,2.0,0.7537198563365829,2026-02-28
37127,2025,NC,0.5506514657980456,0.42364050797785735,0.48714598688795147,True,True,True,True,591.0,2.0,0.6972806567470498,2026-02-28
37129,2025,NC,0.5506514657980456,0.48388147183327906,0.5172664688156623,True,False,True,False,,,,2026-02-28
37131,2025,NC,0.5506514657980456,0.1335070009768805,0.34207923338746304,True,True,True,True,1067.0,3.0,0.4530528476141611,2026-02-28
37133,2025,NC,0.5506514657980456,0.7199609247802019,0.6353061952891237,False,True,True,False,,,,2026-02-28
37135,2025,NC,0.5506514657980456,0.5040703353956366,0.5273609005968412,True,True,True,True,462.0,2.0,0.7634684453565931,2026-02-28
37137,2025,NC,0.5506514657980456,0.7473135786388798,0.6489825222184626,False,True,True,False,,,,2026-02-28
37139,2025,NC,0.5506514657980456,0.7893194399218496,0.6699854528599476,False,True,True,False,,,,2026-02-28
37141,2025,NC,0.5506514657980456,0.398241615109085,0.47444654045356527,True,True,True,True,630.0,2.0,0.6772703950743971,2026-02-28
37143,2025,NC,0.5506514657980456,0.5643112992510583,0.5574813825245519,True,True,True,True,372.0,1.0,0.8096459722934838,2026-02-28
37145,2025,NC,0.5506514657980456,0.669814392705959,0.6102329292520023,False,True,True,False,,,,2026-02-28
37147,2025,NC,0.5506514657980456,0.5815695213285574,0.5661104935633015,True,True,True,True,349.0,1.0,0.8214468958440225,2026-02-28
37149,2025,NC,0.5506514657980456,0.4014978834255943,0.47607467461181996,True,True,True,True,626.0,2.0,0.6793227296049256,2026-02-28
37151,2025,NC,0.5506514657980456,0.8108108108108109,0.6807311383044282,False,True,True,False,,,,2026-02-28
37153,2025,NC,0.5506514657980456,0.3324649951155975,0.4415582304568215,True,True,True,True,744.0,2.0,0.6187788609543355,2026-02-28
37155,2025,NC,0.5506514657980456,0.2901335070009769,0.4203924863995112,True,True,True,True,823.0,3.0,0.5782452539763981,2026-02-28
37157,2025,NC,0.5506514657980456,0.3725170954086617,0.46158428060335366,True,True,True,True,670.0,2.0,0.6567470497691124,2026-02-28
37159,2025,NC,0.5506514657980456,0.47671768153695865,0.5136845736675021,True,True,True,True,509.0,2.0,0.7393535146228836,2026-02-28
37161,2025,NC,0.5506514657980456,0.2859003581895148,0.4182759119937802,True,True,True,True,829.0,3.0,0.5751667521806054,2026-02-28
37163,2025,NC,0.5506514657980456,0.42233800065125365,0.48649473322464964,True,True,True,True,593.0,2.0,0.6962544894817855,2026-02-28
37165,2025,NC,0.5506514657980456,0.4112666883751221,0.4809590770865838,True,True,True,True,604.0,2.0,0.6906105695228322,2026-02-28
37167,2025,NC,0.5506514657980456,0.5734288505372843,0.562040158167665,True,True,True,True,355.0,1.0,0.8183683940482298,2026-02-28
37169,2025,NC,0.5506514657980456,0.8635623575382612,0.7071069116681534,False,True,True,False,,,,2026-02-28
37171,2025,NC,0.5506514657980456,0.6773038098339303,0.613977637815988,False,True,True,False,,,,2026-02-28
37173,2025,NC,0.5506514657980456,0.638228590035819,0.5944400279169323,True,True,True,True,278.0,1.0,0.857875833760903,2026-02-28
37175,2025,NC,0.5506514657980456,0.678280690328883,0.6144660780634643,False,True,True,False,,,,2026-02-28
37177,2025,NC,0.5506514657980456,0.16541843047867144,0.3580349481383585,True,True,True,True,1011.0,3.0,0.4817855310415598,2026-02-28
37179,2025,NC,0.5506514657980456,0.3425594268967763,0.44660544634741095,True,True,True,True,720.0,2.0,0.6310928681375064,2026-02-28
37181,2025,NC,0.5506514657980456,0.46890263757733636,0.5097770516876909,True,True,True,True,524.0,2.0,0.7316572601334017,2026-02-28
37183,2025,NC,0.5506514657980456,0.24226636274829047,0.39645891427316804,True,False,True,False,,,,2026-02-28
37185,2025,NC,0.5506514657980456,0.28166720937805273,0.4161593375880491,True,True,True,True,838.0,3.0,0.5705489994869164,2026-02-28
37187,2025,NC,0.5506514657980456,0.16737219146857701,0.35901182863331127,True,True,True,True,1005.0,3.0,0.48486403283735247,2026-02-28
37189,2025,NC,0.5506514657980456,0.511234125691957,0.5309427957450013,True,True,True,True,447.0,2.0,0.7711646998460749,2026-02-28
37191,2025,NC,0.5506514657980456,0.3272549658091827,0.4389532158036141,True,True,True,True,752.0,2.0,0.6146741918932787,2026-02-28
37193,2025,NC,0.5506514657980456,0.6030608922175187,0.5768561790077822,True,True,True,True,320.0,1.0,0.836326321190354,2026-02-28
37195,2025,NC,0.5506514657980456,0.5398892868772387,0.5452703763376421,True,True,True,True,403.0,2.0,0.7937403796818882,2026-02-28
37197,2025,NC,0.5506514657980456,0.6125040703353957,0.5815777680667207,True,True,True,True,307.0,1.0,0.8429964084145716,2026-02-28
37199,2025,NC,0.5506514657980456,0.2823184630413546,0.41648496441970007,True,True,True,True,836.0,3.0,0.5715751667521806,2026-02-28
38001,2025,ND,0.2980456026058632,0.1253663301856073,0.21170596639573525,True,True,True,True,1452.0,4.0,0.25551564905079527,2026-02-28
38003,2025,ND,0.2980456026058632,0.32497557798762616,0.31151059029674466,True,True,True,True,1168.0,3.0,0.4012314007183171,2026-02-28
38005,2025,ND,0.2980456026058632,0.032888309996743734,0.16546695630130348,True,True,True,True,1585.0,5.0,0.18727552591072344,2026-02-28
38009,2025,ND,0.2980456026058632,0.12504070335395637,0.21154315297990978,True,True,True,True,1453.0,4.0,0.2550025654181632,2026-02-28
38011,2025,ND,0.2980456026058632,0.18495604037772712,0.24150082149179516,True,True,True,True,1370.0,4.0,0.297588506926629,2026-02-28
38013,2025,ND,0.2980456026058632,0.00488440247476392,0.15146500254031356,True,True,True,True,1627.0,5.0,0.16572601334017445,2026-02-28
38015,2025,ND,0.2980456026058632,0.6926082709215239,0.49532693676369355,False,True,True,False,,,,2026-02-28
38017,2025,ND,0.2980456026058632,0.542819928362097,0.4204327654839801,True,True,True,True,822.0,3.0,0.5787583376090303,2026-02-28
38019,2025,ND,0.2980456026058632,0.28069032888309997,0.2893679657444816,True,True,True,True,1235.0,4.0,0.36685479733196513,2026-02-28
38021,2025,ND,0.2980456026058632,0.10550309345490068,0.20177434803038194,True,True,True,True,1476.0,4.0,0.2432016418676244,2026-02-28
38025,2025,ND,0.2980456026058632,0.5177466623249756,0.4078961324654194,True,True,True,True,866.0,3.0,0.5561826577732171,2026-02-28
38027,2025,ND,0.2980456026058632,0.03907521979811136,0.16856041120198728,True,True,True,True,1576.0,5.0,0.19189327860441252,2026-02-28
38029,2025,ND,0.2980456026058632,0.5486812113318137,0.42336340696883845,True,True,True,True,811.0,3.0,0.5844022575679836,2026-02-28
38031,2025,ND,0.2980456026058632,0.20644741126668836,0.2522465069362758,True,True,True,True,1341.0,4.0,0.3124679322729605,2026-02-28
38033,2025,ND,0.2980456026058632,0.11820253988928688,0.20812407124757504,True,True,True,True,1462.0,4.0,0.2503848127244741,2026-02-28
38035,2025,ND,0.2980456026058632,0.6375773363725171,0.46781146948919017,True,True,True,True,647.0,2.0,0.6685479733196511,2026-02-28
38039,2025,ND,0.2980456026058632,0.8508629111038749,0.5744542568548691,False,True,True,False,,,,2026-02-28
38041,2025,ND,0.2980456026058632,0.0823835884076848,0.190214595506774,True,True,True,True,1515.0,4.0,0.22319138019497178,2026-02-28
38043,2025,ND,0.2980456026058632,0.01986323673070661,0.1589544196682849,True,True,True,True,1608.0,5.0,0.17547460236018472,2026-02-28
38045,2025,ND,0.2980456026058632,0.007815043959622273,0.15293032328274275,True,True,True,True,1620.0,5.0,0.16931759876859928,2026-02-28
38049,2025,ND,0.2980456026058632,0.028980788016932595,0.1635131953113979,True,True,True,True,1591.0,5.0,0.18419702411493075,2026-02-28
38053,2025,ND,0.2980456026058632,0.41028980788016933,0.3541677052430163,True,True,True,True,1028.0,3.0,0.4730631092868138,2026-02-28
38055,2025,ND,0.2980456026058632,0.683490719635298,0.4907681611205806,False,True,True,False,,,,2026-02-28
38057,2025,ND,0.2980456026058632,0.49560403777271245,0.39682482018928783,True,True,True,True,891.0,3.0,0.543355566957414,2026-02-28
38059,2025,ND,0.2980456026058632,0.7733637251709541,0.5357046638884086,False,True,True,False,,,,2026-02-28
38061,2025,ND,0.2980456026058632,0.45978508629111037,0.3789153444484868,True,True,True,True,955.0,3.0,0.5105182144689584,2026-02-28
38063,2025,ND,0.2980456026058632,0.006186909801367633,0.15211625620361544,True,True,True,True,1625.0,5.0,0.1667521806054387,2026-02-28
38065,2025,ND,0.2980456026058632,0.05144903940084663,0.1747473210033549,True,True,True,True,1558.0,4.0,0.20112878399179066,2026-02-28
38067,2025,ND,0.2980456026058632,0.13253012048192772,0.21528786154389545,True,True,True,True,1440.0,4.0,0.2616726526423807,2026-02-28
38071,2025,ND,0.2980456026058632,0.29208726799088247,0.29506643529837284,True,True,True,True,1217.0,4.0,0.37609030271934324,2026-02-28
38073,2025,ND,0.2980456026058632,0.17486160859654837,0.2364536056012058,True,True,True,True,1386.0,4.0,0.28937916880451514,2026-02-28
38075,2025,ND,0.2980456026058632,0.06252035167697818,0.1802829771414207,True,True,True,True,1540.0,4.0,0.21036428937916882,2026-02-28
38077,2025,ND,0.2980456026058632,0.49983718658417453,0.39894139459501887,True,True,True,True,887.0,3.0,0.5454079014879425,2026-02-28
38081,2025,ND,0.2980456026058632,0.06903288830999674,0.18353924545793,True,True,True,True,1536.0,4.0,0.2124166239096973,2026-02-28
38083,2025,ND,0.2980456026058632,0.0019537609899055682,0.1499996817978844,True,True,True,True,1633.0,5.0,0.16264751154438173,2026-02-28
38089,2025,ND,0.2980456026058632,0.8840768479322696,0.5910612252690663,False,True,True,False,,,,2026-02-28
38093,2025,ND,0.2980456026058632,0.4369912080755454,0.36751840534070435,True,True,True,True,984.0,3.0,0.495638789122627,2026-02-28
38095,2025,ND,0.2980456026058632,0.020514490394008468,0.15928004649993585,True,True,True,True,1605.0,5.0,0.17701385325808106,2026-02-28
38097,2025,ND,0.2980456026058632,0.0638228590035819,0.18093423080472254,True,True,True,True,1538.0,4.0,0.21139045664443304,2026-02-28
38099,2025,ND,0.2980456026058632,0.1615109084988603,0.22977825555236175,True,True,True,True,1401.0,4.0,0.28168291431503334,2026-02-28
38101,2025,ND,0.2980456026058632,0.7902963204168023,0.5441709615113328,False,True,True,False,,,,2026-02-28
38103,2025,ND,0.2980456026058632,0.0035818951481602084,0.1508137488770117,True,True,True,True,1630.0,5.0,0.1641867624422781,2026-02-28
38105,2025,ND,0.2980456026058632,0.5441224356887008,0.421084019147282,True,True,True,True,821.0,3.0,0.5792714212416624,2026-02-28
39001,2025,OH,0.8956026058631922,0.7675024422012374,0.8315525240322148,False,True,True,False,,,,2026-02-28
39003,2025,OH,0.8956026058631922,0.8834255942689677,0.88951410006608,False,True,True,False,,,,2026-02-28
39005,2025,OH,0.8956026058631922,0.9221751872354282,0.9088888965493103,False,True,True,False,,,,2026-02-28
39007,2025,OH,0.8956026058631922,0.8759361771409964,0.8857693915020943,False,True,True,False,,,,2026-02-28
39009,2025,OH,0.8956026058631922,0.5337023770758711,0.7146524914695316,True,True,True,True,72.0,1.0,0.9635710620831196,2026-02-28
39011,2025,OH,0.8956026058631922,0.8892868772386845,0.8924447415509383,False,True,True,False,,,,2026-02-28
39013,2025,OH,0.8956026058631922,0.45620319114295016,0.6759028985030712,True,True,True,True,131.0,1.0,0.9332991277578245,2026-02-28
39015,2025,OH,0.8956026058631922,0.8088570498209052,0.8522298278420487,False,True,True,False,,,,2026-02-28
39017,2025,OH,0.8956026058631922,0.7971344838814718,0.8463685448723319,False,True,True,False,,,,2026-02-28
39019,2025,OH,0.8956026058631922,0.8808205796157603,0.8882115927394763,False,True,True,False,,,,2026-02-28
39021,2025,OH,0.8956026058631922,0.8303484207098665,0.8629755132865293,False,True,True,False,,,,2026-02-28
39023,2025,OH,0.8956026058631922,0.9579941387170303,0.9267983722901112,False,True,True,False,,,,2026-02-28
39025,2025,OH,0.8956026058631922,0.7088896125040703,0.8022461091836313,False,True,True,False,,,,2026-02-28
39027,2025,OH,0.8956026058631922,0.8023445131878867,0.8489735595255394,False,True,True,False,,,,2026-02-28
39029,2025,OH,0.8956026058631922,0.5268642136112016,0.7112334097371968,True,True,True,True,78.0,1.0,0.9604925602873269,2026-02-28
39031,2025,OH,0.8956026058631922,0.8003907521979811,0.8479966790305866,False,True,True,False,,,,2026-02-28
39033,2025,OH,0.8956026058631922,0.7346141322044937,0.815108369033843,False,True,True,False,,,,2026-02-28
39035,2025,OH,0.8956026058631922,0.9241289482253338,0.909865777044263,False,False,True,False,,,,2026-02-28
39037,2025,OH,0.8956026058631922,0.9400846629762293,0.9178436344197107,False,True,True,False,,,,2026-02-28
39039,2025,OH,0.8956026058631922,0.8769130576359492,0.8862578317495706,False,True,True,False,,,,2026-02-28
39041,2025,OH,0.8956026058631922,0.5450993161836535,0.7203509610234229,True,True,True,True,65.0,1.0,0.9671626475115443,2026-02-28
39043,2025,OH,0.8956026058631922,0.8593292087267991,0.8774659072949956,False,True,True,False,,,,2026-02-28
39045,2025,OH,0.8956026058631922,0.6235753826115272,0.7595889942373597,True,True,True,True,27.0,1.0,0.986659825551565,2026-02-28
39047,2025,OH,0.8956026058631922,0.7593617714099642,0.8274821886365782,False,True,True,False,,,,2026-02-28
39049,2025,OH,0.8956026058631922,0.5672419407359166,0.7314222732995543,True,False,True,False,,,,2026-02-28
39051,2025,OH,0.8956026058631922,0.8655161185281667,0.8805593621956794,False,True,True,False,,,,2026-02-28
39053,2025,OH,0.8956026058631922,0.4057310322370563,0.6506668190501242,True,True,True,True,165.0,1.0,0.9158542842483325,2026-02-28
39055,2025,OH,0.8956026058631922,0.8127645718007164,0.8541835888319542,False,True,True,False,,,,2026-02-28
39057,2025,OH,0.8956026058631922,0.8296971670465646,0.8626498864548784,False,True,True,False,,,,2026-02-28
39059,2025,OH,0.8956026058631922,0.6004558775643113,0.7480292417137517,True,True,True,True,35.0,1.0,0.982555156490508,2026-02-28
39061,2025,OH,0.8956026058631922,0.7492673396287854,0.8224349727459888,False,False,True,False,,,,2026-02-28
39063,2025,OH,0.8956026058631922,0.764571800716379,0.8300872032897856,False,True,True,False,,,,2026-02-28
39065,2025,OH,0.8956026058631922,0.7665255617062846,0.8310640837847384,False,True,True,False,,,,2026-02-28
39067,2025,OH,0.8956026058631922,0.23835884076847932,0.5669807233158357,True,True,True,True,346.0,1.0,0.822986146741919,2026-02-28
39069,2025,OH,0.8956026058631922,0.8801693259524584,0.8878859659078253,False,True,True,False,,,,2026-02-28
39071,2025,OH,0.8956026058631922,0.950179094757408,0.9228908503103002,False,True,True,False,,,,2026-02-28
39073,2025,OH,0.8956026058631922,0.8000651253663302,0.8478338656147613,False,True,True,False,,,,2026-02-28
39075,2025,OH,0.8956026058631922,0.7707587105177467,0.8331806581904695,False,True,True,False,,,,2026-02-28
39077,2025,OH,0.8956026058631922,0.8121133181374145,0.8538579620003033,False,True,True,False,,,,2026-02-28
39079,2025,OH,0.8956026058631922,0.23314881146206448,0.5643757086626283,True,True,True,True,351.0,1.0,0.8204207285787584,2026-02-28
39081,2025,OH,0.8956026058631922,0.7769456203191143,0.8362741130911533,False,True,True,False,,,,2026-02-28
39083,2025,OH,0.8956026058631922,0.9218495604037773,0.9087260831334847,False,True,True,False,,,,2026-02-28
39085,2025,OH,0.8956026058631922,0.8690980136763269,0.8823503097697596,False,False,True,False,,,,2026-02-28
39087,2025,OH,0.8956026058631922,0.5587756431129925,0.7271891244880924,True,True,True,True,55.0,1.0,0.9722934838378656,2026-02-28
39089,2025,OH,0.8956026058631922,0.6740475415174211,0.7848250736903066,False,True,True,False,,,,2026-02-28
39091,2025,OH,0.8956026058631922,0.927385216541843,0.9114939112025175,False,True,True,False,,,,2026-02-28
39093,2025,OH,0.8956026058631922,0.8420709866492999,0.868836796256246,False,True,True,False,,,,2026-02-28
39095,2025,OH,0.8956026058631922,0.9231520677303809,0.9093773367967866,False,False,True,False,,,,2026-02-28
39097,2025,OH,0.8956026058631922,0.5353305112341257,0.7154665585486589,True,True,True,True,71.0,1.0,0.9640841457157516,2026-02-28
39099,2025,OH,0.8956026058631922,0.9798111364376425,0.9377068711504173,False,True,True,False,,,,2026-02-28
39101,2025,OH,0.8956026058631922,0.9182676652556171,0.9069351355594046,False,True,True,False,,,,2026-02-28
39103,2025,OH,0.8956026058631922,0.8029957668511886,0.8492991863571904,False,True,True,False,,,,2026-02-28
39105,2025,OH,0.8956026058631922,0.14425268642136113,0.5199276461422766,True,True,True,True,486.0,2.0,0.7511544381734223,2026-02-28
39107,2025,OH,0.8956026058631922,0.9251058287202866,0.9103542172917394,False,True,True,False,,,,2026-02-28
39109,2025,OH,0.8956026058631922,0.8987300553565614,0.8971663306098767,False,True,True,False,,,,2026-02-28
39111,2025,OH,0.8956026058631922,0.7567567567567568,0.8261796813099744,False,True,True,False,,,,2026-02-28
39113,2025,OH,0.8956026058631922,0.8837512211006187,0.8896769134819054,False,False,True,False,,,,2026-02-28
39115,2025,OH,0.8956026058631922,0.45262129599478995,0.674111950928991,True,True,True,True,133.0,1.0,0.9322729604925603,2026-02-28
39117,2025,OH,0.8956026058631922,0.47574080104200583,0.685671703452599,True,True,True,True,116.0,1.0,0.9409953822473063,2026-02-28
39119,2025,OH,0.8956026058631922,0.8430478671442527,0.8693252365037225,False,True,True,False,,,,2026-02-28
39121,2025,OH,0.8956026058631922,0.5753826115271898,0.735492608695191,True,True,True,True,41.0,1.0,0.9794766546947152,2026-02-28
39123,2025,OH,0.8956026058631922,0.5213285574731358,0.708465581668164,True,True,True,True,80.0,1.0,0.9594663930220626,2026-02-28
39125,2025,OH,0.8956026058631922,0.64213611201563,0.7688693589394111,True,True,True,True,15.0,1.0,0.9928168291431503,2026-02-28
39127,2025,OH,0.8956026058631922,0.8918918918918919,0.893747248877542,False,True,True,False,,,,2026-02-28
39129,2025,OH,0.8956026058631922,0.7528492347769457,0.8242259203200689,False,True,True,False,,,,2026-02-28
39131,2025,OH,0.8956026058631922,0.5187235428199284,0.7071630743415602,True,True,True,True,83.0,1.0,0.9579271421241662,2026-02-28
39133,2025,OH,0.8956026058631922,0.8612829697167047,0.8784427877899484,False,True,True,False,,,,2026-02-28
39135,2025,OH,0.8956026058631922,0.9055682188212308,0.9005854123422115,False,True,True,False,,,,2026-02-28
39137,2025,OH,0.8956026058631922,0.9540866167372192,0.9248446113002057,False,True,True,False,,,,2026-02-28
39139,2025,OH,0.8956026058631922,0.9557147508954738,0.925658678379333,False,True,True,False,,,,2026-02-28
39141,2025,OH,0.8956026058631922,0.8830999674373168,0.8893512866502544,False,True,True,False,,,,2026-02-28
39143,2025,OH,0.8956026058631922,0.9371540214913708,0.9163783136772815,False,True,True,False,,,,2026-02-28
39145,2025,OH,0.8956026058631922,0.8762618039726473,0.8859322049179197,False,True,True,False,,,,2026-02-28
39147,2025,OH,0.8956026058631922,0.6939107782481276,0.7947566920556599,False,True,True,False,,,,2026-02-28
39149,2025,OH,0.8956026058631922,0.9651579290133507,0.9303802674382715,False,True,True,False,,,,2026-02-28
39151,2025,OH,0.8956026058631922,0.9417127971344839,0.918657701498838,False,True,True,False,,,,2026-02-28
39153,2025,OH,0.8956026058631922,0.8619342233800065,0.8787684146215993,False,False,True,False,,,,2026-02-28
39155,2025,OH,0.8956026058631922,0.958971019211983,0.9272868125375876,False,True,True,False,,,,2026-02-28
39157,2025,OH,0.8956026058631922,0.8609573428850538,0.878279974374123,False,True,True,False,,,,2026-02-28
39159,2025,OH,0.8956026058631922,0.6414848583523283,0.7685437321077602,True,True,True,True,16.0,1.0,0.9923037455105183,2026-02-28
39161,2025,OH,0.8956026058631922,0.9765548681211332,0.9360787369921627,False,True,True,False,,,,2026-02-28
39163,2025,OH,0.8956026058631922,0.8505372842722241,0.8730699450677082,False,True,True,False,,,,2026-02-28
39165,2025,OH,0.8956026058631922,0.6701400195376099,0.782871312700401,False,True,True,False,,,,2026-02-28
39167,2025,OH,0.8956026058631922,0.5464018235102572,0.7210022146867248,True,True,True,True,64.0,1.0,0.9676757311441765,2026-02-28
39169,2025,OH,0.8956026058631922,0.03223705633344188,0.463919831098317,True,True,True,True,665.0,2.0,0.6593124679322729,2026-02-28
39171,2025,OH,0.8956026058631922,0.7990882448713774,0.8473454253672847,False,True,True,False,,,,2026-02-28
39173,2025,OH,0.8956026058631922,0.6245522631064799,0.760077434484836,True,True,True,True,26.0,1.0,0.987172909184197,2026-02-28
39175,2025,OH,0.8956026058631922,0.8944969065450993,0.8950497562041457,False,True,True,False,,,,2026-02-28
40001,2025,OK,0.3416938110749186,0.7788993813090198,0.5602965961919693,False,True,True,False,,,,2026-02-28
40003,2025,OK,0.3416938110749186,0.0065125366330185605,0.17410317385396856,True,True,True,True,1560.0,4.0,0.20010261672652643,2026-02-28
40005,2025,OK,0.3416938110749186,0.873331162487789,0.6075124867813537,False,True,True,False,,,,2026-02-28
40007,2025,OK,0.3416938110749186,0.06219472484532725,0.2019442679601229,True,True,True,True,1475.0,4.0,0.24371472550025655,2026-02-28
40009,2025,OK,0.3416938110749186,0.751221100618691,0.5464574558468047,False,True,True,False,,,,2026-02-28
40011,2025,OK,0.3416938110749186,0.307717355910127,0.32470558349252276,True,True,True,True,1129.0,3.0,0.4212416623909697,2026-02-28
40013,2025,OK,0.3416938110749186,0.3565613806577662,0.3491275958663424,True,True,True,True,1042.0,3.0,0.46587993842996406,2026-02-28
40015,2025,OK,0.3416938110749186,0.18528166720937805,0.2634877391421483,True,True,True,True,1302.0,4.0,0.3324781939456131,2026-02-28
40017,2025,OK,0.3416938110749186,0.48941712797134485,0.4155554695231317,True,True,True,True,839.0,3.0,0.5700359158542843,2026-02-28
40019,2025,OK,0.3416938110749186,0.37935525887333116,0.36052453497412484,True,True,True,True,999.0,3.0,0.4879425346331452,2026-02-28
40021,2025,OK,0.3416938110749186,0.5665906870726147,0.45414224907376666,True,True,True,True,692.0,2.0,0.6454592098512058,2026-02-28
40023,2025,OK,0.3416938110749186,0.22468251383914034,0.2831881624570295,True,True,True,True,1250.0,4.0,0.35915854284248333,2026-02-28
40025,2025,OK,0.3416938110749186,0.1696515792901335,0.25567269518252606,True,True,True,True,1322.0,4.0,0.32221652129297074,2026-02-28
40027,2025,OK,0.3416938110749186,0.4877889938130902,0.41474140244400437,True,True,True,True,843.0,3.0,0.5679835813237558,2026-02-28
40029,2025,OK,0.3416938110749186,0.7525236079452947,0.5471087095101066,False,True,True,False,,,,2026-02-28
40031,2025,OK,0.3416938110749186,0.579290133507001,0.4604919722909598,True,True,True,True,676.0,2.0,0.6536685479733196,2026-02-28
40033,2025,OK,0.3416938110749186,0.683165092803647,0.5124294519392828,False,True,True,False,,,,2026-02-28
40035,2025,OK,0.3416938110749186,0.6838163464669489,0.5127550787709337,False,True,True,False,,,,2026-02-28
40037,2025,OK,0.3416938110749186,0.5916639531097363,0.46667888209232744,True,True,True,True,654.0,2.0,0.6649563878912262,2026-02-28
40039,2025,OK,0.3416938110749186,0.9309671116900032,0.636330461382461,False,True,True,False,,,,2026-02-28
40041,2025,OK,0.3416938110749186,0.42103549332464996,0.38136465219978427,True,True,True,True,946.0,3.0,0.5151359671626475,2026-02-28
40043,2025,OK,0.3416938110749186,0.13806577661999347,0.23987979384745603,True,True,True,True,1378.0,4.0,0.2934838378655721,2026-02-28
40045,2025,OK,0.3416938110749186,0.03158580267014002,0.1866398068725293,True,True,True,True,1523.0,4.0,0.21908671113391484,2026-02-28
40047,2025,OK,0.3416938110749186,0.6942364050797786,0.5179651080773486,False,True,True,False,,,,2026-02-28
40049,2025,OK,0.3416938110749186,0.5630087919244545,0.45235130149968655,True,True,True,True,693.0,2.0,0.6449461262185736,2026-02-28
40051,2025,OK,0.3416938110749186,0.75089547378704,0.5462946424309794,False,True,True,False,,,,2026-02-28
40053,2025,OK,0.3416938110749186,0.058938456528817976,0.20031613380186827,True,True,True,True,1479.0,4.0,0.24166239096972805,2026-02-28
40055,2025,OK,0.3416938110749186,0.04135460761966786,0.19152420934729322,True,True,True,True,1510.0,4.0,0.22575679835813237,2026-02-28
40057,2025,OK,0.3416938110749186,0.014978834255942689,0.17833632266543065,True,True,True,True,1546.0,4.0,0.2072857875833761,2026-02-28
40059,2025,OK,0.3416938110749186,0.09768804949527841,0.2196909302850985,True,True,True,True,1422.0,4.0,0.27090815802975887,2026-02-28
40061,2025,OK,0.3416938110749186,0.2526864213611202,0.2971901162180194,True,True,True,True,1213.0,4.0,0.37814263724987174,2026-02-28
40063,2025,OK,0.3416938110749186,0.4086616737219147,0.3751777423984166,True,True,True,True,968.0,3.0,0.5038481272447409,2026-02-28
40065,2025,OK,0.3416938110749186,0.32204493650276783,0.3318693737888432,True,True,True,True,1109.0,3.0,0.4315033350436121,2026-02-28
40067,2025,OK,0.3416938110749186,0.19635297948550962,0.26902339528021413,True,True,True,True,1285.0,4.0,0.34120061570035914,2026-02-28
40069,2025,OK,0.3416938110749186,0.7551286225985021,0.5484112168367103,False,True,True,False,,,,2026-02-28
40071,2025,OK,0.3416938110749186,0.24780201888635622,0.2947479149806374,True,True,True,True,1219.0,4.0,0.375064135454079,2026-02-28
40073,2025,OK,0.3416938110749186,0.5366330185607294,0.439163414817824,True,True,True,True,750.0,2.0,0.6157003591585428,2026-02-28
40075,2025,OK,0.3416938110749186,0.10061869098013676,0.22115625102752767,True,True,True,True,1418.0,4.0,0.2729604925602873,2026-02-28
40077,2025,OK,0.3416938110749186,0.11690003256268316,0.22929692181880088,True,True,True,True,1402.0,4.0,0.28116983068240126,2026-02-28
40079,2025,OK,0.3416938110749186,0.3448388147183328,0.3432663128966257,True,True,True,True,1063.0,3.0,0.4551051821446896,2026-02-28
40081,2025,OK,0.3416938110749186,0.5831976554868121,0.46244573328086536,True,True,True,True,667.0,2.0,0.6582863006670088,2026-02-28
40083,2025,OK,0.3416938110749186,0.28980788016932596,0.3157508456221223,True,True,True,True,1158.0,3.0,0.40636223704463825,2026-02-28
40085,2025,OK,0.3416938110749186,0.3386519049169652,0.3401728579959419,True,True,True,True,1077.0,3.0,0.4479220112878399,2026-02-28
40087,2025,OK,0.3416938110749186,0.44708563985672417,0.3943897254658214,True,True,True,True,898.0,3.0,0.5397639815289892,2026-02-28
40089,2025,OK,0.3416938110749186,0.04265711494627157,0.19217546301059507,True,True,True,True,1506.0,4.0,0.22780913288866086,2026-02-28
40091,2025,OK,0.3416938110749186,0.2660371214588082,0.3038654662668634,True,True,True,True,1190.0,4.0,0.3899435608004105,2026-02-28
40093,2025,OK,0.3416938110749186,0.5138391403451644,0.4277664757100415,True,True,True,True,792.0,3.0,0.5941508465879939,2026-02-28
40095,2025,OK,0.3416938110749186,0.2647346141322045,0.3032142126035615,True,True,True,True,1192.0,4.0,0.3889173935351462,2026-02-28
40097,2025,OK,0.3416938110749186,0.4050797785737545,0.37338679482433657,True,True,True,True,970.0,3.0,0.5028219599794767,2026-02-28
40099,2025,OK,0.3416938110749186,0.25952458482578966,0.3006091979503541,True,True,True,True,1202.0,4.0,0.38378655720882504,2026-02-28
40101,2025,OK,0.3416938110749186,0.48160208401172255,0.41164794754332057,True,True,True,True,855.0,3.0,0.5618265777321704,2026-02-28
40103,2025,OK,0.3416938110749186,0.6483230218169977,0.49500841644595817,True,True,True,True,565.0,2.0,0.7106208311954849,2026-02-28
40105,2025,OK,0.3416938110749186,0.5281667209378053,0.4349302660063619,True,True,True,True,766.0,2.0,0.6074910210364289,2026-02-28
40107,2025,OK,0.3416938110749186,0.6919570172582221,0.5168254141665704,False,True,True,False,,,,2026-02-28
40109,2025,OK,0.3416938110749186,0.3500488440247476,0.3458713275498331,True,False,True,False,,,,2026-02-28
40111,2025,OK,0.3416938110749186,0.42787365678931943,0.384783733932119,True,True,True,True,934.0,3.0,0.521292970754233,2026-02-28
40113,2025,OK,0.3416938110749186,0.35460761966786064,0.34815071537138964,True,True,True,True,1049.0,3.0,0.46228835300153925,2026-02-28
40115,2025,OK,0.3416938110749186,0.35591012699446434,0.34880196903469146,True,True,True,True,1043.0,3.0,0.465366854797332,2026-02-28
40117,2025,OK,0.3416938110749186,0.7430804298274177,0.5423871204511681,False,True,True,False,,,,2026-02-28
40119,2025,OK,0.3416938110749186,0.624226636274829,0.4829602236748738,True,True,True,True,601.0,2.0,0.6921498204207286,2026-02-28
40121,2025,OK,0.3416938110749186,0.48746336698143927,0.4145785890281789,True,True,True,True,845.0,3.0,0.5669574140584915,2026-02-28
40123,2025,OK,0.3416938110749186,0.31650928036470205,0.3291015457198103,True,True,True,True,1118.0,3.0,0.426885582349923,2026-02-28
40125,2025,OK,0.3416938110749186,0.8124389449690654,0.577066378021992,False,True,True,False,,,,2026-02-28
40127,2025,OK,0.3416938110749186,0.49365027678280693,0.41767204392886276,True,True,True,True,832.0,3.0,0.5736275012827091,2026-02-28
40129,2025,OK,0.3416938110749186,0.303158580267014,0.3224261956709663,True,True,True,True,1137.0,3.0,0.4171369933299128,2026-02-28
40131,2025,OK,0.3416938110749186,0.45359817648974277,0.3976459937823307,True,True,True,True,889.0,3.0,0.5443817342226783,2026-02-28
40133,2025,OK,0.3416938110749186,0.4080104200586128,0.3748521155667657,True,True,True,True,969.0,3.0,0.5033350436121088,2026-02-28
40135,2025,OK,0.3416938110749186,0.4669488765874308,0.4043213438311747,True,True,True,True,877.0,3.0,0.5505387378142638,2026-02-28
40137,2025,OK,0.3416938110749186,0.5766851188537936,0.4591894649643561,True,True,True,True,683.0,2.0,0.6500769625448948,2026-02-28
40139,2025,OK,0.3416938110749186,0.23738196027352654,0.28953788567422256,True,True,True,True,1234.0,4.0,0.3673678809645972,2026-02-28
40141,2025,OK,0.3416938110749186,0.09019863236730706,0.21594622172111283,True,True,True,True,1436.0,4.0,0.2637249871729092,2026-02-28
40143,2025,OK,0.3416938110749186,0.5884076847932269,0.46505074793407275,True,False,True,False,,,,2026-02-28
40145,2025,OK,0.3416938110749186,0.4962552914360143,0.41897455125546645,True,True,True,True,826.0,3.0,0.5767060030785018,2026-02-28
40147,2025,OK,0.3416938110749186,0.6750244220123738,0.5083591165436462,False,True,True,False,,,,2026-02-28
40149,2025,OK,0.3416938110749186,0.5424943015304461,0.44209405630268234,True,True,True,True,738.0,2.0,0.6218573627501283,2026-02-28
40151,2025,OK,0.3416938110749186,0.14522956691631392,0.24346168899561627,True,True,True,True,1360.0,4.0,0.30271934325295025,2026-02-28
40153,2025,OK,0.3416938110749186,0.38293715402149137,0.362315482548205,True,True,True,True,995.0,3.0,0.4899948691636737,2026-02-28
41001,2025,OR,0.1262214983713355,0.5551937479648323,0.3407076231680839,True,True,True,True,1073.0,3.0,0.44997434581836837,2026-02-28
41003,2025,OR,0.1262214983713355,0.407359166395311,0.2667903323833233,True,True,True,True,1296.0,4.0,0.33555669574140584,2026-02-28
41005,2025,OR,0.1262214983713355,0.30511234125691955,0.21566691981412753,True,True,True,True,1438.0,4.0,0.26269881990764493,2026-02-28
41007,2025,OR,0.1262214983713355,0.2334744382937154,0.17984796833252545,True,True,True,True,1542.0,4.0,0.20933812211390457,2026-02-28
41009,2025,OR,0.1262214983713355,0.2956691631390427,0.2109453307551891,True,True,True,True,1458.0,4.0,0.25243714725500255,2026-02-28
41011,2025,OR,0.1262214983713355,0.2194724845327255,0.1728469914520305,True,True,True,True,1564.0,5.0,0.19805028219599793,2026-02-28
41013,2025,OR,0.1262214983713355,0.2738521654184305,0.200036831894883,True,True,True,True,1481.0,4.0,0.24063622370446383,2026-02-28
41015,2025,OR,0.1262214983713355,0.18625854770433084,0.1562400230378332,True,True,True,True,1614.0,5.0,0.172396100564392,2026-02-28
41017,2025,OR,0.1262214983713355,0.24128948225333768,0.1837554903123366,True,True,True,True,1533.0,4.0,0.21395587480759365,2026-02-28
41019,2025,OR,0.1262214983713355,0.35167697818300225,0.23894923827716888,True,True,True,True,1380.0,4.0,0.29245767060030786,2026-02-28
41021,2025,OR,0.1262214983713355,0.8244871377401498,0.4753543180557427,False,True,True,False,,,,2026-02-28
41023,2025,OR,0.1262214983713355,0.42885053728427225,0.2775360178278039,True,True,True,True,1255.0,4.0,0.35659312467932275,2026-02-28
41025,2025,OR,0.1262214983713355,0.3611201563008792,0.24367082733610734,True,True,True,True,1359.0,4.0,0.30323242688558233,2026-02-28
41027,2025,OR,0.1262214983713355,0.2562683165092804,0.19124490744030795,True,True,True,True,1512.0,4.0,0.22473063109286814,2026-02-28
41029,2025,OR,0.1262214983713355,0.2448713774014979,0.1855464378864167,True,True,True,True,1527.0,4.0,0.21703437660338634,2026-02-28
41031,2025,OR,0.1262214983713355,0.3262780853142299,0.2262497918427827,True,True,True,True,1409.0,4.0,0.2775782452539764,2026-02-28
41033,2025,OR,0.1262214983713355,0.20514490394008467,0.16568320115571009,True,True,True,True,1583.0,5.0,0.1883016931759877,2026-02-28
41035,2025,OR,0.1262214983713355,0.5864539238033214,0.3563377110873285,True,True,True,True,1019.0,3.0,0.4776808619805028,2026-02-28
41037,2025,OR,0.1262214983713355,0.4995115597525236,0.3128665290619296,True,True,True,True,1165.0,3.0,0.40277065161621345,2026-02-28
41039,2025,OR,0.1262214983713355,0.29599478997069356,0.21110814417101453,True,True,True,True,1456.0,4.0,0.2534633145202668,2026-02-28
41041,2025,OR,0.1262214983713355,0.26440898730055357,0.19531524283594454,True,True,True,True,1496.0,4.0,0.23293996921498203,2026-02-28
41043,2025,OR,0.1262214983713355,0.41615109084988605,0.2711862946106108,True,True,True,True,1278.0,4.0,0.344792201128784,2026-02-28
41045,2025,OR,0.1262214983713355,0.32334744382937153,0.22478447110035352,True,True,True,True,1411.0,4.0,0.2765520779887122,2026-02-28
41047,2025,OR,0.1262214983713355,0.27906219472484534,0.20264184654809042,True,True,True,True,1473.0,4.0,0.24474089276552077,2026-02-28
41049,2025,OR,0.1262214983713355,0.5760338651904917,0.3511276817809136,True,True,True,True,1035.0,3.0,0.4694715238583889,2026-02-28
41051,2025,OR,0.1262214983713355,0.18202539889286878,0.15412344863210214,True,False,True,False,,,,2026-02-28
41053,2025,OR,0.1262214983713355,0.36535330511234126,0.24578740174183838,True,True,True,True,1354.0,4.0,0.30579784504874297,2026-02-28
41055,2025,OR,0.1262214983713355,0.6486486486486487,0.38743507350999207,True,True,True,True,925.0,3.0,0.525910723447922,2026-02-28
41057,2025,OR,0.1262214983713355,0.17974601107131227,0.1529837547213239,True,True,True,True,1619.0,5.0,0.1698306824012314,2026-02-28
41059,2025,OR,0.1262214983713355,0.3809833930315858,0.2536024457014606,True,True,True,True,1333.0,4.0,0.31657260133401743,2026-02-28
41061,2025,OR,0.1262214983713355,0.7730380983393031,0.44962979835531935,False,True,True,False,,,,2026-02-28
41063,2025,OR,0.1262214983713355,0.4542494301530446,0.29023546426219005,True,True,True,True,1230.0,4.0,0.3694202154951257,2026-02-28
41065,2025,OR,0.1262214983713355,0.34093129273852163,0.23357639555492857,True,True,True,True,1388.0,4.0,0.2883530015392509,2026-02-28
41067,2025,OR,0.1262214983713355,0.19895799413871704,0.16258974625502626,True,True,True,True,1597.0,5.0,0.18111852231913803,2026-02-28
41069,2025,OR,0.1262214983713355,0.3985672419407359,0.26239437015603573,True,True,True,True,1305.0,4.0,0.33093894304771676,2026-02-28
41071,2025,OR,0.1262214983713355,0.29957668511885377,0.21289909174509464,True,True,True,True,1449.0,4.0,0.25705489994869163,2026-02-28
42001,2025,PA,0.8371335504885994,0.7867144252686421,0.8119239878786207,False,True,True,False,,,,2026-02-28
42003,2025,PA,0.8371335504885994,0.5323998697492673,0.6847667101189334,True,False,True,False,,,,2026-02-28
42005,2025,PA,0.8371335504885994,0.2311950504721589,0.5341643004803791,True,True,True,True,432.0,2.0,0.7788609543355567,2026-02-28
42007,2025,PA,0.8371335504885994,0.8583523282318463,0.8477429393602228,False,True,True,False,,,,2026-02-28
42009,2025,PA,0.8371335504885994,0.5812438944969065,0.7091887224927529,True,True,True,True,79.0,1.0,0.9599794766546947,2026-02-28
42011,2025,PA,0.8371335504885994,0.8648648648648649,0.8509992076767321,False,True,True,False,,,,2026-02-28
42013,2025,PA,0.8371335504885994,0.7131227613155324,0.775128155902066,False,True,True,False,,,,2026-02-28
42015,2025,PA,0.8371335504885994,0.7505698469553891,0.7938516987219942,False,True,True,False,,,,2026-02-28
42017,2025,PA,0.8371335504885994,0.8082057961576034,0.8226696733231014,False,False,True,False,,,,2026-02-28
42019,2025,PA,0.8371335504885994,0.4679257570823836,0.6525296537854914,True,True,True,True,162.0,1.0,0.9173935351462288,2026-02-28
42021,2025,PA,0.8371335504885994,0.029306414848583522,0.43321998266859146,True,True,True,True,770.0,2.0,0.6054386865059005,2026-02-28
42023,2025,PA,0.8371335504885994,0.02702702702702703,0.43208028875781324,True,True,True,True,775.0,2.0,0.6028732683427399,2026-02-28
42025,2025,PA,0.8371335504885994,0.6574405731032237,0.7472870617959115,True,True,True,True,36.0,1.0,0.9820420728578758,2026-02-28
42027,2025,PA,0.8371335504885994,0.6095734288505373,0.7233534896695684,True,True,True,True,60.0,1.0,0.9697280656747049,2026-02-28
42029,2025,PA,0.8371335504885994,0.7961576033865191,0.8166455769375592,False,True,True,False,,,,2026-02-28
42031,2025,PA,0.8371335504885994,0.7222403126017584,0.7796869315451789,False,True,True,False,,,,2026-02-28
42033,2025,PA,0.8371335504885994,0.10810810810810811,0.47262082929835375,True,True,True,True,634.0,2.0,0.6752180605438687,2026-02-28
42035,2025,PA,0.8371335504885994,0.5395636600455878,0.6883486052670935,True,True,True,True,113.0,1.0,0.9425346331452027,2026-02-28
42037,2025,PA,0.8371335504885994,0.3796808857049821,0.6084072180967908,True,True,True,True,249.0,1.0,0.8727552591072345,2026-02-28
42039,2025,PA,0.8371335504885994,0.389124063822859,0.6131288071557293,True,True,True,True,238.0,1.0,0.8783991790661878,2026-02-28
42041,2025,PA,0.8371335504885994,0.7802018886356236,0.8086677195621115,False,True,True,False,,,,2026-02-28
42043,2025,PA,0.8371335504885994,0.8749592966460437,0.8560464235673215,False,True,True,False,,,,2026-02-28
42045,2025,PA,0.8371335504885994,0.7658743080429827,0.8015039292657911,False,False,True,False,,,,2026-02-28
42047,2025,PA,0.8371335504885994,0.2484532725496581,0.5427934115191287,True,True,True,True,407.0,2.0,0.7916880451513597,2026-02-28
42049,2025,PA,0.8371335504885994,0.9609247802018887,0.899029165345244,False,True,True,False,,,,2026-02-28
42051,2025,PA,0.8371335504885994,0.36372517095408663,0.600429360721343,True,True,True,True,268.0,1.0,0.8630066700872242,2026-02-28
42053,2025,PA,0.8371335504885994,0.20253988928687724,0.5198367198877383,True,True,True,True,489.0,2.0,0.7496151872755259,2026-02-28
42055,2025,PA,0.8371335504885994,0.6190166069684142,0.7280750787285069,True,True,True,True,51.0,1.0,0.9743458183683941,2026-02-28
42057,2025,PA,0.8371335504885994,0.44187561055030933,0.6395045805194544,True,True,True,True,181.0,1.0,0.9076449461262186,2026-02-28
42059,2025,PA,0.8371335504885994,0.15467274503419082,0.4959031477613951,True,True,True,True,559.0,2.0,0.7136993329912775,2026-02-28
42061,2025,PA,0.8371335504885994,0.4620644741126669,0.6495990123006331,True,True,True,True,167.0,1.0,0.9148281169830682,2026-02-28
42063,2025,PA,0.8371335504885994,0.6828394659719961,0.7599865082302977,False,True,True,False,,,,2026-02-28
42065,2025,PA,0.8371335504885994,0.47313578638879844,0.6551346684386989,True,True,True,True,159.0,1.0,0.9189327860441252,2026-02-28
42067,2025,PA,0.8371335504885994,0.35135135135135137,0.5942424509199754,True,True,True,True,279.0,1.0,0.8573627501282709,2026-02-28
42069,2025,PA,0.8371335504885994,0.9879518072289156,0.9125426788587575,False,True,True,False,,,,2026-02-28
42071,2025,PA,0.8371335504885994,0.8560729404102898,0.8466032454494445,False,True,True,False,,,,2026-02-28
42073,2025,PA,0.8371335504885994,0.4239661348095083,0.6305498426490539,True,True,True,True,208.0,1.0,0.8937916880451514,2026-02-28
42075,2025,PA,0.8371335504885994,0.8866818625854771,0.8619077065370382,False,True,True,False,,,,2026-02-28
42077,2025,PA,0.8371335504885994,0.8616085965483555,0.8493710735184774,False,False,True,False,,,,2026-02-28
42079,2025,PA,0.8371335504885994,0.8622598502116574,0.8496967003501283,False,True,True,False,,,,2026-02-28
42081,2025,PA,0.8371335504885994,0.6948876587430804,0.7660106046158399,False,True,True,False,,,,2026-02-28
42083,2025,PA,0.8371335504885994,0.298599804623901,0.5678666775562502,True,True,True,True,342.0,1.0,0.8250384812724474,2026-02-28
42085,2025,PA,0.8371335504885994,0.5529143601432758,0.6950239553159376,True,True,True,True,103.0,1.0,0.9476654694715239,2026-02-28
42087,2025,PA,0.8371335504885994,0.9446434386193422,0.8908884945539708,False,True,True,False,,,,2026-02-28
42089,2025,PA,0.8371335504885994,0.41061543471182027,0.6238744926002098,True,True,True,True,222.0,1.0,0.8866085171883017,2026-02-28
42091,2025,PA,0.8371335504885994,0.6675350048844024,0.752334277686501,False,False,True,False,,,,2026-02-28
42093,2025,PA,0.8371335504885994,0.5701725822207749,0.7036530663546872,True,True,True,True,94.0,1.0,0.9522832221652129,2026-02-28
42095,2025,PA,0.8371335504885994,0.7548029957668512,0.7959682731277253,False,True,True,False,,,,2026-02-28
42097,2025,PA,0.8371335504885994,0.8844024747639205,0.86076801262626,False,True,True,False,,,,2026-02-28
42099,2025,PA,0.8371335504885994,0.6460436339954412,0.7415885922420202,True,True,True,True,38.0,1.0,0.9810159055926116,2026-02-28
42101,2025,PA,0.8371335504885994,0.3549332464995116,0.5960333984940555,True,False,True,False,,,,2026-02-28
42103,2025,PA,0.8371335504885994,0.7310322370563335,0.7840828937724664,False,True,True,False,,,,2026-02-28
42105,2025,PA,0.8371335504885994,0.22793878215564964,0.5325361663221245,True,True,True,True,439.0,2.0,0.7752693689071318,2026-02-28
42107,2025,PA,0.8371335504885994,0.9680885704982091,0.9026110604934042,False,True,True,False,,,,2026-02-28
42109,2025,PA,0.8371335504885994,0.22826440898730055,0.53269897973795,True,True,True,True,438.0,2.0,0.775782452539764,2026-02-28
42111,2025,PA,0.8371335504885994,0.3021816997720612,0.5696576251303302,True,True,True,True,340.0,1.0,0.8260646485377117,2026-02-28
42113,2025,PA,0.8371335504885994,0.9280364702051449,0.8825850103468722,False,True,True,False,,,,2026-02-28
42115,2025,PA,0.8371335504885994,0.5542168674698795,0.6956752089792395,True,True,True,True,101.0,1.0,0.9486916367367881,2026-02-28
42117,2025,PA,0.8371335504885994,0.5718007163790296,0.7044671334338145,True,True,True,True,91.0,1.0,0.9538224730631093,2026-02-28
42119,2025,PA,0.8371335504885994,0.8117876913057636,0.8244606208971814,False,True,True,False,,,,2026-02-28
42121,2025,PA,0.8371335504885994,0.31422989254314554,0.5756817215158725,True,True,True,True,326.0,1.0,0.8332478193945613,2026-02-28
42123,2025,PA,0.8371335504885994,0.5372842722240313,0.6872089113563153,True,True,True,True,115.0,1.0,0.9415084658799384,2026-02-28
42125,2025,PA,0.8371335504885994,0.4395962227287529,0.6383648866086762,True,True,True,True,187.0,1.0,0.9045664443304259,2026-02-28
42127,2025,PA,0.8371335504885994,0.6115271898404429,0.7243303701645212,True,True,True,True,59.0,1.0,0.9702411493073371,2026-02-28
42129,2025,PA,0.8371335504885994,0.5017909475740802,0.6694622490313398,True,True,True,True,140.0,1.0,0.9286813750641355,2026-02-28
42131,2025,PA,0.8371335504885994,0.4093129273852165,0.6232232389369079,True,True,True,True,224.0,1.0,0.8855823499230374,2026-02-28
42133,2025,PA,0.8371335504885994,0.8515141647671768,0.8443238576278881,False,True,True,False,,,,2026-02-28
44001,2025,RI,0.9925081433224756,0.8590035818951481,0.9257558626088118,False,False,True,False,,,,2026-02-28
44003,2025,RI,0.9925081433224756,0.9127320091175513,0.9526200762200134,False,True,True,False,,,,2026-02-28
44005,2025,RI,0.9925081433224756,0.864539238033214,0.9285236906778448,False,True,True,False,,,,2026-02-28
44007,2025,RI,0.9925081433224756,0.900358189514816,0.9464331664186458,False,False,True,False,,,,2026-02-28
44009,2025,RI,0.9925081433224756,0.931943992184956,0.9622260677537158,False,True,True,False,,,,2026-02-28
45001,2025,SC,0.36172638436482085,0.26636274829045914,0.31404456632764,True,True,True,True,1163.0,3.0,0.40379681888147767,2026-02-28
45003,2025,SC,0.36172638436482085,0.3298599804623901,0.34579318241360546,True,True,True,True,1056.0,3.0,0.4586967675731144,2026-02-28
45005,2025,SC,0.36172638436482085,0.045262129599479,0.20349425698214993,True,True,True,True,1472.0,4.0,0.2452539763981529,2026-02-28
45007,2025,SC,0.36172638436482085,0.7723868446760013,0.567056614520411,False,True,True,False,,,,2026-02-28
45009,2025,SC,0.36172638436482085,0.5151416476717682,0.4384340160182945,True,True,True,True,753.0,2.0,0.6141611082606465,2026-02-28
45011,2025,SC,0.36172638436482085,0.07294041028980788,0.21733339732731438,True,True,True,True,1431.0,4.0,0.2662904053360698,2026-02-28
45013,2025,SC,0.36172638436482085,0.48713774014978833,0.42443206225730457,True,True,True,True,804.0,3.0,0.5879938429964084,2026-02-28
45015,2025,SC,0.36172638436482085,0.371214588082058,0.3664704862234394,True,True,True,True,986.0,3.0,0.49461262185736277,2026-02-28
45017,2025,SC,0.36172638436482085,0.27580592640833607,0.3187661553865785,True,True,True,True,1148.0,3.0,0.4114930733709595,2026-02-28
45019,2025,SC,0.36172638436482085,0.7583848909150114,0.5600556376399162,False,True,True,False,,,,2026-02-28
45021,2025,SC,0.36172638436482085,0.08368609573428851,0.2227062400495547,True,True,True,True,1416.0,4.0,0.27398665982555154,2026-02-28
45023,2025,SC,0.36172638436482085,0.33344187561055033,0.3475841299876856,True,True,True,True,1050.0,3.0,0.4617752693689071,2026-02-28
45025,2025,SC,0.36172638436482085,0.09540866167372192,0.22856752301927138,True,True,True,True,1403.0,4.0,0.2806567470497691,2026-02-28
45027,2025,SC,0.36172638436482085,0.07880169325952459,0.2202640388121727,True,True,True,True,1420.0,4.0,0.2719343252950231,2026-02-28
45029,2025,SC,0.36172638436482085,0.6102246825138391,0.48597553343933,True,True,True,True,594.0,2.0,0.6957414058491534,2026-02-28
45031,2025,SC,0.36172638436482085,0.3239986974926734,0.34286254092874713,True,True,True,True,1064.0,3.0,0.45459209851205745,2026-02-28
45033,2025,SC,0.36172638436482085,0.041028980788016936,0.2013776825764189,True,True,True,True,1477.0,4.0,0.2426885582349923,2026-02-28
45035,2025,SC,0.36172638436482085,0.3191142950179095,0.3404203396913652,True,True,True,True,1075.0,3.0,0.44894817855310415,2026-02-28
45037,2025,SC,0.36172638436482085,0.4356887007489417,0.3987075425568813,True,True,True,True,888.0,3.0,0.5448948178553105,2026-02-28
45039,2025,SC,0.36172638436482085,0.02474763920547053,0.19323701178514568,True,True,True,True,1502.0,4.0,0.22986146741918934,2026-02-28
45041,2025,SC,0.36172638436482085,0.4829045913383263,0.4223154878515736,True,True,True,True,815.0,3.0,0.5823499230374551,2026-02-28
45043,2025,SC,0.36172638436482085,0.42331488114620647,0.39252063275551363,True,True,True,True,906.0,3.0,0.5356593124679323,2026-02-28
45045,2025,SC,0.36172638436482085,0.4194073591663953,0.3905668717656081,True,True,True,True,913.0,3.0,0.5320677270395074,2026-02-28
45047,2025,SC,0.36172638436482085,0.2569195701725822,0.3093229772687015,True,True,True,True,1174.0,4.0,0.39815289892252437,2026-02-28
45049,2025,SC,0.36172638436482085,0.11234125691957017,0.23703382064219553,True,True,True,True,1384.0,4.0,0.29040533606977936,2026-02-28
45051,2025,SC,0.36172638436482085,0.15532399869749267,0.2585251915311568,True,True,True,True,1315.0,4.0,0.3258081067213956,2026-02-28
45053,2025,SC,0.36172638436482085,0.5805926408336047,0.4711595125992128,True,True,True,True,636.0,2.0,0.6741918932786044,2026-02-28
45055,2025,SC,0.36172638436482085,0.5607294041028981,0.46122789423385946,True,True,True,True,672.0,2.0,0.6557208825038481,2026-02-28
45057,2025,SC,0.36172638436482085,0.27548029957668513,0.318603341970753,True,True,True,True,1149.0,3.0,0.41097998973832733,2026-02-28
45059,2025,SC,0.36172638436482085,0.01953760989905568,0.19063199713193826,True,True,True,True,1514.0,4.0,0.2237044638276039,2026-02-28
45061,2025,SC,0.36172638436482085,0.03386519049169651,0.19779578742825868,True,True,True,True,1489.0,4.0,0.2365315546434069,2026-02-28
45063,2025,SC,0.36172638436482085,0.40963855421686746,0.38568246929084415,True,True,True,True,932.0,3.0,0.5223191380194971,2026-02-28
45065,2025,SC,0.36172638436482085,0.8941712797134483,0.6279488320391347,False,True,True,False,,,,2026-02-28
45067,2025,SC,0.36172638436482085,0.4099641810485184,0.3858452827066696,True,True,True,True,931.0,3.0,0.5228322216521293,2026-02-28
45069,2025,SC,0.36172638436482085,0.005535656138065777,0.18363102025144332,True,True,True,True,1534.0,4.0,0.2134427911749615,2026-02-28
45071,2025,SC,0.36172638436482085,0.18430478671442527,0.2730155855396231,True,True,True,True,1272.0,4.0,0.3478707029245767,2026-02-28
45073,2025,SC,0.36172638436482085,0.6239010094431782,0.4928136969039995,True,True,True,True,575.0,2.0,0.7054899948691636,2026-02-28
45075,2025,SC,0.36172638436482085,0.2907847606642787,0.3262555725145498,True,True,True,True,1125.0,3.0,0.4232939969214982,2026-02-28
45077,2025,SC,0.36172638436482085,0.5776619993487463,0.46969419185678357,True,True,True,True,641.0,2.0,0.6716264751154438,2026-02-28
45079,2025,SC,0.36172638436482085,0.49918593292087265,0.43045615864284675,True,True,True,True,780.0,2.0,0.6003078501795792,2026-02-28
45081,2025,SC,0.36172638436482085,0.5379355258873331,0.44983095512607696,True,True,True,True,706.0,2.0,0.638276038994356,2026-02-28
45083,2025,SC,0.36172638436482085,0.5291436014327581,0.44543499289878946,True,True,True,True,726.0,2.0,0.6280143663417137,2026-02-28
45085,2025,SC,0.36172638436482085,0.4448062520351677,0.40326631819999426,True,True,True,True,880.0,3.0,0.5489994869163674,2026-02-28
45087,2025,SC,0.36172638436482085,0.08401172256593943,0.22286905346538013,True,True,True,True,1415.0,4.0,0.2744997434581837,2026-02-28
45089,2025,SC,0.36172638436482085,0.17811787691305764,0.2699221306389392,True,True,True,True,1283.0,4.0,0.3422267829656234,2026-02-28
45091,2025,SC,0.36172638436482085,0.3585151416476718,0.3601207630062463,True,True,True,True,1003.0,3.0,0.48589020010261674,2026-02-28
46005,2025,SD,0.31319218241042346,0.23510257245197005,0.27414737743119677,True,True,True,True,1269.0,4.0,0.3494099538224731,2026-02-28
46007,2025,SD,0.31319218241042346,0.0348420709866493,0.1740171266985364,True,True,True,True,1561.0,5.0,0.1995895330938943,2026-02-28
46009,2025,SD,0.31319218241042346,0.35102572451970043,0.332108953465062,True,True,True,True,1107.0,3.0,0.4325295023088763,2026-02-28
46011,2025,SD,0.31319218241042346,0.7079127320091175,0.5105524572097705,False,True,True,False,,,,2026-02-28
46013,2025,SD,0.31319218241042346,0.615434711820254,0.46431344711533873,True,True,True,True,662.0,2.0,0.6608517188301694,2026-02-28
46015,2025,SD,0.31319218241042346,0.7942038423966135,0.5536980124035185,False,True,True,False,,,,2026-02-28
46019,2025,SD,0.31319218241042346,0.09117551286225985,0.20218384763634165,True,True,True,True,1474.0,4.0,0.24422780913288866,2026-02-28
46021,2025,SD,0.31319218241042346,0.12471507652230544,0.21895362946636446,True,True,True,True,1425.0,4.0,0.2693689071318625,2026-02-28
46023,2025,SD,0.31319218241042346,0.8798436991208075,0.5965179407656155,False,True,True,False,,,,2026-02-28
46025,2025,SD,0.31319218241042346,0.47899706935851516,0.3960946258844693,True,True,True,True,893.0,3.0,0.5423293996921498,2026-02-28
46027,2025,SD,0.31319218241042346,0.9244545750569847,0.6188233787337041,False,True,True,False,,,,2026-02-28
46029,2025,SD,0.31319218241042346,0.289482253337675,0.3013372178740492,True,True,True,True,1198.0,4.0,0.38583889173935354,2026-02-28
46031,2025,SD,0.31319218241042346,0.9150113969391078,0.6141017896747656,False,True,True,False,,,,2026-02-28
46033,2025,SD,0.31319218241042346,0.4949527841094106,0.40407248325991707,True,True,True,True,878.0,3.0,0.5500256541816316,2026-02-28
46035,2025,SD,0.31319218241042346,0.6633018560729405,0.48824701924168196,True,True,True,True,587.0,2.0,0.6993329912775782,2026-02-28
46037,2025,SD,0.31319218241042346,0.19602735265385868,0.25460976753214104,True,True,True,True,1328.0,4.0,0.319138019497178,2026-02-28
46039,2025,SD,0.31319218241042346,0.37219146857701074,0.34269182549371713,True,True,True,True,1066.0,3.0,0.45356593124679323,2026-02-28
46045,2025,SD,0.31319218241042346,0.6405079778573755,0.47685008013389946,True,True,True,True,622.0,2.0,0.6813750641354541,2026-02-28
46047,2025,SD,0.31319218241042346,0.2891566265060241,0.30117440445822374,True,True,True,True,1199.0,4.0,0.3853258081067214,2026-02-28
46051,2025,SD,0.31319218241042346,0.10941061543471182,0.21130139892256763,True,True,True,True,1454.0,4.0,0.25448948178553105,2026-02-28
46057,2025,SD,0.31319218241042346,0.8788668186258548,0.5960295005181391,False,True,True,False,,,,2026-02-28
46059,2025,SD,0.31319218241042346,0.20872679908824487,0.26095949074933417,True,True,True,True,1310.0,4.0,0.3283735248845562,2026-02-28
46063,2025,SD,0.31319218241042346,0.8453272549658092,0.5792597186881163,False,True,True,False,,,,2026-02-28
46065,2025,SD,0.31319218241042346,0.5913383262780854,0.4522652543442544,True,True,True,True,695.0,2.0,0.6439199589533093,2026-02-28
46067,2025,SD,0.31319218241042346,0.29664604363399544,0.3049191130222094,True,True,True,True,1187.0,4.0,0.39148281169830684,2026-02-28
46071,2025,SD,0.31319218241042346,0.08694236405079779,0.20006727323061063,True,True,True,True,1480.0,4.0,0.24114930733709594,2026-02-28
46073,2025,SD,0.31319218241042346,0.08661673721914685,0.19990445981478516,True,True,True,True,1483.0,4.0,0.23961005643919958,2026-02-28
46077,2025,SD,0.31319218241042346,0.809833930315858,0.5615130563631408,False,True,True,False,,,,2026-02-28
46079,2025,SD,0.31319218241042346,0.8489091501139694,0.5810506662621964,False,True,True,False,,,,2026-02-28
46081,2025,SD,0.31319218241042346,0.3751221100618691,0.34415714623614624,True,True,True,True,1060.0,3.0,0.45664443304258595,2026-02-28
46083,2025,SD,0.31319218241042346,0.4461087593617714,0.37965047088609744,True,True,True,True,953.0,3.0,0.5115443817342227,2026-02-28
46087,2025,SD,0.31319218241042346,0.5197004233148812,0.41644630286265233,True,True,True,True,837.0,3.0,0.5710620831195485,2026-02-28
46091,2025,SD,0.31319218241042346,0.13155323998697493,0.2223727111986992,True,True,True,True,1417.0,4.0,0.27347357619291945,2026-02-28
46093,2025,SD,0.31319218241042346,0.36600455877564314,0.3395983705930333,True,True,True,True,1079.0,3.0,0.4468958440225757,2026-02-28
46097,2025,SD,0.31319218241042346,0.5828720286551612,0.4480321055327923,True,True,True,True,711.0,2.0,0.6357106208311954,2026-02-28
46099,2025,SD,0.31319218241042346,0.5030934549006838,0.40814281865555363,True,True,True,True,864.0,3.0,0.5572088250384812,2026-02-28
46101,2025,SD,0.31319218241042346,0.629111038749593,0.4711516105800082,True,True,True,True,637.0,2.0,0.6736788096459723,2026-02-28
46103,2025,SD,0.31319218241042346,0.5027678280690329,0.40798000523972816,True,True,True,True,865.0,3.0,0.5566957414058491,2026-02-28
46105,2025,SD,0.31319218241042346,0.7896450667535004,0.5514186245819619,False,True,True,False,,,,2026-02-28
46107,2025,SD,0.31319218241042346,0.6994464343861935,0.5063193083983084,False,True,True,False,,,,2026-02-28
46109,2025,SD,0.31319218241042346,0.07163790296320417,0.1924150426868138,True,True,True,True,1504.0,4.0,0.2288353001539251,2026-02-28
46111,2025,SD,0.31319218241042346,0.06870726147834581,0.19094972194438464,True,True,True,True,1513.0,4.0,0.224217547460236,2026-02-28
46115,2025,SD,0.31319218241042346,0.674373168349072,0.49378267537974774,False,True,True,False,,,,2026-02-28
46117,2025,SD,0.31319218241042346,0.12211006186909801,0.21765112213976073,True,True,True,True,1429.0,4.0,0.267316572601334,2026-02-28
46119,2025,SD,0.31319218241042346,0.08042982741777922,0.19681100491410133,True,True,True,True,1493.0,4.0,0.2344792201128784,2026-02-28
46123,2025,SD,0.31319218241042346,0.14262455226310647,0.22790836733676495,True,True,True,True,1407.0,4.0,0.2786044125192406,2026-02-28
46125,2025,SD,0.31319218241042346,0.543145555193748,0.4281688688020857,True,True,True,True,791.0,3.0,0.5946639302206259,2026-02-28
46127,2025,SD,0.31319218241042346,0.4539238033213937,0.3835579928659086,True,True,True,True,936.0,3.0,0.5202668034889687,2026-02-28
46129,2025,SD,0.31319218241042346,0.23966134809508302,0.2764267652527532,True,True,True,True,1260.0,4.0,0.3540277065161621,2026-02-28
46135,2025,SD,0.31319218241042346,0.34614132204493653,0.32966675222768,True,True,True,True,1117.0,3.0,0.42739866598255516,2026-02-28
47001,2025,TN,0.5876221498371336,0.9560403777271247,0.7718312637821292,False,True,True,False,,,,2026-02-28
47003,2025,TN,0.5876221498371336,0.583848909150114,0.5857355294936237,True,True,True,True,301.0,1.0,0.8460749102103643,2026-02-28
47005,2025,TN,0.5876221498371336,0.5802670140019538,0.5839445819195437,True,True,True,True,305.0,1.0,0.8440225756798359,2026-02-28
47007,2025,TN,0.5876221498371336,0.7046564636926083,0.6461393067648709,False,True,True,False,,,,2026-02-28
47009,2025,TN,0.5876221498371336,0.7727124715076522,0.6801673106723929,False,True,True,False,,,,2026-02-28
47011,2025,TN,0.5876221498371336,0.688049495278411,0.6378358225577723,False,True,True,False,,,,2026-02-28
47013,2025,TN,0.5876221498371336,0.9472484532725497,0.7674353015548416,False,True,True,False,,,,2026-02-28
47015,2025,TN,0.5876221498371336,0.7935525887333116,0.6905873692852226,False,True,True,False,,,,2026-02-28
47017,2025,TN,0.5876221498371336,0.36795831976554866,0.4777902348013411,True,True,True,True,616.0,2.0,0.6844535659312468,2026-02-28
47019,2025,TN,0.5876221498371336,0.8446760013025073,0.7161490755698204,False,True,True,False,,,,2026-02-28
47021,2025,TN,0.5876221498371336,0.3451644415499837,0.46639329569355864,True,True,True,True,656.0,2.0,0.6639302206259621,2026-02-28
47023,2025,TN,0.5876221498371336,0.14816020840117225,0.3678911791191529,True,True,True,True,983.0,3.0,0.4961518727552591,2026-02-28
47025,2025,TN,0.5876221498371336,0.6186909801367633,0.6031565649869484,True,True,True,True,260.0,1.0,0.8671113391482812,2026-02-28
47027,2025,TN,0.5876221498371336,0.9234776945620319,0.7555499221995827,False,True,True,False,,,,2026-02-28
47029,2025,TN,0.5876221498371336,0.7681536958645392,0.6778879228508363,False,True,True,False,,,,2026-02-28
47031,2025,TN,0.5876221498371336,0.6873982416151091,0.6375101957261213,False,True,True,False,,,,2026-02-28
47033,2025,TN,0.5876221498371336,0.8238358840768479,0.7057290169569908,False,True,True,False,,,,2026-02-28
47035,2025,TN,0.5876221498371336,0.6131553239986975,0.6003887369179155,True,True,True,True,269.0,1.0,0.8624935864545921,2026-02-28
47037,2025,TN,0.5876221498371336,0.18788668186258548,0.38775441584985954,True,False,True,False,,,,2026-02-28
47039,2025,TN,0.5876221498371336,0.33507000976880497,0.46134607980296927,True,True,True,True,671.0,2.0,0.6562339661364802,2026-02-28
47041,2025,TN,0.5876221498371336,0.39335721263432105,0.49048968123572734,True,True,True,True,582.0,2.0,0.7018984094407389,2026-02-28
47043,2025,TN,0.5876221498371336,0.47248453272549656,0.5300533412813151,True,True,True,True,452.0,2.0,0.7685992816829144,2026-02-28
47045,2025,TN,0.5876221498371336,0.3682839465971996,0.47795304821716655,True,True,True,True,615.0,2.0,0.6849666495638789,2026-02-28
47047,2025,TN,0.5876221498371336,0.34451318788668184,0.4660676688619077,True,True,True,True,657.0,2.0,0.6634171369933299,2026-02-28
47049,2025,TN,0.5876221498371336,0.9133832627808531,0.7505027063089933,False,True,True,False,,,,2026-02-28
47051,2025,TN,0.5876221498371336,0.5727775968739824,0.580199873355558,True,True,True,True,310.0,1.0,0.8414571575166753,2026-02-28
47053,2025,TN,0.5876221498371336,0.4923477694562032,0.5399849596466684,True,True,True,True,413.0,2.0,0.788609543355567,2026-02-28
47055,2025,TN,0.5876221498371336,0.6668837512211007,0.6272529505291171,False,True,True,False,,,,2026-02-28
47057,2025,TN,0.5876221498371336,0.7297297297297297,0.6586759397834316,False,True,True,False,,,,2026-02-28
47059,2025,TN,0.5876221498371336,0.92282644089873,0.7552242953679318,False,True,True,False,,,,2026-02-28
47061,2025,TN,0.5876221498371336,0.7932269619016606,0.6904245558693971,False,True,True,False,,,,2026-02-28
47063,2025,TN,0.5876221498371336,0.891566265060241,0.7395942074486872,False,True,True,False,,,,2026-02-28
47065,2025,TN,0.5876221498371336,0.5164441549983718,0.5520331524177526,True,True,True,True,388.0,1.0,0.8014366341713699,2026-02-28
47067,2025,TN,0.5876221498371336,0.8977531748616085,0.742687662349371,False,True,True,False,,,,2026-02-28
47069,2025,TN,0.5876221498371336,0.8069032888309997,0.6972627193340666,False,True,True,False,,,,2026-02-28
47071,2025,TN,0.5876221498371336,0.7352653858677956,0.6614437678524645,False,True,True,False,,,,2026-02-28
47073,2025,TN,0.5876221498371336,0.8886356235753826,0.7381288867062581,False,True,True,False,,,,2026-02-28
47075,2025,TN,0.5876221498371336,0.6059915337023771,0.5968068417697554,True,True,True,True,275.0,1.0,0.8594150846587993,2026-02-28
47077,2025,TN,0.5876221498371336,0.9032888309996744,0.745455490418404,False,True,True,False,,,,2026-02-28
47079,2025,TN,0.5876221498371336,0.7248453272549658,0.6562337385460497,False,True,True,False,,,,2026-02-28
47081,2025,TN,0.5876221498371336,0.39075219798111366,0.4891871739091236,True,True,True,True,585.0,2.0,0.7003591585428425,2026-02-28
47083,2025,TN,0.5876221498371336,0.8384890915011397,0.7130556206691366,False,True,True,False,,,,2026-02-28
47085,2025,TN,0.5876221498371336,0.8785411917942039,0.7330816708156687,False,True,True,False,,,,2026-02-28
47087,2025,TN,0.5876221498371336,0.7056333441875611,0.6466277470123474,False,True,True,False,,,,2026-02-28
47089,2025,TN,0.5876221498371336,0.8013676326929339,0.6944948912650337,False,True,True,False,,,,2026-02-28
47091,2025,TN,0.5876221498371336,0.6616737219146858,0.6246479358759096,True,True,True,True,220.0,1.0,0.887634684453566,2026-02-28
47093,2025,TN,0.5876221498371336,0.8257896450667535,0.7067058974519436,False,True,True,False,,,,2026-02-28
47095,2025,TN,0.5876221498371336,0.633669814392706,0.6106459821149197,True,True,True,True,247.0,1.0,0.8737814263724987,2026-02-28
47097,2025,TN,0.5876221498371336,0.13285574731357863,0.3602389485753561,True,True,True,True,1001.0,3.0,0.48691636736788096,2026-02-28
47099,2025,TN,0.5876221498371336,0.6349723217193096,0.6112972357782216,True,True,True,True,246.0,1.0,0.8742945100051308,2026-02-28
47101,2025,TN,0.5876221498371336,0.5678931943992185,0.5777576721181761,True,True,True,True,317.0,1.0,0.8378655720882504,2026-02-28
47103,2025,TN,0.5876221498371336,0.660696841419733,0.6241594956284333,True,True,True,True,221.0,1.0,0.8871216008209338,2026-02-28
47105,2025,TN,0.5876221498371336,0.6662324975577988,0.6269273236974662,True,True,True,True,215.0,1.0,0.8902001026167266,2026-02-28
47107,2025,TN,0.5876221498371336,0.6769781830022794,0.6323001664197065,False,True,True,False,,,,2026-02-28
47109,2025,TN,0.5876221498371336,0.45848257896450667,0.5230523644008201,True,True,True,True,476.0,2.0,0.7562852744997435,2026-02-28
47111,2025,TN,0.5876221498371336,0.8111364376424618,0.6993792937397977,False,True,True,False,,,,2026-02-28
47113,2025,TN,0.5876221498371336,0.3083686095734289,0.44799537970528125,True,True,True,True,713.0,2.0,0.6346844535659313,2026-02-28
47115,2025,TN,0.5876221498371336,0.5903614457831325,0.5889917978101331,True,True,True,True,291.0,1.0,0.8512057465366855,2026-02-28
47117,2025,TN,0.5876221498371336,0.4321068056007815,0.5098644777189576,True,True,True,True,523.0,2.0,0.7321703437660338,2026-02-28
47119,2025,TN,0.5876221498371336,0.2865516118528167,0.43708688084497516,True,True,True,True,759.0,2.0,0.6110826064648538,2026-02-28
47121,2025,TN,0.5876221498371336,0.3839140345164442,0.48576809217678885,True,True,True,True,595.0,2.0,0.6952283222165213,2026-02-28
47123,2025,TN,0.5876221498371336,0.6160859654835559,0.6018540576603447,True,True,True,True,265.0,1.0,0.8645459209851206,2026-02-28
47125,2025,TN,0.5876221498371336,0.3132530120481928,0.4504375809426632,True,True,True,True,700.0,2.0,0.6413545407901488,2026-02-28
47127,2025,TN,0.5876221498371336,0.9042657114946272,0.7459439306658804,False,True,True,False,,,,2026-02-28
47129,2025,TN,0.5876221498371336,0.565613806577662,0.5766179782073978,True,True,True,True,322.0,1.0,0.8353001539250898,2026-02-28
47131,2025,TN,0.5876221498371336,0.6717681536958645,0.629695151766499,False,True,True,False,,,,2026-02-28
47133,2025,TN,0.5876221498371336,0.7671768153695865,0.67739948260336,False,True,True,False,,,,2026-02-28
47135,2025,TN,0.5876221498371336,0.1940735916639531,0.39084787075054334,True,True,True,True,911.0,3.0,0.5330938943047717,2026-02-28
47137,2025,TN,0.5876221498371336,0.9299902311950504,0.758806190516092,False,True,True,False,,,,2026-02-28
47139,2025,TN,0.5876221498371336,0.7043308368609573,0.6459764933490455,False,True,True,False,,,,2026-02-28
47141,2025,TN,0.5876221498371336,0.434386193422338,0.5110041716297358,True,True,True,True,518.0,2.0,0.7347357619291944,2026-02-28
47143,2025,TN,0.5876221498371336,0.5633344187561055,0.5754782842966195,True,True,True,True,327.0,1.0,0.8327347357619292,2026-02-28
47145,2025,TN,0.5876221498371336,0.7307066102246825,0.659164380030908,False,True,True,False,,,,2026-02-28
47147,2025,TN,0.5876221498371336,0.3331162487788994,0.46036919930801645,True,True,True,True,677.0,2.0,0.6531554643406875,2026-02-28
47149,2025,TN,0.5876221498371336,0.2556170628459785,0.42161960634155604,True,True,True,True,820.0,3.0,0.5797845048742946,2026-02-28
47151,2025,TN,0.5876221498371336,0.28850537284272226,0.4380637613399279,True,True,True,True,755.0,2.0,0.6131349409953822,2026-02-28
47153,2025,TN,0.5876221498371336,0.701400195376099,0.6445111726066163,False,True,True,False,,,,2026-02-28
47155,2025,TN,0.5876221498371336,0.0882448713774015,0.3379335106072675,True,True,True,True,1086.0,3.0,0.44330425859415085,2026-02-28
47157,2025,TN,0.5876221498371336,0.14685770107456855,0.36723992545585105,True,False,True,False,,,,2026-02-28
47159,2025,TN,0.5876221498371336,0.325952458482579,0.45678730415985624,True,True,True,True,688.0,2.0,0.6475115443817342,2026-02-28
47161,2025,TN,0.5876221498371336,0.41191794203842397,0.49977004593777874,True,True,True,True,552.0,2.0,0.7172909184197024,2026-02-28
47163,2025,TN,0.5876221498371336,0.8300227938782155,0.7088224718576746,False,True,True,False,,,,2026-02-28
47165,2025,TN,0.5876221498371336,0.23868446760013026,0.41315330871863193,True,True,True,True,848.0,3.0,0.5654181631605951,2026-02-28
47167,2025,TN,0.5876221498371336,0.6206447411266688,0.6041334454819012,True,True,True,True,257.0,1.0,0.8686505900461775,2026-02-28
47169,2025,TN,0.5876221498371336,0.6033865190491696,0.5955043344431517,True,True,True,True,277.0,1.0,0.8583889173935352,2026-02-28
47171,2025,TN,0.5876221498371336,0.9286877238684468,0.7581549368527902,False,True,True,False,,,,2026-02-28
47173,2025,TN,0.5876221498371336,0.8700748941712797,0.7288485220042067,False,True,True,False,,,,2026-02-28
47175,2025,TN,0.5876221498371336,0.7183327906219472,0.6529774702295403,False,True,True,False,,,,2026-02-28
47177,2025,TN,0.5876221498371336,0.6265060240963856,0.6070640869667596,True,True,True,True,252.0,1.0,0.8712160082093381,2026-02-28
47179,2025,TN,0.5876221498371336,0.6766525561706285,0.632137353003881,False,True,True,False,,,,2026-02-28
47181,2025,TN,0.5876221498371336,0.7596873982416151,0.6736547740393743,False,True,True,False,,,,2026-02-28
47183,2025,TN,0.5876221498371336,0.9117551286225986,0.7496886392298661,False,True,True,False,,,,2026-02-28
47185,2025,TN,0.5876221498371336,0.7388472810159558,0.6632347154265447,False,True,True,False,,,,2026-02-28
47187,2025,TN,0.5876221498371336,0.40540540540540543,0.49651377762126947,True,True,True,True,557.0,2.0,0.7147255002565418,2026-02-28
47189,2025,TN,0.5876221498371336,0.316834907196353,0.4522285285167433,True,True,True,True,696.0,2.0,0.6434068753206773,2026-02-28
48001,2025,TX,0.05993485342019544,0.2253337675024422,0.1426343104613188,True,True,True,True,1647.0,5.0,0.15546434068753207,2026-02-28
48003,2025,TX,0.05993485342019544,0.4633669814392706,0.261650917429733,True,True,True,True,1307.0,4.0,0.32991277578245254,2026-02-28
48005,2025,TX,0.05993485342019544,0.25366330185607294,0.1567990776381342,True,True,True,True,1613.0,5.0,0.1729091841970241,2026-02-28
48007,2025,TX,0.05993485342019544,0.0963855421686747,0.07816019779443507,True,True,True,True,1835.0,5.0,0.05900461775269369,2026-02-28
48009,2025,TX,0.05993485342019544,0.15760338651904918,0.10876911996962231,True,True,True,True,1753.0,5.0,0.10107747562852745,2026-02-28
48011,2025,TX,0.05993485342019544,0.5079778573754478,0.2839563553978216,True,True,True,True,1249.0,4.0,0.35967162647511547,2026-02-28
48013,2025,TX,0.05993485342019544,0.11136437642461738,0.08564961492240641,True,True,True,True,1813.0,5.0,0.07029245767060031,2026-02-28
48015,2025,TX,0.05993485342019544,0.21426245522631066,0.13709865432325305,True,True,True,True,1663.0,5.0,0.14725500256541815,2026-02-28
48017,2025,TX,0.05993485342019544,0.12243568870074895,0.0911852710604722,True,True,True,True,1798.0,5.0,0.07798871216008209,2026-02-28
48019,2025,TX,0.05993485342019544,0.08563985672419408,0.07278735507219476,True,True,True,True,1847.0,5.0,0.05284761416110826,2026-02-28
48021,2025,TX,0.05993485342019544,0.052425919895799415,0.056180386657997426,True,True,True,True,1886.0,5.0,0.032837352488455616,2026-02-28
48023,2025,TX,0.05993485342019544,0.11429501790947574,0.0871149356648356,True,True,True,True,1810.0,5.0,0.07183170856849666,2026-02-28
48025,2025,TX,0.05993485342019544,0.02507326603712146,0.04250405972865845,True,True,True,True,1919.0,5.0,0.01590559261159569,2026-02-28
48027,2025,TX,0.05993485342019544,0.10778248127645718,0.08385866734832631,True,True,True,True,1817.0,5.0,0.06824012314007183,2026-02-28
48029,2025,TX,0.05993485342019544,0.09182676652556171,0.07588080997287858,True,False,True,False,,,,2026-02-28
48031,2025,TX,0.05993485342019544,0.16281341582546402,0.11137413462282973,True,True,True,True,1743.0,5.0,0.10620831195484864,2026-02-28
48035,2025,TX,0.05993485342019544,0.10713122761315533,0.08353304051667539,True,True,True,True,1820.0,5.0,0.06670087224217547,2026-02-28
48037,2025,TX,0.05993485342019544,0.09899055682188213,0.07946270512103878,True,True,True,True,1833.0,5.0,0.06003078501795793,2026-02-28
48039,2025,TX,0.05993485342019544,0.23770758710517748,0.14882122026268646,True,True,True,True,1635.0,5.0,0.1616213442791175,2026-02-28
48041,2025,TX,0.05993485342019544,0.43927059589710193,0.2496027246586487,True,True,True,True,1347.0,4.0,0.30938943047716777,2026-02-28
48043,2025,TX,0.05993485342019544,0.09084988603060892,0.07539236972540218,True,True,True,True,1844.0,5.0,0.05438686505900462,2026-02-28
48045,2025,TX,0.05993485342019544,0.012048192771084338,0.03599152309563989,True,True,True,True,1937.0,5.0,0.006670087224217547,2026-02-28
48047,2025,TX,0.05993485342019544,0.024096385542168676,0.04201561948118206,True,True,True,True,1921.0,5.0,0.014879425346331451,2026-02-28
48049,2025,TX,0.05993485342019544,0.19342233800065126,0.12667859571042334,True,True,True,True,1696.0,5.0,0.13032324268855824,2026-02-28
48051,2025,TX,0.05993485342019544,0.09378052751546727,0.07685769046783135,True,True,True,True,1842.0,5.0,0.055413032324268856,2026-02-28
48053,2025,TX,0.05993485342019544,0.06675350048844025,0.06334417695431785,True,True,True,True,1872.0,5.0,0.04002052334530529,2026-02-28
48055,2025,TX,0.05993485342019544,0.04786714425268642,0.05390099883644093,True,True,True,True,1892.0,5.0,0.029758850692662903,2026-02-28
48057,2025,TX,0.05993485342019544,0.15076522305437967,0.10535003823728756,True,True,True,True,1759.0,5.0,0.09799897383273473,2026-02-28
48059,2025,TX,0.05993485342019544,0.29045913383262784,0.17519699362641164,True,True,True,True,1555.0,4.0,0.20266803488968702,2026-02-28
48061,2025,TX,0.05993485342019544,0.4946271572777597,0.27728100534897754,True,True,True,True,1256.0,4.0,0.3560800410466906,2026-02-28
48063,2025,TX,0.05993485342019544,0.10094431781178768,0.08043958561599156,True,True,True,True,1830.0,5.0,0.06157003591585428,2026-02-28
48065,2025,TX,0.05993485342019544,0.1800716379029632,0.12000324566157933,True,True,True,True,1719.0,5.0,0.1185223191380195,2026-02-28
48067,2025,TX,0.05993485342019544,0.035493324649951155,0.04771408903507329,True,True,True,True,1908.0,5.0,0.021549512570549,2026-02-28
48069,2025,TX,0.05993485342019544,0.03777271247150765,0.04885378294585155,True,True,True,True,1904.0,5.0,0.023601847101077475,2026-02-28
48071,2025,TX,0.05993485342019544,0.31097362422663627,0.18545423882341586,True,True,True,True,1528.0,4.0,0.21652129297075423,2026-02-28
48073,2025,TX,0.05993485342019544,0.2090524259198958,0.13449363967004563,True,True,True,True,1673.0,5.0,0.14212416623909696,2026-02-28
48075,2025,TX,0.05993485342019544,0.09996743731683491,0.07995114536851518,True,True,True,True,1831.0,5.0,0.061056952283222166,2026-02-28
48077,2025,TX,0.05993485342019544,0.1569521328557473,0.10844349313797137,True,True,True,True,1754.0,5.0,0.10056439199589533,2026-02-28
48079,2025,TX,0.05993485342019544,0.004558775643112993,0.03224681453165421,True,True,True,True,1942.0,5.0,0.004104669061056952,2026-02-28
48081,2025,TX,0.05993485342019544,0.0674047541517421,0.06366980378596877,True,True,True,True,1871.0,5.0,0.040533606977937404,2026-02-28
48083,2025,TX,0.05993485342019544,0.03191142950179095,0.04592314146099319,True,True,True,True,1911.0,5.0,0.020010261672652643,2026-02-28
48085,2025,TX,0.05993485342019544,0.15011396939107782,0.10502441140563663,True,False,True,False,,,,2026-02-28
48087,2025,TX,0.05993485342019544,0.013676326929338978,0.03680559017476721,True,True,True,True,1934.0,5.0,0.008209338122113904,2026-02-28
48089,2025,TX,0.05993485342019544,0.39628785411917944,0.22811135376968744,True,True,True,True,1405.0,4.0,0.2796305797845049,2026-02-28
48091,2025,TX,0.05993485342019544,0.08857049820905243,0.07425267581462393,True,True,True,True,1846.0,5.0,0.05336069779374038,2026-02-28
48093,2025,TX,0.05993485342019544,0.42526864213611204,0.24260174777815374,True,True,True,True,1366.0,4.0,0.2996408414571575,2026-02-28
48095,2025,TX,0.05993485342019544,0.09801367632692934,0.07897426487356239,True,True,True,True,1834.0,5.0,0.059517701385325805,2026-02-28
48097,2025,TX,0.05993485342019544,0.27417779225008143,0.16705632283513844,True,True,True,True,1579.0,5.0,0.19035402770651616,2026-02-28
48099,2025,TX,0.05993485342019544,0.15988277434060566,0.10990881388040055,True,True,True,True,1747.0,5.0,0.10415597742432016,2026-02-28
48101,2025,TX,0.05993485342019544,0.5708238358840768,0.31537934465213613,True,True,True,True,1160.0,3.0,0.40533606977937403,2026-02-28
48103,2025,TX,0.05993485342019544,0.14946271572777597,0.10469878457398571,True,True,True,True,1761.0,5.0,0.0969728065674705,2026-02-28
48105,2025,TX,0.05993485342019544,0.0006512536633018561,0.030293053541748646,True,True,True,True,1947.0,5.0,0.0015392508978963571,2026-02-28
48107,2025,TX,0.05993485342019544,0.12341256919570173,0.09167371130794859,True,True,True,True,1796.0,5.0,0.07901487942534634,2026-02-28
48109,2025,TX,0.05993485342019544,0.3959622272875285,0.22794854035386197,True,True,True,True,1406.0,4.0,0.27911749615187276,2026-02-28
48111,2025,TX,0.05993485342019544,0.3562357538261153,0.20808530362315536,True,True,True,True,1463.0,4.0,0.24987172909184197,2026-02-28
48113,2025,TX,0.05993485342019544,0.12732009117551285,0.09362747229785415,True,False,True,False,,,,2026-02-28
48115,2025,TX,0.05993485342019544,0.1045262129599479,0.08223053319007168,True,True,True,True,1825.0,5.0,0.06413545407901487,2026-02-28
48117,2025,TX,0.05993485342019544,0.4262455226310648,0.24309018802563012,True,True,True,True,1362.0,4.0,0.30169317598768597,2026-02-28
48119,2025,TX,0.05993485342019544,0.1302507326603712,0.09509279304028333,True,True,True,True,1786.0,5.0,0.08414571575166752,2026-02-28
48121,2025,TX,0.05993485342019544,0.12797134483881473,0.09395309912950509,True,False,True,False,,,,2026-02-28
48123,2025,TX,0.05993485342019544,0.10517746662324975,0.0825561600217226,True,True,True,True,1824.0,5.0,0.064648537711647,2026-02-28
48125,2025,TX,0.05993485342019544,0.010745685444480626,0.035340269432338034,True,True,True,True,1939.0,5.0,0.005643919958953309,2026-02-28
48127,2025,TX,0.05993485342019544,0.04623901009443178,0.053086931757313605,True,True,True,True,1896.0,5.0,0.027706516162134428,2026-02-28
48129,2025,TX,0.05993485342019544,0.02149137088896125,0.040713112154578346,True,True,True,True,1925.0,5.0,0.012827090815802977,2026-02-28
48131,2025,TX,0.05993485342019544,0.017909475740801043,0.03892216458049824,True,True,True,True,1929.0,5.0,0.0107747562852745,2026-02-28
48133,2025,TX,0.05993485342019544,0.05568218821230869,0.05780852081625207,True,True,True,True,1879.0,5.0,0.03642893791688045,2026-02-28
48135,2025,TX,0.05993485342019544,0.7749918593292088,0.4174633563747021,False,True,True,False,,,,2026-02-28
48139,2025,TX,0.05993485342019544,0.17258222077499186,0.11625853709759365,True,True,True,True,1731.0,5.0,0.11236531554643407,2026-02-28
48141,2025,TX,0.05993485342019544,0.6011071312276132,0.3305209923239043,True,True,True,True,1115.0,3.0,0.4284248332478194,2026-02-28
48143,2025,TX,0.05993485342019544,0.42461738847281016,0.2422761209465028,True,True,True,True,1367.0,4.0,0.2991277578245254,2026-02-28
48145,2025,TX,0.05993485342019544,0.02800390752197981,0.04396938047108762,True,True,True,True,1916.0,5.0,0.017444843509492047,2026-02-28
48147,2025,TX,0.05993485342019544,0.21393682839465972,0.13693584090742758,True,True,True,True,1665.0,5.0,0.14622883530015393,2026-02-28
48149,2025,TX,0.05993485342019544,0.32920872679908825,0.19457179010964185,True,True,True,True,1498.0,4.0,0.2319138019497178,2026-02-28
48151,2025,TX,0.05993485342019544,0.07945294692282644,0.06969390017151093,True,True,True,True,1855.0,5.0,0.04874294510005131,2026-02-28
48153,2025,TX,0.05993485342019544,0.0081406707912732,0.034037762105734316,True,True,True,True,1940.0,5.0,0.00513083632632119,2026-02-28
48155,2025,TX,0.05993485342019544,0.0016281341582546401,0.03078149378922504,True,True,True,True,1945.0,5.0,0.002565418163160595,2026-02-28
48157,2025,TX,0.05993485342019544,0.21914685770107456,0.139540855560635,True,True,True,True,1656.0,5.0,0.15084658799384298,2026-02-28
48159,2025,TX,0.05993485342019544,0.1592315206773038,0.10958318704874963,True,True,True,True,1748.0,5.0,0.10364289379168805,2026-02-28
48161,2025,TX,0.05993485342019544,0.1289482253337675,0.09444153937698148,True,True,True,True,1788.0,5.0,0.08311954848640328,2026-02-28
48163,2025,TX,0.05993485342019544,0.022468251383914034,0.04120155240205474,True,True,True,True,1924.0,5.0,0.013340174448435094,2026-02-28
48165,2025,TX,0.05993485342019544,0.3624226636274829,0.21117875852383916,True,True,True,True,1455.0,4.0,0.2539763981528989,2026-02-28
48167,2025,TX,0.05993485342019544,0.12829697167046564,0.09411591254533054,True,True,True,True,1789.0,5.0,0.08260646485377117,2026-02-28
48169,2025,TX,0.05993485342019544,0.042005861282969716,0.050970357351582576,True,True,True,True,1900.0,5.0,0.025654181631605953,2026-02-28
48171,2025,TX,0.05993485342019544,0.10745685444480625,0.08369585393250084,True,True,True,True,1819.0,5.0,0.0672139558748076,2026-02-28
48173,2025,TX,0.05993485342019544,0.03353956366004559,0.04673720854012051,True,True,True,True,1909.0,5.0,0.02103642893791688,2026-02-28
48175,2025,TX,0.05993485342019544,0.4181048518397916,0.23901985262999353,True,True,True,True,1379.0,4.0,0.29297075423293995,2026-02-28
48177,2025,TX,0.05993485342019544,0.07098664929990231,0.06546075136004888,True,True,True,True,1865.0,5.0,0.04361210877373012,2026-02-28
48179,2025,TX,0.05993485342019544,0.2937154021491371,0.17682512778466628,True,True,True,True,1551.0,4.0,0.2047203694202155,2026-02-28
48181,2025,TX,0.05993485342019544,0.17453598176489743,0.11723541759254644,True,True,True,True,1727.0,5.0,0.11441765007696254,2026-02-28
48183,2025,TX,0.05993485342019544,0.5083034842070987,0.28411916881364707,True,True,True,True,1247.0,4.0,0.3606977937403797,2026-02-28
48185,2025,TX,0.05993485342019544,0.3578638879843699,0.20889937070228268,True,True,True,True,1460.0,4.0,0.2514109799897383,2026-02-28
48187,2025,TX,0.05993485342019544,0.07033539563660046,0.06513512452839795,True,True,True,True,1867.0,5.0,0.04258594150846588,2026-02-28
48189,2025,TX,0.05993485342019544,0.06610224682513839,0.06301855012266691,True,True,True,True,1873.0,5.0,0.03950743971267317,2026-02-28
48191,2025,TX,0.05993485342019544,0.026050146532074242,0.04299249997613484,True,True,True,True,1918.0,5.0,0.016418676244227808,2026-02-28
48193,2025,TX,0.05993485342019544,0.2605014653207424,0.16021815937046893,True,True,True,True,1601.0,5.0,0.17906618778860955,2026-02-28
48195,2025,TX,0.05993485342019544,0.04656463692608271,0.053249745173139074,True,True,True,True,1895.0,5.0,0.028219599794766546,2026-02-28
48197,2025,TX,0.05993485342019544,0.007163790296320417,0.03354932185825793,True,True,True,True,1941.0,5.0,0.004617752693689072,2026-02-28
48199,2025,TX,0.05993485342019544,0.2158905893845653,0.13791272140238037,True,True,True,True,1660.0,5.0,0.1487942534633145,2026-02-28
48201,2025,TX,0.05993485342019544,0.16216216216216217,0.11104850779117881,True,False,True,False,,,,2026-02-28
48203,2025,TX,0.05993485342019544,0.2601758384890915,0.16005534595464346,True,True,True,True,1603.0,5.0,0.1780400205233453,2026-02-28
48205,2025,TX,0.05993485342019544,0.3266037121458808,0.19326928278303812,True,True,True,True,1501.0,4.0,0.23037455105182145,2026-02-28
48207,2025,TX,0.05993485342019544,0.08336046890263758,0.0716476611614165,True,True,True,True,1852.0,5.0,0.050282195997947664,2026-02-28
48209,2025,TX,0.05993485342019544,0.0325626831650928,0.04624876829264412,True,True,True,True,1910.0,5.0,0.02052334530528476,2026-02-28
48211,2025,TX,0.05993485342019544,0.07228915662650602,0.06611200502335073,True,True,True,True,1863.0,5.0,0.044638276038994354,2026-02-28
48213,2025,TX,0.05993485342019544,0.13871703028329535,0.0993259418517454,True,True,True,True,1775.0,5.0,0.08978963571062083,2026-02-28
48215,2025,TX,0.05993485342019544,0.49658091826766526,0.27825788584393035,True,True,True,True,1254.0,4.0,0.35710620831195483,2026-02-28
48217,2025,TX,0.05993485342019544,0.27124715076522304,0.16559100209270924,True,True,True,True,1584.0,5.0,0.18778860954335558,2026-02-28
48219,2025,TX,0.05993485342019544,0.20481927710843373,0.1323770652643146,True,True,True,True,1681.0,5.0,0.13801949717804002,2026-02-28
48221,2025,TX,0.05993485342019544,0.1859329208726799,0.12293388714643767,True,True,True,True,1712.0,5.0,0.12211390456644433,2026-02-28
48223,2025,TX,0.05993485342019544,0.0696841419732986,0.06480949769674701,True,True,True,True,1868.0,5.0,0.04207285787583376,2026-02-28
48225,2025,TX,0.05993485342019544,0.0371214588082058,0.04852815611420062,True,True,True,True,1905.0,5.0,0.023088763468445357,2026-02-28
48227,2025,TX,0.05993485342019544,0.057310322370563334,0.058622587895379386,True,True,True,True,1878.0,5.0,0.03694202154951257,2026-02-28
48231,2025,TX,0.05993485342019544,0.10615434711820254,0.08304460026919899,True,True,True,True,1822.0,5.0,0.06567470497691123,2026-02-28
48233,2025,TX,0.05993485342019544,0.1891891891891892,0.12456202130469232,True,True,True,True,1703.0,5.0,0.1267316572601334,2026-02-28
48235,2025,TX,0.05993485342019544,0.22012373819602735,0.14002929580811138,True,True,True,True,1653.0,5.0,0.15238583889173934,2026-02-28
48237,2025,TX,0.05993485342019544,0.18756105503093454,0.12374795422556499,True,True,True,True,1709.0,5.0,0.12365315546434069,2026-02-28
48239,2025,TX,0.05993485342019544,0.05014653207424292,0.05504069274721918,True,True,True,True,1890.0,5.0,0.03078501795792714,2026-02-28
48241,2025,TX,0.05993485342019544,0.06935851514164768,0.06464668428092156,True,True,True,True,1869.0,5.0,0.04155977424320164,2026-02-28
48243,2025,TX,0.05993485342019544,0.013350700097688049,0.036642776758941745,True,True,True,True,1935.0,5.0,0.007696254489481785,2026-02-28
48245,2025,TX,0.05993485342019544,0.19309671116900032,0.12651578229459787,True,True,True,True,1697.0,5.0,0.1298101590559261,2026-02-28
48247,2025,TX,0.05993485342019544,0.05079778573754477,0.0553663195788701,True,True,True,True,1888.0,5.0,0.03181118522319138,2026-02-28
48249,2025,TX,0.05993485342019544,0.05535656138065777,0.0576457074004266,True,True,True,True,1880.0,5.0,0.03591585428424833,2026-02-28
48251,2025,TX,0.05993485342019544,0.14978834255942688,0.10486159798981116,True,True,True,True,1760.0,5.0,0.09748589020010262,2026-02-28
48253,2025,TX,0.05993485342019544,0.2077499185932921,0.13384238600674375,True,True,True,True,1675.0,5.0,0.14109799897383274,2026-02-28
48255,2025,TX,0.05993485342019544,0.030608922175187236,0.04527188779769134,True,True,True,True,1913.0,5.0,0.018984094407388404,2026-02-28
48257,2025,TX,0.05993485342019544,0.05503093454900684,0.05748289398460114,True,True,True,True,1881.0,5.0,0.03540277065161621,2026-02-28
48259,2025,TX,0.05993485342019544,0.18267665255617063,0.12130575298818304,True,True,True,True,1714.0,5.0,0.1210877373011801,2026-02-28
48265,2025,TX,0.05993485342019544,0.12569195701725822,0.09281340521872683,True,True,True,True,1794.0,5.0,0.08004104669061057,2026-02-28
48267,2025,TX,0.05993485342019544,0.6317160534028003,0.3458254534114979,True,True,True,True,1055.0,3.0,0.45920985120574653,2026-02-28
48271,2025,TX,0.05993485342019544,0.07359166395310973,0.06676325868665259,True,True,True,True,1861.0,5.0,0.045664443304258596,2026-02-28
48273,2025,TX,0.05993485342019544,0.28394659719960924,0.17194072530990234,True,True,True,True,1567.0,5.0,0.1965110312981016,2026-02-28
48275,2025,TX,0.05993485342019544,0.0162813415825464,0.03810809750137092,True,True,True,True,1931.0,5.0,0.009748589020010261,2026-02-28
48277,2025,TX,0.05993485342019544,0.21654184304786714,0.13823834823403128,True,True,True,True,1658.0,5.0,0.14982042072857876,2026-02-28
48279,2025,TX,0.05993485342019544,0.05470530771735591,0.057320080568775675,True,True,True,True,1882.0,5.0,0.034889687018984095,2026-02-28
48281,2025,TX,0.05993485342019544,0.20937805275154672,0.13465645308587107,True,True,True,True,1672.0,5.0,0.1426372498717291,2026-02-28
48283,2025,TX,0.05993485342019544,0.011396939107782481,0.03566589626398896,True,True,True,True,1938.0,5.0,0.0061570035915854285,2026-02-28
48285,2025,TX,0.05993485342019544,0.14913708889612504,0.10453597115816024,True,True,True,True,1763.0,5.0,0.09594663930220626,2026-02-28
48287,2025,TX,0.05993485342019544,0.25008140670791273,0.1550081300640541,True,True,True,True,1616.0,5.0,0.17136993329912775,2026-02-28
48289,2025,TX,0.05993485342019544,0.09605991533702377,0.0779973843786096,True,True,True,True,1837.0,5.0,0.05797845048742945,2026-02-28
48291,2025,TX,0.05993485342019544,0.262455226310648,0.16119503986542172,True,True,True,True,1600.0,5.0,0.17957927142124167,2026-02-28
48293,2025,TX,0.05993485342019544,0.18072289156626506,0.12032887249323025,True,True,True,True,1717.0,5.0,0.11954848640328374,2026-02-28
48295,2025,TX,0.05993485342019544,0.0039075219798111365,0.03192118770000329,True,True,True,True,1944.0,5.0,0.0030785017957927143,2026-02-28
48297,2025,TX,0.05993485342019544,0.10582872028655162,0.08288178685337352,True,True,True,True,1823.0,5.0,0.06516162134427912,2026-02-28
48299,2025,TX,0.05993485342019544,0.06545099316183653,0.06269292329101599,True,True,True,True,1874.0,5.0,0.038994356080041044,2026-02-28
48303,2025,TX,0.05993485342019544,0.1846304135460762,0.12228263348313582,True,True,True,True,1713.0,5.0,0.1216008209338122,2026-02-28
48305,2025,TX,0.05993485342019544,0.11950504721589059,0.08971995031804302,True,True,True,True,1803.0,5.0,0.07542329399692149,2026-02-28
48307,2025,TX,0.05993485342019544,0.040377727124715074,0.05015629027245526,True,True,True,True,1902.0,5.0,0.024628014366341714,2026-02-28
48309,2025,TX,0.05993485342019544,0.1976554868121133,0.12879517011615438,True,True,True,True,1689.0,5.0,0.13391482811698308,2026-02-28
48313,2025,TX,0.05993485342019544,0.4467600130250733,0.25334743322263437,True,True,True,True,1334.0,4.0,0.31605951770138535,2026-02-28
48315,2025,TX,0.05993485342019544,0.08498860306089222,0.07246172824054382,True,True,True,True,1850.0,5.0,0.051308363263211906,2026-02-28
48317,2025,TX,0.05993485342019544,0.0941061543471182,0.07702050388365682,True,True,True,True,1839.0,5.0,0.056952283222165216,2026-02-28
48319,2025,TX,0.05993485342019544,0.3728427222403126,0.21638878783025403,True,True,True,True,1435.0,4.0,0.2642380708055413,2026-02-28
48321,2025,TX,0.05993485342019544,0.28622598502116575,0.1730804192206806,True,True,True,True,1563.0,5.0,0.19856336582863007,2026-02-28
48323,2025,TX,0.05993485342019544,0.8436991208075545,0.45181698711387497,False,True,True,False,,,,2026-02-28
48325,2025,TX,0.05993485342019544,0.14099641810485183,0.10046563576252364,True,True,True,True,1773.0,5.0,0.09081580297588507,2026-02-28
48327,2025,TX,0.05993485342019544,0.08433734939759036,0.0721361014088929,True,True,True,True,1851.0,5.0,0.05079527963057978,2026-02-28
48329,2025,TX,0.05993485342019544,0.6906545099316184,0.3752946816759069,False,True,True,False,,,,2026-02-28
48331,2025,TX,0.05993485342019544,0.11103874959296646,0.08548680150658095,True,True,True,True,1814.0,5.0,0.06977937403796819,2026-02-28
48333,2025,TX,0.05993485342019544,0.2543145555193748,0.15712470446978513,True,True,True,True,1611.0,5.0,0.17393535146228836,2026-02-28
48335,2025,TX,0.05993485342019544,0.020840117225659396,0.040387485322927415,True,True,True,True,1926.0,5.0,0.012314007183170857,2026-02-28
48337,2025,TX,0.05993485342019544,0.14653207424291761,0.10323346383155653,True,True,True,True,1765.0,5.0,0.09492047203694202,2026-02-28
48339,2025,TX,0.05993485342019544,0.2054705307717356,0.13270269209596552,True,True,True,True,1680.0,5.0,0.13853258081067213,2026-02-28
48341,2025,TX,0.05993485342019544,0.4903940084662976,0.2751644309432465,True,True,True,True,1265.0,4.0,0.35146228835300153,2026-02-28
48343,2025,TX,0.05993485342019544,0.11983067404754151,0.08988276373386847,True,True,True,True,1802.0,5.0,0.07593637762955362,2026-02-28
48345,2025,TX,0.05993485342019544,0.024422012373819604,0.04217843289700752,True,True,True,True,1920.0,5.0,0.01539250897896357,2026-02-28
48347,2025,TX,0.05993485342019544,0.2963204168023445,0.17812763511126997,True,True,True,True,1547.0,4.0,0.20677270395074396,2026-02-28
48349,2025,TX,0.05993485342019544,0.348420709866493,0.2041777816433442,True,True,True,True,1471.0,4.0,0.24576706003078502,2026-02-28
48351,2025,TX,0.05993485342019544,0.15141647671768155,0.1056756650689385,True,True,True,True,1758.0,5.0,0.09851205746536686,2026-02-28
48353,2025,TX,0.05993485342019544,0.028655161185281667,0.044295007302738554,True,True,True,True,1915.0,5.0,0.017957927142124165,2026-02-28
48355,2025,TX,0.05993485342019544,0.15369586453923803,0.10681535897971674,True,True,True,True,1755.0,5.0,0.10005130836326322,2026-02-28
48357,2025,TX,0.05993485342019544,0.03647020514490394,0.048202529282549686,True,True,True,True,1907.0,5.0,0.022062596203181118,2026-02-28
48361,2025,TX,0.05993485342019544,0.12601758384890915,0.0929762186345523,True,True,True,True,1792.0,5.0,0.08106721395587481,2026-02-28
48363,2025,TX,0.05993485342019544,0.13708889612504072,0.09851187477261808,True,True,True,True,1781.0,5.0,0.08671113391482811,2026-02-28
48365,2025,TX,0.05993485342019544,0.16346466948876587,0.11169976145448066,True,True,True,True,1742.0,5.0,0.10672139558748076,2026-02-28
48367,2025,TX,0.05993485342019544,0.22631064799739498,0.1431227507087952,True,True,True,True,1646.0,5.0,0.15597742432016418,2026-02-28
48369,2025,TX,0.05993485342019544,0.27222403126017586,0.16607944234018565,True,True,True,True,1582.0,5.0,0.1888147768086198,2026-02-28
48371,2025,TX,0.05993485342019544,0.06773038098339303,0.06383261720179423,True,True,True,True,1870.0,5.0,0.04104669061056952,2026-02-28
48373,2025,TX,0.05993485342019544,0.12927385216541842,0.09460435279280693,True,True,True,True,1787.0,5.0,0.0836326321190354,2026-02-28
48375,2025,TX,0.05993485342019544,0.40247476392054704,0.23120480867037124,True,True,True,True,1398.0,4.0,0.2832221652129297,2026-02-28
48377,2025,TX,0.05993485342019544,0.11755128622598503,0.08874306982309023,True,True,True,True,1805.0,5.0,0.07439712673165726,2026-02-28
48379,2025,TX,0.05993485342019544,0.24454575056984695,0.1522403019950212,True,True,True,True,1624.0,5.0,0.1672652642380708,2026-02-28
48381,2025,TX,0.05993485342019544,0.37316834907196356,0.2165516012460795,True,True,True,True,1434.0,4.0,0.26475115443817343,2026-02-28
48383,2025,TX,0.05993485342019544,0.0755454249430153,0.06774013918160537,True,True,True,True,1859.0,5.0,0.04669061056952283,2026-02-28
48385,2025,TX,0.05993485342019544,0.0742429176164116,0.06708888551830351,True,True,True,True,1860.0,5.0,0.046177526936890714,2026-02-28
48387,2025,TX,0.05993485342019544,0.043308368609573426,0.05162161101488443,True,True,True,True,1898.0,5.0,0.02668034889687019,2026-02-28
48389,2025,TX,0.05993485342019544,0.004233148811462064,0.03208400111582875,True,True,True,True,1943.0,5.0,0.0035915854284248334,2026-02-28
48391,2025,TX,0.05993485342019544,0.048518397915988276,0.05422662566809186,True,True,True,True,1891.0,5.0,0.030271934325295024,2026-02-28
48395,2025,TX,0.05993485342019544,0.14327580592640835,0.1016053296733019,True,True,True,True,1769.0,5.0,0.09286813750641354,2026-02-28
48397,2025,TX,0.05993485342019544,0.11364376424617388,0.08678930883318466,True,True,True,True,1811.0,5.0,0.07131862493586455,2026-02-28
48399,2025,TX,0.05993485342019544,0.08531422989254314,0.07262454165636929,True,True,True,True,1848.0,5.0,0.05233453052847614,2026-02-28
48401,2025,TX,0.05993485342019544,0.2520351676978183,0.15598501055900688,True,True,True,True,1615.0,5.0,0.17188301693175986,2026-02-28
48403,2025,TX,0.05993485342019544,0.07749918593292088,0.06871701967655816,True,True,True,True,1857.0,5.0,0.04771677783478707,2026-02-28
48405,2025,TX,0.05993485342019544,0.015955714750895474,0.037945284085545455,True,True,True,True,1932.0,5.0,0.009235505387378143,2026-02-28
48407,2025,TX,0.05993485342019544,0.17616411592315206,0.11804948467167375,True,True,True,True,1725.0,5.0,0.11544381734222678,2026-02-28
48409,2025,TX,0.05993485342019544,0.11885379355258874,0.08939432348639209,True,True,True,True,1804.0,5.0,0.07491021036428938,2026-02-28
48411,2025,TX,0.05993485342019544,0.047215890589384565,0.05357537200479,True,True,True,True,1894.0,5.0,0.028732683427398667,2026-02-28
48415,2025,TX,0.05993485342019544,0.2800390752197981,0.16998696431999677,True,True,True,True,1573.0,5.0,0.19343252950230888,2026-02-28
48417,2025,TX,0.05993485342019544,0.017583848909150115,0.03875935116467277,True,True,True,True,1930.0,5.0,0.01026167265264238,2026-02-28
48419,2025,TX,0.05993485342019544,0.10159557147508955,0.0807652124476425,True,True,True,True,1829.0,5.0,0.0620831195484864,2026-02-28
48421,2025,TX,0.05993485342019544,0.2666883751221101,0.16331161427115276,True,True,True,True,1593.0,5.0,0.1831708568496665,2026-02-28
48423,2025,TX,0.05993485342019544,0.3555845001628134,0.20775967679150442,True,True,True,True,1465.0,4.0,0.24884556182657774,2026-02-28
48425,2025,TX,0.05993485342019544,0.3119505047215891,0.18594267907089226,True,True,True,True,1526.0,4.0,0.21754746023601848,2026-02-28
48427,2025,TX,0.05993485342019544,0.0475415174210355,0.05373818542061547,True,True,True,True,1893.0,5.0,0.029245767060030785,2026-02-28
48429,2025,TX,0.05993485342019544,0.012373819602735266,0.03615433651146535,True,True,True,True,1936.0,5.0,0.007183170856849667,2026-02-28
48431,2025,TX,0.05993485342019544,0.027678280690328884,0.04380656705526216,True,True,True,True,1917.0,5.0,0.01693175987685993,2026-02-28
48433,2025,TX,0.05993485342019544,0.02963204168023445,0.04478344755021495,True,True,True,True,1914.0,5.0,0.018471010774756286,2026-02-28
48435,2025,TX,0.05993485342019544,0.05405405405405406,0.05699445373712475,True,True,True,True,1883.0,5.0,0.03437660338635198,2026-02-28
48437,2025,TX,0.05993485342019544,0.02311950504721589,0.04152717923370566,True,True,True,True,1922.0,5.0,0.014366341713699333,2026-02-28
48439,2025,TX,0.05993485342019544,0.1208075545424943,0.09037120398134486,True,False,True,False,,,,2026-02-28
48441,2025,TX,0.05993485342019544,0.42591989579941386,0.24292737460980465,True,True,True,True,1365.0,4.0,0.3001539250897896,2026-02-28
48443,2025,TX,0.05993485342019544,0.036795831976554866,0.048365342698375155,True,True,True,True,1906.0,5.0,0.022575679835813236,2026-02-28
48445,2025,TX,0.05993485342019544,0.018886356235753826,0.039410604827974635,True,True,True,True,1928.0,5.0,0.011287839917906618,2026-02-28
48447,2025,TX,0.05993485342019544,0.0009768804949527841,0.030455866957574112,True,True,True,True,1946.0,5.0,0.002052334530528476,2026-02-28
48449,2025,TX,0.05993485342019544,0.19146857701074568,0.12570171521547055,True,True,True,True,1702.0,5.0,0.12724474089276552,2026-02-28
48451,2025,TX,0.05993485342019544,0.5434711820253989,0.3017030177227972,True,True,True,True,1197.0,4.0,0.3863519753719856,2026-02-28
48453,2025,TX,0.05993485342019544,0.026701400195376097,0.04331812680778577,True,False,True,False,,,,2026-02-28
48455,2025,TX,0.05993485342019544,0.13774014978834256,0.098837501604269,True,True,True,True,1778.0,5.0,0.08825038481272447,2026-02-28
48457,2025,TX,0.05993485342019544,0.10322370563334418,0.08157927952676981,True,True,True,True,1828.0,5.0,0.06259620318111853,2026-02-28
48459,2025,TX,0.05993485342019544,0.21361120156300878,0.1367730274916021,True,True,True,True,1666.0,5.0,0.1457157516675218,2026-02-28
48461,2025,TX,0.05993485342019544,0.07066102246825139,0.06529793794422341,True,True,True,True,1866.0,5.0,0.043099025141098,2026-02-28
48463,2025,TX,0.05993485342019544,0.1693259524584826,0.11463040293933902,True,True,True,True,1733.0,5.0,0.11133914828116984,2026-02-28
48465,2025,TX,0.05993485342019544,0.28199283620970367,0.17096384481494956,True,True,True,True,1569.0,5.0,0.19548486403283735,2026-02-28
48467,2025,TX,0.05993485342019544,0.2067730380983393,0.13335394575926737,True,True,True,True,1679.0,5.0,0.13904566444330427,2026-02-28
48469,2025,TX,0.05993485342019544,0.24715076522305438,0.1535428093216249,True,True,True,True,1618.0,5.0,0.17034376603386353,2026-02-28
48471,2025,TX,0.05993485342019544,0.1429501790947574,0.10144251625747643,True,True,True,True,1771.0,5.0,0.0918419702411493,2026-02-28
48473,2025,TX,0.05993485342019544,0.17909475740801042,0.11951480541410293,True,True,True,True,1721.0,5.0,0.11749615187275526,2026-02-28
48475,2025,TX,0.05993485342019544,0.06414848583523282,0.062041669627714124,True,True,True,True,1876.0,5.0,0.03796818881477681,2026-02-28
48477,2025,TX,0.05993485342019544,0.1927710843373494,0.12635296887877243,True,True,True,True,1699.0,5.0,0.12878399179066188,2026-02-28
48479,2025,TX,0.05993485342019544,0.3184630413546076,0.18919894738740153,True,True,True,True,1517.0,4.0,0.22216521292970753,2026-02-28
48481,2025,TX,0.05993485342019544,0.13741452295669163,0.09867468818844354,True,True,True,True,1780.0,5.0,0.08722421754746024,2026-02-28
48483,2025,TX,0.05993485342019544,0.015630087919244546,0.03778247066971999,True,True,True,True,1933.0,5.0,0.008722421754746024,2026-02-28
48485,2025,TX,0.05993485342019544,0.366330185607294,0.21313251951374473,True,True,True,True,1448.0,4.0,0.25756798358132377,2026-02-28
48487,2025,TX,0.05993485342019544,0.030934549006838164,0.0454347012135168,True,True,True,True,1912.0,5.0,0.019497178040020522,2026-02-28
48489,2025,TX,0.05993485342019544,0.052100293064148484,0.056017573242171964,True,True,True,True,1887.0,5.0,0.0323242688558235,2026-02-28
48491,2025,TX,0.05993485342019544,0.039400846629762294,0.049667850024978866,True,True,True,True,1903.0,5.0,0.024114930733709596,2026-02-28
48493,2025,TX,0.05993485342019544,0.2451970042331488,0.1525659288266721,True,True,True,True,1622.0,5.0,0.16829143150333503,2026-02-28
48495,2025,TX,0.05993485342019544,0.060240963855421686,0.060087908637808565,True,True,True,True,1877.0,5.0,0.03745510518214469,2026-02-28
48497,2025,TX,0.05993485342019544,0.18039726473461412,0.12016605907740478,True,True,True,True,1718.0,5.0,0.11903540277065161,2026-02-28
48499,2025,TX,0.05993485342019544,0.24259198957994138,0.1512634215000684,True,True,True,True,1628.0,5.0,0.16521292970754234,2026-02-28
48501,2025,TX,0.05993485342019544,0.0651253663301856,0.06253010987519052,True,True,True,True,1875.0,5.0,0.038481272447408926,2026-02-28
48503,2025,TX,0.05993485342019544,0.3366981439270596,0.19831649867362752,True,True,True,True,1487.0,4.0,0.2375577219086711,2026-02-28
48505,2025,TX,0.05993485342019544,0.020188863562357537,0.040061858491276484,True,True,True,True,1927.0,5.0,0.011800923550538737,2026-02-28
48507,2025,TX,0.05993485342019544,0.0801042005861283,0.07001952700316187,True,True,True,True,1854.0,5.0,0.04925602873268343,2026-02-28
49001,2025,UT,0.26465798045602607,0.6636274829045914,0.46414273168030873,True,True,True,True,663.0,2.0,0.6603386351975372,2026-02-28
49003,2025,UT,0.26465798045602607,0.4285249104526213,0.3465914454543237,True,True,True,True,1053.0,3.0,0.46023601847101075,2026-02-28
49005,2025,UT,0.26465798045602607,0.32139368283946596,0.293025831647746,True,True,True,True,1223.0,4.0,0.3730118009235505,2026-02-28
49007,2025,UT,0.26465798045602607,0.8163464669488766,0.5405022237024513,False,True,True,False,,,,2026-02-28
49009,2025,UT,0.26465798045602607,0.8199283620970368,0.5422931712765314,False,True,True,False,,,,2026-02-28
49011,2025,UT,0.26465798045602607,0.4255942689677629,0.3451261247118945,True,False,True,False,,,,2026-02-28
49013,2025,UT,0.26465798045602607,0.9482253337675024,0.6064416571117642,False,True,True,False,,,,2026-02-28
49015,2025,UT,0.26465798045602607,0.696515792901335,0.48058688667868055,False,True,True,False,,,,2026-02-28
49017,2025,UT,0.26465798045602607,0.4379680885704982,0.3513130345132621,True,True,True,True,1034.0,3.0,0.46998460749102106,2026-02-28
49019,2025,UT,0.26465798045602607,0.19537609899055683,0.23001703972329146,True,True,True,True,1400.0,4.0,0.2821959979476655,2026-02-28
49021,2025,UT,0.26465798045602607,0.3174861608596548,0.29107207065784046,True,True,True,True,1226.0,4.0,0.37147255002565416,2026-02-28
49023,2025,UT,0.26465798045602607,0.44057310322370563,0.3526155418398659,True,True,True,True,1033.0,3.0,0.47049769112365314,2026-02-28
49025,2025,UT,0.26465798045602607,0.24194073591663953,0.2532993581863328,True,True,True,True,1335.0,4.0,0.3155464340687532,2026-02-28
49027,2025,UT,0.26465798045602607,0.7313578638879844,0.49800792217200524,False,True,True,False,,,,2026-02-28
49029,2025,UT,0.26465798045602607,0.45913383262780855,0.3618959065419173,True,True,True,True,996.0,3.0,0.48948178553104155,2026-02-28
49033,2025,UT,0.26465798045602607,0.6232497557798763,0.4439538681179512,True,True,True,True,730.0,2.0,0.6259620318111853,2026-02-28
49035,2025,UT,0.26465798045602607,0.3493975903614458,0.30702778540873593,True,False,True,False,,,,2026-02-28
49037,2025,UT,0.26465798045602607,0.45229566916313907,0.35847682480958254,True,True,True,True,1007.0,3.0,0.48383786557208824,2026-02-28
49039,2025,UT,0.26465798045602607,0.46043633995441224,0.36254716020521915,True,True,True,True,994.0,3.0,0.4905079527963058,2026-02-28
49041,2025,UT,0.26465798045602607,0.592640833604689,0.42864940703035753,True,True,True,True,787.0,3.0,0.5967162647511545,2026-02-28
49043,2025,UT,0.26465798045602607,0.33051123412569194,0.297584607290859,True,True,True,True,1211.0,4.0,0.37916880451513596,2026-02-28
49045,2025,UT,0.26465798045602607,0.3064148485835233,0.2855364145197747,True,True,True,True,1243.0,4.0,0.36275012827090813,2026-02-28
49047,2025,UT,0.26465798045602607,0.9026375773363725,0.5836477788961993,False,True,True,False,,,,2026-02-28
49049,2025,UT,0.26465798045602607,0.30446108759361773,0.2845595340248219,True,True,True,True,1245.0,4.0,0.3617239610056439,2026-02-28
49051,2025,UT,0.26465798045602607,0.34190817323347444,0.30328307684475025,True,True,True,True,1191.0,4.0,0.38943047716777834,2026-02-28
49053,2025,UT,0.26465798045602607,0.23380006512536633,0.2492290227906962,True,True,True,True,1348.0,4.0,0.30887634684453563,2026-02-28
49055,2025,UT,0.26465798045602607,0.38065776619993485,0.32265787332798046,True,True,True,True,1136.0,3.0,0.4176500769625449,2026-02-28
49057,2025,UT,0.26465798045602607,0.3601432758059264,0.31240062813097624,True,True,True,True,1167.0,3.0,0.4017444843509492,2026-02-28
50001,2025,VT,0.6728013029315961,0.2810159557147509,0.4769086293231735,True,True,True,True,621.0,2.0,0.6818881477680862,2026-02-28
50003,2025,VT,0.6728013029315961,0.24649951155975253,0.4596504072456743,True,True,True,True,681.0,2.0,0.651103129810159,2026-02-28
50005,2025,VT,0.6728013029315961,0.4330836860957343,0.5529424945136652,True,True,True,True,385.0,1.0,0.8029758850692663,2026-02-28
50007,2025,VT,0.6728013029315961,0.5073266037121459,0.590063953321871,True,True,True,True,288.0,1.0,0.8527449974345819,2026-02-28
50009,2025,VT,0.6728013029315961,0.26278085314229893,0.4677910780369475,True,True,True,True,648.0,2.0,0.668034889687019,2026-02-28
50011,2025,VT,0.6728013029315961,0.5906870726147835,0.6317441877731897,True,True,True,True,205.0,1.0,0.8953309389430477,2026-02-28
50013,2025,VT,0.6728013029315961,0.35884076847932267,0.5158210357054593,True,True,True,True,502.0,2.0,0.7429451000513083,2026-02-28
50015,2025,VT,0.6728013029315961,0.21556496255291435,0.44418313274225524,True,True,True,True,729.0,2.0,0.6264751154438173,2026-02-28
50017,2025,VT,0.6728013029315961,0.18853793552588732,0.4306696192287417,True,True,True,True,779.0,2.0,0.6008209338122114,2026-02-28
50019,2025,VT,0.6728013029315961,0.4861608596548356,0.5794810812932158,True,True,True,True,313.0,1.0,0.8399179066187789,2026-02-28
50021,2025,VT,0.6728013029315961,0.40019537609899053,0.5364983395152934,True,True,True,True,422.0,2.0,0.7839917906618779,2026-02-28
50023,2025,VT,0.6728013029315961,0.43601432758059266,0.5544078152560944,True,True,True,True,381.0,1.0,0.8050282195997948,2026-02-28
50025,2025,VT,0.6728013029315961,0.3018560729404103,0.4873286879360032,True,True,True,True,589.0,2.0,0.698306824012314,2026-02-28
50027,2025,VT,0.6728013029315961,0.4220123738196027,0.5474068383755994,True,True,True,True,400.0,2.0,0.7952796305797845,2026-02-28
51001,2025,VA,0.6967426710097719,0.4806252035167698,0.5886839372632708,True,True,True,True,293.0,1.0,0.8501795792714213,2026-02-28
51003,2025,VA,0.6967426710097719,0.7437316834907196,0.7202371772502458,False,True,True,False,,,,2026-02-28
51005,2025,VA,0.6967426710097719,0.7561055030934549,0.7264240870516134,False,True,True,False,,,,2026-02-28
51007,2025,VA,0.6967426710097719,0.8954737870400521,0.796108229024912,False,True,True,False,,,,2026-02-28
51009,2025,VA,0.6967426710097719,0.5783132530120482,0.63752796201091,True,True,True,True,189.0,1.0,0.9035402770651616,2026-02-28
51011,2025,VA,0.6967426710097719,0.8743080429827418,0.7855253569962568,False,True,True,False,,,,2026-02-28
51013,2025,VA,0.6967426710097719,0.520026050146532,0.608384360578152,True,False,True,False,,,,2026-02-28
51015,2025,VA,0.6967426710097719,0.5626831650928037,0.6297129180512878,True,True,True,True,210.0,1.0,0.8927655207798871,2026-02-28
51017,2025,VA,0.6967426710097719,0.45815695213285573,0.5774498115713138,True,True,True,True,318.0,1.0,0.8373524884556183,2026-02-28
51019,2025,VA,0.6967426710097719,0.7652230543796809,0.7309828626947263,False,True,True,False,,,,2026-02-28
51021,2025,VA,0.6967426710097719,0.4353630739172908,0.5660528724635314,True,True,True,True,350.0,1.0,0.8209338122113905,2026-02-28
51023,2025,VA,0.6967426710097719,0.4734614132204494,0.5851020421151106,True,True,True,True,303.0,1.0,0.8450487429451,2026-02-28
51025,2025,VA,0.6967426710097719,0.06349723217193097,0.38011995159085143,True,True,True,True,951.0,3.0,0.512570548999487,2026-02-28
51027,2025,VA,0.6967426710097719,0.058612829697167045,0.3776777503534695,True,True,True,True,958.0,3.0,0.5089789635710621,2026-02-28
51029,2025,VA,0.6967426710097719,0.5258873331162488,0.6113150020630104,True,True,True,True,245.0,1.0,0.874807593637763,2026-02-28
51031,2025,VA,0.6967426710097719,0.7267990882448714,0.7117708796273217,False,True,True,False,,,,2026-02-28
51033,2025,VA,0.6967426710097719,0.48095083034842073,0.5888467506790963,True,True,True,True,292.0,1.0,0.8506926629040533,2026-02-28
51035,2025,VA,0.6967426710097719,0.29404102898078804,0.49539184999527996,True,True,True,True,561.0,2.0,0.7126731657260134,2026-02-28
51036,2025,VA,0.6967426710097719,0.5330511234125692,0.6148968972111706,True,True,True,True,234.0,1.0,0.8804515135967163,2026-02-28
51037,2025,VA,0.6967426710097719,0.7108433734939759,0.7037930222518739,False,True,True,False,,,,2026-02-28
51041,2025,VA,0.6967426710097719,0.6450667535004885,0.6709047122551302,True,True,True,True,139.0,1.0,0.9291944586967675,2026-02-28
51043,2025,VA,0.6967426710097719,0.6112015630087919,0.6539721170092819,True,True,True,True,160.0,1.0,0.9184197024114931,2026-02-28
51045,2025,VA,0.6967426710097719,0.7600130250732661,0.7283778480415191,False,True,True,False,,,,2026-02-28
51047,2025,VA,0.6967426710097719,0.787040052100293,0.7418913615550324,False,True,True,False,,,,2026-02-28
51049,2025,VA,0.6967426710097719,0.787365678931944,0.742054174970858,False,True,True,False,,,,2026-02-28
51051,2025,VA,0.6967426710097719,0.8677955063497232,0.7822690886797476,False,True,True,False,,,,2026-02-28
51053,2025,VA,0.6967426710097719,0.5483555845001629,0.6225491277549674,True,True,True,True,226.0,1.0,0.8845561826577732,2026-02-28
51057,2025,VA,0.6967426710097719,0.4154998371865842,0.556121254098178,True,True,True,True,377.0,1.0,0.8070805541303232,2026-02-28
51059,2025,VA,0.6967426710097719,0.6046890263757734,0.6507158486927727,True,False,True,False,,,,2026-02-28
51061,2025,VA,0.6967426710097719,0.782806903288831,0.7397747871493014,False,True,True,False,,,,2026-02-28
51063,2025,VA,0.6967426710097719,0.7688049495278411,0.7327738102688065,False,True,True,False,,,,2026-02-28
51065,2025,VA,0.6967426710097719,0.6707912732009118,0.6837669721053419,False,True,True,False,,,,2026-02-28
51067,2025,VA,0.6967426710097719,0.7883425594268968,0.7425426152183343,False,True,True,False,,,,2026-02-28
51069,2025,VA,0.6967426710097719,0.5411917942038424,0.6189672326068072,True,True,True,True,231.0,1.0,0.8819907644946127,2026-02-28
51071,2025,VA,0.6967426710097719,0.5460761966786063,0.6214094338441891,True,True,True,True,228.0,1.0,0.883530015392509,2026-02-28
51073,2025,VA,0.6967426710097719,0.7333116248778899,0.7150271479438309,False,True,True,False,,,,2026-02-28
51075,2025,VA,0.6967426710097719,0.9544122435688701,0.8255774572893211,False,True,True,False,,,,2026-02-28
51077,2025,VA,0.6967426710097719,0.7818300227938783,0.7392863469018252,False,True,True,False,,,,2026-02-28
51079,2025,VA,0.6967426710097719,0.7574080104200586,0.7270753407149153,False,True,True,False,,,,2026-02-28
51081,2025,VA,0.6967426710097719,0.755454249430153,0.7260984602199625,False,True,True,False,,,,2026-02-28
51083,2025,VA,0.6967426710097719,0.7587105177466623,0.7277265943782172,False,True,True,False,,,,2026-02-28
51085,2025,VA,0.6967426710097719,0.8153695864539238,0.7560561287318479,False,True,True,False,,,,2026-02-28
51087,2025,VA,0.6967426710097719,0.6496255291436014,0.6731841000766867,True,False,True,False,,,,2026-02-28
51089,2025,VA,0.6967426710097719,0.37707587105177465,0.5369092710307732,True,True,True,True,420.0,2.0,0.7850179579271421,2026-02-28
51091,2025,VA,0.6967426710097719,0.877564311299251,0.7871534911545115,False,True,True,False,,,,2026-02-28
51093,2025,VA,0.6967426710097719,0.362097036795832,0.529419853902802,True,True,True,True,454.0,2.0,0.7675731144176501,2026-02-28
51095,2025,VA,0.6967426710097719,0.7118202539889287,0.7042814624993503,False,True,True,False,,,,2026-02-28
51097,2025,VA,0.6967426710097719,0.932269619016607,0.8145061450131894,False,True,True,False,,,,2026-02-28
51099,2025,VA,0.6967426710097719,0.6294366655812439,0.6630896682955079,True,True,True,True,150.0,1.0,0.9235505387378142,2026-02-28
51101,2025,VA,0.6967426710097719,0.7095408661673722,0.7031417685885721,False,True,True,False,,,,2026-02-28
51103,2025,VA,0.6967426710097719,0.5714750895473787,0.6341088802785753,True,True,True,True,198.0,1.0,0.8989225243714726,2026-02-28
51105,2025,VA,0.6967426710097719,0.9837186584174537,0.8402306647136129,False,True,True,False,,,,2026-02-28
51107,2025,VA,0.6967426710097719,0.6600455877564312,0.6783941293831015,True,True,True,True,128.0,1.0,0.9348383786557208,2026-02-28
51109,2025,VA,0.6967426710097719,0.7880169325952459,0.742379801802509,False,True,True,False,,,,2026-02-28
51111,2025,VA,0.6967426710097719,0.29306414848583523,0.49490340974780356,True,True,True,True,566.0,2.0,0.7101077475628528,2026-02-28
51113,2025,VA,0.6967426710097719,0.6639531097362422,0.6803478903730071,True,True,True,True,124.0,1.0,0.9368907131862494,2026-02-28
51115,2025,VA,0.6967426710097719,0.5965483555845001,0.646645513297136,True,True,True,True,172.0,1.0,0.9122626988199076,2026-02-28
51117,2025,VA,0.6967426710097719,0.8160208401172256,0.7563817555634988,False,True,True,False,,,,2026-02-28
51119,2025,VA,0.6967426710097719,0.6932595245848258,0.6950010977972989,False,True,True,False,,,,2026-02-28
51121,2025,VA,0.6967426710097719,0.5584500162813416,0.6275963436455567,True,True,True,True,213.0,1.0,0.8912262698819907,2026-02-28
51125,2025,VA,0.6967426710097719,0.5571475089547379,0.6269450899822548,True,True,True,True,214.0,1.0,0.8907131862493587,2026-02-28
51127,2025,VA,0.6967426710097719,0.7098664929990232,0.7033045820043975,False,True,True,False,,,,2026-02-28
51131,2025,VA,0.6967426710097719,0.7609899055682188,0.7288662882889954,False,True,True,False,,,,2026-02-28
51133,2025,VA,0.6967426710097719,0.3647020514490394,0.5307223612294056,True,True,True,True,448.0,2.0,0.7706516162134428,2026-02-28
51135,2025,VA,0.6967426710097719,0.8134158254640182,0.7550792482368951,False,True,True,False,,,,2026-02-28
51137,2025,VA,0.6967426710097719,0.6860957342885053,0.6914192026491386,False,True,True,False,,,,2026-02-28
51139,2025,VA,0.6967426710097719,0.6694887658743081,0.68311571844204,False,True,True,False,,,,2026-02-28
51141,2025,VA,0.6967426710097719,0.2582220774991859,0.4774823742544789,True,True,True,True,618.0,2.0,0.6834273986659826,2026-02-28
51143,2025,VA,0.6967426710097719,0.4890915011396939,0.5929170860747329,True,True,True,True,282.0,1.0,0.8558234992303746,2026-02-28
51145,2025,VA,0.6967426710097719,0.9195701725822207,0.8081564217959963,False,True,True,False,,,,2026-02-28
51147,2025,VA,0.6967426710097719,0.4109410615434712,0.5538418662766216,True,True,True,True,383.0,1.0,0.8040020523345305,2026-02-28
51149,2025,VA,0.6967426710097719,0.6180397264734614,0.6573911987416167,True,True,True,True,156.0,1.0,0.9204720369420215,2026-02-28
51153,2025,VA,0.6967426710097719,0.6401823510257245,0.6684625110177482,True,False,True,False,,,,2026-02-28
51155,2025,VA,0.6967426710097719,0.41159231520677303,0.5541674931082725,True,True,True,True,382.0,1.0,0.8045151359671626,2026-02-28
51157,2025,VA,0.6967426710097719,0.5841745359817649,0.6404586034957684,True,True,True,True,177.0,1.0,0.909697280656747,2026-02-28
51159,2025,VA,0.6967426710097719,0.6952132855747314,0.6959779782922517,False,True,True,False,,,,2026-02-28
51161,2025,VA,0.6967426710097719,0.8036470205144904,0.7501948457621312,False,True,True,False,,,,2026-02-28
51163,2025,VA,0.6967426710097719,0.6841419732985998,0.6904423221541859,False,True,True,False,,,,2026-02-28
51165,2025,VA,0.6967426710097719,0.8137414522956692,0.7552420616527206,False,True,True,False,,,,2026-02-28
51167,2025,VA,0.6967426710097719,0.33767502442201236,0.5172088477158922,True,True,True,True,499.0,2.0,0.7444843509492047,2026-02-28
51169,2025,VA,0.6967426710097719,0.9596222728752849,0.8281824719425284,False,True,True,False,,,,2026-02-28
51171,2025,VA,0.6967426710097719,0.6072940410289808,0.6520183560193764,True,True,True,True,163.0,1.0,0.9168804515135968,2026-02-28
51173,2025,VA,0.6967426710097719,0.7336372517095409,0.7151899613596564,False,True,True,False,,,,2026-02-28
51175,2025,VA,0.6967426710097719,0.5226310647997395,0.6096868679047558,True,True,True,True,248.0,1.0,0.8732683427398666,2026-02-28
51177,2025,VA,0.6967426710097719,0.6629762292412895,0.6798594501255307,True,True,True,True,125.0,1.0,0.9363776295536173,2026-02-28
51179,2025,VA,0.6967426710097719,0.6398567241940736,0.6682996976019228,True,True,True,True,142.0,1.0,0.9276552077988712,2026-02-28
51181,2025,VA,0.6967426710097719,0.6297622924128948,0.6632524817113334,True,True,True,True,149.0,1.0,0.9240636223704464,2026-02-28
51183,2025,VA,0.6967426710097719,0.34060566590687075,0.5186741684583214,True,True,True,True,494.0,2.0,0.7470497691123653,2026-02-28
51185,2025,VA,0.6967426710097719,0.5037447085639857,0.6002436897868788,True,True,True,True,270.0,1.0,0.8619805028219599,2026-02-28
51187,2025,VA,0.6967426710097719,0.8329534353630739,0.7648480531864229,False,True,True,False,,,,2026-02-28
51191,2025,VA,0.6967426710097719,0.9036144578313253,0.8001785644205486,False,True,True,False,,,,2026-02-28
51193,2025,VA,0.6967426710097719,0.46760013025073266,0.5821714006302523,True,True,True,True,306.0,1.0,0.8435094920472037,2026-02-28
51195,2025,VA,0.6967426710097719,0.5389124063822859,0.6178275386960289,True,True,True,True,233.0,1.0,0.8809645972293484,2026-02-28
51197,2025,VA,0.6967426710097719,0.7831325301204819,0.7399376005651269,False,True,True,False,,,,2026-02-28
51199,2025,VA,0.6967426710097719,0.724194073591664,0.7104683723007179,False,True,True,False,,,,2026-02-28
51510,2025,VA,0.6967426710097719,0.5096059915337023,0.6031743312717371,True,False,True,False,,,,2026-02-28
51520,2025,VA,0.6967426710097719,0.7805275154672745,0.7386350932385233,False,False,True,False,,,,2026-02-28
51530,2025,VA,0.6967426710097719,0.9257570823835884,0.8112498766966802,False,True,True,False,,,,2026-02-28
51540,2025,VA,0.6967426710097719,0.42722240312601756,0.5619825370678948,True,False,True,False,,,,2026-02-28
51550,2025,VA,0.6967426710097719,0.7186584174535982,0.707700544231685,False,True,True,False,,,,2026-02-28
51570,2025,VA,0.6967426710097719,0.3783783783783784,0.5375605246940751,True,False,True,False,,,,2026-02-28
51580,2025,VA,0.6967426710097719,0.9814392705958971,0.8390909708028345,False,True,True,False,,,,2026-02-28
51590,2025,VA,0.6967426710097719,0.9553891240638228,0.8260658975367974,False,True,True,False,,,,2026-02-28
51595,2025,VA,0.6967426710097719,0.5623575382611528,0.6295501046354623,True,True,True,True,211.0,1.0,0.892252437147255,2026-02-28
51600,2025,VA,0.6967426710097719,0.8176489742754803,0.7571958226426261,False,False,True,False,,,,2026-02-28
51610,2025,VA,0.6967426710097719,0.859980462390101,0.7783615666999364,False,False,True,False,,,,2026-02-28
51620,2025,VA,0.6967426710097719,0.6789319439921849,0.6878373075009785,False,True,True,False,,,,2026-02-28
51630,2025,VA,0.6967426710097719,0.5255617062845979,0.6111521886471849,True,False,True,False,,,,2026-02-28
51640,2025,VA,0.6967426710097719,0.8433734939759037,0.7700580824928378,False,True,True,False,,,,2026-02-28
51650,2025,VA,0.6967426710097719,0.6395310973624226,0.6681368841860973,True,False,True,False,,,,2026-02-28
51660,2025,VA,0.6967426710097719,0.6352979485509606,0.6660203097803663,True,False,True,False,,,,2026-02-28
51670,2025,VA,0.6967426710097719,0.1813741452295669,0.43905840811966945,True,False,True,False,,,,2026-02-28
51678,2025,VA,0.6967426710097719,0.7167046564636926,0.7067236637367322,False,False,True,False,,,,2026-02-28
51680,2025,VA,0.6967426710097719,0.7049820905242592,0.7008623807670156,False,False,True,False,,,,2026-02-28
51683,2025,VA,0.6967426710097719,0.7170302832953436,0.7068864771525578,False,False,True,False,,,,2026-02-28
51685,2025,VA,0.6967426710097719,0.7499185932920873,0.7233306321509296,False,False,True,False,,,,2026-02-28
51690,2025,VA,0.6967426710097719,0.9527841094106154,0.8247633902101936,False,False,True,False,,,,2026-02-28
51700,2025,VA,0.6967426710097719,0.7613155323998697,0.7290291017048208,False,False,True,False,,,,2026-02-28
51710,2025,VA,0.6967426710097719,0.6157603386519049,0.6562515048308384,True,False,True,False,,,,2026-02-28
51720,2025,VA,0.6967426710097719,0.44089873005535657,0.5688207005325643,True,True,True,True,341.0,1.0,0.8255515649050795,2026-02-28
51730,2025,VA,0.6967426710097719,0.1520677303809834,0.4244052006953777,True,False,True,False,,,,2026-02-28
51735,2025,VA,0.6967426710097719,0.6525561706284598,0.6746494208191158,True,False,True,False,,,,2026-02-28
51740,2025,VA,0.6967426710097719,0.6590687072614784,0.6779056891356252,True,False,True,False,,,,2026-02-28
51750,2025,VA,0.6967426710097719,0.6623249755779876,0.6795338232938798,True,False,True,False,,,,2026-02-28
51760,2025,VA,0.6967426710097719,0.48453272549658094,0.5906376982531765,True,False,True,False,,,,2026-02-28
51770,2025,VA,0.6967426710097719,0.914034516444155,0.8053885937269635,False,False,True,False,,,,2026-02-28
51775,2025,VA,0.6967426710097719,0.8209052425919896,0.7588239568008808,False,False,True,False,,,,2026-02-28
51790,2025,VA,0.6967426710097719,0.8443503744708564,0.7705465227403141,False,False,True,False,,,,2026-02-28
51800,2025,VA,0.6967426710097719,0.660371214588082,0.678556942798927,True,True,True,True,127.0,1.0,0.935351462288353,2026-02-28
51810,2025,VA,0.6967426710097719,0.742429176164116,0.719585923586944,False,False,True,False,,,,2026-02-28
51820,2025,VA,0.6967426710097719,0.6138065776619993,0.6552746243358856,True,False,True,False,,,,2026-02-28
51830,2025,VA,0.6967426710097719,0.5854770433083686,0.6411098571590703,True,False,True,False,,,,2026-02-28
51840,2025,VA,0.6967426710097719,0.6844676001302508,0.6906051355700114,False,False,True,False,,,,2026-02-28
53001,2025,WA,0.18534201954397395,0.5447736893520027,0.36505785444798833,True,True,True,True,990.0,3.0,0.49256028732683427,2026-02-28
53003,2025,WA,0.18534201954397395,0.3057635949202214,0.2455528072320977,True,True,True,True,1355.0,4.0,0.30528476141611083,2026-02-28
53005,2025,WA,0.18534201954397395,0.32009117551286226,0.25271659752841813,True,True,True,True,1339.0,4.0,0.3134940995382247,2026-02-28
53007,2025,WA,0.18534201954397395,0.248778899381309,0.21706045946264146,True,True,True,True,1432.0,4.0,0.26577732170343765,2026-02-28
53009,2025,WA,0.18534201954397395,0.4031260175838489,0.2942340185639114,True,True,True,True,1220.0,4.0,0.3745510518214469,2026-02-28
53011,2025,WA,0.18534201954397395,0.3275805926408336,0.2564613060924038,True,True,True,True,1319.0,4.0,0.3237557721908671,2026-02-28
53013,2025,WA,0.18534201954397395,0.3669814392705959,0.2761617294072849,True,True,True,True,1261.0,4.0,0.35351462288353,2026-02-28
53015,2025,WA,0.18534201954397395,0.3633995441224357,0.27437078183320485,True,True,True,True,1268.0,4.0,0.34992303745510517,2026-02-28
53017,2025,WA,0.18534201954397395,0.42917616411592313,0.30725909182994854,True,True,True,True,1184.0,4.0,0.3930220625962032,2026-02-28
53019,2025,WA,0.18534201954397395,0.29534353630739174,0.24034277792568284,True,True,True,True,1375.0,4.0,0.29502308876346844,2026-02-28
53021,2025,WA,0.18534201954397395,0.3230218169977206,0.25418191827084724,True,True,True,True,1330.0,4.0,0.3181118522319138,2026-02-28
53023,2025,WA,0.18534201954397395,0.9931618365353305,0.5892519280396522,False,True,True,False,,,,2026-02-28
53025,2025,WA,0.18534201954397395,0.35818951481602085,0.2717657671799974,True,True,True,True,1276.0,4.0,0.3458183683940482,2026-02-28
53027,2025,WA,0.18534201954397395,0.20351676978183003,0.194429394662902,True,True,True,True,1499.0,4.0,0.2314007183170857,2026-02-28
53029,2025,WA,0.18534201954397395,0.32074242917616413,0.25304222436006907,True,True,True,True,1338.0,4.0,0.31400718317085685,2026-02-28
53031,2025,WA,0.18534201954397395,0.2416151090849886,0.21347856431448126,True,True,True,True,1444.0,4.0,0.2596203181118522,2026-02-28
53033,2025,WA,0.18534201954397395,0.3090198632367307,0.24718094139035232,True,False,True,False,,,,2026-02-28
53035,2025,WA,0.18534201954397395,0.3246499511559752,0.2549959853499746,True,True,True,True,1325.0,4.0,0.3206772703950744,2026-02-28
53037,2025,WA,0.18534201954397395,0.19830674047541516,0.19182438000969454,True,True,True,True,1508.0,4.0,0.22678296562339662,2026-02-28
53039,2025,WA,0.18534201954397395,0.3008791924454575,0.24311060599471573,True,True,True,True,1361.0,4.0,0.3022062596203181,2026-02-28
53041,2025,WA,0.18534201954397395,0.49299902311950505,0.3391705213317395,True,True,True,True,1082.0,3.0,0.44535659312467935,2026-02-28
53043,2025,WA,0.18534201954397395,0.271572777596874,0.22845739857042396,True,True,True,True,1404.0,4.0,0.280143663417137,2026-02-28
53045,2025,WA,0.18534201954397395,0.32855747313578637,0.25694974633988016,True,True,True,True,1318.0,4.0,0.32426885582349924,2026-02-28
53047,2025,WA,0.18534201954397395,0.26082709215239336,0.22308455584818365,True,True,True,True,1414.0,4.0,0.2750128270908158,2026-02-28
53049,2025,WA,0.18534201954397395,0.321068056007815,0.2532050377758945,True,True,True,True,1336.0,4.0,0.3150333504361211,2026-02-28
53051,2025,WA,0.18534201954397395,0.38782155649625527,0.2865817880201146,True,True,True,True,1241.0,4.0,0.3637762955361724,2026-02-28
53053,2025,WA,0.18534201954397395,0.38423966134809506,0.28479084044603453,True,True,True,True,1244.0,4.0,0.36223704463827605,2026-02-28
53055,2025,WA,0.18534201954397395,0.12178443503744708,0.1535632272907105,True,False,True,False,,,,2026-02-28
53057,2025,WA,0.18534201954397395,0.470530771735591,0.3279363956397825,True,True,True,True,1121.0,3.0,0.42534633145202666,2026-02-28
53059,2025,WA,0.18534201954397395,0.4190817323347444,0.30221187593935916,True,True,True,True,1196.0,4.0,0.38686505900461776,2026-02-28
53061,2025,WA,0.18534201954397395,0.5314229892543145,0.3583825043991442,True,True,True,True,1008.0,3.0,0.4833247819394561,2026-02-28
53063,2025,WA,0.18534201954397395,0.24324324324324326,0.2142926313936086,True,True,True,True,1443.0,4.0,0.26013340174448435,2026-02-28
53065,2025,WA,0.18534201954397395,0.44350374470856396,0.31442288212626895,True,True,True,True,1161.0,3.0,0.4048229861467419,2026-02-28
53067,2025,WA,0.18534201954397395,0.38358840768479324,0.2844652136143836,True,True,True,True,1246.0,4.0,0.3612108773730118,2026-02-28
53069,2025,WA,0.18534201954397395,0.5216541843047867,0.35349810192438036,True,True,True,True,1031.0,3.0,0.4715238583889174,2026-02-28
53071,2025,WA,0.18534201954397395,0.38000651253663303,0.2826742660403035,True,True,True,True,1251.0,4.0,0.3586454592098512,2026-02-28
53073,2025,WA,0.18534201954397395,0.41387170302832954,0.29960686128615177,True,True,True,True,1206.0,4.0,0.38173422267829654,2026-02-28
53075,2025,WA,0.18534201954397395,0.2510582872028655,0.21820015337341972,True,True,True,True,1427.0,4.0,0.26834273986659823,2026-02-28
53077,2025,WA,0.18534201954397395,0.4728101595571475,0.3290760895505607,True,True,True,True,1119.0,3.0,0.42637249871729094,2026-02-28
54001,2025,WV,0.657328990228013,0.18658417453598178,0.4219565823819974,True,True,True,True,817.0,3.0,0.5813237557721909,2026-02-28
54003,2025,WV,0.657328990228013,0.7228915662650602,0.6901102782465367,False,True,True,False,,,,2026-02-28
54005,2025,WV,0.657328990228013,0.15239335721263433,0.4048611737203237,True,True,True,True,874.0,3.0,0.5520779887121601,2026-02-28
54007,2025,WV,0.657328990228013,0.2881797460110713,0.4727543681195422,True,True,True,True,632.0,2.0,0.6762442278091328,2026-02-28
54009,2025,WV,0.657328990228013,0.5581243894496907,0.6077266898388518,True,True,True,True,251.0,1.0,0.8717290918419702,2026-02-28
54011,2025,WV,0.657328990228013,0.9706935851514165,0.8140112876897148,False,True,True,False,,,,2026-02-28
54013,2025,WV,0.657328990228013,0.23901009443178117,0.44816954232989714,True,True,True,True,710.0,2.0,0.6362237044638276,2026-02-28
54015,2025,WV,0.657328990228013,0.21002930641484857,0.43367914832143084,True,True,True,True,769.0,2.0,0.6059517701385326,2026-02-28
54017,2025,WV,0.657328990228013,0.5170954086616737,0.5872121994448434,True,True,True,True,296.0,1.0,0.8486403283735249,2026-02-28
54019,2025,WV,0.657328990228013,0.6991208075545425,0.6782248988912778,False,True,True,False,,,,2026-02-28
54021,2025,WV,0.657328990228013,0.565939433409313,0.6116342118186631,True,True,True,True,244.0,1.0,0.8753206772703951,2026-02-28
54023,2025,WV,0.657328990228013,0.6212959947899707,0.6393124925089919,True,True,True,True,185.0,1.0,0.90559261159569,2026-02-28
54025,2025,WV,0.657328990228013,0.6909801367632693,0.6741545634956412,False,True,True,False,,,,2026-02-28
54027,2025,WV,0.657328990228013,0.7281015955714751,0.6927152928997441,False,True,True,False,,,,2026-02-28
54029,2025,WV,0.657328990228013,0.5304461087593618,0.5938875494936875,True,True,True,True,280.0,1.0,0.8568496664956388,2026-02-28
54031,2025,WV,0.657328990228013,0.6597199609247802,0.6585244755763966,True,True,True,True,154.0,1.0,0.9214982042072858,2026-02-28
54033,2025,WV,0.657328990228013,0.34549006838163465,0.5014095293048239,True,True,True,True,546.0,2.0,0.7203694202154951,2026-02-28
54035,2025,WV,0.657328990228013,0.6222728752849235,0.6398009327564682,True,True,True,True,179.0,1.0,0.9086711133914828,2026-02-28
54037,2025,WV,0.657328990228013,0.8554216867469879,0.7563753384875005,False,True,True,False,,,,2026-02-28
54039,2025,WV,0.657328990228013,0.7072614783458157,0.6822952342869144,False,True,True,False,,,,2026-02-28
54041,2025,WV,0.657328990228013,0.30739172907847606,0.48236035965324453,True,True,True,True,603.0,2.0,0.6911236531554643,2026-02-28
54043,2025,WV,0.657328990228013,0.10420058612829697,0.380764788178155,True,True,True,True,948.0,3.0,0.5141097998973833,2026-02-28
54045,2025,WV,0.657328990228013,0.3034842070986649,0.480406598663339,True,True,True,True,609.0,2.0,0.6880451513596716,2026-02-28
54047,2025,WV,0.657328990228013,0.007489417127971344,0.3324092036779922,True,True,True,True,1105.0,3.0,0.4335556695741406,2026-02-28
54049,2025,WV,0.657328990228013,0.41517421035493324,0.5362516002914731,True,True,True,True,423.0,2.0,0.7834787070292457,2026-02-28
54051,2025,WV,0.657328990228013,0.4041028980788017,0.5307159441534074,True,True,True,True,449.0,2.0,0.7701385325808107,2026-02-28
54053,2025,WV,0.657328990228013,0.8752849234776946,0.7663069568528538,False,True,True,False,,,,2026-02-28
54055,2025,WV,0.657328990228013,0.46825138391403454,0.5627901870710238,True,True,True,True,353.0,1.0,0.8193945613134941,2026-02-28
54057,2025,WV,0.657328990228013,0.49169651579290136,0.5745127530104572,True,True,True,True,328.0,1.0,0.8322216521292971,2026-02-28
54059,2025,WV,0.657328990228013,0.05633344187561055,0.3568312160518118,True,True,True,True,1015.0,3.0,0.4797331965110313,2026-02-28
54061,2025,WV,0.657328990228013,0.40117225659394334,0.5292506234109782,True,True,True,True,455.0,2.0,0.7670600307850179,2026-02-28
54063,2025,WV,0.657328990228013,0.9459459459459459,0.8016374680869796,False,True,True,False,,,,2026-02-28
54065,2025,WV,0.657328990228013,0.7717355910126994,0.7145322906203562,False,True,True,False,,,,2026-02-28
54067,2025,WV,0.657328990228013,0.89124063822859,0.7742848142283015,False,True,True,False,,,,2026-02-28
54069,2025,WV,0.657328990228013,0.49723217193096714,0.5772805810794901,True,True,True,True,319.0,1.0,0.8368394048229861,2026-02-28
54071,2025,WV,0.657328990228013,0.9746011071312276,0.8159650486796204,False,True,True,False,,,,2026-02-28
54073,2025,WV,0.657328990228013,0.6330185607294041,0.6451737754787086,True,True,True,True,173.0,1.0,0.9117496151872755,2026-02-28
54075,2025,WV,0.657328990228013,0.9098013676326929,0.783565178930353,False,True,True,False,,,,2026-02-28
54077,2025,WV,0.657328990228013,0.8450016281341582,0.7511653091810857,False,True,True,False,,,,2026-02-28
54079,2025,WV,0.657328990228013,0.8130901986323673,0.7352095944301902,False,True,True,False,,,,2026-02-28
54081,2025,WV,0.657328990228013,0.619993487463367,0.63866123884569,True,True,True,True,186.0,1.0,0.905079527963058,2026-02-28
54083,2025,WV,0.657328990228013,0.6444154998371866,0.6508722450325999,True,True,True,True,164.0,1.0,0.9163673678809646,2026-02-28
54085,2025,WV,0.657328990228013,0.22663627482904591,0.4419826325285295,True,True,True,True,739.0,2.0,0.6213442791174961,2026-02-28
54087,2025,WV,0.657328990228013,0.19211983067404753,0.42472441045103027,True,True,True,True,801.0,3.0,0.5895330938943047,2026-02-28
54089,2025,WV,0.657328990228013,0.7648974275480299,0.7111132088880214,False,True,True,False,,,,2026-02-28
54091,2025,WV,0.657328990228013,0.8150439596222728,0.736186474925143,False,True,True,False,,,,2026-02-28
54093,2025,WV,0.657328990228013,0.3887984369912081,0.5230637136096106,True,True,True,True,475.0,2.0,0.7567983581323756,2026-02-28
54095,2025,WV,0.657328990228013,0.49430153044610875,0.5758152603370609,True,True,True,True,325.0,1.0,0.8337609030271934,2026-02-28
54097,2025,WV,0.657328990228013,0.760338651904917,0.7088338210664651,False,True,True,False,,,,2026-02-28
54099,2025,WV,0.657328990228013,0.516118528166721,0.5867237591973671,True,True,True,True,298.0,1.0,0.8476141611082606,2026-02-28
54101,2025,WV,0.657328990228013,0.05600781504395962,0.3566684026359863,True,True,True,True,1016.0,3.0,0.47922011287839916,2026-02-28
54103,2025,WV,0.657328990228013,0.28329534353630736,0.4703121668821602,True,True,True,True,638.0,2.0,0.6731657260133401,2026-02-28
54105,2025,WV,0.657328990228013,0.3253012048192771,0.4913150975236451,True,True,True,True,580.0,2.0,0.7029245767060031,2026-02-28
54107,2025,WV,0.657328990228013,0.5919895799413871,0.6246592850847001,True,True,True,True,219.0,1.0,0.888147768086198,2026-02-28
54109,2025,WV,0.657328990228013,0.053402800390752195,0.3553658953093826,True,True,True,True,1024.0,3.0,0.4751154438173422,2026-02-28
55001,2025,WI,0.9486970684039088,0.9876261803972647,0.9681616244005867,False,True,True,False,,,,2026-02-28
55003,2025,WI,0.9486970684039088,0.3161836535330511,0.6324403609684799,True,True,True,True,203.0,1.0,0.896357106208312,2026-02-28
55005,2025,WI,0.9486970684039088,0.8603060892217519,0.9045015788128303,False,True,True,False,,,,2026-02-28
55007,2025,WI,0.9486970684039088,0.5125366330185608,0.7306168507112347,True,True,True,True,45.0,1.0,0.9774243201641868,2026-02-28
55009,2025,WI,0.9486970684039088,0.9752523607945295,0.9619747145992191,False,True,True,False,,,,2026-02-28
55011,2025,WI,0.9486970684039088,0.8948225333767502,0.9217598008903295,False,True,True,False,,,,2026-02-28
55013,2025,WI,0.9486970684039088,0.8739824161510908,0.9113397422774998,False,True,True,False,,,,2026-02-28
55015,2025,WI,0.9486970684039088,0.9850211657440573,0.9668591170739831,False,True,True,False,,,,2026-02-28
55017,2025,WI,0.9486970684039088,0.8817974601107131,0.915247264257311,False,True,True,False,,,,2026-02-28
55019,2025,WI,0.9486970684039088,0.9641810485183979,0.9564390584611533,False,True,True,False,,,,2026-02-28
55021,2025,WI,0.9486970684039088,0.950504721589059,0.9496008949964838,False,True,True,False,,,,2026-02-28
55023,2025,WI,0.9486970684039088,0.9384565288179746,0.9435767986109417,False,True,True,False,,,,2026-02-28
55025,2025,WI,0.9486970684039088,0.8563985672419407,0.9025478178229247,False,True,True,False,,,,2026-02-28
55027,2025,WI,0.9486970684039088,0.9856724194073592,0.967184743905634,False,True,True,False,,,,2026-02-28
55029,2025,WI,0.9486970684039088,0.8674698795180723,0.9080834739609905,False,True,True,False,,,,2026-02-28
55031,2025,WI,0.9486970684039088,0.8495604037772713,0.89912873609059,False,True,True,False,,,,2026-02-28
55033,2025,WI,0.9486970684039088,0.6978183002279388,0.8232576843159238,False,True,True,False,,,,2026-02-28
55035,2025,WI,0.9486970684039088,0.68772386844676,0.8182104684253344,False,True,True,False,,,,2026-02-28
55037,2025,WI,0.9486970684039088,0.78248127645718,0.8655891724305445,False,True,True,False,,,,2026-02-28
55039,2025,WI,0.9486970684039088,0.9599478997069358,0.9543224840554223,False,True,True,False,,,,2026-02-28
55041,2025,WI,0.9486970684039088,0.7538261152718984,0.8512615918379036,False,True,True,False,,,,2026-02-28
55043,2025,WI,0.9486970684039088,0.7850862911103875,0.8668916797571482,False,True,True,False,,,,2026-02-28
55045,2025,WI,0.9486970684039088,0.9352002605014653,0.9419486644526871,False,True,True,False,,,,2026-02-28
55047,2025,WI,0.9486970684039088,0.8427222403126018,0.8957096543582552,False,True,True,False,,,,2026-02-28
55049,2025,WI,0.9486970684039088,0.8804949527841094,0.9145960105940091,False,True,True,False,,,,2026-02-28
55051,2025,WI,0.9486970684039088,0.39433409312927387,0.6715155807665913,True,True,True,True,136.0,1.0,0.930733709594664,2026-02-28
55053,2025,WI,0.9486970684039088,0.9013350700097688,0.9250160692068388,False,True,True,False,,,,2026-02-28
55055,2025,WI,0.9486970684039088,0.9260827092152394,0.9373898888095741,False,True,True,False,,,,2026-02-28
55057,2025,WI,0.9486970684039088,0.9846955389124064,0.9666963036581575,False,True,True,False,,,,2026-02-28
55059,2025,WI,0.9486970684039088,0.9511559752523608,0.9499265218281348,False,True,True,False,,,,2026-02-28
55061,2025,WI,0.9486970684039088,0.9570172582220775,0.9528571633129932,False,True,True,False,,,,2026-02-28
55063,2025,WI,0.9486970684039088,0.7355910126994465,0.8421440405516776,False,True,True,False,,,,2026-02-28
55065,2025,WI,0.9486970684039088,0.9397590361445783,0.9442280522742436,False,True,True,False,,,,2026-02-28
55067,2025,WI,0.9486970684039088,0.9807880169325952,0.964742542668252,False,True,True,False,,,,2026-02-28
55069,2025,WI,0.9486970684039088,0.82806903288831,0.8883830506461095,False,True,True,False,,,,2026-02-28
55071,2025,WI,0.9486970684039088,0.9964181048518398,0.9725575866278743,False,True,True,False,,,,2026-02-28
55073,2025,WI,0.9486970684039088,0.995115597525236,0.9719063329645724,False,True,True,False,,,,2026-02-28
55075,2025,WI,0.9486970684039088,0.9882774340605666,0.9684872512322377,False,True,True,False,,,,2026-02-28
55077,2025,WI,0.9486970684039088,0.9788342559426897,0.9637656621732993,False,True,True,False,,,,2026-02-28
55078,2025,WI,0.9486970684039088,0.8479322696190166,0.8983146690114627,False,True,True,False,,,,2026-02-28
55079,2025,WI,0.9486970684039088,0.9492022142624552,0.9489496413331819,False,False,True,False,,,,2026-02-28
55081,2025,WI,0.9486970684039088,0.8909150113969391,0.919806039900424,False,True,True,False,,,,2026-02-28
55083,2025,WI,0.9486970684039088,0.9918593292087268,0.9702781988063178,False,True,True,False,,,,2026-02-28
55085,2025,WI,0.9486970684039088,0.5649625529143601,0.7568298106591345,True,True,True,True,29.0,1.0,0.9856336582863007,2026-02-28
55087,2025,WI,0.9486970684039088,0.9775317486160859,0.9631144085099974,False,True,True,False,,,,2026-02-28
55089,2025,WI,0.9486970684039088,0.8345815695213286,0.8916393189626186,False,True,True,False,,,,2026-02-28
55091,2025,WI,0.9486970684039088,0.9902311950504722,0.9694641317271905,False,True,True,False,,,,2026-02-28
55093,2025,WI,0.9486970684039088,0.5206773038098339,0.7346871861068713,True,True,True,True,42.0,1.0,0.9789635710620831,2026-02-28
55095,2025,WI,0.9486970684039088,0.6408336046890264,0.7947653365464675,True,True,True,True,5.0,1.0,0.9979476654694716,2026-02-28
55097,2025,WI,0.9486970684039088,0.9811136437642461,0.9649053560840775,False,True,True,False,,,,2026-02-28
55099,2025,WI,0.9486970684039088,0.7668511885379355,0.8577741284709222,False,True,True,False,,,,2026-02-28
55101,2025,WI,0.9486970684039088,0.9078476066427874,0.9282723375233481,False,True,True,False,,,,2026-02-28
55103,2025,WI,0.9486970684039088,0.9947899706935851,0.9717435195487469,False,True,True,False,,,,2026-02-28
55105,2025,WI,0.9486970684039088,0.9801367632692934,0.9644169158366012,False,True,True,False,,,,2026-02-28
55107,2025,WI,0.9486970684039088,0.6356235753826115,0.7921603218932601,True,True,True,True,6.0,1.0,0.9974345818368394,2026-02-28
55109,2025,WI,0.9486970684039088,0.5014653207424292,0.725081194573169,True,True,True,True,58.0,1.0,0.9707542329399692,2026-02-28
55111,2025,WI,0.9486970684039088,0.6903288830999674,0.8195129757519382,False,True,True,False,,,,2026-02-28
55113,2025,WI,0.9486970684039088,0.3995441224356887,0.6741205954197987,True,True,True,True,132.0,1.0,0.9327860441251924,2026-02-28
55115,2025,WI,0.9486970684039088,0.9986974926733962,0.9736972805386526,False,True,True,False,,,,2026-02-28
55117,2025,WI,0.9486970684039088,0.9960924780201889,0.9723947732120488,False,True,True,False,,,,2026-02-28
55119,2025,WI,0.9486970684039088,0.330185607294041,0.6394413378489749,True,True,True,True,182.0,1.0,0.9071318624935865,2026-02-28
55121,2025,WI,0.9486970684039088,0.9586453923803321,0.9536712303921204,False,True,True,False,,,,2026-02-28
55123,2025,WI,0.9486970684039088,0.46271572777596875,0.7057063980899387,True,True,True,True,87.0,1.0,0.9558748075936377,2026-02-28
55125,2025,WI,0.9486970684039088,0.507000976880495,0.7278490226422019,True,True,True,True,52.0,1.0,0.9738327347357619,2026-02-28
55127,2025,WI,0.9486970684039088,0.7642461738847282,0.8564716211443184,False,True,True,False,,,,2026-02-28
55129,2025,WI,0.9486970684039088,0.6346466948876588,0.7916718816457837,True,True,True,True,8.0,1.0,0.9964084145715751,2026-02-28
55131,2025,WI,0.9486970684039088,0.9449690654509931,0.946833066927451,False,True,True,False,,,,2026-02-28
55133,2025,WI,0.9486970684039088,0.9208726799088245,0.9347848741563667,False,True,True,False,,,,2026-02-28
55135,2025,WI,0.9486970684039088,0.9794855096059916,0.9640912890049502,False,True,True,False,,,,2026-02-28
55137,2025,WI,0.9486970684039088,0.9824161510908499,0.9655566097473793,False,True,True,False,,,,2026-02-28
55139,2025,WI,0.9486970684039088,0.9433409312927385,0.9460189998483237,False,True,True,False,,,,2026-02-28
55141,2025,WI,0.9486970684039088,0.9899055682188213,0.969301318311365,False,True,True,False,,,,2026-02-28
56001,2025,WY,0.6068403908794788,0.5991533702377075,0.6029968805585932,True,True,True,True,261.0,1.0,0.8665982555156491,2026-02-28
56003,2025,WY,0.6068403908794788,0.836860957342885,0.7218506741111819,False,True,True,False,,,,2026-02-28
56005,2025,WY,0.6068403908794788,0.5861282969716705,0.5964843439255747,True,True,True,True,276.0,1.0,0.8589020010261673,2026-02-28
56007,2025,WY,0.6068403908794788,0.4545750569846955,0.5307077239320872,True,True,True,True,450.0,2.0,0.7696254489481785,2026-02-28
56009,2025,WY,0.6068403908794788,0.6659068707261478,0.6363736308028134,True,True,True,True,193.0,1.0,0.9014879425346332,2026-02-28
56011,2025,WY,0.6068403908794788,0.7714099641810486,0.6891251775302637,False,True,True,False,,,,2026-02-28
56013,2025,WY,0.6068403908794788,0.4913708889612504,0.5491056399203647,True,True,True,True,394.0,2.0,0.7983581323755772,2026-02-28
56015,2025,WY,0.6068403908794788,0.5978508629111039,0.6023456268952914,True,True,True,True,263.0,1.0,0.8655720882503848,2026-02-28
56017,2025,WY,0.6068403908794788,0.7368935200260501,0.6718669554527645,False,True,True,False,,,,2026-02-28
56019,2025,WY,0.6068403908794788,0.4786714425268642,0.5427559167031715,True,True,True,True,408.0,2.0,0.7911749615187276,2026-02-28
56021,2025,WY,0.6068403908794788,0.4656463692608271,0.5362433800701529,True,True,True,True,424.0,2.0,0.7829656233966137,2026-02-28
56023,2025,WY,0.6068403908794788,0.4897427548029958,0.5482915728412373,True,True,True,True,398.0,2.0,0.7963057978450487,2026-02-28
56025,2025,WY,0.6068403908794788,0.7215890589384565,0.6642147249089676,False,True,True,False,,,,2026-02-28
56027,2025,WY,0.6068403908794788,0.4558775643112993,0.5313589775953891,True,True,True,True,444.0,2.0,0.7727039507439712,2026-02-28
56029,2025,WY,0.6068403908794788,0.6173884728101595,0.6121144318448192,True,True,True,True,242.0,1.0,0.8763468445356594,2026-02-28
56031,2025,WY,0.6068403908794788,0.5737544773689351,0.590297434124207,True,True,True,True,287.0,1.0,0.8532580810672139,2026-02-28
56033,2025,WY,0.6068403908794788,0.4760664278736568,0.5414534093765678,True,True,True,True,410.0,2.0,0.7901487942534633,2026-02-28
56035,2025,WY,0.6068403908794788,0.8046239010094431,0.705732145944461,False,True,True,False,,,,2026-02-28
56037,2025,WY,0.6068403908794788,0.7264734614132204,0.6666569261463496,False,True,True,False,,,,2026-02-28
56039,2025,WY,0.6068403908794788,0.5516118528166721,0.5792261218480754,True,True,True,True,314.0,1.0,0.8394048229861467,2026-02-28
56041,2025,WY,0.6068403908794788,0.6193422338000651,0.613091312339772,True,True,True,True,239.0,1.0,0.8778860954335557,2026-02-28
56043,2025,WY,0.6068403908794788,0.8502116574405731,0.728526024160026,False,True,True,False,,,,2026-02-28
56045,2025,WY,0.6068403908794788,0.3819602735265386,0.4944003322030087,True,True,True,True,567.0,2.0,0.7095946639302206,2026-02-28
